variant,panel,model,target_month,prediction,actual,error,absolute_error,squared_error,training_end,feature_cutoff,selected_strength,realtime_status
twentieth,union,ridge,2023-11,-0.3011048196708087,-0.3,-0.001104819670808721,0.001104819670808721,1.2206265050058906e-06,2023-10,2023-11-24T01:30:00+00:00,25.0,pseudo_real_time
twentieth,union,ridge,2023-12,-0.10114031155645037,-0.3,0.19885968844354962,0.19885968844354962,0.03954517568786562,2023-11,2023-12-24T01:30:00+00:00,25.0,pseudo_real_time
twentieth,union,ridge,2024-01,-0.3249945671466029,-0.2,-0.1249945671466029,0.1249945671466029,0.015623641816166621,2023-12,2024-01-24T01:30:00+00:00,25.0,pseudo_real_time
twentieth,union,ridge,2024-04,-0.028886018299167204,-0.2,0.1711139817008328,0.1711139817008328,0.029279994733512945,2024-01,2024-04-24T01:30:00+00:00,25.0,pseudo_real_time
twentieth,union,ridge,2024-05,-0.1624825083969105,0.2,-0.36248250839691054,0.36248250839691054,0.1313935688937163,2024-04,2024-05-24T01:30:00+00:00,25.0,pseudo_real_time
twentieth,union,ridge,2024-06,0.13334369645560684,0.1,0.033343696455606836,0.033343696455606836,0.001111802093323648,2024-05,2024-06-24T01:30:00+00:00,25.0,pseudo_real_time
twentieth,union,ridge,2024-07,-0.004640729982929304,-0.2,0.1953592700170707,0.1953592700170707,0.03816524438160274,2024-06,2024-07-24T01:30:00+00:00,25.0,pseudo_real_time
twentieth,union,ridge,2024-08,-0.5457870975963214,-0.7,0.15421290240367858,0.15421290240367858,0.023781619267766493,2024-07,2024-08-24T01:30:00+00:00,25.0,pseudo_real_time
twentieth,union,ridge,2024-09,-0.45750268626446894,-0.6,0.14249731373553104,0.14249731373553104,0.020305484421842362,2024-08,2024-09-24T01:30:00+00:00,25.0,pseudo_real_time
twentieth,union,ridge,2024-10,0.1996514269809075,-0.1,0.2996514269809075,0.2996514269809075,0.08979097769169415,2024-09,2024-10-24T01:30:00+00:00,25.0,pseudo_real_time
twentieth,union,ridge,2024-11,-0.2154130326284012,-0.1,-0.11541303262840119,0.11541303262840119,0.013320168100484397,2024-10,2024-11-24T01:30:00+00:00,25.0,pseudo_real_time
twentieth,union,ridge,2024-12,-0.03221394912315567,-0.1,0.06778605087684433,0.06778605087684433,0.004594948693478129,2024-11,2024-12-24T01:30:00+00:00,25.0,pseudo_real_time
twentieth,union,ridge,2025-01,-0.3384427163067485,-0.2,-0.13844271630674848,0.13844271630674848,0.019166385698390843,2024-12,2025-01-24T01:30:00+00:00,25.0,pseudo_real_time
twentieth,union,ridge,2025-02,-0.16169617437826644,-0.1,-0.06169617437826644,0.06169617437826644,0.0038064179329134603,2025-01,2025-02-24T01:30:00+00:00,25.0,pseudo_real_time
twentieth,union,ridge,2025-03,-0.049835952229107236,-0.4,0.3501640477708928,0.3501640477708928,0.12261486035129608,2025-02,2025-03-24T01:30:00+00:00,25.0,pseudo_real_time
twentieth,union,ridge,2025-04,-0.585873743750567,-0.4,-0.18587374375056698,0.18587374375056698,0.03454904861585144,2025-03,2025-04-24T01:30:00+00:00,25.0,pseudo_real_time
twentieth,union,ridge,2025-05,-0.4668374079158988,-0.4,-0.06683740791589876,0.06683740791589876,0.004467239096916246,2025-04,2025-05-24T01:30:00+00:00,25.0,pseudo_real_time
twentieth,union,ridge,2025-06,-0.2795494365352057,-0.4,0.12045056346479432,0.12045056346479432,0.014508338238986446,2025-05,2025-06-24T01:30:00+00:00,25.0,pseudo_real_time
twentieth,union,ridge,2025-07,-0.27267492702457674,-0.2,-0.07267492702457673,0.07267492702457673,0.005281645018027553,2025-06,2025-07-24T01:30:00+00:00,25.0,pseudo_real_time
twentieth,union,ridge,2025-08,0.0669280055794233,0.0,0.0669280055794233,0.0669280055794233,0.004479357930839316,2025-07,2025-08-24T01:30:00+00:00,25.0,pseudo_real_time
twentieth,union,ridge,2025-09,-0.2958230054833264,0.1,-0.3958230054833264,0.3958230054833264,0.15667585166985343,2025-08,2025-09-24T01:30:00+00:00,25.0,pseudo_real_time
twentieth,union,ridge,2025-10,-0.15303059102348174,0.1,-0.25303059102348174,0.25303059102348174,0.06402447999369248,2025-09,2025-10-24T01:30:00+00:00,25.0,pseudo_real_time
twentieth,union,ridge,2025-11,0.2560010392334561,0.1,0.15600103923345607,0.15600103923345607,0.0243363242419183,2025-10,2025-11-24T01:30:00+00:00,25.0,pseudo_real_time
twentieth,union,ridge,2025-12,-0.12228155087835911,0.2,-0.32228155087835914,0.32228155087835914,0.10386539803656039,2025-11,2025-12-24T01:30:00+00:00,25.0,pseudo_real_time
twentieth,union,ridge,2026-01,-0.3948678368879331,0.4,-0.7948678368879332,0.7948678368879332,0.6318148781189019,2025-12,2026-01-24T01:30:00+00:00,25.0,pseudo_real_time
twentieth,union,ridge,2026-04,0.738426835516337,1.7,-0.9615731644836629,0.9615731644836629,0.9246229506551255,2026-01,2026-04-24T01:30:00+00:00,25.0,pseudo_real_time
twentieth,union,ridge,2026-05,1.2048029324614826,0.5,0.7048029324614826,0.7048029324614826,0.4967471736063052,2026-04,2026-05-24T01:30:00+00:00,25.0,pseudo_real_time
twentieth,union,ridge,2026-06,1.9263183604274134,-0.3,2.2263183604274133,2.2263183604274133,4.956493441976206,2026-05,2026-06-24T01:30:00+00:00,25.0,pseudo_real_time
twentieth,union,ridge,2026-07,0.8202453050516791,-0.7,1.520245305051679,1.520245305051679,2.311145787531673,2026-06,2026-07-24T01:30:00+00:00,25.0,pseudo_real_time
twentieth,union,ridge,2026-08,-0.12077910891704084,0.4,-0.5207791089170408,0.5207791089170408,0.2712108802844271,2026-07,2026-08-24T01:30:00+00:00,25.0,pseudo_real_time
twentieth,union,histgb,2023-11,-0.5450073420960313,-0.3,-0.2450073420960313,0.2450073420960313,0.060028597680961714,2023-10,2023-11-24T01:30:00+00:00,25.0,pseudo_real_time
twentieth,union,histgb,2023-12,-0.4264772398175553,-0.3,-0.12647723981755532,0.12647723981755532,0.0159964921918674,2023-11,2023-12-24T01:30:00+00:00,25.0,pseudo_real_time
twentieth,union,histgb,2024-01,-0.2939969797778996,-0.2,-0.09399697977789961,0.09399697977789961,0.00883543220736687,2023-12,2024-01-24T01:30:00+00:00,25.0,pseudo_real_time
twentieth,union,histgb,2024-04,-0.17000444238299853,-0.2,0.029995557617001484,0.029995557617001484,0.0008997334767548558,2024-01,2024-04-24T01:30:00+00:00,25.0,pseudo_real_time
twentieth,union,histgb,2024-05,-0.12579337691975356,0.2,-0.3257933769197536,0.3257933769197536,0.10614132444477663,2024-04,2024-05-24T01:30:00+00:00,25.0,pseudo_real_time
twentieth,union,histgb,2024-06,0.014562850710136223,0.1,-0.08543714928986379,0.08543714928986379,0.0072995064787784725,2024-05,2024-06-24T01:30:00+00:00,25.0,pseudo_real_time
twentieth,union,histgb,2024-07,0.17930799508658513,-0.2,0.37930799508658514,0.37930799508658514,0.14387455513660488,2024-06,2024-07-24T01:30:00+00:00,25.0,pseudo_real_time
twentieth,union,histgb,2024-08,-0.328657208627899,-0.7,0.37134279137210097,0.37134279137210097,0.1378954687040237,2024-07,2024-08-24T01:30:00+00:00,25.0,pseudo_real_time
twentieth,union,histgb,2024-09,-0.1156219325634251,-0.6,0.48437806743657486,0.48437806743657486,0.23462211221359106,2024-08,2024-09-24T01:30:00+00:00,25.0,pseudo_real_time
twentieth,union,histgb,2024-10,-0.20973526084146507,-0.1,-0.10973526084146507,0.10973526084146507,0.012041827471944376,2024-09,2024-10-24T01:30:00+00:00,25.0,pseudo_real_time
twentieth,union,histgb,2024-11,-0.5527696085632401,-0.1,-0.4527696085632401,0.4527696085632401,0.20500031843850966,2024-10,2024-11-24T01:30:00+00:00,25.0,pseudo_real_time
twentieth,union,histgb,2024-12,-0.5325516515350309,-0.1,-0.43255165153503095,0.43255165153503095,0.18710093124568283,2024-11,2024-12-24T01:30:00+00:00,25.0,pseudo_real_time
twentieth,union,histgb,2025-01,0.13718920579102586,-0.2,0.33718920579102585,0.33718920579102585,0.11369656050198278,2024-12,2025-01-24T01:30:00+00:00,25.0,pseudo_real_time
twentieth,union,histgb,2025-02,-0.12658516041028448,-0.1,-0.02658516041028447,0.02658516041028447,0.0007067707540405567,2025-01,2025-02-24T01:30:00+00:00,25.0,pseudo_real_time
twentieth,union,histgb,2025-03,-0.39007068346757956,-0.4,0.009929316532420462,0.009929316532420462,9.859132680099831e-05,2025-02,2025-03-24T01:30:00+00:00,25.0,pseudo_real_time
twentieth,union,histgb,2025-04,-0.36134374709290645,-0.4,0.03865625290709357,0.03865625290709357,0.00149430588881718,2025-03,2025-04-24T01:30:00+00:00,25.0,pseudo_real_time
twentieth,union,histgb,2025-05,-0.19974540041298428,-0.4,0.20025459958701575,0.20025459958701575,0.040101904655756006,2025-04,2025-05-24T01:30:00+00:00,25.0,pseudo_real_time
twentieth,union,histgb,2025-06,-0.3351236956695415,-0.4,0.06487630433045855,0.06487630433045855,0.004208934863578274,2025-05,2025-06-24T01:30:00+00:00,25.0,pseudo_real_time
twentieth,union,histgb,2025-07,-0.2040784709320595,-0.2,-0.004078470932059486,0.004078470932059486,1.663392514365417e-05,2025-06,2025-07-24T01:30:00+00:00,5.0,pseudo_real_time
twentieth,union,histgb,2025-08,0.072889980667842,0.0,0.072889980667842,0.072889980667842,0.0053129492817583805,2025-07,2025-08-24T01:30:00+00:00,25.0,pseudo_real_time
twentieth,union,histgb,2025-09,-0.2499903789754316,0.1,-0.3499903789754316,0.3499903789754316,0.12249326537536624,2025-08,2025-09-24T01:30:00+00:00,25.0,pseudo_real_time
twentieth,union,histgb,2025-10,-0.4443524542850245,0.1,-0.5443524542850245,0.5443524542850245,0.2963195944861297,2025-09,2025-10-24T01:30:00+00:00,25.0,pseudo_real_time
twentieth,union,histgb,2025-11,-0.21687309624631917,0.1,-0.3168730962463192,0.3168730962463192,0.10040855912472908,2025-10,2025-11-24T01:30:00+00:00,25.0,pseudo_real_time
twentieth,union,histgb,2025-12,0.011851556928631764,0.2,-0.18814844307136824,0.18814844307136824,0.0353998366301799,2025-11,2025-12-24T01:30:00+00:00,25.0,pseudo_real_time
twentieth,union,histgb,2026-01,-0.23135071192912146,0.4,-0.6313507119291215,0.6313507119291215,0.39860372145340855,2025-12,2026-01-24T01:30:00+00:00,25.0,pseudo_real_time
twentieth,union,histgb,2026-04,0.11888519989096907,1.7,-1.581114800109031,1.581114800109031,2.499924011123821,2026-01,2026-04-24T01:30:00+00:00,25.0,pseudo_real_time
twentieth,union,histgb,2026-05,-0.028863604826370553,0.5,-0.5288636048263705,0.5288636048263705,0.2796967125099434,2026-04,2026-05-24T01:30:00+00:00,25.0,pseudo_real_time
twentieth,union,histgb,2026-06,0.1553026020058689,-0.3,0.4553026020058689,0.4553026020058689,0.20730045939331468,2026-05,2026-06-24T01:30:00+00:00,25.0,pseudo_real_time
twentieth,union,histgb,2026-07,0.09622474485916767,-0.7,0.7962247448591676,0.7962247448591676,0.6339738443260465,2026-06,2026-07-24T01:30:00+00:00,25.0,pseudo_real_time
twentieth,union,histgb,2026-08,-0.04011270492679091,0.4,-0.44011270492679094,0.44011270492679094,0.19369919303797656,2026-07,2026-08-24T01:30:00+00:00,25.0,pseudo_real_time
twentieth,union,xgboost,2023-11,-0.4313613474369049,-0.3,-0.13136134743690492,0.13136134743690492,0.017255803600439247,2023-10,2023-11-24T01:30:00+00:00,5.0,pseudo_real_time
twentieth,union,xgboost,2023-12,-0.2809430956840515,-0.3,0.019056904315948475,0.019056904315948475,0.00036316560210721563,2023-11,2023-12-24T01:30:00+00:00,5.0,pseudo_real_time
twentieth,union,xgboost,2024-01,-0.34388837218284607,-0.2,-0.14388837218284606,0.14388837218284606,0.02070386364942923,2023-12,2024-01-24T01:30:00+00:00,25.0,pseudo_real_time
twentieth,union,xgboost,2024-04,-0.16774754226207733,-0.2,0.03225245773792268,0.03225245773792268,0.0010402210301364886,2024-01,2024-04-24T01:30:00+00:00,25.0,pseudo_real_time
twentieth,union,xgboost,2024-05,-0.10370304435491562,0.2,-0.30370304435491563,0.30370304435491563,0.09223553915044386,2024-04,2024-05-24T01:30:00+00:00,25.0,pseudo_real_time
twentieth,union,xgboost,2024-06,0.13238655030727386,0.1,0.03238655030727386,0.03238655030727386,0.0010488886408055805,2024-05,2024-06-24T01:30:00+00:00,25.0,pseudo_real_time
twentieth,union,xgboost,2024-07,-0.0013538540806621313,-0.2,0.19864614591933788,0.19864614591933788,0.039460291288606876,2024-06,2024-07-24T01:30:00+00:00,25.0,pseudo_real_time
twentieth,union,xgboost,2024-08,-0.3910350799560547,-0.7,0.30896492004394527,0.30896492004394527,0.0954593218177615,2024-07,2024-08-24T01:30:00+00:00,25.0,pseudo_real_time
twentieth,union,xgboost,2024-09,-0.1536366045475006,-0.6,0.44636339545249937,0.44636339545249937,0.19924028079988435,2024-08,2024-09-24T01:30:00+00:00,25.0,pseudo_real_time
twentieth,union,xgboost,2024-10,-0.24985599517822266,-0.1,-0.14985599517822265,0.14985599517822265,0.022456819290855492,2024-09,2024-10-24T01:30:00+00:00,25.0,pseudo_real_time
twentieth,union,xgboost,2024-11,-0.4533904492855072,-0.1,-0.3533904492855072,0.3533904492855072,0.12488480964621265,2024-10,2024-11-24T01:30:00+00:00,25.0,pseudo_real_time
twentieth,union,xgboost,2024-12,-0.3114262819290161,-0.1,-0.2114262819290161,0.2114262819290161,0.0447010726903278,2024-11,2024-12-24T01:30:00+00:00,25.0,pseudo_real_time
twentieth,union,xgboost,2025-01,0.047369807958602905,-0.2,0.24736980795860292,0.24736980795860292,0.061191821889476083,2024-12,2025-01-24T01:30:00+00:00,25.0,pseudo_real_time
twentieth,union,xgboost,2025-02,-0.07924096286296844,-0.1,0.02075903713703156,0.02075903713703156,0.0004309376228566555,2025-01,2025-02-24T01:30:00+00:00,25.0,pseudo_real_time
twentieth,union,xgboost,2025-03,-0.15619148313999176,-0.4,0.24380851686000826,0.24380851686000826,0.059442592893476934,2025-02,2025-03-24T01:30:00+00:00,25.0,pseudo_real_time
twentieth,union,xgboost,2025-04,-0.2187517136335373,-0.4,0.18124828636646273,0.18124828636646273,0.03285094131077928,2025-03,2025-04-24T01:30:00+00:00,25.0,pseudo_real_time
twentieth,union,xgboost,2025-05,-0.2095329314470291,-0.4,0.1904670685529709,0.1904670685529709,0.03627770420316212,2025-04,2025-05-24T01:30:00+00:00,25.0,pseudo_real_time
twentieth,union,xgboost,2025-06,-0.30101901292800903,-0.4,0.09898098707199099,0.09898098707199099,0.009797235801745647,2025-05,2025-06-24T01:30:00+00:00,25.0,pseudo_real_time
twentieth,union,xgboost,2025-07,-0.17209558188915253,-0.2,0.027904418110847484,0.027904418110847484,0.0007786565501049931,2025-06,2025-07-24T01:30:00+00:00,25.0,pseudo_real_time
twentieth,union,xgboost,2025-08,0.06533057987689972,0.0,0.06533057987689972,0.06533057987689972,0.0042680846670519745,2025-07,2025-08-24T01:30:00+00:00,25.0,pseudo_real_time
twentieth,union,xgboost,2025-09,-0.29091495275497437,0.1,-0.39091495275497434,0.39091495275497434,0.15281450028742383,2025-08,2025-09-24T01:30:00+00:00,5.0,pseudo_real_time
twentieth,union,xgboost,2025-10,-0.37906599044799805,0.1,-0.479065990447998,0.479065990447998,0.22950422320392133,2025-09,2025-10-24T01:30:00+00:00,25.0,pseudo_real_time
twentieth,union,xgboost,2025-11,0.1396769881248474,0.1,0.03967698812484741,0.03967698812484741,0.001574263386659282,2025-10,2025-11-24T01:30:00+00:00,5.0,pseudo_real_time
twentieth,union,xgboost,2025-12,-0.012440397404134274,0.2,-0.21244039740413428,0.21244039740413428,0.04513092244922651,2025-11,2025-12-24T01:30:00+00:00,5.0,pseudo_real_time
twentieth,union,xgboost,2026-01,-0.1670994609594345,0.4,-0.5670994609594345,0.5670994609594345,0.3216017986204812,2025-12,2026-01-24T01:30:00+00:00,25.0,pseudo_real_time
twentieth,union,xgboost,2026-04,0.28633517026901245,1.7,-1.4136648297309875,1.4136648297309875,1.9984482508183419,2026-01,2026-04-24T01:30:00+00:00,5.0,pseudo_real_time
twentieth,union,xgboost,2026-05,-0.07702843844890594,0.5,-0.577028438448906,0.577028438448906,0.33296181877878284,2026-04,2026-05-24T01:30:00+00:00,25.0,pseudo_real_time
twentieth,union,xgboost,2026-06,0.28939273953437805,-0.3,0.5893927395343781,0.5893927395343781,0.34738380141583924,2026-05,2026-06-24T01:30:00+00:00,5.0,pseudo_real_time
twentieth,union,xgboost,2026-07,0.10644911229610443,-0.7,0.8064491122961044,0.8064491122961044,0.6503601707231748,2026-06,2026-07-24T01:30:00+00:00,25.0,pseudo_real_time
twentieth,union,xgboost,2026-08,-0.03537173941731453,0.4,-0.43537173941731455,0.43537173941731455,0.18954855148325805,2026-07,2026-08-24T01:30:00+00:00,25.0,pseudo_real_time
twentieth,union,catboost,2023-11,-0.34427435486522895,-0.3,-0.04427435486522896,0.04427435486522896,0.001960218498732223,2023-10,2023-11-24T01:30:00+00:00,25.0,pseudo_real_time
twentieth,union,catboost,2023-12,-0.19553263960679243,-0.3,0.10446736039320756,0.10446736039320756,0.010913429387524312,2023-11,2023-12-24T01:30:00+00:00,25.0,pseudo_real_time
twentieth,union,catboost,2024-01,-0.277012321707326,-0.2,-0.07701232170732597,0.07701232170732597,0.005930897694752671,2023-12,2024-01-24T01:30:00+00:00,25.0,pseudo_real_time
twentieth,union,catboost,2024-04,-0.05364740600746007,-0.2,0.14635259399253994,0.14635259399253994,0.021419081768345238,2024-01,2024-04-24T01:30:00+00:00,25.0,pseudo_real_time
twentieth,union,catboost,2024-05,-0.21410809821752125,0.2,-0.41410809821752126,0.41410809821752126,0.17148551700933223,2024-04,2024-05-24T01:30:00+00:00,25.0,pseudo_real_time
twentieth,union,catboost,2024-06,-0.032792293314695006,0.1,-0.132792293314695,0.132792293314695,0.01763379316377599,2024-05,2024-06-24T01:30:00+00:00,25.0,pseudo_real_time
twentieth,union,catboost,2024-07,0.018774208834148848,-0.2,0.21877420883414886,0.21877420883414886,0.04786215445100778,2024-06,2024-07-24T01:30:00+00:00,25.0,pseudo_real_time
twentieth,union,catboost,2024-08,-0.31616902144966597,-0.7,0.383830978550334,0.383830978550334,0.14732622009490695,2024-07,2024-08-24T01:30:00+00:00,25.0,pseudo_real_time
twentieth,union,catboost,2024-09,-0.1358994298586566,-0.6,0.46410057014134337,0.46410057014134337,0.21538933920551998,2024-08,2024-09-24T01:30:00+00:00,25.0,pseudo_real_time
twentieth,union,catboost,2024-10,-0.22157663405536318,-0.1,-0.12157663405536318,0.12157663405536318,0.014780877948231692,2024-09,2024-10-24T01:30:00+00:00,25.0,pseudo_real_time
twentieth,union,catboost,2024-11,-0.38959166680386476,-0.1,-0.2895916668038647,0.2895916668038647,0.0838633334822406,2024-10,2024-11-24T01:30:00+00:00,25.0,pseudo_real_time
twentieth,union,catboost,2024-12,-0.20233323664821137,-0.1,-0.10233323664821137,0.10233323664821137,0.01047209132289883,2024-11,2024-12-24T01:30:00+00:00,25.0,pseudo_real_time
twentieth,union,catboost,2025-01,-0.10319979379459537,-0.2,0.09680020620540464,0.09680020620540464,0.009370279921408858,2024-12,2025-01-24T01:30:00+00:00,25.0,pseudo_real_time
twentieth,union,catboost,2025-02,-0.17926605625342282,-0.1,-0.07926605625342281,0.07926605625342281,0.006283107673970789,2025-01,2025-02-24T01:30:00+00:00,25.0,pseudo_real_time
twentieth,union,catboost,2025-03,-0.10189177019852269,-0.4,0.29810822980147733,0.29810822980147733,0.08886851667537042,2025-02,2025-03-24T01:30:00+00:00,25.0,pseudo_real_time
twentieth,union,catboost,2025-04,-0.19929578538690415,-0.4,0.20070421461309587,0.20070421461309587,0.04028218176345964,2025-03,2025-04-24T01:30:00+00:00,25.0,pseudo_real_time
twentieth,union,catboost,2025-05,-0.20067364476804733,-0.4,0.1993263552319527,0.1993263552319527,0.03973099589005459,2025-04,2025-05-24T01:30:00+00:00,25.0,pseudo_real_time
twentieth,union,catboost,2025-06,-0.20189709641162862,-0.4,0.1981029035883714,0.1981029035883714,0.039244760410143575,2025-05,2025-06-24T01:30:00+00:00,25.0,pseudo_real_time
twentieth,union,catboost,2025-07,-0.15718949636365112,-0.2,0.04281050363634889,0.04281050363634889,0.0018327392215978415,2025-06,2025-07-24T01:30:00+00:00,25.0,pseudo_real_time
twentieth,union,catboost,2025-08,-0.010767785695410315,0.0,-0.010767785695410315,0.010767785695410315,0.000115945208782283,2025-07,2025-08-24T01:30:00+00:00,25.0,pseudo_real_time
twentieth,union,catboost,2025-09,-0.2132907546007263,0.1,-0.3132907546007263,0.3132907546007263,0.0981510969182925,2025-08,2025-09-24T01:30:00+00:00,25.0,pseudo_real_time
twentieth,union,catboost,2025-10,-0.24171423503071687,0.1,-0.34171423503071685,0.34171423503071685,0.11676861842262799,2025-09,2025-10-24T01:30:00+00:00,25.0,pseudo_real_time
twentieth,union,catboost,2025-11,-0.06362359429923306,0.1,-0.16362359429923307,0.16362359429923307,0.026772680611400014,2025-10,2025-11-24T01:30:00+00:00,25.0,pseudo_real_time
twentieth,union,catboost,2025-12,-0.1870911572998865,0.2,-0.3870911572998865,0.3870911572998865,0.14983956405976548,2025-11,2025-12-24T01:30:00+00:00,25.0,pseudo_real_time
twentieth,union,catboost,2026-01,-0.1705606238302157,0.4,-0.5705606238302157,0.5705606238302157,0.32553942546552483,2025-12,2026-01-24T01:30:00+00:00,25.0,pseudo_real_time
twentieth,union,catboost,2026-04,0.037018925272928715,1.7,-1.6629810747270712,1.6629810747270712,2.765506054900405,2026-01,2026-04-24T01:30:00+00:00,25.0,pseudo_real_time
twentieth,union,catboost,2026-05,0.1443340342562107,0.5,-0.3556659657437893,0.3556659657437893,0.1264982791884623,2026-04,2026-05-24T01:30:00+00:00,25.0,pseudo_real_time
twentieth,union,catboost,2026-06,0.1784535781324465,-0.3,0.4784535781324465,0.4784535781324465,0.22891782642774108,2026-05,2026-06-24T01:30:00+00:00,25.0,pseudo_real_time
twentieth,union,catboost,2026-07,0.0455180604350002,-0.7,0.7455180604350001,0.7455180604350001,0.5557971784347645,2026-06,2026-07-24T01:30:00+00:00,25.0,pseudo_real_time
twentieth,union,catboost,2026-08,0.13489679715048675,0.4,-0.2651032028495133,0.2651032028495133,0.07027970816107018,2026-07,2026-08-24T01:30:00+00:00,25.0,pseudo_real_time
twentieth,union,lightgbm,2023-11,-0.4504386360199667,-0.3,-0.1504386360199667,0.1504386360199667,0.022631783207548026,2023-10,2023-11-24T01:30:00+00:00,5.0,pseudo_real_time
twentieth,union,lightgbm,2023-12,-0.30191745362935124,-0.3,-0.0019174536293512512,0.0019174536293512512,3.6766284207122855e-06,2023-11,2023-12-24T01:30:00+00:00,25.0,pseudo_real_time
twentieth,union,lightgbm,2024-01,-0.27522614065488843,-0.2,-0.07522614065488842,0.07522614065488842,0.005658972237829056,2023-12,2024-01-24T01:30:00+00:00,25.0,pseudo_real_time
twentieth,union,lightgbm,2024-04,-0.1586025454786924,-0.2,0.04139745452130761,0.04139745452130761,0.0017137492408437318,2024-01,2024-04-24T01:30:00+00:00,25.0,pseudo_real_time
twentieth,union,lightgbm,2024-05,-0.2321628861318118,0.2,-0.4321628861318118,0.4321628861318118,0.18676476014977733,2024-04,2024-05-24T01:30:00+00:00,25.0,pseudo_real_time
twentieth,union,lightgbm,2024-06,0.07822452026321236,0.1,-0.021775479736787645,0.021775479736787645,0.00047417151776724933,2024-05,2024-06-24T01:30:00+00:00,25.0,pseudo_real_time
twentieth,union,lightgbm,2024-07,0.04948997003459465,-0.2,0.24948997003459467,0.24948997003459467,0.06224524514786294,2024-06,2024-07-24T01:30:00+00:00,25.0,pseudo_real_time
twentieth,union,lightgbm,2024-08,-0.334022878332295,-0.7,0.36597712166770496,0.36597712166770496,0.13393925358417813,2024-07,2024-08-24T01:30:00+00:00,25.0,pseudo_real_time
twentieth,union,lightgbm,2024-09,-0.14721442496863968,-0.6,0.4527855750313603,0.4527855750313603,0.2050147769564796,2024-08,2024-09-24T01:30:00+00:00,25.0,pseudo_real_time
twentieth,union,lightgbm,2024-10,-0.16713321080113244,-0.1,-0.06713321080113244,0.06713321080113244,0.004506867992469285,2024-09,2024-10-24T01:30:00+00:00,25.0,pseudo_real_time
twentieth,union,lightgbm,2024-11,-0.4545891756558636,-0.1,-0.35458917565586356,0.35458917565586356,0.12573348349230487,2024-10,2024-11-24T01:30:00+00:00,25.0,pseudo_real_time
twentieth,union,lightgbm,2024-12,-0.21679401442230053,-0.1,-0.11679401442230053,0.11679401442230053,0.013640841804876545,2024-11,2024-12-24T01:30:00+00:00,25.0,pseudo_real_time
twentieth,union,lightgbm,2025-01,0.11610591604081649,-0.2,0.3161059160408165,0.3161059160408165,0.09992295015600373,2024-12,2025-01-24T01:30:00+00:00,25.0,pseudo_real_time
twentieth,union,lightgbm,2025-02,-0.042342162623122175,-0.1,0.05765783737687783,0.05765783737687783,0.0033244262109784904,2025-01,2025-02-24T01:30:00+00:00,25.0,pseudo_real_time
twentieth,union,lightgbm,2025-03,-0.13595870324885417,-0.4,0.26404129675114585,0.26404129675114585,0.06971780639002666,2025-02,2025-03-24T01:30:00+00:00,25.0,pseudo_real_time
twentieth,union,lightgbm,2025-04,-0.257038128625287,-0.4,0.142961871374713,0.142961871374713,0.020438096666959983,2025-03,2025-04-24T01:30:00+00:00,25.0,pseudo_real_time
twentieth,union,lightgbm,2025-05,-0.2823178695085644,-0.4,0.11768213049143561,0.11768213049143561,0.013849083837003279,2025-04,2025-05-24T01:30:00+00:00,25.0,pseudo_real_time
twentieth,union,lightgbm,2025-06,-0.2649975739944983,-0.4,0.13500242600550172,0.13500242600550172,0.018225655027370967,2025-05,2025-06-24T01:30:00+00:00,25.0,pseudo_real_time
twentieth,union,lightgbm,2025-07,-0.22869299218802308,-0.2,-0.02869299218802307,0.02869299218802307,0.0008232878007019529,2025-06,2025-07-24T01:30:00+00:00,25.0,pseudo_real_time
twentieth,union,lightgbm,2025-08,0.012349566528329463,0.0,0.012349566528329463,0.012349566528329463,0.00015251179343763542,2025-07,2025-08-24T01:30:00+00:00,25.0,pseudo_real_time
twentieth,union,lightgbm,2025-09,-0.2779061569907648,0.1,-0.3779061569907648,0.3779061569907648,0.14281306349152856,2025-08,2025-09-24T01:30:00+00:00,25.0,pseudo_real_time
twentieth,union,lightgbm,2025-10,-0.2893394499591272,0.1,-0.38933944995912717,0.38933944995912717,0.1515852072944757,2025-09,2025-10-24T01:30:00+00:00,25.0,pseudo_real_time
twentieth,union,lightgbm,2025-11,0.15238551186946814,0.1,0.05238551186946813,0.05238551186946813,0.0027442418538261865,2025-10,2025-11-24T01:30:00+00:00,5.0,pseudo_real_time
twentieth,union,lightgbm,2025-12,-0.15918220972344205,0.2,-0.35918220972344206,0.35918220972344206,0.1290118597818147,2025-11,2025-12-24T01:30:00+00:00,25.0,pseudo_real_time
twentieth,union,lightgbm,2026-01,-0.23579724503497332,0.4,-0.6357972450349734,0.6357972450349734,0.40423813679406195,2025-12,2026-01-24T01:30:00+00:00,5.0,pseudo_real_time
twentieth,union,lightgbm,2026-04,0.03926674774442497,1.7,-1.6607332522555749,1.6607332522555749,2.758034935147379,2026-01,2026-04-24T01:30:00+00:00,25.0,pseudo_real_time
twentieth,union,lightgbm,2026-05,-0.09463093006669128,0.5,-0.5946309300666913,0.5946309300666913,0.3535859429919783,2026-04,2026-05-24T01:30:00+00:00,25.0,pseudo_real_time
twentieth,union,lightgbm,2026-06,0.1063261233499106,-0.3,0.4063261233499106,0.4063261233499106,0.16510091851656675,2026-05,2026-06-24T01:30:00+00:00,25.0,pseudo_real_time
twentieth,union,lightgbm,2026-07,0.10776816869632368,-0.7,0.8077681686963236,0.8077681686963236,0.6524894143590123,2026-06,2026-07-24T01:30:00+00:00,25.0,pseudo_real_time
twentieth,union,lightgbm,2026-08,0.02766068517405825,0.4,-0.3723393148259418,0.3723393148259418,0.13863656536505178,2026-07,2026-08-24T01:30:00+00:00,25.0,pseudo_real_time
twentieth,union,category_factor,2023-11,-0.26695004543432815,-0.3,0.033049954565671835,0.033049954565671835,0.0010922994967929726,2023-10,2023-11-24T01:30:00+00:00,25.0,pseudo_real_time
twentieth,union,category_factor,2023-12,-0.19456383214715436,-0.3,0.10543616785284562,0.10543616785284562,0.011116785491493437,2023-11,2023-12-24T01:30:00+00:00,25.0,pseudo_real_time
twentieth,union,category_factor,2024-01,-0.36199452057426695,-0.2,-0.16199452057426694,0.16199452057426694,0.026242224696086596,2023-12,2024-01-24T01:30:00+00:00,25.0,pseudo_real_time
twentieth,union,category_factor,2024-04,-0.09066260785482691,-0.2,0.1093373921451731,0.1093373921451731,0.011954665321107361,2024-01,2024-04-24T01:30:00+00:00,25.0,pseudo_real_time
twentieth,union,category_factor,2024-05,-0.088477276104658,0.2,-0.288477276104658,0.288477276104658,0.08321913882876308,2024-04,2024-05-24T01:30:00+00:00,25.0,pseudo_real_time
twentieth,union,category_factor,2024-06,0.051448721432214045,0.1,-0.04855127856778596,0.04855127856778596,0.0023572266505667524,2024-05,2024-06-24T01:30:00+00:00,25.0,pseudo_real_time
twentieth,union,category_factor,2024-07,-0.11562931706408752,-0.2,0.08437068293591249,0.08437068293591249,0.007118412139072275,2024-06,2024-07-24T01:30:00+00:00,25.0,pseudo_real_time
twentieth,union,category_factor,2024-08,-0.07172580458888528,-0.7,0.6282741954111146,0.6282741954111146,0.39472846461948347,2024-07,2024-08-24T01:30:00+00:00,25.0,pseudo_real_time
twentieth,union,category_factor,2024-09,-0.1745608006106596,-0.6,0.4254391993893404,0.4254391993893404,0.18099851237704292,2024-08,2024-09-24T01:30:00+00:00,25.0,pseudo_real_time
twentieth,union,category_factor,2024-10,-0.2922792794057807,-0.1,-0.19227927940578068,0.19227927940578068,0.03697132128880628,2024-09,2024-10-24T01:30:00+00:00,25.0,pseudo_real_time
twentieth,union,category_factor,2024-11,-0.2111240931333685,-0.1,-0.11112409313336849,0.11112409313336849,0.012348564074713554,2024-10,2024-11-24T01:30:00+00:00,25.0,pseudo_real_time
twentieth,union,category_factor,2024-12,-0.13522687017592228,-0.1,-0.03522687017592227,0.03522687017592227,0.001240932382391282,2024-11,2024-12-24T01:30:00+00:00,25.0,pseudo_real_time
twentieth,union,category_factor,2025-01,-0.04856348448537805,-0.2,0.15143651551462195,0.15143651551462195,0.022933018231210335,2024-12,2025-01-24T01:30:00+00:00,25.0,pseudo_real_time
twentieth,union,category_factor,2025-02,-0.04168927232566236,-0.1,0.05831072767433765,0.05831072767433765,0.0034001409619107666,2025-01,2025-02-24T01:30:00+00:00,5.0,pseudo_real_time
twentieth,union,category_factor,2025-03,-0.08949504630472893,-0.4,0.3105049536952711,0.3105049536952711,0.09641332626930245,2025-02,2025-03-24T01:30:00+00:00,25.0,pseudo_real_time
twentieth,union,category_factor,2025-04,-0.1851671041526514,-0.4,0.21483289584734863,0.21483289584734863,0.04615317313815775,2025-03,2025-04-24T01:30:00+00:00,5.0,pseudo_real_time
twentieth,union,category_factor,2025-05,-0.21667205766880052,-0.4,0.1833279423311995,0.1833279423311995,0.03360913443939161,2025-04,2025-05-24T01:30:00+00:00,25.0,pseudo_real_time
twentieth,union,category_factor,2025-06,-0.163816836478287,-0.4,0.23618316352171304,0.23618316352171304,0.05578248673112424,2025-05,2025-06-24T01:30:00+00:00,25.0,pseudo_real_time
twentieth,union,category_factor,2025-07,-0.08597199500428611,-0.2,0.1140280049957139,0.1140280049957139,0.013002385923302554,2025-06,2025-07-24T01:30:00+00:00,25.0,pseudo_real_time
twentieth,union,category_factor,2025-08,-0.06115728286616444,0.0,-0.06115728286616444,0.06115728286616444,0.0037402132475720506,2025-07,2025-08-24T01:30:00+00:00,25.0,pseudo_real_time
twentieth,union,category_factor,2025-09,-0.2155723937993761,0.1,-0.31557239379937607,0.31557239379937607,0.09958593572826849,2025-08,2025-09-24T01:30:00+00:00,25.0,pseudo_real_time
twentieth,union,category_factor,2025-10,-0.29877005654408134,0.1,-0.3987700565440814,0.3987700565440814,0.15901755799616984,2025-09,2025-10-24T01:30:00+00:00,25.0,pseudo_real_time
twentieth,union,category_factor,2025-11,0.05270979694762576,0.1,-0.04729020305237425,0.04729020305237425,0.0022363633047347863,2025-10,2025-11-24T01:30:00+00:00,25.0,pseudo_real_time
twentieth,union,category_factor,2025-12,-0.14477622947417612,0.2,-0.34477622947417613,0.34477622947417613,0.11887064841042976,2025-11,2025-12-24T01:30:00+00:00,25.0,pseudo_real_time
twentieth,union,category_factor,2026-01,-0.1574055756173825,0.4,-0.5574055756173826,0.5574055756173826,0.31070097572934563,2025-12,2026-01-24T01:30:00+00:00,25.0,pseudo_real_time
twentieth,union,category_factor,2026-04,0.371851641176151,1.7,-1.328148358823849,1.328148358823849,1.7639780630464834,2026-01,2026-04-24T01:30:00+00:00,25.0,pseudo_real_time
twentieth,union,category_factor,2026-05,0.13327017664025226,0.5,-0.36672982335974774,0.36672982335974774,0.13449076334147178,2026-04,2026-05-24T01:30:00+00:00,25.0,pseudo_real_time
twentieth,union,category_factor,2026-06,-0.06002692725192514,-0.3,0.23997307274807483,0.23997307274807483,0.057587075644152816,2026-05,2026-06-24T01:30:00+00:00,25.0,pseudo_real_time
twentieth,union,category_factor,2026-07,-0.09135818998307475,-0.7,0.6086418100169252,0.6086418100169252,0.37044485290067886,2026-06,2026-07-24T01:30:00+00:00,25.0,pseudo_real_time
twentieth,union,category_factor,2026-08,0.07595076827275903,0.4,-0.324049231727241,0.324049231727241,0.10500790458301512,2026-07,2026-08-24T01:30:00+00:00,25.0,pseudo_real_time
twentieth,union,sector_first,2023-11,-0.16155240420041472,-0.3,0.13844759579958527,0.13844759579958527,0.01916773678268534,2023-10,2023-11-24T01:30:00+00:00,25.0,pseudo_real_time
twentieth,union,sector_first,2023-12,-0.19898787672020457,-0.3,0.10101212327979542,0.10101212327979542,0.010203449049492587,2023-11,2023-12-24T01:30:00+00:00,25.0,pseudo_real_time
twentieth,union,sector_first,2024-01,-0.3943061084026504,-0.2,-0.1943061084026504,0.1943061084026504,0.037754863762582525,2023-12,2024-01-24T01:30:00+00:00,25.0,pseudo_real_time
twentieth,union,sector_first,2024-04,0.03837555832204684,-0.2,0.23837555832204685,0.23837555832204685,0.05682290680534756,2024-01,2024-04-24T01:30:00+00:00,25.0,pseudo_real_time
twentieth,union,sector_first,2024-05,-0.17771732102905968,0.2,-0.3777173210290597,0.3777173210290597,0.14267037460536974,2024-04,2024-05-24T01:30:00+00:00,25.0,pseudo_real_time
twentieth,union,sector_first,2024-06,0.282397482511645,0.1,0.18239748251164498,0.18239748251164498,0.03326884162658583,2024-05,2024-06-24T01:30:00+00:00,25.0,pseudo_real_time
twentieth,union,sector_first,2024-07,-0.03371961215053838,-0.2,0.16628038784946164,0.16628038784946164,0.027649167383367392,2024-06,2024-07-24T01:30:00+00:00,25.0,pseudo_real_time
twentieth,union,sector_first,2024-08,-0.07377512643698216,-0.7,0.6262248735630178,0.6262248735630178,0.39215759226901764,2024-07,2024-08-24T01:30:00+00:00,25.0,pseudo_real_time
twentieth,union,sector_first,2024-09,-0.07778554525736854,-0.6,0.5222144547426314,0.5222144547426314,0.27270793674214383,2024-08,2024-09-24T01:30:00+00:00,25.0,pseudo_real_time
twentieth,union,sector_first,2024-10,-0.24728384357260422,-0.1,-0.1472838435726042,0.1472838435726042,0.021692530577519346,2024-09,2024-10-24T01:30:00+00:00,25.0,pseudo_real_time
twentieth,union,sector_first,2024-11,-0.21609250422996773,-0.1,-0.11609250422996772,0.11609250422996772,0.013477469538385073,2024-10,2024-11-24T01:30:00+00:00,25.0,pseudo_real_time
twentieth,union,sector_first,2024-12,-0.07719663996937966,-0.1,0.022803360030620348,0.022803360030620348,0.0005199932286860937,2024-11,2024-12-24T01:30:00+00:00,25.0,pseudo_real_time
twentieth,union,sector_first,2025-01,-0.06897567195028038,-0.2,0.13102432804971964,0.13102432804971964,0.017167374540880548,2024-12,2025-01-24T01:30:00+00:00,25.0,pseudo_real_time
twentieth,union,sector_first,2025-02,-0.03303310137596803,-0.1,0.06696689862403198,0.06696689862403198,0.004484565511321376,2025-01,2025-02-24T01:30:00+00:00,25.0,pseudo_real_time
twentieth,union,sector_first,2025-03,0.05560660044158322,-0.4,0.45560660044158324,0.45560660044158324,0.20757737436593648,2025-02,2025-03-24T01:30:00+00:00,25.0,pseudo_real_time
twentieth,union,sector_first,2025-04,-0.38606507311225136,-0.4,0.013934926887748667,0.013934926887748667,0.00019418218736690074,2025-03,2025-04-24T01:30:00+00:00,25.0,pseudo_real_time
twentieth,union,sector_first,2025-05,-0.2898714851947176,-0.4,0.11012851480528241,0.11012851480528241,0.012128289773217307,2025-04,2025-05-24T01:30:00+00:00,25.0,pseudo_real_time
twentieth,union,sector_first,2025-06,-0.22775860065792905,-0.4,0.17224139934207097,0.17224139934207097,0.029667099647314767,2025-05,2025-06-24T01:30:00+00:00,25.0,pseudo_real_time
twentieth,union,sector_first,2025-07,-0.188777431612437,-0.2,0.011222568387562998,0.011222568387562998,0.00012594604121352835,2025-06,2025-07-24T01:30:00+00:00,25.0,pseudo_real_time
twentieth,union,sector_first,2025-08,-0.0996911475710393,0.0,-0.0996911475710393,0.0996911475710393,0.009938324904030736,2025-07,2025-08-24T01:30:00+00:00,25.0,pseudo_real_time
twentieth,union,sector_first,2025-09,-0.15355205047886802,0.1,-0.25355205047886803,0.25355205047886803,0.06428864230203844,2025-08,2025-09-24T01:30:00+00:00,25.0,pseudo_real_time
twentieth,union,sector_first,2025-10,-0.39006321784545683,0.1,-0.4900632178454568,0.4900632178454568,0.24016195748504365,2025-09,2025-10-24T01:30:00+00:00,25.0,pseudo_real_time
twentieth,union,sector_first,2025-11,0.16182715587429491,0.1,0.06182715587429491,0.06182715587429491,0.0038225972035043593,2025-10,2025-11-24T01:30:00+00:00,25.0,pseudo_real_time
twentieth,union,sector_first,2025-12,-0.040876939439160265,0.2,-0.24087693943916028,0.24087693943916028,0.05802169995357689,2025-11,2025-12-24T01:30:00+00:00,25.0,pseudo_real_time
twentieth,union,sector_first,2026-01,-0.15098125291287065,0.4,-0.5509812529128707,0.5509812529128707,0.3035803410614368,2025-12,2026-01-24T01:30:00+00:00,25.0,pseudo_real_time
twentieth,union,sector_first,2026-04,0.5247541099127531,1.7,-1.175245890087247,1.175245890087247,1.3812029021669652,2026-01,2026-04-24T01:30:00+00:00,25.0,pseudo_real_time
twentieth,union,sector_first,2026-05,0.5198498912765654,0.5,0.019849891276565446,0.019849891276565446,0.000394018183691469,2026-04,2026-05-24T01:30:00+00:00,25.0,pseudo_real_time
twentieth,union,sector_first,2026-06,0.2896368703876045,-0.3,0.5896368703876045,0.5896368703876045,0.3476716389204887,2026-05,2026-06-24T01:30:00+00:00,25.0,pseudo_real_time
twentieth,union,sector_first,2026-07,0.22408969920317498,-0.7,0.924089699203175,0.924089699203175,0.8539417721734144,2026-06,2026-07-24T01:30:00+00:00,25.0,pseudo_real_time
twentieth,union,sector_first,2026-08,0.4849007619347939,0.4,0.0849007619347939,0.0849007619347939,0.007208139377108549,2026-07,2026-08-24T01:30:00+00:00,25.0,pseudo_real_time
twentieth,union,random_forest,2023-11,-0.17046761326908388,-0.3,0.1295323867309161,0.1295323867309161,0.01677863921220761,2023-10,2023-11-24T01:30:00+00:00,4.0,pseudo_real_time
twentieth,union,random_forest,2023-12,-0.09320570018217075,-0.3,0.20679429981782924,0.20679429981782924,0.042763882437146246,2023-11,2023-12-24T01:30:00+00:00,4.0,pseudo_real_time
twentieth,union,random_forest,2024-01,-0.2623584429459429,-0.2,-0.062358442945942893,0.062358442945942893,0.003888575406642415,2023-12,2024-01-24T01:30:00+00:00,4.0,pseudo_real_time
twentieth,union,random_forest,2024-04,0.004616003441003436,-0.2,0.20461600344100345,0.20461600344100345,0.04186770886416873,2024-01,2024-04-24T01:30:00+00:00,4.0,pseudo_real_time
twentieth,union,random_forest,2024-05,-0.12551579506235075,0.2,-0.32551579506235073,0.32551579506235073,0.10596053283507433,2024-04,2024-05-24T01:30:00+00:00,8.0,pseudo_real_time
twentieth,union,random_forest,2024-06,-0.010972288822288822,0.1,-0.11097228882228882,0.11097228882228882,0.012314848886457489,2024-05,2024-06-24T01:30:00+00:00,4.0,pseudo_real_time
twentieth,union,random_forest,2024-07,0.07920231435231437,-0.2,0.27920231435231435,0.27920231435231435,0.07795393233968856,2024-06,2024-07-24T01:30:00+00:00,4.0,pseudo_real_time
twentieth,union,random_forest,2024-08,-0.17814416416916415,-0.7,0.5218558358308358,0.5218558358308358,0.2723335133907003,2024-07,2024-08-24T01:30:00+00:00,4.0,pseudo_real_time
twentieth,union,random_forest,2024-09,-0.11386966089466091,-0.6,0.4861303391053391,0.4861303391053391,0.23632270659867197,2024-08,2024-09-24T01:30:00+00:00,4.0,pseudo_real_time
twentieth,union,random_forest,2024-10,-0.22110984832161296,-0.1,-0.12110984832161295,0.12110984832161295,0.014667595360484096,2024-09,2024-10-24T01:30:00+00:00,4.0,pseudo_real_time
twentieth,union,random_forest,2024-11,-0.3681119602619601,-0.1,-0.26811196026196005,0.26811196026196005,0.07188402323551084,2024-10,2024-11-24T01:30:00+00:00,4.0,pseudo_real_time
twentieth,union,random_forest,2024-12,-0.14978801476301473,-0.1,-0.049788014763014726,0.049788014763014726,0.0024788464140421723,2024-11,2024-12-24T01:30:00+00:00,4.0,pseudo_real_time
twentieth,union,random_forest,2025-01,-0.015329304293581113,-0.2,0.1846706957064189,0.1846706957064189,0.03410326585269276,2024-12,2025-01-24T01:30:00+00:00,8.0,pseudo_real_time
twentieth,union,random_forest,2025-02,-0.16417983127983124,-0.1,-0.06417983127983123,0.06417983127983123,0.004119050743107604,2025-01,2025-02-24T01:30:00+00:00,4.0,pseudo_real_time
twentieth,union,random_forest,2025-03,0.02439902524376212,-0.4,0.42439902524376216,0.42439902524376216,0.18011453262785548,2025-02,2025-03-24T01:30:00+00:00,4.0,pseudo_real_time
twentieth,union,random_forest,2025-04,-0.19778697797300737,-0.4,0.20221302202699265,0.20221302202699265,0.040890106277289014,2025-03,2025-04-24T01:30:00+00:00,4.0,pseudo_real_time
twentieth,union,random_forest,2025-05,-0.20337310255104374,-0.4,0.19662689744895628,0.19662689744895628,0.03866213680040237,2025-04,2025-05-24T01:30:00+00:00,4.0,pseudo_real_time
twentieth,union,random_forest,2025-06,-0.23538211532619435,-0.4,0.16461788467380567,0.16461788467380567,0.027099047954478383,2025-05,2025-06-24T01:30:00+00:00,4.0,pseudo_real_time
twentieth,union,random_forest,2025-07,-0.14432497458681678,-0.2,0.05567502541318323,0.05567502541318323,0.003099708454758598,2025-06,2025-07-24T01:30:00+00:00,4.0,pseudo_real_time
twentieth,union,random_forest,2025-08,0.002486975242016229,0.0,0.002486975242016229,0.002486975242016229,6.1850458544016806e-06,2025-07,2025-08-24T01:30:00+00:00,8.0,pseudo_real_time
twentieth,union,random_forest,2025-09,-0.2022824808356843,0.1,-0.3022824808356843,0.3022824808356843,0.09137469822017585,2025-08,2025-09-24T01:30:00+00:00,8.0,pseudo_real_time
twentieth,union,random_forest,2025-10,-0.24296675441235338,0.1,-0.34296675441235336,0.34296675441235336,0.11762619463214351,2025-09,2025-10-24T01:30:00+00:00,8.0,pseudo_real_time
twentieth,union,random_forest,2025-11,-0.00027582410354485637,0.1,-0.10027582410354487,0.10027582410354487,0.01005524089964507,2025-10,2025-11-24T01:30:00+00:00,8.0,pseudo_real_time
twentieth,union,random_forest,2025-12,-0.1952510456605658,0.2,-0.3952510456605658,0.3952510456605658,0.15622338909577066,2025-11,2025-12-24T01:30:00+00:00,4.0,pseudo_real_time
twentieth,union,random_forest,2026-01,-0.12312514754104052,0.4,-0.5231251475410406,0.5231251475410406,0.27365991998983547,2025-12,2026-01-24T01:30:00+00:00,8.0,pseudo_real_time
twentieth,union,random_forest,2026-04,0.11017420496170499,1.7,-1.589825795038295,1.589825795038295,2.527546058569147,2026-01,2026-04-24T01:30:00+00:00,4.0,pseudo_real_time
twentieth,union,random_forest,2026-05,0.28547668501788065,0.5,-0.21452331498211935,0.21452331498211935,0.04602025267091759,2026-04,2026-05-24T01:30:00+00:00,4.0,pseudo_real_time
twentieth,union,random_forest,2026-06,0.23425577653023308,-0.3,0.534255776530233,0.534255776530233,0.2854292347559223,2026-05,2026-06-24T01:30:00+00:00,4.0,pseudo_real_time
twentieth,union,random_forest,2026-07,0.13096020218315116,-0.7,0.8309602021831511,0.8309602021831511,0.6904948576122634,2026-06,2026-07-24T01:30:00+00:00,4.0,pseudo_real_time
twentieth,union,random_forest,2026-08,0.06574392980008975,0.4,-0.33425607019991027,0.33425607019991027,0.11172712046548734,2026-07,2026-08-24T01:30:00+00:00,8.0,pseudo_real_time
twentieth,union,economic_ml_hybrid,2023-11,-0.23657529775272923,-0.3,0.06342470224727076,0.06342470224727076,0.0040226928551549525,2023-10,2023-11-24T01:30:00+00:00,25.0,pseudo_real_time
twentieth,union,economic_ml_hybrid,2023-12,-0.16763392420007056,-0.3,0.13236607579992943,0.13236607579992943,0.017520778022672663,2023-11,2023-12-24T01:30:00+00:00,5.0,pseudo_real_time
twentieth,union,economic_ml_hybrid,2024-01,-0.5613330020645764,-0.2,-0.36133300206457636,0.36133300206457636,0.13056153838099915,2023-12,2024-01-24T01:30:00+00:00,5.0,pseudo_real_time
twentieth,union,economic_ml_hybrid,2024-04,-0.09827760033707648,-0.2,0.10172239966292353,0.10172239966292353,0.010347446593183544,2024-01,2024-04-24T01:30:00+00:00,5.0,pseudo_real_time
twentieth,union,economic_ml_hybrid,2024-05,-0.16574047127122232,0.2,-0.36574047127122233,0.36574047127122233,0.1337660923256958,2024-04,2024-05-24T01:30:00+00:00,25.0,pseudo_real_time
twentieth,union,economic_ml_hybrid,2024-06,0.45207986442133286,0.1,0.3520798644213329,0.3520798644213329,0.12396023093094415,2024-05,2024-06-24T01:30:00+00:00,5.0,pseudo_real_time
twentieth,union,economic_ml_hybrid,2024-07,-0.030620456494737866,-0.2,0.16937954350526213,0.16937954350526213,0.028689429758050985,2024-06,2024-07-24T01:30:00+00:00,25.0,pseudo_real_time
twentieth,union,economic_ml_hybrid,2024-08,-0.11969006791809123,-0.7,0.5803099320819087,0.5803099320819087,0.33675961727290954,2024-07,2024-08-24T01:30:00+00:00,5.0,pseudo_real_time
twentieth,union,economic_ml_hybrid,2024-09,-0.14948861672288402,-0.6,0.45051138327711593,0.45051138327711593,0.20296050646226044,2024-08,2024-09-24T01:30:00+00:00,25.0,pseudo_real_time
twentieth,union,economic_ml_hybrid,2024-10,-0.19313330540938783,-0.1,-0.09313330540938783,0.09313330540938783,0.008673812576478309,2024-09,2024-10-24T01:30:00+00:00,25.0,pseudo_real_time
twentieth,union,economic_ml_hybrid,2024-11,-0.2868349817864373,-0.1,-0.1868349817864373,0.1868349817864373,0.03490731041913835,2024-10,2024-11-24T01:30:00+00:00,25.0,pseudo_real_time
twentieth,union,economic_ml_hybrid,2024-12,-0.10906216528977841,-0.1,-0.009062165289778407,0.009062165289778407,8.212283973926456e-05,2024-11,2024-12-24T01:30:00+00:00,25.0,pseudo_real_time
twentieth,union,economic_ml_hybrid,2025-01,-0.12948536394825558,-0.2,0.07051463605174443,0.07051463605174443,0.004972313897509976,2024-12,2025-01-24T01:30:00+00:00,25.0,pseudo_real_time
twentieth,union,economic_ml_hybrid,2025-02,0.11801065276331235,-0.1,0.21801065276331236,0.21801065276331236,0.04752864471828555,2025-01,2025-02-24T01:30:00+00:00,25.0,pseudo_real_time
twentieth,union,economic_ml_hybrid,2025-03,0.1366165860386411,-0.4,0.5366165860386412,0.5366165860386412,0.28795736041176634,2025-02,2025-03-24T01:30:00+00:00,25.0,pseudo_real_time
twentieth,union,economic_ml_hybrid,2025-04,-0.38375109954624487,-0.4,0.016248900453755155,0.016248900453755155,0.00026402676595604446,2025-03,2025-04-24T01:30:00+00:00,25.0,pseudo_real_time
twentieth,union,economic_ml_hybrid,2025-05,-0.2756959409046852,-0.4,0.12430405909531483,0.12430405909531483,0.015451499107571522,2025-04,2025-05-24T01:30:00+00:00,25.0,pseudo_real_time
twentieth,union,economic_ml_hybrid,2025-06,-0.291208464479707,-0.4,0.10879153552029303,0.10879153552029303,0.01183559820086318,2025-05,2025-06-24T01:30:00+00:00,25.0,pseudo_real_time
twentieth,union,economic_ml_hybrid,2025-07,-0.294340167414686,-0.2,-0.09434016741468598,0.09434016741468598,0.00890006718783098,2025-06,2025-07-24T01:30:00+00:00,25.0,pseudo_real_time
twentieth,union,economic_ml_hybrid,2025-08,-0.11804550181782028,0.0,-0.11804550181782028,0.11804550181782028,0.01393474049942101,2025-07,2025-08-24T01:30:00+00:00,25.0,pseudo_real_time
twentieth,union,economic_ml_hybrid,2025-09,-0.27746188651893006,0.1,-0.3774618865189301,0.3774618865189301,0.14247747577442965,2025-08,2025-09-24T01:30:00+00:00,25.0,pseudo_real_time
twentieth,union,economic_ml_hybrid,2025-10,-0.20249874045393781,0.1,-0.3024987404539378,0.3024987404539378,0.09150548797621884,2025-09,2025-10-24T01:30:00+00:00,25.0,pseudo_real_time
twentieth,union,economic_ml_hybrid,2025-11,0.17257250095570947,0.1,0.07257250095570947,0.07257250095570947,0.005266767894966452,2025-10,2025-11-24T01:30:00+00:00,25.0,pseudo_real_time
twentieth,union,economic_ml_hybrid,2025-12,-0.00034465795829909107,0.2,-0.2003446579582991,0.2003446579582991,0.04013798197242786,2025-11,2025-12-24T01:30:00+00:00,25.0,pseudo_real_time
twentieth,union,economic_ml_hybrid,2026-01,-0.004963296196030073,0.4,-0.4049632961960301,0.4049632961960301,0.16399527126595362,2025-12,2026-01-24T01:30:00+00:00,25.0,pseudo_real_time
twentieth,union,economic_ml_hybrid,2026-04,0.23117950020831923,1.7,-1.4688204997916807,1.4688204997916807,2.157433660608283,2026-01,2026-04-24T01:30:00+00:00,25.0,pseudo_real_time
twentieth,union,economic_ml_hybrid,2026-05,0.2747530652993363,0.5,-0.2252469347006637,0.2252469347006637,0.05073618159204506,2026-04,2026-05-24T01:30:00+00:00,25.0,pseudo_real_time
twentieth,union,economic_ml_hybrid,2026-06,0.13110088399459602,-0.3,0.431100883994596,0.431100883994596,0.1858479721809221,2026-05,2026-06-24T01:30:00+00:00,25.0,pseudo_real_time
twentieth,union,economic_ml_hybrid,2026-07,0.17890634108521464,-0.7,0.8789063410852146,0.8789063410852146,0.7724763563997996,2026-06,2026-07-24T01:30:00+00:00,25.0,pseudo_real_time
twentieth,union,economic_ml_hybrid,2026-08,0.2973030171269781,0.4,-0.10269698287302192,0.10269698287302192,0.010546670291221758,2026-07,2026-08-24T01:30:00+00:00,25.0,pseudo_real_time
twentieth,union,direct_tracker,2023-11,-1.6895543406616045,-0.3,-1.3895543406616044,1.3895543406616044,1.9308612656515063,2023-10,2023-11-24T01:30:00+00:00,0.0,pseudo_real_time
twentieth,union,direct_tracker,2023-12,-0.8207314636869862,-0.3,-0.5207314636869862,0.5207314636869862,0.271161257273591,2023-11,2023-12-24T01:30:00+00:00,0.0,pseudo_real_time
twentieth,union,direct_tracker,2024-01,-2.2258277844358907,-0.2,-2.0258277844358905,2.0258277844358905,4.103978212192429,2023-12,2024-01-24T01:30:00+00:00,0.0,pseudo_real_time
twentieth,union,direct_tracker,2024-04,-0.45348251217236885,-0.2,-0.25348251217236883,0.25348251217236883,0.06425338397721511,2024-01,2024-04-24T01:30:00+00:00,0.0,pseudo_real_time
twentieth,union,direct_tracker,2024-05,1.3887120719161021,0.2,1.1887120719161022,1.1887120719161022,1.4130363899190725,2024-04,2024-05-24T01:30:00+00:00,0.0,pseudo_real_time
twentieth,union,direct_tracker,2024-06,1.1311129674632685,0.1,1.0311129674632684,1.0311129674632684,1.0631939516709072,2024-05,2024-06-24T01:30:00+00:00,0.0,pseudo_real_time
twentieth,union,direct_tracker,2024-07,-0.9525203208418707,-0.2,-0.7525203208418707,0.7525203208418707,0.566286833279952,2024-06,2024-07-24T01:30:00+00:00,0.0,pseudo_real_time
twentieth,union,direct_tracker,2024-08,-2.8510708899811616,-0.7,-2.1510708899811615,2.1510708899811615,4.627105973724346,2024-07,2024-08-24T01:30:00+00:00,0.0,pseudo_real_time
twentieth,union,direct_tracker,2024-09,-1.1596746310355632,-0.6,-0.5596746310355633,0.5596746310355633,0.31323569262479384,2024-08,2024-09-24T01:30:00+00:00,0.0,pseudo_real_time
twentieth,union,direct_tracker,2024-10,1.7827761396180228,-0.1,1.882776139618023,1.882776139618023,3.544845991914945,2024-09,2024-10-24T01:30:00+00:00,0.0,pseudo_real_time
twentieth,union,direct_tracker,2024-11,-1.6594192520825748,-0.1,-1.5594192520825747,1.5594192520825747,2.431788403765777,2024-10,2024-11-24T01:30:00+00:00,0.0,pseudo_real_time
twentieth,union,direct_tracker,2024-12,-0.6981663923791093,-0.1,-0.5981663923791093,0.5981663923791093,0.3578030329718385,2024-11,2024-12-24T01:30:00+00:00,0.0,pseudo_real_time
twentieth,union,direct_tracker,2025-01,-0.7622281368512459,-0.2,-0.5622281368512458,0.5622281368512458,0.31610047786722323,2024-12,2025-01-24T01:30:00+00:00,0.0,pseudo_real_time
twentieth,union,direct_tracker,2025-02,-0.22941678377590546,-0.1,-0.12941678377590546,0.12941678377590546,0.016748703922899465,2025-01,2025-02-24T01:30:00+00:00,0.0,pseudo_real_time
twentieth,union,direct_tracker,2025-03,-1.103652663604055,-0.4,-0.7036526636040549,0.7036526636040549,0.4951270709970812,2025-02,2025-03-24T01:30:00+00:00,0.0,pseudo_real_time
twentieth,union,direct_tracker,2025-04,-2.5313105931102675,-0.4,-2.1313105931102676,2.1313105931102676,4.542484844304041,2025-03,2025-04-24T01:30:00+00:00,0.0,pseudo_real_time
twentieth,union,direct_tracker,2025-05,-1.2024506961422379,-0.4,-0.8024506961422379,0.8024506961422379,0.6439271197391622,2025-04,2025-05-24T01:30:00+00:00,0.0,pseudo_real_time
twentieth,union,direct_tracker,2025-06,-1.5105618917930737,-0.4,-1.1105618917930737,1.1105618917930737,1.2333477155030108,2025-05,2025-06-24T01:30:00+00:00,0.0,pseudo_real_time
twentieth,union,direct_tracker,2025-07,0.24279515880364783,-0.2,0.44279515880364784,0.44279515880364784,0.1960675526599477,2025-06,2025-07-24T01:30:00+00:00,0.0,pseudo_real_time
twentieth,union,direct_tracker,2025-08,2.1246596705787453,0.0,2.1246596705787453,2.1246596705787453,4.514178715783783,2025-07,2025-08-24T01:30:00+00:00,0.0,pseudo_real_time
twentieth,union,direct_tracker,2025-09,-1.1364302885817346,0.1,-1.2364302885817346,1.2364302885817346,1.5287598585223117,2025-08,2025-09-24T01:30:00+00:00,0.0,pseudo_real_time
twentieth,union,direct_tracker,2025-10,-1.1142852724464154,0.1,-1.2142852724464155,1.2142852724464155,1.4744887228802654,2025-09,2025-10-24T01:30:00+00:00,0.0,pseudo_real_time
twentieth,union,direct_tracker,2025-11,2.2270344882491537,0.1,2.1270344882491536,2.1270344882491536,4.524275714201339,2025-10,2025-11-24T01:30:00+00:00,0.0,pseudo_real_time
twentieth,union,direct_tracker,2025-12,-1.1816847016017067,0.2,-1.3816847016017066,1.3816847016017066,1.9090526146401972,2025-11,2025-12-24T01:30:00+00:00,0.0,pseudo_real_time
twentieth,union,direct_tracker,2026-01,0.21279110238483795,0.4,-0.18720889761516207,0.18720889761516207,0.03504717134628423,2025-12,2026-01-24T01:30:00+00:00,0.0,pseudo_real_time
twentieth,union,direct_tracker,2026-04,3.5531861911114273,1.7,1.8531861911114274,1.8531861911114274,3.43429905892608,2026-01,2026-04-24T01:30:00+00:00,0.0,pseudo_real_time
twentieth,union,direct_tracker,2026-05,-0.30911291974752053,0.5,-0.8091129197475205,0.8091129197475205,0.6546637169023576,2026-04,2026-05-24T01:30:00+00:00,0.0,pseudo_real_time
twentieth,union,direct_tracker,2026-06,-0.994419115118909,-0.3,-0.694419115118909,0.694419115118909,0.48221790744252857,2026-05,2026-06-24T01:30:00+00:00,0.0,pseudo_real_time
twentieth,union,direct_tracker,2026-07,-0.9877317464425852,-0.7,-0.28773174644258526,0.28773174644258526,0.08278955791090017,2026-06,2026-07-24T01:30:00+00:00,0.0,pseudo_real_time
twentieth,union,direct_tracker,2026-08,0.9281450270690671,0.4,0.5281450270690671,0.5281450270690671,0.2789371696177856,2026-07,2026-08-24T01:30:00+00:00,0.0,pseudo_real_time
twentieth,stable,ridge,2023-11,-0.2108784541121982,-0.3,0.0891215458878018,0.0891215458878018,0.007942649941431562,2023-10,2023-11-24T01:30:00+00:00,25.0,pseudo_real_time
twentieth,stable,ridge,2023-12,-0.15235060155964877,-0.3,0.14764939844035121,0.14764939844035121,0.021800344859797587,2023-11,2023-12-24T01:30:00+00:00,25.0,pseudo_real_time
twentieth,stable,ridge,2024-01,-0.4823989925381996,-0.2,-0.2823989925381996,0.2823989925381996,0.07974919098659013,2023-12,2024-01-24T01:30:00+00:00,25.0,pseudo_real_time
twentieth,stable,ridge,2024-04,-0.027250558782623516,-0.2,0.1727494412173765,0.1727494412173765,0.029842369440915822,2024-01,2024-04-24T01:30:00+00:00,25.0,pseudo_real_time
twentieth,stable,ridge,2024-05,-0.24102963485122253,0.2,-0.44102963485122254,0.44102963485122254,0.19450713881700268,2024-04,2024-05-24T01:30:00+00:00,25.0,pseudo_real_time
twentieth,stable,ridge,2024-06,0.4133885406464685,0.1,0.3133885406464685,0.3133885406464685,0.09821237740852323,2024-05,2024-06-24T01:30:00+00:00,25.0,pseudo_real_time
twentieth,stable,ridge,2024-07,0.15300868603699017,-0.2,0.3530086860369902,0.3530086860369902,0.12461513241756232,2024-06,2024-07-24T01:30:00+00:00,25.0,pseudo_real_time
twentieth,stable,ridge,2024-08,-0.32804936633607834,-0.7,0.3719506336639216,0.3719506336639216,0.1383472738829928,2024-07,2024-08-24T01:30:00+00:00,25.0,pseudo_real_time
twentieth,stable,ridge,2024-09,-0.14122853159974974,-0.6,0.45877146840025024,0.45877146840025024,0.2104712602181218,2024-08,2024-09-24T01:30:00+00:00,25.0,pseudo_real_time
twentieth,stable,ridge,2024-10,-0.047850241368035465,-0.1,0.05214975863196454,0.05214975863196454,0.00271959732537216,2024-09,2024-10-24T01:30:00+00:00,25.0,pseudo_real_time
twentieth,stable,ridge,2024-11,-0.23304121395383115,-0.1,-0.13304121395383114,0.13304121395383114,0.017699964610309076,2024-10,2024-11-24T01:30:00+00:00,25.0,pseudo_real_time
twentieth,stable,ridge,2024-12,0.050960649886267,-0.1,0.150960649886267,0.150960649886267,0.022789117814084086,2024-11,2024-12-24T01:30:00+00:00,25.0,pseudo_real_time
twentieth,stable,ridge,2025-01,-0.15422403429111475,-0.2,0.04577596570888526,0.04577596570888526,0.002095439036581039,2024-12,2025-01-24T01:30:00+00:00,25.0,pseudo_real_time
twentieth,stable,ridge,2025-02,-0.06419968248311078,-0.1,0.035800317516889224,0.035800317516889224,0.0012816627343100854,2025-01,2025-02-24T01:30:00+00:00,25.0,pseudo_real_time
twentieth,stable,ridge,2025-03,0.2117659026014308,-0.4,0.6117659026014308,0.6117659026014308,0.3742575195857433,2025-02,2025-03-24T01:30:00+00:00,25.0,pseudo_real_time
twentieth,stable,ridge,2025-04,-0.4854876785608295,-0.4,-0.0854876785608295,0.0854876785608295,0.007308143185719708,2025-03,2025-04-24T01:30:00+00:00,25.0,pseudo_real_time
twentieth,stable,ridge,2025-05,-0.23989668038230091,-0.4,0.1601033196176991,0.1601033196176991,0.025633072952607115,2025-04,2025-05-24T01:30:00+00:00,25.0,pseudo_real_time
twentieth,stable,ridge,2025-06,-0.19982696335660033,-0.4,0.2001730366433997,0.2001730366433997,0.040069244599039835,2025-05,2025-06-24T01:30:00+00:00,25.0,pseudo_real_time
twentieth,stable,ridge,2025-07,-0.12963820947883103,-0.2,0.07036179052116898,0.07036179052116898,0.004950781565344864,2025-06,2025-07-24T01:30:00+00:00,25.0,pseudo_real_time
twentieth,stable,ridge,2025-08,-0.025413932521162363,0.0,-0.025413932521162363,0.025413932521162363,0.000645867966190194,2025-07,2025-08-24T01:30:00+00:00,25.0,pseudo_real_time
twentieth,stable,ridge,2025-09,-0.20598776243516234,0.1,-0.30598776243516235,0.30598776243516235,0.09362851076007735,2025-08,2025-09-24T01:30:00+00:00,25.0,pseudo_real_time
twentieth,stable,ridge,2025-10,-0.08788254778891719,0.1,-0.1878825477889172,0.1878825477889172,0.03529985176365475,2025-09,2025-10-24T01:30:00+00:00,25.0,pseudo_real_time
twentieth,stable,ridge,2025-11,0.2501212500513816,0.1,0.15012125005138158,0.15012125005138158,0.022536389716989434,2025-10,2025-11-24T01:30:00+00:00,25.0,pseudo_real_time
twentieth,stable,ridge,2025-12,-0.05591420407172504,0.2,-0.25591420407172505,0.25591420407172505,0.06549207984566453,2025-11,2025-12-24T01:30:00+00:00,25.0,pseudo_real_time
twentieth,stable,ridge,2026-01,-0.15830969144784393,0.4,-0.5583096914478439,0.5583096914478439,0.3117097115645867,2025-12,2026-01-24T01:30:00+00:00,25.0,pseudo_real_time
twentieth,stable,ridge,2026-04,0.15743478591763588,1.7,-1.542565214082364,1.542565214082364,2.3795074396969698,2026-01,2026-04-24T01:30:00+00:00,25.0,pseudo_real_time
twentieth,stable,ridge,2026-05,-0.3344245068631544,0.5,-0.8344245068631544,0.8344245068631544,0.6962642576538184,2026-04,2026-05-24T01:30:00+00:00,25.0,pseudo_real_time
twentieth,stable,ridge,2026-06,-0.41976799238289375,-0.3,-0.11976799238289376,0.11976799238289376,0.014344371999428899,2026-05,2026-06-24T01:30:00+00:00,25.0,pseudo_real_time
twentieth,stable,ridge,2026-07,-0.17917055613531507,-0.7,0.5208294438646849,0.5208294438646849,0.27126330959639694,2026-06,2026-07-24T01:30:00+00:00,25.0,pseudo_real_time
twentieth,stable,ridge,2026-08,0.1941361653202517,0.4,-0.2058638346797483,0.2058638346797483,0.04237991842905074,2026-07,2026-08-24T01:30:00+00:00,25.0,pseudo_real_time
twentieth,stable,histgb,2023-11,-0.3964971402741466,-0.3,-0.09649714027414663,0.09649714027414663,0.009311698081088332,2023-10,2023-11-24T01:30:00+00:00,25.0,pseudo_real_time
twentieth,stable,histgb,2023-12,-0.27622567749745763,-0.3,0.023774322502542355,0.023774322502542355,0.0005652184104548918,2023-11,2023-12-24T01:30:00+00:00,25.0,pseudo_real_time
twentieth,stable,histgb,2024-01,-0.2960700082647587,-0.2,-0.0960700082647587,0.0960700082647587,0.009229446487990805,2023-12,2024-01-24T01:30:00+00:00,25.0,pseudo_real_time
twentieth,stable,histgb,2024-04,-0.32383442987888167,-0.2,-0.12383442987888166,0.12383442987888166,0.015334966023427658,2024-01,2024-04-24T01:30:00+00:00,25.0,pseudo_real_time
twentieth,stable,histgb,2024-05,-0.17966597324284275,0.2,-0.3796659732428428,0.3796659732428428,0.14414625123843502,2024-04,2024-05-24T01:30:00+00:00,25.0,pseudo_real_time
twentieth,stable,histgb,2024-06,0.19131180642303763,0.1,0.09131180642303763,0.09131180642303763,0.008337845992238295,2024-05,2024-06-24T01:30:00+00:00,25.0,pseudo_real_time
twentieth,stable,histgb,2024-07,0.1905771147582549,-0.2,0.3905771147582549,0.3905771147582549,0.15255048257288303,2024-06,2024-07-24T01:30:00+00:00,25.0,pseudo_real_time
twentieth,stable,histgb,2024-08,-0.3587497627964917,-0.7,0.3412502372035083,0.3412502372035083,0.11645172439145067,2024-07,2024-08-24T01:30:00+00:00,25.0,pseudo_real_time
twentieth,stable,histgb,2024-09,-0.05626052004655994,-0.6,0.5437394799534401,0.5437394799534401,0.29565262206003745,2024-08,2024-09-24T01:30:00+00:00,25.0,pseudo_real_time
twentieth,stable,histgb,2024-10,-0.2908949485738202,-0.1,-0.1908949485738202,0.1908949485738202,0.036440881391001455,2024-09,2024-10-24T01:30:00+00:00,25.0,pseudo_real_time
twentieth,stable,histgb,2024-11,-0.3960978420115848,-0.1,-0.29609784201158484,0.29609784201158484,0.08767393204391746,2024-10,2024-11-24T01:30:00+00:00,25.0,pseudo_real_time
twentieth,stable,histgb,2024-12,-0.459090856730549,-0.1,-0.35909085673054897,0.35909085673054897,0.12894624338747965,2024-11,2024-12-24T01:30:00+00:00,25.0,pseudo_real_time
twentieth,stable,histgb,2025-01,0.07169400739187505,-0.2,0.27169400739187505,0.27169400739187505,0.07381763365265626,2024-12,2025-01-24T01:30:00+00:00,25.0,pseudo_real_time
twentieth,stable,histgb,2025-02,-0.12214726441697202,-0.1,-0.022147264416972012,0.022147264416972012,0.0004905013211552746,2025-01,2025-02-24T01:30:00+00:00,25.0,pseudo_real_time
twentieth,stable,histgb,2025-03,0.048038955556650664,-0.4,0.4480389555566507,0.4480389555566507,0.2007389056962944,2025-02,2025-03-24T01:30:00+00:00,25.0,pseudo_real_time
twentieth,stable,histgb,2025-04,-0.1739601490018595,-0.4,0.22603985099814053,0.22603985099814053,0.05109401423926157,2025-03,2025-04-24T01:30:00+00:00,25.0,pseudo_real_time
twentieth,stable,histgb,2025-05,-0.10574151032337441,-0.4,0.2942584896766256,0.2942584896766256,0.08658805874676878,2025-04,2025-05-24T01:30:00+00:00,25.0,pseudo_real_time
twentieth,stable,histgb,2025-06,-0.050593087406312715,-0.4,0.3494069125936873,0.3494069125936873,0.12208519056825262,2025-05,2025-06-24T01:30:00+00:00,25.0,pseudo_real_time
twentieth,stable,histgb,2025-07,0.014298310640009663,-0.2,0.21429831064000968,0.21429831064000968,0.04592376594316208,2025-06,2025-07-24T01:30:00+00:00,25.0,pseudo_real_time
twentieth,stable,histgb,2025-08,0.11047480518639179,0.0,0.11047480518639179,0.11047480518639179,0.012204682580971217,2025-07,2025-08-24T01:30:00+00:00,25.0,pseudo_real_time
twentieth,stable,histgb,2025-09,-0.19913202309394848,0.1,-0.2991320230939485,0.2991320230939485,0.08947996724027853,2025-08,2025-09-24T01:30:00+00:00,25.0,pseudo_real_time
twentieth,stable,histgb,2025-10,-0.19991261600645266,0.1,-0.2999126160064527,0.2999126160064527,0.08994757723983395,2025-09,2025-10-24T01:30:00+00:00,25.0,pseudo_real_time
twentieth,stable,histgb,2025-11,-0.07399871692021107,0.1,-0.17399871692021107,0.17399871692021107,0.030275553489879748,2025-10,2025-11-24T01:30:00+00:00,25.0,pseudo_real_time
twentieth,stable,histgb,2025-12,0.05130735280705043,0.2,-0.14869264719294958,0.14869264719294958,0.02210950332924698,2025-11,2025-12-24T01:30:00+00:00,25.0,pseudo_real_time
twentieth,stable,histgb,2026-01,-0.16962527428212854,0.4,-0.5696252742821286,0.5696252742821286,0.3244729531009903,2025-12,2026-01-24T01:30:00+00:00,25.0,pseudo_real_time
twentieth,stable,histgb,2026-04,0.21580054744749128,1.7,-1.4841994525525086,1.4841994525525086,2.202848014957166,2026-01,2026-04-24T01:30:00+00:00,25.0,pseudo_real_time
twentieth,stable,histgb,2026-05,-0.16250365993861918,0.5,-0.6625036599386191,0.6625036599386191,0.4389110994320655,2026-04,2026-05-24T01:30:00+00:00,25.0,pseudo_real_time
twentieth,stable,histgb,2026-06,-0.02005580200161533,-0.3,0.27994419799838466,0.27994419799838466,0.0783687539929588,2026-05,2026-06-24T01:30:00+00:00,25.0,pseudo_real_time
twentieth,stable,histgb,2026-07,0.10993004628832216,-0.7,0.8099300462883221,0.8099300462883221,0.6559866798806036,2026-06,2026-07-24T01:30:00+00:00,25.0,pseudo_real_time
twentieth,stable,histgb,2026-08,-0.026708881946411227,0.4,-0.42670888194641127,0.42670888194641127,0.18208046993195634,2026-07,2026-08-24T01:30:00+00:00,25.0,pseudo_real_time
twentieth,stable,xgboost,2023-11,-0.3919883072376251,-0.3,-0.09198830723762513,0.09198830723762513,0.008461848668443716,2023-10,2023-11-24T01:30:00+00:00,5.0,pseudo_real_time
twentieth,stable,xgboost,2023-12,-0.17383374273777008,-0.3,0.1261662572622299,0.1261662572622299,0.01591792447155918,2023-11,2023-12-24T01:30:00+00:00,5.0,pseudo_real_time
twentieth,stable,xgboost,2024-01,-0.3204137086868286,-0.2,-0.1204137086868286,0.1204137086868286,0.014499461239716422,2023-12,2024-01-24T01:30:00+00:00,25.0,pseudo_real_time
twentieth,stable,xgboost,2024-04,-0.2999148368835449,-0.2,-0.09991483688354491,0.09991483688354491,0.009982974629465386,2024-01,2024-04-24T01:30:00+00:00,25.0,pseudo_real_time
twentieth,stable,xgboost,2024-05,-0.10939425975084305,0.2,-0.30939425975084306,0.30939425975084306,0.09572480796677214,2024-04,2024-05-24T01:30:00+00:00,25.0,pseudo_real_time
twentieth,stable,xgboost,2024-06,0.1479736864566803,0.1,0.04797368645668029,0.04797368645668029,0.0023014745922438702,2024-05,2024-06-24T01:30:00+00:00,25.0,pseudo_real_time
twentieth,stable,xgboost,2024-07,0.04542360454797745,-0.2,0.24542360454797746,0.24542360454797746,0.06023274566932202,2024-06,2024-07-24T01:30:00+00:00,25.0,pseudo_real_time
twentieth,stable,xgboost,2024-08,-0.377639502286911,-0.7,0.32236049771308894,0.32236049771308894,0.10391629048583043,2024-07,2024-08-24T01:30:00+00:00,25.0,pseudo_real_time
twentieth,stable,xgboost,2024-09,-0.1298617720603943,-0.6,0.4701382279396057,0.4701382279396057,0.22102995337019263,2024-08,2024-09-24T01:30:00+00:00,25.0,pseudo_real_time
twentieth,stable,xgboost,2024-10,-0.31762194633483887,-0.1,-0.21762194633483886,0.21762194633483886,0.04735931152656349,2024-09,2024-10-24T01:30:00+00:00,25.0,pseudo_real_time
twentieth,stable,xgboost,2024-11,-0.46718674898147583,-0.1,-0.36718674898147585,0.36718674898147585,0.13482610862758534,2024-10,2024-11-24T01:30:00+00:00,25.0,pseudo_real_time
twentieth,stable,xgboost,2024-12,-0.3192611634731293,-0.1,-0.21926116347312927,0.21926116347312927,0.048075457807590316,2024-11,2024-12-24T01:30:00+00:00,25.0,pseudo_real_time
twentieth,stable,xgboost,2025-01,-0.007142558693885803,-0.2,0.1928574413061142,0.1928574413061142,0.03719399266714129,2024-12,2025-01-24T01:30:00+00:00,25.0,pseudo_real_time
twentieth,stable,xgboost,2025-02,-0.06752677261829376,-0.1,0.03247322738170624,0.03247322738170624,0.0010545104965839962,2025-01,2025-02-24T01:30:00+00:00,25.0,pseudo_real_time
twentieth,stable,xgboost,2025-03,-0.11527421325445175,-0.4,0.28472578674554827,0.28472578674554827,0.08106877363787143,2025-02,2025-03-24T01:30:00+00:00,25.0,pseudo_real_time
twentieth,stable,xgboost,2025-04,-0.16318310797214508,-0.4,0.23681689202785494,0.23681689202785494,0.05608224034973271,2025-03,2025-04-24T01:30:00+00:00,25.0,pseudo_real_time
twentieth,stable,xgboost,2025-05,-0.10406853258609772,-0.4,0.2959314674139023,0.2959314674139023,0.08757543340574553,2025-04,2025-05-24T01:30:00+00:00,25.0,pseudo_real_time
twentieth,stable,xgboost,2025-06,-0.1470383107662201,-0.4,0.25296168923377993,0.25296168923377993,0.06398961622000746,2025-05,2025-06-24T01:30:00+00:00,25.0,pseudo_real_time
twentieth,stable,xgboost,2025-07,-0.0522126667201519,-0.2,0.1477873332798481,0.1477873332798481,0.0218410958779689,2025-06,2025-07-24T01:30:00+00:00,25.0,pseudo_real_time
twentieth,stable,xgboost,2025-08,0.07262196391820908,0.0,0.07262196391820908,0.07262196391820908,0.005273949643337661,2025-07,2025-08-24T01:30:00+00:00,25.0,pseudo_real_time
twentieth,stable,xgboost,2025-09,-0.18950247764587402,0.1,-0.289502477645874,0.289502477645874,0.08381168456309977,2025-08,2025-09-24T01:30:00+00:00,25.0,pseudo_real_time
twentieth,stable,xgboost,2025-10,-0.25048577785491943,0.1,-0.3504857778549194,0.3504857778549194,0.12284028047856792,2025-09,2025-10-24T01:30:00+00:00,25.0,pseudo_real_time
twentieth,stable,xgboost,2025-11,0.30159032344818115,0.1,0.20159032344818115,0.20159032344818115,0.040638658507942294,2025-10,2025-11-24T01:30:00+00:00,5.0,pseudo_real_time
twentieth,stable,xgboost,2025-12,0.0015630092239007354,0.2,-0.19843699077609928,0.19843699077609928,0.03937723930827371,2025-11,2025-12-24T01:30:00+00:00,5.0,pseudo_real_time
twentieth,stable,xgboost,2026-01,-0.11100447922945023,0.4,-0.5110044792294502,0.5110044792294502,0.2611255777925616,2025-12,2026-01-24T01:30:00+00:00,5.0,pseudo_real_time
twentieth,stable,xgboost,2026-04,0.2930150032043457,1.7,-1.4069849967956543,1.4069849967956543,1.979606781208067,2026-01,2026-04-24T01:30:00+00:00,5.0,pseudo_real_time
twentieth,stable,xgboost,2026-05,-0.17159508168697357,0.5,-0.6715950816869736,0.6715950816869736,0.4510399537461327,2026-04,2026-05-24T01:30:00+00:00,25.0,pseudo_real_time
twentieth,stable,xgboost,2026-06,-0.10503680258989334,-0.3,0.19496319741010665,0.19496319741010665,0.03801064834437221,2026-05,2026-06-24T01:30:00+00:00,5.0,pseudo_real_time
twentieth,stable,xgboost,2026-07,0.008653953671455383,-0.7,0.7086539536714553,0.7086539536714553,0.5021904260541852,2026-06,2026-07-24T01:30:00+00:00,25.0,pseudo_real_time
twentieth,stable,xgboost,2026-08,-0.03833632543683052,0.4,-0.43833632543683054,0.43833632543683054,0.19213873419746302,2026-07,2026-08-24T01:30:00+00:00,25.0,pseudo_real_time
twentieth,stable,catboost,2023-11,-0.5061185203123064,-0.3,-0.20611852031230643,0.20611852031230643,0.04248484441573468,2023-10,2023-11-24T01:30:00+00:00,5.0,pseudo_real_time
twentieth,stable,catboost,2023-12,-0.2103355509639488,-0.3,0.0896644490360512,0.0896644490360512,0.008039713420938623,2023-11,2023-12-24T01:30:00+00:00,5.0,pseudo_real_time
twentieth,stable,catboost,2024-01,-0.22048370909249856,-0.2,-0.020483709092498553,0.020483709092498553,0.0004195823381861079,2023-12,2024-01-24T01:30:00+00:00,25.0,pseudo_real_time
twentieth,stable,catboost,2024-04,-0.07786106456305153,-0.2,0.12213893543694848,0.12213893543694848,0.014917919549671069,2024-01,2024-04-24T01:30:00+00:00,25.0,pseudo_real_time
twentieth,stable,catboost,2024-05,-0.21368287740024752,0.2,-0.41368287740024756,0.41368287740024756,0.17113352305414825,2024-04,2024-05-24T01:30:00+00:00,25.0,pseudo_real_time
twentieth,stable,catboost,2024-06,0.02292544331407656,0.1,-0.07707455668592345,0.07707455668592345,0.005940487288331626,2024-05,2024-06-24T01:30:00+00:00,25.0,pseudo_real_time
twentieth,stable,catboost,2024-07,0.02938705263431049,-0.2,0.2293870526343105,0.2293870526343105,0.05261841991625594,2024-06,2024-07-24T01:30:00+00:00,25.0,pseudo_real_time
twentieth,stable,catboost,2024-08,-0.32218426565388464,-0.7,0.3778157343461153,0.3778157343461153,0.14274472911949437,2024-07,2024-08-24T01:30:00+00:00,25.0,pseudo_real_time
twentieth,stable,catboost,2024-09,-0.1546183020419493,-0.6,0.4453816979580507,0.4453816979580507,0.1983648568759963,2024-08,2024-09-24T01:30:00+00:00,25.0,pseudo_real_time
twentieth,stable,catboost,2024-10,-0.2576461525426562,-0.1,-0.1576461525426562,0.1576461525426562,0.024852309411502432,2024-09,2024-10-24T01:30:00+00:00,25.0,pseudo_real_time
twentieth,stable,catboost,2024-11,-0.378809285636226,-0.1,-0.278809285636226,0.278809285636226,0.07773461775698265,2024-10,2024-11-24T01:30:00+00:00,25.0,pseudo_real_time
twentieth,stable,catboost,2024-12,-0.28296270881923635,-0.1,-0.18296270881923635,0.18296270881923635,0.033475352818472665,2024-11,2024-12-24T01:30:00+00:00,25.0,pseudo_real_time
twentieth,stable,catboost,2025-01,-0.05664632659476826,-0.2,0.14335367340523175,0.14335367340523175,0.02055027567877385,2024-12,2025-01-24T01:30:00+00:00,25.0,pseudo_real_time
twentieth,stable,catboost,2025-02,-0.10923331011906756,-0.1,-0.009233310119067556,0.009233310119067556,8.525401575487533e-05,2025-01,2025-02-24T01:30:00+00:00,25.0,pseudo_real_time
twentieth,stable,catboost,2025-03,-0.09112258186413899,-0.4,0.308877418135861,0.308877418135861,0.09540525943427551,2025-02,2025-03-24T01:30:00+00:00,25.0,pseudo_real_time
twentieth,stable,catboost,2025-04,-0.1877864961968161,-0.4,0.21221350380318393,0.21221350380318393,0.04503457119642396,2025-03,2025-04-24T01:30:00+00:00,25.0,pseudo_real_time
twentieth,stable,catboost,2025-05,-0.1893685788963403,-0.4,0.21063142110365973,0.21063142110365973,0.04436559555614723,2025-04,2025-05-24T01:30:00+00:00,25.0,pseudo_real_time
twentieth,stable,catboost,2025-06,-0.17853639710057803,-0.4,0.221463602899422,0.221463602899422,0.04904612740919287,2025-05,2025-06-24T01:30:00+00:00,25.0,pseudo_real_time
twentieth,stable,catboost,2025-07,-0.10092802810245079,-0.2,0.09907197189754922,0.09907197189754922,0.009815255615668783,2025-06,2025-07-24T01:30:00+00:00,25.0,pseudo_real_time
twentieth,stable,catboost,2025-08,0.008587994093254225,0.0,0.008587994093254225,0.008587994093254225,7.375364254576946e-05,2025-07,2025-08-24T01:30:00+00:00,25.0,pseudo_real_time
twentieth,stable,catboost,2025-09,-0.2063116900175957,0.1,-0.30631169001759573,0.30631169001759573,0.09382685144143565,2025-08,2025-09-24T01:30:00+00:00,25.0,pseudo_real_time
twentieth,stable,catboost,2025-10,-0.22438675716471157,0.1,-0.32438675716471155,0.32438675716471155,0.10522676822383754,2025-09,2025-10-24T01:30:00+00:00,25.0,pseudo_real_time
twentieth,stable,catboost,2025-11,-0.009755802577028044,0.1,-0.10975580257702805,0.10975580257702805,0.012046336199327557,2025-10,2025-11-24T01:30:00+00:00,25.0,pseudo_real_time
twentieth,stable,catboost,2025-12,-0.16096180759348633,0.2,-0.36096180759348634,0.36096180759348634,0.13029342654115705,2025-11,2025-12-24T01:30:00+00:00,25.0,pseudo_real_time
twentieth,stable,catboost,2026-01,-0.17833499316827411,0.4,-0.5783349931682742,0.5783349931682742,0.3344713643229478,2025-12,2026-01-24T01:30:00+00:00,25.0,pseudo_real_time
twentieth,stable,catboost,2026-04,0.09891626498083547,1.7,-1.6010837350191645,1.6010837350191645,2.563469126542918,2026-01,2026-04-24T01:30:00+00:00,25.0,pseudo_real_time
twentieth,stable,catboost,2026-05,-0.10731317333824383,0.5,-0.6073131733382439,0.6073131733382439,0.36882929051016783,2026-04,2026-05-24T01:30:00+00:00,25.0,pseudo_real_time
twentieth,stable,catboost,2026-06,-0.09000972778012865,-0.3,0.20999027221987132,0.20999027221987132,0.04409591442697566,2026-05,2026-06-24T01:30:00+00:00,25.0,pseudo_real_time
twentieth,stable,catboost,2026-07,-0.06904880484230441,-0.7,0.6309511951576956,0.6309511951576956,0.39809941067092447,2026-06,2026-07-24T01:30:00+00:00,25.0,pseudo_real_time
twentieth,stable,catboost,2026-08,0.16715345843946633,0.4,-0.2328465415605337,0.2328465415605337,0.05421751191670134,2026-07,2026-08-24T01:30:00+00:00,25.0,pseudo_real_time
twentieth,stable,lightgbm,2023-11,-0.4032719177026521,-0.3,-0.1032719177026521,0.1032719177026521,0.010665088985983347,2023-10,2023-11-24T01:30:00+00:00,5.0,pseudo_real_time
twentieth,stable,lightgbm,2023-12,-0.22655889631935616,-0.3,0.07344110368064383,0.07344110368064383,0.005393595709831076,2023-11,2023-12-24T01:30:00+00:00,25.0,pseudo_real_time
twentieth,stable,lightgbm,2024-01,-0.32539154364765777,-0.2,-0.12539154364765775,0.12539154364765775,0.01572303921834246,2023-12,2024-01-24T01:30:00+00:00,25.0,pseudo_real_time
twentieth,stable,lightgbm,2024-04,-0.2592528885238562,-0.2,-0.059252888523856184,0.059252888523856184,0.003510904798420528,2024-01,2024-04-24T01:30:00+00:00,25.0,pseudo_real_time
twentieth,stable,lightgbm,2024-05,-0.23727825133166702,0.2,-0.43727825133166703,0.43727825133166703,0.19121226908768058,2024-04,2024-05-24T01:30:00+00:00,25.0,pseudo_real_time
twentieth,stable,lightgbm,2024-06,0.13102226213712853,0.1,0.031022262137128526,0.031022262137128526,0.0009623807481047181,2024-05,2024-06-24T01:30:00+00:00,25.0,pseudo_real_time
twentieth,stable,lightgbm,2024-07,0.020821088032699626,-0.2,0.22082108803269965,0.22082108803269965,0.048761952919945284,2024-06,2024-07-24T01:30:00+00:00,25.0,pseudo_real_time
twentieth,stable,lightgbm,2024-08,-0.27630523546628266,-0.7,0.4236947645337173,0.4236947645337173,0.17951725349328215,2024-07,2024-08-24T01:30:00+00:00,25.0,pseudo_real_time
twentieth,stable,lightgbm,2024-09,-0.12486217238913243,-0.6,0.47513782761086754,0.47513782761086754,0.22575595522677447,2024-08,2024-09-24T01:30:00+00:00,25.0,pseudo_real_time
twentieth,stable,lightgbm,2024-10,-0.3278819373625629,-0.1,-0.22788193736256288,0.22788193736256288,0.05193017737611503,2024-09,2024-10-24T01:30:00+00:00,25.0,pseudo_real_time
twentieth,stable,lightgbm,2024-11,-0.42249650056983673,-0.1,-0.3224965005698367,0.3224965005698367,0.10400399287979067,2024-10,2024-11-24T01:30:00+00:00,25.0,pseudo_real_time
twentieth,stable,lightgbm,2024-12,-0.25974555346130423,-0.1,-0.15974555346130423,0.15974555346130423,0.025518641850658406,2024-11,2024-12-24T01:30:00+00:00,25.0,pseudo_real_time
twentieth,stable,lightgbm,2025-01,0.0511416159936058,-0.2,0.2511416159936058,0.2511416159936058,0.06307211128387975,2024-12,2025-01-24T01:30:00+00:00,25.0,pseudo_real_time
twentieth,stable,lightgbm,2025-02,0.018096753393914755,-0.1,0.11809675339391476,0.11809675339391476,0.013946843162183118,2025-01,2025-02-24T01:30:00+00:00,25.0,pseudo_real_time
twentieth,stable,lightgbm,2025-03,-0.00948838006154043,-0.4,0.3905116199384596,0.3905116199384596,0.15249932530695992,2025-02,2025-03-24T01:30:00+00:00,25.0,pseudo_real_time
twentieth,stable,lightgbm,2025-04,-0.19969329084517318,-0.4,0.20030670915482685,0.20030670915482685,0.040122777732436395,2025-03,2025-04-24T01:30:00+00:00,25.0,pseudo_real_time
twentieth,stable,lightgbm,2025-05,-0.18861005104492737,-0.4,0.21138994895507265,0.21138994895507265,0.04468571051922822,2025-04,2025-05-24T01:30:00+00:00,25.0,pseudo_real_time
twentieth,stable,lightgbm,2025-06,-0.13303007820250276,-0.4,0.26696992179749723,0.26696992179749723,0.07127293914456179,2025-05,2025-06-24T01:30:00+00:00,25.0,pseudo_real_time
twentieth,stable,lightgbm,2025-07,-0.09221210597093124,-0.2,0.10778789402906877,0.10778789402906877,0.01161823009922176,2025-06,2025-07-24T01:30:00+00:00,25.0,pseudo_real_time
twentieth,stable,lightgbm,2025-08,0.0465092088374038,0.0,0.0465092088374038,0.0465092088374038,0.00216310650668124,2025-07,2025-08-24T01:30:00+00:00,25.0,pseudo_real_time
twentieth,stable,lightgbm,2025-09,-0.2397719321940542,0.1,-0.3397719321940542,0.3397719321940542,0.11544496590688097,2025-08,2025-09-24T01:30:00+00:00,25.0,pseudo_real_time
twentieth,stable,lightgbm,2025-10,-0.24697688137640358,0.1,-0.3469768813764036,0.3469768813764036,0.12039295620969485,2025-09,2025-10-24T01:30:00+00:00,25.0,pseudo_real_time
twentieth,stable,lightgbm,2025-11,0.31314522175207254,0.1,0.21314522175207254,0.21314522175207254,0.04543088555574017,2025-10,2025-11-24T01:30:00+00:00,5.0,pseudo_real_time
twentieth,stable,lightgbm,2025-12,-0.14728324547363708,0.2,-0.3472832454736371,0.3472832454736371,0.12060565258670247,2025-11,2025-12-24T01:30:00+00:00,25.0,pseudo_real_time
twentieth,stable,lightgbm,2026-01,-0.12336796059663999,0.4,-0.52336796059664,0.52336796059664,0.27391402217908617,2025-12,2026-01-24T01:30:00+00:00,5.0,pseudo_real_time
twentieth,stable,lightgbm,2026-04,0.13964819584494012,1.7,-1.56035180415506,1.56035180415506,2.4346977527299503,2026-01,2026-04-24T01:30:00+00:00,25.0,pseudo_real_time
twentieth,stable,lightgbm,2026-05,-0.1552657650941943,0.5,-0.6552657650941943,0.6552657650941943,0.4293732229044798,2026-04,2026-05-24T01:30:00+00:00,25.0,pseudo_real_time
twentieth,stable,lightgbm,2026-06,-0.00826758046081049,-0.3,0.2917324195391895,0.2917324195391895,0.08510780461018967,2026-05,2026-06-24T01:30:00+00:00,25.0,pseudo_real_time
twentieth,stable,lightgbm,2026-07,-0.04171435364271485,-0.7,0.6582856463572851,0.6582856463572851,0.43333999220002867,2026-06,2026-07-24T01:30:00+00:00,25.0,pseudo_real_time
twentieth,stable,lightgbm,2026-08,0.06929270711306741,0.4,-0.3307072928869326,0.3307072928869326,0.10936731356860344,2026-07,2026-08-24T01:30:00+00:00,25.0,pseudo_real_time
twentieth,union,no_change,2023-11,0.0,-0.3,0.3,0.3,0.09,2023-10,2023-11-24T01:30:00+00:00,,pseudo_real_time
twentieth,union,historical_mean,2023-11,-0.1208333333333333,-0.3,0.1791666666666667,0.1791666666666667,0.03210069444444445,2023-10,2023-11-24T01:30:00+00:00,,pseudo_real_time
twentieth,union,last_available_actual,2023-11,0.2,-0.3,0.5,0.5,0.25,2023-10,2023-11-24T01:30:00+00:00,,pseudo_real_time
twentieth,union,no_change,2023-12,0.0,-0.3,0.3,0.3,0.09,2023-11,2023-12-24T01:30:00+00:00,,pseudo_real_time
twentieth,union,historical_mean,2023-12,-0.12799999999999997,-0.3,0.17200000000000001,0.17200000000000001,0.029584000000000006,2023-11,2023-12-24T01:30:00+00:00,,pseudo_real_time
twentieth,union,last_available_actual,2023-12,-0.3,-0.3,0.0,0.0,0.0,2023-11,2023-12-24T01:30:00+00:00,,pseudo_real_time
twentieth,union,no_change,2024-01,0.0,-0.2,0.2,0.2,0.04000000000000001,2023-12,2024-01-24T01:30:00+00:00,,pseudo_real_time
twentieth,union,historical_mean,2024-01,-0.13461538461538458,-0.2,0.06538461538461543,0.06538461538461543,0.004275147928994089,2023-12,2024-01-24T01:30:00+00:00,,pseudo_real_time
twentieth,union,last_available_actual,2024-01,-0.3,-0.2,-0.09999999999999998,0.09999999999999998,0.009999999999999995,2023-12,2024-01-24T01:30:00+00:00,,pseudo_real_time
twentieth,union,no_change,2024-04,0.0,-0.2,0.2,0.2,0.04000000000000001,2024-01,2024-04-24T01:30:00+00:00,,pseudo_real_time
twentieth,union,historical_mean,2024-04,-0.137037037037037,-0.2,0.062962962962963,0.062962962962963,0.00396433470507545,2024-01,2024-04-24T01:30:00+00:00,,pseudo_real_time
twentieth,union,last_available_actual,2024-04,-0.2,-0.2,0.0,0.0,0.0,2024-01,2024-04-24T01:30:00+00:00,,pseudo_real_time
twentieth,union,no_change,2024-05,0.0,0.2,-0.2,0.2,0.04000000000000001,2024-04,2024-05-24T01:30:00+00:00,,pseudo_real_time
twentieth,union,historical_mean,2024-05,-0.13928571428571426,0.2,-0.3392857142857143,0.3392857142857143,0.11511479591836736,2024-04,2024-05-24T01:30:00+00:00,,pseudo_real_time
twentieth,union,last_available_actual,2024-05,-0.2,0.2,-0.4,0.4,0.16000000000000003,2024-04,2024-05-24T01:30:00+00:00,,pseudo_real_time
twentieth,union,no_change,2024-06,0.0,0.1,-0.1,0.1,0.010000000000000002,2024-05,2024-06-24T01:30:00+00:00,,pseudo_real_time
twentieth,union,historical_mean,2024-06,-0.1275862068965517,0.1,-0.2275862068965517,0.2275862068965517,0.05179548156956004,2024-05,2024-06-24T01:30:00+00:00,,pseudo_real_time
twentieth,union,last_available_actual,2024-06,0.2,0.1,0.1,0.1,0.010000000000000002,2024-05,2024-06-24T01:30:00+00:00,,pseudo_real_time
twentieth,union,no_change,2024-07,0.0,-0.2,0.2,0.2,0.04000000000000001,2024-06,2024-07-24T01:30:00+00:00,,pseudo_real_time
twentieth,union,historical_mean,2024-07,-0.11999999999999997,-0.2,0.08000000000000004,0.08000000000000004,0.006400000000000007,2024-06,2024-07-24T01:30:00+00:00,,pseudo_real_time
twentieth,union,last_available_actual,2024-07,0.1,-0.2,0.30000000000000004,0.30000000000000004,0.09000000000000002,2024-06,2024-07-24T01:30:00+00:00,,pseudo_real_time
twentieth,union,no_change,2024-08,0.0,-0.7,0.7,0.7,0.48999999999999994,2024-07,2024-08-24T01:30:00+00:00,,pseudo_real_time
twentieth,union,historical_mean,2024-08,-0.1225806451612903,-0.7,0.5774193548387097,0.5774193548387097,0.3334131113423517,2024-07,2024-08-24T01:30:00+00:00,,pseudo_real_time
twentieth,union,last_available_actual,2024-08,-0.2,-0.7,0.49999999999999994,0.49999999999999994,0.24999999999999994,2024-07,2024-08-24T01:30:00+00:00,,pseudo_real_time
twentieth,union,no_change,2024-09,0.0,-0.6,0.6,0.6,0.36,2024-08,2024-09-24T01:30:00+00:00,,pseudo_real_time
twentieth,union,historical_mean,2024-09,-0.140625,-0.6,0.459375,0.459375,0.21102539062499998,2024-08,2024-09-24T01:30:00+00:00,,pseudo_real_time
twentieth,union,last_available_actual,2024-09,-0.7,-0.6,-0.09999999999999998,0.09999999999999998,0.009999999999999995,2024-08,2024-09-24T01:30:00+00:00,,pseudo_real_time
twentieth,union,no_change,2024-10,0.0,-0.1,0.1,0.1,0.010000000000000002,2024-09,2024-10-24T01:30:00+00:00,,pseudo_real_time
twentieth,union,historical_mean,2024-10,-0.15454545454545454,-0.1,-0.054545454545454536,0.054545454545454536,0.002975206611570247,2024-09,2024-10-24T01:30:00+00:00,,pseudo_real_time
twentieth,union,last_available_actual,2024-10,-0.6,-0.1,-0.5,0.5,0.25,2024-09,2024-10-24T01:30:00+00:00,,pseudo_real_time
twentieth,union,no_change,2024-11,0.0,-0.1,0.1,0.1,0.010000000000000002,2024-10,2024-11-24T01:30:00+00:00,,pseudo_real_time
twentieth,union,historical_mean,2024-11,-0.15294117647058822,-0.1,-0.052941176470588214,0.052941176470588214,0.002802768166089963,2024-10,2024-11-24T01:30:00+00:00,,pseudo_real_time
twentieth,union,last_available_actual,2024-11,-0.1,-0.1,0.0,0.0,0.0,2024-10,2024-11-24T01:30:00+00:00,,pseudo_real_time
twentieth,union,no_change,2024-12,0.0,-0.1,0.1,0.1,0.010000000000000002,2024-11,2024-12-24T01:30:00+00:00,,pseudo_real_time
twentieth,union,historical_mean,2024-12,-0.15142857142857138,-0.1,-0.05142857142857138,0.05142857142857138,0.0026448979591836685,2024-11,2024-12-24T01:30:00+00:00,,pseudo_real_time
twentieth,union,last_available_actual,2024-12,-0.1,-0.1,0.0,0.0,0.0,2024-11,2024-12-24T01:30:00+00:00,,pseudo_real_time
twentieth,union,no_change,2025-01,0.0,-0.2,0.2,0.2,0.04000000000000001,2024-12,2025-01-24T01:30:00+00:00,,pseudo_real_time
twentieth,union,historical_mean,2025-01,-0.14999999999999997,-0.2,0.050000000000000044,0.050000000000000044,0.0025000000000000044,2024-12,2025-01-24T01:30:00+00:00,,pseudo_real_time
twentieth,union,last_available_actual,2025-01,-0.1,-0.2,0.1,0.1,0.010000000000000002,2024-12,2025-01-24T01:30:00+00:00,,pseudo_real_time
twentieth,union,no_change,2025-02,0.0,-0.1,0.1,0.1,0.010000000000000002,2025-01,2025-02-24T01:30:00+00:00,,pseudo_real_time
twentieth,union,historical_mean,2025-02,-0.1513513513513513,-0.1,-0.0513513513513513,0.0513513513513513,0.0026369612856099287,2025-01,2025-02-24T01:30:00+00:00,,pseudo_real_time
twentieth,union,last_available_actual,2025-02,-0.2,-0.1,-0.1,0.1,0.010000000000000002,2025-01,2025-02-24T01:30:00+00:00,,pseudo_real_time
twentieth,union,no_change,2025-03,0.0,-0.4,0.4,0.4,0.16000000000000003,2025-02,2025-03-24T01:30:00+00:00,,pseudo_real_time
twentieth,union,historical_mean,2025-03,-0.14999999999999997,-0.4,0.25000000000000006,0.25000000000000006,0.06250000000000003,2025-02,2025-03-24T01:30:00+00:00,,pseudo_real_time
twentieth,union,last_available_actual,2025-03,-0.1,-0.4,0.30000000000000004,0.30000000000000004,0.09000000000000002,2025-02,2025-03-24T01:30:00+00:00,,pseudo_real_time
twentieth,union,no_change,2025-04,0.0,-0.4,0.4,0.4,0.16000000000000003,2025-03,2025-04-24T01:30:00+00:00,,pseudo_real_time
twentieth,union,historical_mean,2025-04,-0.15641025641025638,-0.4,0.24358974358974364,0.24358974358974364,0.059335963182117056,2025-03,2025-04-24T01:30:00+00:00,,pseudo_real_time
twentieth,union,last_available_actual,2025-04,-0.4,-0.4,0.0,0.0,0.0,2025-03,2025-04-24T01:30:00+00:00,,pseudo_real_time
twentieth,union,no_change,2025-05,0.0,-0.4,0.4,0.4,0.16000000000000003,2025-04,2025-05-24T01:30:00+00:00,,pseudo_real_time
twentieth,union,historical_mean,2025-05,-0.1625,-0.4,0.23750000000000002,0.23750000000000002,0.056406250000000005,2025-04,2025-05-24T01:30:00+00:00,,pseudo_real_time
twentieth,union,last_available_actual,2025-05,-0.4,-0.4,0.0,0.0,0.0,2025-04,2025-05-24T01:30:00+00:00,,pseudo_real_time
twentieth,union,no_change,2025-06,0.0,-0.4,0.4,0.4,0.16000000000000003,2025-05,2025-06-24T01:30:00+00:00,,pseudo_real_time
twentieth,union,historical_mean,2025-06,-0.16829268292682928,-0.4,0.23170731707317074,0.23170731707317074,0.05368828078524688,2025-05,2025-06-24T01:30:00+00:00,,pseudo_real_time
twentieth,union,last_available_actual,2025-06,-0.4,-0.4,0.0,0.0,0.0,2025-05,2025-06-24T01:30:00+00:00,,pseudo_real_time
twentieth,union,no_change,2025-07,0.0,-0.2,0.2,0.2,0.04000000000000001,2025-06,2025-07-24T01:30:00+00:00,,pseudo_real_time
twentieth,union,historical_mean,2025-07,-0.17380952380952383,-0.2,0.02619047619047618,0.02619047619047618,0.0006859410430838998,2025-06,2025-07-24T01:30:00+00:00,,pseudo_real_time
twentieth,union,last_available_actual,2025-07,-0.4,-0.2,-0.2,0.2,0.04000000000000001,2025-06,2025-07-24T01:30:00+00:00,,pseudo_real_time
twentieth,union,no_change,2025-08,0.0,0.0,0.0,0.0,0.0,2025-07,2025-08-24T01:30:00+00:00,,pseudo_real_time
twentieth,union,historical_mean,2025-08,-0.17441860465116282,0.0,-0.17441860465116282,0.17441860465116282,0.03042184964845864,2025-07,2025-08-24T01:30:00+00:00,,pseudo_real_time
twentieth,union,last_available_actual,2025-08,-0.2,0.0,-0.2,0.2,0.04000000000000001,2025-07,2025-08-24T01:30:00+00:00,,pseudo_real_time
twentieth,union,no_change,2025-09,0.0,0.1,-0.1,0.1,0.010000000000000002,2025-08,2025-09-24T01:30:00+00:00,,pseudo_real_time
twentieth,union,historical_mean,2025-09,-0.17045454545454547,0.1,-0.2704545454545455,0.2704545454545455,0.07314566115702482,2025-08,2025-09-24T01:30:00+00:00,,pseudo_real_time
twentieth,union,last_available_actual,2025-09,0.0,0.1,-0.1,0.1,0.010000000000000002,2025-08,2025-09-24T01:30:00+00:00,,pseudo_real_time
twentieth,union,no_change,2025-10,0.0,0.1,-0.1,0.1,0.010000000000000002,2025-09,2025-10-24T01:30:00+00:00,,pseudo_real_time
twentieth,union,historical_mean,2025-10,-0.16444444444444448,0.1,-0.2644444444444445,0.2644444444444445,0.06993086419753089,2025-09,2025-10-24T01:30:00+00:00,,pseudo_real_time
twentieth,union,last_available_actual,2025-10,0.1,0.1,0.0,0.0,0.0,2025-09,2025-10-24T01:30:00+00:00,,pseudo_real_time
twentieth,union,no_change,2025-11,0.0,0.1,-0.1,0.1,0.010000000000000002,2025-10,2025-11-24T01:30:00+00:00,,pseudo_real_time
twentieth,union,historical_mean,2025-11,-0.15869565217391307,0.1,-0.2586956521739131,0.2586956521739131,0.06692344045368623,2025-10,2025-11-24T01:30:00+00:00,,pseudo_real_time
twentieth,union,last_available_actual,2025-11,0.1,0.1,0.0,0.0,0.0,2025-10,2025-11-24T01:30:00+00:00,,pseudo_real_time
twentieth,union,no_change,2025-12,0.0,0.2,-0.2,0.2,0.04000000000000001,2025-11,2025-12-24T01:30:00+00:00,,pseudo_real_time
twentieth,union,historical_mean,2025-12,-0.15319148936170218,0.2,-0.3531914893617022,0.3531914893617022,0.1247442281575374,2025-11,2025-12-24T01:30:00+00:00,,pseudo_real_time
twentieth,union,last_available_actual,2025-12,0.1,0.2,-0.1,0.1,0.010000000000000002,2025-11,2025-12-24T01:30:00+00:00,,pseudo_real_time
twentieth,union,no_change,2026-01,0.0,0.4,-0.4,0.4,0.16000000000000003,2025-12,2026-01-24T01:30:00+00:00,,pseudo_real_time
twentieth,union,historical_mean,2026-01,-0.14583333333333334,0.4,-0.5458333333333334,0.5458333333333334,0.29793402777777783,2025-12,2026-01-24T01:30:00+00:00,,pseudo_real_time
twentieth,union,last_available_actual,2026-01,0.2,0.4,-0.2,0.2,0.04000000000000001,2025-12,2026-01-24T01:30:00+00:00,,pseudo_real_time
twentieth,union,no_change,2026-04,0.0,1.7,-1.7,1.7,2.8899999999999997,2026-01,2026-04-24T01:30:00+00:00,,pseudo_real_time
twentieth,union,historical_mean,2026-04,-0.1346938775510204,1.7,-1.8346938775510204,1.8346938775510204,3.366101624323199,2026-01,2026-04-24T01:30:00+00:00,,pseudo_real_time
twentieth,union,last_available_actual,2026-04,0.4,1.7,-1.2999999999999998,1.2999999999999998,1.6899999999999995,2026-01,2026-04-24T01:30:00+00:00,,pseudo_real_time
twentieth,union,no_change,2026-05,0.0,0.5,-0.5,0.5,0.25,2026-04,2026-05-24T01:30:00+00:00,,pseudo_real_time
twentieth,union,historical_mean,2026-05,-0.09799999999999999,0.5,-0.598,0.598,0.357604,2026-04,2026-05-24T01:30:00+00:00,,pseudo_real_time
twentieth,union,last_available_actual,2026-05,1.7,0.5,1.2,1.2,1.44,2026-04,2026-05-24T01:30:00+00:00,,pseudo_real_time
twentieth,union,no_change,2026-06,0.0,-0.3,0.3,0.3,0.09,2026-05,2026-06-24T01:30:00+00:00,,pseudo_real_time
twentieth,union,historical_mean,2026-06,-0.08627450980392155,-0.3,0.21372549019607845,0.21372549019607845,0.045678585159554023,2026-05,2026-06-24T01:30:00+00:00,,pseudo_real_time
twentieth,union,last_available_actual,2026-06,0.5,-0.3,0.8,0.8,0.6400000000000001,2026-05,2026-06-24T01:30:00+00:00,,pseudo_real_time
twentieth,union,no_change,2026-07,0.0,-0.7,0.7,0.7,0.48999999999999994,2026-06,2026-07-24T01:30:00+00:00,,pseudo_real_time
twentieth,union,historical_mean,2026-07,-0.09038461538461537,-0.7,0.6096153846153846,0.6096153846153846,0.37163091715976326,2026-06,2026-07-24T01:30:00+00:00,,pseudo_real_time
twentieth,union,last_available_actual,2026-07,-0.3,-0.7,0.39999999999999997,0.39999999999999997,0.15999999999999998,2026-06,2026-07-24T01:30:00+00:00,,pseudo_real_time
twentieth,union,no_change,2026-08,0.0,0.4,-0.4,0.4,0.16000000000000003,2026-07,2026-08-24T01:30:00+00:00,,pseudo_real_time
twentieth,union,historical_mean,2026-08,-0.10188679245283018,0.4,-0.5018867924528302,0.5018867924528302,0.25189035243859026,2026-07,2026-08-24T01:30:00+00:00,,pseudo_real_time
twentieth,union,last_available_actual,2026-08,-0.7,0.4,-1.1,1.1,1.2100000000000002,2026-07,2026-08-24T01:30:00+00:00,,pseudo_real_time
final,union,ridge,2024-01,-0.25603165549853485,-0.2,-0.05603165549853484,0.05603165549853484,0.0031395464179064894,2023-12,2024-01-24T01:30:00+00:00,25.0,pseudo_real_time
final,union,ridge,2024-04,-0.07788426528820691,-0.2,0.1221157347117931,0.1221157347117931,0.01491225266420103,2024-01,2024-04-24T01:30:00+00:00,25.0,pseudo_real_time
final,union,ridge,2024-05,-0.06811789062825441,0.2,-0.2681178906282544,0.2681178906282544,0.07188720327494459,2024-04,2024-05-24T01:30:00+00:00,25.0,pseudo_real_time
final,union,ridge,2024-06,0.1702008504491386,0.1,0.0702008504491386,0.0702008504491386,0.004928159403782322,2024-05,2024-06-24T01:30:00+00:00,25.0,pseudo_real_time
final,union,ridge,2024-07,-0.12171708839532272,-0.2,0.07828291160467729,0.07828291160467729,0.006128214249305718,2024-06,2024-07-24T01:30:00+00:00,25.0,pseudo_real_time
final,union,ridge,2024-08,-0.5230679361948627,-0.7,0.17693206380513726,0.17693206380513726,0.031304955202345164,2024-07,2024-08-24T01:30:00+00:00,25.0,pseudo_real_time
final,union,ridge,2024-09,-0.3905641817192713,-0.6,0.20943581828072866,0.20943581828072866,0.043863361978918394,2024-08,2024-09-24T01:30:00+00:00,25.0,pseudo_real_time
final,union,ridge,2024-10,0.323241250134961,-0.1,0.42324125013496106,0.42324125013496106,0.17913315581580466,2024-09,2024-10-24T01:30:00+00:00,25.0,pseudo_real_time
final,union,ridge,2024-11,-0.31872674737768125,-0.1,-0.21872674737768125,0.21872674737768125,0.04784139001841999,2024-10,2024-11-24T01:30:00+00:00,25.0,pseudo_real_time
final,union,ridge,2024-12,-0.12039314456193717,-0.1,-0.020393144561937165,0.020393144561937165,0.0004158803451240674,2024-11,2024-12-24T01:30:00+00:00,25.0,pseudo_real_time
final,union,ridge,2025-01,-0.4076485708566847,-0.2,-0.2076485708566847,0.2076485708566847,0.043117928978823605,2024-12,2025-01-24T01:30:00+00:00,25.0,pseudo_real_time
final,union,ridge,2025-02,-0.1555427045307795,-0.1,-0.0555427045307795,0.0555427045307795,0.003084992026593474,2025-01,2025-02-24T01:30:00+00:00,25.0,pseudo_real_time
final,union,ridge,2025-03,-0.11295310529981392,-0.4,0.2870468947001861,0.2870468947001861,0.08239591975701971,2025-02,2025-03-24T01:30:00+00:00,25.0,pseudo_real_time
final,union,ridge,2025-04,-0.4882058939554329,-0.4,-0.08820589395543288,0.08820589395543288,0.0077802797284770705,2025-03,2025-04-24T01:30:00+00:00,25.0,pseudo_real_time
final,union,ridge,2025-05,-0.46081870535663444,-0.4,-0.06081870535663442,0.06081870535663442,0.003698914921257112,2025-04,2025-05-24T01:30:00+00:00,25.0,pseudo_real_time
final,union,ridge,2025-06,-0.1974797846861419,-0.4,0.2025202153138581,0.2025202153138581,0.04101443761077145,2025-05,2025-06-24T01:30:00+00:00,25.0,pseudo_real_time
final,union,ridge,2025-07,-0.26615477318449227,-0.2,-0.06615477318449225,0.06615477318449225,0.0043764540150916156,2025-06,2025-07-24T01:30:00+00:00,25.0,pseudo_real_time
final,union,ridge,2025-08,0.04379903610395397,0.0,0.04379903610395397,0.04379903610395397,0.0019183555636354634,2025-07,2025-08-24T01:30:00+00:00,25.0,pseudo_real_time
final,union,ridge,2025-09,-0.16651504763541333,0.1,-0.26651504763541334,0.26651504763541334,0.07103027061610664,2025-08,2025-09-24T01:30:00+00:00,25.0,pseudo_real_time
final,union,ridge,2025-12,-0.03512817826772058,0.2,-0.2351281782677206,0.2351281782677206,0.05528526021549699,2025-09,2025-12-24T01:30:00+00:00,25.0,pseudo_real_time
final,union,ridge,2026-01,-0.2941042425672092,0.4,-0.6941042425672093,0.6941042425672093,0.4817806995497993,2025-12,2026-01-24T01:30:00+00:00,25.0,pseudo_real_time
final,union,ridge,2026-04,0.6445434014728485,1.7,-1.0554565985271513,1.0554565985271513,1.1139886313745044,2026-01,2026-04-24T01:30:00+00:00,25.0,pseudo_real_time
final,union,ridge,2026-05,1.1539520790342455,0.5,0.6539520790342455,0.6539520790342455,0.427653321673212,2026-04,2026-05-24T01:30:00+00:00,25.0,pseudo_real_time
final,union,ridge,2026-06,0.9860343390983546,-0.3,1.2860343390983546,1.2860343390983546,1.6538843213401417,2026-05,2026-06-24T01:30:00+00:00,25.0,pseudo_real_time
final,union,ridge,2026-07,0.27714531752902904,-0.7,0.977145317529029,0.977145317529029,0.9548129715689069,2026-06,2026-07-24T01:30:00+00:00,25.0,pseudo_real_time
final,union,ridge,2026-08,2.210064512830221,0.4,1.810064512830221,1.810064512830221,3.2763335406073057,2026-07,2026-08-24T01:30:00+00:00,25.0,pseudo_real_time
final,union,histgb,2024-01,-0.48048389588955726,-0.2,-0.28048389588955724,0.28048389588955724,0.07867121585338399,2023-12,2024-01-24T01:30:00+00:00,25.0,pseudo_real_time
final,union,histgb,2024-04,-0.2599378864470447,-0.2,-0.059937886447044675,0.059937886447044675,0.0035925502317388216,2024-01,2024-04-24T01:30:00+00:00,25.0,pseudo_real_time
final,union,histgb,2024-05,-0.3639946675042824,0.2,-0.5639946675042824,0.5639946675042824,0.31808998497326607,2024-04,2024-05-24T01:30:00+00:00,5.0,pseudo_real_time
final,union,histgb,2024-06,0.060383630167309056,0.1,-0.03961636983269095,0.03961636983269095,0.0015694567587205455,2024-05,2024-06-24T01:30:00+00:00,5.0,pseudo_real_time
final,union,histgb,2024-07,0.10291927876651667,-0.2,0.3029192787665167,0.3029192787665167,0.09176008944842666,2024-06,2024-07-24T01:30:00+00:00,25.0,pseudo_real_time
final,union,histgb,2024-08,-0.30549170114412616,-0.7,0.3945082988558738,0.3945082988558738,0.15563679786615545,2024-07,2024-08-24T01:30:00+00:00,25.0,pseudo_real_time
final,union,histgb,2024-09,-0.6152377821818037,-0.6,-0.015237782181803716,0.015237782181803716,0.00023219000582009482,2024-08,2024-09-24T01:30:00+00:00,25.0,pseudo_real_time
final,union,histgb,2024-10,-0.34696673437301134,-0.1,-0.24696673437301134,0.24696673437301134,0.06099256788686954,2024-09,2024-10-24T01:30:00+00:00,25.0,pseudo_real_time
final,union,histgb,2024-11,-0.4443707622160702,-0.1,-0.3443707622160702,0.3443707622160702,0.11859122186927717,2024-10,2024-11-24T01:30:00+00:00,25.0,pseudo_real_time
final,union,histgb,2024-12,-0.15454003078932796,-0.1,-0.05454003078932795,0.05454003078932795,0.002974614958500841,2024-11,2024-12-24T01:30:00+00:00,25.0,pseudo_real_time
final,union,histgb,2025-01,-0.4094683346494051,-0.2,-0.20946833464940506,0.20946833464940506,0.04387698322079515,2024-12,2025-01-24T01:30:00+00:00,25.0,pseudo_real_time
final,union,histgb,2025-02,0.1075375993331398,-0.1,0.2075375993331398,0.2075375993331398,0.04307185513696287,2025-01,2025-02-24T01:30:00+00:00,25.0,pseudo_real_time
final,union,histgb,2025-03,-0.12859984602259436,-0.4,0.2714001539774057,0.2714001539774057,0.07365804357895951,2025-02,2025-03-24T01:30:00+00:00,25.0,pseudo_real_time
final,union,histgb,2025-04,-0.08227558860256493,-0.4,0.3177244113974351,0.3177244113974351,0.1009488015978466,2025-03,2025-04-24T01:30:00+00:00,25.0,pseudo_real_time
final,union,histgb,2025-05,-0.47660584547474505,-0.4,-0.07660584547474503,0.07660584547474503,0.005868455560900513,2025-04,2025-05-24T01:30:00+00:00,25.0,pseudo_real_time
final,union,histgb,2025-06,-0.35476805009894513,-0.4,0.04523194990105489,0.04523194990105489,0.0020459292918515396,2025-05,2025-06-24T01:30:00+00:00,25.0,pseudo_real_time
final,union,histgb,2025-07,0.1442814226439346,-0.2,0.3442814226439346,0.3442814226439346,0.11852969797773151,2025-06,2025-07-24T01:30:00+00:00,25.0,pseudo_real_time
final,union,histgb,2025-08,-0.026996099793662034,0.0,-0.026996099793662034,0.026996099793662034,0.0007287894040693593,2025-07,2025-08-24T01:30:00+00:00,25.0,pseudo_real_time
final,union,histgb,2025-09,-0.29770223395303563,0.1,-0.3977022339530356,0.3977022339530356,0.15816706689123508,2025-08,2025-09-24T01:30:00+00:00,25.0,pseudo_real_time
final,union,histgb,2025-12,-0.31811732684082217,0.2,-0.5181173268408221,0.5181173268408221,0.2684455643726793,2025-09,2025-12-24T01:30:00+00:00,25.0,pseudo_real_time
final,union,histgb,2026-01,-0.34051103345053185,0.4,-0.7405110334505318,0.7405110334505318,0.5483565906619746,2025-12,2026-01-24T01:30:00+00:00,25.0,pseudo_real_time
final,union,histgb,2026-04,-0.028703272278754275,1.7,-1.7287032722787543,1.7287032722787543,2.988415003587273,2026-01,2026-04-24T01:30:00+00:00,25.0,pseudo_real_time
final,union,histgb,2026-05,0.25867688674248096,0.5,-0.24132311325751904,0.24132311325751904,0.05823684499230136,2026-04,2026-05-24T01:30:00+00:00,5.0,pseudo_real_time
final,union,histgb,2026-06,0.163342134245784,-0.3,0.46334213424578397,0.46334213424578397,0.2146859333674381,2026-05,2026-06-24T01:30:00+00:00,25.0,pseudo_real_time
final,union,histgb,2026-07,0.13971803152399165,-0.7,0.8397180315239916,0.8397180315239916,0.7051263724665273,2026-06,2026-07-24T01:30:00+00:00,5.0,pseudo_real_time
final,union,histgb,2026-08,-0.0009976384332766996,0.4,-0.40099763843327674,0.40099763843327674,0.16079910602906494,2026-07,2026-08-24T01:30:00+00:00,25.0,pseudo_real_time
final,union,xgboost,2024-01,-0.5212095379829407,-0.2,-0.32120953798294066,0.32120953798294066,0.1031755672912142,2023-12,2024-01-24T01:30:00+00:00,5.0,pseudo_real_time
final,union,xgboost,2024-04,-0.2568305432796478,-0.2,-0.056830543279647816,0.056830543279647816,0.0032297106494599236,2024-01,2024-04-24T01:30:00+00:00,25.0,pseudo_real_time
final,union,xgboost,2024-05,-0.46146106719970703,0.2,-0.661461067199707,0.661461067199707,0.4375307434209753,2024-04,2024-05-24T01:30:00+00:00,25.0,pseudo_real_time
final,union,xgboost,2024-06,0.037828002125024796,0.1,-0.06217199787497521,0.06217199787497521,0.003865357319765922,2024-05,2024-06-24T01:30:00+00:00,25.0,pseudo_real_time
final,union,xgboost,2024-07,0.05192861706018448,-0.2,0.2519286170601845,0.2519286170601845,0.06346802809385708,2024-06,2024-07-24T01:30:00+00:00,25.0,pseudo_real_time
final,union,xgboost,2024-08,-0.40342018008232117,-0.7,0.2965798199176788,0.2965798199176788,0.08795958958240278,2024-07,2024-08-24T01:30:00+00:00,25.0,pseudo_real_time
final,union,xgboost,2024-09,-0.5374276638031006,-0.6,0.06257233619689939,0.06257233619689939,0.003915297257137806,2024-08,2024-09-24T01:30:00+00:00,25.0,pseudo_real_time
final,union,xgboost,2024-10,-0.36457371711730957,-0.1,-0.2645737171173096,0.2645737171173096,0.06999925178927016,2024-09,2024-10-24T01:30:00+00:00,25.0,pseudo_real_time
final,union,xgboost,2024-11,-0.2825733423233032,-0.1,-0.18257334232330322,0.18257334232330322,0.03333302532710206,2024-10,2024-11-24T01:30:00+00:00,25.0,pseudo_real_time
final,union,xgboost,2024-12,-0.09130359441041946,-0.1,0.008696405589580541,0.008696405589580541,7.562747017848768e-05,2024-11,2024-12-24T01:30:00+00:00,25.0,pseudo_real_time
final,union,xgboost,2025-01,-0.23940850794315338,-0.2,-0.03940850794315337,0.03940850794315337,0.0015530304983055823,2024-12,2025-01-24T01:30:00+00:00,25.0,pseudo_real_time
final,union,xgboost,2025-02,0.003658280009403825,-0.1,0.10365828000940383,0.10365828000940383,0.010745039014507969,2025-01,2025-02-24T01:30:00+00:00,25.0,pseudo_real_time
final,union,xgboost,2025-03,-0.11048755049705505,-0.4,0.28951244950294497,0.28951244950294497,0.08381745841719526,2025-02,2025-03-24T01:30:00+00:00,25.0,pseudo_real_time
final,union,xgboost,2025-04,-0.16283968091011047,-0.4,0.23716031908988955,0.23716031908988955,0.05624501695081823,2025-03,2025-04-24T01:30:00+00:00,25.0,pseudo_real_time
final,union,xgboost,2025-05,-0.34433332085609436,-0.4,0.05566667914390566,0.05566667914390566,0.0030987791669105417,2025-04,2025-05-24T01:30:00+00:00,25.0,pseudo_real_time
final,union,xgboost,2025-06,-0.1857973039150238,-0.4,0.21420269608497622,0.21420269608497622,0.04588279501007268,2025-05,2025-06-24T01:30:00+00:00,25.0,pseudo_real_time
final,union,xgboost,2025-07,-0.06402051448822021,-0.2,0.1359794855117798,0.1359794855117798,0.01849042048004833,2025-06,2025-07-24T01:30:00+00:00,25.0,pseudo_real_time
final,union,xgboost,2025-08,-0.1002730056643486,0.0,-0.1002730056643486,0.1002730056643486,0.010054675664962487,2025-07,2025-08-24T01:30:00+00:00,5.0,pseudo_real_time
final,union,xgboost,2025-09,-0.27234867215156555,0.1,-0.37234867215156553,0.37234867215156553,0.13864353365303403,2025-08,2025-09-24T01:30:00+00:00,5.0,pseudo_real_time
final,union,xgboost,2025-12,-0.3263789713382721,0.2,-0.526378971338272,0.526378971338272,0.2770748214671374,2025-09,2025-12-24T01:30:00+00:00,5.0,pseudo_real_time
final,union,xgboost,2026-01,-0.2388194054365158,0.4,-0.6388194054365158,0.6388194054365158,0.4080902327622636,2025-12,2026-01-24T01:30:00+00:00,25.0,pseudo_real_time
final,union,xgboost,2026-04,-0.048259180039167404,1.7,-1.7482591800391674,1.7482591800391674,3.0564101605912217,2026-01,2026-04-24T01:30:00+00:00,25.0,pseudo_real_time
final,union,xgboost,2026-05,-0.07013080269098282,0.5,-0.5701308026909828,0.5701308026909828,0.3250491321770644,2026-04,2026-05-24T01:30:00+00:00,25.0,pseudo_real_time
final,union,xgboost,2026-06,0.1064956784248352,-0.3,0.4064956784248352,0.4064956784248352,0.16523873657806704,2026-05,2026-06-24T01:30:00+00:00,25.0,pseudo_real_time
final,union,xgboost,2026-07,0.11858166009187698,-0.7,0.8185816600918769,0.8185816600918769,0.6700759342387732,2026-06,2026-07-24T01:30:00+00:00,25.0,pseudo_real_time
final,union,xgboost,2026-08,-0.03497634828090668,0.4,-0.4349763482809067,0.4349763482809067,0.18920442356379263,2026-07,2026-08-24T01:30:00+00:00,25.0,pseudo_real_time
final,union,catboost,2024-01,-0.3318035859379213,-0.2,-0.1318035859379213,0.1318035859379213,0.017372185266095005,2023-12,2024-01-24T01:30:00+00:00,5.0,pseudo_real_time
final,union,catboost,2024-04,0.08670561644413444,-0.2,0.28670561644413445,0.28670561644413445,0.08220011050061114,2024-01,2024-04-24T01:30:00+00:00,5.0,pseudo_real_time
final,union,catboost,2024-05,-0.13972800525661136,0.2,-0.3397280052566114,0.3397280052566114,0.11541511755563619,2024-04,2024-05-24T01:30:00+00:00,5.0,pseudo_real_time
final,union,catboost,2024-06,0.04275332466942855,0.1,-0.057246675330571456,0.057246675330571456,0.0032771818364038586,2024-05,2024-06-24T01:30:00+00:00,5.0,pseudo_real_time
final,union,catboost,2024-07,-0.024580175106279856,-0.2,0.17541982489372016,0.17541982489372016,0.030772114965743443,2024-06,2024-07-24T01:30:00+00:00,5.0,pseudo_real_time
final,union,catboost,2024-08,-0.1425684123314473,-0.7,0.5574315876685527,0.5574315876685527,0.3107299749306834,2024-07,2024-08-24T01:30:00+00:00,5.0,pseudo_real_time
final,union,catboost,2024-09,-0.2681527234791511,-0.6,0.3318472765208489,0.3318472765208489,0.11012261493430475,2024-08,2024-09-24T01:30:00+00:00,5.0,pseudo_real_time
final,union,catboost,2024-10,-0.2354226510080823,-0.1,-0.1354226510080823,0.1354226510080823,0.01833929440605685,2024-09,2024-10-24T01:30:00+00:00,25.0,pseudo_real_time
final,union,catboost,2024-11,-0.368729877148426,-0.1,-0.268729877148426,0.268729877148426,0.07221574687220814,2024-10,2024-11-24T01:30:00+00:00,25.0,pseudo_real_time
final,union,catboost,2024-12,-0.1436932867208523,-0.1,-0.04369328672085229,0.04369328672085229,0.0019091033044706072,2024-11,2024-12-24T01:30:00+00:00,25.0,pseudo_real_time
final,union,catboost,2025-01,-0.2776308343909391,-0.2,-0.0776308343909391,0.0776308343909391,0.006026546448233412,2024-12,2025-01-24T01:30:00+00:00,5.0,pseudo_real_time
final,union,catboost,2025-02,0.023766071396768534,-0.1,0.12376607139676854,0.12376607139676854,0.015318040428990008,2025-01,2025-02-24T01:30:00+00:00,5.0,pseudo_real_time
final,union,catboost,2025-03,-0.13740827826851612,-0.4,0.26259172173148393,0.26259172173148393,0.06895441232190509,2025-02,2025-03-24T01:30:00+00:00,5.0,pseudo_real_time
final,union,catboost,2025-04,-0.14153012514921814,-0.4,0.2584698748507819,0.2584698748507819,0.06680667620537885,2025-03,2025-04-24T01:30:00+00:00,25.0,pseudo_real_time
final,union,catboost,2025-05,-0.304051573716906,-0.4,0.09594842628309402,0.09594842628309402,0.009206100506202328,2025-04,2025-05-24T01:30:00+00:00,5.0,pseudo_real_time
final,union,catboost,2025-06,-0.21108541229653438,-0.4,0.18891458770346564,0.18891458770346564,0.03568872144717041,2025-05,2025-06-24T01:30:00+00:00,5.0,pseudo_real_time
final,union,catboost,2025-07,-0.08976367314873757,-0.2,0.11023632685126245,0.11023632685126245,0.012152047757658366,2025-06,2025-07-24T01:30:00+00:00,25.0,pseudo_real_time
final,union,catboost,2025-08,-0.14141997048472432,0.0,-0.14141997048472432,0.14141997048472432,0.0199996080519003,2025-07,2025-08-24T01:30:00+00:00,25.0,pseudo_real_time
final,union,catboost,2025-09,-0.22266415475215998,0.1,-0.32266415475216,0.32266415475216,0.10411215676192584,2025-08,2025-09-24T01:30:00+00:00,5.0,pseudo_real_time
final,union,catboost,2025-12,-0.21453989865812062,0.2,-0.41453989865812063,0.41453989865812063,0.17184332757948492,2025-09,2025-12-24T01:30:00+00:00,25.0,pseudo_real_time
final,union,catboost,2026-01,-0.16878380340253163,0.4,-0.5687838034025317,0.5687838034025317,0.3235150150130498,2025-12,2026-01-24T01:30:00+00:00,5.0,pseudo_real_time
final,union,catboost,2026-04,0.17724252995720458,1.7,-1.5227574700427953,1.5227574700427953,2.3187903125711347,2026-01,2026-04-24T01:30:00+00:00,5.0,pseudo_real_time
final,union,catboost,2026-05,0.43005913561174247,0.5,-0.06994086438825753,0.06994086438825753,0.00489172451137663,2026-04,2026-05-24T01:30:00+00:00,5.0,pseudo_real_time
final,union,catboost,2026-06,0.40655596337267674,-0.3,0.7065559633726768,0.7065559633726768,0.49922132937749136,2026-05,2026-06-24T01:30:00+00:00,5.0,pseudo_real_time
final,union,catboost,2026-07,-0.003995227171788879,-0.7,0.696004772828211,0.696004772828211,0.48442264379964967,2026-06,2026-07-24T01:30:00+00:00,5.0,pseudo_real_time
final,union,catboost,2026-08,0.11527528410124055,0.4,-0.2847247158987595,0.2847247158987595,0.08106816384362929,2026-07,2026-08-24T01:30:00+00:00,5.0,pseudo_real_time
final,union,lightgbm,2024-01,-0.5710439246838904,-0.2,-0.3710439246838904,0.3710439246838904,0.13767359404482454,2023-12,2024-01-24T01:30:00+00:00,5.0,pseudo_real_time
final,union,lightgbm,2024-04,-0.20372454983422125,-0.2,-0.0037245498342212413,0.0037245498342212413,1.3872271467597476e-05,2024-01,2024-04-24T01:30:00+00:00,25.0,pseudo_real_time
final,union,lightgbm,2024-05,-0.5054709169403513,0.2,-0.7054709169403512,0.7054709169403512,0.49768921464865995,2024-04,2024-05-24T01:30:00+00:00,5.0,pseudo_real_time
final,union,lightgbm,2024-06,0.11468753357904254,0.1,0.014687533579042539,0.014687533579042539,0.00021572364263550213,2024-05,2024-06-24T01:30:00+00:00,5.0,pseudo_real_time
final,union,lightgbm,2024-07,-0.0031572500610240746,-0.2,0.19684274993897594,0.19684274993897594,0.03874706820353821,2024-06,2024-07-24T01:30:00+00:00,25.0,pseudo_real_time
final,union,lightgbm,2024-08,-0.2966170307017187,-0.7,0.40338296929828127,0.40338296929828127,0.16271781991989812,2024-07,2024-08-24T01:30:00+00:00,25.0,pseudo_real_time
final,union,lightgbm,2024-09,-0.43648860079635105,-0.6,0.16351139920364893,0.16351139920364893,0.026735977669535047,2024-08,2024-09-24T01:30:00+00:00,25.0,pseudo_real_time
final,union,lightgbm,2024-10,-0.22245630756608914,-0.1,-0.12245630756608913,0.12245630756608913,0.01499554726272062,2024-09,2024-10-24T01:30:00+00:00,25.0,pseudo_real_time
final,union,lightgbm,2024-11,-0.34485430449033366,-0.1,-0.24485430449033366,0.24485430449033366,0.05995363042744503,2024-10,2024-11-24T01:30:00+00:00,25.0,pseudo_real_time
final,union,lightgbm,2024-12,-0.06374548974489082,-0.1,0.03625451025510919,0.03625451025510919,0.0013143895138378171,2024-11,2024-12-24T01:30:00+00:00,25.0,pseudo_real_time
final,union,lightgbm,2025-01,-0.3137090502366443,-0.2,-0.1137090502366443,0.1137090502366443,0.012929748105719696,2024-12,2025-01-24T01:30:00+00:00,25.0,pseudo_real_time
final,union,lightgbm,2025-02,-0.05045235825408089,-0.1,0.049547641745919115,0.049547641745919115,0.0024549688025819467,2025-01,2025-02-24T01:30:00+00:00,25.0,pseudo_real_time
final,union,lightgbm,2025-03,-0.18621781071665727,-0.4,0.21378218928334275,0.21378218928334275,0.04570282445477899,2025-02,2025-03-24T01:30:00+00:00,25.0,pseudo_real_time
final,union,lightgbm,2025-04,-0.17441678974976224,-0.4,0.22558321025023778,0.22558321025023778,0.050887784746802986,2025-03,2025-04-24T01:30:00+00:00,25.0,pseudo_real_time
final,union,lightgbm,2025-05,-0.4083934244629238,-0.4,-0.008393424462923793,0.008393424462923793,7.044957421480757e-05,2025-04,2025-05-24T01:30:00+00:00,25.0,pseudo_real_time
final,union,lightgbm,2025-06,-0.2276213216905114,-0.4,0.1723786783094886,0.1723786783094886,0.029714408735726158,2025-05,2025-06-24T01:30:00+00:00,25.0,pseudo_real_time
final,union,lightgbm,2025-07,-0.042462716166448165,-0.2,0.15753728383355184,0.15753728383355184,0.024817995797653074,2025-06,2025-07-24T01:30:00+00:00,25.0,pseudo_real_time
final,union,lightgbm,2025-08,-0.18699664116421755,0.0,-0.18699664116421755,0.18699664116421755,0.03496774380669914,2025-07,2025-08-24T01:30:00+00:00,25.0,pseudo_real_time
final,union,lightgbm,2025-09,-0.30370844859689844,0.1,-0.4037084485968985,0.4037084485968985,0.1629805114685146,2025-08,2025-09-24T01:30:00+00:00,25.0,pseudo_real_time
final,union,lightgbm,2025-12,-0.2626008608889072,0.2,-0.46260086088890723,0.46260086088890723,0.2139995564951581,2025-09,2025-12-24T01:30:00+00:00,25.0,pseudo_real_time
final,union,lightgbm,2026-01,-0.2750786747219992,0.4,-0.6750786747219992,0.6750786747219992,0.45573121706441083,2025-12,2026-01-24T01:30:00+00:00,25.0,pseudo_real_time
final,union,lightgbm,2026-04,-0.007873073296304505,1.7,-1.7078730732963046,1.7078730732963046,2.9168304344905644,2026-01,2026-04-24T01:30:00+00:00,25.0,pseudo_real_time
final,union,lightgbm,2026-05,-0.15662980617436614,0.5,-0.6566298061743662,0.6566298061743662,0.43116270235658566,2026-04,2026-05-24T01:30:00+00:00,25.0,pseudo_real_time
final,union,lightgbm,2026-06,0.1086733425280846,-0.3,0.40867334252808457,0.40867334252808457,0.16701390089307713,2026-05,2026-06-24T01:30:00+00:00,25.0,pseudo_real_time
final,union,lightgbm,2026-07,0.08339931671763622,-0.7,0.7833993167176362,0.7833993167176362,0.6137144894336592,2026-06,2026-07-24T01:30:00+00:00,25.0,pseudo_real_time
final,union,lightgbm,2026-08,-0.03170277543401717,0.4,-0.4317027754340172,0.4317027754340172,0.1863672863174335,2026-07,2026-08-24T01:30:00+00:00,25.0,pseudo_real_time
final,union,no_change,2024-01,0.0,-0.2,0.2,0.2,0.04000000000000001,2023-12,2024-01-24T01:30:00+00:00,,pseudo_real_time
final,union,historical_mean,2024-01,-0.21250000000000002,-0.2,-0.012500000000000011,0.012500000000000011,0.00015625000000000027,2023-12,2024-01-24T01:30:00+00:00,,pseudo_real_time
final,union,last_available_actual,2024-01,-0.3,-0.2,-0.09999999999999998,0.09999999999999998,0.009999999999999995,2023-12,2024-01-24T01:30:00+00:00,,pseudo_real_time
final,union,no_change,2024-04,0.0,-0.2,0.2,0.2,0.04000000000000001,2024-01,2024-04-24T01:30:00+00:00,,pseudo_real_time
final,union,historical_mean,2024-04,-0.21200000000000002,-0.2,-0.01200000000000001,0.01200000000000001,0.00014400000000000025,2024-01,2024-04-24T01:30:00+00:00,,pseudo_real_time
final,union,last_available_actual,2024-04,-0.2,-0.2,0.0,0.0,0.0,2024-01,2024-04-24T01:30:00+00:00,,pseudo_real_time
final,union,no_change,2024-05,0.0,0.2,-0.2,0.2,0.04000000000000001,2024-04,2024-05-24T01:30:00+00:00,,pseudo_real_time
final,union,historical_mean,2024-05,-0.21153846153846156,0.2,-0.4115384615384616,0.4115384615384616,0.16936390532544382,2024-04,2024-05-24T01:30:00+00:00,,pseudo_real_time
final,union,last_available_actual,2024-05,-0.2,0.2,-0.4,0.4,0.16000000000000003,2024-04,2024-05-24T01:30:00+00:00,,pseudo_real_time
final,union,no_change,2024-06,0.0,0.1,-0.1,0.1,0.010000000000000002,2024-05,2024-06-24T01:30:00+00:00,,pseudo_real_time
final,union,historical_mean,2024-06,-0.19629629629629633,0.1,-0.29629629629629634,0.29629629629629634,0.08779149519890263,2024-05,2024-06-24T01:30:00+00:00,,pseudo_real_time
final,union,last_available_actual,2024-06,0.2,0.1,0.1,0.1,0.010000000000000002,2024-05,2024-06-24T01:30:00+00:00,,pseudo_real_time
final,union,no_change,2024-07,0.0,-0.2,0.2,0.2,0.04000000000000001,2024-06,2024-07-24T01:30:00+00:00,,pseudo_real_time
final,union,historical_mean,2024-07,-0.18571428571428575,-0.2,0.014285714285714263,0.014285714285714263,0.00020408163265306055,2024-06,2024-07-24T01:30:00+00:00,,pseudo_real_time
final,union,last_available_actual,2024-07,0.1,-0.2,0.30000000000000004,0.30000000000000004,0.09000000000000002,2024-06,2024-07-24T01:30:00+00:00,,pseudo_real_time
final,union,no_change,2024-08,0.0,-0.7,0.7,0.7,0.48999999999999994,2024-07,2024-08-24T01:30:00+00:00,,pseudo_real_time
final,union,historical_mean,2024-08,-0.18620689655172418,-0.7,0.5137931034482758,0.5137931034482758,0.2639833531510106,2024-07,2024-08-24T01:30:00+00:00,,pseudo_real_time
final,union,last_available_actual,2024-08,-0.2,-0.7,0.49999999999999994,0.49999999999999994,0.24999999999999994,2024-07,2024-08-24T01:30:00+00:00,,pseudo_real_time
final,union,no_change,2024-09,0.0,-0.6,0.6,0.6,0.36,2024-08,2024-09-24T01:30:00+00:00,,pseudo_real_time
final,union,historical_mean,2024-09,-0.2033333333333334,-0.6,0.3966666666666666,0.3966666666666666,0.1573444444444444,2024-08,2024-09-24T01:30:00+00:00,,pseudo_real_time
final,union,last_available_actual,2024-09,-0.7,-0.6,-0.09999999999999998,0.09999999999999998,0.009999999999999995,2024-08,2024-09-24T01:30:00+00:00,,pseudo_real_time
final,union,no_change,2024-10,0.0,-0.1,0.1,0.1,0.010000000000000002,2024-09,2024-10-24T01:30:00+00:00,,pseudo_real_time
final,union,historical_mean,2024-10,-0.21612903225806454,-0.1,-0.11612903225806454,0.11612903225806454,0.013485952133194593,2024-09,2024-10-24T01:30:00+00:00,,pseudo_real_time
final,union,last_available_actual,2024-10,-0.6,-0.1,-0.5,0.5,0.25,2024-09,2024-10-24T01:30:00+00:00,,pseudo_real_time
final,union,no_change,2024-11,0.0,-0.1,0.1,0.1,0.010000000000000002,2024-10,2024-11-24T01:30:00+00:00,,pseudo_real_time
final,union,historical_mean,2024-11,-0.21250000000000002,-0.1,-0.11250000000000002,0.11250000000000002,0.012656250000000004,2024-10,2024-11-24T01:30:00+00:00,,pseudo_real_time
final,union,last_available_actual,2024-11,-0.1,-0.1,0.0,0.0,0.0,2024-10,2024-11-24T01:30:00+00:00,,pseudo_real_time
final,union,no_change,2024-12,0.0,-0.1,0.1,0.1,0.010000000000000002,2024-11,2024-12-24T01:30:00+00:00,,pseudo_real_time
final,union,historical_mean,2024-12,-0.2090909090909091,-0.1,-0.1090909090909091,0.1090909090909091,0.011900826446280993,2024-11,2024-12-24T01:30:00+00:00,,pseudo_real_time
final,union,last_available_actual,2024-12,-0.1,-0.1,0.0,0.0,0.0,2024-11,2024-12-24T01:30:00+00:00,,pseudo_real_time
final,union,no_change,2025-01,0.0,-0.2,0.2,0.2,0.04000000000000001,2024-12,2025-01-24T01:30:00+00:00,,pseudo_real_time
final,union,historical_mean,2025-01,-0.20588235294117646,-0.2,-0.00588235294117645,0.00588235294117645,3.4602076124567226e-05,2024-12,2025-01-24T01:30:00+00:00,,pseudo_real_time
final,union,last_available_actual,2025-01,-0.1,-0.2,0.1,0.1,0.010000000000000002,2024-12,2025-01-24T01:30:00+00:00,,pseudo_real_time
final,union,no_change,2025-02,0.0,-0.1,0.1,0.1,0.010000000000000002,2025-01,2025-02-24T01:30:00+00:00,,pseudo_real_time
final,union,historical_mean,2025-02,-0.2057142857142857,-0.1,-0.1057142857142857,0.1057142857142857,0.011175510204081631,2025-01,2025-02-24T01:30:00+00:00,,pseudo_real_time
final,union,last_available_actual,2025-02,-0.2,-0.1,-0.1,0.1,0.010000000000000002,2025-01,2025-02-24T01:30:00+00:00,,pseudo_real_time
final,union,no_change,2025-03,0.0,-0.4,0.4,0.4,0.16000000000000003,2025-02,2025-03-24T01:30:00+00:00,,pseudo_real_time
final,union,historical_mean,2025-03,-0.20277777777777778,-0.4,0.19722222222222224,0.19722222222222224,0.038896604938271614,2025-02,2025-03-24T01:30:00+00:00,,pseudo_real_time
final,union,last_available_actual,2025-03,-0.1,-0.4,0.30000000000000004,0.30000000000000004,0.09000000000000002,2025-02,2025-03-24T01:30:00+00:00,,pseudo_real_time
final,union,no_change,2025-04,0.0,-0.4,0.4,0.4,0.16000000000000003,2025-03,2025-04-24T01:30:00+00:00,,pseudo_real_time
final,union,historical_mean,2025-04,-0.20810810810810812,-0.4,0.1918918918918919,0.1918918918918919,0.03682249817384953,2025-03,2025-04-24T01:30:00+00:00,,pseudo_real_time
final,union,last_available_actual,2025-04,-0.4,-0.4,0.0,0.0,0.0,2025-03,2025-04-24T01:30:00+00:00,,pseudo_real_time
final,union,no_change,2025-05,0.0,-0.4,0.4,0.4,0.16000000000000003,2025-04,2025-05-24T01:30:00+00:00,,pseudo_real_time
final,union,historical_mean,2025-05,-0.2131578947368421,-0.4,0.18684210526315792,0.18684210526315792,0.034909972299168986,2025-04,2025-05-24T01:30:00+00:00,,pseudo_real_time
final,union,last_available_actual,2025-05,-0.4,-0.4,0.0,0.0,0.0,2025-04,2025-05-24T01:30:00+00:00,,pseudo_real_time
final,union,no_change,2025-06,0.0,-0.4,0.4,0.4,0.16000000000000003,2025-05,2025-06-24T01:30:00+00:00,,pseudo_real_time
final,union,historical_mean,2025-06,-0.21794871794871795,-0.4,0.18205128205128207,0.18205128205128207,0.03314266929651546,2025-05,2025-06-24T01:30:00+00:00,,pseudo_real_time
final,union,last_available_actual,2025-06,-0.4,-0.4,0.0,0.0,0.0,2025-05,2025-06-24T01:30:00+00:00,,pseudo_real_time
final,union,no_change,2025-07,0.0,-0.2,0.2,0.2,0.04000000000000001,2025-06,2025-07-24T01:30:00+00:00,,pseudo_real_time
final,union,historical_mean,2025-07,-0.2225,-0.2,-0.022499999999999992,0.022499999999999992,0.0005062499999999996,2025-06,2025-07-24T01:30:00+00:00,,pseudo_real_time
final,union,last_available_actual,2025-07,-0.4,-0.2,-0.2,0.2,0.04000000000000001,2025-06,2025-07-24T01:30:00+00:00,,pseudo_real_time
final,union,no_change,2025-08,0.0,0.0,0.0,0.0,0.0,2025-07,2025-08-24T01:30:00+00:00,,pseudo_real_time
final,union,historical_mean,2025-08,-0.22195121951219512,0.0,-0.22195121951219512,0.22195121951219512,0.049262343842950626,2025-07,2025-08-24T01:30:00+00:00,,pseudo_real_time
final,union,last_available_actual,2025-08,-0.2,0.0,-0.2,0.2,0.04000000000000001,2025-07,2025-08-24T01:30:00+00:00,,pseudo_real_time
final,union,no_change,2025-09,0.0,0.1,-0.1,0.1,0.010000000000000002,2025-08,2025-09-24T01:30:00+00:00,,pseudo_real_time
final,union,historical_mean,2025-09,-0.21666666666666665,0.1,-0.31666666666666665,0.31666666666666665,0.10027777777777777,2025-08,2025-09-24T01:30:00+00:00,,pseudo_real_time
final,union,last_available_actual,2025-09,0.0,0.1,-0.1,0.1,0.010000000000000002,2025-08,2025-09-24T01:30:00+00:00,,pseudo_real_time
final,union,no_change,2025-12,0.0,0.2,-0.2,0.2,0.04000000000000001,2025-09,2025-12-24T01:30:00+00:00,,pseudo_real_time
final,union,historical_mean,2025-12,-0.20930232558139536,0.2,-0.40930232558139534,0.40930232558139534,0.16752839372633857,2025-09,2025-12-24T01:30:00+00:00,,pseudo_real_time
final,union,last_available_actual,2025-12,0.1,0.2,-0.1,0.1,0.010000000000000002,2025-09,2025-12-24T01:30:00+00:00,,pseudo_real_time
final,union,no_change,2026-01,0.0,0.4,-0.4,0.4,0.16000000000000003,2025-12,2026-01-24T01:30:00+00:00,,pseudo_real_time
final,union,historical_mean,2026-01,-0.2,0.4,-0.6000000000000001,0.6000000000000001,0.3600000000000001,2025-12,2026-01-24T01:30:00+00:00,,pseudo_real_time
final,union,last_available_actual,2026-01,0.2,0.4,-0.2,0.2,0.04000000000000001,2025-12,2026-01-24T01:30:00+00:00,,pseudo_real_time
final,union,no_change,2026-04,0.0,1.7,-1.7,1.7,2.8899999999999997,2026-01,2026-04-24T01:30:00+00:00,,pseudo_real_time
final,union,historical_mean,2026-04,-0.18666666666666668,1.7,-1.8866666666666667,1.8866666666666667,3.559511111111111,2026-01,2026-04-24T01:30:00+00:00,,pseudo_real_time
final,union,last_available_actual,2026-04,0.4,1.7,-1.2999999999999998,1.2999999999999998,1.6899999999999995,2026-01,2026-04-24T01:30:00+00:00,,pseudo_real_time
final,union,no_change,2026-05,0.0,0.5,-0.5,0.5,0.25,2026-04,2026-05-24T01:30:00+00:00,,pseudo_real_time
final,union,historical_mean,2026-05,-0.14565217391304347,0.5,-0.6456521739130434,0.6456521739130434,0.41686672967863886,2026-04,2026-05-24T01:30:00+00:00,,pseudo_real_time
final,union,last_available_actual,2026-05,1.7,0.5,1.2,1.2,1.44,2026-04,2026-05-24T01:30:00+00:00,,pseudo_real_time
final,union,no_change,2026-06,0.0,-0.3,0.3,0.3,0.09,2026-05,2026-06-24T01:30:00+00:00,,pseudo_real_time
final,union,historical_mean,2026-06,-0.13191489361702127,-0.3,0.16808510638297872,0.16808510638297872,0.02825260298777727,2026-05,2026-06-24T01:30:00+00:00,,pseudo_real_time
final,union,last_available_actual,2026-06,0.5,-0.3,0.8,0.8,0.6400000000000001,2026-05,2026-06-24T01:30:00+00:00,,pseudo_real_time
final,union,no_change,2026-07,0.0,-0.7,0.7,0.7,0.48999999999999994,2026-06,2026-07-24T01:30:00+00:00,,pseudo_real_time
final,union,historical_mean,2026-07,-0.13541666666666666,-0.7,0.5645833333333333,0.5645833333333333,0.31875434027777777,2026-06,2026-07-24T01:30:00+00:00,,pseudo_real_time
final,union,last_available_actual,2026-07,-0.3,-0.7,0.39999999999999997,0.39999999999999997,0.15999999999999998,2026-06,2026-07-24T01:30:00+00:00,,pseudo_real_time
final,union,no_change,2026-08,0.0,0.4,-0.4,0.4,0.16000000000000003,2026-07,2026-08-24T01:30:00+00:00,,pseudo_real_time
final,union,historical_mean,2026-08,-0.1469387755102041,0.4,-0.5469387755102041,0.5469387755102041,0.2991420241566014,2026-07,2026-08-24T01:30:00+00:00,,pseudo_real_time
final,union,last_available_actual,2026-08,-0.7,0.4,-1.1,1.1,1.2100000000000002,2026-07,2026-08-24T01:30:00+00:00,,pseudo_real_time
early,union,ridge,2024-01,-0.21465086915213893,-0.2,-0.014650869152138923,0.014650869152138923,0.0002146479669130959,2023-12,2024-01-14T01:30:00+00:00,25.0,pseudo_real_time
early,union,ridge,2024-02,-0.23961079806771166,-0.2,-0.039610798067711644,0.039610798067711644,0.0015690153235610284,2024-01,2024-02-14T01:30:00+00:00,25.0,pseudo_real_time
early,union,ridge,2024-03,0.04748874286187332,-0.1,0.14748874286187333,0.14748874286187333,0.02175292927097579,2024-02,2024-03-14T01:30:00+00:00,25.0,pseudo_real_time
early,union,ridge,2024-04,-0.14188645209812378,-0.2,0.05811354790187623,0.05811354790187623,0.003377184449743663,2024-03,2024-04-14T01:30:00+00:00,25.0,pseudo_real_time
early,union,ridge,2024-05,-0.006773120120794174,0.2,-0.20677312012079418,0.20677312012079418,0.042755123204488384,2024-04,2024-05-14T01:30:00+00:00,25.0,pseudo_real_time
early,union,ridge,2024-06,0.10691954265086695,0.1,0.006919542650866944,0.006919542650866944,4.788007049716674e-05,2024-05,2024-06-14T01:30:00+00:00,25.0,pseudo_real_time
early,union,ridge,2024-07,-0.20404365899945043,-0.2,-0.004043658999450417,0.004043658999450417,1.6351178103836346e-05,2024-06,2024-07-14T01:30:00+00:00,25.0,pseudo_real_time
early,union,ridge,2024-08,-0.42782505541743693,-0.7,0.272174944582563,0.272174944582563,0.07407920045852126,2024-07,2024-08-14T01:30:00+00:00,25.0,pseudo_real_time
early,union,ridge,2024-09,-0.4698658180619449,-0.6,0.1301341819380551,0.1301341819380551,0.016934905308686826,2024-08,2024-09-14T01:30:00+00:00,25.0,pseudo_real_time
early,union,ridge,2024-10,0.7973270125900864,-0.1,0.8973270125900864,0.8973270125900864,0.8051957675238491,2024-09,2024-10-14T01:30:00+00:00,25.0,pseudo_real_time
early,union,ridge,2024-11,-0.38152620228022716,-0.1,-0.2815262022802272,0.2815262022802272,0.07925700257032739,2024-10,2024-11-14T01:30:00+00:00,25.0,pseudo_real_time
early,union,ridge,2024-12,-0.2172385617495403,-0.1,-0.11723856174954028,0.11723856174954028,0.01374488036110077,2024-11,2024-12-14T01:30:00+00:00,25.0,pseudo_real_time
early,union,ridge,2025-01,-0.3825722759781242,-0.2,-0.1825722759781242,0.1825722759781242,0.03333263595583234,2024-12,2025-01-14T01:30:00+00:00,25.0,pseudo_real_time
early,union,ridge,2025-02,-0.09353596808150252,-0.1,0.0064640319184974815,0.0064640319184974815,4.178370864335423e-05,2025-01,2025-02-14T01:30:00+00:00,25.0,pseudo_real_time
early,union,ridge,2025-03,-0.15153586275254924,-0.4,0.24846413724745078,0.24846413724745078,0.06173442749812006,2025-02,2025-03-14T01:30:00+00:00,25.0,pseudo_real_time
early,union,ridge,2025-04,-0.3817957300169473,-0.4,0.018204269983052745,0.018204269983052745,0.0003313954456158752,2025-03,2025-04-14T01:30:00+00:00,25.0,pseudo_real_time
early,union,ridge,2025-05,-0.5172751332204978,-0.4,-0.11727513322049776,0.11727513322049776,0.013753456871885499,2025-04,2025-05-14T01:30:00+00:00,25.0,pseudo_real_time
early,union,ridge,2025-06,-0.18964200994288075,-0.4,0.21035799005711928,0.21035799005711928,0.04425048398087109,2025-05,2025-06-14T01:30:00+00:00,25.0,pseudo_real_time
early,union,ridge,2025-07,-0.2587243299711735,-0.2,-0.058724329971173495,0.058724329971173495,0.0034485469305632656,2025-06,2025-07-14T01:30:00+00:00,25.0,pseudo_real_time
early,union,ridge,2025-08,-0.05293638094950165,0.0,-0.05293638094950165,0.05293638094950165,0.002802260428030761,2025-07,2025-08-14T01:30:00+00:00,25.0,pseudo_real_time
early,union,ridge,2025-09,-0.13737695031053251,0.1,-0.23737695031053252,0.23737695031053252,0.05634781653872902,2025-08,2025-09-14T01:30:00+00:00,25.0,pseudo_real_time
early,union,ridge,2025-12,-0.009916135212813593,0.2,-0.2099161352128136,0.2099161352128136,0.04406478382268424,2025-09,2025-12-14T01:30:00+00:00,25.0,pseudo_real_time
early,union,ridge,2026-01,-0.23158629546756282,0.4,-0.6315862954675628,0.6315862954675628,0.3989012486224396,2025-12,2026-01-14T01:30:00+00:00,25.0,pseudo_real_time
early,union,ridge,2026-02,0.2910158882359615,0.4,-0.10898411176403855,0.10898411176403855,0.011877536616996446,2026-01,2026-02-14T01:30:00+00:00,25.0,pseudo_real_time
early,union,ridge,2026-03,0.7192581004373,1.0,-0.2807418995627,0.2807418995627,0.07881601417007314,2026-02,2026-03-14T01:30:00+00:00,25.0,pseudo_real_time
early,union,ridge,2026-04,7.777394727708614,1.7,6.077394727708614,6.077394727708614,36.934726676380464,2026-03,2026-04-14T01:30:00+00:00,25.0,pseudo_real_time
early,union,ridge,2026-05,0.7802335413285192,0.5,0.2802335413285192,0.2802335413285192,0.07853083768552287,2026-04,2026-05-14T01:30:00+00:00,25.0,pseudo_real_time
early,union,ridge,2026-06,0.5883335456007904,-0.3,0.8883335456007904,0.8883335456007904,0.7891364882396715,2026-05,2026-06-14T01:30:00+00:00,25.0,pseudo_real_time
early,union,ridge,2026-07,0.3691610022766271,-0.7,1.0691610022766271,1.0691610022766271,1.143105248789162,2026-06,2026-07-14T01:30:00+00:00,25.0,pseudo_real_time
early,union,ridge,2026-08,0.18858315760960848,0.4,-0.21141684239039155,0.21141684239039155,0.04469708124632366,2026-07,2026-08-14T01:30:00+00:00,25.0,pseudo_real_time
early,union,histgb,2024-01,-0.3880073470169019,-0.2,-0.18800734701690192,0.18800734701690192,0.03534676253233378,2023-12,2024-01-14T01:30:00+00:00,5.0,pseudo_real_time
early,union,histgb,2024-02,-0.2999326255481251,-0.2,-0.0999326255481251,0.0999326255481251,0.009986529648941785,2024-01,2024-02-14T01:30:00+00:00,25.0,pseudo_real_time
early,union,histgb,2024-03,0.20982478491605197,-0.1,0.309824784916052,0.309824784916052,0.09599139734827787,2024-02,2024-03-14T01:30:00+00:00,5.0,pseudo_real_time
early,union,histgb,2024-04,-0.18039234387571207,-0.2,0.019607656124287942,0.019607656124287942,0.00038446017868832644,2024-03,2024-04-14T01:30:00+00:00,25.0,pseudo_real_time
early,union,histgb,2024-05,-0.1651301746789575,0.2,-0.3651301746789575,0.3651301746789575,0.133320044461086,2024-04,2024-05-14T01:30:00+00:00,25.0,pseudo_real_time
early,union,histgb,2024-06,0.1676881906776343,0.1,0.06768819067763429,0.06768819067763429,0.004581691157211778,2024-05,2024-06-14T01:30:00+00:00,25.0,pseudo_real_time
early,union,histgb,2024-07,0.13501198930747027,-0.2,0.3350119893074703,0.3350119893074703,0.11223303297974858,2024-06,2024-07-14T01:30:00+00:00,25.0,pseudo_real_time
early,union,histgb,2024-08,-0.3270320901085255,-0.7,0.37296790989147444,0.37296790989147444,0.139105061808815,2024-07,2024-08-14T01:30:00+00:00,25.0,pseudo_real_time
early,union,histgb,2024-09,-0.5199307177280855,-0.6,0.08006928227191445,0.08006928227191445,0.006411089963539515,2024-08,2024-09-14T01:30:00+00:00,25.0,pseudo_real_time
early,union,histgb,2024-10,-0.1657708972696632,-0.1,-0.0657708972696632,0.0657708972696632,0.004325810927656591,2024-09,2024-10-14T01:30:00+00:00,25.0,pseudo_real_time
early,union,histgb,2024-11,-0.21737412527283334,-0.1,-0.11737412527283334,0.11737412527283334,0.013776685283562773,2024-10,2024-11-14T01:30:00+00:00,25.0,pseudo_real_time
early,union,histgb,2024-12,0.015640697795169963,-0.1,0.11564069779516997,0.11564069779516997,0.013372770986553829,2024-11,2024-12-14T01:30:00+00:00,25.0,pseudo_real_time
early,union,histgb,2025-01,-0.1754340168206455,-0.2,0.024565983179354517,0.024565983179354517,0.0006034875295683291,2024-12,2025-01-14T01:30:00+00:00,25.0,pseudo_real_time
early,union,histgb,2025-02,0.10705567924507128,-0.1,0.2070556792450713,0.2070556792450713,0.042872054307637845,2025-01,2025-02-14T01:30:00+00:00,25.0,pseudo_real_time
early,union,histgb,2025-03,-0.2246918241178228,-0.4,0.17530817588217723,0.17530817588217723,0.030732956531136387,2025-02,2025-03-14T01:30:00+00:00,25.0,pseudo_real_time
early,union,histgb,2025-04,-0.3734376789782509,-0.4,0.026562321021749102,0.026562321021749102,0.0007055568980624542,2025-03,2025-04-14T01:30:00+00:00,25.0,pseudo_real_time
early,union,histgb,2025-05,-0.39099567526053375,-0.4,0.009004324739466274,0.009004324739466274,8.107786401376438e-05,2025-04,2025-05-14T01:30:00+00:00,25.0,pseudo_real_time
early,union,histgb,2025-06,-0.12170805488481555,-0.4,0.27829194511518446,0.27829194511518446,0.07744640671599284,2025-05,2025-06-14T01:30:00+00:00,25.0,pseudo_real_time
early,union,histgb,2025-07,-0.09278104565539338,-0.2,0.10721895434460663,0.10721895434460663,0.01149590417075084,2025-06,2025-07-14T01:30:00+00:00,25.0,pseudo_real_time
early,union,histgb,2025-08,-0.2572848883058522,0.0,-0.2572848883058522,0.2572848883058522,0.06619551375055485,2025-07,2025-08-14T01:30:00+00:00,25.0,pseudo_real_time
early,union,histgb,2025-09,-0.33066630993828144,0.1,-0.4306663099382815,0.4306663099382815,0.18547347051585591,2025-08,2025-09-14T01:30:00+00:00,25.0,pseudo_real_time
early,union,histgb,2025-12,0.07341309510752168,0.2,-0.1265869048924783,0.1265869048924783,0.01602424449025735,2025-09,2025-12-14T01:30:00+00:00,25.0,pseudo_real_time
early,union,histgb,2026-01,-0.2937989216367892,0.4,-0.6937989216367892,0.6937989216367892,0.48135694366437165,2025-12,2026-01-14T01:30:00+00:00,25.0,pseudo_real_time
early,union,histgb,2026-02,-0.07550737211290232,0.4,-0.47550737211290234,0.47550737211290234,0.22610726093371816,2026-01,2026-02-14T01:30:00+00:00,25.0,pseudo_real_time
early,union,histgb,2026-03,0.04899665150205279,1.0,-0.9510033484979472,0.9510033484979472,0.9044073688543081,2026-02,2026-03-14T01:30:00+00:00,25.0,pseudo_real_time
early,union,histgb,2026-04,0.24706991742369325,1.7,-1.4529300825763067,1.4529300825763067,2.1110058248551935,2026-03,2026-04-14T01:30:00+00:00,25.0,pseudo_real_time
early,union,histgb,2026-05,0.10615943206235616,0.5,-0.3938405679376438,0.3938405679376438,0.15511039295344584,2026-04,2026-05-14T01:30:00+00:00,25.0,pseudo_real_time
early,union,histgb,2026-06,0.27051816641361315,-0.3,0.5705181664136132,0.5705181664136132,0.32549097820795125,2026-05,2026-06-14T01:30:00+00:00,25.0,pseudo_real_time
early,union,histgb,2026-07,0.023652948404147202,-0.7,0.7236529484041472,0.7236529484041472,0.5236735897340153,2026-06,2026-07-14T01:30:00+00:00,25.0,pseudo_real_time
early,union,histgb,2026-08,0.26727453097713566,0.4,-0.13272546902286436,0.13272546902286436,0.017616050127339328,2026-07,2026-08-14T01:30:00+00:00,25.0,pseudo_real_time
early,union,xgboost,2024-01,-0.44711077213287354,-0.2,-0.24711077213287352,0.24711077213287352,0.06106373370410494,2023-12,2024-01-14T01:30:00+00:00,5.0,pseudo_real_time
early,union,xgboost,2024-02,-0.23929698765277863,-0.2,-0.039296987652778614,0.039296987652778614,0.001544253238582635,2024-01,2024-02-14T01:30:00+00:00,25.0,pseudo_real_time
early,union,xgboost,2024-03,0.1513368785381317,-0.1,0.2513368785381317,0.2513368785381317,0.06317022651329156,2024-02,2024-03-14T01:30:00+00:00,5.0,pseudo_real_time
early,union,xgboost,2024-04,-0.0612284280359745,-0.2,0.1387715719640255,0.1387715719640255,0.01925754918536671,2024-03,2024-04-14T01:30:00+00:00,5.0,pseudo_real_time
early,union,xgboost,2024-05,-0.253609299659729,0.2,-0.453609299659729,0.453609299659729,0.20576139673778984,2024-04,2024-05-14T01:30:00+00:00,5.0,pseudo_real_time
early,union,xgboost,2024-06,0.2549777925014496,0.1,0.15497779250144958,0.15497779250144958,0.02401811616862236,2024-05,2024-06-14T01:30:00+00:00,5.0,pseudo_real_time
early,union,xgboost,2024-07,0.03405524790287018,-0.2,0.2340552479028702,0.2340552479028702,0.05478185907087402,2024-06,2024-07-14T01:30:00+00:00,5.0,pseudo_real_time
early,union,xgboost,2024-08,-0.3648928105831146,-0.7,0.33510718941688533,0.33510718941688533,0.11229682839888426,2024-07,2024-08-14T01:30:00+00:00,25.0,pseudo_real_time
early,union,xgboost,2024-09,-0.44433504343032837,-0.6,0.1556649565696716,0.1556649565696716,0.02423157870383775,2024-08,2024-09-14T01:30:00+00:00,25.0,pseudo_real_time
early,union,xgboost,2024-10,-0.25707316398620605,-0.1,-0.15707316398620605,0.15707316398620605,0.024671978844637576,2024-09,2024-10-14T01:30:00+00:00,25.0,pseudo_real_time
early,union,xgboost,2024-11,-0.24245890974998474,-0.1,-0.14245890974998474,0.14245890974998474,0.020294540967154297,2024-10,2024-11-14T01:30:00+00:00,25.0,pseudo_real_time
early,union,xgboost,2024-12,-0.05584656819701195,-0.1,0.04415343180298806,0.04415343180298806,0.0019495255399811172,2024-11,2024-12-14T01:30:00+00:00,25.0,pseudo_real_time
early,union,xgboost,2025-01,-0.15912339091300964,-0.2,0.04087660908699037,0.04087660908699037,0.0016708971704506234,2024-12,2025-01-14T01:30:00+00:00,25.0,pseudo_real_time
early,union,xgboost,2025-02,0.031258922070264816,-0.1,0.13125892207026482,0.13125892207026482,0.017228904623047853,2025-01,2025-02-14T01:30:00+00:00,25.0,pseudo_real_time
early,union,xgboost,2025-03,-0.18316426873207092,-0.4,0.2168357312679291,0.2168357312679291,0.04701773435449757,2025-02,2025-03-14T01:30:00+00:00,25.0,pseudo_real_time
early,union,xgboost,2025-04,-0.3146328926086426,-0.4,0.08536710739135744,0.08536710739135744,0.0072875430243675545,2025-03,2025-04-14T01:30:00+00:00,25.0,pseudo_real_time
early,union,xgboost,2025-05,-0.35998424887657166,-0.4,0.04001575112342837,0.04001575112342837,0.0016012603379721587,2025-04,2025-05-14T01:30:00+00:00,25.0,pseudo_real_time
early,union,xgboost,2025-06,-0.12925826013088226,-0.4,0.27074173986911776,0.27074173986911776,0.07330108970735703,2025-05,2025-06-14T01:30:00+00:00,25.0,pseudo_real_time
early,union,xgboost,2025-07,-0.07643697410821915,-0.2,0.12356302589178086,0.12356302589178086,0.015267821367532908,2025-06,2025-07-14T01:30:00+00:00,25.0,pseudo_real_time
early,union,xgboost,2025-08,-0.3244127035140991,0.0,-0.3244127035140991,0.3244127035140991,0.10524360220132678,2025-07,2025-08-14T01:30:00+00:00,25.0,pseudo_real_time
early,union,xgboost,2025-09,-0.342590868473053,0.1,-0.44259086847305296,0.44259086847305296,0.19588667685573127,2025-08,2025-09-14T01:30:00+00:00,25.0,pseudo_real_time
early,union,xgboost,2025-12,-0.043721187859773636,0.2,-0.24372118785977365,0.24372118785977365,0.059400017411779076,2025-09,2025-12-14T01:30:00+00:00,25.0,pseudo_real_time
early,union,xgboost,2026-01,-0.201346293091774,0.4,-0.601346293091774,0.601346293091774,0.3616173642152178,2025-12,2026-01-14T01:30:00+00:00,25.0,pseudo_real_time
early,union,xgboost,2026-02,0.04379795864224434,0.4,-0.3562020413577557,0.3562020413577557,0.1268798942674323,2026-01,2026-02-14T01:30:00+00:00,5.0,pseudo_real_time
early,union,xgboost,2026-03,0.1302095651626587,1.0,-0.8697904348373413,0.8697904348373413,0.7565354005345313,2026-02,2026-03-14T01:30:00+00:00,5.0,pseudo_real_time
early,union,xgboost,2026-04,0.38864922523498535,1.7,-1.3113507747650146,1.3113507747650146,1.719640854476804,2026-03,2026-04-14T01:30:00+00:00,5.0,pseudo_real_time
early,union,xgboost,2026-05,0.34053289890289307,0.5,-0.15946710109710693,0.15946710109710693,0.025429756332314923,2026-04,2026-05-14T01:30:00+00:00,5.0,pseudo_real_time
early,union,xgboost,2026-06,0.2817107141017914,-0.3,0.5817107141017914,0.5817107141017914,0.3383873549008161,2026-05,2026-06-14T01:30:00+00:00,5.0,pseudo_real_time
early,union,xgboost,2026-07,-0.005838962271809578,-0.7,0.6941610377281904,0.6941610377281904,0.48185954629987815,2026-06,2026-07-14T01:30:00+00:00,5.0,pseudo_real_time
early,union,xgboost,2026-08,0.4084705114364624,0.4,0.00847051143646238,0.00847051143646238,7.174956399523998e-05,2026-07,2026-08-14T01:30:00+00:00,5.0,pseudo_real_time
early,union,catboost,2024-01,-0.2217771351652814,-0.2,-0.021777135165281403,0.021777135165281403,0.00047424361600693584,2023-12,2024-01-14T01:30:00+00:00,5.0,pseudo_real_time
early,union,catboost,2024-02,-0.19189550360583396,-0.2,0.00810449639416605,0.00810449639416605,6.56828618030505e-05,2024-01,2024-02-14T01:30:00+00:00,5.0,pseudo_real_time
early,union,catboost,2024-03,-0.029760624118054163,-0.1,0.07023937588194584,0.07023937588194584,0.0049335699242852755,2024-02,2024-03-14T01:30:00+00:00,25.0,pseudo_real_time
early,union,catboost,2024-04,-0.007677115549051344,-0.2,0.19232288445094867,0.19232288445094867,0.036988091883532956,2024-03,2024-04-14T01:30:00+00:00,5.0,pseudo_real_time
early,union,catboost,2024-05,-0.17039688269247674,0.2,-0.3703968826924767,0.3703968826924767,0.13719385070830437,2024-04,2024-05-14T01:30:00+00:00,25.0,pseudo_real_time
early,union,catboost,2024-06,0.11921207562311159,0.1,0.019212075623111585,0.019212075623111585,0.0003691038497481584,2024-05,2024-06-14T01:30:00+00:00,5.0,pseudo_real_time
early,union,catboost,2024-07,-0.07442820298171553,-0.2,0.12557179701828447,0.12557179701828447,0.015768276206401238,2024-06,2024-07-14T01:30:00+00:00,25.0,pseudo_real_time
early,union,catboost,2024-08,-0.11946048764788682,-0.7,0.5805395123521131,0.5805395123521131,0.33702612540202925,2024-07,2024-08-14T01:30:00+00:00,5.0,pseudo_real_time
early,union,catboost,2024-09,-0.5082633746762686,-0.6,0.09173662532373139,0.09173662532373139,0.008415608425786675,2024-08,2024-09-14T01:30:00+00:00,5.0,pseudo_real_time
early,union,catboost,2024-10,-0.13018684399703295,-0.1,-0.030186843997032947,0.030186843997032947,0.0009112455505012041,2024-09,2024-10-14T01:30:00+00:00,5.0,pseudo_real_time
early,union,catboost,2024-11,-0.08469758945367045,-0.1,0.015302410546329553,0.015302410546329553,0.00023416376852841795,2024-10,2024-11-14T01:30:00+00:00,5.0,pseudo_real_time
early,union,catboost,2024-12,-0.10243318860131663,-0.1,-0.0024331886013166243,0.0024331886013166243,5.92040676957715e-06,2024-11,2024-12-14T01:30:00+00:00,5.0,pseudo_real_time
early,union,catboost,2025-01,-0.21666251858520447,-0.2,-0.016662518585204456,0.016662518585204456,0.0002776395256022839,2024-12,2025-01-14T01:30:00+00:00,5.0,pseudo_real_time
early,union,catboost,2025-02,-0.007237683916263671,-0.1,0.09276231608373633,0.09276231608373633,0.008604847285219009,2025-01,2025-02-14T01:30:00+00:00,5.0,pseudo_real_time
early,union,catboost,2025-03,-0.21622078888044333,-0.4,0.1837792111195567,0.1837792111195567,0.03377479843972659,2025-02,2025-03-14T01:30:00+00:00,5.0,pseudo_real_time
early,union,catboost,2025-04,-0.20102431265606335,-0.4,0.19897568734393667,0.19897568734393667,0.03959132415399204,2025-03,2025-04-14T01:30:00+00:00,5.0,pseudo_real_time
early,union,catboost,2025-05,-0.35412043107881414,-0.4,0.04587956892118589,0.04587956892118589,0.002104934844393846,2025-04,2025-05-14T01:30:00+00:00,5.0,pseudo_real_time
early,union,catboost,2025-06,-0.14539599417960794,-0.4,0.2546040058203921,0.2546040058203921,0.06482319977979026,2025-05,2025-06-14T01:30:00+00:00,5.0,pseudo_real_time
early,union,catboost,2025-07,-0.050125589529338044,-0.2,0.14987441047066197,0.14987441047066197,0.02246233891392847,2025-06,2025-07-14T01:30:00+00:00,5.0,pseudo_real_time
early,union,catboost,2025-08,-0.1515451284821018,0.0,-0.1515451284821018,0.1515451284821018,0.022965925966656742,2025-07,2025-08-14T01:30:00+00:00,5.0,pseudo_real_time
early,union,catboost,2025-09,-0.22123351538281902,0.1,-0.321233515382819,0.321233515382819,0.10319097140520382,2025-08,2025-09-14T01:30:00+00:00,5.0,pseudo_real_time
early,union,catboost,2025-12,-0.030945478311155072,0.2,-0.23094547831115508,0.23094547831115508,0.0533358139523682,2025-09,2025-12-14T01:30:00+00:00,5.0,pseudo_real_time
early,union,catboost,2026-01,-0.19129065003317083,0.4,-0.5912906500331708,0.5912906500331708,0.3496246328166497,2025-12,2026-01-14T01:30:00+00:00,5.0,pseudo_real_time
early,union,catboost,2026-02,0.08356326169652495,0.4,-0.3164367383034751,0.3164367383034751,0.10013220934814197,2026-01,2026-02-14T01:30:00+00:00,5.0,pseudo_real_time
early,union,catboost,2026-03,0.2816625574887499,1.0,-0.7183374425112501,0.7183374425112501,0.5160086813136036,2026-02,2026-03-14T01:30:00+00:00,5.0,pseudo_real_time
early,union,catboost,2026-04,0.5839355160584498,1.7,-1.1160644839415501,1.1160644839415501,1.2455999323157185,2026-03,2026-04-14T01:30:00+00:00,5.0,pseudo_real_time
early,union,catboost,2026-05,0.5276619366344072,0.5,0.02766193663440719,0.02766193663440719,0.0007651827383659586,2026-04,2026-05-14T01:30:00+00:00,5.0,pseudo_real_time
early,union,catboost,2026-06,0.27503809075699265,-0.3,0.5750380907569926,0.5750380907569926,0.3306688058214473,2026-05,2026-06-14T01:30:00+00:00,5.0,pseudo_real_time
early,union,catboost,2026-07,0.005392901135420181,-0.7,0.7053929011354201,0.7053929011354201,0.49757914497224454,2026-06,2026-07-14T01:30:00+00:00,5.0,pseudo_real_time
early,union,catboost,2026-08,0.19927711746803972,0.4,-0.2007228825319603,0.2007228825319603,0.04028967557193913,2026-07,2026-08-14T01:30:00+00:00,5.0,pseudo_real_time
early,union,lightgbm,2024-01,-0.2911637481872815,-0.2,-0.09116374818728151,0.09116374818728151,0.008310828983554073,2023-12,2024-01-14T01:30:00+00:00,5.0,pseudo_real_time
early,union,lightgbm,2024-02,-0.2548574495860318,-0.2,-0.05485744958603178,0.05485744958603178,0.0030093397750840184,2024-01,2024-02-14T01:30:00+00:00,5.0,pseudo_real_time
early,union,lightgbm,2024-03,0.10146679533500565,-0.1,0.20146679533500567,0.20146679533500567,0.04058886962255706,2024-02,2024-03-14T01:30:00+00:00,25.0,pseudo_real_time
early,union,lightgbm,2024-04,-0.08165028435285482,-0.2,0.11834971564714519,0.11834971564714519,0.014006655193760124,2024-03,2024-04-14T01:30:00+00:00,25.0,pseudo_real_time
early,union,lightgbm,2024-05,-0.2414019785919739,0.2,-0.44140197859197394,0.44140197859197394,0.19483570670490943,2024-04,2024-05-14T01:30:00+00:00,25.0,pseudo_real_time
early,union,lightgbm,2024-06,0.09449967348353361,0.1,-0.005500326516466397,0.005500326516466397,3.025359178774337e-05,2024-05,2024-06-14T01:30:00+00:00,25.0,pseudo_real_time
early,union,lightgbm,2024-07,-0.07409735973150368,-0.2,0.12590264026849635,0.12590264026849635,0.015851474826578397,2024-06,2024-07-14T01:30:00+00:00,25.0,pseudo_real_time
early,union,lightgbm,2024-08,-0.2347994378711509,-0.7,0.4652005621288491,0.4652005621288491,0.21641156300499717,2024-07,2024-08-14T01:30:00+00:00,25.0,pseudo_real_time
early,union,lightgbm,2024-09,-0.32784446698692155,-0.6,0.27215553301307843,0.27215553301307843,0.07406863414963283,2024-08,2024-09-14T01:30:00+00:00,25.0,pseudo_real_time
early,union,lightgbm,2024-10,-0.24414842563698116,-0.1,-0.14414842563698116,0.14414842563698116,0.020778768613620286,2024-09,2024-10-14T01:30:00+00:00,25.0,pseudo_real_time
early,union,lightgbm,2024-11,-0.2798304194828358,-0.1,-0.17983041948283582,0.17983041948283582,0.0323389797713727,2024-10,2024-11-14T01:30:00+00:00,25.0,pseudo_real_time
early,union,lightgbm,2024-12,-0.2385121607260389,-0.1,-0.1385121607260389,0.1385121607260389,0.01918561866899603,2024-11,2024-12-14T01:30:00+00:00,25.0,pseudo_real_time
early,union,lightgbm,2025-01,-0.18391929555186304,-0.2,0.016080704448136973,0.016080704448136973,0.00025858905554833225,2024-12,2025-01-14T01:30:00+00:00,25.0,pseudo_real_time
early,union,lightgbm,2025-02,0.0819461438391677,-0.1,0.1819461438391677,0.1819461438391677,0.033104399257943104,2025-01,2025-02-14T01:30:00+00:00,25.0,pseudo_real_time
early,union,lightgbm,2025-03,-0.1385325270369622,-0.4,0.26146747296303785,0.26146747296303785,0.06836523941767693,2025-02,2025-03-14T01:30:00+00:00,25.0,pseudo_real_time
early,union,lightgbm,2025-04,-0.32550122181310037,-0.4,0.07449877818689965,0.07449877818689965,0.0055500679513408755,2025-03,2025-04-14T01:30:00+00:00,25.0,pseudo_real_time
early,union,lightgbm,2025-05,-0.4761031987124427,-0.4,-0.0761031987124427,0.0761031987124427,0.00579169685426554,2025-04,2025-05-14T01:30:00+00:00,25.0,pseudo_real_time
early,union,lightgbm,2025-06,-0.17750706779917236,-0.4,0.22249293220082766,0.22249293220082766,0.04950310487932209,2025-05,2025-06-14T01:30:00+00:00,25.0,pseudo_real_time
early,union,lightgbm,2025-07,-0.1052820362422688,-0.2,0.09471796375773121,0.09471796375773121,0.008971492658410884,2025-06,2025-07-14T01:30:00+00:00,25.0,pseudo_real_time
early,union,lightgbm,2025-08,-0.26563864480569793,0.0,-0.26563864480569793,0.26563864480569793,0.07056388961420774,2025-07,2025-08-14T01:30:00+00:00,25.0,pseudo_real_time
early,union,lightgbm,2025-09,-0.383967884151949,0.1,-0.483967884151949,0.483967884151949,0.23422491289051436,2025-08,2025-09-14T01:30:00+00:00,25.0,pseudo_real_time
early,union,lightgbm,2025-12,-0.04451482509795789,0.2,-0.2445148250979579,0.2445148250979579,0.059787499692684945,2025-09,2025-12-14T01:30:00+00:00,25.0,pseudo_real_time
early,union,lightgbm,2026-01,-0.21209201142133052,0.4,-0.6120920114213305,0.6120920114213305,0.3746566304458102,2025-12,2026-01-14T01:30:00+00:00,25.0,pseudo_real_time
early,union,lightgbm,2026-02,-0.11562521997148946,0.4,-0.5156252199714895,0.5156252199714895,0.2658693674706469,2026-01,2026-02-14T01:30:00+00:00,25.0,pseudo_real_time
early,union,lightgbm,2026-03,0.258553122731224,1.0,-0.741446877268776,0.741446877268776,0.5497434718116194,2026-02,2026-03-14T01:30:00+00:00,5.0,pseudo_real_time
early,union,lightgbm,2026-04,0.2166741336144258,1.7,-1.4833258663855742,1.4833258663855742,2.200255625888514,2026-03,2026-04-14T01:30:00+00:00,25.0,pseudo_real_time
early,union,lightgbm,2026-05,0.3397377257865699,0.5,-0.1602622742134301,0.1602622742134301,0.02568399653606066,2026-04,2026-05-14T01:30:00+00:00,5.0,pseudo_real_time
early,union,lightgbm,2026-06,0.29592345426647787,-0.3,0.5959234542664779,0.5959234542664779,0.3551247633448909,2026-05,2026-06-14T01:30:00+00:00,5.0,pseudo_real_time
early,union,lightgbm,2026-07,0.013962648965738369,-0.7,0.7139626489657384,0.7139626489657384,0.5097426641181741,2026-06,2026-07-14T01:30:00+00:00,5.0,pseudo_real_time
early,union,lightgbm,2026-08,0.28464151018138056,0.4,-0.11535848981861946,0.11535848981861946,0.01330758117323253,2026-07,2026-08-14T01:30:00+00:00,25.0,pseudo_real_time
early,union,no_change,2024-01,0.0,-0.2,0.2,0.2,0.04000000000000001,2023-12,2024-01-14T01:30:00+00:00,,pseudo_real_time
early,union,historical_mean,2024-01,-0.21250000000000002,-0.2,-0.012500000000000011,0.012500000000000011,0.00015625000000000027,2023-12,2024-01-14T01:30:00+00:00,,pseudo_real_time
early,union,last_available_actual,2024-01,-0.3,-0.2,-0.09999999999999998,0.09999999999999998,0.009999999999999995,2023-12,2024-01-14T01:30:00+00:00,,pseudo_real_time
early,union,no_change,2024-02,0.0,-0.2,0.2,0.2,0.04000000000000001,2024-01,2024-02-14T01:30:00+00:00,,pseudo_real_time
early,union,historical_mean,2024-02,-0.21200000000000002,-0.2,-0.01200000000000001,0.01200000000000001,0.00014400000000000025,2024-01,2024-02-14T01:30:00+00:00,,pseudo_real_time
early,union,last_available_actual,2024-02,-0.2,-0.2,0.0,0.0,0.0,2024-01,2024-02-14T01:30:00+00:00,,pseudo_real_time
early,union,no_change,2024-03,0.0,-0.1,0.1,0.1,0.010000000000000002,2024-02,2024-03-14T01:30:00+00:00,,pseudo_real_time
early,union,historical_mean,2024-03,-0.21153846153846156,-0.1,-0.11153846153846156,0.11153846153846156,0.012440828402366868,2024-02,2024-03-14T01:30:00+00:00,,pseudo_real_time
early,union,last_available_actual,2024-03,-0.2,-0.1,-0.1,0.1,0.010000000000000002,2024-02,2024-03-14T01:30:00+00:00,,pseudo_real_time
early,union,no_change,2024-04,0.0,-0.2,0.2,0.2,0.04000000000000001,2024-03,2024-04-14T01:30:00+00:00,,pseudo_real_time
early,union,historical_mean,2024-04,-0.20740740740740743,-0.2,-0.007407407407407418,0.007407407407407418,5.4869684499314285e-05,2024-03,2024-04-14T01:30:00+00:00,,pseudo_real_time
early,union,last_available_actual,2024-04,-0.1,-0.2,0.1,0.1,0.010000000000000002,2024-03,2024-04-14T01:30:00+00:00,,pseudo_real_time
early,union,no_change,2024-05,0.0,0.2,-0.2,0.2,0.04000000000000001,2024-04,2024-05-14T01:30:00+00:00,,pseudo_real_time
early,union,historical_mean,2024-05,-0.20714285714285716,0.2,-0.40714285714285714,0.40714285714285714,0.16576530612244897,2024-04,2024-05-14T01:30:00+00:00,,pseudo_real_time
early,union,last_available_actual,2024-05,-0.2,0.2,-0.4,0.4,0.16000000000000003,2024-04,2024-05-14T01:30:00+00:00,,pseudo_real_time
early,union,no_change,2024-06,0.0,0.1,-0.1,0.1,0.010000000000000002,2024-05,2024-06-14T01:30:00+00:00,,pseudo_real_time
early,union,historical_mean,2024-06,-0.1931034482758621,0.1,-0.2931034482758621,0.2931034482758621,0.08590963139120097,2024-05,2024-06-14T01:30:00+00:00,,pseudo_real_time
early,union,last_available_actual,2024-06,0.2,0.1,0.1,0.1,0.010000000000000002,2024-05,2024-06-14T01:30:00+00:00,,pseudo_real_time
early,union,no_change,2024-07,0.0,-0.2,0.2,0.2,0.04000000000000001,2024-06,2024-07-14T01:30:00+00:00,,pseudo_real_time
early,union,historical_mean,2024-07,-0.18333333333333338,-0.2,0.016666666666666635,0.016666666666666635,0.00027777777777777675,2024-06,2024-07-14T01:30:00+00:00,,pseudo_real_time
early,union,last_available_actual,2024-07,0.1,-0.2,0.30000000000000004,0.30000000000000004,0.09000000000000002,2024-06,2024-07-14T01:30:00+00:00,,pseudo_real_time
early,union,no_change,2024-08,0.0,-0.7,0.7,0.7,0.48999999999999994,2024-07,2024-08-14T01:30:00+00:00,,pseudo_real_time
early,union,historical_mean,2024-08,-0.1838709677419355,-0.7,0.5161290322580645,0.5161290322580645,0.26638917793964617,2024-07,2024-08-14T01:30:00+00:00,,pseudo_real_time
early,union,last_available_actual,2024-08,-0.2,-0.7,0.49999999999999994,0.49999999999999994,0.24999999999999994,2024-07,2024-08-14T01:30:00+00:00,,pseudo_real_time
early,union,no_change,2024-09,0.0,-0.6,0.6,0.6,0.36,2024-08,2024-09-14T01:30:00+00:00,,pseudo_real_time
early,union,historical_mean,2024-09,-0.2,-0.6,0.39999999999999997,0.39999999999999997,0.15999999999999998,2024-08,2024-09-14T01:30:00+00:00,,pseudo_real_time
early,union,last_available_actual,2024-09,-0.7,-0.6,-0.09999999999999998,0.09999999999999998,0.009999999999999995,2024-08,2024-09-14T01:30:00+00:00,,pseudo_real_time
early,union,no_change,2024-10,0.0,-0.1,0.1,0.1,0.010000000000000002,2024-09,2024-10-14T01:30:00+00:00,,pseudo_real_time
early,union,historical_mean,2024-10,-0.21212121212121213,-0.1,-0.11212121212121212,0.11212121212121212,0.012571166207529844,2024-09,2024-10-14T01:30:00+00:00,,pseudo_real_time
early,union,last_available_actual,2024-10,-0.6,-0.1,-0.5,0.5,0.25,2024-09,2024-10-14T01:30:00+00:00,,pseudo_real_time
early,union,no_change,2024-11,0.0,-0.1,0.1,0.1,0.010000000000000002,2024-10,2024-11-14T01:30:00+00:00,,pseudo_real_time
early,union,historical_mean,2024-11,-0.20882352941176469,-0.1,-0.10882352941176468,0.10882352941176468,0.011842560553633212,2024-10,2024-11-14T01:30:00+00:00,,pseudo_real_time
early,union,last_available_actual,2024-11,-0.1,-0.1,0.0,0.0,0.0,2024-10,2024-11-14T01:30:00+00:00,,pseudo_real_time
early,union,no_change,2024-12,0.0,-0.1,0.1,0.1,0.010000000000000002,2024-11,2024-12-14T01:30:00+00:00,,pseudo_real_time
early,union,historical_mean,2024-12,-0.20571428571428568,-0.1,-0.10571428571428568,0.10571428571428568,0.011175510204081624,2024-11,2024-12-14T01:30:00+00:00,,pseudo_real_time
early,union,last_available_actual,2024-12,-0.1,-0.1,0.0,0.0,0.0,2024-11,2024-12-14T01:30:00+00:00,,pseudo_real_time
early,union,no_change,2025-01,0.0,-0.2,0.2,0.2,0.04000000000000001,2024-12,2025-01-14T01:30:00+00:00,,pseudo_real_time
early,union,historical_mean,2025-01,-0.20277777777777775,-0.2,-0.00277777777777774,0.00277777777777774,7.716049382715841e-06,2024-12,2025-01-14T01:30:00+00:00,,pseudo_real_time
early,union,last_available_actual,2025-01,-0.1,-0.2,0.1,0.1,0.010000000000000002,2024-12,2025-01-14T01:30:00+00:00,,pseudo_real_time
early,union,no_change,2025-02,0.0,-0.1,0.1,0.1,0.010000000000000002,2025-01,2025-02-14T01:30:00+00:00,,pseudo_real_time
early,union,historical_mean,2025-02,-0.2027027027027027,-0.1,-0.10270270270270268,0.10270270270270268,0.010547845142439732,2025-01,2025-02-14T01:30:00+00:00,,pseudo_real_time
early,union,last_available_actual,2025-02,-0.2,-0.1,-0.1,0.1,0.010000000000000002,2025-01,2025-02-14T01:30:00+00:00,,pseudo_real_time
early,union,no_change,2025-03,0.0,-0.4,0.4,0.4,0.16000000000000003,2025-02,2025-03-14T01:30:00+00:00,,pseudo_real_time
early,union,historical_mean,2025-03,-0.19999999999999996,-0.4,0.20000000000000007,0.20000000000000007,0.04000000000000003,2025-02,2025-03-14T01:30:00+00:00,,pseudo_real_time
early,union,last_available_actual,2025-03,-0.1,-0.4,0.30000000000000004,0.30000000000000004,0.09000000000000002,2025-02,2025-03-14T01:30:00+00:00,,pseudo_real_time
early,union,no_change,2025-04,0.0,-0.4,0.4,0.4,0.16000000000000003,2025-03,2025-04-14T01:30:00+00:00,,pseudo_real_time
early,union,historical_mean,2025-04,-0.2051282051282051,-0.4,0.19487179487179493,0.19487179487179493,0.03797501643655492,2025-03,2025-04-14T01:30:00+00:00,,pseudo_real_time
early,union,last_available_actual,2025-04,-0.4,-0.4,0.0,0.0,0.0,2025-03,2025-04-14T01:30:00+00:00,,pseudo_real_time
early,union,no_change,2025-05,0.0,-0.4,0.4,0.4,0.16000000000000003,2025-04,2025-05-14T01:30:00+00:00,,pseudo_real_time
early,union,historical_mean,2025-05,-0.21000000000000005,-0.4,0.18999999999999997,0.18999999999999997,0.03609999999999999,2025-04,2025-05-14T01:30:00+00:00,,pseudo_real_time
early,union,last_available_actual,2025-05,-0.4,-0.4,0.0,0.0,0.0,2025-04,2025-05-14T01:30:00+00:00,,pseudo_real_time
early,union,no_change,2025-06,0.0,-0.4,0.4,0.4,0.16000000000000003,2025-05,2025-06-14T01:30:00+00:00,,pseudo_real_time
early,union,historical_mean,2025-06,-0.21463414634146347,-0.4,0.18536585365853656,0.18536585365853656,0.034360499702557994,2025-05,2025-06-14T01:30:00+00:00,,pseudo_real_time
early,union,last_available_actual,2025-06,-0.4,-0.4,0.0,0.0,0.0,2025-05,2025-06-14T01:30:00+00:00,,pseudo_real_time
early,union,no_change,2025-07,0.0,-0.2,0.2,0.2,0.04000000000000001,2025-06,2025-07-14T01:30:00+00:00,,pseudo_real_time
early,union,historical_mean,2025-07,-0.2190476190476191,-0.2,-0.01904761904761909,0.01904761904761909,0.0003628117913832216,2025-06,2025-07-14T01:30:00+00:00,,pseudo_real_time
early,union,last_available_actual,2025-07,-0.4,-0.2,-0.2,0.2,0.04000000000000001,2025-06,2025-07-14T01:30:00+00:00,,pseudo_real_time
early,union,no_change,2025-08,0.0,0.0,0.0,0.0,0.0,2025-07,2025-08-14T01:30:00+00:00,,pseudo_real_time
early,union,historical_mean,2025-08,-0.21860465116279074,0.0,-0.21860465116279074,0.21860465116279074,0.04778799351000543,2025-07,2025-08-14T01:30:00+00:00,,pseudo_real_time
early,union,last_available_actual,2025-08,-0.2,0.0,-0.2,0.2,0.04000000000000001,2025-07,2025-08-14T01:30:00+00:00,,pseudo_real_time
early,union,no_change,2025-09,0.0,0.1,-0.1,0.1,0.010000000000000002,2025-08,2025-09-14T01:30:00+00:00,,pseudo_real_time
early,union,historical_mean,2025-09,-0.21363636363636368,0.1,-0.3136363636363637,0.3136363636363637,0.09836776859504137,2025-08,2025-09-14T01:30:00+00:00,,pseudo_real_time
early,union,last_available_actual,2025-09,0.0,0.1,-0.1,0.1,0.010000000000000002,2025-08,2025-09-14T01:30:00+00:00,,pseudo_real_time
early,union,no_change,2025-12,0.0,0.2,-0.2,0.2,0.04000000000000001,2025-09,2025-12-14T01:30:00+00:00,,pseudo_real_time
early,union,historical_mean,2025-12,-0.20666666666666672,0.2,-0.40666666666666673,0.40666666666666673,0.16537777777777782,2025-09,2025-12-14T01:30:00+00:00,,pseudo_real_time
early,union,last_available_actual,2025-12,0.1,0.2,-0.1,0.1,0.010000000000000002,2025-09,2025-12-14T01:30:00+00:00,,pseudo_real_time
early,union,no_change,2026-01,0.0,0.4,-0.4,0.4,0.16000000000000003,2025-12,2026-01-14T01:30:00+00:00,,pseudo_real_time
early,union,historical_mean,2026-01,-0.19782608695652182,0.4,-0.5978260869565218,0.5978260869565218,0.3573960302457468,2025-12,2026-01-14T01:30:00+00:00,,pseudo_real_time
early,union,last_available_actual,2026-01,0.2,0.4,-0.2,0.2,0.04000000000000001,2025-12,2026-01-14T01:30:00+00:00,,pseudo_real_time
early,union,no_change,2026-02,0.0,0.4,-0.4,0.4,0.16000000000000003,2026-01,2026-02-14T01:30:00+00:00,,pseudo_real_time
early,union,historical_mean,2026-02,-0.18510638297872348,0.4,-0.5851063829787235,0.5851063829787235,0.3423494794024447,2026-01,2026-02-14T01:30:00+00:00,,pseudo_real_time
early,union,last_available_actual,2026-02,0.4,0.4,0.0,0.0,0.0,2026-01,2026-02-14T01:30:00+00:00,,pseudo_real_time
early,union,no_change,2026-03,0.0,1.0,-1.0,1.0,1.0,2026-02,2026-03-14T01:30:00+00:00,,pseudo_real_time
early,union,historical_mean,2026-03,-0.1729166666666667,1.0,-1.1729166666666666,1.1729166666666666,1.3757335069444443,2026-02,2026-03-14T01:30:00+00:00,,pseudo_real_time
early,union,last_available_actual,2026-03,0.4,1.0,-0.6,0.6,0.36,2026-02,2026-03-14T01:30:00+00:00,,pseudo_real_time
early,union,no_change,2026-04,0.0,1.7,-1.7,1.7,2.8899999999999997,2026-03,2026-04-14T01:30:00+00:00,,pseudo_real_time
early,union,historical_mean,2026-04,-0.1489795918367347,1.7,-1.8489795918367347,1.8489795918367347,3.418725531028738,2026-03,2026-04-14T01:30:00+00:00,,pseudo_real_time
early,union,last_available_actual,2026-04,1.0,1.7,-0.7,0.7,0.48999999999999994,2026-03,2026-04-14T01:30:00+00:00,,pseudo_real_time
early,union,no_change,2026-05,0.0,0.5,-0.5,0.5,0.25,2026-04,2026-05-14T01:30:00+00:00,,pseudo_real_time
early,union,historical_mean,2026-05,-0.11200000000000002,0.5,-0.612,0.612,0.374544,2026-04,2026-05-14T01:30:00+00:00,,pseudo_real_time
early,union,last_available_actual,2026-05,1.7,0.5,1.2,1.2,1.44,2026-04,2026-05-14T01:30:00+00:00,,pseudo_real_time
early,union,no_change,2026-06,0.0,-0.3,0.3,0.3,0.09,2026-05,2026-06-14T01:30:00+00:00,,pseudo_real_time
early,union,historical_mean,2026-06,-0.1,-0.3,0.19999999999999998,0.19999999999999998,0.039999999999999994,2026-05,2026-06-14T01:30:00+00:00,,pseudo_real_time
early,union,last_available_actual,2026-06,0.5,-0.3,0.8,0.8,0.6400000000000001,2026-05,2026-06-14T01:30:00+00:00,,pseudo_real_time
early,union,no_change,2026-07,0.0,-0.7,0.7,0.7,0.48999999999999994,2026-06,2026-07-14T01:30:00+00:00,,pseudo_real_time
early,union,historical_mean,2026-07,-0.10384615384615385,-0.7,0.5961538461538461,0.5961538461538461,0.35539940828402367,2026-06,2026-07-14T01:30:00+00:00,,pseudo_real_time
early,union,last_available_actual,2026-07,-0.3,-0.7,0.39999999999999997,0.39999999999999997,0.15999999999999998,2026-06,2026-07-14T01:30:00+00:00,,pseudo_real_time
early,union,no_change,2026-08,0.0,0.4,-0.4,0.4,0.16000000000000003,2026-07,2026-08-14T01:30:00+00:00,,pseudo_real_time
early,union,historical_mean,2026-08,-0.11509433962264153,0.4,-0.5150943396226415,0.5150943396226415,0.26532217871128516,2026-07,2026-08-14T01:30:00+00:00,,pseudo_real_time
early,union,last_available_actual,2026-08,-0.7,0.4,-1.1,1.1,1.2100000000000002,2026-07,2026-08-14T01:30:00+00:00,,pseudo_real_time
early_carry,union,ridge,2024-02,-0.27200384365199887,-0.2,-0.07200384365199886,0.07200384365199886,0.0051845535006614955,2024-01,2024-02-14T01:30:00+00:00,25.0,pseudo_real_time
early_carry,union,ridge,2024-03,0.09825154045461104,-0.1,0.19825154045461105,0.19825154045461105,0.03930367329262628,2024-02,2024-03-14T01:30:00+00:00,25.0,pseudo_real_time
early_carry,union,ridge,2024-04,0.3212479094166601,-0.2,0.5212479094166601,0.5212479094166601,0.2716993830712387,2024-03,2024-04-14T01:30:00+00:00,25.0,pseudo_real_time
early_carry,union,ridge,2024-05,0.0012055040511820547,0.2,-0.19879449594881796,0.19879449594881796,0.0395192516195446,2024-04,2024-05-14T01:30:00+00:00,25.0,pseudo_real_time
early_carry,union,ridge,2024-06,-0.01633159775308307,0.1,-0.11633159775308308,0.11633159775308308,0.013533040635785124,2024-05,2024-06-14T01:30:00+00:00,25.0,pseudo_real_time
early_carry,union,ridge,2024-07,-0.13513961092531918,-0.2,0.06486038907468084,0.06486038907468084,0.004206870070918977,2024-06,2024-07-14T01:30:00+00:00,25.0,pseudo_real_time
early_carry,union,ridge,2024-08,-0.3884298139593896,-0.7,0.3115701860406104,0.3115701860406104,0.09707598082938056,2024-07,2024-08-14T01:30:00+00:00,25.0,pseudo_real_time
early_carry,union,ridge,2024-09,-0.5690430819470705,-0.6,0.03095691805292944,0.03095691805292944,0.0009583307753357886,2024-08,2024-09-14T01:30:00+00:00,25.0,pseudo_real_time
early_carry,union,ridge,2024-10,0.7553338029597745,-0.1,0.8553338029597745,0.8553338029597745,0.7315959144856303,2024-09,2024-10-14T01:30:00+00:00,25.0,pseudo_real_time
early_carry,union,ridge,2024-11,-0.3544596856867479,-0.1,-0.2544596856867479,0.2544596856867479,0.06474973163979855,2024-10,2024-11-14T01:30:00+00:00,25.0,pseudo_real_time
early_carry,union,ridge,2024-12,-0.06564354546830387,-0.1,0.03435645453169614,0.03435645453169614,0.0011803659679885043,2024-11,2024-12-14T01:30:00+00:00,25.0,pseudo_real_time
early_carry,union,ridge,2025-01,-0.43611229270653074,-0.2,-0.23611229270653072,0.23611229270653072,0.05574901476713444,2024-12,2025-01-14T01:30:00+00:00,25.0,pseudo_real_time
early_carry,union,ridge,2025-03,-0.1090581128538475,-0.4,0.29094188714615254,0.29094188714615254,0.08464718169616456,2025-01,2025-03-14T01:30:00+00:00,25.0,pseudo_real_time
early_carry,union,ridge,2025-04,-0.5127274084362802,-0.4,-0.11272740843628015,0.11272740843628015,0.012707468612759926,2025-03,2025-04-14T01:30:00+00:00,25.0,pseudo_real_time
early_carry,union,ridge,2025-05,-0.5137575529889471,-0.4,-0.11375755298894707,0.11375755298894707,0.012940780862033102,2025-04,2025-05-14T01:30:00+00:00,25.0,pseudo_real_time
early_carry,union,ridge,2025-06,-0.21762321273204052,-0.4,0.1823767872679595,0.1823767872679595,0.03326129253418256,2025-05,2025-06-14T01:30:00+00:00,25.0,pseudo_real_time
early_carry,union,ridge,2025-07,-0.27359281190793977,-0.2,-0.07359281190793976,0.07359281190793976,0.0054159019645174,2025-06,2025-07-14T01:30:00+00:00,25.0,pseudo_real_time
early_carry,union,ridge,2025-08,-0.08754732532194393,0.0,-0.08754732532194393,0.08754732532194393,0.007664534171026284,2025-07,2025-08-14T01:30:00+00:00,25.0,pseudo_real_time
early_carry,union,ridge,2025-09,-0.10523432073668798,0.1,-0.205234320736688,0.205234320736688,0.042121126408249714,2025-08,2025-09-14T01:30:00+00:00,25.0,pseudo_real_time
early_carry,union,ridge,2025-12,0.06340466667980757,0.2,-0.13659533332019244,0.13659533332019244,0.018658285084854474,2025-09,2025-12-14T01:30:00+00:00,25.0,pseudo_real_time
early_carry,union,ridge,2026-01,-0.15340168828091122,0.4,-0.5534016882809112,0.5534016882809112,0.3062534285921628,2025-12,2026-01-14T01:30:00+00:00,25.0,pseudo_real_time
early_carry,union,ridge,2026-02,0.33567846109577104,0.4,-0.06432153890422898,0.06432153890422898,0.004137260367008243,2026-01,2026-02-14T01:30:00+00:00,25.0,pseudo_real_time
early_carry,union,ridge,2026-03,0.6259341734917092,1.0,-0.3740658265082908,0.3740658265082908,0.1399252425613307,2026-02,2026-03-14T01:30:00+00:00,25.0,pseudo_real_time
early_carry,union,ridge,2026-04,5.45865926915446,1.7,3.7586592691544602,3.7586592691544602,14.12751950160074,2026-03,2026-04-14T01:30:00+00:00,25.0,pseudo_real_time
early_carry,union,ridge,2026-05,0.8341821169908571,0.5,0.3341821169908571,0.3341821169908571,0.1116776873164909,2026-04,2026-05-14T01:30:00+00:00,25.0,pseudo_real_time
early_carry,union,ridge,2026-06,0.660611562084079,-0.3,0.9606115620840789,0.9606115620840789,0.9227745732096142,2026-05,2026-06-14T01:30:00+00:00,25.0,pseudo_real_time
early_carry,union,ridge,2026-07,0.3755400247283082,-0.7,1.0755400247283082,1.0755400247283082,1.15678634479257,2026-06,2026-07-14T01:30:00+00:00,25.0,pseudo_real_time
early_carry,union,ridge,2026-08,-0.04598882529004959,0.4,-0.44598882529004963,0.44598882529004963,0.1989060322835984,2026-07,2026-08-14T01:30:00+00:00,25.0,pseudo_real_time
early_carry,union,histgb,2024-02,-0.03170179941545225,-0.2,0.16829820058454775,0.16829820058454775,0.02832428431999667,2024-01,2024-02-14T01:30:00+00:00,5.0,pseudo_real_time
early_carry,union,histgb,2024-03,0.3639615009804508,-0.1,0.46396150098045086,0.46396150098045086,0.2152602743920329,2024-02,2024-03-14T01:30:00+00:00,5.0,pseudo_real_time
early_carry,union,histgb,2024-04,-0.10216838238669494,-0.2,0.09783161761330507,0.09783161761330507,0.009571025404835943,2024-03,2024-04-14T01:30:00+00:00,25.0,pseudo_real_time
early_carry,union,histgb,2024-05,-0.13131502573451256,0.2,-0.33131502573451255,0.33131502573451255,0.1097696462774607,2024-04,2024-05-14T01:30:00+00:00,25.0,pseudo_real_time
early_carry,union,histgb,2024-06,0.2076306847653194,0.1,0.1076306847653194,0.1076306847653194,0.011584364303051556,2024-05,2024-06-14T01:30:00+00:00,25.0,pseudo_real_time
early_carry,union,histgb,2024-07,0.17100555020980482,-0.2,0.37100555020980486,0.37100555020980486,0.13764511828648004,2024-06,2024-07-14T01:30:00+00:00,25.0,pseudo_real_time
early_carry,union,histgb,2024-08,-0.34034830860523513,-0.7,0.3596516913947648,0.3596516913947648,0.12934933912311516,2024-07,2024-08-14T01:30:00+00:00,25.0,pseudo_real_time
early_carry,union,histgb,2024-09,-0.4524356735551168,-0.6,0.14756432644488315,0.14756432644488315,0.021775230439132043,2024-08,2024-09-14T01:30:00+00:00,25.0,pseudo_real_time
early_carry,union,histgb,2024-10,-0.10783370710300684,-0.1,-0.007833707103006834,0.007833707103006834,6.136696697569973e-05,2024-09,2024-10-14T01:30:00+00:00,25.0,pseudo_real_time
early_carry,union,histgb,2024-11,-0.1857617613544089,-0.1,-0.08576176135440888,0.08576176135440888,0.007355079710610581,2024-10,2024-11-14T01:30:00+00:00,25.0,pseudo_real_time
early_carry,union,histgb,2024-12,-0.019657630076977312,-0.1,0.0803423699230227,0.0803423699230227,0.006454896404847822,2024-11,2024-12-14T01:30:00+00:00,25.0,pseudo_real_time
early_carry,union,histgb,2025-01,-0.08974023717295739,-0.2,0.11025976282704263,0.11025976282704263,0.01215721529867569,2024-12,2025-01-14T01:30:00+00:00,25.0,pseudo_real_time
early_carry,union,histgb,2025-03,-0.20047157906053595,-0.4,0.19952842093946407,0.19952842093946407,0.039811590762595966,2025-01,2025-03-14T01:30:00+00:00,25.0,pseudo_real_time
early_carry,union,histgb,2025-04,-0.4024418812916642,-0.4,-0.002441881291664172,0.002441881291664172,5.962784242579484e-06,2025-03,2025-04-14T01:30:00+00:00,25.0,pseudo_real_time
early_carry,union,histgb,2025-05,-0.3154861195529046,-0.4,0.0845138804470954,0.0845138804470954,0.007142595988225934,2025-04,2025-05-14T01:30:00+00:00,25.0,pseudo_real_time
early_carry,union,histgb,2025-06,-0.139676316755058,-0.4,0.26032368324494204,0.26032368324494204,0.06776842005821292,2025-05,2025-06-14T01:30:00+00:00,25.0,pseudo_real_time
early_carry,union,histgb,2025-07,-0.12205134339727622,-0.2,0.07794865660272379,0.07794865660272379,0.006075993066169356,2025-06,2025-07-14T01:30:00+00:00,25.0,pseudo_real_time
early_carry,union,histgb,2025-08,-0.2931459381103225,0.0,-0.2931459381103225,0.2931459381103225,0.08593454103058104,2025-07,2025-08-14T01:30:00+00:00,25.0,pseudo_real_time
early_carry,union,histgb,2025-09,-0.2436440982488305,0.1,-0.34364409824883047,0.34364409824883047,0.11809126626125184,2025-08,2025-09-14T01:30:00+00:00,25.0,pseudo_real_time
early_carry,union,histgb,2025-12,0.027084637062243223,0.2,-0.17291536293775678,0.17291536293775678,0.02989972273989615,2025-09,2025-12-14T01:30:00+00:00,25.0,pseudo_real_time
early_carry,union,histgb,2026-01,-0.2948809080373378,0.4,-0.6948809080373378,0.6948809080373378,0.48285947635479515,2025-12,2026-01-14T01:30:00+00:00,25.0,pseudo_real_time
early_carry,union,histgb,2026-02,-0.02352604566803632,0.4,-0.42352604566803637,0.42352604566803637,0.17937431135920362,2026-01,2026-02-14T01:30:00+00:00,25.0,pseudo_real_time
early_carry,union,histgb,2026-03,0.12402283827634869,1.0,-0.8759771617236514,0.8759771617236514,0.7673359878614241,2026-02,2026-03-14T01:30:00+00:00,25.0,pseudo_real_time
early_carry,union,histgb,2026-04,0.11267496599253943,1.7,-1.5873250340074605,1.5873250340074605,2.5196007635867854,2026-03,2026-04-14T01:30:00+00:00,25.0,pseudo_real_time
early_carry,union,histgb,2026-05,0.2311253393184313,0.5,-0.26887466068156873,0.26887466068156873,0.07229358315662872,2026-04,2026-05-14T01:30:00+00:00,25.0,pseudo_real_time
early_carry,union,histgb,2026-06,0.29044153080122903,-0.3,0.590441530801229,0.590441530801229,0.3486212012948986,2026-05,2026-06-14T01:30:00+00:00,25.0,pseudo_real_time
early_carry,union,histgb,2026-07,-0.03375613716565109,-0.7,0.6662438628343489,0.6662438628343489,0.4438808847644347,2026-06,2026-07-14T01:30:00+00:00,25.0,pseudo_real_time
early_carry,union,histgb,2026-08,0.21582941887660667,0.4,-0.18417058112339335,0.18417058112339335,0.03391880295132841,2026-07,2026-08-14T01:30:00+00:00,25.0,pseudo_real_time
early_carry,union,xgboost,2024-02,-0.20568355917930603,-0.2,-0.005683559179306019,0.005683559179306019,3.230284494467371e-05,2024-01,2024-02-14T01:30:00+00:00,5.0,pseudo_real_time
early_carry,union,xgboost,2024-03,0.16030262410640717,-0.1,0.26030262410640714,0.26030262410640714,0.06775745611668149,2024-02,2024-03-14T01:30:00+00:00,5.0,pseudo_real_time
early_carry,union,xgboost,2024-04,-0.07922470569610596,-0.2,0.12077529430389405,0.12077529430389405,0.014586671714192223,2024-03,2024-04-14T01:30:00+00:00,5.0,pseudo_real_time
early_carry,union,xgboost,2024-05,-0.24058941006660461,0.2,-0.4405894100666046,0.4405894100666046,0.1941190282628387,2024-04,2024-05-14T01:30:00+00:00,5.0,pseudo_real_time
early_carry,union,xgboost,2024-06,0.0827544704079628,0.1,-0.017245529592037206,0.017245529592037206,0.000297408290909831,2024-05,2024-06-14T01:30:00+00:00,25.0,pseudo_real_time
early_carry,union,xgboost,2024-07,0.09700298309326172,-0.2,0.29700298309326173,0.29700298309326173,0.08821077196629631,2024-06,2024-07-14T01:30:00+00:00,25.0,pseudo_real_time
early_carry,union,xgboost,2024-08,-0.4106888175010681,-0.7,0.28931118249893184,0.28931118249893184,0.08370096031893025,2024-07,2024-08-14T01:30:00+00:00,25.0,pseudo_real_time
early_carry,union,xgboost,2024-09,-0.3860815167427063,-0.6,0.21391848325729368,0.21391848325729368,0.045761117479101034,2024-08,2024-09-14T01:30:00+00:00,25.0,pseudo_real_time
early_carry,union,xgboost,2024-10,-0.2125590741634369,-0.1,-0.11255907416343688,0.11255907416343688,0.012669545176530085,2024-09,2024-10-14T01:30:00+00:00,25.0,pseudo_real_time
early_carry,union,xgboost,2024-11,-0.22772085666656494,-0.1,-0.12772085666656494,0.12772085666656494,0.016312617227641223,2024-10,2024-11-14T01:30:00+00:00,25.0,pseudo_real_time
early_carry,union,xgboost,2024-12,-0.03364405408501625,-0.1,0.06635594591498375,0.06635594591498375,0.004403111558272249,2024-11,2024-12-14T01:30:00+00:00,25.0,pseudo_real_time
early_carry,union,xgboost,2025-01,-0.10255079716444016,-0.2,0.09744920283555986,0.09744920283555986,0.009496347133286087,2024-12,2025-01-14T01:30:00+00:00,25.0,pseudo_real_time
early_carry,union,xgboost,2025-03,-0.2221144437789917,-0.4,0.17788555622100832,0.17788555622100832,0.03164327111205751,2025-01,2025-03-14T01:30:00+00:00,25.0,pseudo_real_time
early_carry,union,xgboost,2025-04,-0.3487255275249481,-0.4,0.0512744724750519,0.0512744724750519,0.002629071527594855,2025-03,2025-04-14T01:30:00+00:00,25.0,pseudo_real_time
early_carry,union,xgboost,2025-05,-0.28318843245506287,-0.4,0.11681156754493716,0.11681156754493716,0.013644942312305416,2025-04,2025-05-14T01:30:00+00:00,25.0,pseudo_real_time
early_carry,union,xgboost,2025-06,-0.07372566312551498,-0.4,0.32627433687448504,0.32627433687448504,0.10645494290288494,2025-05,2025-06-14T01:30:00+00:00,25.0,pseudo_real_time
early_carry,union,xgboost,2025-07,-0.08818011730909348,-0.2,0.11181988269090654,0.11181988269090654,0.0125036861650081,2025-06,2025-07-14T01:30:00+00:00,25.0,pseudo_real_time
early_carry,union,xgboost,2025-08,-0.3121330142021179,0.0,-0.3121330142021179,0.3121330142021179,0.09742701855489955,2025-07,2025-08-14T01:30:00+00:00,25.0,pseudo_real_time
early_carry,union,xgboost,2025-09,-0.3505978584289551,0.1,-0.45059785842895506,0.45059785842895506,0.20303843002076064,2025-08,2025-09-14T01:30:00+00:00,25.0,pseudo_real_time
early_carry,union,xgboost,2025-12,-0.07059296220541,0.2,-0.27059296220541,0.27059296220541,0.07322055119509845,2025-09,2025-12-14T01:30:00+00:00,25.0,pseudo_real_time
early_carry,union,xgboost,2026-01,-0.11599878966808319,0.4,-0.5159987896680832,0.5159987896680832,0.26625475093892675,2025-12,2026-01-14T01:30:00+00:00,5.0,pseudo_real_time
early_carry,union,xgboost,2026-02,-0.04865448921918869,0.4,-0.4486544892191887,0.4486544892191887,0.20129085069653113,2026-01,2026-02-14T01:30:00+00:00,25.0,pseudo_real_time
early_carry,union,xgboost,2026-03,0.15000467002391815,1.0,-0.8499953299760818,0.8499953299760818,0.7224920609811483,2026-02,2026-03-14T01:30:00+00:00,5.0,pseudo_real_time
early_carry,union,xgboost,2026-04,0.2783331573009491,1.7,-1.4216668426990509,1.4216668426990509,2.021136611629888,2026-03,2026-04-14T01:30:00+00:00,5.0,pseudo_real_time
early_carry,union,xgboost,2026-05,0.3704500198364258,0.5,-0.12954998016357422,0.12954998016357422,0.016783197360382474,2026-04,2026-05-14T01:30:00+00:00,5.0,pseudo_real_time
early_carry,union,xgboost,2026-06,0.26894015073776245,-0.3,0.5689401507377625,0.5689401507377625,0.3236928951215079,2026-05,2026-06-14T01:30:00+00:00,5.0,pseudo_real_time
early_carry,union,xgboost,2026-07,0.023704348132014275,-0.7,0.7237043481320142,0.7237043481320142,0.5237479835051837,2026-06,2026-07-14T01:30:00+00:00,5.0,pseudo_real_time
early_carry,union,xgboost,2026-08,0.16729386150836945,0.4,-0.23270613849163058,0.23270613849163058,0.05415214689168595,2026-07,2026-08-14T01:30:00+00:00,5.0,pseudo_real_time
early_carry,union,catboost,2024-02,-0.2607690936548381,-0.2,-0.06076909365483807,0.06076909365483807,0.0036928827436304803,2024-01,2024-02-14T01:30:00+00:00,5.0,pseudo_real_time
early_carry,union,catboost,2024-03,0.07037189225581936,-0.1,0.17037189225581936,0.17037189225581936,0.02902658167082852,2024-02,2024-03-14T01:30:00+00:00,5.0,pseudo_real_time
early_carry,union,catboost,2024-04,-0.0906703917451663,-0.2,0.1093296082548337,0.1093296082548337,0.011952963241155402,2024-03,2024-04-14T01:30:00+00:00,25.0,pseudo_real_time
early_carry,union,catboost,2024-05,-0.13747579048532454,0.2,-0.33747579048532456,0.33747579048532456,0.11388990916369468,2024-04,2024-05-14T01:30:00+00:00,5.0,pseudo_real_time
early_carry,union,catboost,2024-06,-0.06758435151007011,0.1,-0.16758435151007012,0.16758435151007012,0.02808451487105074,2024-05,2024-06-14T01:30:00+00:00,25.0,pseudo_real_time
early_carry,union,catboost,2024-07,-0.04793776887379231,-0.2,0.1520622311262077,0.1520622311262077,0.02312292213508021,2024-06,2024-07-14T01:30:00+00:00,25.0,pseudo_real_time
early_carry,union,catboost,2024-08,-0.2641266424740126,-0.7,0.4358733575259874,0.4358733575259874,0.18998558380097721,2024-07,2024-08-14T01:30:00+00:00,25.0,pseudo_real_time
early_carry,union,catboost,2024-09,-0.4425020817426544,-0.6,0.1574979182573456,0.1574979182573456,0.02480559425539752,2024-08,2024-09-14T01:30:00+00:00,5.0,pseudo_real_time
early_carry,union,catboost,2024-10,-0.1376128301174307,-0.1,-0.03761283011743069,0.03761283011743069,0.0014147249894427012,2024-09,2024-10-14T01:30:00+00:00,5.0,pseudo_real_time
early_carry,union,catboost,2024-11,-0.18616840753182723,-0.1,-0.08616840753182722,0.08616840753182722,0.007424994456571059,2024-10,2024-11-14T01:30:00+00:00,5.0,pseudo_real_time
early_carry,union,catboost,2024-12,-0.08534704404808693,-0.1,0.014652955951913071,0.014652955951913071,0.0002147091181287047,2024-11,2024-12-14T01:30:00+00:00,5.0,pseudo_real_time
early_carry,union,catboost,2025-01,-0.22682240223015995,-0.2,-0.026822402230159942,0.026822402230159942,0.000719441261396489,2024-12,2025-01-14T01:30:00+00:00,5.0,pseudo_real_time
early_carry,union,catboost,2025-03,-0.12181486923317085,-0.4,0.27818513076682916,0.27818513076682916,0.07738696697975785,2025-01,2025-03-14T01:30:00+00:00,25.0,pseudo_real_time
early_carry,union,catboost,2025-04,-0.24674984827012025,-0.4,0.15325015172987977,0.15325015172987977,0.02348560900523117,2025-03,2025-04-14T01:30:00+00:00,5.0,pseudo_real_time
early_carry,union,catboost,2025-05,-0.240516455770161,-0.4,0.159483544229839,0.159483544229839,0.025435000880111018,2025-04,2025-05-14T01:30:00+00:00,5.0,pseudo_real_time
early_carry,union,catboost,2025-06,-0.14085277518998007,-0.4,0.25914722481001995,0.25914722481001995,0.06715728412673502,2025-05,2025-06-14T01:30:00+00:00,5.0,pseudo_real_time
early_carry,union,catboost,2025-07,-0.049919442022306,-0.2,0.150080557977694,0.150080557977694,0.022524173882895973,2025-06,2025-07-14T01:30:00+00:00,5.0,pseudo_real_time
early_carry,union,catboost,2025-08,-0.31805766463618496,0.0,-0.31805766463618496,0.31805766463618496,0.10116067803382389,2025-07,2025-08-14T01:30:00+00:00,5.0,pseudo_real_time
early_carry,union,catboost,2025-09,-0.1943590327673393,0.1,-0.2943590327673393,0.2943590327673393,0.08664724017172355,2025-08,2025-09-14T01:30:00+00:00,5.0,pseudo_real_time
early_carry,union,catboost,2025-12,-0.07033358576148271,0.2,-0.2703335857614827,0.2703335857614827,0.07308024759066092,2025-09,2025-12-14T01:30:00+00:00,5.0,pseudo_real_time
early_carry,union,catboost,2026-01,-0.001019376383335796,0.4,-0.40101937638333585,0.40101937638333585,0.16081654023487957,2025-12,2026-01-14T01:30:00+00:00,5.0,pseudo_real_time
early_carry,union,catboost,2026-02,0.11659700327117078,0.4,-0.28340299672882924,0.28340299672882924,0.0803172585548808,2026-01,2026-02-14T01:30:00+00:00,5.0,pseudo_real_time
early_carry,union,catboost,2026-03,0.24693369215519728,1.0,-0.7530663078448028,0.7530663078448028,0.5671088640110032,2026-02,2026-03-14T01:30:00+00:00,5.0,pseudo_real_time
early_carry,union,catboost,2026-04,0.5504389296614436,1.7,-1.1495610703385564,1.1495610703385564,1.3214906544379272,2026-03,2026-04-14T01:30:00+00:00,5.0,pseudo_real_time
early_carry,union,catboost,2026-05,0.5729905323479504,0.5,0.07299053234795039,0.07299053234795039,0.005327617812437192,2026-04,2026-05-14T01:30:00+00:00,5.0,pseudo_real_time
early_carry,union,catboost,2026-06,0.3403032226011208,-0.3,0.6403032226011207,0.6403032226011207,0.40998821687338033,2026-05,2026-06-14T01:30:00+00:00,5.0,pseudo_real_time
early_carry,union,catboost,2026-07,0.009460924568176807,-0.7,0.7094609245681768,0.7094609245681768,0.5033348034891322,2026-06,2026-07-14T01:30:00+00:00,5.0,pseudo_real_time
early_carry,union,catboost,2026-08,0.2745082995657255,0.4,-0.12549170043427454,0.12549170043427454,0.015748166877885703,2026-07,2026-08-14T01:30:00+00:00,5.0,pseudo_real_time
early_carry,union,lightgbm,2024-02,-0.2950519560886116,-0.2,-0.09505195608861161,0.09505195608861161,0.00903487435627135,2024-01,2024-02-14T01:30:00+00:00,5.0,pseudo_real_time
early_carry,union,lightgbm,2024-03,0.012264987763714586,-0.1,0.11226498776371459,0.11226498776371459,0.012603427477586986,2024-02,2024-03-14T01:30:00+00:00,25.0,pseudo_real_time
early_carry,union,lightgbm,2024-04,-0.1247108623014017,-0.2,0.07528913769859831,0.07528913769859831,0.005668454255398497,2024-03,2024-04-14T01:30:00+00:00,25.0,pseudo_real_time
early_carry,union,lightgbm,2024-05,-0.22983756210866776,0.2,-0.42983756210866775,0.42983756210866775,0.1847603297995228,2024-04,2024-05-14T01:30:00+00:00,25.0,pseudo_real_time
early_carry,union,lightgbm,2024-06,0.048538406158975526,0.1,-0.05146159384102448,0.05146159384102448,0.0026482956406585685,2024-05,2024-06-14T01:30:00+00:00,25.0,pseudo_real_time
early_carry,union,lightgbm,2024-07,0.012216988787153951,-0.2,0.21221698878715395,0.21221698878715395,0.04503605032988702,2024-06,2024-07-14T01:30:00+00:00,25.0,pseudo_real_time
early_carry,union,lightgbm,2024-08,-0.33994675877317254,-0.7,0.3600532412268274,0.3600532412268274,0.12963833651794396,2024-07,2024-08-14T01:30:00+00:00,25.0,pseudo_real_time
early_carry,union,lightgbm,2024-09,-0.2848231708307055,-0.6,0.31517682916929446,0.31517682916929446,0.09933643364521062,2024-08,2024-09-14T01:30:00+00:00,25.0,pseudo_real_time
early_carry,union,lightgbm,2024-10,-0.19206687104917194,-0.1,-0.09206687104917194,0.09206687104917194,0.008476308744784854,2024-09,2024-10-14T01:30:00+00:00,25.0,pseudo_real_time
early_carry,union,lightgbm,2024-11,-0.26221487254969916,-0.1,-0.16221487254969916,0.16221487254969916,0.026313664876315142,2024-10,2024-11-14T01:30:00+00:00,25.0,pseudo_real_time
early_carry,union,lightgbm,2024-12,-0.2090594462197788,-0.1,-0.10905944621977878,0.10905944621977878,0.01189396280976482,2024-11,2024-12-14T01:30:00+00:00,25.0,pseudo_real_time
early_carry,union,lightgbm,2025-01,-0.18906746497765098,-0.2,0.010932535022349033,0.010932535022349033,0.00011952032201488816,2024-12,2025-01-14T01:30:00+00:00,25.0,pseudo_real_time
early_carry,union,lightgbm,2025-03,-0.1130975629701152,-0.4,0.2869024370298848,0.2869024370298848,0.08231300837368703,2025-01,2025-03-14T01:30:00+00:00,25.0,pseudo_real_time
early_carry,union,lightgbm,2025-04,-0.3639401372808038,-0.4,0.0360598627191962,0.0360598627191962,0.001300313699327276,2025-03,2025-04-14T01:30:00+00:00,25.0,pseudo_real_time
early_carry,union,lightgbm,2025-05,-0.39934005413229295,-0.4,0.000659945867707068,0.000659945867707068,4.3552854830363485e-07,2025-04,2025-05-14T01:30:00+00:00,25.0,pseudo_real_time
early_carry,union,lightgbm,2025-06,-0.12440093957068206,-0.4,0.275599060429318,0.275599060429318,0.07595484210952286,2025-05,2025-06-14T01:30:00+00:00,25.0,pseudo_real_time
early_carry,union,lightgbm,2025-07,-0.14125092696932107,-0.2,0.058749073030678944,0.058749073030678944,0.0034514535819640483,2025-06,2025-07-14T01:30:00+00:00,25.0,pseudo_real_time
early_carry,union,lightgbm,2025-08,-0.2350750544368531,0.0,-0.2350750544368531,0.2350750544368531,0.05526028121848944,2025-07,2025-08-14T01:30:00+00:00,25.0,pseudo_real_time
early_carry,union,lightgbm,2025-09,-0.3089986261802243,0.1,-0.4089986261802243,0.4089986261802243,0.16727987621731086,2025-08,2025-09-14T01:30:00+00:00,25.0,pseudo_real_time
early_carry,union,lightgbm,2025-12,-0.06399785714991876,0.2,-0.26399785714991875,0.26399785714991875,0.06969486857974891,2025-09,2025-12-14T01:30:00+00:00,25.0,pseudo_real_time
early_carry,union,lightgbm,2026-01,-0.21721810470838007,0.4,-0.6172181047083801,0.6172181047083801,0.38095818877980486,2025-12,2026-01-14T01:30:00+00:00,25.0,pseudo_real_time
early_carry,union,lightgbm,2026-02,-0.1022124529955871,0.4,-0.5022124529955871,0.5022124529955871,0.2522173479438448,2026-01,2026-02-14T01:30:00+00:00,25.0,pseudo_real_time
early_carry,union,lightgbm,2026-03,0.20363559110176999,1.0,-0.79636440889823,0.79636440889823,0.6341962717598273,2026-02,2026-03-14T01:30:00+00:00,5.0,pseudo_real_time
early_carry,union,lightgbm,2026-04,0.17177641172137031,1.7,-1.5282235882786297,1.5282235882786297,2.335467335771211,2026-03,2026-04-14T01:30:00+00:00,25.0,pseudo_real_time
early_carry,union,lightgbm,2026-05,0.47175778890634146,0.5,-0.028242211093658542,0.028242211093658542,0.0007976224874587696,2026-04,2026-05-14T01:30:00+00:00,5.0,pseudo_real_time
early_carry,union,lightgbm,2026-06,0.17074076165745086,-0.3,0.4707407616574508,0.4707407616574508,0.22159686468583692,2026-05,2026-06-14T01:30:00+00:00,25.0,pseudo_real_time
early_carry,union,lightgbm,2026-07,0.016861488109764428,-0.7,0.7168614881097644,0.7168614881097644,0.5138903931349458,2026-06,2026-07-14T01:30:00+00:00,25.0,pseudo_real_time
early_carry,union,lightgbm,2026-08,0.13964613198437315,0.4,-0.2603538680156269,0.2603538680156269,0.06778413659069846,2026-07,2026-08-14T01:30:00+00:00,25.0,pseudo_real_time
early_carry,union,no_change,2024-02,0.0,-0.2,0.2,0.2,0.04000000000000001,2024-01,2024-02-14T01:30:00+00:00,,pseudo_real_time
early_carry,union,historical_mean,2024-02,-0.21250000000000002,-0.2,-0.012500000000000011,0.012500000000000011,0.00015625000000000027,2024-01,2024-02-14T01:30:00+00:00,,pseudo_real_time
early_carry,union,last_available_actual,2024-02,-0.2,-0.2,0.0,0.0,0.0,2024-01,2024-02-14T01:30:00+00:00,,pseudo_real_time
early_carry,union,no_change,2024-03,0.0,-0.1,0.1,0.1,0.010000000000000002,2024-02,2024-03-14T01:30:00+00:00,,pseudo_real_time
early_carry,union,historical_mean,2024-03,-0.21200000000000002,-0.1,-0.11200000000000002,0.11200000000000002,0.012544000000000003,2024-02,2024-03-14T01:30:00+00:00,,pseudo_real_time
early_carry,union,last_available_actual,2024-03,-0.2,-0.1,-0.1,0.1,0.010000000000000002,2024-02,2024-03-14T01:30:00+00:00,,pseudo_real_time
early_carry,union,no_change,2024-04,0.0,-0.2,0.2,0.2,0.04000000000000001,2024-03,2024-04-14T01:30:00+00:00,,pseudo_real_time
early_carry,union,historical_mean,2024-04,-0.2076923076923077,-0.2,-0.007692307692307693,0.007692307692307693,5.91715976331361e-05,2024-03,2024-04-14T01:30:00+00:00,,pseudo_real_time
early_carry,union,last_available_actual,2024-04,-0.1,-0.2,0.1,0.1,0.010000000000000002,2024-03,2024-04-14T01:30:00+00:00,,pseudo_real_time
early_carry,union,no_change,2024-05,0.0,0.2,-0.2,0.2,0.04000000000000001,2024-04,2024-05-14T01:30:00+00:00,,pseudo_real_time
early_carry,union,historical_mean,2024-05,-0.20740740740740743,0.2,-0.40740740740740744,0.40740740740740744,0.16598079561042528,2024-04,2024-05-14T01:30:00+00:00,,pseudo_real_time
early_carry,union,last_available_actual,2024-05,-0.2,0.2,-0.4,0.4,0.16000000000000003,2024-04,2024-05-14T01:30:00+00:00,,pseudo_real_time
early_carry,union,no_change,2024-06,0.0,0.1,-0.1,0.1,0.010000000000000002,2024-05,2024-06-14T01:30:00+00:00,,pseudo_real_time
early_carry,union,historical_mean,2024-06,-0.19285714285714287,0.1,-0.29285714285714287,0.29285714285714287,0.085765306122449,2024-05,2024-06-14T01:30:00+00:00,,pseudo_real_time
early_carry,union,last_available_actual,2024-06,0.2,0.1,0.1,0.1,0.010000000000000002,2024-05,2024-06-14T01:30:00+00:00,,pseudo_real_time
early_carry,union,no_change,2024-07,0.0,-0.2,0.2,0.2,0.04000000000000001,2024-06,2024-07-14T01:30:00+00:00,,pseudo_real_time
early_carry,union,historical_mean,2024-07,-0.1827586206896552,-0.2,0.017241379310344807,0.017241379310344807,0.00029726516052318595,2024-06,2024-07-14T01:30:00+00:00,,pseudo_real_time
early_carry,union,last_available_actual,2024-07,0.1,-0.2,0.30000000000000004,0.30000000000000004,0.09000000000000002,2024-06,2024-07-14T01:30:00+00:00,,pseudo_real_time
early_carry,union,no_change,2024-08,0.0,-0.7,0.7,0.7,0.48999999999999994,2024-07,2024-08-14T01:30:00+00:00,,pseudo_real_time
early_carry,union,historical_mean,2024-08,-0.18333333333333338,-0.7,0.5166666666666666,0.5166666666666666,0.2669444444444444,2024-07,2024-08-14T01:30:00+00:00,,pseudo_real_time
early_carry,union,last_available_actual,2024-08,-0.2,-0.7,0.49999999999999994,0.49999999999999994,0.24999999999999994,2024-07,2024-08-14T01:30:00+00:00,,pseudo_real_time
early_carry,union,no_change,2024-09,0.0,-0.6,0.6,0.6,0.36,2024-08,2024-09-14T01:30:00+00:00,,pseudo_real_time
early_carry,union,historical_mean,2024-09,-0.20000000000000004,-0.6,0.3999999999999999,0.3999999999999999,0.15999999999999992,2024-08,2024-09-14T01:30:00+00:00,,pseudo_real_time
early_carry,union,last_available_actual,2024-09,-0.7,-0.6,-0.09999999999999998,0.09999999999999998,0.009999999999999995,2024-08,2024-09-14T01:30:00+00:00,,pseudo_real_time
early_carry,union,no_change,2024-10,0.0,-0.1,0.1,0.1,0.010000000000000002,2024-09,2024-10-14T01:30:00+00:00,,pseudo_real_time
early_carry,union,historical_mean,2024-10,-0.2125,-0.1,-0.11249999999999999,0.11249999999999999,0.012656249999999997,2024-09,2024-10-14T01:30:00+00:00,,pseudo_real_time
early_carry,union,last_available_actual,2024-10,-0.6,-0.1,-0.5,0.5,0.25,2024-09,2024-10-14T01:30:00+00:00,,pseudo_real_time
early_carry,union,no_change,2024-11,0.0,-0.1,0.1,0.1,0.010000000000000002,2024-10,2024-11-14T01:30:00+00:00,,pseudo_real_time
early_carry,union,historical_mean,2024-11,-0.20909090909090908,-0.1,-0.10909090909090907,0.10909090909090907,0.011900826446280988,2024-10,2024-11-14T01:30:00+00:00,,pseudo_real_time
early_carry,union,last_available_actual,2024-11,-0.1,-0.1,0.0,0.0,0.0,2024-10,2024-11-14T01:30:00+00:00,,pseudo_real_time
early_carry,union,no_change,2024-12,0.0,-0.1,0.1,0.1,0.010000000000000002,2024-11,2024-12-14T01:30:00+00:00,,pseudo_real_time
early_carry,union,historical_mean,2024-12,-0.20588235294117643,-0.1,-0.10588235294117643,0.10588235294117643,0.011211072664359853,2024-11,2024-12-14T01:30:00+00:00,,pseudo_real_time
early_carry,union,last_available_actual,2024-12,-0.1,-0.1,0.0,0.0,0.0,2024-11,2024-12-14T01:30:00+00:00,,pseudo_real_time
early_carry,union,no_change,2025-01,0.0,-0.2,0.2,0.2,0.04000000000000001,2024-12,2025-01-14T01:30:00+00:00,,pseudo_real_time
early_carry,union,historical_mean,2025-01,-0.20285714285714282,-0.2,-0.002857142857142808,0.002857142857142808,8.163265306122169e-06,2024-12,2025-01-14T01:30:00+00:00,,pseudo_real_time
early_carry,union,last_available_actual,2025-01,-0.1,-0.2,0.1,0.1,0.010000000000000002,2024-12,2025-01-14T01:30:00+00:00,,pseudo_real_time
early_carry,union,no_change,2025-03,0.0,-0.4,0.4,0.4,0.16000000000000003,2025-01,2025-03-14T01:30:00+00:00,,pseudo_real_time
early_carry,union,historical_mean,2025-03,-0.20277777777777775,-0.4,0.19722222222222227,0.19722222222222227,0.03889660493827162,2025-01,2025-03-14T01:30:00+00:00,,pseudo_real_time
early_carry,union,last_available_actual,2025-03,-0.2,-0.4,0.2,0.2,0.04000000000000001,2025-01,2025-03-14T01:30:00+00:00,,pseudo_real_time
early_carry,union,no_change,2025-04,0.0,-0.4,0.4,0.4,0.16000000000000003,2025-03,2025-04-14T01:30:00+00:00,,pseudo_real_time
early_carry,union,historical_mean,2025-04,-0.2081081081081081,-0.4,0.19189189189189193,0.19189189189189193,0.03682249817384954,2025-03,2025-04-14T01:30:00+00:00,,pseudo_real_time
early_carry,union,last_available_actual,2025-04,-0.4,-0.4,0.0,0.0,0.0,2025-03,2025-04-14T01:30:00+00:00,,pseudo_real_time
early_carry,union,no_change,2025-05,0.0,-0.4,0.4,0.4,0.16000000000000003,2025-04,2025-05-14T01:30:00+00:00,,pseudo_real_time
early_carry,union,historical_mean,2025-05,-0.2131578947368421,-0.4,0.18684210526315792,0.18684210526315792,0.034909972299168986,2025-04,2025-05-14T01:30:00+00:00,,pseudo_real_time
early_carry,union,last_available_actual,2025-05,-0.4,-0.4,0.0,0.0,0.0,2025-04,2025-05-14T01:30:00+00:00,,pseudo_real_time
early_carry,union,no_change,2025-06,0.0,-0.4,0.4,0.4,0.16000000000000003,2025-05,2025-06-14T01:30:00+00:00,,pseudo_real_time
early_carry,union,historical_mean,2025-06,-0.21794871794871795,-0.4,0.18205128205128207,0.18205128205128207,0.03314266929651546,2025-05,2025-06-14T01:30:00+00:00,,pseudo_real_time
early_carry,union,last_available_actual,2025-06,-0.4,-0.4,0.0,0.0,0.0,2025-05,2025-06-14T01:30:00+00:00,,pseudo_real_time
early_carry,union,no_change,2025-07,0.0,-0.2,0.2,0.2,0.04000000000000001,2025-06,2025-07-14T01:30:00+00:00,,pseudo_real_time
early_carry,union,historical_mean,2025-07,-0.2225,-0.2,-0.022499999999999992,0.022499999999999992,0.0005062499999999996,2025-06,2025-07-14T01:30:00+00:00,,pseudo_real_time
early_carry,union,last_available_actual,2025-07,-0.4,-0.2,-0.2,0.2,0.04000000000000001,2025-06,2025-07-14T01:30:00+00:00,,pseudo_real_time
early_carry,union,no_change,2025-08,0.0,0.0,0.0,0.0,0.0,2025-07,2025-08-14T01:30:00+00:00,,pseudo_real_time
early_carry,union,historical_mean,2025-08,-0.22195121951219512,0.0,-0.22195121951219512,0.22195121951219512,0.049262343842950626,2025-07,2025-08-14T01:30:00+00:00,,pseudo_real_time
early_carry,union,last_available_actual,2025-08,-0.2,0.0,-0.2,0.2,0.04000000000000001,2025-07,2025-08-14T01:30:00+00:00,,pseudo_real_time
early_carry,union,no_change,2025-09,0.0,0.1,-0.1,0.1,0.010000000000000002,2025-08,2025-09-14T01:30:00+00:00,,pseudo_real_time
early_carry,union,historical_mean,2025-09,-0.21666666666666665,0.1,-0.31666666666666665,0.31666666666666665,0.10027777777777777,2025-08,2025-09-14T01:30:00+00:00,,pseudo_real_time
early_carry,union,last_available_actual,2025-09,0.0,0.1,-0.1,0.1,0.010000000000000002,2025-08,2025-09-14T01:30:00+00:00,,pseudo_real_time
early_carry,union,no_change,2025-12,0.0,0.2,-0.2,0.2,0.04000000000000001,2025-09,2025-12-14T01:30:00+00:00,,pseudo_real_time
early_carry,union,historical_mean,2025-12,-0.20930232558139536,0.2,-0.40930232558139534,0.40930232558139534,0.16752839372633857,2025-09,2025-12-14T01:30:00+00:00,,pseudo_real_time
early_carry,union,last_available_actual,2025-12,0.1,0.2,-0.1,0.1,0.010000000000000002,2025-09,2025-12-14T01:30:00+00:00,,pseudo_real_time
early_carry,union,no_change,2026-01,0.0,0.4,-0.4,0.4,0.16000000000000003,2025-12,2026-01-14T01:30:00+00:00,,pseudo_real_time
early_carry,union,historical_mean,2026-01,-0.2,0.4,-0.6000000000000001,0.6000000000000001,0.3600000000000001,2025-12,2026-01-14T01:30:00+00:00,,pseudo_real_time
early_carry,union,last_available_actual,2026-01,0.2,0.4,-0.2,0.2,0.04000000000000001,2025-12,2026-01-14T01:30:00+00:00,,pseudo_real_time
early_carry,union,no_change,2026-02,0.0,0.4,-0.4,0.4,0.16000000000000003,2026-01,2026-02-14T01:30:00+00:00,,pseudo_real_time
early_carry,union,historical_mean,2026-02,-0.18666666666666668,0.4,-0.5866666666666667,0.5866666666666667,0.3441777777777778,2026-01,2026-02-14T01:30:00+00:00,,pseudo_real_time
early_carry,union,last_available_actual,2026-02,0.4,0.4,0.0,0.0,0.0,2026-01,2026-02-14T01:30:00+00:00,,pseudo_real_time
early_carry,union,no_change,2026-03,0.0,1.0,-1.0,1.0,1.0,2026-02,2026-03-14T01:30:00+00:00,,pseudo_real_time
early_carry,union,historical_mean,2026-03,-0.17391304347826086,1.0,-1.1739130434782608,1.1739130434782608,1.378071833648393,2026-02,2026-03-14T01:30:00+00:00,,pseudo_real_time
early_carry,union,last_available_actual,2026-03,0.4,1.0,-0.6,0.6,0.36,2026-02,2026-03-14T01:30:00+00:00,,pseudo_real_time
early_carry,union,no_change,2026-04,0.0,1.7,-1.7,1.7,2.8899999999999997,2026-03,2026-04-14T01:30:00+00:00,,pseudo_real_time
early_carry,union,historical_mean,2026-04,-0.14893617021276595,1.7,-1.8489361702127658,1.8489361702127658,3.41856496152105,2026-03,2026-04-14T01:30:00+00:00,,pseudo_real_time
early_carry,union,last_available_actual,2026-04,1.0,1.7,-0.7,0.7,0.48999999999999994,2026-03,2026-04-14T01:30:00+00:00,,pseudo_real_time
early_carry,union,no_change,2026-05,0.0,0.5,-0.5,0.5,0.25,2026-04,2026-05-14T01:30:00+00:00,,pseudo_real_time
early_carry,union,historical_mean,2026-05,-0.11041666666666666,0.5,-0.6104166666666666,0.6104166666666666,0.37260850694444436,2026-04,2026-05-14T01:30:00+00:00,,pseudo_real_time
early_carry,union,last_available_actual,2026-05,1.7,0.5,1.2,1.2,1.44,2026-04,2026-05-14T01:30:00+00:00,,pseudo_real_time
early_carry,union,no_change,2026-06,0.0,-0.3,0.3,0.3,0.09,2026-05,2026-06-14T01:30:00+00:00,,pseudo_real_time
early_carry,union,historical_mean,2026-06,-0.09795918367346938,-0.3,0.2020408163265306,0.2020408163265306,0.04082049146189087,2026-05,2026-06-14T01:30:00+00:00,,pseudo_real_time
early_carry,union,last_available_actual,2026-06,0.5,-0.3,0.8,0.8,0.6400000000000001,2026-05,2026-06-14T01:30:00+00:00,,pseudo_real_time
early_carry,union,no_change,2026-07,0.0,-0.7,0.7,0.7,0.48999999999999994,2026-06,2026-07-14T01:30:00+00:00,,pseudo_real_time
early_carry,union,historical_mean,2026-07,-0.102,-0.7,0.598,0.598,0.357604,2026-06,2026-07-14T01:30:00+00:00,,pseudo_real_time
early_carry,union,last_available_actual,2026-07,-0.3,-0.7,0.39999999999999997,0.39999999999999997,0.15999999999999998,2026-06,2026-07-14T01:30:00+00:00,,pseudo_real_time
early_carry,union,no_change,2026-08,0.0,0.4,-0.4,0.4,0.16000000000000003,2026-07,2026-08-14T01:30:00+00:00,,pseudo_real_time
early_carry,union,historical_mean,2026-08,-0.11372549019607843,0.4,-0.5137254901960785,0.5137254901960785,0.2639138792772011,2026-07,2026-08-14T01:30:00+00:00,,pseudo_real_time
early_carry,union,last_available_actual,2026-08,-0.7,0.4,-1.1,1.1,1.2100000000000002,2026-07,2026-08-14T01:30:00+00:00,,pseudo_real_time
