release_id,release_month,window,category_cn,product_name_cn,unit_cn,price_cny,change_cny,change_pct,published_at,retrieved_at,source_url,content_sha256
2026-08:11-20:2026-08-24T09:30:00+08:00,2026-08,11-20,一、黑色金属,螺纹钢（Φ20mm，HRB400E）,吨,3062.9,0.2,0.0,2026-08-24T09:30:00+08:00,2026-09-14T06:29:08.521976+00:00,https://www.stats.gov.cn/sj/zxfb/202608/t20260821_1965093.html,0b85212f70055c380a26cd25e8c78f8ef3bae9a85d1c66498d682292ee71fba3
2026-08:11-20:2026-08-24T09:30:00+08:00,2026-08,11-20,一、黑色金属,线材（Φ8—10mm，HPB300）,吨,3254.7,10.2,0.3,2026-08-24T09:30:00+08:00,2026-09-14T06:29:08.521976+00:00,https://www.stats.gov.cn/sj/zxfb/202608/t20260821_1965093.html,0b85212f70055c380a26cd25e8c78f8ef3bae9a85d1c66498d682292ee71fba3
2026-08:11-20:2026-08-24T09:30:00+08:00,2026-08,11-20,一、黑色金属,普通中板（20mm，Q235）,吨,3482.4,15.5,0.4,2026-08-24T09:30:00+08:00,2026-09-14T06:29:08.521976+00:00,https://www.stats.gov.cn/sj/zxfb/202608/t20260821_1965093.html,0b85212f70055c380a26cd25e8c78f8ef3bae9a85d1c66498d682292ee71fba3
2026-08:11-20:2026-08-24T09:30:00+08:00,2026-08,11-20,一、黑色金属,热轧普通板卷（4.75—11.5mm，Q235）,吨,3265.3,24.2,0.7,2026-08-24T09:30:00+08:00,2026-09-14T06:29:08.521976+00:00,https://www.stats.gov.cn/sj/zxfb/202608/t20260821_1965093.html,0b85212f70055c380a26cd25e8c78f8ef3bae9a85d1c66498d682292ee71fba3
2026-08:11-20:2026-08-24T09:30:00+08:00,2026-08,11-20,一、黑色金属,无缝钢管（219*6，20#）,吨,4010.5,-12.2,-0.3,2026-08-24T09:30:00+08:00,2026-09-14T06:29:08.521976+00:00,https://www.stats.gov.cn/sj/zxfb/202608/t20260821_1965093.html,0b85212f70055c380a26cd25e8c78f8ef3bae9a85d1c66498d682292ee71fba3
2026-08:11-20:2026-08-24T09:30:00+08:00,2026-08,11-20,一、黑色金属,角钢（5#）,吨,3410.1,-6.9,-0.2,2026-08-24T09:30:00+08:00,2026-09-14T06:29:08.521976+00:00,https://www.stats.gov.cn/sj/zxfb/202608/t20260821_1965093.html,0b85212f70055c380a26cd25e8c78f8ef3bae9a85d1c66498d682292ee71fba3
2026-08:11-20:2026-08-24T09:30:00+08:00,2026-08,11-20,二、有色金属,电解铜（1#）,吨,108236.3,738.0,0.7,2026-08-24T09:30:00+08:00,2026-09-14T06:29:08.521976+00:00,https://www.stats.gov.cn/sj/zxfb/202608/t20260821_1965093.html,0b85212f70055c380a26cd25e8c78f8ef3bae9a85d1c66498d682292ee71fba3
2026-08:11-20:2026-08-24T09:30:00+08:00,2026-08,11-20,二、有色金属,铝锭（A00）,吨,23956.3,183.0,0.8,2026-08-24T09:30:00+08:00,2026-09-14T06:29:08.521976+00:00,https://www.stats.gov.cn/sj/zxfb/202608/t20260821_1965093.html,0b85212f70055c380a26cd25e8c78f8ef3bae9a85d1c66498d682292ee71fba3
2026-08:11-20:2026-08-24T09:30:00+08:00,2026-08,11-20,二、有色金属,铅锭（1#）,吨,15665.6,203.1,1.3,2026-08-24T09:30:00+08:00,2026-09-14T06:29:08.521976+00:00,https://www.stats.gov.cn/sj/zxfb/202608/t20260821_1965093.html,0b85212f70055c380a26cd25e8c78f8ef3bae9a85d1c66498d682292ee71fba3
2026-08:11-20:2026-08-24T09:30:00+08:00,2026-08,11-20,二、有色金属,锌锭（0#）,吨,25517.5,143.3,0.6,2026-08-24T09:30:00+08:00,2026-09-14T06:29:08.521976+00:00,https://www.stats.gov.cn/sj/zxfb/202608/t20260821_1965093.html,0b85212f70055c380a26cd25e8c78f8ef3bae9a85d1c66498d682292ee71fba3
2026-08:11-20:2026-08-24T09:30:00+08:00,2026-08,11-20,三、化工产品,硫酸（98%）,吨,1940.6,-43.1,-2.2,2026-08-24T09:30:00+08:00,2026-09-14T06:29:08.521976+00:00,https://www.stats.gov.cn/sj/zxfb/202608/t20260821_1965093.html,0b85212f70055c380a26cd25e8c78f8ef3bae9a85d1c66498d682292ee71fba3
2026-08:11-20:2026-08-24T09:30:00+08:00,2026-08,11-20,三、化工产品,烧碱（液碱，32%）,吨,684.5,-0.3,0.0,2026-08-24T09:30:00+08:00,2026-09-14T06:29:08.521976+00:00,https://www.stats.gov.cn/sj/zxfb/202608/t20260821_1965093.html,0b85212f70055c380a26cd25e8c78f8ef3bae9a85d1c66498d682292ee71fba3
2026-08:11-20:2026-08-24T09:30:00+08:00,2026-08,11-20,三、化工产品,甲醇（优等品）,吨,2635.6,156.2,6.3,2026-08-24T09:30:00+08:00,2026-09-14T06:29:08.521976+00:00,https://www.stats.gov.cn/sj/zxfb/202608/t20260821_1965093.html,0b85212f70055c380a26cd25e8c78f8ef3bae9a85d1c66498d682292ee71fba3
2026-08:11-20:2026-08-24T09:30:00+08:00,2026-08,11-20,三、化工产品,纯苯（石油苯，工业级）,吨,7943.2,456.2,6.1,2026-08-24T09:30:00+08:00,2026-09-14T06:29:08.521976+00:00,https://www.stats.gov.cn/sj/zxfb/202608/t20260821_1965093.html,0b85212f70055c380a26cd25e8c78f8ef3bae9a85d1c66498d682292ee71fba3
2026-08:11-20:2026-08-24T09:30:00+08:00,2026-08,11-20,三、化工产品,乙醇（95.0%）,吨,5389.2,-69.4,-1.3,2026-08-24T09:30:00+08:00,2026-09-14T06:29:08.521976+00:00,https://www.stats.gov.cn/sj/zxfb/202608/t20260821_1965093.html,0b85212f70055c380a26cd25e8c78f8ef3bae9a85d1c66498d682292ee71fba3
2026-08:11-20:2026-08-24T09:30:00+08:00,2026-08,11-20,三、化工产品,聚乙烯（LLDPE，熔融指数2薄膜料）,吨,8602.3,189.0,2.2,2026-08-24T09:30:00+08:00,2026-09-14T06:29:08.521976+00:00,https://www.stats.gov.cn/sj/zxfb/202608/t20260821_1965093.html,0b85212f70055c380a26cd25e8c78f8ef3bae9a85d1c66498d682292ee71fba3
2026-08:11-20:2026-08-24T09:30:00+08:00,2026-08,11-20,三、化工产品,聚丙烯（拉丝料）,吨,9034.4,195.8,2.2,2026-08-24T09:30:00+08:00,2026-09-14T06:29:08.521976+00:00,https://www.stats.gov.cn/sj/zxfb/202608/t20260821_1965093.html,0b85212f70055c380a26cd25e8c78f8ef3bae9a85d1c66498d682292ee71fba3
2026-08:11-20:2026-08-24T09:30:00+08:00,2026-08,11-20,三、化工产品,冰醋酸（99.5%及以上）,吨,2966.7,-22.5,-0.8,2026-08-24T09:30:00+08:00,2026-09-14T06:29:08.521976+00:00,https://www.stats.gov.cn/sj/zxfb/202608/t20260821_1965093.html,0b85212f70055c380a26cd25e8c78f8ef3bae9a85d1c66498d682292ee71fba3
2026-08:11-20:2026-08-24T09:30:00+08:00,2026-08,11-20,三、化工产品,顺丁胶（BR9000）,吨,13489.6,917.4,7.3,2026-08-24T09:30:00+08:00,2026-09-14T06:29:08.521976+00:00,https://www.stats.gov.cn/sj/zxfb/202608/t20260821_1965093.html,0b85212f70055c380a26cd25e8c78f8ef3bae9a85d1c66498d682292ee71fba3
2026-08:11-20:2026-08-24T09:30:00+08:00,2026-08,11-20,三、化工产品,涤纶长丝（POY150D/48F）,吨,8590.6,140.6,1.7,2026-08-24T09:30:00+08:00,2026-09-14T06:29:08.521976+00:00,https://www.stats.gov.cn/sj/zxfb/202608/t20260821_1965093.html,0b85212f70055c380a26cd25e8c78f8ef3bae9a85d1c66498d682292ee71fba3
2026-08:11-20:2026-08-24T09:30:00+08:00,2026-08,11-20,三、化工产品,磷酸铁锂（普通动力型）,吨,56114.5,2382.0,4.4,2026-08-24T09:30:00+08:00,2026-09-14T06:29:08.521976+00:00,https://www.stats.gov.cn/sj/zxfb/202608/t20260821_1965093.html,0b85212f70055c380a26cd25e8c78f8ef3bae9a85d1c66498d682292ee71fba3
2026-08:11-20:2026-08-24T09:30:00+08:00,2026-08,11-20,四、石油天然气,液化天然气（LNG）,吨,5572.8,33.3,0.6,2026-08-24T09:30:00+08:00,2026-09-14T06:29:08.521976+00:00,https://www.stats.gov.cn/sj/zxfb/202608/t20260821_1965093.html,0b85212f70055c380a26cd25e8c78f8ef3bae9a85d1c66498d682292ee71fba3
2026-08:11-20:2026-08-24T09:30:00+08:00,2026-08,11-20,四、石油天然气,液化石油气（LPG）,吨,5808.5,17.6,0.3,2026-08-24T09:30:00+08:00,2026-09-14T06:29:08.521976+00:00,https://www.stats.gov.cn/sj/zxfb/202608/t20260821_1965093.html,0b85212f70055c380a26cd25e8c78f8ef3bae9a85d1c66498d682292ee71fba3
2026-08:11-20:2026-08-24T09:30:00+08:00,2026-08,11-20,四、石油天然气,汽油（95#国VI）,吨,9550.0,109.9,1.2,2026-08-24T09:30:00+08:00,2026-09-14T06:29:08.521976+00:00,https://www.stats.gov.cn/sj/zxfb/202608/t20260821_1965093.html,0b85212f70055c380a26cd25e8c78f8ef3bae9a85d1c66498d682292ee71fba3
2026-08:11-20:2026-08-24T09:30:00+08:00,2026-08,11-20,四、石油天然气,柴油（0#国VI）,吨,8056.3,150.6,1.9,2026-08-24T09:30:00+08:00,2026-09-14T06:29:08.521976+00:00,https://www.stats.gov.cn/sj/zxfb/202608/t20260821_1965093.html,0b85212f70055c380a26cd25e8c78f8ef3bae9a85d1c66498d682292ee71fba3
2026-08:11-20:2026-08-24T09:30:00+08:00,2026-08,11-20,四、石油天然气,石蜡（58#半）,吨,7458.4,92.1,1.3,2026-08-24T09:30:00+08:00,2026-09-14T06:29:08.521976+00:00,https://www.stats.gov.cn/sj/zxfb/202608/t20260821_1965093.html,0b85212f70055c380a26cd25e8c78f8ef3bae9a85d1c66498d682292ee71fba3
2026-08:11-20:2026-08-24T09:30:00+08:00,2026-08,11-20,五、煤炭,无烟煤（洗中块）,吨,1354.5,40.5,3.1,2026-08-24T09:30:00+08:00,2026-09-14T06:29:08.521976+00:00,https://www.stats.gov.cn/sj/zxfb/202608/t20260821_1965093.html,0b85212f70055c380a26cd25e8c78f8ef3bae9a85d1c66498d682292ee71fba3
2026-08:11-20:2026-08-24T09:30:00+08:00,2026-08,11-20,五、煤炭,山西优混（5500大卡）,吨,862.0,21.2,2.5,2026-08-24T09:30:00+08:00,2026-09-14T06:29:08.521976+00:00,https://www.stats.gov.cn/sj/zxfb/202608/t20260821_1965093.html,0b85212f70055c380a26cd25e8c78f8ef3bae9a85d1c66498d682292ee71fba3
2026-08:11-20:2026-08-24T09:30:00+08:00,2026-08,11-20,五、煤炭,焦煤（主焦煤）,吨,2043.1,134.8,7.1,2026-08-24T09:30:00+08:00,2026-09-14T06:29:08.521976+00:00,https://www.stats.gov.cn/sj/zxfb/202608/t20260821_1965093.html,0b85212f70055c380a26cd25e8c78f8ef3bae9a85d1c66498d682292ee71fba3
2026-08:11-20:2026-08-24T09:30:00+08:00,2026-08,11-20,五、煤炭,焦炭（准一级冶金焦）,吨,1646.4,-33.3,-2.0,2026-08-24T09:30:00+08:00,2026-09-14T06:29:08.521976+00:00,https://www.stats.gov.cn/sj/zxfb/202608/t20260821_1965093.html,0b85212f70055c380a26cd25e8c78f8ef3bae9a85d1c66498d682292ee71fba3
2026-08:11-20:2026-08-24T09:30:00+08:00,2026-08,11-20,六、非金属矿物制品,普通硅酸盐水泥（P.O 42.5散装）,吨,249.1,2.3,0.9,2026-08-24T09:30:00+08:00,2026-09-14T06:29:08.521976+00:00,https://www.stats.gov.cn/sj/zxfb/202608/t20260821_1965093.html,0b85212f70055c380a26cd25e8c78f8ef3bae9a85d1c66498d682292ee71fba3
2026-08:11-20:2026-08-24T09:30:00+08:00,2026-08,11-20,六、非金属矿物制品,浮法平板玻璃（5/6mm）,吨,1084.6,-11.0,-1.0,2026-08-24T09:30:00+08:00,2026-09-14T06:29:08.521976+00:00,https://www.stats.gov.cn/sj/zxfb/202608/t20260821_1965093.html,0b85212f70055c380a26cd25e8c78f8ef3bae9a85d1c66498d682292ee71fba3
2026-08:11-20:2026-08-24T09:30:00+08:00,2026-08,11-20,六、非金属矿物制品,多晶硅（致密料）,千克,35.4,3.9,12.4,2026-08-24T09:30:00+08:00,2026-09-14T06:29:08.521976+00:00,https://www.stats.gov.cn/sj/zxfb/202608/t20260821_1965093.html,0b85212f70055c380a26cd25e8c78f8ef3bae9a85d1c66498d682292ee71fba3
2026-08:11-20:2026-08-24T09:30:00+08:00,2026-08,11-20,七、农产品（主要用于加工）,稻米（粳稻米）,吨,3982.6,-5.4,-0.1,2026-08-24T09:30:00+08:00,2026-09-14T06:29:08.521976+00:00,https://www.stats.gov.cn/sj/zxfb/202608/t20260821_1965093.html,0b85212f70055c380a26cd25e8c78f8ef3bae9a85d1c66498d682292ee71fba3
2026-08:11-20:2026-08-24T09:30:00+08:00,2026-08,11-20,七、农产品（主要用于加工）,小麦（国标三等）,吨,2395.1,4.3,0.2,2026-08-24T09:30:00+08:00,2026-09-14T06:29:08.521976+00:00,https://www.stats.gov.cn/sj/zxfb/202608/t20260821_1965093.html,0b85212f70055c380a26cd25e8c78f8ef3bae9a85d1c66498d682292ee71fba3
2026-08:11-20:2026-08-24T09:30:00+08:00,2026-08,11-20,七、农产品（主要用于加工）,玉米（黄玉米二等）,吨,2235.8,-5.8,-0.3,2026-08-24T09:30:00+08:00,2026-09-14T06:29:08.521976+00:00,https://www.stats.gov.cn/sj/zxfb/202608/t20260821_1965093.html,0b85212f70055c380a26cd25e8c78f8ef3bae9a85d1c66498d682292ee71fba3
2026-08:11-20:2026-08-24T09:30:00+08:00,2026-08,11-20,七、农产品（主要用于加工）,棉花（皮棉，白棉三级）,吨,17484.0,286.0,1.7,2026-08-24T09:30:00+08:00,2026-09-14T06:29:08.521976+00:00,https://www.stats.gov.cn/sj/zxfb/202608/t20260821_1965093.html,0b85212f70055c380a26cd25e8c78f8ef3bae9a85d1c66498d682292ee71fba3
2026-08:11-20:2026-08-24T09:30:00+08:00,2026-08,11-20,七、农产品（主要用于加工）,生猪（外三元）,千克,11.0,0.6,5.8,2026-08-24T09:30:00+08:00,2026-09-14T06:29:08.521976+00:00,https://www.stats.gov.cn/sj/zxfb/202608/t20260821_1965093.html,0b85212f70055c380a26cd25e8c78f8ef3bae9a85d1c66498d682292ee71fba3
2026-08:11-20:2026-08-24T09:30:00+08:00,2026-08,11-20,七、农产品（主要用于加工）,大豆（黄豆）,吨,4533.2,68.4,1.5,2026-08-24T09:30:00+08:00,2026-09-14T06:29:08.521976+00:00,https://www.stats.gov.cn/sj/zxfb/202608/t20260821_1965093.html,0b85212f70055c380a26cd25e8c78f8ef3bae9a85d1c66498d682292ee71fba3
2026-08:11-20:2026-08-24T09:30:00+08:00,2026-08,11-20,七、农产品（主要用于加工）,豆粕（粗蛋白含量≥43%）,吨,3101.1,56.1,1.8,2026-08-24T09:30:00+08:00,2026-09-14T06:29:08.521976+00:00,https://www.stats.gov.cn/sj/zxfb/202608/t20260821_1965093.html,0b85212f70055c380a26cd25e8c78f8ef3bae9a85d1c66498d682292ee71fba3
2026-08:11-20:2026-08-24T09:30:00+08:00,2026-08,11-20,七、农产品（主要用于加工）,花生（油料花生米）,吨,7358.3,0.0,0.0,2026-08-24T09:30:00+08:00,2026-09-14T06:29:08.521976+00:00,https://www.stats.gov.cn/sj/zxfb/202608/t20260821_1965093.html,0b85212f70055c380a26cd25e8c78f8ef3bae9a85d1c66498d682292ee71fba3
2026-08:11-20:2026-08-24T09:30:00+08:00,2026-08,11-20,七、农产品（主要用于加工）,白糖（国标一级白砂糖）,吨,5200.0,25.8,0.5,2026-08-24T09:30:00+08:00,2026-09-14T06:29:08.521976+00:00,https://www.stats.gov.cn/sj/zxfb/202608/t20260821_1965093.html,0b85212f70055c380a26cd25e8c78f8ef3bae9a85d1c66498d682292ee71fba3
2026-08:11-20:2026-08-24T09:30:00+08:00,2026-08,11-20,八、农业生产资料,尿素（中小颗粒）,吨,1750.4,-20.0,-1.1,2026-08-24T09:30:00+08:00,2026-09-14T06:29:08.521976+00:00,https://www.stats.gov.cn/sj/zxfb/202608/t20260821_1965093.html,0b85212f70055c380a26cd25e8c78f8ef3bae9a85d1c66498d682292ee71fba3
2026-08:11-20:2026-08-24T09:30:00+08:00,2026-08,11-20,八、农业生产资料,磷肥（55%磷酸一铵）,吨,4439.1,-32.8,-0.7,2026-08-24T09:30:00+08:00,2026-09-14T06:29:08.521976+00:00,https://www.stats.gov.cn/sj/zxfb/202608/t20260821_1965093.html,0b85212f70055c380a26cd25e8c78f8ef3bae9a85d1c66498d682292ee71fba3
2026-08:11-20:2026-08-24T09:30:00+08:00,2026-08,11-20,八、农业生产资料,钾肥（港口62%白色氯化钾）,吨,3110.9,-24.1,-0.8,2026-08-24T09:30:00+08:00,2026-09-14T06:29:08.521976+00:00,https://www.stats.gov.cn/sj/zxfb/202608/t20260821_1965093.html,0b85212f70055c380a26cd25e8c78f8ef3bae9a85d1c66498d682292ee71fba3
2026-08:11-20:2026-08-24T09:30:00+08:00,2026-08,11-20,八、农业生产资料,复合肥（硫酸钾复合肥，氮磷钾含量45%）,吨,3627.8,-12.2,-0.3,2026-08-24T09:30:00+08:00,2026-09-14T06:29:08.521976+00:00,https://www.stats.gov.cn/sj/zxfb/202608/t20260821_1965093.html,0b85212f70055c380a26cd25e8c78f8ef3bae9a85d1c66498d682292ee71fba3
2026-08:11-20:2026-08-24T09:30:00+08:00,2026-08,11-20,八、农业生产资料,农药（草甘膦，95%原药）,吨,25950.0,-50.0,-0.2,2026-08-24T09:30:00+08:00,2026-09-14T06:29:08.521976+00:00,https://www.stats.gov.cn/sj/zxfb/202608/t20260821_1965093.html,0b85212f70055c380a26cd25e8c78f8ef3bae9a85d1c66498d682292ee71fba3
2026-08:11-20:2026-08-24T09:30:00+08:00,2026-08,11-20,九、林产品,天然橡胶（标准胶SCRWF）,吨,17100.0,301.4,1.8,2026-08-24T09:30:00+08:00,2026-09-14T06:29:08.521976+00:00,https://www.stats.gov.cn/sj/zxfb/202608/t20260821_1965093.html,0b85212f70055c380a26cd25e8c78f8ef3bae9a85d1c66498d682292ee71fba3
2026-08:11-20:2026-08-24T09:30:00+08:00,2026-08,11-20,九、林产品,纸浆（进口针叶浆）,吨,4840.8,42.0,0.9,2026-08-24T09:30:00+08:00,2026-09-14T06:29:08.521976+00:00,https://www.stats.gov.cn/sj/zxfb/202608/t20260821_1965093.html,0b85212f70055c380a26cd25e8c78f8ef3bae9a85d1c66498d682292ee71fba3
2026-08:11-20:2026-08-24T09:30:00+08:00,2026-08,11-20,九、林产品,瓦楞纸（AA级120g）,吨,3228.8,16.4,0.5,2026-08-24T09:30:00+08:00,2026-09-14T06:29:08.521976+00:00,https://www.stats.gov.cn/sj/zxfb/202608/t20260821_1965093.html,0b85212f70055c380a26cd25e8c78f8ef3bae9a85d1c66498d682292ee71fba3
2026-08:21-end:2026-09-04T09:30:00+08:00,2026-08,21-end,一、黑色金属,螺纹钢（Φ20mm，HRB400E）,吨,3130.3,67.4,2.2,2026-09-04T09:30:00+08:00,2026-09-14T06:29:08.521976+00:00,https://www.stats.gov.cn/sj/zxfb/202609/t20260903_1965182.html,caf090f2f83f425ea64daf3174da8d837e89eadef565ec8ef466fe3d7a21cd3f
2026-08:21-end:2026-09-04T09:30:00+08:00,2026-08,21-end,一、黑色金属,线材（Φ8—10mm，HPB300）,吨,3317.8,63.1,1.9,2026-09-04T09:30:00+08:00,2026-09-14T06:29:08.521976+00:00,https://www.stats.gov.cn/sj/zxfb/202609/t20260903_1965182.html,caf090f2f83f425ea64daf3174da8d837e89eadef565ec8ef466fe3d7a21cd3f
2026-08:21-end:2026-09-04T09:30:00+08:00,2026-08,21-end,一、黑色金属,普通中板（20mm，Q235）,吨,3526.9,44.5,1.3,2026-09-04T09:30:00+08:00,2026-09-14T06:29:08.521976+00:00,https://www.stats.gov.cn/sj/zxfb/202609/t20260903_1965182.html,caf090f2f83f425ea64daf3174da8d837e89eadef565ec8ef466fe3d7a21cd3f
2026-08:21-end:2026-09-04T09:30:00+08:00,2026-08,21-end,一、黑色金属,热轧普通板卷（4.75—11.5mm，Q235）,吨,3326.4,61.1,1.9,2026-09-04T09:30:00+08:00,2026-09-14T06:29:08.521976+00:00,https://www.stats.gov.cn/sj/zxfb/202609/t20260903_1965182.html,caf090f2f83f425ea64daf3174da8d837e89eadef565ec8ef466fe3d7a21cd3f
2026-08:21-end:2026-09-04T09:30:00+08:00,2026-08,21-end,一、黑色金属,无缝钢管（219*6，20#）,吨,4011.9,1.4,0.0,2026-09-04T09:30:00+08:00,2026-09-14T06:29:08.521976+00:00,https://www.stats.gov.cn/sj/zxfb/202609/t20260903_1965182.html,caf090f2f83f425ea64daf3174da8d837e89eadef565ec8ef466fe3d7a21cd3f
2026-08:21-end:2026-09-04T09:30:00+08:00,2026-08,21-end,一、黑色金属,角钢（5#）,吨,3435.4,25.3,0.7,2026-09-04T09:30:00+08:00,2026-09-14T06:29:08.521976+00:00,https://www.stats.gov.cn/sj/zxfb/202609/t20260903_1965182.html,caf090f2f83f425ea64daf3174da8d837e89eadef565ec8ef466fe3d7a21cd3f
2026-08:21-end:2026-09-04T09:30:00+08:00,2026-08,21-end,二、有色金属,电解铜（1#）,吨,108899.3,663.0,0.6,2026-09-04T09:30:00+08:00,2026-09-14T06:29:08.521976+00:00,https://www.stats.gov.cn/sj/zxfb/202609/t20260903_1965182.html,caf090f2f83f425ea64daf3174da8d837e89eadef565ec8ef466fe3d7a21cd3f
2026-08:21-end:2026-09-04T09:30:00+08:00,2026-08,21-end,二、有色金属,铝锭（A00）,吨,23835.7,-120.6,-0.5,2026-09-04T09:30:00+08:00,2026-09-14T06:29:08.521976+00:00,https://www.stats.gov.cn/sj/zxfb/202609/t20260903_1965182.html,caf090f2f83f425ea64daf3174da8d837e89eadef565ec8ef466fe3d7a21cd3f
2026-08:21-end:2026-09-04T09:30:00+08:00,2026-08,21-end,二、有色金属,铅锭（1#）,吨,15946.4,280.8,1.8,2026-09-04T09:30:00+08:00,2026-09-14T06:29:08.521976+00:00,https://www.stats.gov.cn/sj/zxfb/202609/t20260903_1965182.html,caf090f2f83f425ea64daf3174da8d837e89eadef565ec8ef466fe3d7a21cd3f
2026-08:21-end:2026-09-04T09:30:00+08:00,2026-08,21-end,二、有色金属,锌锭（0#）,吨,26090.7,573.2,2.2,2026-09-04T09:30:00+08:00,2026-09-14T06:29:08.521976+00:00,https://www.stats.gov.cn/sj/zxfb/202609/t20260903_1965182.html,caf090f2f83f425ea64daf3174da8d837e89eadef565ec8ef466fe3d7a21cd3f
2026-08:21-end:2026-09-04T09:30:00+08:00,2026-08,21-end,三、化工产品,硫酸（98%）,吨,1903.8,-36.8,-1.9,2026-09-04T09:30:00+08:00,2026-09-14T06:29:08.521976+00:00,https://www.stats.gov.cn/sj/zxfb/202609/t20260903_1965182.html,caf090f2f83f425ea64daf3174da8d837e89eadef565ec8ef466fe3d7a21cd3f
2026-08:21-end:2026-09-04T09:30:00+08:00,2026-08,21-end,三、化工产品,烧碱（液碱，32%）,吨,685.4,0.9,0.1,2026-09-04T09:30:00+08:00,2026-09-14T06:29:08.521976+00:00,https://www.stats.gov.cn/sj/zxfb/202609/t20260903_1965182.html,caf090f2f83f425ea64daf3174da8d837e89eadef565ec8ef466fe3d7a21cd3f
2026-08:21-end:2026-09-04T09:30:00+08:00,2026-08,21-end,三、化工产品,甲醇（优等品）,吨,2873.2,237.6,9.0,2026-09-04T09:30:00+08:00,2026-09-14T06:29:08.521976+00:00,https://www.stats.gov.cn/sj/zxfb/202609/t20260903_1965182.html,caf090f2f83f425ea64daf3174da8d837e89eadef565ec8ef466fe3d7a21cd3f
2026-08:21-end:2026-09-04T09:30:00+08:00,2026-08,21-end,三、化工产品,纯苯（石油苯，工业级）,吨,8129.7,186.5,2.3,2026-09-04T09:30:00+08:00,2026-09-14T06:29:08.521976+00:00,https://www.stats.gov.cn/sj/zxfb/202609/t20260903_1965182.html,caf090f2f83f425ea64daf3174da8d837e89eadef565ec8ef466fe3d7a21cd3f
2026-08:21-end:2026-09-04T09:30:00+08:00,2026-08,21-end,三、化工产品,乙醇（95.0%）,吨,5340.5,-48.7,-0.9,2026-09-04T09:30:00+08:00,2026-09-14T06:29:08.521976+00:00,https://www.stats.gov.cn/sj/zxfb/202609/t20260903_1965182.html,caf090f2f83f425ea64daf3174da8d837e89eadef565ec8ef466fe3d7a21cd3f
2026-08:21-end:2026-09-04T09:30:00+08:00,2026-08,21-end,三、化工产品,聚乙烯（LLDPE，熔融指数2薄膜料）,吨,8745.5,143.2,1.7,2026-09-04T09:30:00+08:00,2026-09-14T06:29:08.521976+00:00,https://www.stats.gov.cn/sj/zxfb/202609/t20260903_1965182.html,caf090f2f83f425ea64daf3174da8d837e89eadef565ec8ef466fe3d7a21cd3f
2026-08:21-end:2026-09-04T09:30:00+08:00,2026-08,21-end,三、化工产品,聚丙烯（拉丝料）,吨,9187.1,152.7,1.7,2026-09-04T09:30:00+08:00,2026-09-14T06:29:08.521976+00:00,https://www.stats.gov.cn/sj/zxfb/202609/t20260903_1965182.html,caf090f2f83f425ea64daf3174da8d837e89eadef565ec8ef466fe3d7a21cd3f
2026-08:21-end:2026-09-04T09:30:00+08:00,2026-08,21-end,三、化工产品,冰醋酸（99.5%及以上）,吨,3153.8,187.1,6.3,2026-09-04T09:30:00+08:00,2026-09-14T06:29:08.521976+00:00,https://www.stats.gov.cn/sj/zxfb/202609/t20260903_1965182.html,caf090f2f83f425ea64daf3174da8d837e89eadef565ec8ef466fe3d7a21cd3f
2026-08:21-end:2026-09-04T09:30:00+08:00,2026-08,21-end,三、化工产品,顺丁胶（BR9000）,吨,14176.2,686.6,5.1,2026-09-04T09:30:00+08:00,2026-09-14T06:29:08.521976+00:00,https://www.stats.gov.cn/sj/zxfb/202609/t20260903_1965182.html,caf090f2f83f425ea64daf3174da8d837e89eadef565ec8ef466fe3d7a21cd3f
2026-08:21-end:2026-09-04T09:30:00+08:00,2026-08,21-end,三、化工产品,涤纶长丝（POY150D/48F）,吨,8975.0,384.4,4.5,2026-09-04T09:30:00+08:00,2026-09-14T06:29:08.521976+00:00,https://www.stats.gov.cn/sj/zxfb/202609/t20260903_1965182.html,caf090f2f83f425ea64daf3174da8d837e89eadef565ec8ef466fe3d7a21cd3f
2026-08:21-end:2026-09-04T09:30:00+08:00,2026-08,21-end,三、化工产品,磷酸铁锂（普通动力型）,吨,56905.4,790.9,1.4,2026-09-04T09:30:00+08:00,2026-09-14T06:29:08.521976+00:00,https://www.stats.gov.cn/sj/zxfb/202609/t20260903_1965182.html,caf090f2f83f425ea64daf3174da8d837e89eadef565ec8ef466fe3d7a21cd3f
2026-08:21-end:2026-09-04T09:30:00+08:00,2026-08,21-end,四、石油天然气,液化天然气（LNG）,吨,5724.6,151.8,2.7,2026-09-04T09:30:00+08:00,2026-09-14T06:29:08.521976+00:00,https://www.stats.gov.cn/sj/zxfb/202609/t20260903_1965182.html,caf090f2f83f425ea64daf3174da8d837e89eadef565ec8ef466fe3d7a21cd3f
2026-08:21-end:2026-09-04T09:30:00+08:00,2026-08,21-end,四、石油天然气,液化石油气（LPG）,吨,5963.8,155.3,2.7,2026-09-04T09:30:00+08:00,2026-09-14T06:29:08.521976+00:00,https://www.stats.gov.cn/sj/zxfb/202609/t20260903_1965182.html,caf090f2f83f425ea64daf3174da8d837e89eadef565ec8ef466fe3d7a21cd3f
2026-08:21-end:2026-09-04T09:30:00+08:00,2026-08,21-end,四、石油天然气,汽油（95#国VI）,吨,9898.3,348.3,3.6,2026-09-04T09:30:00+08:00,2026-09-14T06:29:08.521976+00:00,https://www.stats.gov.cn/sj/zxfb/202609/t20260903_1965182.html,caf090f2f83f425ea64daf3174da8d837e89eadef565ec8ef466fe3d7a21cd3f
2026-08:21-end:2026-09-04T09:30:00+08:00,2026-08,21-end,四、石油天然气,柴油（0#国VI）,吨,8328.5,272.2,3.4,2026-09-04T09:30:00+08:00,2026-09-14T06:29:08.521976+00:00,https://www.stats.gov.cn/sj/zxfb/202609/t20260903_1965182.html,caf090f2f83f425ea64daf3174da8d837e89eadef565ec8ef466fe3d7a21cd3f
2026-08:21-end:2026-09-04T09:30:00+08:00,2026-08,21-end,四、石油天然气,石蜡（58#半）,吨,7472.5,14.1,0.2,2026-09-04T09:30:00+08:00,2026-09-14T06:29:08.521976+00:00,https://www.stats.gov.cn/sj/zxfb/202609/t20260903_1965182.html,caf090f2f83f425ea64daf3174da8d837e89eadef565ec8ef466fe3d7a21cd3f
2026-08:21-end:2026-09-04T09:30:00+08:00,2026-08,21-end,五、煤炭,无烟煤（洗中块）,吨,1477.1,122.6,9.1,2026-09-04T09:30:00+08:00,2026-09-14T06:29:08.521976+00:00,https://www.stats.gov.cn/sj/zxfb/202609/t20260903_1965182.html,caf090f2f83f425ea64daf3174da8d837e89eadef565ec8ef466fe3d7a21cd3f
2026-08:21-end:2026-09-04T09:30:00+08:00,2026-08,21-end,五、煤炭,山西优混（5500大卡）,吨,870.1,8.1,0.9,2026-09-04T09:30:00+08:00,2026-09-14T06:29:08.521976+00:00,https://www.stats.gov.cn/sj/zxfb/202609/t20260903_1965182.html,caf090f2f83f425ea64daf3174da8d837e89eadef565ec8ef466fe3d7a21cd3f
2026-08:21-end:2026-09-04T09:30:00+08:00,2026-08,21-end,五、煤炭,焦煤（主焦煤）,吨,2371.4,328.3,16.1,2026-09-04T09:30:00+08:00,2026-09-14T06:29:08.521976+00:00,https://www.stats.gov.cn/sj/zxfb/202609/t20260903_1965182.html,caf090f2f83f425ea64daf3174da8d837e89eadef565ec8ef466fe3d7a21cd3f
2026-08:21-end:2026-09-04T09:30:00+08:00,2026-08,21-end,五、煤炭,焦炭（准一级冶金焦）,吨,1760.7,114.3,6.9,2026-09-04T09:30:00+08:00,2026-09-14T06:29:08.521976+00:00,https://www.stats.gov.cn/sj/zxfb/202609/t20260903_1965182.html,caf090f2f83f425ea64daf3174da8d837e89eadef565ec8ef466fe3d7a21cd3f
2026-08:21-end:2026-09-04T09:30:00+08:00,2026-08,21-end,六、非金属矿物制品,普通硅酸盐水泥（P.O 42.5散装）,吨,248.7,-0.4,-0.2,2026-09-04T09:30:00+08:00,2026-09-14T06:29:08.521976+00:00,https://www.stats.gov.cn/sj/zxfb/202609/t20260903_1965182.html,caf090f2f83f425ea64daf3174da8d837e89eadef565ec8ef466fe3d7a21cd3f
2026-08:21-end:2026-09-04T09:30:00+08:00,2026-08,21-end,六、非金属矿物制品,浮法平板玻璃（5/6mm）,吨,1074.1,-10.5,-1.0,2026-09-04T09:30:00+08:00,2026-09-14T06:29:08.521976+00:00,https://www.stats.gov.cn/sj/zxfb/202609/t20260903_1965182.html,caf090f2f83f425ea64daf3174da8d837e89eadef565ec8ef466fe3d7a21cd3f
2026-08:21-end:2026-09-04T09:30:00+08:00,2026-08,21-end,六、非金属矿物制品,多晶硅（致密料）,千克,40.5,5.1,14.4,2026-09-04T09:30:00+08:00,2026-09-14T06:29:08.521976+00:00,https://www.stats.gov.cn/sj/zxfb/202609/t20260903_1965182.html,caf090f2f83f425ea64daf3174da8d837e89eadef565ec8ef466fe3d7a21cd3f
2026-08:21-end:2026-09-04T09:30:00+08:00,2026-08,21-end,七、农产品（主要用于加工）,稻米（粳稻米）,吨,3980.1,-2.5,-0.1,2026-09-04T09:30:00+08:00,2026-09-14T06:29:08.521976+00:00,https://www.stats.gov.cn/sj/zxfb/202609/t20260903_1965182.html,caf090f2f83f425ea64daf3174da8d837e89eadef565ec8ef466fe3d7a21cd3f
2026-08:21-end:2026-09-04T09:30:00+08:00,2026-08,21-end,七、农产品（主要用于加工）,小麦（国标三等）,吨,2395.3,0.2,0.0,2026-09-04T09:30:00+08:00,2026-09-14T06:29:08.521976+00:00,https://www.stats.gov.cn/sj/zxfb/202609/t20260903_1965182.html,caf090f2f83f425ea64daf3174da8d837e89eadef565ec8ef466fe3d7a21cd3f
2026-08:21-end:2026-09-04T09:30:00+08:00,2026-08,21-end,七、农产品（主要用于加工）,玉米（黄玉米二等）,吨,2240.1,4.3,0.2,2026-09-04T09:30:00+08:00,2026-09-14T06:29:08.521976+00:00,https://www.stats.gov.cn/sj/zxfb/202609/t20260903_1965182.html,caf090f2f83f425ea64daf3174da8d837e89eadef565ec8ef466fe3d7a21cd3f
2026-08:21-end:2026-09-04T09:30:00+08:00,2026-08,21-end,七、农产品（主要用于加工）,棉花（皮棉，白棉三级）,吨,17590.3,106.3,0.6,2026-09-04T09:30:00+08:00,2026-09-14T06:29:08.521976+00:00,https://www.stats.gov.cn/sj/zxfb/202609/t20260903_1965182.html,caf090f2f83f425ea64daf3174da8d837e89eadef565ec8ef466fe3d7a21cd3f
2026-08:21-end:2026-09-04T09:30:00+08:00,2026-08,21-end,七、农产品（主要用于加工）,生猪（外三元）,千克,10.9,-0.1,-0.9,2026-09-04T09:30:00+08:00,2026-09-14T06:29:08.521976+00:00,https://www.stats.gov.cn/sj/zxfb/202609/t20260903_1965182.html,caf090f2f83f425ea64daf3174da8d837e89eadef565ec8ef466fe3d7a21cd3f
2026-08:21-end:2026-09-04T09:30:00+08:00,2026-08,21-end,七、农产品（主要用于加工）,大豆（黄豆）,吨,4632.1,98.9,2.2,2026-09-04T09:30:00+08:00,2026-09-14T06:29:08.521976+00:00,https://www.stats.gov.cn/sj/zxfb/202609/t20260903_1965182.html,caf090f2f83f425ea64daf3174da8d837e89eadef565ec8ef466fe3d7a21cd3f
2026-08:21-end:2026-09-04T09:30:00+08:00,2026-08,21-end,七、农产品（主要用于加工）,豆粕（粗蛋白含量≥43%）,吨,3187.5,86.4,2.8,2026-09-04T09:30:00+08:00,2026-09-14T06:29:08.521976+00:00,https://www.stats.gov.cn/sj/zxfb/202609/t20260903_1965182.html,caf090f2f83f425ea64daf3174da8d837e89eadef565ec8ef466fe3d7a21cd3f
2026-08:21-end:2026-09-04T09:30:00+08:00,2026-08,21-end,七、农产品（主要用于加工）,花生（油料花生米）,吨,7391.7,33.4,0.5,2026-09-04T09:30:00+08:00,2026-09-14T06:29:08.521976+00:00,https://www.stats.gov.cn/sj/zxfb/202609/t20260903_1965182.html,caf090f2f83f425ea64daf3174da8d837e89eadef565ec8ef466fe3d7a21cd3f
2026-08:21-end:2026-09-04T09:30:00+08:00,2026-08,21-end,七、农产品（主要用于加工）,白糖（国标一级白砂糖）,吨,5183.6,-16.4,-0.3,2026-09-04T09:30:00+08:00,2026-09-14T06:29:08.521976+00:00,https://www.stats.gov.cn/sj/zxfb/202609/t20260903_1965182.html,caf090f2f83f425ea64daf3174da8d837e89eadef565ec8ef466fe3d7a21cd3f
2026-08:21-end:2026-09-04T09:30:00+08:00,2026-08,21-end,八、农业生产资料,尿素（中小颗粒）,吨,1745.4,-5.0,-0.3,2026-09-04T09:30:00+08:00,2026-09-14T06:29:08.521976+00:00,https://www.stats.gov.cn/sj/zxfb/202609/t20260903_1965182.html,caf090f2f83f425ea64daf3174da8d837e89eadef565ec8ef466fe3d7a21cd3f
2026-08:21-end:2026-09-04T09:30:00+08:00,2026-08,21-end,八、农业生产资料,磷肥（55%磷酸一铵）,吨,4360.4,-78.7,-1.8,2026-09-04T09:30:00+08:00,2026-09-14T06:29:08.521976+00:00,https://www.stats.gov.cn/sj/zxfb/202609/t20260903_1965182.html,caf090f2f83f425ea64daf3174da8d837e89eadef565ec8ef466fe3d7a21cd3f
2026-08:21-end:2026-09-04T09:30:00+08:00,2026-08,21-end,八、农业生产资料,钾肥（港口62%白色氯化钾）,吨,3087.0,-23.9,-0.8,2026-09-04T09:30:00+08:00,2026-09-14T06:29:08.521976+00:00,https://www.stats.gov.cn/sj/zxfb/202609/t20260903_1965182.html,caf090f2f83f425ea64daf3174da8d837e89eadef565ec8ef466fe3d7a21cd3f
2026-08:21-end:2026-09-04T09:30:00+08:00,2026-08,21-end,八、农业生产资料,复合肥（硫酸钾复合肥，氮磷钾含量45%）,吨,3620.6,-7.2,-0.2,2026-09-04T09:30:00+08:00,2026-09-14T06:29:08.521976+00:00,https://www.stats.gov.cn/sj/zxfb/202609/t20260903_1965182.html,caf090f2f83f425ea64daf3174da8d837e89eadef565ec8ef466fe3d7a21cd3f
2026-08:21-end:2026-09-04T09:30:00+08:00,2026-08,21-end,八、农业生产资料,农药（草甘膦，95%原药）,吨,25678.6,-271.4,-1.0,2026-09-04T09:30:00+08:00,2026-09-14T06:29:08.521976+00:00,https://www.stats.gov.cn/sj/zxfb/202609/t20260903_1965182.html,caf090f2f83f425ea64daf3174da8d837e89eadef565ec8ef466fe3d7a21cd3f
2026-08:21-end:2026-09-04T09:30:00+08:00,2026-08,21-end,九、林产品,天然橡胶（标准胶SCRWF）,吨,17763.1,663.1,3.9,2026-09-04T09:30:00+08:00,2026-09-14T06:29:08.521976+00:00,https://www.stats.gov.cn/sj/zxfb/202609/t20260903_1965182.html,caf090f2f83f425ea64daf3174da8d837e89eadef565ec8ef466fe3d7a21cd3f
2026-08:21-end:2026-09-04T09:30:00+08:00,2026-08,21-end,九、林产品,纸浆（进口针叶浆）,吨,4965.6,124.8,2.6,2026-09-04T09:30:00+08:00,2026-09-14T06:29:08.521976+00:00,https://www.stats.gov.cn/sj/zxfb/202609/t20260903_1965182.html,caf090f2f83f425ea64daf3174da8d837e89eadef565ec8ef466fe3d7a21cd3f
2026-08:21-end:2026-09-04T09:30:00+08:00,2026-08,21-end,九、林产品,瓦楞纸（AA级120g）,吨,3192.1,-36.7,-1.1,2026-09-04T09:30:00+08:00,2026-09-14T06:29:08.521976+00:00,https://www.stats.gov.cn/sj/zxfb/202609/t20260903_1965182.html,caf090f2f83f425ea64daf3174da8d837e89eadef565ec8ef466fe3d7a21cd3f
2026-09:1-10:2026-09-14T09:30:00+08:00,2026-09,1-10,一、黑色金属,螺纹钢（Φ20mm，HRB400E）,吨,3182.7,52.4,1.7,2026-09-14T09:30:00+08:00,2026-09-14T06:29:08.521976+00:00,https://www.stats.gov.cn/sj/zxfb/202609/t20260914_1965293.html,0cee7a8696c3ec481f1026c6278ad80ff14b75cf6f73006d86f4ccce24527492
2026-09:1-10:2026-09-14T09:30:00+08:00,2026-09,1-10,一、黑色金属,线材（Φ8—10mm，HPB300）,吨,3367.1,49.3,1.5,2026-09-14T09:30:00+08:00,2026-09-14T06:29:08.521976+00:00,https://www.stats.gov.cn/sj/zxfb/202609/t20260914_1965293.html,0cee7a8696c3ec481f1026c6278ad80ff14b75cf6f73006d86f4ccce24527492
2026-09:1-10:2026-09-14T09:30:00+08:00,2026-09,1-10,一、黑色金属,普通中板（20mm，Q235）,吨,3564.7,37.8,1.1,2026-09-14T09:30:00+08:00,2026-09-14T06:29:08.521976+00:00,https://www.stats.gov.cn/sj/zxfb/202609/t20260914_1965293.html,0cee7a8696c3ec481f1026c6278ad80ff14b75cf6f73006d86f4ccce24527492
2026-09:1-10:2026-09-14T09:30:00+08:00,2026-09,1-10,一、黑色金属,热轧普通板卷（4.75—11.5mm，Q235）,吨,3351.6,25.2,0.8,2026-09-14T09:30:00+08:00,2026-09-14T06:29:08.521976+00:00,https://www.stats.gov.cn/sj/zxfb/202609/t20260914_1965293.html,0cee7a8696c3ec481f1026c6278ad80ff14b75cf6f73006d86f4ccce24527492
2026-09:1-10:2026-09-14T09:30:00+08:00,2026-09,1-10,一、黑色金属,无缝钢管（219*6，20#）,吨,4026.9,15.0,0.4,2026-09-14T09:30:00+08:00,2026-09-14T06:29:08.521976+00:00,https://www.stats.gov.cn/sj/zxfb/202609/t20260914_1965293.html,0cee7a8696c3ec481f1026c6278ad80ff14b75cf6f73006d86f4ccce24527492
2026-09:1-10:2026-09-14T09:30:00+08:00,2026-09,1-10,一、黑色金属,角钢（5#）,吨,3469.8,34.4,1.0,2026-09-14T09:30:00+08:00,2026-09-14T06:29:08.521976+00:00,https://www.stats.gov.cn/sj/zxfb/202609/t20260914_1965293.html,0cee7a8696c3ec481f1026c6278ad80ff14b75cf6f73006d86f4ccce24527492
2026-09:1-10:2026-09-14T09:30:00+08:00,2026-09,1-10,二、有色金属,电解铜（1#）,吨,110492.5,1593.2,1.5,2026-09-14T09:30:00+08:00,2026-09-14T06:29:08.521976+00:00,https://www.stats.gov.cn/sj/zxfb/202609/t20260914_1965293.html,0cee7a8696c3ec481f1026c6278ad80ff14b75cf6f73006d86f4ccce24527492
2026-09:1-10:2026-09-14T09:30:00+08:00,2026-09,1-10,二、有色金属,铝锭（A00）,吨,24356.3,520.6,2.2,2026-09-14T09:30:00+08:00,2026-09-14T06:29:08.521976+00:00,https://www.stats.gov.cn/sj/zxfb/202609/t20260914_1965293.html,0cee7a8696c3ec481f1026c6278ad80ff14b75cf6f73006d86f4ccce24527492
2026-09:1-10:2026-09-14T09:30:00+08:00,2026-09,1-10,二、有色金属,铅锭（1#）,吨,16006.3,59.9,0.4,2026-09-14T09:30:00+08:00,2026-09-14T06:29:08.521976+00:00,https://www.stats.gov.cn/sj/zxfb/202609/t20260914_1965293.html,0cee7a8696c3ec481f1026c6278ad80ff14b75cf6f73006d86f4ccce24527492
2026-09:1-10:2026-09-14T09:30:00+08:00,2026-09,1-10,二、有色金属,锌锭（0#）,吨,26991.9,901.2,3.5,2026-09-14T09:30:00+08:00,2026-09-14T06:29:08.521976+00:00,https://www.stats.gov.cn/sj/zxfb/202609/t20260914_1965293.html,0cee7a8696c3ec481f1026c6278ad80ff14b75cf6f73006d86f4ccce24527492
2026-09:1-10:2026-09-14T09:30:00+08:00,2026-09,1-10,三、化工产品,硫酸（98%）,吨,1835.7,-68.1,-3.6,2026-09-14T09:30:00+08:00,2026-09-14T06:29:08.521976+00:00,https://www.stats.gov.cn/sj/zxfb/202609/t20260914_1965293.html,0cee7a8696c3ec481f1026c6278ad80ff14b75cf6f73006d86f4ccce24527492
2026-09:1-10:2026-09-14T09:30:00+08:00,2026-09,1-10,三、化工产品,烧碱（液碱，32%）,吨,682.6,-2.8,-0.4,2026-09-14T09:30:00+08:00,2026-09-14T06:29:08.521976+00:00,https://www.stats.gov.cn/sj/zxfb/202609/t20260914_1965293.html,0cee7a8696c3ec481f1026c6278ad80ff14b75cf6f73006d86f4ccce24527492
2026-09:1-10:2026-09-14T09:30:00+08:00,2026-09,1-10,三、化工产品,甲醇（优等品）,吨,3379.1,505.9,17.6,2026-09-14T09:30:00+08:00,2026-09-14T06:29:08.521976+00:00,https://www.stats.gov.cn/sj/zxfb/202609/t20260914_1965293.html,0cee7a8696c3ec481f1026c6278ad80ff14b75cf6f73006d86f4ccce24527492
2026-09:1-10:2026-09-14T09:30:00+08:00,2026-09,1-10,三、化工产品,纯苯（石油苯，工业级）,吨,9065.2,935.5,11.5,2026-09-14T09:30:00+08:00,2026-09-14T06:29:08.521976+00:00,https://www.stats.gov.cn/sj/zxfb/202609/t20260914_1965293.html,0cee7a8696c3ec481f1026c6278ad80ff14b75cf6f73006d86f4ccce24527492
2026-09:1-10:2026-09-14T09:30:00+08:00,2026-09,1-10,三、化工产品,乙醇（95.0%）,吨,5355.9,15.4,0.3,2026-09-14T09:30:00+08:00,2026-09-14T06:29:08.521976+00:00,https://www.stats.gov.cn/sj/zxfb/202609/t20260914_1965293.html,0cee7a8696c3ec481f1026c6278ad80ff14b75cf6f73006d86f4ccce24527492
2026-09:1-10:2026-09-14T09:30:00+08:00,2026-09,1-10,三、化工产品,聚乙烯（LLDPE，熔融指数2薄膜料）,吨,9239.6,494.1,5.6,2026-09-14T09:30:00+08:00,2026-09-14T06:29:08.521976+00:00,https://www.stats.gov.cn/sj/zxfb/202609/t20260914_1965293.html,0cee7a8696c3ec481f1026c6278ad80ff14b75cf6f73006d86f4ccce24527492
2026-09:1-10:2026-09-14T09:30:00+08:00,2026-09,1-10,三、化工产品,聚丙烯（拉丝料）,吨,9634.4,447.3,4.9,2026-09-14T09:30:00+08:00,2026-09-14T06:29:08.521976+00:00,https://www.stats.gov.cn/sj/zxfb/202609/t20260914_1965293.html,0cee7a8696c3ec481f1026c6278ad80ff14b75cf6f73006d86f4ccce24527492
2026-09:1-10:2026-09-14T09:30:00+08:00,2026-09,1-10,三、化工产品,冰醋酸（99.5%及以上）,吨,3536.3,382.5,12.1,2026-09-14T09:30:00+08:00,2026-09-14T06:29:08.521976+00:00,https://www.stats.gov.cn/sj/zxfb/202609/t20260914_1965293.html,0cee7a8696c3ec481f1026c6278ad80ff14b75cf6f73006d86f4ccce24527492
2026-09:1-10:2026-09-14T09:30:00+08:00,2026-09,1-10,三、化工产品,顺丁胶（BR9000）,吨,15112.5,936.3,6.6,2026-09-14T09:30:00+08:00,2026-09-14T06:29:08.521976+00:00,https://www.stats.gov.cn/sj/zxfb/202609/t20260914_1965293.html,0cee7a8696c3ec481f1026c6278ad80ff14b75cf6f73006d86f4ccce24527492
2026-09:1-10:2026-09-14T09:30:00+08:00,2026-09,1-10,三、化工产品,涤纶长丝（POY150D/48F）,吨,9287.5,312.5,3.5,2026-09-14T09:30:00+08:00,2026-09-14T06:29:08.521976+00:00,https://www.stats.gov.cn/sj/zxfb/202609/t20260914_1965293.html,0cee7a8696c3ec481f1026c6278ad80ff14b75cf6f73006d86f4ccce24527492
2026-09:1-10:2026-09-14T09:30:00+08:00,2026-09,1-10,三、化工产品,磷酸铁锂（普通动力型）,吨,55800.8,-1104.6,-1.9,2026-09-14T09:30:00+08:00,2026-09-14T06:29:08.521976+00:00,https://www.stats.gov.cn/sj/zxfb/202609/t20260914_1965293.html,0cee7a8696c3ec481f1026c6278ad80ff14b75cf6f73006d86f4ccce24527492
2026-09:1-10:2026-09-14T09:30:00+08:00,2026-09,1-10,四、石油天然气,液化天然气（LNG）,吨,6044.0,319.4,5.6,2026-09-14T09:30:00+08:00,2026-09-14T06:29:08.521976+00:00,https://www.stats.gov.cn/sj/zxfb/202609/t20260914_1965293.html,0cee7a8696c3ec481f1026c6278ad80ff14b75cf6f73006d86f4ccce24527492
2026-09:1-10:2026-09-14T09:30:00+08:00,2026-09,1-10,四、石油天然气,液化石油气（LPG）,吨,6851.2,887.4,14.9,2026-09-14T09:30:00+08:00,2026-09-14T06:29:08.521976+00:00,https://www.stats.gov.cn/sj/zxfb/202609/t20260914_1965293.html,0cee7a8696c3ec481f1026c6278ad80ff14b75cf6f73006d86f4ccce24527492
2026-09:1-10:2026-09-14T09:30:00+08:00,2026-09,1-10,四、石油天然气,汽油（95#国VI）,吨,10450.0,551.7,5.6,2026-09-14T09:30:00+08:00,2026-09-14T06:29:08.521976+00:00,https://www.stats.gov.cn/sj/zxfb/202609/t20260914_1965293.html,0cee7a8696c3ec481f1026c6278ad80ff14b75cf6f73006d86f4ccce24527492
2026-09:1-10:2026-09-14T09:30:00+08:00,2026-09,1-10,四、石油天然气,柴油（0#国VI）,吨,8711.3,382.8,4.6,2026-09-14T09:30:00+08:00,2026-09-14T06:29:08.521976+00:00,https://www.stats.gov.cn/sj/zxfb/202609/t20260914_1965293.html,0cee7a8696c3ec481f1026c6278ad80ff14b75cf6f73006d86f4ccce24527492
2026-09:1-10:2026-09-14T09:30:00+08:00,2026-09,1-10,四、石油天然气,石蜡（58#半）,吨,7522.5,50.0,0.7,2026-09-14T09:30:00+08:00,2026-09-14T06:29:08.521976+00:00,https://www.stats.gov.cn/sj/zxfb/202609/t20260914_1965293.html,0cee7a8696c3ec481f1026c6278ad80ff14b75cf6f73006d86f4ccce24527492
2026-09:1-10:2026-09-14T09:30:00+08:00,2026-09,1-10,五、煤炭,无烟煤（洗中块）,吨,1618.2,141.1,9.6,2026-09-14T09:30:00+08:00,2026-09-14T06:29:08.521976+00:00,https://www.stats.gov.cn/sj/zxfb/202609/t20260914_1965293.html,0cee7a8696c3ec481f1026c6278ad80ff14b75cf6f73006d86f4ccce24527492
2026-09:1-10:2026-09-14T09:30:00+08:00,2026-09,1-10,五、煤炭,山西优混（5500大卡）,吨,946.3,76.2,8.8,2026-09-14T09:30:00+08:00,2026-09-14T06:29:08.521976+00:00,https://www.stats.gov.cn/sj/zxfb/202609/t20260914_1965293.html,0cee7a8696c3ec481f1026c6278ad80ff14b75cf6f73006d86f4ccce24527492
2026-09:1-10:2026-09-14T09:30:00+08:00,2026-09,1-10,五、煤炭,焦煤（主焦煤）,吨,2597.5,226.1,9.5,2026-09-14T09:30:00+08:00,2026-09-14T06:29:08.521976+00:00,https://www.stats.gov.cn/sj/zxfb/202609/t20260914_1965293.html,0cee7a8696c3ec481f1026c6278ad80ff14b75cf6f73006d86f4ccce24527492
2026-09:1-10:2026-09-14T09:30:00+08:00,2026-09,1-10,五、煤炭,焦炭（准一级冶金焦）,吨,1983.9,223.2,12.7,2026-09-14T09:30:00+08:00,2026-09-14T06:29:08.521976+00:00,https://www.stats.gov.cn/sj/zxfb/202609/t20260914_1965293.html,0cee7a8696c3ec481f1026c6278ad80ff14b75cf6f73006d86f4ccce24527492
2026-09:1-10:2026-09-14T09:30:00+08:00,2026-09,1-10,六、非金属矿物制品,普通硅酸盐水泥（P.O 42.5散装）,吨,250.7,2.0,0.8,2026-09-14T09:30:00+08:00,2026-09-14T06:29:08.521976+00:00,https://www.stats.gov.cn/sj/zxfb/202609/t20260914_1965293.html,0cee7a8696c3ec481f1026c6278ad80ff14b75cf6f73006d86f4ccce24527492
2026-09:1-10:2026-09-14T09:30:00+08:00,2026-09,1-10,六、非金属矿物制品,浮法平板玻璃（5/6mm）,吨,1074.9,0.8,0.1,2026-09-14T09:30:00+08:00,2026-09-14T06:29:08.521976+00:00,https://www.stats.gov.cn/sj/zxfb/202609/t20260914_1965293.html,0cee7a8696c3ec481f1026c6278ad80ff14b75cf6f73006d86f4ccce24527492
2026-09:1-10:2026-09-14T09:30:00+08:00,2026-09,1-10,六、非金属矿物制品,多晶硅（致密料）,千克,40.9,0.4,1.0,2026-09-14T09:30:00+08:00,2026-09-14T06:29:08.521976+00:00,https://www.stats.gov.cn/sj/zxfb/202609/t20260914_1965293.html,0cee7a8696c3ec481f1026c6278ad80ff14b75cf6f73006d86f4ccce24527492
2026-09:1-10:2026-09-14T09:30:00+08:00,2026-09,1-10,七、农产品（主要用于加工）,稻米（粳稻米）,吨,3981.0,0.9,0.0,2026-09-14T09:30:00+08:00,2026-09-14T06:29:08.521976+00:00,https://www.stats.gov.cn/sj/zxfb/202609/t20260914_1965293.html,0cee7a8696c3ec481f1026c6278ad80ff14b75cf6f73006d86f4ccce24527492
2026-09:1-10:2026-09-14T09:30:00+08:00,2026-09,1-10,七、农产品（主要用于加工）,小麦（国标三等）,吨,2395.8,0.5,0.0,2026-09-14T09:30:00+08:00,2026-09-14T06:29:08.521976+00:00,https://www.stats.gov.cn/sj/zxfb/202609/t20260914_1965293.html,0cee7a8696c3ec481f1026c6278ad80ff14b75cf6f73006d86f4ccce24527492
2026-09:1-10:2026-09-14T09:30:00+08:00,2026-09,1-10,七、农产品（主要用于加工）,玉米（黄玉米二等）,吨,2236.8,-3.3,-0.1,2026-09-14T09:30:00+08:00,2026-09-14T06:29:08.521976+00:00,https://www.stats.gov.cn/sj/zxfb/202609/t20260914_1965293.html,0cee7a8696c3ec481f1026c6278ad80ff14b75cf6f73006d86f4ccce24527492
2026-09:1-10:2026-09-14T09:30:00+08:00,2026-09,1-10,七、农产品（主要用于加工）,棉花（皮棉，白棉三级）,吨,17534.3,-56.0,-0.3,2026-09-14T09:30:00+08:00,2026-09-14T06:29:08.521976+00:00,https://www.stats.gov.cn/sj/zxfb/202609/t20260914_1965293.html,0cee7a8696c3ec481f1026c6278ad80ff14b75cf6f73006d86f4ccce24527492
2026-09:1-10:2026-09-14T09:30:00+08:00,2026-09,1-10,七、农产品（主要用于加工）,生猪（外三元）,千克,11.0,0.1,0.9,2026-09-14T09:30:00+08:00,2026-09-14T06:29:08.521976+00:00,https://www.stats.gov.cn/sj/zxfb/202609/t20260914_1965293.html,0cee7a8696c3ec481f1026c6278ad80ff14b75cf6f73006d86f4ccce24527492
2026-09:1-10:2026-09-14T09:30:00+08:00,2026-09,1-10,七、农产品（主要用于加工）,大豆（黄豆）,吨,4706.9,74.8,1.6,2026-09-14T09:30:00+08:00,2026-09-14T06:29:08.521976+00:00,https://www.stats.gov.cn/sj/zxfb/202609/t20260914_1965293.html,0cee7a8696c3ec481f1026c6278ad80ff14b75cf6f73006d86f4ccce24527492
2026-09:1-10:2026-09-14T09:30:00+08:00,2026-09,1-10,七、农产品（主要用于加工）,豆粕（粗蛋白含量≥43%）,吨,3305.8,118.3,3.7,2026-09-14T09:30:00+08:00,2026-09-14T06:29:08.521976+00:00,https://www.stats.gov.cn/sj/zxfb/202609/t20260914_1965293.html,0cee7a8696c3ec481f1026c6278ad80ff14b75cf6f73006d86f4ccce24527492
2026-09:1-10:2026-09-14T09:30:00+08:00,2026-09,1-10,七、农产品（主要用于加工）,花生（油料花生米）,吨,7516.7,125.0,1.7,2026-09-14T09:30:00+08:00,2026-09-14T06:29:08.521976+00:00,https://www.stats.gov.cn/sj/zxfb/202609/t20260914_1965293.html,0cee7a8696c3ec481f1026c6278ad80ff14b75cf6f73006d86f4ccce24527492
2026-09:1-10:2026-09-14T09:30:00+08:00,2026-09,1-10,七、农产品（主要用于加工）,白糖（国标一级白砂糖）,吨,5221.9,38.3,0.7,2026-09-14T09:30:00+08:00,2026-09-14T06:29:08.521976+00:00,https://www.stats.gov.cn/sj/zxfb/202609/t20260914_1965293.html,0cee7a8696c3ec481f1026c6278ad80ff14b75cf6f73006d86f4ccce24527492
2026-09:1-10:2026-09-14T09:30:00+08:00,2026-09,1-10,八、农业生产资料,尿素（中小颗粒）,吨,1771.9,26.5,1.5,2026-09-14T09:30:00+08:00,2026-09-14T06:29:08.521976+00:00,https://www.stats.gov.cn/sj/zxfb/202609/t20260914_1965293.html,0cee7a8696c3ec481f1026c6278ad80ff14b75cf6f73006d86f4ccce24527492
2026-09:1-10:2026-09-14T09:30:00+08:00,2026-09,1-10,八、农业生产资料,磷肥（55%磷酸一铵）,吨,4252.5,-107.9,-2.5,2026-09-14T09:30:00+08:00,2026-09-14T06:29:08.521976+00:00,https://www.stats.gov.cn/sj/zxfb/202609/t20260914_1965293.html,0cee7a8696c3ec481f1026c6278ad80ff14b75cf6f73006d86f4ccce24527492
2026-09:1-10:2026-09-14T09:30:00+08:00,2026-09,1-10,八、农业生产资料,钾肥（港口62%白色氯化钾）,吨,3074.1,-12.9,-0.4,2026-09-14T09:30:00+08:00,2026-09-14T06:29:08.521976+00:00,https://www.stats.gov.cn/sj/zxfb/202609/t20260914_1965293.html,0cee7a8696c3ec481f1026c6278ad80ff14b75cf6f73006d86f4ccce24527492
2026-09:1-10:2026-09-14T09:30:00+08:00,2026-09,1-10,八、农业生产资料,复合肥（硫酸钾复合肥，氮磷钾含量45%）,吨,3619.4,-1.2,0.0,2026-09-14T09:30:00+08:00,2026-09-14T06:29:08.521976+00:00,https://www.stats.gov.cn/sj/zxfb/202609/t20260914_1965293.html,0cee7a8696c3ec481f1026c6278ad80ff14b75cf6f73006d86f4ccce24527492
2026-09:1-10:2026-09-14T09:30:00+08:00,2026-09,1-10,八、农业生产资料,农药（草甘膦，95%原药）,吨,25475.0,-203.6,-0.8,2026-09-14T09:30:00+08:00,2026-09-14T06:29:08.521976+00:00,https://www.stats.gov.cn/sj/zxfb/202609/t20260914_1965293.html,0cee7a8696c3ec481f1026c6278ad80ff14b75cf6f73006d86f4ccce24527492
2026-09:1-10:2026-09-14T09:30:00+08:00,2026-09,1-10,九、林产品,天然橡胶（标准胶SCRWF）,吨,18500.0,736.9,4.1,2026-09-14T09:30:00+08:00,2026-09-14T06:29:08.521976+00:00,https://www.stats.gov.cn/sj/zxfb/202609/t20260914_1965293.html,0cee7a8696c3ec481f1026c6278ad80ff14b75cf6f73006d86f4ccce24527492
2026-09:1-10:2026-09-14T09:30:00+08:00,2026-09,1-10,九、林产品,纸浆（进口针叶浆）,吨,4965.9,0.3,0.0,2026-09-14T09:30:00+08:00,2026-09-14T06:29:08.521976+00:00,https://www.stats.gov.cn/sj/zxfb/202609/t20260914_1965293.html,0cee7a8696c3ec481f1026c6278ad80ff14b75cf6f73006d86f4ccce24527492
2026-09:1-10:2026-09-14T09:30:00+08:00,2026-09,1-10,九、林产品,瓦楞纸（AA级120g）,吨,3108.9,-83.2,-2.6,2026-09-14T09:30:00+08:00,2026-09-14T06:29:08.521976+00:00,https://www.stats.gov.cn/sj/zxfb/202609/t20260914_1965293.html,0cee7a8696c3ec481f1026c6278ad80ff14b75cf6f73006d86f4ccce24527492
2026-05:11-20:2026-05-24T09:30:00+08:00,2026-05,11-20,一、黑色金属,螺纹钢（Φ20mm，HRB400E）,吨,3317.4,-2.5,-0.1,2026-05-24T09:30:00+08:00,2026-09-14T06:30:30.192724+00:00,https://www.stats.gov.cn/sj/zxfb/202605/t20260522_1963786.html,c962a2aa8fb4006cd5b9743f7882146cdc183e8393f356938d45a9dbbdd75c2d
2026-05:11-20:2026-05-24T09:30:00+08:00,2026-05,11-20,一、黑色金属,线材（Φ8—10mm，HPB300）,吨,3467.1,6.1,0.2,2026-05-24T09:30:00+08:00,2026-09-14T06:30:30.192724+00:00,https://www.stats.gov.cn/sj/zxfb/202605/t20260522_1963786.html,c962a2aa8fb4006cd5b9743f7882146cdc183e8393f356938d45a9dbbdd75c2d
2026-05:11-20:2026-05-24T09:30:00+08:00,2026-05,11-20,一、黑色金属,普通中板（20mm，Q235）,吨,3587.0,20.3,0.6,2026-05-24T09:30:00+08:00,2026-09-14T06:30:30.192724+00:00,https://www.stats.gov.cn/sj/zxfb/202605/t20260522_1963786.html,c962a2aa8fb4006cd5b9743f7882146cdc183e8393f356938d45a9dbbdd75c2d
2026-05:11-20:2026-05-24T09:30:00+08:00,2026-05,11-20,一、黑色金属,热轧普通板卷（4.75—11.5mm，Q235）,吨,3443.3,-9.7,-0.3,2026-05-24T09:30:00+08:00,2026-09-14T06:30:30.192724+00:00,https://www.stats.gov.cn/sj/zxfb/202605/t20260522_1963786.html,c962a2aa8fb4006cd5b9743f7882146cdc183e8393f356938d45a9dbbdd75c2d
2026-05:11-20:2026-05-24T09:30:00+08:00,2026-05,11-20,一、黑色金属,无缝钢管（219*6，20#）,吨,4050.6,1.8,0.0,2026-05-24T09:30:00+08:00,2026-09-14T06:30:30.192724+00:00,https://www.stats.gov.cn/sj/zxfb/202605/t20260522_1963786.html,c962a2aa8fb4006cd5b9743f7882146cdc183e8393f356938d45a9dbbdd75c2d
2026-05:11-20:2026-05-24T09:30:00+08:00,2026-05,11-20,一、黑色金属,角钢（5#）,吨,3584.7,23.2,0.7,2026-05-24T09:30:00+08:00,2026-09-14T06:30:30.192724+00:00,https://www.stats.gov.cn/sj/zxfb/202605/t20260522_1963786.html,c962a2aa8fb4006cd5b9743f7882146cdc183e8393f356938d45a9dbbdd75c2d
2026-05:11-20:2026-05-24T09:30:00+08:00,2026-05,11-20,二、有色金属,电解铜（1#）,吨,105508.1,2793.1,2.7,2026-05-24T09:30:00+08:00,2026-09-14T06:30:30.192724+00:00,https://www.stats.gov.cn/sj/zxfb/202605/t20260522_1963786.html,c962a2aa8fb4006cd5b9743f7882146cdc183e8393f356938d45a9dbbdd75c2d
2026-05:11-20:2026-05-24T09:30:00+08:00,2026-05,11-20,二、有色金属,铝锭（A00）,吨,24351.3,84.6,0.3,2026-05-24T09:30:00+08:00,2026-09-14T06:30:30.192724+00:00,https://www.stats.gov.cn/sj/zxfb/202605/t20260522_1963786.html,c962a2aa8fb4006cd5b9743f7882146cdc183e8393f356938d45a9dbbdd75c2d
2026-05:11-20:2026-05-24T09:30:00+08:00,2026-05,11-20,二、有色金属,铅锭（1#）,吨,16346.9,-253.1,-1.5,2026-05-24T09:30:00+08:00,2026-09-14T06:30:30.192724+00:00,https://www.stats.gov.cn/sj/zxfb/202605/t20260522_1963786.html,c962a2aa8fb4006cd5b9743f7882146cdc183e8393f356938d45a9dbbdd75c2d
2026-05:11-20:2026-05-24T09:30:00+08:00,2026-05,11-20,二、有色金属,锌锭（0#）,吨,24532.5,405.8,1.7,2026-05-24T09:30:00+08:00,2026-09-14T06:30:30.192724+00:00,https://www.stats.gov.cn/sj/zxfb/202605/t20260522_1963786.html,c962a2aa8fb4006cd5b9743f7882146cdc183e8393f356938d45a9dbbdd75c2d
2026-05:11-20:2026-05-24T09:30:00+08:00,2026-05,11-20,三、化工产品,硫酸（98%）,吨,1867.5,32.7,1.8,2026-05-24T09:30:00+08:00,2026-09-14T06:30:30.192724+00:00,https://www.stats.gov.cn/sj/zxfb/202605/t20260522_1963786.html,c962a2aa8fb4006cd5b9743f7882146cdc183e8393f356938d45a9dbbdd75c2d
2026-05:11-20:2026-05-24T09:30:00+08:00,2026-05,11-20,三、化工产品,烧碱（液碱，32%）,吨,681.8,12.1,1.8,2026-05-24T09:30:00+08:00,2026-09-14T06:30:30.192724+00:00,https://www.stats.gov.cn/sj/zxfb/202605/t20260522_1963786.html,c962a2aa8fb4006cd5b9743f7882146cdc183e8393f356938d45a9dbbdd75c2d
2026-05:11-20:2026-05-24T09:30:00+08:00,2026-05,11-20,三、化工产品,甲醇（优等品）,吨,2923.8,-31.5,-1.1,2026-05-24T09:30:00+08:00,2026-09-14T06:30:30.192724+00:00,https://www.stats.gov.cn/sj/zxfb/202605/t20260522_1963786.html,c962a2aa8fb4006cd5b9743f7882146cdc183e8393f356938d45a9dbbdd75c2d
2026-05:11-20:2026-05-24T09:30:00+08:00,2026-05,11-20,三、化工产品,纯苯（石油苯，工业级）,吨,8304.6,-263.4,-3.1,2026-05-24T09:30:00+08:00,2026-09-14T06:30:30.192724+00:00,https://www.stats.gov.cn/sj/zxfb/202605/t20260522_1963786.html,c962a2aa8fb4006cd5b9743f7882146cdc183e8393f356938d45a9dbbdd75c2d
2026-05:11-20:2026-05-24T09:30:00+08:00,2026-05,11-20,三、化工产品,乙醇（95.0%）,吨,5664.0,-55.8,-1.0,2026-05-24T09:30:00+08:00,2026-09-14T06:30:30.192724+00:00,https://www.stats.gov.cn/sj/zxfb/202605/t20260522_1963786.html,c962a2aa8fb4006cd5b9743f7882146cdc183e8393f356938d45a9dbbdd75c2d
2026-05:11-20:2026-05-24T09:30:00+08:00,2026-05,11-20,三、化工产品,聚乙烯（LLDPE，熔融指数2薄膜料）,吨,8911.7,-81.2,-0.9,2026-05-24T09:30:00+08:00,2026-09-14T06:30:30.192724+00:00,https://www.stats.gov.cn/sj/zxfb/202605/t20260522_1963786.html,c962a2aa8fb4006cd5b9743f7882146cdc183e8393f356938d45a9dbbdd75c2d
2026-05:11-20:2026-05-24T09:30:00+08:00,2026-05,11-20,三、化工产品,聚丙烯（拉丝料）,吨,9645.4,187.9,2.0,2026-05-24T09:30:00+08:00,2026-09-14T06:30:30.192724+00:00,https://www.stats.gov.cn/sj/zxfb/202605/t20260522_1963786.html,c962a2aa8fb4006cd5b9743f7882146cdc183e8393f356938d45a9dbbdd75c2d
2026-05:11-20:2026-05-24T09:30:00+08:00,2026-05,11-20,三、化工产品,冰醋酸（99.5%及以上）,吨,2970.0,-160.8,-5.1,2026-05-24T09:30:00+08:00,2026-09-14T06:30:30.192724+00:00,https://www.stats.gov.cn/sj/zxfb/202605/t20260522_1963786.html,c962a2aa8fb4006cd5b9743f7882146cdc183e8393f356938d45a9dbbdd75c2d
2026-05:11-20:2026-05-24T09:30:00+08:00,2026-05,11-20,三、化工产品,顺丁胶（BR9000）,吨,15435.4,-327.1,-2.1,2026-05-24T09:30:00+08:00,2026-09-14T06:30:30.192724+00:00,https://www.stats.gov.cn/sj/zxfb/202605/t20260522_1963786.html,c962a2aa8fb4006cd5b9743f7882146cdc183e8393f356938d45a9dbbdd75c2d
2026-05:11-20:2026-05-24T09:30:00+08:00,2026-05,11-20,三、化工产品,涤纶长丝（POY150D/48F）,吨,8615.6,-159.4,-1.8,2026-05-24T09:30:00+08:00,2026-09-14T06:30:30.192724+00:00,https://www.stats.gov.cn/sj/zxfb/202605/t20260522_1963786.html,c962a2aa8fb4006cd5b9743f7882146cdc183e8393f356938d45a9dbbdd75c2d
2026-05:11-20:2026-05-24T09:30:00+08:00,2026-05,11-20,三、化工产品,磷酸铁锂（普通动力型）,吨,62386.1,-481.3,-0.8,2026-05-24T09:30:00+08:00,2026-09-14T06:30:30.192724+00:00,https://www.stats.gov.cn/sj/zxfb/202605/t20260522_1963786.html,c962a2aa8fb4006cd5b9743f7882146cdc183e8393f356938d45a9dbbdd75c2d
2026-05:11-20:2026-05-24T09:30:00+08:00,2026-05,11-20,四、石油天然气,液化天然气（LNG）,吨,6207.1,-121.0,-1.9,2026-05-24T09:30:00+08:00,2026-09-14T06:30:30.192724+00:00,https://www.stats.gov.cn/sj/zxfb/202605/t20260522_1963786.html,c962a2aa8fb4006cd5b9743f7882146cdc183e8393f356938d45a9dbbdd75c2d
2026-05:11-20:2026-05-24T09:30:00+08:00,2026-05,11-20,四、石油天然气,液化石油气（LPG）,吨,6623.0,81.7,1.2,2026-05-24T09:30:00+08:00,2026-09-14T06:30:30.192724+00:00,https://www.stats.gov.cn/sj/zxfb/202605/t20260522_1963786.html,c962a2aa8fb4006cd5b9743f7882146cdc183e8393f356938d45a9dbbdd75c2d
2026-05:11-20:2026-05-24T09:30:00+08:00,2026-05,11-20,四、石油天然气,汽油（95#国VI）,吨,9111.0,-0.7,0.0,2026-05-24T09:30:00+08:00,2026-09-14T06:30:30.192724+00:00,https://www.stats.gov.cn/sj/zxfb/202605/t20260522_1963786.html,c962a2aa8fb4006cd5b9743f7882146cdc183e8393f356938d45a9dbbdd75c2d
2026-05:11-20:2026-05-24T09:30:00+08:00,2026-05,11-20,四、石油天然气,柴油（0#国VI）,吨,7880.2,13.3,0.2,2026-05-24T09:30:00+08:00,2026-09-14T06:30:30.192724+00:00,https://www.stats.gov.cn/sj/zxfb/202605/t20260522_1963786.html,c962a2aa8fb4006cd5b9743f7882146cdc183e8393f356938d45a9dbbdd75c2d
2026-05:11-20:2026-05-24T09:30:00+08:00,2026-05,11-20,四、石油天然气,石蜡（58#半）,吨,7980.3,-167.2,-2.1,2026-05-24T09:30:00+08:00,2026-09-14T06:30:30.192724+00:00,https://www.stats.gov.cn/sj/zxfb/202605/t20260522_1963786.html,c962a2aa8fb4006cd5b9743f7882146cdc183e8393f356938d45a9dbbdd75c2d
2026-05:11-20:2026-05-24T09:30:00+08:00,2026-05,11-20,五、煤炭,无烟煤（洗中块）,吨,984.3,28.8,3.0,2026-05-24T09:30:00+08:00,2026-09-14T06:30:30.192724+00:00,https://www.stats.gov.cn/sj/zxfb/202605/t20260522_1963786.html,c962a2aa8fb4006cd5b9743f7882146cdc183e8393f356938d45a9dbbdd75c2d
2026-05:11-20:2026-05-24T09:30:00+08:00,2026-05,11-20,五、煤炭,山西优混（5500大卡）,吨,835.0,12.0,1.5,2026-05-24T09:30:00+08:00,2026-09-14T06:30:30.192724+00:00,https://www.stats.gov.cn/sj/zxfb/202605/t20260522_1963786.html,c962a2aa8fb4006cd5b9743f7882146cdc183e8393f356938d45a9dbbdd75c2d
2026-05:11-20:2026-05-24T09:30:00+08:00,2026-05,11-20,五、煤炭,焦煤（主焦煤）,吨,1557.5,5.0,0.3,2026-05-24T09:30:00+08:00,2026-09-14T06:30:30.192724+00:00,https://www.stats.gov.cn/sj/zxfb/202605/t20260522_1963786.html,c962a2aa8fb4006cd5b9743f7882146cdc183e8393f356938d45a9dbbdd75c2d
2026-05:11-20:2026-05-24T09:30:00+08:00,2026-05,11-20,五、煤炭,焦炭（准一级冶金焦）,吨,1496.4,50.0,3.5,2026-05-24T09:30:00+08:00,2026-09-14T06:30:30.192724+00:00,https://www.stats.gov.cn/sj/zxfb/202605/t20260522_1963786.html,c962a2aa8fb4006cd5b9743f7882146cdc183e8393f356938d45a9dbbdd75c2d
2026-05:11-20:2026-05-24T09:30:00+08:00,2026-05,11-20,六、非金属矿物制品,普通硅酸盐水泥（P.O 42.5散装）,吨,257.1,-2.5,-1.0,2026-05-24T09:30:00+08:00,2026-09-14T06:30:30.192724+00:00,https://www.stats.gov.cn/sj/zxfb/202605/t20260522_1963786.html,c962a2aa8fb4006cd5b9743f7882146cdc183e8393f356938d45a9dbbdd75c2d
2026-05:11-20:2026-05-24T09:30:00+08:00,2026-05,11-20,六、非金属矿物制品,浮法平板玻璃（5/6mm）,吨,1150.3,0.9,0.1,2026-05-24T09:30:00+08:00,2026-09-14T06:30:30.192724+00:00,https://www.stats.gov.cn/sj/zxfb/202605/t20260522_1963786.html,c962a2aa8fb4006cd5b9743f7882146cdc183e8393f356938d45a9dbbdd75c2d
2026-05:11-20:2026-05-24T09:30:00+08:00,2026-05,11-20,六、非金属矿物制品,多晶硅（致密料）,千克,35.0,0.0,0.0,2026-05-24T09:30:00+08:00,2026-09-14T06:30:30.192724+00:00,https://www.stats.gov.cn/sj/zxfb/202605/t20260522_1963786.html,c962a2aa8fb4006cd5b9743f7882146cdc183e8393f356938d45a9dbbdd75c2d
2026-05:11-20:2026-05-24T09:30:00+08:00,2026-05,11-20,七、农产品（主要用于加工）,稻米（粳稻米）,吨,4011.5,-1.5,0.0,2026-05-24T09:30:00+08:00,2026-09-14T06:30:30.192724+00:00,https://www.stats.gov.cn/sj/zxfb/202605/t20260522_1963786.html,c962a2aa8fb4006cd5b9743f7882146cdc183e8393f356938d45a9dbbdd75c2d
2026-05:11-20:2026-05-24T09:30:00+08:00,2026-05,11-20,七、农产品（主要用于加工）,小麦（国标三等）,吨,2521.9,-24.9,-1.0,2026-05-24T09:30:00+08:00,2026-09-14T06:30:30.192724+00:00,https://www.stats.gov.cn/sj/zxfb/202605/t20260522_1963786.html,c962a2aa8fb4006cd5b9743f7882146cdc183e8393f356938d45a9dbbdd75c2d
2026-05:11-20:2026-05-24T09:30:00+08:00,2026-05,11-20,七、农产品（主要用于加工）,玉米（黄玉米二等）,吨,2314.3,-7.4,-0.3,2026-05-24T09:30:00+08:00,2026-09-14T06:30:30.192724+00:00,https://www.stats.gov.cn/sj/zxfb/202605/t20260522_1963786.html,c962a2aa8fb4006cd5b9743f7882146cdc183e8393f356938d45a9dbbdd75c2d
2026-05:11-20:2026-05-24T09:30:00+08:00,2026-05,11-20,七、农产品（主要用于加工）,棉花（皮棉，白棉三级）,吨,17242.5,-170.0,-1.0,2026-05-24T09:30:00+08:00,2026-09-14T06:30:30.192724+00:00,https://www.stats.gov.cn/sj/zxfb/202605/t20260522_1963786.html,c962a2aa8fb4006cd5b9743f7882146cdc183e8393f356938d45a9dbbdd75c2d
2026-05:11-20:2026-05-24T09:30:00+08:00,2026-05,11-20,七、农产品（主要用于加工）,生猪（外三元）,千克,9.5,-0.1,-1.0,2026-05-24T09:30:00+08:00,2026-09-14T06:30:30.192724+00:00,https://www.stats.gov.cn/sj/zxfb/202605/t20260522_1963786.html,c962a2aa8fb4006cd5b9743f7882146cdc183e8393f356938d45a9dbbdd75c2d
2026-05:11-20:2026-05-24T09:30:00+08:00,2026-05,11-20,七、农产品（主要用于加工）,大豆（黄豆）,吨,4478.5,17.3,0.4,2026-05-24T09:30:00+08:00,2026-09-14T06:30:30.192724+00:00,https://www.stats.gov.cn/sj/zxfb/202605/t20260522_1963786.html,c962a2aa8fb4006cd5b9743f7882146cdc183e8393f356938d45a9dbbdd75c2d
2026-05:11-20:2026-05-24T09:30:00+08:00,2026-05,11-20,七、农产品（主要用于加工）,豆粕（粗蛋白含量≥43%）,吨,2948.8,-0.2,0.0,2026-05-24T09:30:00+08:00,2026-09-14T06:30:30.192724+00:00,https://www.stats.gov.cn/sj/zxfb/202605/t20260522_1963786.html,c962a2aa8fb4006cd5b9743f7882146cdc183e8393f356938d45a9dbbdd75c2d
2026-05:11-20:2026-05-24T09:30:00+08:00,2026-05,11-20,七、农产品（主要用于加工）,花生（油料花生米）,吨,7438.5,-3.2,0.0,2026-05-24T09:30:00+08:00,2026-09-14T06:30:30.192724+00:00,https://www.stats.gov.cn/sj/zxfb/202605/t20260522_1963786.html,c962a2aa8fb4006cd5b9743f7882146cdc183e8393f356938d45a9dbbdd75c2d
2026-05:11-20:2026-05-24T09:30:00+08:00,2026-05,11-20,七、农产品（主要用于加工）,白糖（国标一级白砂糖）,吨,5420.6,39.3,0.7,2026-05-24T09:30:00+08:00,2026-09-14T06:30:30.192724+00:00,https://www.stats.gov.cn/sj/zxfb/202605/t20260522_1963786.html,c962a2aa8fb4006cd5b9743f7882146cdc183e8393f356938d45a9dbbdd75c2d
2026-05:11-20:2026-05-24T09:30:00+08:00,2026-05,11-20,八、农业生产资料,尿素（中小颗粒）,吨,1861.3,-28.1,-1.5,2026-05-24T09:30:00+08:00,2026-09-14T06:30:30.192724+00:00,https://www.stats.gov.cn/sj/zxfb/202605/t20260522_1963786.html,c962a2aa8fb4006cd5b9743f7882146cdc183e8393f356938d45a9dbbdd75c2d
2026-05:11-20:2026-05-24T09:30:00+08:00,2026-05,11-20,八、农业生产资料,磷肥（55%磷酸一铵）,吨,4191.4,-2.4,-0.1,2026-05-24T09:30:00+08:00,2026-09-14T06:30:30.192724+00:00,https://www.stats.gov.cn/sj/zxfb/202605/t20260522_1963786.html,c962a2aa8fb4006cd5b9743f7882146cdc183e8393f356938d45a9dbbdd75c2d
2026-05:11-20:2026-05-24T09:30:00+08:00,2026-05,11-20,八、农业生产资料,钾肥（港口62%白色氯化钾）,吨,3257.5,6.9,0.2,2026-05-24T09:30:00+08:00,2026-09-14T06:30:30.192724+00:00,https://www.stats.gov.cn/sj/zxfb/202605/t20260522_1963786.html,c962a2aa8fb4006cd5b9743f7882146cdc183e8393f356938d45a9dbbdd75c2d
2026-05:11-20:2026-05-24T09:30:00+08:00,2026-05,11-20,八、农业生产资料,复合肥（硫酸钾复合肥，氮磷钾含量45%）,吨,3613.3,-27.5,-0.8,2026-05-24T09:30:00+08:00,2026-09-14T06:30:30.192724+00:00,https://www.stats.gov.cn/sj/zxfb/202605/t20260522_1963786.html,c962a2aa8fb4006cd5b9743f7882146cdc183e8393f356938d45a9dbbdd75c2d
2026-05:11-20:2026-05-24T09:30:00+08:00,2026-05,11-20,八、农业生产资料,农药（草甘膦，95%原药）,吨,32968.8,-1531.2,-4.4,2026-05-24T09:30:00+08:00,2026-09-14T06:30:30.192724+00:00,https://www.stats.gov.cn/sj/zxfb/202605/t20260522_1963786.html,c962a2aa8fb4006cd5b9743f7882146cdc183e8393f356938d45a9dbbdd75c2d
2026-05:11-20:2026-05-24T09:30:00+08:00,2026-05,11-20,九、林产品,天然橡胶（标准胶SCRWF）,吨,17587.5,-137.5,-0.8,2026-05-24T09:30:00+08:00,2026-09-14T06:30:30.192724+00:00,https://www.stats.gov.cn/sj/zxfb/202605/t20260522_1963786.html,c962a2aa8fb4006cd5b9743f7882146cdc183e8393f356938d45a9dbbdd75c2d
2026-05:11-20:2026-05-24T09:30:00+08:00,2026-05,11-20,九、林产品,纸浆（进口针叶浆）,吨,5041.9,-1.1,0.0,2026-05-24T09:30:00+08:00,2026-09-14T06:30:30.192724+00:00,https://www.stats.gov.cn/sj/zxfb/202605/t20260522_1963786.html,c962a2aa8fb4006cd5b9743f7882146cdc183e8393f356938d45a9dbbdd75c2d
2026-05:11-20:2026-05-24T09:30:00+08:00,2026-05,11-20,九、林产品,瓦楞纸（AA级120g）,吨,2857.4,39.6,1.4,2026-05-24T09:30:00+08:00,2026-09-14T06:30:30.192724+00:00,https://www.stats.gov.cn/sj/zxfb/202605/t20260522_1963786.html,c962a2aa8fb4006cd5b9743f7882146cdc183e8393f356938d45a9dbbdd75c2d
2026-05:21-end:2026-06-04T09:30:00+08:00,2026-05,21-end,一、黑色金属,螺纹钢（Φ20mm，HRB400E）,吨,3265.7,-51.7,-1.6,2026-06-04T09:30:00+08:00,2026-09-14T06:30:30.192724+00:00,https://www.stats.gov.cn/sj/zxfb/202606/t20260603_1963874.html,9fc1e4da342b819734923730b759a915a2ad6f14baf3b8dc6363780b7b493756
2026-05:21-end:2026-06-04T09:30:00+08:00,2026-05,21-end,一、黑色金属,线材（Φ8—10mm，HPB300）,吨,3427.7,-39.4,-1.1,2026-06-04T09:30:00+08:00,2026-09-14T06:30:30.192724+00:00,https://www.stats.gov.cn/sj/zxfb/202606/t20260603_1963874.html,9fc1e4da342b819734923730b759a915a2ad6f14baf3b8dc6363780b7b493756
2026-05:21-end:2026-06-04T09:30:00+08:00,2026-05,21-end,一、黑色金属,普通中板（20mm，Q235）,吨,3559.8,-27.2,-0.8,2026-06-04T09:30:00+08:00,2026-09-14T06:30:30.192724+00:00,https://www.stats.gov.cn/sj/zxfb/202606/t20260603_1963874.html,9fc1e4da342b819734923730b759a915a2ad6f14baf3b8dc6363780b7b493756
2026-05:21-end:2026-06-04T09:30:00+08:00,2026-05,21-end,一、黑色金属,热轧普通板卷（4.75—11.5mm，Q235）,吨,3400.1,-43.2,-1.3,2026-06-04T09:30:00+08:00,2026-09-14T06:30:30.192724+00:00,https://www.stats.gov.cn/sj/zxfb/202606/t20260603_1963874.html,9fc1e4da342b819734923730b759a915a2ad6f14baf3b8dc6363780b7b493756
2026-05:21-end:2026-06-04T09:30:00+08:00,2026-05,21-end,一、黑色金属,无缝钢管（219*6，20#）,吨,4048.8,-1.8,0.0,2026-06-04T09:30:00+08:00,2026-09-14T06:30:30.192724+00:00,https://www.stats.gov.cn/sj/zxfb/202606/t20260603_1963874.html,9fc1e4da342b819734923730b759a915a2ad6f14baf3b8dc6363780b7b493756
2026-05:21-end:2026-06-04T09:30:00+08:00,2026-05,21-end,一、黑色金属,角钢（5#）,吨,3548.6,-36.1,-1.0,2026-06-04T09:30:00+08:00,2026-09-14T06:30:30.192724+00:00,https://www.stats.gov.cn/sj/zxfb/202606/t20260603_1963874.html,9fc1e4da342b819734923730b759a915a2ad6f14baf3b8dc6363780b7b493756
2026-05:21-end:2026-06-04T09:30:00+08:00,2026-05,21-end,二、有色金属,电解铜（1#）,吨,104795.7,-712.4,-0.7,2026-06-04T09:30:00+08:00,2026-09-14T06:30:30.192724+00:00,https://www.stats.gov.cn/sj/zxfb/202606/t20260603_1963874.html,9fc1e4da342b819734923730b759a915a2ad6f14baf3b8dc6363780b7b493756
2026-05:21-end:2026-06-04T09:30:00+08:00,2026-05,21-end,二、有色金属,铝锭（A00）,吨,24264.3,-87.0,-0.4,2026-06-04T09:30:00+08:00,2026-09-14T06:30:30.192724+00:00,https://www.stats.gov.cn/sj/zxfb/202606/t20260603_1963874.html,9fc1e4da342b819734923730b759a915a2ad6f14baf3b8dc6363780b7b493756
2026-05:21-end:2026-06-04T09:30:00+08:00,2026-05,21-end,二、有色金属,铅锭（1#）,吨,16485.7,138.8,0.8,2026-06-04T09:30:00+08:00,2026-09-14T06:30:30.192724+00:00,https://www.stats.gov.cn/sj/zxfb/202606/t20260603_1963874.html,9fc1e4da342b819734923730b759a915a2ad6f14baf3b8dc6363780b7b493756
2026-05:21-end:2026-06-04T09:30:00+08:00,2026-05,21-end,二、有色金属,锌锭（0#）,吨,24774.3,241.8,1.0,2026-06-04T09:30:00+08:00,2026-09-14T06:30:30.192724+00:00,https://www.stats.gov.cn/sj/zxfb/202606/t20260603_1963874.html,9fc1e4da342b819734923730b759a915a2ad6f14baf3b8dc6363780b7b493756
2026-05:21-end:2026-06-04T09:30:00+08:00,2026-05,21-end,三、化工产品,硫酸（98%）,吨,1872.8,5.3,0.3,2026-06-04T09:30:00+08:00,2026-09-14T06:30:30.192724+00:00,https://www.stats.gov.cn/sj/zxfb/202606/t20260603_1963874.html,9fc1e4da342b819734923730b759a915a2ad6f14baf3b8dc6363780b7b493756
2026-05:21-end:2026-06-04T09:30:00+08:00,2026-05,21-end,三、化工产品,烧碱（液碱，32%）,吨,680.1,-1.7,-0.2,2026-06-04T09:30:00+08:00,2026-09-14T06:30:30.192724+00:00,https://www.stats.gov.cn/sj/zxfb/202606/t20260603_1963874.html,9fc1e4da342b819734923730b759a915a2ad6f14baf3b8dc6363780b7b493756
2026-05:21-end:2026-06-04T09:30:00+08:00,2026-05,21-end,三、化工产品,甲醇（优等品）,吨,2940.9,17.1,0.6,2026-06-04T09:30:00+08:00,2026-09-14T06:30:30.192724+00:00,https://www.stats.gov.cn/sj/zxfb/202606/t20260603_1963874.html,9fc1e4da342b819734923730b759a915a2ad6f14baf3b8dc6363780b7b493756
2026-05:21-end:2026-06-04T09:30:00+08:00,2026-05,21-end,三、化工产品,纯苯（石油苯，工业级）,吨,7924.6,-380.0,-4.6,2026-06-04T09:30:00+08:00,2026-09-14T06:30:30.192724+00:00,https://www.stats.gov.cn/sj/zxfb/202606/t20260603_1963874.html,9fc1e4da342b819734923730b759a915a2ad6f14baf3b8dc6363780b7b493756
2026-05:21-end:2026-06-04T09:30:00+08:00,2026-05,21-end,三、化工产品,乙醇（95.0%）,吨,5580.2,-83.8,-1.5,2026-06-04T09:30:00+08:00,2026-09-14T06:30:30.192724+00:00,https://www.stats.gov.cn/sj/zxfb/202606/t20260603_1963874.html,9fc1e4da342b819734923730b759a915a2ad6f14baf3b8dc6363780b7b493756
2026-05:21-end:2026-06-04T09:30:00+08:00,2026-05,21-end,三、化工产品,聚乙烯（LLDPE，熔融指数2薄膜料）,吨,8639.0,-272.7,-3.1,2026-06-04T09:30:00+08:00,2026-09-14T06:30:30.192724+00:00,https://www.stats.gov.cn/sj/zxfb/202606/t20260603_1963874.html,9fc1e4da342b819734923730b759a915a2ad6f14baf3b8dc6363780b7b493756
2026-05:21-end:2026-06-04T09:30:00+08:00,2026-05,21-end,三、化工产品,聚丙烯（拉丝料）,吨,9749.3,103.9,1.1,2026-06-04T09:30:00+08:00,2026-09-14T06:30:30.192724+00:00,https://www.stats.gov.cn/sj/zxfb/202606/t20260603_1963874.html,9fc1e4da342b819734923730b759a915a2ad6f14baf3b8dc6363780b7b493756
2026-05:21-end:2026-06-04T09:30:00+08:00,2026-05,21-end,三、化工产品,冰醋酸（99.5%及以上）,吨,2905.2,-64.8,-2.2,2026-06-04T09:30:00+08:00,2026-09-14T06:30:30.192724+00:00,https://www.stats.gov.cn/sj/zxfb/202606/t20260603_1963874.html,9fc1e4da342b819734923730b759a915a2ad6f14baf3b8dc6363780b7b493756
2026-05:21-end:2026-06-04T09:30:00+08:00,2026-05,21-end,三、化工产品,顺丁胶（BR9000）,吨,14545.2,-890.2,-5.8,2026-06-04T09:30:00+08:00,2026-09-14T06:30:30.192724+00:00,https://www.stats.gov.cn/sj/zxfb/202606/t20260603_1963874.html,9fc1e4da342b819734923730b759a915a2ad6f14baf3b8dc6363780b7b493756
2026-05:21-end:2026-06-04T09:30:00+08:00,2026-05,21-end,三、化工产品,涤纶长丝（POY150D/48F）,吨,8500.0,-115.6,-1.3,2026-06-04T09:30:00+08:00,2026-09-14T06:30:30.192724+00:00,https://www.stats.gov.cn/sj/zxfb/202606/t20260603_1963874.html,9fc1e4da342b819734923730b759a915a2ad6f14baf3b8dc6363780b7b493756
2026-05:21-end:2026-06-04T09:30:00+08:00,2026-05,21-end,三、化工产品,磷酸铁锂（普通动力型）,吨,59411.1,-2975.0,-4.8,2026-06-04T09:30:00+08:00,2026-09-14T06:30:30.192724+00:00,https://www.stats.gov.cn/sj/zxfb/202606/t20260603_1963874.html,9fc1e4da342b819734923730b759a915a2ad6f14baf3b8dc6363780b7b493756
2026-05:21-end:2026-06-04T09:30:00+08:00,2026-05,21-end,四、石油天然气,液化天然气（LNG）,吨,6118.5,-88.6,-1.4,2026-06-04T09:30:00+08:00,2026-09-14T06:30:30.192724+00:00,https://www.stats.gov.cn/sj/zxfb/202606/t20260603_1963874.html,9fc1e4da342b819734923730b759a915a2ad6f14baf3b8dc6363780b7b493756
2026-05:21-end:2026-06-04T09:30:00+08:00,2026-05,21-end,四、石油天然气,液化石油气（LPG）,吨,6220.3,-402.7,-6.1,2026-06-04T09:30:00+08:00,2026-09-14T06:30:30.192724+00:00,https://www.stats.gov.cn/sj/zxfb/202606/t20260603_1963874.html,9fc1e4da342b819734923730b759a915a2ad6f14baf3b8dc6363780b7b493756
2026-05:21-end:2026-06-04T09:30:00+08:00,2026-05,21-end,四、石油天然气,汽油（95#国VI）,吨,9069.6,-41.4,-0.5,2026-06-04T09:30:00+08:00,2026-09-14T06:30:30.192724+00:00,https://www.stats.gov.cn/sj/zxfb/202606/t20260603_1963874.html,9fc1e4da342b819734923730b759a915a2ad6f14baf3b8dc6363780b7b493756
2026-05:21-end:2026-06-04T09:30:00+08:00,2026-05,21-end,四、石油天然气,柴油（0#国VI）,吨,7807.8,-72.4,-0.9,2026-06-04T09:30:00+08:00,2026-09-14T06:30:30.192724+00:00,https://www.stats.gov.cn/sj/zxfb/202606/t20260603_1963874.html,9fc1e4da342b819734923730b759a915a2ad6f14baf3b8dc6363780b7b493756
2026-05:21-end:2026-06-04T09:30:00+08:00,2026-05,21-end,四、石油天然气,石蜡（58#半）,吨,7785.0,-195.3,-2.4,2026-06-04T09:30:00+08:00,2026-09-14T06:30:30.192724+00:00,https://www.stats.gov.cn/sj/zxfb/202606/t20260603_1963874.html,9fc1e4da342b819734923730b759a915a2ad6f14baf3b8dc6363780b7b493756
2026-05:21-end:2026-06-04T09:30:00+08:00,2026-05,21-end,五、煤炭,无烟煤（洗中块）,吨,1001.4,17.1,1.7,2026-06-04T09:30:00+08:00,2026-09-14T06:30:30.192724+00:00,https://www.stats.gov.cn/sj/zxfb/202606/t20260603_1963874.html,9fc1e4da342b819734923730b759a915a2ad6f14baf3b8dc6363780b7b493756
2026-05:21-end:2026-06-04T09:30:00+08:00,2026-05,21-end,五、煤炭,山西优混（5500大卡）,吨,843.6,8.6,1.0,2026-06-04T09:30:00+08:00,2026-09-14T06:30:30.192724+00:00,https://www.stats.gov.cn/sj/zxfb/202606/t20260603_1963874.html,9fc1e4da342b819734923730b759a915a2ad6f14baf3b8dc6363780b7b493756
2026-05:21-end:2026-06-04T09:30:00+08:00,2026-05,21-end,五、煤炭,焦煤（主焦煤）,吨,1581.4,23.9,1.5,2026-06-04T09:30:00+08:00,2026-09-14T06:30:30.192724+00:00,https://www.stats.gov.cn/sj/zxfb/202606/t20260603_1963874.html,9fc1e4da342b819734923730b759a915a2ad6f14baf3b8dc6363780b7b493756
2026-05:21-end:2026-06-04T09:30:00+08:00,2026-05,21-end,五、煤炭,焦炭（准一级冶金焦）,吨,1525.0,28.6,1.9,2026-06-04T09:30:00+08:00,2026-09-14T06:30:30.192724+00:00,https://www.stats.gov.cn/sj/zxfb/202606/t20260603_1963874.html,9fc1e4da342b819734923730b759a915a2ad6f14baf3b8dc6363780b7b493756
2026-05:21-end:2026-06-04T09:30:00+08:00,2026-05,21-end,六、非金属矿物制品,普通硅酸盐水泥（P.O 42.5散装）,吨,257.5,0.4,0.2,2026-06-04T09:30:00+08:00,2026-09-14T06:30:30.192724+00:00,https://www.stats.gov.cn/sj/zxfb/202606/t20260603_1963874.html,9fc1e4da342b819734923730b759a915a2ad6f14baf3b8dc6363780b7b493756
2026-05:21-end:2026-06-04T09:30:00+08:00,2026-05,21-end,六、非金属矿物制品,浮法平板玻璃（5/6mm）,吨,1140.1,-10.2,-0.9,2026-06-04T09:30:00+08:00,2026-09-14T06:30:30.192724+00:00,https://www.stats.gov.cn/sj/zxfb/202606/t20260603_1963874.html,9fc1e4da342b819734923730b759a915a2ad6f14baf3b8dc6363780b7b493756
2026-05:21-end:2026-06-04T09:30:00+08:00,2026-05,21-end,六、非金属矿物制品,多晶硅（致密料）,千克,34.6,-0.4,-1.1,2026-06-04T09:30:00+08:00,2026-09-14T06:30:30.192724+00:00,https://www.stats.gov.cn/sj/zxfb/202606/t20260603_1963874.html,9fc1e4da342b819734923730b759a915a2ad6f14baf3b8dc6363780b7b493756
2026-05:21-end:2026-06-04T09:30:00+08:00,2026-05,21-end,七、农产品（主要用于加工）,稻米（粳稻米）,吨,4009.1,-2.4,-0.1,2026-06-04T09:30:00+08:00,2026-09-14T06:30:30.192724+00:00,https://www.stats.gov.cn/sj/zxfb/202606/t20260603_1963874.html,9fc1e4da342b819734923730b759a915a2ad6f14baf3b8dc6363780b7b493756
2026-05:21-end:2026-06-04T09:30:00+08:00,2026-05,21-end,七、农产品（主要用于加工）,小麦（国标三等）,吨,2532.3,10.4,0.4,2026-06-04T09:30:00+08:00,2026-09-14T06:30:30.192724+00:00,https://www.stats.gov.cn/sj/zxfb/202606/t20260603_1963874.html,9fc1e4da342b819734923730b759a915a2ad6f14baf3b8dc6363780b7b493756
2026-05:21-end:2026-06-04T09:30:00+08:00,2026-05,21-end,七、农产品（主要用于加工）,玉米（黄玉米二等）,吨,2305.2,-9.1,-0.4,2026-06-04T09:30:00+08:00,2026-09-14T06:30:30.192724+00:00,https://www.stats.gov.cn/sj/zxfb/202606/t20260603_1963874.html,9fc1e4da342b819734923730b759a915a2ad6f14baf3b8dc6363780b7b493756
2026-05:21-end:2026-06-04T09:30:00+08:00,2026-05,21-end,七、农产品（主要用于加工）,棉花（皮棉，白棉三级）,吨,17064.6,-177.9,-1.0,2026-06-04T09:30:00+08:00,2026-09-14T06:30:30.192724+00:00,https://www.stats.gov.cn/sj/zxfb/202606/t20260603_1963874.html,9fc1e4da342b819734923730b759a915a2ad6f14baf3b8dc6363780b7b493756
2026-05:21-end:2026-06-04T09:30:00+08:00,2026-05,21-end,七、农产品（主要用于加工）,生猪（外三元）,千克,9.6,0.1,1.1,2026-06-04T09:30:00+08:00,2026-09-14T06:30:30.192724+00:00,https://www.stats.gov.cn/sj/zxfb/202606/t20260603_1963874.html,9fc1e4da342b819734923730b759a915a2ad6f14baf3b8dc6363780b7b493756
2026-05:21-end:2026-06-04T09:30:00+08:00,2026-05,21-end,七、农产品（主要用于加工）,大豆（黄豆）,吨,4469.6,-8.9,-0.2,2026-06-04T09:30:00+08:00,2026-09-14T06:30:30.192724+00:00,https://www.stats.gov.cn/sj/zxfb/202606/t20260603_1963874.html,9fc1e4da342b819734923730b759a915a2ad6f14baf3b8dc6363780b7b493756
2026-05:21-end:2026-06-04T09:30:00+08:00,2026-05,21-end,七、农产品（主要用于加工）,豆粕（粗蛋白含量≥43%）,吨,2888.1,-60.7,-2.1,2026-06-04T09:30:00+08:00,2026-09-14T06:30:30.192724+00:00,https://www.stats.gov.cn/sj/zxfb/202606/t20260603_1963874.html,9fc1e4da342b819734923730b759a915a2ad6f14baf3b8dc6363780b7b493756
2026-05:21-end:2026-06-04T09:30:00+08:00,2026-05,21-end,七、农产品（主要用于加工）,花生（油料花生米）,吨,7427.4,-11.1,-0.1,2026-06-04T09:30:00+08:00,2026-09-14T06:30:30.192724+00:00,https://www.stats.gov.cn/sj/zxfb/202606/t20260603_1963874.html,9fc1e4da342b819734923730b759a915a2ad6f14baf3b8dc6363780b7b493756
2026-05:21-end:2026-06-04T09:30:00+08:00,2026-05,21-end,七、农产品（主要用于加工）,白糖（国标一级白砂糖）,吨,5370.0,-50.6,-0.9,2026-06-04T09:30:00+08:00,2026-09-14T06:30:30.192724+00:00,https://www.stats.gov.cn/sj/zxfb/202606/t20260603_1963874.html,9fc1e4da342b819734923730b759a915a2ad6f14baf3b8dc6363780b7b493756
2026-05:21-end:2026-06-04T09:30:00+08:00,2026-05,21-end,八、农业生产资料,尿素（中小颗粒）,吨,1848.2,-13.1,-0.7,2026-06-04T09:30:00+08:00,2026-09-14T06:30:30.192724+00:00,https://www.stats.gov.cn/sj/zxfb/202606/t20260603_1963874.html,9fc1e4da342b819734923730b759a915a2ad6f14baf3b8dc6363780b7b493756
2026-05:21-end:2026-06-04T09:30:00+08:00,2026-05,21-end,八、农业生产资料,磷肥（55%磷酸一铵）,吨,4183.0,-8.4,-0.2,2026-06-04T09:30:00+08:00,2026-09-14T06:30:30.192724+00:00,https://www.stats.gov.cn/sj/zxfb/202606/t20260603_1963874.html,9fc1e4da342b819734923730b759a915a2ad6f14baf3b8dc6363780b7b493756
2026-05:21-end:2026-06-04T09:30:00+08:00,2026-05,21-end,八、农业生产资料,钾肥（港口62%白色氯化钾）,吨,3252.1,-5.4,-0.2,2026-06-04T09:30:00+08:00,2026-09-14T06:30:30.192724+00:00,https://www.stats.gov.cn/sj/zxfb/202606/t20260603_1963874.html,9fc1e4da342b819734923730b759a915a2ad6f14baf3b8dc6363780b7b493756
2026-05:21-end:2026-06-04T09:30:00+08:00,2026-05,21-end,八、农业生产资料,复合肥（硫酸钾复合肥，氮磷钾含量45%）,吨,3598.3,-15.0,-0.4,2026-06-04T09:30:00+08:00,2026-09-14T06:30:30.192724+00:00,https://www.stats.gov.cn/sj/zxfb/202606/t20260603_1963874.html,9fc1e4da342b819734923730b759a915a2ad6f14baf3b8dc6363780b7b493756
2026-05:21-end:2026-06-04T09:30:00+08:00,2026-05,21-end,八、农业生产资料,农药（草甘膦，95%原药）,吨,30428.6,-2540.2,-7.7,2026-06-04T09:30:00+08:00,2026-09-14T06:30:30.192724+00:00,https://www.stats.gov.cn/sj/zxfb/202606/t20260603_1963874.html,9fc1e4da342b819734923730b759a915a2ad6f14baf3b8dc6363780b7b493756
2026-05:21-end:2026-06-04T09:30:00+08:00,2026-05,21-end,九、林产品,天然橡胶（标准胶SCRWF）,吨,17425.0,-162.5,-0.9,2026-06-04T09:30:00+08:00,2026-09-14T06:30:30.192724+00:00,https://www.stats.gov.cn/sj/zxfb/202606/t20260603_1963874.html,9fc1e4da342b819734923730b759a915a2ad6f14baf3b8dc6363780b7b493756
2026-05:21-end:2026-06-04T09:30:00+08:00,2026-05,21-end,九、林产品,纸浆（进口针叶浆）,吨,4963.8,-78.1,-1.5,2026-06-04T09:30:00+08:00,2026-09-14T06:30:30.192724+00:00,https://www.stats.gov.cn/sj/zxfb/202606/t20260603_1963874.html,9fc1e4da342b819734923730b759a915a2ad6f14baf3b8dc6363780b7b493756
2026-05:21-end:2026-06-04T09:30:00+08:00,2026-05,21-end,九、林产品,瓦楞纸（AA级120g）,吨,2922.6,65.2,2.3,2026-06-04T09:30:00+08:00,2026-09-14T06:30:30.192724+00:00,https://www.stats.gov.cn/sj/zxfb/202606/t20260603_1963874.html,9fc1e4da342b819734923730b759a915a2ad6f14baf3b8dc6363780b7b493756
2026-06:1-10:2026-06-14T09:30:00+08:00,2026-06,1-10,一、黑色金属,螺纹钢（Φ20mm，HRB400E）,吨,3243.9,-21.8,-0.7,2026-06-14T09:30:00+08:00,2026-09-14T06:30:30.192724+00:00,https://www.stats.gov.cn/sj/zxfb/202606/t20260612_1963938.html,0f53518781e50d944701c38de50978c7eeb86e143a40c533e423422d68727c66
2026-06:1-10:2026-06-14T09:30:00+08:00,2026-06,1-10,一、黑色金属,线材（Φ8—10mm，HPB300）,吨,3404.5,-23.2,-0.7,2026-06-14T09:30:00+08:00,2026-09-14T06:30:30.192724+00:00,https://www.stats.gov.cn/sj/zxfb/202606/t20260612_1963938.html,0f53518781e50d944701c38de50978c7eeb86e143a40c533e423422d68727c66
2026-06:1-10:2026-06-14T09:30:00+08:00,2026-06,1-10,一、黑色金属,普通中板（20mm，Q235）,吨,3547.3,-12.5,-0.4,2026-06-14T09:30:00+08:00,2026-09-14T06:30:30.192724+00:00,https://www.stats.gov.cn/sj/zxfb/202606/t20260612_1963938.html,0f53518781e50d944701c38de50978c7eeb86e143a40c533e423422d68727c66
2026-06:1-10:2026-06-14T09:30:00+08:00,2026-06,1-10,一、黑色金属,热轧普通板卷（4.75—11.5mm，Q235）,吨,3384.1,-16.0,-0.5,2026-06-14T09:30:00+08:00,2026-09-14T06:30:30.192724+00:00,https://www.stats.gov.cn/sj/zxfb/202606/t20260612_1963938.html,0f53518781e50d944701c38de50978c7eeb86e143a40c533e423422d68727c66
2026-06:1-10:2026-06-14T09:30:00+08:00,2026-06,1-10,一、黑色金属,无缝钢管（219*6，20#）,吨,4055.0,6.2,0.2,2026-06-14T09:30:00+08:00,2026-09-14T06:30:30.192724+00:00,https://www.stats.gov.cn/sj/zxfb/202606/t20260612_1963938.html,0f53518781e50d944701c38de50978c7eeb86e143a40c533e423422d68727c66
2026-06:1-10:2026-06-14T09:30:00+08:00,2026-06,1-10,一、黑色金属,角钢（5#）,吨,3523.1,-25.5,-0.7,2026-06-14T09:30:00+08:00,2026-09-14T06:30:30.192724+00:00,https://www.stats.gov.cn/sj/zxfb/202606/t20260612_1963938.html,0f53518781e50d944701c38de50978c7eeb86e143a40c533e423422d68727c66
2026-06:1-10:2026-06-14T09:30:00+08:00,2026-06,1-10,二、有色金属,电解铜（1#）,吨,105083.8,288.1,0.3,2026-06-14T09:30:00+08:00,2026-09-14T06:30:30.192724+00:00,https://www.stats.gov.cn/sj/zxfb/202606/t20260612_1963938.html,0f53518781e50d944701c38de50978c7eeb86e143a40c533e423422d68727c66
2026-06:1-10:2026-06-14T09:30:00+08:00,2026-06,1-10,二、有色金属,铝锭（A00）,吨,24132.5,-131.8,-0.5,2026-06-14T09:30:00+08:00,2026-09-14T06:30:30.192724+00:00,https://www.stats.gov.cn/sj/zxfb/202606/t20260612_1963938.html,0f53518781e50d944701c38de50978c7eeb86e143a40c533e423422d68727c66
2026-06:1-10:2026-06-14T09:30:00+08:00,2026-06,1-10,二、有色金属,铅锭（1#）,吨,16262.5,-223.2,-1.4,2026-06-14T09:30:00+08:00,2026-09-14T06:30:30.192724+00:00,https://www.stats.gov.cn/sj/zxfb/202606/t20260612_1963938.html,0f53518781e50d944701c38de50978c7eeb86e143a40c533e423422d68727c66
2026-06:1-10:2026-06-14T09:30:00+08:00,2026-06,1-10,二、有色金属,锌锭（0#）,吨,24756.3,-18.0,-0.1,2026-06-14T09:30:00+08:00,2026-09-14T06:30:30.192724+00:00,https://www.stats.gov.cn/sj/zxfb/202606/t20260612_1963938.html,0f53518781e50d944701c38de50978c7eeb86e143a40c533e423422d68727c66
2026-06:1-10:2026-06-14T09:30:00+08:00,2026-06,1-10,三、化工产品,硫酸（98%）,吨,1899.8,27.0,1.4,2026-06-14T09:30:00+08:00,2026-09-14T06:30:30.192724+00:00,https://www.stats.gov.cn/sj/zxfb/202606/t20260612_1963938.html,0f53518781e50d944701c38de50978c7eeb86e143a40c533e423422d68727c66
2026-06:1-10:2026-06-14T09:30:00+08:00,2026-06,1-10,三、化工产品,烧碱（液碱，32%）,吨,673.7,-6.4,-0.9,2026-06-14T09:30:00+08:00,2026-09-14T06:30:30.192724+00:00,https://www.stats.gov.cn/sj/zxfb/202606/t20260612_1963938.html,0f53518781e50d944701c38de50978c7eeb86e143a40c533e423422d68727c66
2026-06:1-10:2026-06-14T09:30:00+08:00,2026-06,1-10,三、化工产品,甲醇（优等品）,吨,2996.1,55.2,1.9,2026-06-14T09:30:00+08:00,2026-09-14T06:30:30.192724+00:00,https://www.stats.gov.cn/sj/zxfb/202606/t20260612_1963938.html,0f53518781e50d944701c38de50978c7eeb86e143a40c533e423422d68727c66
2026-06:1-10:2026-06-14T09:30:00+08:00,2026-06,1-10,三、化工产品,纯苯（石油苯，工业级）,吨,7662.7,-261.9,-3.3,2026-06-14T09:30:00+08:00,2026-09-14T06:30:30.192724+00:00,https://www.stats.gov.cn/sj/zxfb/202606/t20260612_1963938.html,0f53518781e50d944701c38de50978c7eeb86e143a40c533e423422d68727c66
2026-06:1-10:2026-06-14T09:30:00+08:00,2026-06,1-10,三、化工产品,乙醇（95.0%）,吨,5492.1,-88.1,-1.6,2026-06-14T09:30:00+08:00,2026-09-14T06:30:30.192724+00:00,https://www.stats.gov.cn/sj/zxfb/202606/t20260612_1963938.html,0f53518781e50d944701c38de50978c7eeb86e143a40c533e423422d68727c66
2026-06:1-10:2026-06-14T09:30:00+08:00,2026-06,1-10,三、化工产品,聚乙烯（LLDPE，熔融指数2薄膜料）,吨,8556.7,-82.3,-1.0,2026-06-14T09:30:00+08:00,2026-09-14T06:30:30.192724+00:00,https://www.stats.gov.cn/sj/zxfb/202606/t20260612_1963938.html,0f53518781e50d944701c38de50978c7eeb86e143a40c533e423422d68727c66
2026-06:1-10:2026-06-14T09:30:00+08:00,2026-06,1-10,三、化工产品,聚丙烯（拉丝料）,吨,9752.5,3.2,0.0,2026-06-14T09:30:00+08:00,2026-09-14T06:30:30.192724+00:00,https://www.stats.gov.cn/sj/zxfb/202606/t20260612_1963938.html,0f53518781e50d944701c38de50978c7eeb86e143a40c533e423422d68727c66
2026-06:1-10:2026-06-14T09:30:00+08:00,2026-06,1-10,三、化工产品,冰醋酸（99.5%及以上）,吨,2793.1,-112.1,-3.9,2026-06-14T09:30:00+08:00,2026-09-14T06:30:30.192724+00:00,https://www.stats.gov.cn/sj/zxfb/202606/t20260612_1963938.html,0f53518781e50d944701c38de50978c7eeb86e143a40c533e423422d68727c66
2026-06:1-10:2026-06-14T09:30:00+08:00,2026-06,1-10,三、化工产品,顺丁胶（BR9000）,吨,14029.2,-516.0,-3.5,2026-06-14T09:30:00+08:00,2026-09-14T06:30:30.192724+00:00,https://www.stats.gov.cn/sj/zxfb/202606/t20260612_1963938.html,0f53518781e50d944701c38de50978c7eeb86e143a40c533e423422d68727c66
2026-06:1-10:2026-06-14T09:30:00+08:00,2026-06,1-10,三、化工产品,涤纶长丝（POY150D/48F）,吨,8459.4,-40.6,-0.5,2026-06-14T09:30:00+08:00,2026-09-14T06:30:30.192724+00:00,https://www.stats.gov.cn/sj/zxfb/202606/t20260612_1963938.html,0f53518781e50d944701c38de50978c7eeb86e143a40c533e423422d68727c66
2026-06:1-10:2026-06-14T09:30:00+08:00,2026-06,1-10,三、化工产品,磷酸铁锂（普通动力型）,吨,57634.3,-1776.8,-3.0,2026-06-14T09:30:00+08:00,2026-09-14T06:30:30.192724+00:00,https://www.stats.gov.cn/sj/zxfb/202606/t20260612_1963938.html,0f53518781e50d944701c38de50978c7eeb86e143a40c533e423422d68727c66
2026-06:1-10:2026-06-14T09:30:00+08:00,2026-06,1-10,四、石油天然气,液化天然气（LNG）,吨,6202.6,84.1,1.4,2026-06-14T09:30:00+08:00,2026-09-14T06:30:30.192724+00:00,https://www.stats.gov.cn/sj/zxfb/202606/t20260612_1963938.html,0f53518781e50d944701c38de50978c7eeb86e143a40c533e423422d68727c66
2026-06:1-10:2026-06-14T09:30:00+08:00,2026-06,1-10,四、石油天然气,液化石油气（LPG）,吨,6114.2,-106.1,-1.7,2026-06-14T09:30:00+08:00,2026-09-14T06:30:30.192724+00:00,https://www.stats.gov.cn/sj/zxfb/202606/t20260612_1963938.html,0f53518781e50d944701c38de50978c7eeb86e143a40c533e423422d68727c66
2026-06:1-10:2026-06-14T09:30:00+08:00,2026-06,1-10,四、石油天然气,汽油（95#国VI）,吨,8980.0,-89.6,-1.0,2026-06-14T09:30:00+08:00,2026-09-14T06:30:30.192724+00:00,https://www.stats.gov.cn/sj/zxfb/202606/t20260612_1963938.html,0f53518781e50d944701c38de50978c7eeb86e143a40c533e423422d68727c66
2026-06:1-10:2026-06-14T09:30:00+08:00,2026-06,1-10,四、石油天然气,柴油（0#国VI）,吨,7688.0,-119.8,-1.5,2026-06-14T09:30:00+08:00,2026-09-14T06:30:30.192724+00:00,https://www.stats.gov.cn/sj/zxfb/202606/t20260612_1963938.html,0f53518781e50d944701c38de50978c7eeb86e143a40c533e423422d68727c66
2026-06:1-10:2026-06-14T09:30:00+08:00,2026-06,1-10,四、石油天然气,石蜡（58#半）,吨,7385.0,-400.0,-5.1,2026-06-14T09:30:00+08:00,2026-09-14T06:30:30.192724+00:00,https://www.stats.gov.cn/sj/zxfb/202606/t20260612_1963938.html,0f53518781e50d944701c38de50978c7eeb86e143a40c533e423422d68727c66
2026-06:1-10:2026-06-14T09:30:00+08:00,2026-06,1-10,五、煤炭,无烟煤（洗中块）,吨,1079.7,78.3,7.8,2026-06-14T09:30:00+08:00,2026-09-14T06:30:30.192724+00:00,https://www.stats.gov.cn/sj/zxfb/202606/t20260612_1963938.html,0f53518781e50d944701c38de50978c7eeb86e143a40c533e423422d68727c66
2026-06:1-10:2026-06-14T09:30:00+08:00,2026-06,1-10,五、煤炭,山西优混（5500大卡）,吨,861.0,17.4,2.1,2026-06-14T09:30:00+08:00,2026-09-14T06:30:30.192724+00:00,https://www.stats.gov.cn/sj/zxfb/202606/t20260612_1963938.html,0f53518781e50d944701c38de50978c7eeb86e143a40c533e423422d68727c66
2026-06:1-10:2026-06-14T09:30:00+08:00,2026-06,1-10,五、煤炭,焦煤（主焦煤）,吨,1770.6,189.2,12.0,2026-06-14T09:30:00+08:00,2026-09-14T06:30:30.192724+00:00,https://www.stats.gov.cn/sj/zxfb/202606/t20260612_1963938.html,0f53518781e50d944701c38de50978c7eeb86e143a40c533e423422d68727c66
2026-06:1-10:2026-06-14T09:30:00+08:00,2026-06,1-10,五、煤炭,焦炭（准一级冶金焦）,吨,1590.2,65.2,4.3,2026-06-14T09:30:00+08:00,2026-09-14T06:30:30.192724+00:00,https://www.stats.gov.cn/sj/zxfb/202606/t20260612_1963938.html,0f53518781e50d944701c38de50978c7eeb86e143a40c533e423422d68727c66
2026-06:1-10:2026-06-14T09:30:00+08:00,2026-06,1-10,六、非金属矿物制品,普通硅酸盐水泥（P.O 42.5散装）,吨,260.5,3.0,1.2,2026-06-14T09:30:00+08:00,2026-09-14T06:30:30.192724+00:00,https://www.stats.gov.cn/sj/zxfb/202606/t20260612_1963938.html,0f53518781e50d944701c38de50978c7eeb86e143a40c533e423422d68727c66
2026-06:1-10:2026-06-14T09:30:00+08:00,2026-06,1-10,六、非金属矿物制品,浮法平板玻璃（5/6mm）,吨,1125.3,-14.8,-1.3,2026-06-14T09:30:00+08:00,2026-09-14T06:30:30.192724+00:00,https://www.stats.gov.cn/sj/zxfb/202606/t20260612_1963938.html,0f53518781e50d944701c38de50978c7eeb86e143a40c533e423422d68727c66
2026-06:1-10:2026-06-14T09:30:00+08:00,2026-06,1-10,六、非金属矿物制品,多晶硅（致密料）,千克,34.5,-0.1,-0.3,2026-06-14T09:30:00+08:00,2026-09-14T06:30:30.192724+00:00,https://www.stats.gov.cn/sj/zxfb/202606/t20260612_1963938.html,0f53518781e50d944701c38de50978c7eeb86e143a40c533e423422d68727c66
2026-06:1-10:2026-06-14T09:30:00+08:00,2026-06,1-10,七、农产品（主要用于加工）,稻米（粳稻米）,吨,4006.1,-3.0,-0.1,2026-06-14T09:30:00+08:00,2026-09-14T06:30:30.192724+00:00,https://www.stats.gov.cn/sj/zxfb/202606/t20260612_1963938.html,0f53518781e50d944701c38de50978c7eeb86e143a40c533e423422d68727c66
2026-06:1-10:2026-06-14T09:30:00+08:00,2026-06,1-10,七、农产品（主要用于加工）,小麦（国标三等）,吨,2476.8,-55.5,-2.2,2026-06-14T09:30:00+08:00,2026-09-14T06:30:30.192724+00:00,https://www.stats.gov.cn/sj/zxfb/202606/t20260612_1963938.html,0f53518781e50d944701c38de50978c7eeb86e143a40c533e423422d68727c66
2026-06:1-10:2026-06-14T09:30:00+08:00,2026-06,1-10,七、农产品（主要用于加工）,玉米（黄玉米二等）,吨,2294.8,-10.4,-0.5,2026-06-14T09:30:00+08:00,2026-09-14T06:30:30.192724+00:00,https://www.stats.gov.cn/sj/zxfb/202606/t20260612_1963938.html,0f53518781e50d944701c38de50978c7eeb86e143a40c533e423422d68727c66
2026-06:1-10:2026-06-14T09:30:00+08:00,2026-06,1-10,七、农产品（主要用于加工）,棉花（皮棉，白棉三级）,吨,17060.0,-4.6,0.0,2026-06-14T09:30:00+08:00,2026-09-14T06:30:30.192724+00:00,https://www.stats.gov.cn/sj/zxfb/202606/t20260612_1963938.html,0f53518781e50d944701c38de50978c7eeb86e143a40c533e423422d68727c66
2026-06:1-10:2026-06-14T09:30:00+08:00,2026-06,1-10,七、农产品（主要用于加工）,生猪（外三元）,千克,9.5,-0.1,-1.0,2026-06-14T09:30:00+08:00,2026-09-14T06:30:30.192724+00:00,https://www.stats.gov.cn/sj/zxfb/202606/t20260612_1963938.html,0f53518781e50d944701c38de50978c7eeb86e143a40c533e423422d68727c66
2026-06:1-10:2026-06-14T09:30:00+08:00,2026-06,1-10,七、农产品（主要用于加工）,大豆（黄豆）,吨,4411.5,-58.1,-1.3,2026-06-14T09:30:00+08:00,2026-09-14T06:30:30.192724+00:00,https://www.stats.gov.cn/sj/zxfb/202606/t20260612_1963938.html,0f53518781e50d944701c38de50978c7eeb86e143a40c533e423422d68727c66
2026-06:1-10:2026-06-14T09:30:00+08:00,2026-06,1-10,七、农产品（主要用于加工）,豆粕（粗蛋白含量≥43%）,吨,2827.8,-60.3,-2.1,2026-06-14T09:30:00+08:00,2026-09-14T06:30:30.192724+00:00,https://www.stats.gov.cn/sj/zxfb/202606/t20260612_1963938.html,0f53518781e50d944701c38de50978c7eeb86e143a40c533e423422d68727c66
2026-06:1-10:2026-06-14T09:30:00+08:00,2026-06,1-10,七、农产品（主要用于加工）,花生（油料花生米）,吨,7385.4,-42.0,-0.6,2026-06-14T09:30:00+08:00,2026-09-14T06:30:30.192724+00:00,https://www.stats.gov.cn/sj/zxfb/202606/t20260612_1963938.html,0f53518781e50d944701c38de50978c7eeb86e143a40c533e423422d68727c66
2026-06:1-10:2026-06-14T09:30:00+08:00,2026-06,1-10,七、农产品（主要用于加工）,白糖（国标一级白砂糖）,吨,5364.4,-5.6,-0.1,2026-06-14T09:30:00+08:00,2026-09-14T06:30:30.192724+00:00,https://www.stats.gov.cn/sj/zxfb/202606/t20260612_1963938.html,0f53518781e50d944701c38de50978c7eeb86e143a40c533e423422d68727c66
2026-06:1-10:2026-06-14T09:30:00+08:00,2026-06,1-10,八、农业生产资料,尿素（中小颗粒）,吨,1860.2,12.0,0.6,2026-06-14T09:30:00+08:00,2026-09-14T06:30:30.192724+00:00,https://www.stats.gov.cn/sj/zxfb/202606/t20260612_1963938.html,0f53518781e50d944701c38de50978c7eeb86e143a40c533e423422d68727c66
2026-06:1-10:2026-06-14T09:30:00+08:00,2026-06,1-10,八、农业生产资料,磷肥（55%磷酸一铵）,吨,4279.7,96.7,2.3,2026-06-14T09:30:00+08:00,2026-09-14T06:30:30.192724+00:00,https://www.stats.gov.cn/sj/zxfb/202606/t20260612_1963938.html,0f53518781e50d944701c38de50978c7eeb86e143a40c533e423422d68727c66
2026-06:1-10:2026-06-14T09:30:00+08:00,2026-06,1-10,八、农业生产资料,钾肥（港口62%白色氯化钾）,吨,3243.8,-8.3,-0.3,2026-06-14T09:30:00+08:00,2026-09-14T06:30:30.192724+00:00,https://www.stats.gov.cn/sj/zxfb/202606/t20260612_1963938.html,0f53518781e50d944701c38de50978c7eeb86e143a40c533e423422d68727c66
2026-06:1-10:2026-06-14T09:30:00+08:00,2026-06,1-10,八、农业生产资料,复合肥（硫酸钾复合肥，氮磷钾含量45%）,吨,3596.7,-1.6,0.0,2026-06-14T09:30:00+08:00,2026-09-14T06:30:30.192724+00:00,https://www.stats.gov.cn/sj/zxfb/202606/t20260612_1963938.html,0f53518781e50d944701c38de50978c7eeb86e143a40c533e423422d68727c66
2026-06:1-10:2026-06-14T09:30:00+08:00,2026-06,1-10,八、农业生产资料,农药（草甘膦，95%原药）,吨,29375.0,-1053.6,-3.5,2026-06-14T09:30:00+08:00,2026-09-14T06:30:30.192724+00:00,https://www.stats.gov.cn/sj/zxfb/202606/t20260612_1963938.html,0f53518781e50d944701c38de50978c7eeb86e143a40c533e423422d68727c66
2026-06:1-10:2026-06-14T09:30:00+08:00,2026-06,1-10,九、林产品,天然橡胶（标准胶SCRWF）,吨,17734.4,309.4,1.8,2026-06-14T09:30:00+08:00,2026-09-14T06:30:30.192724+00:00,https://www.stats.gov.cn/sj/zxfb/202606/t20260612_1963938.html,0f53518781e50d944701c38de50978c7eeb86e143a40c533e423422d68727c66
2026-06:1-10:2026-06-14T09:30:00+08:00,2026-06,1-10,九、林产品,纸浆（进口针叶浆）,吨,4885.5,-78.3,-1.6,2026-06-14T09:30:00+08:00,2026-09-14T06:30:30.192724+00:00,https://www.stats.gov.cn/sj/zxfb/202606/t20260612_1963938.html,0f53518781e50d944701c38de50978c7eeb86e143a40c533e423422d68727c66
2026-06:1-10:2026-06-14T09:30:00+08:00,2026-06,1-10,九、林产品,瓦楞纸（AA级120g）,吨,2979.7,57.1,2.0,2026-06-14T09:30:00+08:00,2026-09-14T06:30:30.192724+00:00,https://www.stats.gov.cn/sj/zxfb/202606/t20260612_1963938.html,0f53518781e50d944701c38de50978c7eeb86e143a40c533e423422d68727c66
2026-06:11-20:2026-06-24T09:30:00+08:00,2026-06,11-20,一、黑色金属,螺纹钢（Φ20mm，HRB400E）,吨,3229.4,-14.5,-0.4,2026-06-24T09:30:00+08:00,2026-09-14T06:30:30.192724+00:00,https://www.stats.gov.cn/sj/zxfb/202606/t20260623_1963989.html,8cc45ce0e21f55fa857f1a72b55d4508fb58af1778944cc683fb3c266639294f
2026-06:11-20:2026-06-24T09:30:00+08:00,2026-06,11-20,一、黑色金属,线材（Φ8—10mm，HPB300）,吨,3395.3,-9.2,-0.3,2026-06-24T09:30:00+08:00,2026-09-14T06:30:30.192724+00:00,https://www.stats.gov.cn/sj/zxfb/202606/t20260623_1963989.html,8cc45ce0e21f55fa857f1a72b55d4508fb58af1778944cc683fb3c266639294f
2026-06:11-20:2026-06-24T09:30:00+08:00,2026-06,11-20,一、黑色金属,普通中板（20mm，Q235）,吨,3535.5,-11.8,-0.3,2026-06-24T09:30:00+08:00,2026-09-14T06:30:30.192724+00:00,https://www.stats.gov.cn/sj/zxfb/202606/t20260623_1963989.html,8cc45ce0e21f55fa857f1a72b55d4508fb58af1778944cc683fb3c266639294f
2026-06:11-20:2026-06-24T09:30:00+08:00,2026-06,11-20,一、黑色金属,热轧普通板卷（4.75—11.5mm，Q235）,吨,3367.3,-16.8,-0.5,2026-06-24T09:30:00+08:00,2026-09-14T06:30:30.192724+00:00,https://www.stats.gov.cn/sj/zxfb/202606/t20260623_1963989.html,8cc45ce0e21f55fa857f1a72b55d4508fb58af1778944cc683fb3c266639294f
2026-06:11-20:2026-06-24T09:30:00+08:00,2026-06,11-20,一、黑色金属,无缝钢管（219*6，20#）,吨,4056.3,1.3,0.0,2026-06-24T09:30:00+08:00,2026-09-14T06:30:30.192724+00:00,https://www.stats.gov.cn/sj/zxfb/202606/t20260623_1963989.html,8cc45ce0e21f55fa857f1a72b55d4508fb58af1778944cc683fb3c266639294f
2026-06:11-20:2026-06-24T09:30:00+08:00,2026-06,11-20,一、黑色金属,角钢（5#）,吨,3493.0,-30.1,-0.9,2026-06-24T09:30:00+08:00,2026-09-14T06:30:30.192724+00:00,https://www.stats.gov.cn/sj/zxfb/202606/t20260623_1963989.html,8cc45ce0e21f55fa857f1a72b55d4508fb58af1778944cc683fb3c266639294f
2026-06:11-20:2026-06-24T09:30:00+08:00,2026-06,11-20,二、有色金属,电解铜（1#）,吨,104871.7,-212.1,-0.2,2026-06-24T09:30:00+08:00,2026-09-14T06:30:30.192724+00:00,https://www.stats.gov.cn/sj/zxfb/202606/t20260623_1963989.html,8cc45ce0e21f55fa857f1a72b55d4508fb58af1778944cc683fb3c266639294f
2026-06:11-20:2026-06-24T09:30:00+08:00,2026-06,11-20,二、有色金属,铝锭（A00）,吨,23958.3,-174.2,-0.7,2026-06-24T09:30:00+08:00,2026-09-14T06:30:30.192724+00:00,https://www.stats.gov.cn/sj/zxfb/202606/t20260623_1963989.html,8cc45ce0e21f55fa857f1a72b55d4508fb58af1778944cc683fb3c266639294f
2026-06:11-20:2026-06-24T09:30:00+08:00,2026-06,11-20,二、有色金属,铅锭（1#）,吨,16133.3,-129.2,-0.8,2026-06-24T09:30:00+08:00,2026-09-14T06:30:30.192724+00:00,https://www.stats.gov.cn/sj/zxfb/202606/t20260623_1963989.html,8cc45ce0e21f55fa857f1a72b55d4508fb58af1778944cc683fb3c266639294f
2026-06:11-20:2026-06-24T09:30:00+08:00,2026-06,11-20,二、有色金属,锌锭（0#）,吨,24551.7,-204.6,-0.8,2026-06-24T09:30:00+08:00,2026-09-14T06:30:30.192724+00:00,https://www.stats.gov.cn/sj/zxfb/202606/t20260623_1963989.html,8cc45ce0e21f55fa857f1a72b55d4508fb58af1778944cc683fb3c266639294f
2026-06:11-20:2026-06-24T09:30:00+08:00,2026-06,11-20,三、化工产品,硫酸（98%）,吨,2036.5,136.7,7.2,2026-06-24T09:30:00+08:00,2026-09-14T06:30:30.192724+00:00,https://www.stats.gov.cn/sj/zxfb/202606/t20260623_1963989.html,8cc45ce0e21f55fa857f1a72b55d4508fb58af1778944cc683fb3c266639294f
2026-06:11-20:2026-06-24T09:30:00+08:00,2026-06,11-20,三、化工产品,烧碱（液碱，32%）,吨,704.8,31.1,4.6,2026-06-24T09:30:00+08:00,2026-09-14T06:30:30.192724+00:00,https://www.stats.gov.cn/sj/zxfb/202606/t20260623_1963989.html,8cc45ce0e21f55fa857f1a72b55d4508fb58af1778944cc683fb3c266639294f
2026-06:11-20:2026-06-24T09:30:00+08:00,2026-06,11-20,三、化工产品,甲醇（优等品）,吨,2962.2,-33.9,-1.1,2026-06-24T09:30:00+08:00,2026-09-14T06:30:30.192724+00:00,https://www.stats.gov.cn/sj/zxfb/202606/t20260623_1963989.html,8cc45ce0e21f55fa857f1a72b55d4508fb58af1778944cc683fb3c266639294f
2026-06:11-20:2026-06-24T09:30:00+08:00,2026-06,11-20,三、化工产品,纯苯（石油苯，工业级）,吨,7317.1,-345.6,-4.5,2026-06-24T09:30:00+08:00,2026-09-14T06:30:30.192724+00:00,https://www.stats.gov.cn/sj/zxfb/202606/t20260623_1963989.html,8cc45ce0e21f55fa857f1a72b55d4508fb58af1778944cc683fb3c266639294f
2026-06:11-20:2026-06-24T09:30:00+08:00,2026-06,11-20,三、化工产品,乙醇（95.0%）,吨,5481.4,-10.7,-0.2,2026-06-24T09:30:00+08:00,2026-09-14T06:30:30.192724+00:00,https://www.stats.gov.cn/sj/zxfb/202606/t20260623_1963989.html,8cc45ce0e21f55fa857f1a72b55d4508fb58af1778944cc683fb3c266639294f
2026-06:11-20:2026-06-24T09:30:00+08:00,2026-06,11-20,三、化工产品,聚乙烯（LLDPE，熔融指数2薄膜料）,吨,8365.6,-191.1,-2.2,2026-06-24T09:30:00+08:00,2026-09-14T06:30:30.192724+00:00,https://www.stats.gov.cn/sj/zxfb/202606/t20260623_1963989.html,8cc45ce0e21f55fa857f1a72b55d4508fb58af1778944cc683fb3c266639294f
2026-06:11-20:2026-06-24T09:30:00+08:00,2026-06,11-20,三、化工产品,聚丙烯（拉丝料）,吨,9526.9,-225.6,-2.3,2026-06-24T09:30:00+08:00,2026-09-14T06:30:30.192724+00:00,https://www.stats.gov.cn/sj/zxfb/202606/t20260623_1963989.html,8cc45ce0e21f55fa857f1a72b55d4508fb58af1778944cc683fb3c266639294f
2026-06:11-20:2026-06-24T09:30:00+08:00,2026-06,11-20,三、化工产品,冰醋酸（99.5%及以上）,吨,2881.1,88.0,3.2,2026-06-24T09:30:00+08:00,2026-09-14T06:30:30.192724+00:00,https://www.stats.gov.cn/sj/zxfb/202606/t20260623_1963989.html,8cc45ce0e21f55fa857f1a72b55d4508fb58af1778944cc683fb3c266639294f
2026-06:11-20:2026-06-24T09:30:00+08:00,2026-06,11-20,三、化工产品,顺丁胶（BR9000）,吨,13127.8,-901.4,-6.4,2026-06-24T09:30:00+08:00,2026-09-14T06:30:30.192724+00:00,https://www.stats.gov.cn/sj/zxfb/202606/t20260623_1963989.html,8cc45ce0e21f55fa857f1a72b55d4508fb58af1778944cc683fb3c266639294f
2026-06:11-20:2026-06-24T09:30:00+08:00,2026-06,11-20,三、化工产品,涤纶长丝（POY150D/48F）,吨,8437.5,-21.9,-0.3,2026-06-24T09:30:00+08:00,2026-09-14T06:30:30.192724+00:00,https://www.stats.gov.cn/sj/zxfb/202606/t20260623_1963989.html,8cc45ce0e21f55fa857f1a72b55d4508fb58af1778944cc683fb3c266639294f
2026-06:11-20:2026-06-24T09:30:00+08:00,2026-06,11-20,三、化工产品,磷酸铁锂（普通动力型）,吨,58434.2,799.9,1.4,2026-06-24T09:30:00+08:00,2026-09-14T06:30:30.192724+00:00,https://www.stats.gov.cn/sj/zxfb/202606/t20260623_1963989.html,8cc45ce0e21f55fa857f1a72b55d4508fb58af1778944cc683fb3c266639294f
2026-06:11-20:2026-06-24T09:30:00+08:00,2026-06,11-20,四、石油天然气,液化天然气（LNG）,吨,6347.6,145.0,2.3,2026-06-24T09:30:00+08:00,2026-09-14T06:30:30.192724+00:00,https://www.stats.gov.cn/sj/zxfb/202606/t20260623_1963989.html,8cc45ce0e21f55fa857f1a72b55d4508fb58af1778944cc683fb3c266639294f
2026-06:11-20:2026-06-24T09:30:00+08:00,2026-06,11-20,四、石油天然气,液化石油气（LPG）,吨,5897.4,-216.8,-3.5,2026-06-24T09:30:00+08:00,2026-09-14T06:30:30.192724+00:00,https://www.stats.gov.cn/sj/zxfb/202606/t20260623_1963989.html,8cc45ce0e21f55fa857f1a72b55d4508fb58af1778944cc683fb3c266639294f
2026-06:11-20:2026-06-24T09:30:00+08:00,2026-06,11-20,四、石油天然气,汽油（95#国VI）,吨,8925.1,-54.9,-0.6,2026-06-24T09:30:00+08:00,2026-09-14T06:30:30.192724+00:00,https://www.stats.gov.cn/sj/zxfb/202606/t20260623_1963989.html,8cc45ce0e21f55fa857f1a72b55d4508fb58af1778944cc683fb3c266639294f
2026-06:11-20:2026-06-24T09:30:00+08:00,2026-06,11-20,四、石油天然气,柴油（0#国VI）,吨,7604.0,-84.0,-1.1,2026-06-24T09:30:00+08:00,2026-09-14T06:30:30.192724+00:00,https://www.stats.gov.cn/sj/zxfb/202606/t20260623_1963989.html,8cc45ce0e21f55fa857f1a72b55d4508fb58af1778944cc683fb3c266639294f
2026-06:11-20:2026-06-24T09:30:00+08:00,2026-06,11-20,四、石油天然气,石蜡（58#半）,吨,7385.0,0.0,0.0,2026-06-24T09:30:00+08:00,2026-09-14T06:30:30.192724+00:00,https://www.stats.gov.cn/sj/zxfb/202606/t20260623_1963989.html,8cc45ce0e21f55fa857f1a72b55d4508fb58af1778944cc683fb3c266639294f
2026-06:11-20:2026-06-24T09:30:00+08:00,2026-06,11-20,五、煤炭,无烟煤（洗中块）,吨,1195.8,116.1,10.8,2026-06-24T09:30:00+08:00,2026-09-14T06:30:30.192724+00:00,https://www.stats.gov.cn/sj/zxfb/202606/t20260623_1963989.html,8cc45ce0e21f55fa857f1a72b55d4508fb58af1778944cc683fb3c266639294f
2026-06:11-20:2026-06-24T09:30:00+08:00,2026-06,11-20,五、煤炭,山西优混（5500大卡）,吨,862.0,1.0,0.1,2026-06-24T09:30:00+08:00,2026-09-14T06:30:30.192724+00:00,https://www.stats.gov.cn/sj/zxfb/202606/t20260623_1963989.html,8cc45ce0e21f55fa857f1a72b55d4508fb58af1778944cc683fb3c266639294f
2026-06:11-20:2026-06-24T09:30:00+08:00,2026-06,11-20,五、煤炭,焦煤（主焦煤）,吨,1912.5,141.9,8.0,2026-06-24T09:30:00+08:00,2026-09-14T06:30:30.192724+00:00,https://www.stats.gov.cn/sj/zxfb/202606/t20260623_1963989.html,8cc45ce0e21f55fa857f1a72b55d4508fb58af1778944cc683fb3c266639294f
2026-06:11-20:2026-06-24T09:30:00+08:00,2026-06,11-20,五、煤炭,焦炭（准一级冶金焦）,吨,1679.7,89.5,5.6,2026-06-24T09:30:00+08:00,2026-09-14T06:30:30.192724+00:00,https://www.stats.gov.cn/sj/zxfb/202606/t20260623_1963989.html,8cc45ce0e21f55fa857f1a72b55d4508fb58af1778944cc683fb3c266639294f
2026-06:11-20:2026-06-24T09:30:00+08:00,2026-06,11-20,六、非金属矿物制品,普通硅酸盐水泥（P.O 42.5散装）,吨,260.2,-0.3,-0.1,2026-06-24T09:30:00+08:00,2026-09-14T06:30:30.192724+00:00,https://www.stats.gov.cn/sj/zxfb/202606/t20260623_1963989.html,8cc45ce0e21f55fa857f1a72b55d4508fb58af1778944cc683fb3c266639294f
2026-06:11-20:2026-06-24T09:30:00+08:00,2026-06,11-20,六、非金属矿物制品,浮法平板玻璃（5/6mm）,吨,1115.2,-10.1,-0.9,2026-06-24T09:30:00+08:00,2026-09-14T06:30:30.192724+00:00,https://www.stats.gov.cn/sj/zxfb/202606/t20260623_1963989.html,8cc45ce0e21f55fa857f1a72b55d4508fb58af1778944cc683fb3c266639294f
2026-06:11-20:2026-06-24T09:30:00+08:00,2026-06,11-20,六、非金属矿物制品,多晶硅（致密料）,千克,33.8,-0.7,-2.0,2026-06-24T09:30:00+08:00,2026-09-14T06:30:30.192724+00:00,https://www.stats.gov.cn/sj/zxfb/202606/t20260623_1963989.html,8cc45ce0e21f55fa857f1a72b55d4508fb58af1778944cc683fb3c266639294f
2026-06:11-20:2026-06-24T09:30:00+08:00,2026-06,11-20,七、农产品（主要用于加工）,稻米（粳稻米）,吨,3998.0,-8.1,-0.2,2026-06-24T09:30:00+08:00,2026-09-14T06:30:30.192724+00:00,https://www.stats.gov.cn/sj/zxfb/202606/t20260623_1963989.html,8cc45ce0e21f55fa857f1a72b55d4508fb58af1778944cc683fb3c266639294f
2026-06:11-20:2026-06-24T09:30:00+08:00,2026-06,11-20,七、农产品（主要用于加工）,小麦（国标三等）,吨,2447.7,-29.1,-1.2,2026-06-24T09:30:00+08:00,2026-09-14T06:30:30.192724+00:00,https://www.stats.gov.cn/sj/zxfb/202606/t20260623_1963989.html,8cc45ce0e21f55fa857f1a72b55d4508fb58af1778944cc683fb3c266639294f
2026-06:11-20:2026-06-24T09:30:00+08:00,2026-06,11-20,七、农产品（主要用于加工）,玉米（黄玉米二等）,吨,2297.5,2.7,0.1,2026-06-24T09:30:00+08:00,2026-09-14T06:30:30.192724+00:00,https://www.stats.gov.cn/sj/zxfb/202606/t20260623_1963989.html,8cc45ce0e21f55fa857f1a72b55d4508fb58af1778944cc683fb3c266639294f
2026-06:11-20:2026-06-24T09:30:00+08:00,2026-06,11-20,七、农产品（主要用于加工）,棉花（皮棉，白棉三级）,吨,16699.8,-360.2,-2.1,2026-06-24T09:30:00+08:00,2026-09-14T06:30:30.192724+00:00,https://www.stats.gov.cn/sj/zxfb/202606/t20260623_1963989.html,8cc45ce0e21f55fa857f1a72b55d4508fb58af1778944cc683fb3c266639294f
2026-06:11-20:2026-06-24T09:30:00+08:00,2026-06,11-20,七、农产品（主要用于加工）,生猪（外三元）,千克,9.5,0.0,0.0,2026-06-24T09:30:00+08:00,2026-09-14T06:30:30.192724+00:00,https://www.stats.gov.cn/sj/zxfb/202606/t20260623_1963989.html,8cc45ce0e21f55fa857f1a72b55d4508fb58af1778944cc683fb3c266639294f
2026-06:11-20:2026-06-24T09:30:00+08:00,2026-06,11-20,七、农产品（主要用于加工）,大豆（黄豆）,吨,4390.8,-20.7,-0.5,2026-06-24T09:30:00+08:00,2026-09-14T06:30:30.192724+00:00,https://www.stats.gov.cn/sj/zxfb/202606/t20260623_1963989.html,8cc45ce0e21f55fa857f1a72b55d4508fb58af1778944cc683fb3c266639294f
2026-06:11-20:2026-06-24T09:30:00+08:00,2026-06,11-20,七、农产品（主要用于加工）,豆粕（粗蛋白含量≥43%）,吨,2829.6,1.8,0.1,2026-06-24T09:30:00+08:00,2026-09-14T06:30:30.192724+00:00,https://www.stats.gov.cn/sj/zxfb/202606/t20260623_1963989.html,8cc45ce0e21f55fa857f1a72b55d4508fb58af1778944cc683fb3c266639294f
2026-06:11-20:2026-06-24T09:30:00+08:00,2026-06,11-20,七、农产品（主要用于加工）,花生（油料花生米）,吨,7366.7,-18.7,-0.3,2026-06-24T09:30:00+08:00,2026-09-14T06:30:30.192724+00:00,https://www.stats.gov.cn/sj/zxfb/202606/t20260623_1963989.html,8cc45ce0e21f55fa857f1a72b55d4508fb58af1778944cc683fb3c266639294f
2026-06:11-20:2026-06-24T09:30:00+08:00,2026-06,11-20,七、农产品（主要用于加工）,白糖（国标一级白砂糖）,吨,5313.3,-51.1,-1.0,2026-06-24T09:30:00+08:00,2026-09-14T06:30:30.192724+00:00,https://www.stats.gov.cn/sj/zxfb/202606/t20260623_1963989.html,8cc45ce0e21f55fa857f1a72b55d4508fb58af1778944cc683fb3c266639294f
2026-06:11-20:2026-06-24T09:30:00+08:00,2026-06,11-20,八、农业生产资料,尿素（中小颗粒）,吨,1849.2,-11.0,-0.6,2026-06-24T09:30:00+08:00,2026-09-14T06:30:30.192724+00:00,https://www.stats.gov.cn/sj/zxfb/202606/t20260623_1963989.html,8cc45ce0e21f55fa857f1a72b55d4508fb58af1778944cc683fb3c266639294f
2026-06:11-20:2026-06-24T09:30:00+08:00,2026-06,11-20,八、农业生产资料,磷肥（55%磷酸一铵）,吨,4386.0,106.3,2.5,2026-06-24T09:30:00+08:00,2026-09-14T06:30:30.192724+00:00,https://www.stats.gov.cn/sj/zxfb/202606/t20260623_1963989.html,8cc45ce0e21f55fa857f1a72b55d4508fb58af1778944cc683fb3c266639294f
2026-06:11-20:2026-06-24T09:30:00+08:00,2026-06,11-20,八、农业生产资料,钾肥（港口62%白色氯化钾）,吨,3231.3,-12.5,-0.4,2026-06-24T09:30:00+08:00,2026-09-14T06:30:30.192724+00:00,https://www.stats.gov.cn/sj/zxfb/202606/t20260623_1963989.html,8cc45ce0e21f55fa857f1a72b55d4508fb58af1778944cc683fb3c266639294f
2026-06:11-20:2026-06-24T09:30:00+08:00,2026-06,11-20,八、农业生产资料,复合肥（硫酸钾复合肥，氮磷钾含量45%）,吨,3600.6,3.9,0.1,2026-06-24T09:30:00+08:00,2026-09-14T06:30:30.192724+00:00,https://www.stats.gov.cn/sj/zxfb/202606/t20260623_1963989.html,8cc45ce0e21f55fa857f1a72b55d4508fb58af1778944cc683fb3c266639294f
2026-06:11-20:2026-06-24T09:30:00+08:00,2026-06,11-20,八、农业生产资料,农药（草甘膦，95%原药）,吨,28416.7,-958.3,-3.3,2026-06-24T09:30:00+08:00,2026-09-14T06:30:30.192724+00:00,https://www.stats.gov.cn/sj/zxfb/202606/t20260623_1963989.html,8cc45ce0e21f55fa857f1a72b55d4508fb58af1778944cc683fb3c266639294f
2026-06:11-20:2026-06-24T09:30:00+08:00,2026-06,11-20,九、林产品,天然橡胶（标准胶SCRWF）,吨,17675.0,-59.4,-0.3,2026-06-24T09:30:00+08:00,2026-09-14T06:30:30.192724+00:00,https://www.stats.gov.cn/sj/zxfb/202606/t20260623_1963989.html,8cc45ce0e21f55fa857f1a72b55d4508fb58af1778944cc683fb3c266639294f
2026-06:11-20:2026-06-24T09:30:00+08:00,2026-06,11-20,九、林产品,纸浆（进口针叶浆）,吨,4912.9,27.4,0.6,2026-06-24T09:30:00+08:00,2026-09-14T06:30:30.192724+00:00,https://www.stats.gov.cn/sj/zxfb/202606/t20260623_1963989.html,8cc45ce0e21f55fa857f1a72b55d4508fb58af1778944cc683fb3c266639294f
2026-06:11-20:2026-06-24T09:30:00+08:00,2026-06,11-20,九、林产品,瓦楞纸（AA级120g）,吨,3047.4,67.7,2.3,2026-06-24T09:30:00+08:00,2026-09-14T06:30:30.192724+00:00,https://www.stats.gov.cn/sj/zxfb/202606/t20260623_1963989.html,8cc45ce0e21f55fa857f1a72b55d4508fb58af1778944cc683fb3c266639294f
2026-06:21-end:2026-07-04T09:30:00+08:00,2026-06,21-end,一、黑色金属,螺纹钢（Φ20mm，HRB400E）,吨,3172.1,-57.3,-1.8,2026-07-04T09:30:00+08:00,2026-09-14T06:30:30.192724+00:00,https://www.stats.gov.cn/sj/zxfb/202607/t20260703_1964057.html,5325c4b7a88f8bad8c93e2e522b477b8729506cad5ec472108d5d575951623ab
2026-06:21-end:2026-07-04T09:30:00+08:00,2026-06,21-end,一、黑色金属,线材（Φ8—10mm，HPB300）,吨,3335.3,-60.0,-1.8,2026-07-04T09:30:00+08:00,2026-09-14T06:30:30.192724+00:00,https://www.stats.gov.cn/sj/zxfb/202607/t20260703_1964057.html,5325c4b7a88f8bad8c93e2e522b477b8729506cad5ec472108d5d575951623ab
2026-06:21-end:2026-07-04T09:30:00+08:00,2026-06,21-end,一、黑色金属,普通中板（20mm，Q235）,吨,3502.5,-33.0,-0.9,2026-07-04T09:30:00+08:00,2026-09-14T06:30:30.192724+00:00,https://www.stats.gov.cn/sj/zxfb/202607/t20260703_1964057.html,5325c4b7a88f8bad8c93e2e522b477b8729506cad5ec472108d5d575951623ab
2026-06:21-end:2026-07-04T09:30:00+08:00,2026-06,21-end,一、黑色金属,热轧普通板卷（4.75—11.5mm，Q235）,吨,3325.2,-42.1,-1.3,2026-07-04T09:30:00+08:00,2026-09-14T06:30:30.192724+00:00,https://www.stats.gov.cn/sj/zxfb/202607/t20260703_1964057.html,5325c4b7a88f8bad8c93e2e522b477b8729506cad5ec472108d5d575951623ab
2026-06:21-end:2026-07-04T09:30:00+08:00,2026-06,21-end,一、黑色金属,无缝钢管（219*6，20#）,吨,4050.2,-6.1,-0.2,2026-07-04T09:30:00+08:00,2026-09-14T06:30:30.192724+00:00,https://www.stats.gov.cn/sj/zxfb/202607/t20260703_1964057.html,5325c4b7a88f8bad8c93e2e522b477b8729506cad5ec472108d5d575951623ab
2026-06:21-end:2026-07-04T09:30:00+08:00,2026-06,21-end,一、黑色金属,角钢（5#）,吨,3460.3,-32.7,-0.9,2026-07-04T09:30:00+08:00,2026-09-14T06:30:30.192724+00:00,https://www.stats.gov.cn/sj/zxfb/202607/t20260703_1964057.html,5325c4b7a88f8bad8c93e2e522b477b8729506cad5ec472108d5d575951623ab
2026-06:21-end:2026-07-04T09:30:00+08:00,2026-06,21-end,二、有色金属,电解铜（1#）,吨,102762.9,-2108.8,-2.0,2026-07-04T09:30:00+08:00,2026-09-14T06:30:30.192724+00:00,https://www.stats.gov.cn/sj/zxfb/202607/t20260703_1964057.html,5325c4b7a88f8bad8c93e2e522b477b8729506cad5ec472108d5d575951623ab
2026-06:21-end:2026-07-04T09:30:00+08:00,2026-06,21-end,二、有色金属,铝锭（A00）,吨,23187.1,-771.2,-3.2,2026-07-04T09:30:00+08:00,2026-09-14T06:30:30.192724+00:00,https://www.stats.gov.cn/sj/zxfb/202607/t20260703_1964057.html,5325c4b7a88f8bad8c93e2e522b477b8729506cad5ec472108d5d575951623ab
2026-06:21-end:2026-07-04T09:30:00+08:00,2026-06,21-end,二、有色金属,铅锭（1#）,吨,16060.7,-72.6,-0.5,2026-07-04T09:30:00+08:00,2026-09-14T06:30:30.192724+00:00,https://www.stats.gov.cn/sj/zxfb/202607/t20260703_1964057.html,5325c4b7a88f8bad8c93e2e522b477b8729506cad5ec472108d5d575951623ab
2026-06:21-end:2026-07-04T09:30:00+08:00,2026-06,21-end,二、有色金属,锌锭（0#）,吨,24182.9,-368.8,-1.5,2026-07-04T09:30:00+08:00,2026-09-14T06:30:30.192724+00:00,https://www.stats.gov.cn/sj/zxfb/202607/t20260703_1964057.html,5325c4b7a88f8bad8c93e2e522b477b8729506cad5ec472108d5d575951623ab
2026-06:21-end:2026-07-04T09:30:00+08:00,2026-06,21-end,三、化工产品,硫酸（98%）,吨,2075.0,38.5,1.9,2026-07-04T09:30:00+08:00,2026-09-14T06:30:30.192724+00:00,https://www.stats.gov.cn/sj/zxfb/202607/t20260703_1964057.html,5325c4b7a88f8bad8c93e2e522b477b8729506cad5ec472108d5d575951623ab
2026-06:21-end:2026-07-04T09:30:00+08:00,2026-06,21-end,三、化工产品,烧碱（液碱，32%）,吨,712.5,7.7,1.1,2026-07-04T09:30:00+08:00,2026-09-14T06:30:30.192724+00:00,https://www.stats.gov.cn/sj/zxfb/202607/t20260703_1964057.html,5325c4b7a88f8bad8c93e2e522b477b8729506cad5ec472108d5d575951623ab
2026-06:21-end:2026-07-04T09:30:00+08:00,2026-06,21-end,三、化工产品,甲醇（优等品）,吨,2637.9,-324.3,-10.9,2026-07-04T09:30:00+08:00,2026-09-14T06:30:30.192724+00:00,https://www.stats.gov.cn/sj/zxfb/202607/t20260703_1964057.html,5325c4b7a88f8bad8c93e2e522b477b8729506cad5ec472108d5d575951623ab
2026-06:21-end:2026-07-04T09:30:00+08:00,2026-06,21-end,三、化工产品,纯苯（石油苯，工业级）,吨,6867.7,-449.4,-6.1,2026-07-04T09:30:00+08:00,2026-09-14T06:30:30.192724+00:00,https://www.stats.gov.cn/sj/zxfb/202607/t20260703_1964057.html,5325c4b7a88f8bad8c93e2e522b477b8729506cad5ec472108d5d575951623ab
2026-06:21-end:2026-07-04T09:30:00+08:00,2026-06,21-end,三、化工产品,乙醇（95.0%）,吨,5490.7,9.3,0.2,2026-07-04T09:30:00+08:00,2026-09-14T06:30:30.192724+00:00,https://www.stats.gov.cn/sj/zxfb/202607/t20260703_1964057.html,5325c4b7a88f8bad8c93e2e522b477b8729506cad5ec472108d5d575951623ab
2026-06:21-end:2026-07-04T09:30:00+08:00,2026-06,21-end,三、化工产品,聚乙烯（LLDPE，熔融指数2薄膜料）,吨,7599.8,-765.8,-9.2,2026-07-04T09:30:00+08:00,2026-09-14T06:30:30.192724+00:00,https://www.stats.gov.cn/sj/zxfb/202607/t20260703_1964057.html,5325c4b7a88f8bad8c93e2e522b477b8729506cad5ec472108d5d575951623ab
2026-06:21-end:2026-07-04T09:30:00+08:00,2026-06,21-end,三、化工产品,聚丙烯（拉丝料）,吨,8186.9,-1340.0,-14.1,2026-07-04T09:30:00+08:00,2026-09-14T06:30:30.192724+00:00,https://www.stats.gov.cn/sj/zxfb/202607/t20260703_1964057.html,5325c4b7a88f8bad8c93e2e522b477b8729506cad5ec472108d5d575951623ab
2026-06:21-end:2026-07-04T09:30:00+08:00,2026-06,21-end,三、化工产品,冰醋酸（99.5%及以上）,吨,2953.6,72.5,2.5,2026-07-04T09:30:00+08:00,2026-09-14T06:30:30.192724+00:00,https://www.stats.gov.cn/sj/zxfb/202607/t20260703_1964057.html,5325c4b7a88f8bad8c93e2e522b477b8729506cad5ec472108d5d575951623ab
2026-06:21-end:2026-07-04T09:30:00+08:00,2026-06,21-end,三、化工产品,顺丁胶（BR9000）,吨,12038.1,-1089.7,-8.3,2026-07-04T09:30:00+08:00,2026-09-14T06:30:30.192724+00:00,https://www.stats.gov.cn/sj/zxfb/202607/t20260703_1964057.html,5325c4b7a88f8bad8c93e2e522b477b8729506cad5ec472108d5d575951623ab
2026-06:21-end:2026-07-04T09:30:00+08:00,2026-06,21-end,三、化工产品,涤纶长丝（POY150D/48F）,吨,8167.9,-269.6,-3.2,2026-07-04T09:30:00+08:00,2026-09-14T06:30:30.192724+00:00,https://www.stats.gov.cn/sj/zxfb/202607/t20260703_1964057.html,5325c4b7a88f8bad8c93e2e522b477b8729506cad5ec472108d5d575951623ab
2026-06:21-end:2026-07-04T09:30:00+08:00,2026-06,21-end,三、化工产品,磷酸铁锂（普通动力型）,吨,54350.4,-4083.8,-7.0,2026-07-04T09:30:00+08:00,2026-09-14T06:30:30.192724+00:00,https://www.stats.gov.cn/sj/zxfb/202607/t20260703_1964057.html,5325c4b7a88f8bad8c93e2e522b477b8729506cad5ec472108d5d575951623ab
2026-06:21-end:2026-07-04T09:30:00+08:00,2026-06,21-end,四、石油天然气,液化天然气（LNG）,吨,6091.3,-256.3,-4.0,2026-07-04T09:30:00+08:00,2026-09-14T06:30:30.192724+00:00,https://www.stats.gov.cn/sj/zxfb/202607/t20260703_1964057.html,5325c4b7a88f8bad8c93e2e522b477b8729506cad5ec472108d5d575951623ab
2026-06:21-end:2026-07-04T09:30:00+08:00,2026-06,21-end,四、石油天然气,液化石油气（LPG）,吨,5235.6,-661.8,-11.2,2026-07-04T09:30:00+08:00,2026-09-14T06:30:30.192724+00:00,https://www.stats.gov.cn/sj/zxfb/202607/t20260703_1964057.html,5325c4b7a88f8bad8c93e2e522b477b8729506cad5ec472108d5d575951623ab
2026-06:21-end:2026-07-04T09:30:00+08:00,2026-06,21-end,四、石油天然气,汽油（95#国VI）,吨,8737.8,-187.3,-2.1,2026-07-04T09:30:00+08:00,2026-09-14T06:30:30.192724+00:00,https://www.stats.gov.cn/sj/zxfb/202607/t20260703_1964057.html,5325c4b7a88f8bad8c93e2e522b477b8729506cad5ec472108d5d575951623ab
2026-06:21-end:2026-07-04T09:30:00+08:00,2026-06,21-end,四、石油天然气,柴油（0#国VI）,吨,7387.0,-217.0,-2.9,2026-07-04T09:30:00+08:00,2026-09-14T06:30:30.192724+00:00,https://www.stats.gov.cn/sj/zxfb/202607/t20260703_1964057.html,5325c4b7a88f8bad8c93e2e522b477b8729506cad5ec472108d5d575951623ab
2026-06:21-end:2026-07-04T09:30:00+08:00,2026-06,21-end,四、石油天然气,石蜡（58#半）,吨,7106.4,-278.6,-3.8,2026-07-04T09:30:00+08:00,2026-09-14T06:30:30.192724+00:00,https://www.stats.gov.cn/sj/zxfb/202607/t20260703_1964057.html,5325c4b7a88f8bad8c93e2e522b477b8729506cad5ec472108d5d575951623ab
2026-06:21-end:2026-07-04T09:30:00+08:00,2026-06,21-end,五、煤炭,无烟煤（洗中块）,吨,1200.3,4.5,0.4,2026-07-04T09:30:00+08:00,2026-09-14T06:30:30.192724+00:00,https://www.stats.gov.cn/sj/zxfb/202607/t20260703_1964057.html,5325c4b7a88f8bad8c93e2e522b477b8729506cad5ec472108d5d575951623ab
2026-06:21-end:2026-07-04T09:30:00+08:00,2026-06,21-end,五、煤炭,山西优混（5500大卡）,吨,854.6,-7.4,-0.9,2026-07-04T09:30:00+08:00,2026-09-14T06:30:30.192724+00:00,https://www.stats.gov.cn/sj/zxfb/202607/t20260703_1964057.html,5325c4b7a88f8bad8c93e2e522b477b8729506cad5ec472108d5d575951623ab
2026-06:21-end:2026-07-04T09:30:00+08:00,2026-06,21-end,五、煤炭,焦煤（主焦煤）,吨,1925.0,12.5,0.7,2026-07-04T09:30:00+08:00,2026-09-14T06:30:30.192724+00:00,https://www.stats.gov.cn/sj/zxfb/202607/t20260703_1964057.html,5325c4b7a88f8bad8c93e2e522b477b8729506cad5ec472108d5d575951623ab
2026-06:21-end:2026-07-04T09:30:00+08:00,2026-06,21-end,五、煤炭,焦炭（准一级冶金焦）,吨,1746.4,66.7,4.0,2026-07-04T09:30:00+08:00,2026-09-14T06:30:30.192724+00:00,https://www.stats.gov.cn/sj/zxfb/202607/t20260703_1964057.html,5325c4b7a88f8bad8c93e2e522b477b8729506cad5ec472108d5d575951623ab
2026-06:21-end:2026-07-04T09:30:00+08:00,2026-06,21-end,六、非金属矿物制品,普通硅酸盐水泥（P.O 42.5散装）,吨,259.1,-1.1,-0.4,2026-07-04T09:30:00+08:00,2026-09-14T06:30:30.192724+00:00,https://www.stats.gov.cn/sj/zxfb/202607/t20260703_1964057.html,5325c4b7a88f8bad8c93e2e522b477b8729506cad5ec472108d5d575951623ab
2026-06:21-end:2026-07-04T09:30:00+08:00,2026-06,21-end,六、非金属矿物制品,浮法平板玻璃（5/6mm）,吨,1113.5,-1.7,-0.2,2026-07-04T09:30:00+08:00,2026-09-14T06:30:30.192724+00:00,https://www.stats.gov.cn/sj/zxfb/202607/t20260703_1964057.html,5325c4b7a88f8bad8c93e2e522b477b8729506cad5ec472108d5d575951623ab
2026-06:21-end:2026-07-04T09:30:00+08:00,2026-06,21-end,六、非金属矿物制品,多晶硅（致密料）,千克,33.0,-0.8,-2.4,2026-07-04T09:30:00+08:00,2026-09-14T06:30:30.192724+00:00,https://www.stats.gov.cn/sj/zxfb/202607/t20260703_1964057.html,5325c4b7a88f8bad8c93e2e522b477b8729506cad5ec472108d5d575951623ab
2026-06:21-end:2026-07-04T09:30:00+08:00,2026-06,21-end,七、农产品（主要用于加工）,稻米（粳稻米）,吨,3996.9,-1.1,0.0,2026-07-04T09:30:00+08:00,2026-09-14T06:30:30.192724+00:00,https://www.stats.gov.cn/sj/zxfb/202607/t20260703_1964057.html,5325c4b7a88f8bad8c93e2e522b477b8729506cad5ec472108d5d575951623ab
2026-06:21-end:2026-07-04T09:30:00+08:00,2026-06,21-end,七、农产品（主要用于加工）,小麦（国标三等）,吨,2443.6,-4.1,-0.2,2026-07-04T09:30:00+08:00,2026-09-14T06:30:30.192724+00:00,https://www.stats.gov.cn/sj/zxfb/202607/t20260703_1964057.html,5325c4b7a88f8bad8c93e2e522b477b8729506cad5ec472108d5d575951623ab
2026-06:21-end:2026-07-04T09:30:00+08:00,2026-06,21-end,七、农产品（主要用于加工）,玉米（黄玉米二等）,吨,2297.7,0.2,0.0,2026-07-04T09:30:00+08:00,2026-09-14T06:30:30.192724+00:00,https://www.stats.gov.cn/sj/zxfb/202607/t20260703_1964057.html,5325c4b7a88f8bad8c93e2e522b477b8729506cad5ec472108d5d575951623ab
2026-06:21-end:2026-07-04T09:30:00+08:00,2026-06,21-end,七、农产品（主要用于加工）,棉花（皮棉，白棉三级）,吨,16732.3,32.5,0.2,2026-07-04T09:30:00+08:00,2026-09-14T06:30:30.192724+00:00,https://www.stats.gov.cn/sj/zxfb/202607/t20260703_1964057.html,5325c4b7a88f8bad8c93e2e522b477b8729506cad5ec472108d5d575951623ab
2026-06:21-end:2026-07-04T09:30:00+08:00,2026-06,21-end,七、农产品（主要用于加工）,生猪（外三元）,千克,9.6,0.1,1.1,2026-07-04T09:30:00+08:00,2026-09-14T06:30:30.192724+00:00,https://www.stats.gov.cn/sj/zxfb/202607/t20260703_1964057.html,5325c4b7a88f8bad8c93e2e522b477b8729506cad5ec472108d5d575951623ab
2026-06:21-end:2026-07-04T09:30:00+08:00,2026-06,21-end,七、农产品（主要用于加工）,大豆（黄豆）,吨,4388.2,-2.6,-0.1,2026-07-04T09:30:00+08:00,2026-09-14T06:30:30.192724+00:00,https://www.stats.gov.cn/sj/zxfb/202607/t20260703_1964057.html,5325c4b7a88f8bad8c93e2e522b477b8729506cad5ec472108d5d575951623ab
2026-06:21-end:2026-07-04T09:30:00+08:00,2026-06,21-end,七、农产品（主要用于加工）,豆粕（粗蛋白含量≥43%）,吨,2839.8,10.2,0.4,2026-07-04T09:30:00+08:00,2026-09-14T06:30:30.192724+00:00,https://www.stats.gov.cn/sj/zxfb/202607/t20260703_1964057.html,5325c4b7a88f8bad8c93e2e522b477b8729506cad5ec472108d5d575951623ab
2026-06:21-end:2026-07-04T09:30:00+08:00,2026-06,21-end,七、农产品（主要用于加工）,花生（油料花生米）,吨,7365.5,-1.2,0.0,2026-07-04T09:30:00+08:00,2026-09-14T06:30:30.192724+00:00,https://www.stats.gov.cn/sj/zxfb/202607/t20260703_1964057.html,5325c4b7a88f8bad8c93e2e522b477b8729506cad5ec472108d5d575951623ab
2026-06:21-end:2026-07-04T09:30:00+08:00,2026-06,21-end,七、农产品（主要用于加工）,白糖（国标一级白砂糖）,吨,5285.7,-27.6,-0.5,2026-07-04T09:30:00+08:00,2026-09-14T06:30:30.192724+00:00,https://www.stats.gov.cn/sj/zxfb/202607/t20260703_1964057.html,5325c4b7a88f8bad8c93e2e522b477b8729506cad5ec472108d5d575951623ab
2026-06:21-end:2026-07-04T09:30:00+08:00,2026-06,21-end,八、农业生产资料,尿素（中小颗粒）,吨,1844.6,-4.6,-0.2,2026-07-04T09:30:00+08:00,2026-09-14T06:30:30.192724+00:00,https://www.stats.gov.cn/sj/zxfb/202607/t20260703_1964057.html,5325c4b7a88f8bad8c93e2e522b477b8729506cad5ec472108d5d575951623ab
2026-06:21-end:2026-07-04T09:30:00+08:00,2026-06,21-end,八、农业生产资料,磷肥（55%磷酸一铵）,吨,4484.8,98.8,2.3,2026-07-04T09:30:00+08:00,2026-09-14T06:30:30.192724+00:00,https://www.stats.gov.cn/sj/zxfb/202607/t20260703_1964057.html,5325c4b7a88f8bad8c93e2e522b477b8729506cad5ec472108d5d575951623ab
2026-06:21-end:2026-07-04T09:30:00+08:00,2026-06,21-end,八、农业生产资料,钾肥（港口62%白色氯化钾）,吨,3222.7,-8.6,-0.3,2026-07-04T09:30:00+08:00,2026-09-14T06:30:30.192724+00:00,https://www.stats.gov.cn/sj/zxfb/202607/t20260703_1964057.html,5325c4b7a88f8bad8c93e2e522b477b8729506cad5ec472108d5d575951623ab
2026-06:21-end:2026-07-04T09:30:00+08:00,2026-06,21-end,八、农业生产资料,复合肥（硫酸钾复合肥，氮磷钾含量45%）,吨,3607.6,7.0,0.2,2026-07-04T09:30:00+08:00,2026-09-14T06:30:30.192724+00:00,https://www.stats.gov.cn/sj/zxfb/202607/t20260703_1964057.html,5325c4b7a88f8bad8c93e2e522b477b8729506cad5ec472108d5d575951623ab
2026-06:21-end:2026-07-04T09:30:00+08:00,2026-06,21-end,八、农业生产资料,农药（草甘膦，95%原药）,吨,27535.7,-881.0,-3.1,2026-07-04T09:30:00+08:00,2026-09-14T06:30:30.192724+00:00,https://www.stats.gov.cn/sj/zxfb/202607/t20260703_1964057.html,5325c4b7a88f8bad8c93e2e522b477b8729506cad5ec472108d5d575951623ab
2026-06:21-end:2026-07-04T09:30:00+08:00,2026-06,21-end,九、林产品,天然橡胶（标准胶SCRWF）,吨,17096.4,-578.6,-3.3,2026-07-04T09:30:00+08:00,2026-09-14T06:30:30.192724+00:00,https://www.stats.gov.cn/sj/zxfb/202607/t20260703_1964057.html,5325c4b7a88f8bad8c93e2e522b477b8729506cad5ec472108d5d575951623ab
2026-06:21-end:2026-07-04T09:30:00+08:00,2026-06,21-end,九、林产品,纸浆（进口针叶浆）,吨,4771.9,-141.0,-2.9,2026-07-04T09:30:00+08:00,2026-09-14T06:30:30.192724+00:00,https://www.stats.gov.cn/sj/zxfb/202607/t20260703_1964057.html,5325c4b7a88f8bad8c93e2e522b477b8729506cad5ec472108d5d575951623ab
2026-06:21-end:2026-07-04T09:30:00+08:00,2026-06,21-end,九、林产品,瓦楞纸（AA级120g）,吨,3143.8,96.4,3.2,2026-07-04T09:30:00+08:00,2026-09-14T06:30:30.192724+00:00,https://www.stats.gov.cn/sj/zxfb/202607/t20260703_1964057.html,5325c4b7a88f8bad8c93e2e522b477b8729506cad5ec472108d5d575951623ab
2026-07:1-10:2026-07-14T09:30:00+08:00,2026-07,1-10,一、黑色金属,螺纹钢（Φ20mm，HRB400E）,吨,3145.9,-26.2,-0.8,2026-07-14T09:30:00+08:00,2026-09-14T06:30:30.192724+00:00,https://www.stats.gov.cn/sj/zxfb/202607/t20260713_1964100.html,199c72cb0d22e734bf7449d0ac777ebe67bbcc3084d33617f8429b10850e4ebb
2026-07:1-10:2026-07-14T09:30:00+08:00,2026-07,1-10,一、黑色金属,线材（Φ8—10mm，HPB300）,吨,3311.3,-24.0,-0.7,2026-07-14T09:30:00+08:00,2026-09-14T06:30:30.192724+00:00,https://www.stats.gov.cn/sj/zxfb/202607/t20260713_1964100.html,199c72cb0d22e734bf7449d0ac777ebe67bbcc3084d33617f8429b10850e4ebb
2026-07:1-10:2026-07-14T09:30:00+08:00,2026-07,1-10,一、黑色金属,普通中板（20mm，Q235）,吨,3481.2,-21.3,-0.6,2026-07-14T09:30:00+08:00,2026-09-14T06:30:30.192724+00:00,https://www.stats.gov.cn/sj/zxfb/202607/t20260713_1964100.html,199c72cb0d22e734bf7449d0ac777ebe67bbcc3084d33617f8429b10850e4ebb
2026-07:1-10:2026-07-14T09:30:00+08:00,2026-07,1-10,一、黑色金属,热轧普通板卷（4.75—11.5mm，Q235）,吨,3301.4,-23.8,-0.7,2026-07-14T09:30:00+08:00,2026-09-14T06:30:30.192724+00:00,https://www.stats.gov.cn/sj/zxfb/202607/t20260713_1964100.html,199c72cb0d22e734bf7449d0ac777ebe67bbcc3084d33617f8429b10850e4ebb
2026-07:1-10:2026-07-14T09:30:00+08:00,2026-07,1-10,一、黑色金属,无缝钢管（219*6，20#）,吨,4045.6,-4.6,-0.1,2026-07-14T09:30:00+08:00,2026-09-14T06:30:30.192724+00:00,https://www.stats.gov.cn/sj/zxfb/202607/t20260713_1964100.html,199c72cb0d22e734bf7449d0ac777ebe67bbcc3084d33617f8429b10850e4ebb
2026-07:1-10:2026-07-14T09:30:00+08:00,2026-07,1-10,一、黑色金属,角钢（5#）,吨,3441.3,-19.0,-0.5,2026-07-14T09:30:00+08:00,2026-09-14T06:30:30.192724+00:00,https://www.stats.gov.cn/sj/zxfb/202607/t20260713_1964100.html,199c72cb0d22e734bf7449d0ac777ebe67bbcc3084d33617f8429b10850e4ebb
2026-07:1-10:2026-07-14T09:30:00+08:00,2026-07,1-10,二、有色金属,电解铜（1#）,吨,102865.0,102.1,0.1,2026-07-14T09:30:00+08:00,2026-09-14T06:30:30.192724+00:00,https://www.stats.gov.cn/sj/zxfb/202607/t20260713_1964100.html,199c72cb0d22e734bf7449d0ac777ebe67bbcc3084d33617f8429b10850e4ebb
2026-07:1-10:2026-07-14T09:30:00+08:00,2026-07,1-10,二、有色金属,铝锭（A00）,吨,22760.0,-427.1,-1.8,2026-07-14T09:30:00+08:00,2026-09-14T06:30:30.192724+00:00,https://www.stats.gov.cn/sj/zxfb/202607/t20260713_1964100.html,199c72cb0d22e734bf7449d0ac777ebe67bbcc3084d33617f8429b10850e4ebb
2026-07:1-10:2026-07-14T09:30:00+08:00,2026-07,1-10,二、有色金属,铅锭（1#）,吨,15825.0,-235.7,-1.5,2026-07-14T09:30:00+08:00,2026-09-14T06:30:30.192724+00:00,https://www.stats.gov.cn/sj/zxfb/202607/t20260713_1964100.html,199c72cb0d22e734bf7449d0ac777ebe67bbcc3084d33617f8429b10850e4ebb
2026-07:1-10:2026-07-14T09:30:00+08:00,2026-07,1-10,二、有色金属,锌锭（0#）,吨,24454.3,271.4,1.1,2026-07-14T09:30:00+08:00,2026-09-14T06:30:30.192724+00:00,https://www.stats.gov.cn/sj/zxfb/202607/t20260713_1964100.html,199c72cb0d22e734bf7449d0ac777ebe67bbcc3084d33617f8429b10850e4ebb
2026-07:1-10:2026-07-14T09:30:00+08:00,2026-07,1-10,三、化工产品,硫酸（98%）,吨,2105.0,30.0,1.4,2026-07-14T09:30:00+08:00,2026-09-14T06:30:30.192724+00:00,https://www.stats.gov.cn/sj/zxfb/202607/t20260713_1964100.html,199c72cb0d22e734bf7449d0ac777ebe67bbcc3084d33617f8429b10850e4ebb
2026-07:1-10:2026-07-14T09:30:00+08:00,2026-07,1-10,三、化工产品,烧碱（液碱，32%）,吨,680.9,-31.6,-4.4,2026-07-14T09:30:00+08:00,2026-09-14T06:30:30.192724+00:00,https://www.stats.gov.cn/sj/zxfb/202607/t20260713_1964100.html,199c72cb0d22e734bf7449d0ac777ebe67bbcc3084d33617f8429b10850e4ebb
2026-07:1-10:2026-07-14T09:30:00+08:00,2026-07,1-10,三、化工产品,甲醇（优等品）,吨,2423.4,-214.5,-8.1,2026-07-14T09:30:00+08:00,2026-09-14T06:30:30.192724+00:00,https://www.stats.gov.cn/sj/zxfb/202607/t20260713_1964100.html,199c72cb0d22e734bf7449d0ac777ebe67bbcc3084d33617f8429b10850e4ebb
2026-07:1-10:2026-07-14T09:30:00+08:00,2026-07,1-10,三、化工产品,纯苯（石油苯，工业级）,吨,7008.1,140.4,2.0,2026-07-14T09:30:00+08:00,2026-09-14T06:30:30.192724+00:00,https://www.stats.gov.cn/sj/zxfb/202607/t20260713_1964100.html,199c72cb0d22e734bf7449d0ac777ebe67bbcc3084d33617f8429b10850e4ebb
2026-07:1-10:2026-07-14T09:30:00+08:00,2026-07,1-10,三、化工产品,乙醇（95.0%）,吨,5508.5,17.8,0.3,2026-07-14T09:30:00+08:00,2026-09-14T06:30:30.192724+00:00,https://www.stats.gov.cn/sj/zxfb/202607/t20260713_1964100.html,199c72cb0d22e734bf7449d0ac777ebe67bbcc3084d33617f8429b10850e4ebb
2026-07:1-10:2026-07-14T09:30:00+08:00,2026-07,1-10,三、化工产品,聚乙烯（LLDPE，熔融指数2薄膜料）,吨,7549.8,-50.0,-0.7,2026-07-14T09:30:00+08:00,2026-09-14T06:30:30.192724+00:00,https://www.stats.gov.cn/sj/zxfb/202607/t20260713_1964100.html,199c72cb0d22e734bf7449d0ac777ebe67bbcc3084d33617f8429b10850e4ebb
2026-07:1-10:2026-07-14T09:30:00+08:00,2026-07,1-10,三、化工产品,聚丙烯（拉丝料）,吨,8053.3,-133.6,-1.6,2026-07-14T09:30:00+08:00,2026-09-14T06:30:30.192724+00:00,https://www.stats.gov.cn/sj/zxfb/202607/t20260713_1964100.html,199c72cb0d22e734bf7449d0ac777ebe67bbcc3084d33617f8429b10850e4ebb
2026-07:1-10:2026-07-14T09:30:00+08:00,2026-07,1-10,三、化工产品,冰醋酸（99.5%及以上）,吨,3017.1,63.5,2.1,2026-07-14T09:30:00+08:00,2026-09-14T06:30:30.192724+00:00,https://www.stats.gov.cn/sj/zxfb/202607/t20260713_1964100.html,199c72cb0d22e734bf7449d0ac777ebe67bbcc3084d33617f8429b10850e4ebb
2026-07:1-10:2026-07-14T09:30:00+08:00,2026-07,1-10,三、化工产品,顺丁胶（BR9000）,吨,11714.3,-323.8,-2.7,2026-07-14T09:30:00+08:00,2026-09-14T06:30:30.192724+00:00,https://www.stats.gov.cn/sj/zxfb/202607/t20260713_1964100.html,199c72cb0d22e734bf7449d0ac777ebe67bbcc3084d33617f8429b10850e4ebb
2026-07:1-10:2026-07-14T09:30:00+08:00,2026-07,1-10,三、化工产品,涤纶长丝（POY150D/48F）,吨,7942.9,-225.0,-2.8,2026-07-14T09:30:00+08:00,2026-09-14T06:30:30.192724+00:00,https://www.stats.gov.cn/sj/zxfb/202607/t20260713_1964100.html,199c72cb0d22e734bf7449d0ac777ebe67bbcc3084d33617f8429b10850e4ebb
2026-07:1-10:2026-07-14T09:30:00+08:00,2026-07,1-10,三、化工产品,磷酸铁锂（普通动力型）,吨,58666.0,4315.6,7.9,2026-07-14T09:30:00+08:00,2026-09-14T06:30:30.192724+00:00,https://www.stats.gov.cn/sj/zxfb/202607/t20260713_1964100.html,199c72cb0d22e734bf7449d0ac777ebe67bbcc3084d33617f8429b10850e4ebb
2026-07:1-10:2026-07-14T09:30:00+08:00,2026-07,1-10,四、石油天然气,液化天然气（LNG）,吨,5692.9,-398.4,-6.5,2026-07-14T09:30:00+08:00,2026-09-14T06:30:30.192724+00:00,https://www.stats.gov.cn/sj/zxfb/202607/t20260713_1964100.html,199c72cb0d22e734bf7449d0ac777ebe67bbcc3084d33617f8429b10850e4ebb
2026-07:1-10:2026-07-14T09:30:00+08:00,2026-07,1-10,四、石油天然气,液化石油气（LPG）,吨,5071.6,-164.0,-3.1,2026-07-14T09:30:00+08:00,2026-09-14T06:30:30.192724+00:00,https://www.stats.gov.cn/sj/zxfb/202607/t20260713_1964100.html,199c72cb0d22e734bf7449d0ac777ebe67bbcc3084d33617f8429b10850e4ebb
2026-07:1-10:2026-07-14T09:30:00+08:00,2026-07,1-10,四、石油天然气,汽油（95#国VI）,吨,8528.4,-209.4,-2.4,2026-07-14T09:30:00+08:00,2026-09-14T06:30:30.192724+00:00,https://www.stats.gov.cn/sj/zxfb/202607/t20260713_1964100.html,199c72cb0d22e734bf7449d0ac777ebe67bbcc3084d33617f8429b10850e4ebb
2026-07:1-10:2026-07-14T09:30:00+08:00,2026-07,1-10,四、石油天然气,柴油（0#国VI）,吨,7113.0,-274.0,-3.7,2026-07-14T09:30:00+08:00,2026-09-14T06:30:30.192724+00:00,https://www.stats.gov.cn/sj/zxfb/202607/t20260713_1964100.html,199c72cb0d22e734bf7449d0ac777ebe67bbcc3084d33617f8429b10850e4ebb
2026-07:1-10:2026-07-14T09:30:00+08:00,2026-07,1-10,四、石油天然气,石蜡（58#半）,吨,7085.0,-21.4,-0.3,2026-07-14T09:30:00+08:00,2026-09-14T06:30:30.192724+00:00,https://www.stats.gov.cn/sj/zxfb/202607/t20260713_1964100.html,199c72cb0d22e734bf7449d0ac777ebe67bbcc3084d33617f8429b10850e4ebb
2026-07:1-10:2026-07-14T09:30:00+08:00,2026-07,1-10,五、煤炭,无烟煤（洗中块）,吨,1190.3,-10.0,-0.8,2026-07-14T09:30:00+08:00,2026-09-14T06:30:30.192724+00:00,https://www.stats.gov.cn/sj/zxfb/202607/t20260713_1964100.html,199c72cb0d22e734bf7449d0ac777ebe67bbcc3084d33617f8429b10850e4ebb
2026-07:1-10:2026-07-14T09:30:00+08:00,2026-07,1-10,五、煤炭,山西优混（5500大卡）,吨,816.9,-37.7,-4.4,2026-07-14T09:30:00+08:00,2026-09-14T06:30:30.192724+00:00,https://www.stats.gov.cn/sj/zxfb/202607/t20260713_1964100.html,199c72cb0d22e734bf7449d0ac777ebe67bbcc3084d33617f8429b10850e4ebb
2026-07:1-10:2026-07-14T09:30:00+08:00,2026-07,1-10,五、煤炭,焦煤（主焦煤）,吨,1925.0,0.0,0.0,2026-07-14T09:30:00+08:00,2026-09-14T06:30:30.192724+00:00,https://www.stats.gov.cn/sj/zxfb/202607/t20260713_1964100.html,199c72cb0d22e734bf7449d0ac777ebe67bbcc3084d33617f8429b10850e4ebb
2026-07:1-10:2026-07-14T09:30:00+08:00,2026-07,1-10,五、煤炭,焦炭（准一级冶金焦）,吨,1796.4,50.0,2.9,2026-07-14T09:30:00+08:00,2026-09-14T06:30:30.192724+00:00,https://www.stats.gov.cn/sj/zxfb/202607/t20260713_1964100.html,199c72cb0d22e734bf7449d0ac777ebe67bbcc3084d33617f8429b10850e4ebb
2026-07:1-10:2026-07-14T09:30:00+08:00,2026-07,1-10,六、非金属矿物制品,普通硅酸盐水泥（P.O 42.5散装）,吨,256.0,-3.1,-1.2,2026-07-14T09:30:00+08:00,2026-09-14T06:30:30.192724+00:00,https://www.stats.gov.cn/sj/zxfb/202607/t20260713_1964100.html,199c72cb0d22e734bf7449d0ac777ebe67bbcc3084d33617f8429b10850e4ebb
2026-07:1-10:2026-07-14T09:30:00+08:00,2026-07,1-10,六、非金属矿物制品,浮法平板玻璃（5/6mm）,吨,1108.2,-5.3,-0.5,2026-07-14T09:30:00+08:00,2026-09-14T06:30:30.192724+00:00,https://www.stats.gov.cn/sj/zxfb/202607/t20260713_1964100.html,199c72cb0d22e734bf7449d0ac777ebe67bbcc3084d33617f8429b10850e4ebb
2026-07:1-10:2026-07-14T09:30:00+08:00,2026-07,1-10,六、非金属矿物制品,多晶硅（致密料）,千克,33.0,0.0,0.0,2026-07-14T09:30:00+08:00,2026-09-14T06:30:30.192724+00:00,https://www.stats.gov.cn/sj/zxfb/202607/t20260713_1964100.html,199c72cb0d22e734bf7449d0ac777ebe67bbcc3084d33617f8429b10850e4ebb
2026-07:1-10:2026-07-14T09:30:00+08:00,2026-07,1-10,七、农产品（主要用于加工）,稻米（粳稻米）,吨,3991.7,-5.2,-0.1,2026-07-14T09:30:00+08:00,2026-09-14T06:30:30.192724+00:00,https://www.stats.gov.cn/sj/zxfb/202607/t20260713_1964100.html,199c72cb0d22e734bf7449d0ac777ebe67bbcc3084d33617f8429b10850e4ebb
2026-07:1-10:2026-07-14T09:30:00+08:00,2026-07,1-10,七、农产品（主要用于加工）,小麦（国标三等）,吨,2437.5,-6.1,-0.2,2026-07-14T09:30:00+08:00,2026-09-14T06:30:30.192724+00:00,https://www.stats.gov.cn/sj/zxfb/202607/t20260713_1964100.html,199c72cb0d22e734bf7449d0ac777ebe67bbcc3084d33617f8429b10850e4ebb
2026-07:1-10:2026-07-14T09:30:00+08:00,2026-07,1-10,七、农产品（主要用于加工）,玉米（黄玉米二等）,吨,2292.0,-5.7,-0.2,2026-07-14T09:30:00+08:00,2026-09-14T06:30:30.192724+00:00,https://www.stats.gov.cn/sj/zxfb/202607/t20260713_1964100.html,199c72cb0d22e734bf7449d0ac777ebe67bbcc3084d33617f8429b10850e4ebb
2026-07:1-10:2026-07-14T09:30:00+08:00,2026-07,1-10,七、农产品（主要用于加工）,棉花（皮棉，白棉三级）,吨,16980.6,248.3,1.5,2026-07-14T09:30:00+08:00,2026-09-14T06:30:30.192724+00:00,https://www.stats.gov.cn/sj/zxfb/202607/t20260713_1964100.html,199c72cb0d22e734bf7449d0ac777ebe67bbcc3084d33617f8429b10850e4ebb
2026-07:1-10:2026-07-14T09:30:00+08:00,2026-07,1-10,七、农产品（主要用于加工）,生猪（外三元）,千克,10.9,1.3,13.5,2026-07-14T09:30:00+08:00,2026-09-14T06:30:30.192724+00:00,https://www.stats.gov.cn/sj/zxfb/202607/t20260713_1964100.html,199c72cb0d22e734bf7449d0ac777ebe67bbcc3084d33617f8429b10850e4ebb
2026-07:1-10:2026-07-14T09:30:00+08:00,2026-07,1-10,七、农产品（主要用于加工）,大豆（黄豆）,吨,4448.1,59.9,1.4,2026-07-14T09:30:00+08:00,2026-09-14T06:30:30.192724+00:00,https://www.stats.gov.cn/sj/zxfb/202607/t20260713_1964100.html,199c72cb0d22e734bf7449d0ac777ebe67bbcc3084d33617f8429b10850e4ebb
2026-07:1-10:2026-07-14T09:30:00+08:00,2026-07,1-10,七、农产品（主要用于加工）,豆粕（粗蛋白含量≥43%）,吨,2898.4,58.6,2.1,2026-07-14T09:30:00+08:00,2026-09-14T06:30:30.192724+00:00,https://www.stats.gov.cn/sj/zxfb/202607/t20260713_1964100.html,199c72cb0d22e734bf7449d0ac777ebe67bbcc3084d33617f8429b10850e4ebb
2026-07:1-10:2026-07-14T09:30:00+08:00,2026-07,1-10,七、农产品（主要用于加工）,花生（油料花生米）,吨,7375.0,9.5,0.1,2026-07-14T09:30:00+08:00,2026-09-14T06:30:30.192724+00:00,https://www.stats.gov.cn/sj/zxfb/202607/t20260713_1964100.html,199c72cb0d22e734bf7449d0ac777ebe67bbcc3084d33617f8429b10850e4ebb
2026-07:1-10:2026-07-14T09:30:00+08:00,2026-07,1-10,七、农产品（主要用于加工）,白糖（国标一级白砂糖）,吨,5280.7,-5.0,-0.1,2026-07-14T09:30:00+08:00,2026-09-14T06:30:30.192724+00:00,https://www.stats.gov.cn/sj/zxfb/202607/t20260713_1964100.html,199c72cb0d22e734bf7449d0ac777ebe67bbcc3084d33617f8429b10850e4ebb
2026-07:1-10:2026-07-14T09:30:00+08:00,2026-07,1-10,八、农业生产资料,尿素（中小颗粒）,吨,1827.8,-16.8,-0.9,2026-07-14T09:30:00+08:00,2026-09-14T06:30:30.192724+00:00,https://www.stats.gov.cn/sj/zxfb/202607/t20260713_1964100.html,199c72cb0d22e734bf7449d0ac777ebe67bbcc3084d33617f8429b10850e4ebb
2026-07:1-10:2026-07-14T09:30:00+08:00,2026-07,1-10,八、农业生产资料,磷肥（55%磷酸一铵）,吨,4492.3,7.5,0.2,2026-07-14T09:30:00+08:00,2026-09-14T06:30:30.192724+00:00,https://www.stats.gov.cn/sj/zxfb/202607/t20260713_1964100.html,199c72cb0d22e734bf7449d0ac777ebe67bbcc3084d33617f8429b10850e4ebb
2026-07:1-10:2026-07-14T09:30:00+08:00,2026-07,1-10,八、农业生产资料,钾肥（港口62%白色氯化钾）,吨,3216.3,-6.4,-0.2,2026-07-14T09:30:00+08:00,2026-09-14T06:30:30.192724+00:00,https://www.stats.gov.cn/sj/zxfb/202607/t20260713_1964100.html,199c72cb0d22e734bf7449d0ac777ebe67bbcc3084d33617f8429b10850e4ebb
2026-07:1-10:2026-07-14T09:30:00+08:00,2026-07,1-10,八、农业生产资料,复合肥（硫酸钾复合肥，氮磷钾含量45%）,吨,3627.5,19.9,0.6,2026-07-14T09:30:00+08:00,2026-09-14T06:30:30.192724+00:00,https://www.stats.gov.cn/sj/zxfb/202607/t20260713_1964100.html,199c72cb0d22e734bf7449d0ac777ebe67bbcc3084d33617f8429b10850e4ebb
2026-07:1-10:2026-07-14T09:30:00+08:00,2026-07,1-10,八、农业生产资料,农药（草甘膦，95%原药）,吨,26821.4,-714.3,-2.6,2026-07-14T09:30:00+08:00,2026-09-14T06:30:30.192724+00:00,https://www.stats.gov.cn/sj/zxfb/202607/t20260713_1964100.html,199c72cb0d22e734bf7449d0ac777ebe67bbcc3084d33617f8429b10850e4ebb
2026-07:1-10:2026-07-14T09:30:00+08:00,2026-07,1-10,九、林产品,天然橡胶（标准胶SCRWF）,吨,16873.8,-222.6,-1.3,2026-07-14T09:30:00+08:00,2026-09-14T06:30:30.192724+00:00,https://www.stats.gov.cn/sj/zxfb/202607/t20260713_1964100.html,199c72cb0d22e734bf7449d0ac777ebe67bbcc3084d33617f8429b10850e4ebb
2026-07:1-10:2026-07-14T09:30:00+08:00,2026-07,1-10,九、林产品,纸浆（进口针叶浆）,吨,4780.3,8.4,0.2,2026-07-14T09:30:00+08:00,2026-09-14T06:30:30.192724+00:00,https://www.stats.gov.cn/sj/zxfb/202607/t20260713_1964100.html,199c72cb0d22e734bf7449d0ac777ebe67bbcc3084d33617f8429b10850e4ebb
2026-07:1-10:2026-07-14T09:30:00+08:00,2026-07,1-10,九、林产品,瓦楞纸（AA级120g）,吨,3216.3,72.5,2.3,2026-07-14T09:30:00+08:00,2026-09-14T06:30:30.192724+00:00,https://www.stats.gov.cn/sj/zxfb/202607/t20260713_1964100.html,199c72cb0d22e734bf7449d0ac777ebe67bbcc3084d33617f8429b10850e4ebb
2026-07:11-20:2026-07-24T09:30:00+08:00,2026-07,11-20,一、黑色金属,螺纹钢（Φ20mm，HRB400E）,吨,3149.8,3.9,0.1,2026-07-24T09:30:00+08:00,2026-09-14T06:30:30.192724+00:00,https://www.stats.gov.cn/sj/zxfb/202607/t20260723_1964185.html,2cf44b20dee18ca55fb420461f5965159aab9d0d1e6c9267021213ce81379690
2026-07:11-20:2026-07-24T09:30:00+08:00,2026-07,11-20,一、黑色金属,线材（Φ8—10mm，HPB300）,吨,3315.0,3.7,0.1,2026-07-24T09:30:00+08:00,2026-09-14T06:30:30.192724+00:00,https://www.stats.gov.cn/sj/zxfb/202607/t20260723_1964185.html,2cf44b20dee18ca55fb420461f5965159aab9d0d1e6c9267021213ce81379690
2026-07:11-20:2026-07-24T09:30:00+08:00,2026-07,11-20,一、黑色金属,普通中板（20mm，Q235）,吨,3480.9,-0.3,0.0,2026-07-24T09:30:00+08:00,2026-09-14T06:30:30.192724+00:00,https://www.stats.gov.cn/sj/zxfb/202607/t20260723_1964185.html,2cf44b20dee18ca55fb420461f5965159aab9d0d1e6c9267021213ce81379690
2026-07:11-20:2026-07-24T09:30:00+08:00,2026-07,11-20,一、黑色金属,热轧普通板卷（4.75—11.5mm，Q235）,吨,3305.6,4.2,0.1,2026-07-24T09:30:00+08:00,2026-09-14T06:30:30.192724+00:00,https://www.stats.gov.cn/sj/zxfb/202607/t20260723_1964185.html,2cf44b20dee18ca55fb420461f5965159aab9d0d1e6c9267021213ce81379690
2026-07:11-20:2026-07-24T09:30:00+08:00,2026-07,11-20,一、黑色金属,无缝钢管（219*6，20#）,吨,4045.6,0.0,0.0,2026-07-24T09:30:00+08:00,2026-09-14T06:30:30.192724+00:00,https://www.stats.gov.cn/sj/zxfb/202607/t20260723_1964185.html,2cf44b20dee18ca55fb420461f5965159aab9d0d1e6c9267021213ce81379690
2026-07:11-20:2026-07-24T09:30:00+08:00,2026-07,11-20,一、黑色金属,角钢（5#）,吨,3445.3,4.0,0.1,2026-07-24T09:30:00+08:00,2026-09-14T06:30:30.192724+00:00,https://www.stats.gov.cn/sj/zxfb/202607/t20260723_1964185.html,2cf44b20dee18ca55fb420461f5965159aab9d0d1e6c9267021213ce81379690
2026-07:11-20:2026-07-24T09:30:00+08:00,2026-07,11-20,二、有色金属,电解铜（1#）,吨,104355.0,1490.0,1.4,2026-07-24T09:30:00+08:00,2026-09-14T06:30:30.192724+00:00,https://www.stats.gov.cn/sj/zxfb/202607/t20260723_1964185.html,2cf44b20dee18ca55fb420461f5965159aab9d0d1e6c9267021213ce81379690
2026-07:11-20:2026-07-24T09:30:00+08:00,2026-07,11-20,二、有色金属,铝锭（A00）,吨,23171.7,411.7,1.8,2026-07-24T09:30:00+08:00,2026-09-14T06:30:30.192724+00:00,https://www.stats.gov.cn/sj/zxfb/202607/t20260723_1964185.html,2cf44b20dee18ca55fb420461f5965159aab9d0d1e6c9267021213ce81379690
2026-07:11-20:2026-07-24T09:30:00+08:00,2026-07,11-20,二、有色金属,铅锭（1#）,吨,15700.0,-125.0,-0.8,2026-07-24T09:30:00+08:00,2026-09-14T06:30:30.192724+00:00,https://www.stats.gov.cn/sj/zxfb/202607/t20260723_1964185.html,2cf44b20dee18ca55fb420461f5965159aab9d0d1e6c9267021213ce81379690
2026-07:11-20:2026-07-24T09:30:00+08:00,2026-07,11-20,二、有色金属,锌锭（0#）,吨,24591.7,137.4,0.6,2026-07-24T09:30:00+08:00,2026-09-14T06:30:30.192724+00:00,https://www.stats.gov.cn/sj/zxfb/202607/t20260723_1964185.html,2cf44b20dee18ca55fb420461f5965159aab9d0d1e6c9267021213ce81379690
2026-07:11-20:2026-07-24T09:30:00+08:00,2026-07,11-20,三、化工产品,硫酸（98%）,吨,2081.8,-23.2,-1.1,2026-07-24T09:30:00+08:00,2026-09-14T06:30:30.192724+00:00,https://www.stats.gov.cn/sj/zxfb/202607/t20260723_1964185.html,2cf44b20dee18ca55fb420461f5965159aab9d0d1e6c9267021213ce81379690
2026-07:11-20:2026-07-24T09:30:00+08:00,2026-07,11-20,三、化工产品,烧碱（液碱，32%）,吨,688.9,8.0,1.2,2026-07-24T09:30:00+08:00,2026-09-14T06:30:30.192724+00:00,https://www.stats.gov.cn/sj/zxfb/202607/t20260723_1964185.html,2cf44b20dee18ca55fb420461f5965159aab9d0d1e6c9267021213ce81379690
2026-07:11-20:2026-07-24T09:30:00+08:00,2026-07,11-20,三、化工产品,甲醇（优等品）,吨,2490.8,67.4,2.8,2026-07-24T09:30:00+08:00,2026-09-14T06:30:30.192724+00:00,https://www.stats.gov.cn/sj/zxfb/202607/t20260723_1964185.html,2cf44b20dee18ca55fb420461f5965159aab9d0d1e6c9267021213ce81379690
2026-07:11-20:2026-07-24T09:30:00+08:00,2026-07,11-20,三、化工产品,纯苯（石油苯，工业级）,吨,7909.0,900.9,12.9,2026-07-24T09:30:00+08:00,2026-09-14T06:30:30.192724+00:00,https://www.stats.gov.cn/sj/zxfb/202607/t20260723_1964185.html,2cf44b20dee18ca55fb420461f5965159aab9d0d1e6c9267021213ce81379690
2026-07:11-20:2026-07-24T09:30:00+08:00,2026-07,11-20,三、化工产品,乙醇（95.0%）,吨,5498.3,-10.2,-0.2,2026-07-24T09:30:00+08:00,2026-09-14T06:30:30.192724+00:00,https://www.stats.gov.cn/sj/zxfb/202607/t20260723_1964185.html,2cf44b20dee18ca55fb420461f5965159aab9d0d1e6c9267021213ce81379690
2026-07:11-20:2026-07-24T09:30:00+08:00,2026-07,11-20,三、化工产品,聚乙烯（LLDPE，熔融指数2薄膜料）,吨,8423.1,873.3,11.6,2026-07-24T09:30:00+08:00,2026-09-14T06:30:30.192724+00:00,https://www.stats.gov.cn/sj/zxfb/202607/t20260723_1964185.html,2cf44b20dee18ca55fb420461f5965159aab9d0d1e6c9267021213ce81379690
2026-07:11-20:2026-07-24T09:30:00+08:00,2026-07,11-20,三、化工产品,聚丙烯（拉丝料）,吨,8875.0,821.7,10.2,2026-07-24T09:30:00+08:00,2026-09-14T06:30:30.192724+00:00,https://www.stats.gov.cn/sj/zxfb/202607/t20260723_1964185.html,2cf44b20dee18ca55fb420461f5965159aab9d0d1e6c9267021213ce81379690
2026-07:11-20:2026-07-24T09:30:00+08:00,2026-07,11-20,三、化工产品,冰醋酸（99.5%及以上）,吨,3090.0,72.9,2.4,2026-07-24T09:30:00+08:00,2026-09-14T06:30:30.192724+00:00,https://www.stats.gov.cn/sj/zxfb/202607/t20260723_1964185.html,2cf44b20dee18ca55fb420461f5965159aab9d0d1e6c9267021213ce81379690
2026-07:11-20:2026-07-24T09:30:00+08:00,2026-07,11-20,三、化工产品,顺丁胶（BR9000）,吨,13100.0,1385.7,11.8,2026-07-24T09:30:00+08:00,2026-09-14T06:30:30.192724+00:00,https://www.stats.gov.cn/sj/zxfb/202607/t20260723_1964185.html,2cf44b20dee18ca55fb420461f5965159aab9d0d1e6c9267021213ce81379690
2026-07:11-20:2026-07-24T09:30:00+08:00,2026-07,11-20,三、化工产品,涤纶长丝（POY150D/48F）,吨,8200.0,257.1,3.2,2026-07-24T09:30:00+08:00,2026-09-14T06:30:30.192724+00:00,https://www.stats.gov.cn/sj/zxfb/202607/t20260723_1964185.html,2cf44b20dee18ca55fb420461f5965159aab9d0d1e6c9267021213ce81379690
2026-07:11-20:2026-07-24T09:30:00+08:00,2026-07,11-20,三、化工产品,磷酸铁锂（普通动力型）,吨,55966.4,-2699.6,-4.6,2026-07-24T09:30:00+08:00,2026-09-14T06:30:30.192724+00:00,https://www.stats.gov.cn/sj/zxfb/202607/t20260723_1964185.html,2cf44b20dee18ca55fb420461f5965159aab9d0d1e6c9267021213ce81379690
2026-07:11-20:2026-07-24T09:30:00+08:00,2026-07,11-20,四、石油天然气,液化天然气（LNG）,吨,5694.8,1.9,0.0,2026-07-24T09:30:00+08:00,2026-09-14T06:30:30.192724+00:00,https://www.stats.gov.cn/sj/zxfb/202607/t20260723_1964185.html,2cf44b20dee18ca55fb420461f5965159aab9d0d1e6c9267021213ce81379690
2026-07:11-20:2026-07-24T09:30:00+08:00,2026-07,11-20,四、石油天然气,液化石油气（LPG）,吨,5461.7,390.1,7.7,2026-07-24T09:30:00+08:00,2026-09-14T06:30:30.192724+00:00,https://www.stats.gov.cn/sj/zxfb/202607/t20260723_1964185.html,2cf44b20dee18ca55fb420461f5965159aab9d0d1e6c9267021213ce81379690
2026-07:11-20:2026-07-24T09:30:00+08:00,2026-07,11-20,四、石油天然气,汽油（95#国VI）,吨,8925.8,397.4,4.7,2026-07-24T09:30:00+08:00,2026-09-14T06:30:30.192724+00:00,https://www.stats.gov.cn/sj/zxfb/202607/t20260723_1964185.html,2cf44b20dee18ca55fb420461f5965159aab9d0d1e6c9267021213ce81379690
2026-07:11-20:2026-07-24T09:30:00+08:00,2026-07,11-20,四、石油天然气,柴油（0#国VI）,吨,7391.5,278.5,3.9,2026-07-24T09:30:00+08:00,2026-09-14T06:30:30.192724+00:00,https://www.stats.gov.cn/sj/zxfb/202607/t20260723_1964185.html,2cf44b20dee18ca55fb420461f5965159aab9d0d1e6c9267021213ce81379690
2026-07:11-20:2026-07-24T09:30:00+08:00,2026-07,11-20,四、石油天然气,石蜡（58#半）,吨,7085.0,0.0,0.0,2026-07-24T09:30:00+08:00,2026-09-14T06:30:30.192724+00:00,https://www.stats.gov.cn/sj/zxfb/202607/t20260723_1964185.html,2cf44b20dee18ca55fb420461f5965159aab9d0d1e6c9267021213ce81379690
2026-07:11-20:2026-07-24T09:30:00+08:00,2026-07,11-20,五、煤炭,无烟煤（洗中块）,吨,1258.7,68.4,5.7,2026-07-24T09:30:00+08:00,2026-09-14T06:30:30.192724+00:00,https://www.stats.gov.cn/sj/zxfb/202607/t20260723_1964185.html,2cf44b20dee18ca55fb420461f5965159aab9d0d1e6c9267021213ce81379690
2026-07:11-20:2026-07-24T09:30:00+08:00,2026-07,11-20,五、煤炭,山西优混（5500大卡）,吨,812.7,-4.2,-0.5,2026-07-24T09:30:00+08:00,2026-09-14T06:30:30.192724+00:00,https://www.stats.gov.cn/sj/zxfb/202607/t20260723_1964185.html,2cf44b20dee18ca55fb420461f5965159aab9d0d1e6c9267021213ce81379690
2026-07:11-20:2026-07-24T09:30:00+08:00,2026-07,11-20,五、煤炭,焦煤（主焦煤）,吨,1908.3,-16.7,-0.9,2026-07-24T09:30:00+08:00,2026-09-14T06:30:30.192724+00:00,https://www.stats.gov.cn/sj/zxfb/202607/t20260723_1964185.html,2cf44b20dee18ca55fb420461f5965159aab9d0d1e6c9267021213ce81379690
2026-07:11-20:2026-07-24T09:30:00+08:00,2026-07,11-20,五、煤炭,焦炭（准一级冶金焦）,吨,1796.4,0.0,0.0,2026-07-24T09:30:00+08:00,2026-09-14T06:30:30.192724+00:00,https://www.stats.gov.cn/sj/zxfb/202607/t20260723_1964185.html,2cf44b20dee18ca55fb420461f5965159aab9d0d1e6c9267021213ce81379690
2026-07:11-20:2026-07-24T09:30:00+08:00,2026-07,11-20,六、非金属矿物制品,普通硅酸盐水泥（P.O 42.5散装）,吨,250.0,-6.0,-2.3,2026-07-24T09:30:00+08:00,2026-09-14T06:30:30.192724+00:00,https://www.stats.gov.cn/sj/zxfb/202607/t20260723_1964185.html,2cf44b20dee18ca55fb420461f5965159aab9d0d1e6c9267021213ce81379690
2026-07:11-20:2026-07-24T09:30:00+08:00,2026-07,11-20,六、非金属矿物制品,浮法平板玻璃（5/6mm）,吨,1100.4,-7.8,-0.7,2026-07-24T09:30:00+08:00,2026-09-14T06:30:30.192724+00:00,https://www.stats.gov.cn/sj/zxfb/202607/t20260723_1964185.html,2cf44b20dee18ca55fb420461f5965159aab9d0d1e6c9267021213ce81379690
2026-07:11-20:2026-07-24T09:30:00+08:00,2026-07,11-20,六、非金属矿物制品,多晶硅（致密料）,千克,32.2,-0.8,-2.4,2026-07-24T09:30:00+08:00,2026-09-14T06:30:30.192724+00:00,https://www.stats.gov.cn/sj/zxfb/202607/t20260723_1964185.html,2cf44b20dee18ca55fb420461f5965159aab9d0d1e6c9267021213ce81379690
2026-07:11-20:2026-07-24T09:30:00+08:00,2026-07,11-20,七、农产品（主要用于加工）,稻米（粳稻米）,吨,3989.7,-2.0,-0.1,2026-07-24T09:30:00+08:00,2026-09-14T06:30:30.192724+00:00,https://www.stats.gov.cn/sj/zxfb/202607/t20260723_1964185.html,2cf44b20dee18ca55fb420461f5965159aab9d0d1e6c9267021213ce81379690
2026-07:11-20:2026-07-24T09:30:00+08:00,2026-07,11-20,七、农产品（主要用于加工）,小麦（国标三等）,吨,2427.6,-9.9,-0.4,2026-07-24T09:30:00+08:00,2026-09-14T06:30:30.192724+00:00,https://www.stats.gov.cn/sj/zxfb/202607/t20260723_1964185.html,2cf44b20dee18ca55fb420461f5965159aab9d0d1e6c9267021213ce81379690
2026-07:11-20:2026-07-24T09:30:00+08:00,2026-07,11-20,七、农产品（主要用于加工）,玉米（黄玉米二等）,吨,2281.4,-10.6,-0.5,2026-07-24T09:30:00+08:00,2026-09-14T06:30:30.192724+00:00,https://www.stats.gov.cn/sj/zxfb/202607/t20260723_1964185.html,2cf44b20dee18ca55fb420461f5965159aab9d0d1e6c9267021213ce81379690
2026-07:11-20:2026-07-24T09:30:00+08:00,2026-07,11-20,七、农产品（主要用于加工）,棉花（皮棉，白棉三级）,吨,16777.3,-203.3,-1.2,2026-07-24T09:30:00+08:00,2026-09-14T06:30:30.192724+00:00,https://www.stats.gov.cn/sj/zxfb/202607/t20260723_1964185.html,2cf44b20dee18ca55fb420461f5965159aab9d0d1e6c9267021213ce81379690
2026-07:11-20:2026-07-24T09:30:00+08:00,2026-07,11-20,七、农产品（主要用于加工）,生猪（外三元）,千克,11.0,0.1,0.9,2026-07-24T09:30:00+08:00,2026-09-14T06:30:30.192724+00:00,https://www.stats.gov.cn/sj/zxfb/202607/t20260723_1964185.html,2cf44b20dee18ca55fb420461f5965159aab9d0d1e6c9267021213ce81379690
2026-07:11-20:2026-07-24T09:30:00+08:00,2026-07,11-20,七、农产品（主要用于加工）,大豆（黄豆）,吨,4494.6,46.5,1.0,2026-07-24T09:30:00+08:00,2026-09-14T06:30:30.192724+00:00,https://www.stats.gov.cn/sj/zxfb/202607/t20260723_1964185.html,2cf44b20dee18ca55fb420461f5965159aab9d0d1e6c9267021213ce81379690
2026-07:11-20:2026-07-24T09:30:00+08:00,2026-07,11-20,七、农产品（主要用于加工）,豆粕（粗蛋白含量≥43%）,吨,2949.0,50.6,1.7,2026-07-24T09:30:00+08:00,2026-09-14T06:30:30.192724+00:00,https://www.stats.gov.cn/sj/zxfb/202607/t20260723_1964185.html,2cf44b20dee18ca55fb420461f5965159aab9d0d1e6c9267021213ce81379690
2026-07:11-20:2026-07-24T09:30:00+08:00,2026-07,11-20,七、农产品（主要用于加工）,花生（油料花生米）,吨,7358.3,-16.7,-0.2,2026-07-24T09:30:00+08:00,2026-09-14T06:30:30.192724+00:00,https://www.stats.gov.cn/sj/zxfb/202607/t20260723_1964185.html,2cf44b20dee18ca55fb420461f5965159aab9d0d1e6c9267021213ce81379690
2026-07:11-20:2026-07-24T09:30:00+08:00,2026-07,11-20,七、农产品（主要用于加工）,白糖（国标一级白砂糖）,吨,5240.0,-40.7,-0.8,2026-07-24T09:30:00+08:00,2026-09-14T06:30:30.192724+00:00,https://www.stats.gov.cn/sj/zxfb/202607/t20260723_1964185.html,2cf44b20dee18ca55fb420461f5965159aab9d0d1e6c9267021213ce81379690
2026-07:11-20:2026-07-24T09:30:00+08:00,2026-07,11-20,八、农业生产资料,尿素（中小颗粒）,吨,1799.9,-27.9,-1.5,2026-07-24T09:30:00+08:00,2026-09-14T06:30:30.192724+00:00,https://www.stats.gov.cn/sj/zxfb/202607/t20260723_1964185.html,2cf44b20dee18ca55fb420461f5965159aab9d0d1e6c9267021213ce81379690
2026-07:11-20:2026-07-24T09:30:00+08:00,2026-07,11-20,八、农业生产资料,磷肥（55%磷酸一铵）,吨,4483.8,-8.5,-0.2,2026-07-24T09:30:00+08:00,2026-09-14T06:30:30.192724+00:00,https://www.stats.gov.cn/sj/zxfb/202607/t20260723_1964185.html,2cf44b20dee18ca55fb420461f5965159aab9d0d1e6c9267021213ce81379690
2026-07:11-20:2026-07-24T09:30:00+08:00,2026-07,11-20,八、农业生产资料,钾肥（港口62%白色氯化钾）,吨,3206.9,-9.4,-0.3,2026-07-24T09:30:00+08:00,2026-09-14T06:30:30.192724+00:00,https://www.stats.gov.cn/sj/zxfb/202607/t20260723_1964185.html,2cf44b20dee18ca55fb420461f5965159aab9d0d1e6c9267021213ce81379690
2026-07:11-20:2026-07-24T09:30:00+08:00,2026-07,11-20,八、农业生产资料,复合肥（硫酸钾复合肥，氮磷钾含量45%）,吨,3638.1,10.6,0.3,2026-07-24T09:30:00+08:00,2026-09-14T06:30:30.192724+00:00,https://www.stats.gov.cn/sj/zxfb/202607/t20260723_1964185.html,2cf44b20dee18ca55fb420461f5965159aab9d0d1e6c9267021213ce81379690
2026-07:11-20:2026-07-24T09:30:00+08:00,2026-07,11-20,八、农业生产资料,农药（草甘膦，95%原药）,吨,26250.0,-571.4,-2.1,2026-07-24T09:30:00+08:00,2026-09-14T06:30:30.192724+00:00,https://www.stats.gov.cn/sj/zxfb/202607/t20260723_1964185.html,2cf44b20dee18ca55fb420461f5965159aab9d0d1e6c9267021213ce81379690
2026-07:11-20:2026-07-24T09:30:00+08:00,2026-07,11-20,九、林产品,天然橡胶（标准胶SCRWF）,吨,17009.7,135.9,0.8,2026-07-24T09:30:00+08:00,2026-09-14T06:30:30.192724+00:00,https://www.stats.gov.cn/sj/zxfb/202607/t20260723_1964185.html,2cf44b20dee18ca55fb420461f5965159aab9d0d1e6c9267021213ce81379690
2026-07:11-20:2026-07-24T09:30:00+08:00,2026-07,11-20,九、林产品,纸浆（进口针叶浆）,吨,4890.8,110.5,2.3,2026-07-24T09:30:00+08:00,2026-09-14T06:30:30.192724+00:00,https://www.stats.gov.cn/sj/zxfb/202607/t20260723_1964185.html,2cf44b20dee18ca55fb420461f5965159aab9d0d1e6c9267021213ce81379690
2026-07:11-20:2026-07-24T09:30:00+08:00,2026-07,11-20,九、林产品,瓦楞纸（AA级120g）,吨,3263.2,46.9,1.5,2026-07-24T09:30:00+08:00,2026-09-14T06:30:30.192724+00:00,https://www.stats.gov.cn/sj/zxfb/202607/t20260723_1964185.html,2cf44b20dee18ca55fb420461f5965159aab9d0d1e6c9267021213ce81379690
2026-07:21-end:2026-08-04T09:30:00+08:00,2026-07,21-end,一、黑色金属,螺纹钢（Φ20mm，HRB400E）,吨,3123.4,-26.4,-0.8,2026-08-04T09:30:00+08:00,2026-09-14T06:30:30.192724+00:00,https://www.stats.gov.cn/sj/zxfb/202608/t20260803_1964273.html,3024209876b9c41114d1637e93b8b41efaef32160ed767b20c88b8a26a7285ee
2026-07:21-end:2026-08-04T09:30:00+08:00,2026-07,21-end,一、黑色金属,线材（Φ8—10mm，HPB300）,吨,3293.2,-21.8,-0.7,2026-08-04T09:30:00+08:00,2026-09-14T06:30:30.192724+00:00,https://www.stats.gov.cn/sj/zxfb/202608/t20260803_1964273.html,3024209876b9c41114d1637e93b8b41efaef32160ed767b20c88b8a26a7285ee
2026-07:21-end:2026-08-04T09:30:00+08:00,2026-07,21-end,一、黑色金属,普通中板（20mm，Q235）,吨,3475.8,-5.1,-0.1,2026-08-04T09:30:00+08:00,2026-09-14T06:30:30.192724+00:00,https://www.stats.gov.cn/sj/zxfb/202608/t20260803_1964273.html,3024209876b9c41114d1637e93b8b41efaef32160ed767b20c88b8a26a7285ee
2026-07:21-end:2026-08-04T09:30:00+08:00,2026-07,21-end,一、黑色金属,热轧普通板卷（4.75—11.5mm，Q235）,吨,3288.4,-17.2,-0.5,2026-08-04T09:30:00+08:00,2026-09-14T06:30:30.192724+00:00,https://www.stats.gov.cn/sj/zxfb/202608/t20260803_1964273.html,3024209876b9c41114d1637e93b8b41efaef32160ed767b20c88b8a26a7285ee
2026-07:21-end:2026-08-04T09:30:00+08:00,2026-07,21-end,一、黑色金属,无缝钢管（219*6，20#）,吨,4044.1,-1.5,0.0,2026-08-04T09:30:00+08:00,2026-09-14T06:30:30.192724+00:00,https://www.stats.gov.cn/sj/zxfb/202608/t20260803_1964273.html,3024209876b9c41114d1637e93b8b41efaef32160ed767b20c88b8a26a7285ee
2026-07:21-end:2026-08-04T09:30:00+08:00,2026-07,21-end,一、黑色金属,角钢（5#）,吨,3441.0,-4.3,-0.1,2026-08-04T09:30:00+08:00,2026-09-14T06:30:30.192724+00:00,https://www.stats.gov.cn/sj/zxfb/202608/t20260803_1964273.html,3024209876b9c41114d1637e93b8b41efaef32160ed767b20c88b8a26a7285ee
2026-07:21-end:2026-08-04T09:30:00+08:00,2026-07,21-end,二、有色金属,电解铜（1#）,吨,105694.4,1339.4,1.3,2026-08-04T09:30:00+08:00,2026-09-14T06:30:30.192724+00:00,https://www.stats.gov.cn/sj/zxfb/202608/t20260803_1964273.html,3024209876b9c41114d1637e93b8b41efaef32160ed767b20c88b8a26a7285ee
2026-07:21-end:2026-08-04T09:30:00+08:00,2026-07,21-end,二、有色金属,铝锭（A00）,吨,23270.0,98.3,0.4,2026-08-04T09:30:00+08:00,2026-09-14T06:30:30.192724+00:00,https://www.stats.gov.cn/sj/zxfb/202608/t20260803_1964273.html,3024209876b9c41114d1637e93b8b41efaef32160ed767b20c88b8a26a7285ee
2026-07:21-end:2026-08-04T09:30:00+08:00,2026-07,21-end,二、有色金属,铅锭（1#）,吨,15568.8,-131.2,-0.8,2026-08-04T09:30:00+08:00,2026-09-14T06:30:30.192724+00:00,https://www.stats.gov.cn/sj/zxfb/202608/t20260803_1964273.html,3024209876b9c41114d1637e93b8b41efaef32160ed767b20c88b8a26a7285ee
2026-07:21-end:2026-08-04T09:30:00+08:00,2026-07,21-end,二、有色金属,锌锭（0#）,吨,24651.3,59.6,0.2,2026-08-04T09:30:00+08:00,2026-09-14T06:30:30.192724+00:00,https://www.stats.gov.cn/sj/zxfb/202608/t20260803_1964273.html,3024209876b9c41114d1637e93b8b41efaef32160ed767b20c88b8a26a7285ee
2026-07:21-end:2026-08-04T09:30:00+08:00,2026-07,21-end,三、化工产品,硫酸（98%）,吨,2037.8,-44.0,-2.1,2026-08-04T09:30:00+08:00,2026-09-14T06:30:30.192724+00:00,https://www.stats.gov.cn/sj/zxfb/202608/t20260803_1964273.html,3024209876b9c41114d1637e93b8b41efaef32160ed767b20c88b8a26a7285ee
2026-07:21-end:2026-08-04T09:30:00+08:00,2026-07,21-end,三、化工产品,烧碱（液碱，32%）,吨,690.0,1.1,0.2,2026-08-04T09:30:00+08:00,2026-09-14T06:30:30.192724+00:00,https://www.stats.gov.cn/sj/zxfb/202608/t20260803_1964273.html,3024209876b9c41114d1637e93b8b41efaef32160ed767b20c88b8a26a7285ee
2026-07:21-end:2026-08-04T09:30:00+08:00,2026-07,21-end,三、化工产品,甲醇（优等品）,吨,2526.9,36.1,1.4,2026-08-04T09:30:00+08:00,2026-09-14T06:30:30.192724+00:00,https://www.stats.gov.cn/sj/zxfb/202608/t20260803_1964273.html,3024209876b9c41114d1637e93b8b41efaef32160ed767b20c88b8a26a7285ee
2026-07:21-end:2026-08-04T09:30:00+08:00,2026-07,21-end,三、化工产品,纯苯（石油苯，工业级）,吨,8072.9,163.9,2.1,2026-08-04T09:30:00+08:00,2026-09-14T06:30:30.192724+00:00,https://www.stats.gov.cn/sj/zxfb/202608/t20260803_1964273.html,3024209876b9c41114d1637e93b8b41efaef32160ed767b20c88b8a26a7285ee
2026-07:21-end:2026-08-04T09:30:00+08:00,2026-07,21-end,三、化工产品,乙醇（95.0%）,吨,5487.9,-10.4,-0.2,2026-08-04T09:30:00+08:00,2026-09-14T06:30:30.192724+00:00,https://www.stats.gov.cn/sj/zxfb/202608/t20260803_1964273.html,3024209876b9c41114d1637e93b8b41efaef32160ed767b20c88b8a26a7285ee
2026-07:21-end:2026-08-04T09:30:00+08:00,2026-07,21-end,三、化工产品,聚乙烯（LLDPE，熔融指数2薄膜料）,吨,8500.4,77.3,0.9,2026-08-04T09:30:00+08:00,2026-09-14T06:30:30.192724+00:00,https://www.stats.gov.cn/sj/zxfb/202608/t20260803_1964273.html,3024209876b9c41114d1637e93b8b41efaef32160ed767b20c88b8a26a7285ee
2026-07:21-end:2026-08-04T09:30:00+08:00,2026-07,21-end,三、化工产品,聚丙烯（拉丝料）,吨,8929.0,54.0,0.6,2026-08-04T09:30:00+08:00,2026-09-14T06:30:30.192724+00:00,https://www.stats.gov.cn/sj/zxfb/202608/t20260803_1964273.html,3024209876b9c41114d1637e93b8b41efaef32160ed767b20c88b8a26a7285ee
2026-07:21-end:2026-08-04T09:30:00+08:00,2026-07,21-end,三、化工产品,冰醋酸（99.5%及以上）,吨,3036.9,-53.1,-1.7,2026-08-04T09:30:00+08:00,2026-09-14T06:30:30.192724+00:00,https://www.stats.gov.cn/sj/zxfb/202608/t20260803_1964273.html,3024209876b9c41114d1637e93b8b41efaef32160ed767b20c88b8a26a7285ee
2026-07:21-end:2026-08-04T09:30:00+08:00,2026-07,21-end,三、化工产品,顺丁胶（BR9000）,吨,13000.0,-100.0,-0.8,2026-08-04T09:30:00+08:00,2026-09-14T06:30:30.192724+00:00,https://www.stats.gov.cn/sj/zxfb/202608/t20260803_1964273.html,3024209876b9c41114d1637e93b8b41efaef32160ed767b20c88b8a26a7285ee
2026-07:21-end:2026-08-04T09:30:00+08:00,2026-07,21-end,三、化工产品,涤纶长丝（POY150D/48F）,吨,8525.0,325.0,4.0,2026-08-04T09:30:00+08:00,2026-09-14T06:30:30.192724+00:00,https://www.stats.gov.cn/sj/zxfb/202608/t20260803_1964273.html,3024209876b9c41114d1637e93b8b41efaef32160ed767b20c88b8a26a7285ee
2026-07:21-end:2026-08-04T09:30:00+08:00,2026-07,21-end,三、化工产品,磷酸铁锂（普通动力型）,吨,54368.1,-1598.3,-2.9,2026-08-04T09:30:00+08:00,2026-09-14T06:30:30.192724+00:00,https://www.stats.gov.cn/sj/zxfb/202608/t20260803_1964273.html,3024209876b9c41114d1637e93b8b41efaef32160ed767b20c88b8a26a7285ee
2026-07:21-end:2026-08-04T09:30:00+08:00,2026-07,21-end,四、石油天然气,液化天然气（LNG）,吨,5525.4,-169.4,-3.0,2026-08-04T09:30:00+08:00,2026-09-14T06:30:30.192724+00:00,https://www.stats.gov.cn/sj/zxfb/202608/t20260803_1964273.html,3024209876b9c41114d1637e93b8b41efaef32160ed767b20c88b8a26a7285ee
2026-07:21-end:2026-08-04T09:30:00+08:00,2026-07,21-end,四、石油天然气,液化石油气（LPG）,吨,5999.5,537.8,9.8,2026-08-04T09:30:00+08:00,2026-09-14T06:30:30.192724+00:00,https://www.stats.gov.cn/sj/zxfb/202608/t20260803_1964273.html,3024209876b9c41114d1637e93b8b41efaef32160ed767b20c88b8a26a7285ee
2026-07:21-end:2026-08-04T09:30:00+08:00,2026-07,21-end,四、石油天然气,汽油（95#国VI）,吨,9392.5,466.7,5.2,2026-08-04T09:30:00+08:00,2026-09-14T06:30:30.192724+00:00,https://www.stats.gov.cn/sj/zxfb/202608/t20260803_1964273.html,3024209876b9c41114d1637e93b8b41efaef32160ed767b20c88b8a26a7285ee
2026-07:21-end:2026-08-04T09:30:00+08:00,2026-07,21-end,四、石油天然气,柴油（0#国VI）,吨,7817.7,426.2,5.8,2026-08-04T09:30:00+08:00,2026-09-14T06:30:30.192724+00:00,https://www.stats.gov.cn/sj/zxfb/202608/t20260803_1964273.html,3024209876b9c41114d1637e93b8b41efaef32160ed767b20c88b8a26a7285ee
2026-07:21-end:2026-08-04T09:30:00+08:00,2026-07,21-end,四、石油天然气,石蜡（58#半）,吨,7172.5,87.5,1.2,2026-08-04T09:30:00+08:00,2026-09-14T06:30:30.192724+00:00,https://www.stats.gov.cn/sj/zxfb/202608/t20260803_1964273.html,3024209876b9c41114d1637e93b8b41efaef32160ed767b20c88b8a26a7285ee
2026-07:21-end:2026-08-04T09:30:00+08:00,2026-07,21-end,五、煤炭,无烟煤（洗中块）,吨,1321.9,63.2,5.0,2026-08-04T09:30:00+08:00,2026-09-14T06:30:30.192724+00:00,https://www.stats.gov.cn/sj/zxfb/202608/t20260803_1964273.html,3024209876b9c41114d1637e93b8b41efaef32160ed767b20c88b8a26a7285ee
2026-07:21-end:2026-08-04T09:30:00+08:00,2026-07,21-end,五、煤炭,山西优混（5500大卡）,吨,824.8,12.1,1.5,2026-08-04T09:30:00+08:00,2026-09-14T06:30:30.192724+00:00,https://www.stats.gov.cn/sj/zxfb/202608/t20260803_1964273.html,3024209876b9c41114d1637e93b8b41efaef32160ed767b20c88b8a26a7285ee
2026-07:21-end:2026-08-04T09:30:00+08:00,2026-07,21-end,五、煤炭,焦煤（主焦煤）,吨,1875.0,-33.3,-1.7,2026-08-04T09:30:00+08:00,2026-09-14T06:30:30.192724+00:00,https://www.stats.gov.cn/sj/zxfb/202608/t20260803_1964273.html,3024209876b9c41114d1637e93b8b41efaef32160ed767b20c88b8a26a7285ee
2026-07:21-end:2026-08-04T09:30:00+08:00,2026-07,21-end,五、煤炭,焦炭（准一级冶金焦）,吨,1740.2,-56.2,-3.1,2026-08-04T09:30:00+08:00,2026-09-14T06:30:30.192724+00:00,https://www.stats.gov.cn/sj/zxfb/202608/t20260803_1964273.html,3024209876b9c41114d1637e93b8b41efaef32160ed767b20c88b8a26a7285ee
2026-07:21-end:2026-08-04T09:30:00+08:00,2026-07,21-end,六、非金属矿物制品,普通硅酸盐水泥（P.O 42.5散装）,吨,246.4,-3.6,-1.4,2026-08-04T09:30:00+08:00,2026-09-14T06:30:30.192724+00:00,https://www.stats.gov.cn/sj/zxfb/202608/t20260803_1964273.html,3024209876b9c41114d1637e93b8b41efaef32160ed767b20c88b8a26a7285ee
2026-07:21-end:2026-08-04T09:30:00+08:00,2026-07,21-end,六、非金属矿物制品,浮法平板玻璃（5/6mm）,吨,1098.9,-1.5,-0.1,2026-08-04T09:30:00+08:00,2026-09-14T06:30:30.192724+00:00,https://www.stats.gov.cn/sj/zxfb/202608/t20260803_1964273.html,3024209876b9c41114d1637e93b8b41efaef32160ed767b20c88b8a26a7285ee
2026-07:21-end:2026-08-04T09:30:00+08:00,2026-07,21-end,六、非金属矿物制品,多晶硅（致密料）,千克,31.5,-0.7,-2.2,2026-08-04T09:30:00+08:00,2026-09-14T06:30:30.192724+00:00,https://www.stats.gov.cn/sj/zxfb/202608/t20260803_1964273.html,3024209876b9c41114d1637e93b8b41efaef32160ed767b20c88b8a26a7285ee
2026-07:21-end:2026-08-04T09:30:00+08:00,2026-07,21-end,七、农产品（主要用于加工）,稻米（粳稻米）,吨,3988.3,-1.4,0.0,2026-08-04T09:30:00+08:00,2026-09-14T06:30:30.192724+00:00,https://www.stats.gov.cn/sj/zxfb/202608/t20260803_1964273.html,3024209876b9c41114d1637e93b8b41efaef32160ed767b20c88b8a26a7285ee
2026-07:21-end:2026-08-04T09:30:00+08:00,2026-07,21-end,七、农产品（主要用于加工）,小麦（国标三等）,吨,2406.3,-21.3,-0.9,2026-08-04T09:30:00+08:00,2026-09-14T06:30:30.192724+00:00,https://www.stats.gov.cn/sj/zxfb/202608/t20260803_1964273.html,3024209876b9c41114d1637e93b8b41efaef32160ed767b20c88b8a26a7285ee
2026-07:21-end:2026-08-04T09:30:00+08:00,2026-07,21-end,七、农产品（主要用于加工）,玉米（黄玉米二等）,吨,2264.9,-16.5,-0.7,2026-08-04T09:30:00+08:00,2026-09-14T06:30:30.192724+00:00,https://www.stats.gov.cn/sj/zxfb/202608/t20260803_1964273.html,3024209876b9c41114d1637e93b8b41efaef32160ed767b20c88b8a26a7285ee
2026-07:21-end:2026-08-04T09:30:00+08:00,2026-07,21-end,七、农产品（主要用于加工）,棉花（皮棉，白棉三级）,吨,16810.6,33.3,0.2,2026-08-04T09:30:00+08:00,2026-09-14T06:30:30.192724+00:00,https://www.stats.gov.cn/sj/zxfb/202608/t20260803_1964273.html,3024209876b9c41114d1637e93b8b41efaef32160ed767b20c88b8a26a7285ee
2026-07:21-end:2026-08-04T09:30:00+08:00,2026-07,21-end,七、农产品（主要用于加工）,生猪（外三元）,千克,10.4,-0.6,-5.5,2026-08-04T09:30:00+08:00,2026-09-14T06:30:30.192724+00:00,https://www.stats.gov.cn/sj/zxfb/202608/t20260803_1964273.html,3024209876b9c41114d1637e93b8b41efaef32160ed767b20c88b8a26a7285ee
2026-07:21-end:2026-08-04T09:30:00+08:00,2026-07,21-end,七、农产品（主要用于加工）,大豆（黄豆）,吨,4525.9,31.3,0.7,2026-08-04T09:30:00+08:00,2026-09-14T06:30:30.192724+00:00,https://www.stats.gov.cn/sj/zxfb/202608/t20260803_1964273.html,3024209876b9c41114d1637e93b8b41efaef32160ed767b20c88b8a26a7285ee
2026-07:21-end:2026-08-04T09:30:00+08:00,2026-07,21-end,七、农产品（主要用于加工）,豆粕（粗蛋白含量≥43%）,吨,3044.2,95.2,3.2,2026-08-04T09:30:00+08:00,2026-09-14T06:30:30.192724+00:00,https://www.stats.gov.cn/sj/zxfb/202608/t20260803_1964273.html,3024209876b9c41114d1637e93b8b41efaef32160ed767b20c88b8a26a7285ee
2026-07:21-end:2026-08-04T09:30:00+08:00,2026-07,21-end,七、农产品（主要用于加工）,花生（油料花生米）,吨,7358.3,0.0,0.0,2026-08-04T09:30:00+08:00,2026-09-14T06:30:30.192724+00:00,https://www.stats.gov.cn/sj/zxfb/202608/t20260803_1964273.html,3024209876b9c41114d1637e93b8b41efaef32160ed767b20c88b8a26a7285ee
2026-07:21-end:2026-08-04T09:30:00+08:00,2026-07,21-end,七、农产品（主要用于加工）,白糖（国标一级白砂糖）,吨,5191.9,-48.1,-0.9,2026-08-04T09:30:00+08:00,2026-09-14T06:30:30.192724+00:00,https://www.stats.gov.cn/sj/zxfb/202608/t20260803_1964273.html,3024209876b9c41114d1637e93b8b41efaef32160ed767b20c88b8a26a7285ee
2026-07:21-end:2026-08-04T09:30:00+08:00,2026-07,21-end,八、农业生产资料,尿素（中小颗粒）,吨,1786.8,-13.1,-0.7,2026-08-04T09:30:00+08:00,2026-09-14T06:30:30.192724+00:00,https://www.stats.gov.cn/sj/zxfb/202608/t20260803_1964273.html,3024209876b9c41114d1637e93b8b41efaef32160ed767b20c88b8a26a7285ee
2026-07:21-end:2026-08-04T09:30:00+08:00,2026-07,21-end,八、农业生产资料,磷肥（55%磷酸一铵）,吨,4480.5,-3.3,-0.1,2026-08-04T09:30:00+08:00,2026-09-14T06:30:30.192724+00:00,https://www.stats.gov.cn/sj/zxfb/202608/t20260803_1964273.html,3024209876b9c41114d1637e93b8b41efaef32160ed767b20c88b8a26a7285ee
2026-07:21-end:2026-08-04T09:30:00+08:00,2026-07,21-end,八、农业生产资料,钾肥（港口62%白色氯化钾）,吨,3170.9,-36.0,-1.1,2026-08-04T09:30:00+08:00,2026-09-14T06:30:30.192724+00:00,https://www.stats.gov.cn/sj/zxfb/202608/t20260803_1964273.html,3024209876b9c41114d1637e93b8b41efaef32160ed767b20c88b8a26a7285ee
2026-07:21-end:2026-08-04T09:30:00+08:00,2026-07,21-end,八、农业生产资料,复合肥（硫酸钾复合肥，氮磷钾含量45%）,吨,3640.0,1.9,0.1,2026-08-04T09:30:00+08:00,2026-09-14T06:30:30.192724+00:00,https://www.stats.gov.cn/sj/zxfb/202608/t20260803_1964273.html,3024209876b9c41114d1637e93b8b41efaef32160ed767b20c88b8a26a7285ee
2026-07:21-end:2026-08-04T09:30:00+08:00,2026-07,21-end,八、农业生产资料,农药（草甘膦，95%原药）,吨,26000.0,-250.0,-1.0,2026-08-04T09:30:00+08:00,2026-09-14T06:30:30.192724+00:00,https://www.stats.gov.cn/sj/zxfb/202608/t20260803_1964273.html,3024209876b9c41114d1637e93b8b41efaef32160ed767b20c88b8a26a7285ee
2026-07:21-end:2026-08-04T09:30:00+08:00,2026-07,21-end,九、林产品,天然橡胶（标准胶SCRWF）,吨,16717.7,-292.0,-1.7,2026-08-04T09:30:00+08:00,2026-09-14T06:30:30.192724+00:00,https://www.stats.gov.cn/sj/zxfb/202608/t20260803_1964273.html,3024209876b9c41114d1637e93b8b41efaef32160ed767b20c88b8a26a7285ee
2026-07:21-end:2026-08-04T09:30:00+08:00,2026-07,21-end,九、林产品,纸浆（进口针叶浆）,吨,4906.8,16.0,0.3,2026-08-04T09:30:00+08:00,2026-09-14T06:30:30.192724+00:00,https://www.stats.gov.cn/sj/zxfb/202608/t20260803_1964273.html,3024209876b9c41114d1637e93b8b41efaef32160ed767b20c88b8a26a7285ee
2026-07:21-end:2026-08-04T09:30:00+08:00,2026-07,21-end,九、林产品,瓦楞纸（AA级120g）,吨,3260.2,-3.0,-0.1,2026-08-04T09:30:00+08:00,2026-09-14T06:30:30.192724+00:00,https://www.stats.gov.cn/sj/zxfb/202608/t20260803_1964273.html,3024209876b9c41114d1637e93b8b41efaef32160ed767b20c88b8a26a7285ee
2026-08:1-10:2026-08-14T09:30:00+08:00,2026-08,1-10,一、黑色金属,螺纹钢（Φ20mm，HRB400E）,吨,3062.7,-60.7,-1.9,2026-08-14T09:30:00+08:00,2026-09-14T06:30:30.192724+00:00,https://www.stats.gov.cn/sj/zxfb/202608/t20260813_1965025.html,53ac8c8d571e22e48f2314defc9fa9cbc0f6c8682290cbb136f7db080353910d
2026-08:1-10:2026-08-14T09:30:00+08:00,2026-08,1-10,一、黑色金属,线材（Φ8—10mm，HPB300）,吨,3244.5,-48.7,-1.5,2026-08-14T09:30:00+08:00,2026-09-14T06:30:30.192724+00:00,https://www.stats.gov.cn/sj/zxfb/202608/t20260813_1965025.html,53ac8c8d571e22e48f2314defc9fa9cbc0f6c8682290cbb136f7db080353910d
2026-08:1-10:2026-08-14T09:30:00+08:00,2026-08,1-10,一、黑色金属,普通中板（20mm，Q235）,吨,3466.9,-8.9,-0.3,2026-08-14T09:30:00+08:00,2026-09-14T06:30:30.192724+00:00,https://www.stats.gov.cn/sj/zxfb/202608/t20260813_1965025.html,53ac8c8d571e22e48f2314defc9fa9cbc0f6c8682290cbb136f7db080353910d
2026-08:1-10:2026-08-14T09:30:00+08:00,2026-08,1-10,一、黑色金属,热轧普通板卷（4.75—11.5mm，Q235）,吨,3241.1,-47.3,-1.4,2026-08-14T09:30:00+08:00,2026-09-14T06:30:30.192724+00:00,https://www.stats.gov.cn/sj/zxfb/202608/t20260813_1965025.html,53ac8c8d571e22e48f2314defc9fa9cbc0f6c8682290cbb136f7db080353910d
2026-08:1-10:2026-08-14T09:30:00+08:00,2026-08,1-10,一、黑色金属,无缝钢管（219*6，20#）,吨,4022.7,-21.4,-0.5,2026-08-14T09:30:00+08:00,2026-09-14T06:30:30.192724+00:00,https://www.stats.gov.cn/sj/zxfb/202608/t20260813_1965025.html,53ac8c8d571e22e48f2314defc9fa9cbc0f6c8682290cbb136f7db080353910d
2026-08:1-10:2026-08-14T09:30:00+08:00,2026-08,1-10,一、黑色金属,角钢（5#）,吨,3417.0,-24.0,-0.7,2026-08-14T09:30:00+08:00,2026-09-14T06:30:30.192724+00:00,https://www.stats.gov.cn/sj/zxfb/202608/t20260813_1965025.html,53ac8c8d571e22e48f2314defc9fa9cbc0f6c8682290cbb136f7db080353910d
2026-08:1-10:2026-08-14T09:30:00+08:00,2026-08,1-10,二、有色金属,电解铜（1#）,吨,107498.3,1803.9,1.7,2026-08-14T09:30:00+08:00,2026-09-14T06:30:30.192724+00:00,https://www.stats.gov.cn/sj/zxfb/202608/t20260813_1965025.html,53ac8c8d571e22e48f2314defc9fa9cbc0f6c8682290cbb136f7db080353910d
2026-08:1-10:2026-08-14T09:30:00+08:00,2026-08,1-10,二、有色金属,铝锭（A00）,吨,23773.3,503.3,2.2,2026-08-14T09:30:00+08:00,2026-09-14T06:30:30.192724+00:00,https://www.stats.gov.cn/sj/zxfb/202608/t20260813_1965025.html,53ac8c8d571e22e48f2314defc9fa9cbc0f6c8682290cbb136f7db080353910d
2026-08:1-10:2026-08-14T09:30:00+08:00,2026-08,1-10,二、有色金属,铅锭（1#）,吨,15462.5,-106.3,-0.7,2026-08-14T09:30:00+08:00,2026-09-14T06:30:30.192724+00:00,https://www.stats.gov.cn/sj/zxfb/202608/t20260813_1965025.html,53ac8c8d571e22e48f2314defc9fa9cbc0f6c8682290cbb136f7db080353910d
2026-08:1-10:2026-08-14T09:30:00+08:00,2026-08,1-10,二、有色金属,锌锭（0#）,吨,25374.2,722.9,2.9,2026-08-14T09:30:00+08:00,2026-09-14T06:30:30.192724+00:00,https://www.stats.gov.cn/sj/zxfb/202608/t20260813_1965025.html,53ac8c8d571e22e48f2314defc9fa9cbc0f6c8682290cbb136f7db080353910d
2026-08:1-10:2026-08-14T09:30:00+08:00,2026-08,1-10,三、化工产品,硫酸（98%）,吨,1983.7,-54.1,-2.7,2026-08-14T09:30:00+08:00,2026-09-14T06:30:30.192724+00:00,https://www.stats.gov.cn/sj/zxfb/202608/t20260813_1965025.html,53ac8c8d571e22e48f2314defc9fa9cbc0f6c8682290cbb136f7db080353910d
2026-08:1-10:2026-08-14T09:30:00+08:00,2026-08,1-10,三、化工产品,烧碱（液碱，32%）,吨,684.8,-5.2,-0.8,2026-08-14T09:30:00+08:00,2026-09-14T06:30:30.192724+00:00,https://www.stats.gov.cn/sj/zxfb/202608/t20260813_1965025.html,53ac8c8d571e22e48f2314defc9fa9cbc0f6c8682290cbb136f7db080353910d
2026-08:1-10:2026-08-14T09:30:00+08:00,2026-08,1-10,三、化工产品,甲醇（优等品）,吨,2479.4,-47.5,-1.9,2026-08-14T09:30:00+08:00,2026-09-14T06:30:30.192724+00:00,https://www.stats.gov.cn/sj/zxfb/202608/t20260813_1965025.html,53ac8c8d571e22e48f2314defc9fa9cbc0f6c8682290cbb136f7db080353910d
2026-08:1-10:2026-08-14T09:30:00+08:00,2026-08,1-10,三、化工产品,纯苯（石油苯，工业级）,吨,7487.0,-585.9,-7.3,2026-08-14T09:30:00+08:00,2026-09-14T06:30:30.192724+00:00,https://www.stats.gov.cn/sj/zxfb/202608/t20260813_1965025.html,53ac8c8d571e22e48f2314defc9fa9cbc0f6c8682290cbb136f7db080353910d
2026-08:1-10:2026-08-14T09:30:00+08:00,2026-08,1-10,三、化工产品,乙醇（95.0%）,吨,5458.6,-29.3,-0.5,2026-08-14T09:30:00+08:00,2026-09-14T06:30:30.192724+00:00,https://www.stats.gov.cn/sj/zxfb/202608/t20260813_1965025.html,53ac8c8d571e22e48f2314defc9fa9cbc0f6c8682290cbb136f7db080353910d
2026-08:1-10:2026-08-14T09:30:00+08:00,2026-08,1-10,三、化工产品,聚乙烯（LLDPE，熔融指数2薄膜料）,吨,8413.3,-87.1,-1.0,2026-08-14T09:30:00+08:00,2026-09-14T06:30:30.192724+00:00,https://www.stats.gov.cn/sj/zxfb/202608/t20260813_1965025.html,53ac8c8d571e22e48f2314defc9fa9cbc0f6c8682290cbb136f7db080353910d
2026-08:1-10:2026-08-14T09:30:00+08:00,2026-08,1-10,三、化工产品,聚丙烯（拉丝料）,吨,8838.6,-90.4,-1.0,2026-08-14T09:30:00+08:00,2026-09-14T06:30:30.192724+00:00,https://www.stats.gov.cn/sj/zxfb/202608/t20260813_1965025.html,53ac8c8d571e22e48f2314defc9fa9cbc0f6c8682290cbb136f7db080353910d
2026-08:1-10:2026-08-14T09:30:00+08:00,2026-08,1-10,三、化工产品,冰醋酸（99.5%及以上）,吨,2989.2,-47.7,-1.6,2026-08-14T09:30:00+08:00,2026-09-14T06:30:30.192724+00:00,https://www.stats.gov.cn/sj/zxfb/202608/t20260813_1965025.html,53ac8c8d571e22e48f2314defc9fa9cbc0f6c8682290cbb136f7db080353910d
2026-08:1-10:2026-08-14T09:30:00+08:00,2026-08,1-10,三、化工产品,顺丁胶（BR9000）,吨,12572.2,-427.8,-3.3,2026-08-14T09:30:00+08:00,2026-09-14T06:30:30.192724+00:00,https://www.stats.gov.cn/sj/zxfb/202608/t20260813_1965025.html,53ac8c8d571e22e48f2314defc9fa9cbc0f6c8682290cbb136f7db080353910d
2026-08:1-10:2026-08-14T09:30:00+08:00,2026-08,1-10,三、化工产品,涤纶长丝（POY150D/48F）,吨,8450.0,-75.0,-0.9,2026-08-14T09:30:00+08:00,2026-09-14T06:30:30.192724+00:00,https://www.stats.gov.cn/sj/zxfb/202608/t20260813_1965025.html,53ac8c8d571e22e48f2314defc9fa9cbc0f6c8682290cbb136f7db080353910d
2026-08:1-10:2026-08-14T09:30:00+08:00,2026-08,1-10,三、化工产品,磷酸铁锂（普通动力型）,吨,53732.5,-635.6,-1.2,2026-08-14T09:30:00+08:00,2026-09-14T06:30:30.192724+00:00,https://www.stats.gov.cn/sj/zxfb/202608/t20260813_1965025.html,53ac8c8d571e22e48f2314defc9fa9cbc0f6c8682290cbb136f7db080353910d
2026-08:1-10:2026-08-14T09:30:00+08:00,2026-08,1-10,四、石油天然气,液化天然气（LNG）,吨,5539.5,14.1,0.3,2026-08-14T09:30:00+08:00,2026-09-14T06:30:30.192724+00:00,https://www.stats.gov.cn/sj/zxfb/202608/t20260813_1965025.html,53ac8c8d571e22e48f2314defc9fa9cbc0f6c8682290cbb136f7db080353910d
2026-08:1-10:2026-08-14T09:30:00+08:00,2026-08,1-10,四、石油天然气,液化石油气（LPG）,吨,5790.9,-208.6,-3.5,2026-08-14T09:30:00+08:00,2026-09-14T06:30:30.192724+00:00,https://www.stats.gov.cn/sj/zxfb/202608/t20260813_1965025.html,53ac8c8d571e22e48f2314defc9fa9cbc0f6c8682290cbb136f7db080353910d
2026-08:1-10:2026-08-14T09:30:00+08:00,2026-08,1-10,四、石油天然气,汽油（95#国VI）,吨,9440.1,47.6,0.5,2026-08-14T09:30:00+08:00,2026-09-14T06:30:30.192724+00:00,https://www.stats.gov.cn/sj/zxfb/202608/t20260813_1965025.html,53ac8c8d571e22e48f2314defc9fa9cbc0f6c8682290cbb136f7db080353910d
2026-08:1-10:2026-08-14T09:30:00+08:00,2026-08,1-10,四、石油天然气,柴油（0#国VI）,吨,7905.7,88.0,1.1,2026-08-14T09:30:00+08:00,2026-09-14T06:30:30.192724+00:00,https://www.stats.gov.cn/sj/zxfb/202608/t20260813_1965025.html,53ac8c8d571e22e48f2314defc9fa9cbc0f6c8682290cbb136f7db080353910d
2026-08:1-10:2026-08-14T09:30:00+08:00,2026-08,1-10,四、石油天然气,石蜡（58#半）,吨,7366.3,193.8,2.7,2026-08-14T09:30:00+08:00,2026-09-14T06:30:30.192724+00:00,https://www.stats.gov.cn/sj/zxfb/202608/t20260813_1965025.html,53ac8c8d571e22e48f2314defc9fa9cbc0f6c8682290cbb136f7db080353910d
2026-08:1-10:2026-08-14T09:30:00+08:00,2026-08,1-10,五、煤炭,无烟煤（洗中块）,吨,1314.0,-7.9,-0.6,2026-08-14T09:30:00+08:00,2026-09-14T06:30:30.192724+00:00,https://www.stats.gov.cn/sj/zxfb/202608/t20260813_1965025.html,53ac8c8d571e22e48f2314defc9fa9cbc0f6c8682290cbb136f7db080353910d
2026-08:1-10:2026-08-14T09:30:00+08:00,2026-08,1-10,五、煤炭,山西优混（5500大卡）,吨,840.8,16.0,1.9,2026-08-14T09:30:00+08:00,2026-09-14T06:30:30.192724+00:00,https://www.stats.gov.cn/sj/zxfb/202608/t20260813_1965025.html,53ac8c8d571e22e48f2314defc9fa9cbc0f6c8682290cbb136f7db080353910d
2026-08:1-10:2026-08-14T09:30:00+08:00,2026-08,1-10,五、煤炭,焦煤（主焦煤）,吨,1908.3,33.3,1.8,2026-08-14T09:30:00+08:00,2026-09-14T06:30:30.192724+00:00,https://www.stats.gov.cn/sj/zxfb/202608/t20260813_1965025.html,53ac8c8d571e22e48f2314defc9fa9cbc0f6c8682290cbb136f7db080353910d
2026-08:1-10:2026-08-14T09:30:00+08:00,2026-08,1-10,五、煤炭,焦炭（准一级冶金焦）,吨,1679.7,-60.5,-3.5,2026-08-14T09:30:00+08:00,2026-09-14T06:30:30.192724+00:00,https://www.stats.gov.cn/sj/zxfb/202608/t20260813_1965025.html,53ac8c8d571e22e48f2314defc9fa9cbc0f6c8682290cbb136f7db080353910d
2026-08:1-10:2026-08-14T09:30:00+08:00,2026-08,1-10,六、非金属矿物制品,普通硅酸盐水泥（P.O 42.5散装）,吨,246.8,0.4,0.2,2026-08-14T09:30:00+08:00,2026-09-14T06:30:30.192724+00:00,https://www.stats.gov.cn/sj/zxfb/202608/t20260813_1965025.html,53ac8c8d571e22e48f2314defc9fa9cbc0f6c8682290cbb136f7db080353910d
2026-08:1-10:2026-08-14T09:30:00+08:00,2026-08,1-10,六、非金属矿物制品,浮法平板玻璃（5/6mm）,吨,1095.6,-3.3,-0.3,2026-08-14T09:30:00+08:00,2026-09-14T06:30:30.192724+00:00,https://www.stats.gov.cn/sj/zxfb/202608/t20260813_1965025.html,53ac8c8d571e22e48f2314defc9fa9cbc0f6c8682290cbb136f7db080353910d
2026-08:1-10:2026-08-14T09:30:00+08:00,2026-08,1-10,六、非金属矿物制品,多晶硅（致密料）,千克,31.5,0.0,0.0,2026-08-14T09:30:00+08:00,2026-09-14T06:30:30.192724+00:00,https://www.stats.gov.cn/sj/zxfb/202608/t20260813_1965025.html,53ac8c8d571e22e48f2314defc9fa9cbc0f6c8682290cbb136f7db080353910d
2026-08:1-10:2026-08-14T09:30:00+08:00,2026-08,1-10,七、农产品（主要用于加工）,稻米（粳稻米）,吨,3988.0,-0.3,0.0,2026-08-14T09:30:00+08:00,2026-09-14T06:30:30.192724+00:00,https://www.stats.gov.cn/sj/zxfb/202608/t20260813_1965025.html,53ac8c8d571e22e48f2314defc9fa9cbc0f6c8682290cbb136f7db080353910d
2026-08:1-10:2026-08-14T09:30:00+08:00,2026-08,1-10,七、农产品（主要用于加工）,小麦（国标三等）,吨,2390.8,-15.5,-0.6,2026-08-14T09:30:00+08:00,2026-09-14T06:30:30.192724+00:00,https://www.stats.gov.cn/sj/zxfb/202608/t20260813_1965025.html,53ac8c8d571e22e48f2314defc9fa9cbc0f6c8682290cbb136f7db080353910d
2026-08:1-10:2026-08-14T09:30:00+08:00,2026-08,1-10,七、农产品（主要用于加工）,玉米（黄玉米二等）,吨,2241.6,-23.3,-1.0,2026-08-14T09:30:00+08:00,2026-09-14T06:30:30.192724+00:00,https://www.stats.gov.cn/sj/zxfb/202608/t20260813_1965025.html,53ac8c8d571e22e48f2314defc9fa9cbc0f6c8682290cbb136f7db080353910d
2026-08:1-10:2026-08-14T09:30:00+08:00,2026-08,1-10,七、农产品（主要用于加工）,棉花（皮棉，白棉三级）,吨,17198.0,387.4,2.3,2026-08-14T09:30:00+08:00,2026-09-14T06:30:30.192724+00:00,https://www.stats.gov.cn/sj/zxfb/202608/t20260813_1965025.html,53ac8c8d571e22e48f2314defc9fa9cbc0f6c8682290cbb136f7db080353910d
2026-08:1-10:2026-08-14T09:30:00+08:00,2026-08,1-10,七、农产品（主要用于加工）,生猪（外三元）,千克,10.4,0.0,0.0,2026-08-14T09:30:00+08:00,2026-09-14T06:30:30.192724+00:00,https://www.stats.gov.cn/sj/zxfb/202608/t20260813_1965025.html,53ac8c8d571e22e48f2314defc9fa9cbc0f6c8682290cbb136f7db080353910d
2026-08:1-10:2026-08-14T09:30:00+08:00,2026-08,1-10,七、农产品（主要用于加工）,大豆（黄豆）,吨,4464.8,-61.1,-1.4,2026-08-14T09:30:00+08:00,2026-09-14T06:30:30.192724+00:00,https://www.stats.gov.cn/sj/zxfb/202608/t20260813_1965025.html,53ac8c8d571e22e48f2314defc9fa9cbc0f6c8682290cbb136f7db080353910d
2026-08:1-10:2026-08-14T09:30:00+08:00,2026-08,1-10,七、农产品（主要用于加工）,豆粕（粗蛋白含量≥43%）,吨,3045.0,0.8,0.0,2026-08-14T09:30:00+08:00,2026-09-14T06:30:30.192724+00:00,https://www.stats.gov.cn/sj/zxfb/202608/t20260813_1965025.html,53ac8c8d571e22e48f2314defc9fa9cbc0f6c8682290cbb136f7db080353910d
2026-08:1-10:2026-08-14T09:30:00+08:00,2026-08,1-10,七、农产品（主要用于加工）,花生（油料花生米）,吨,7358.3,0.0,0.0,2026-08-14T09:30:00+08:00,2026-09-14T06:30:30.192724+00:00,https://www.stats.gov.cn/sj/zxfb/202608/t20260813_1965025.html,53ac8c8d571e22e48f2314defc9fa9cbc0f6c8682290cbb136f7db080353910d
2026-08:1-10:2026-08-14T09:30:00+08:00,2026-08,1-10,七、农产品（主要用于加工）,白糖（国标一级白砂糖）,吨,5174.2,-17.7,-0.3,2026-08-14T09:30:00+08:00,2026-09-14T06:30:30.192724+00:00,https://www.stats.gov.cn/sj/zxfb/202608/t20260813_1965025.html,53ac8c8d571e22e48f2314defc9fa9cbc0f6c8682290cbb136f7db080353910d
2026-08:1-10:2026-08-14T09:30:00+08:00,2026-08,1-10,八、农业生产资料,尿素（中小颗粒）,吨,1770.4,-16.4,-0.9,2026-08-14T09:30:00+08:00,2026-09-14T06:30:30.192724+00:00,https://www.stats.gov.cn/sj/zxfb/202608/t20260813_1965025.html,53ac8c8d571e22e48f2314defc9fa9cbc0f6c8682290cbb136f7db080353910d
2026-08:1-10:2026-08-14T09:30:00+08:00,2026-08,1-10,八、农业生产资料,磷肥（55%磷酸一铵）,吨,4471.9,-8.6,-0.2,2026-08-14T09:30:00+08:00,2026-09-14T06:30:30.192724+00:00,https://www.stats.gov.cn/sj/zxfb/202608/t20260813_1965025.html,53ac8c8d571e22e48f2314defc9fa9cbc0f6c8682290cbb136f7db080353910d
2026-08:1-10:2026-08-14T09:30:00+08:00,2026-08,1-10,八、农业生产资料,钾肥（港口62%白色氯化钾）,吨,3135.0,-35.9,-1.1,2026-08-14T09:30:00+08:00,2026-09-14T06:30:30.192724+00:00,https://www.stats.gov.cn/sj/zxfb/202608/t20260813_1965025.html,53ac8c8d571e22e48f2314defc9fa9cbc0f6c8682290cbb136f7db080353910d
2026-08:1-10:2026-08-14T09:30:00+08:00,2026-08,1-10,八、农业生产资料,复合肥（硫酸钾复合肥，氮磷钾含量45%）,吨,3640.0,0.0,0.0,2026-08-14T09:30:00+08:00,2026-09-14T06:30:30.192724+00:00,https://www.stats.gov.cn/sj/zxfb/202608/t20260813_1965025.html,53ac8c8d571e22e48f2314defc9fa9cbc0f6c8682290cbb136f7db080353910d
2026-08:1-10:2026-08-14T09:30:00+08:00,2026-08,1-10,八、农业生产资料,农药（草甘膦，95%原药）,吨,26000.0,0.0,0.0,2026-08-14T09:30:00+08:00,2026-09-14T06:30:30.192724+00:00,https://www.stats.gov.cn/sj/zxfb/202608/t20260813_1965025.html,53ac8c8d571e22e48f2314defc9fa9cbc0f6c8682290cbb136f7db080353910d
2026-08:1-10:2026-08-14T09:30:00+08:00,2026-08,1-10,九、林产品,天然橡胶（标准胶SCRWF）,吨,16798.6,80.9,0.5,2026-08-14T09:30:00+08:00,2026-09-14T06:30:30.192724+00:00,https://www.stats.gov.cn/sj/zxfb/202608/t20260813_1965025.html,53ac8c8d571e22e48f2314defc9fa9cbc0f6c8682290cbb136f7db080353910d
2026-08:1-10:2026-08-14T09:30:00+08:00,2026-08,1-10,九、林产品,纸浆（进口针叶浆）,吨,4798.8,-108.0,-2.2,2026-08-14T09:30:00+08:00,2026-09-14T06:30:30.192724+00:00,https://www.stats.gov.cn/sj/zxfb/202608/t20260813_1965025.html,53ac8c8d571e22e48f2314defc9fa9cbc0f6c8682290cbb136f7db080353910d
2026-08:1-10:2026-08-14T09:30:00+08:00,2026-08,1-10,九、林产品,瓦楞纸（AA级120g）,吨,3212.4,-47.8,-1.5,2026-08-14T09:30:00+08:00,2026-09-14T06:30:30.192724+00:00,https://www.stats.gov.cn/sj/zxfb/202608/t20260813_1965025.html,53ac8c8d571e22e48f2314defc9fa9cbc0f6c8682290cbb136f7db080353910d
