model_version,forecast_month,as_of,timing,panel,product,feature,observed_training_months,observed_training_mean,observed_training_sd_with_floor,live_log_change,standardized_value,standardized_coefficient,raw_coefficient,contribution_pp,intercept_pp,prediction_mom,alpha,minimum_history,missingness_indicators
product-ridge-v2-3200ca1610c2d8e9,2026-09,2026-10-07T04:35:54.229179+08:00,early,union,"Steel rebar (Φ16-25mm,HRB400)",price__p_015e142afb02def6,67,0.016636858762043013,6.986537985602371,,0.0,0.010810149488642964,0.0015472827186970382,0.0,0.03286713286713286,0.9126166328137125,100.0,24,False
product-ridge-v2-3200ca1610c2d8e9,2026-09,2026-10-07T04:35:54.229179+08:00,early,union,Peanuts (oilseed kernels),price__p_08af219b10a3d0c1,143,0.07051452873043672,3.9435895232625415,2.1298284060216828,0.5221927548858003,0.008624719959727033,0.0021870227387640944,0.004503766275888408,0.03286713286713286,0.9126166328137125,100.0,24,False
product-ridge-v2-3200ca1610c2d8e9,2026-09,2026-10-07T04:35:54.229179+08:00,early,union,Styrene (grade 1),price__p_090787ff4c600967,135,-0.6309838329711946,9.112266711129054,,0.0,0.007938377592997899,0.0008711748508527024,0.0,0.03286713286713286,0.9126166328137125,100.0,24,False
product-ridge-v2-3200ca1610c2d8e9,2026-09,2026-10-07T04:35:54.229179+08:00,early,union,Diesel (0#China V),price__p_0d20aebdd2e3e2a3,25,-0.6957680647170017,6.128260310622925,,0.0,0.017047841525957393,0.002781840304075549,0.0,0.03286713286713286,0.9126166328137125,100.0,24,False
product-ridge-v2-3200ca1610c2d8e9,2026-09,2026-10-07T04:35:54.229179+08:00,early,union,Gasoline (97#),price__p_117934e693b030e1,33,-0.7718032604003482,4.524766498477029,,0.0,0.010946451671749551,0.0024192301802610076,0.0,0.03286713286713286,0.9126166328137125,100.0,24,False
product-ridge-v2-3200ca1610c2d8e9,2026-09,2026-10-07T04:35:54.229179+08:00,early,union,"Maize (yellow maize, grade 2)",price__p_12f4a9142c235af4,143,0.08758598912069718,3.620626256778799,-0.21436235432513417,-0.08339671704045723,0.006727097670060362,0.0018579928423889105,-0.0005610178608935431,0.03286713286713286,0.9126166328137125,100.0,24,False
product-ridge-v2-3200ca1610c2d8e9,2026-09,2026-10-07T04:35:54.229179+08:00,early,union,Datong blended coal (5800 kcal/kg),price__p_156a750ae05683cb,135,-0.25589524456489876,7.455650384221837,,0.0,0.02091002237029173,0.002804587298586716,0.0,0.03286713286713286,0.9126166328137125,100.0,24,False
product-ridge-v2-3200ca1610c2d8e9,2026-09,2026-10-07T04:35:54.229179+08:00,early,union,"Steel wire rod (Φ8—10mm,HPB300)",price__p_175e0c5b4d6a8cd9,24,-0.6380605638022963,4.374546004162389,3.7090584688514108,0.9937303273339483,-0.004014902304302025,-0.0009177871944841448,-0.003989730181067875,0.03286713286713286,0.9126166328137125,100.0,24,False
product-ridge-v2-3200ca1610c2d8e9,2026-09,2026-10-07T04:35:54.229179+08:00,early,union,"Polyethylene (LLDPE,7042)",price__p_1bee12058e36565f,91,-0.2551225167647621,4.266720240358652,,0.0,0.015426072918905123,0.003615440443690406,0.0,0.03286713286713286,0.9126166328137125,100.0,24,False
product-ridge-v2-3200ca1610c2d8e9,2026-09,2026-10-07T04:35:54.229179+08:00,early,union,Gasoline (95#China VI),price__p_212ef5b23dbb70ff,81,0.21609115068063064,5.761478304042807,10.16354050891795,1.7265446181160193,0.02538314510086216,0.004405665310420575,0.04382513256475157,0.03286713286713286,0.9126166328137125,100.0,24,False
product-ridge-v2-3200ca1610c2d8e9,2026-09,2026-10-07T04:35:54.229179+08:00,early,union,Steel angle (5#),price__p_29096e2e6c801716,143,-0.13231603192418162,4.116418071456362,1.5333982276935836,0.4046513815416339,0.04325890281796377,0.01050887010673798,0.017504774789264318,0.03286713286713286,0.9126166328137125,100.0,24,False
product-ridge-v2-3200ca1610c2d8e9,2026-09,2026-10-07T04:35:54.229179+08:00,early,union,"Medium steel plate (20mm,Q235)",price__p_2929b2190c67fa05,143,-0.18218038136824397,4.889061032989243,2.7819075946210696,0.6062693748327022,0.03161753780037216,0.006466995929695059,0.019168744875980956,0.03286713286713286,0.9126166328137125,100.0,24,False
product-ridge-v2-3200ca1610c2d8e9,2026-09,2026-10-07T04:35:54.229179+08:00,early,union,Polypropylene (T30S),price__p_29a1d693bcd6b5ed,91,-0.3454859400685283,5.435279656581026,,0.0,0.02395884989581887,0.0044080252369001,0.0,0.03286713286713286,0.9126166328137125,100.0,24,False
product-ridge-v2-3200ca1610c2d8e9,2026-09,2026-10-07T04:35:54.229179+08:00,early,union,"Hot-rolled steel coil (4.75-11.5mm,Q235)",price__p_2b23ed0aa617091c,26,-1.1719881263243013,4.371643275816685,,0.0,-0.006407466847743805,-0.0014656884021596662,-0.0,0.03286713286713286,0.9126166328137125,100.0,24,False
product-ridge-v2-3200ca1610c2d8e9,2026-09,2026-10-07T04:35:54.229179+08:00,early,union,Coking coal (one-third coking coal),price__p_2c2bb2eb34a2530d,67,0.24334272723060385,6.19114642539784,,0.0,0.01748837289857056,0.002824739021973102,0.0,0.03286713286713286,0.9126166328137125,100.0,24,False
product-ridge-v2-3200ca1610c2d8e9,2026-09,2026-10-07T04:35:54.229179+08:00,early,union,Shanxi premium blended coal (5500 kcal/kg),price__p_2fee73ae064112ed,143,-0.2774682980973036,7.622288903511529,11.82058239514457,1.587193931690046,0.024388997569176746,0.003199694721350817,0.03871006894180062,0.03286713286713286,0.9126166328137125,100.0,24,False
product-ridge-v2-3200ca1610c2d8e9,2026-09,2026-10-07T04:35:54.229179+08:00,early,union,Polyester filament yarn (POY150D/48F),price__p_31deb9fdc417508e,51,0.12863901306424894,5.48529251995056,9.450296867479507,1.6993912030236222,0.004169100417130197,0.0007600506995692134,0.007084932573393171,0.03286713286713286,0.9126166328137125,100.0,24,False
product-ridge-v2-3200ca1610c2d8e9,2026-09,2026-10-07T04:35:54.229179+08:00,early,union,Composite Portland cement (P.C32.5Rbagged),price__p_35042b5fee5e1452,38,1.6048969309673997,4.605279259385273,,0.0,-0.0010462073992683542,-0.00022717566956146005,-0.0,0.03286713286713286,0.9126166328137125,100.0,24,False
product-ridge-v2-3200ca1610c2d8e9,2026-09,2026-10-07T04:35:54.229179+08:00,early,union,Shanxi blended coal (5000 kcal/kg),price__p_3862181ef4e50416,135,-0.4040058287942918,8.467147905816521,,0.0,0.00835283107053932,0.0009864987789809754,0.0,0.03286713286713286,0.9126166328137125,100.0,24,False
product-ridge-v2-3200ca1610c2d8e9,2026-09,2026-10-07T04:35:54.229179+08:00,early,union,Gasoline (93#),price__p_394ed64ad5df6eab,33,-0.8218466354663542,6.003932115489878,,0.0,0.007514637540175905,0.0012516193380648782,0.0,0.03286713286713286,0.9126166328137125,100.0,24,False
product-ridge-v2-3200ca1610c2d8e9,2026-09,2026-10-07T04:35:54.229179+08:00,early,union,Corrugating paper (AA grade 120g),price__p_398b35a78734a78e,51,-0.5798707650523498,3.9096997041638746,-3.274935545602567,-0.6893278216943215,-0.0015149206274760484,-0.00038747748986006284,0.0010442769361778592,0.03286713286713286,0.9126166328137125,100.0,24,False
product-ridge-v2-3200ca1610c2d8e9,2026-09,2026-10-07T04:35:54.229179+08:00,early,union,Diesel (0#),price__p_3a66e1c2dcaacdbe,33,-0.5108103315543839,5.659315092587078,,0.0,0.016519174761508076,0.002918935328966913,0.0,0.03286713286713286,0.9126166328137125,100.0,24,False
product-ridge-v2-3200ca1610c2d8e9,2026-09,2026-10-07T04:35:54.229179+08:00,early,union,Zinc ingot (0#),price__p_3abb1bdf911a74ba,143,0.24078358064451633,4.298757719183896,6.180391122396094,1.3817032570235646,0.015404015895597917,0.003583364521069663,0.021283778934190402,0.03286713286713286,0.9126166328137125,100.0,24,False
product-ridge-v2-3200ca1610c2d8e9,2026-09,2026-10-07T04:35:54.229179+08:00,early,union,Polyester filament yarn (FDY150D/96F),price__p_47f8c50648adab37,91,-0.5228730677399396,7.343505346496312,,0.0,0.021002025292105292,0.002859945530253566,0.0,0.03286713286713286,0.9126166328137125,100.0,24,False
product-ridge-v2-3200ca1610c2d8e9,2026-09,2026-10-07T04:35:54.229179+08:00,early,union,Aluminium ingot (A00),price__p_4b78aecc4ad2673a,143,0.24185239652047955,4.782291459203927,2.4227440769342867,0.45603487345307975,0.020771767418384927,0.0043434758411488895,0.009472650326039975,0.03286713286713286,0.9126166328137125,100.0,24,False
product-ridge-v2-3200ca1610c2d8e9,2026-09,2026-10-07T04:35:54.229179+08:00,early,union,Diesel (0#China VI),price__p_4d6f925d5fd37636,81,0.10055519557031198,5.543478612914101,9.703701516789422,1.732332167539638,0.030236655662198967,0.005454455184829176,0.0523799312424468,0.03286713286713286,0.9126166328137125,100.0,24,False
product-ridge-v2-3200ca1610c2d8e9,2026-09,2026-10-07T04:35:54.229179+08:00,early,union,"Polyethylene (LLDPE,film grade, melt index 2)",price__p_4f0bc051d584c367,51,-0.12162041595335203,4.836655765377072,9.368480764134251,1.9621204486004478,0.017004796927651496,0.0035158170753807573,0.03336545977604307,0.03286713286713286,0.9126166328137125,100.0,24,False
product-ridge-v2-3200ca1610c2d8e9,2026-09,2026-10-07T04:35:54.229179+08:00,early,union,Corrugating paper (high strength),price__p_57bdf8a55dab3591,91,0.4877168705848616,8.234280751334802,,0.0,0.008456043991468626,0.0010269317074351485,0.0,0.03286713286713286,0.9126166328137125,100.0,24,False
product-ridge-v2-3200ca1610c2d8e9,2026-09,2026-10-07T04:35:54.229179+08:00,early,union,Sulfuric acid (98%),price__p_5a70d1f2747b0f36,143,1.6319048088749903,17.27745346856997,-7.753790759745836,-0.5432337343981091,0.04323881016292455,0.0025026147656297733,-0.023488780315736413,0.03286713286713286,0.9126166328137125,100.0,24,False
product-ridge-v2-3200ca1610c2d8e9,2026-09,2026-10-07T04:35:54.229179+08:00,early,union,Paper pulp (imported softwood pulp),price__p_5b64eea47fe39565,51,-0.7006831951697075,3.641605167024059,3.4228663293456454,1.132343934992036,0.003200747296037631,0.0008789385859349768,0.00362434678811037,0.03286713286713286,0.9126166328137125,100.0,24,False
product-ridge-v2-3200ca1610c2d8e9,2026-09,2026-10-07T04:35:54.229179+08:00,early,union,Polypropylene (raffia grade),price__p_679f919cb34f89e9,51,0.06219914100371929,5.1546602029447,8.621153389732234,1.6604303507414604,0.02305185428194987,0.004472041487580704,0.03827599849061906,0.03286713286713286,0.9126166328137125,100.0,24,False
product-ridge-v2-3200ca1610c2d8e9,2026-09,2026-10-07T04:35:54.229179+08:00,early,union,Soybean meal (crude protein ≥43%),price__p_6a02652f4a9989e9,143,-0.25177591649038034,6.288680505855599,8.217760033925554,1.3467906252400117,0.01656996534426049,0.0026348874503692226,0.022316273986201913,0.03286713286713286,0.9126166328137125,100.0,24,False
product-ridge-v2-3200ca1610c2d8e9,2026-09,2026-10-07T04:35:54.229179+08:00,early,union,Lead ingot (1#),price__p_6ad195c852babce1,143,0.02989253908788506,4.44992396796134,3.456465702198657,0.770029597759757,0.012480450798756215,0.0028046436048375744,0.009610316508426685,0.03286713286713286,0.9126166328137125,100.0,24,False
product-ridge-v2-3200ca1610c2d8e9,2026-09,2026-10-07T04:35:54.229179+08:00,early,union,Wheat (national standard grade 3),price__p_6f9697bbf4df888a,143,-0.1536758612541495,2.303112943223977,0.20891663471315222,0.1574358292041606,0.028227457465276905,0.01225621936966892,0.004444013172371043,0.03286713286713286,0.9126166328137125,100.0,24,False
product-ridge-v2-3200ca1610c2d8e9,2026-09,2026-10-07T04:35:54.229179+08:00,early,union,Urea (medium/small prills),price__p_7b4d7b259b6753fa,29,-0.7483177638297875,4.466202640084238,0.08469074271837543,0.18651381804128156,0.012086764869279006,0.002706273280303071,0.002254348663536459,0.03286713286713286,0.9126166328137125,100.0,24,False
product-ridge-v2-3200ca1610c2d8e9,2026-09,2026-10-07T04:35:54.229179+08:00,early,union,"Benzene (petroleum-derived,industrial grade)",price__p_7bbab6017e1fb60b,143,-0.2862880399483852,10.117392312464196,19.12747235940904,1.9188502135516186,0.04966798583763356,0.004909168716967189,0.09530542523122192,0.03286713286713286,0.9126166328137125,100.0,24,False
product-ridge-v2-3200ca1610c2d8e9,2026-09,2026-10-07T04:35:54.229179+08:00,early,union,Liquefied petroleum gas (LPG),price__p_8de345911b7fc78f,143,-0.07847643926577177,9.386383079763567,16.813609949342442,1.7996374370258184,0.028100727629056427,0.002993775918824342,0.050571121448915714,0.03286713286713286,0.9126166328137125,100.0,24,False
product-ridge-v2-3200ca1610c2d8e9,2026-09,2026-10-07T04:35:54.229179+08:00,early,union,Gasoline (92#China V),price__p_9341bdcca7b05d66,25,-0.3367839601297717,4.833550806526402,,0.0,0.012939984221970922,0.002677117659443856,0.0,0.03286713286713286,0.9126166328137125,100.0,24,False
product-ridge-v2-3200ca1610c2d8e9,2026-09,2026-10-07T04:35:54.229179+08:00,early,union,Compound fertilizer (potassium-sulfate-based),price__p_93a4e9685d04bc1a,52,-0.2625372213947105,2.537471336918032,,0.0,0.028362129005306515,0.011177319953396856,0.0,0.03286713286713286,0.9126166328137125,100.0,24,False
product-ridge-v2-3200ca1610c2d8e9,2026-09,2026-10-07T04:35:54.229179+08:00,early,union,Soybeans (yellow soybeans),price__p_955389fa1088a0da,143,-0.0034525017766423435,3.409736671408793,5.280509674691771,1.5496686945872717,0.027972207417656995,0.008203626881867033,0.043347654153644916,0.03286713286713286,0.9126166328137125,100.0,24,False
product-ridge-v2-3200ca1610c2d8e9,2026-09,2026-10-07T04:35:54.229179+08:00,early,union,Polybutadiene rubber (BR9000),price__p_96d693419d7e59f7,143,-0.00274544090539897,9.970189002638268,18.40341887643251,1.8461198992784742,0.027169175188432003,0.002725041138261533,0.050157554962347306,0.03286713286713286,0.9126166328137125,100.0,24,False
product-ridge-v2-3200ca1610c2d8e9,2026-09,2026-10-07T04:35:54.229179+08:00,early,union,Ordinary Portland cement (P.O42.5bulk),price__p_9f31a8386b8c5eb8,143,-0.2240152332808821,5.048167609368868,1.5678713133014859,0.3549578154371925,0.05941375383595521,0.01176937028114707,0.02108937626853378,0.03286713286713286,0.9126166328137125,100.0,24,False
product-ridge-v2-3200ca1610c2d8e9,2026-09,2026-10-07T04:35:54.229179+08:00,early,union,Anthracite (2 gradewashed medium lumps),price__p_a074fa497eab1cb8,67,-0.04187811055552812,2.8034635524132123,,0.0,0.02254815064072832,0.008042961935894957,0.0,0.03286713286713286,0.9126166328137125,100.0,24,False
product-ridge-v2-3200ca1610c2d8e9,2026-09,2026-10-07T04:35:54.229179+08:00,early,union,Gasoline (95#China V),price__p_a295b5ca26a7559a,25,-0.45395612307694705,5.09367235485402,,0.0,0.014620322756733648,0.002870291164841256,0.0,0.03286713286713286,0.9126166328137125,100.0,24,False
product-ridge-v2-3200ca1610c2d8e9,2026-09,2026-10-07T04:35:54.229179+08:00,early,union,"Caustic soda (liquid,32%)",price__p_aaab792e0f7a512c,143,0.024568447637372086,11.440867182469361,-0.3217788354925565,-0.030272817401519214,0.01000127401137232,0.0008741709742682003,-0.00030276674192883385,0.03286713286713286,0.9126166328137125,100.0,24,False
product-ridge-v2-3200ca1610c2d8e9,2026-09,2026-10-07T04:35:54.229179+08:00,early,union,"Compound fertilizer (potassium-sulfate-based,NPK content 45%)",price__p_ab0f14fdeeb99eb0,90,0.35683155170020153,3.1125468343864022,-0.5675415404685541,-0.29698287009100816,0.044352519686062096,0.014249591105287132,-0.013171938592134662,0.03286713286713286,0.9126166328137125,100.0,24,False
product-ridge-v2-3200ca1610c2d8e9,2026-09,2026-10-07T04:35:54.229179+08:00,early,union,Live hogs (three-way crossbred),price__p_b2354c8beb79d919,143,-0.05654302903707077,11.186543151255766,5.608946665104358,0.506455802971219,-0.00890268994004384,-0.00079583923466513,-0.004508818982188696,0.03286713286713286,0.9126166328137125,100.0,24,False
product-ridge-v2-3200ca1610c2d8e9,2026-09,2026-10-07T04:35:54.229179+08:00,early,union,Urea (small prills [source spelling]),price__p_b6a4aa3d34b35ea7,92,0.46360278979409447,5.572882734152886,,0.0,0.030861730977422994,0.005537839651333374,0.0,0.03286713286713286,0.9126166328137125,100.0,24,False
product-ridge-v2-3200ca1610c2d8e9,2026-09,2026-10-07T04:35:54.229179+08:00,early,union,Anthracite (washed medium lumps),price__p_b74ad31919d3dab3,74,0.4460921470470366,8.919289309650495,20.823850032918344,2.284684034615065,0.030748937470425095,0.0034474649720303784,0.07025160652005716,0.03286713286713286,0.9126166328137125,100.0,24,False
product-ridge-v2-3200ca1610c2d8e9,2026-09,2026-10-07T04:35:54.229179+08:00,early,union,PVC (SG5),price__p_b7a55e9cddc1fa47,135,-0.31215894930063626,6.824441649060929,,0.0,0.004896486714848943,0.0007174926487242689,0.0,0.03286713286713286,0.9126166328137125,100.0,24,False
product-ridge-v2-3200ca1610c2d8e9,2026-09,2026-10-07T04:35:54.229179+08:00,early,union,Standard blended coal (4500 kcal/kg),price__p_b7b1618afb05d922,135,-0.4448361551788303,8.462090787684968,,0.0,-0.00031139830930224983,-3.6799216306616964e-05,-0.0,0.03286713286713286,0.9126166328137125,100.0,24,False
product-ridge-v2-3200ca1610c2d8e9,2026-09,2026-10-07T04:35:54.229179+08:00,early,union,"Hot-rolled steel sheet (3mm,Q235)",price__p_b873db1e2ba44465,91,0.1382879581271973,5.705220934268338,,0.0,0.02377130019725135,0.004166587143798294,0.0,0.03286713286713286,0.9126166328137125,100.0,24,False
product-ridge-v2-3200ca1610c2d8e9,2026-09,2026-10-07T04:35:54.229179+08:00,early,union,"Cotton (lint,white cotton, grade 3)",price__p_ba1176602ebbd96b,143,-0.029562936581412853,4.394474421454025,1.9365864646925097,0.44741400511403395,0.03827557119059193,0.008709931500278814,0.01712502660441007,0.03286713286713286,0.9126166328137125,100.0,24,False
product-ridge-v2-3200ca1610c2d8e9,2026-09,2026-10-07T04:35:54.229179+08:00,early,union,Ordinary Portland cement (P.O42.5bagged),price__p_bbc1e9ba2c1b1332,69,-0.6046297992282117,5.489103139838797,,0.0,0.026949093926307434,0.004909562316422218,0.0,0.03286713286713286,0.9126166328137125,100.0,24,False
product-ridge-v2-3200ca1610c2d8e9,2026-09,2026-10-07T04:35:54.229179+08:00,early,union,"Steel wire rod (Φ6.5mm,HPB300)",price__p_bc05e8925dafddbd,101,-0.0130543470164305,6.173566426649071,,0.0,0.028467170324231815,0.004611138579695078,0.0,0.03286713286713286,0.9126166328137125,100.0,24,False
product-ridge-v2-3200ca1610c2d8e9,2026-09,2026-10-07T04:35:54.229179+08:00,early,union,"Hot-rolled steel coil (4.75—11.5mm,Q235)",price__p_bd3edefacd71ccb9,24,-0.5087855684466628,4.915099818195592,3.352506539909652,0.785597902622831,-0.0017222634372352037,-0.0003504025352362982,-0.0013530065440559638,0.03286713286713286,0.9126166328137125,100.0,24,False
product-ridge-v2-3200ca1610c2d8e9,2026-09,2026-10-07T04:35:54.229179+08:00,early,union,"Steel rebar (Φ16-25mm,HRB400E)",price__p_c0cb077ae13a5415,32,0.07261890561922096,6.439125249180421,,0.0,0.011729112879787984,0.00182153824097161,0.0,0.03286713286713286,0.9126166328137125,100.0,24,False
product-ridge-v2-3200ca1610c2d8e9,2026-09,2026-10-07T04:35:54.229179+08:00,early,union,Paraffin wax (58#semi-refined),price__p_c2351f7e990ff8ee,143,-0.07381278869843125,4.23519141835439,2.0982984660876394,0.5128720381734382,0.04325974108816523,0.010214353216878701,0.02218671158274253,0.03286713286713286,0.9126166328137125,100.0,24,False
product-ridge-v2-3200ca1610c2d8e9,2026-09,2026-10-07T04:35:54.229179+08:00,early,union,Composite Portland cement (P.C32.5bagged),price__p_c790a9428097cdce,24,-1.4040967618154336,2.252828301097472,,0.0,-0.002271713141455348,-0.0010083827251054492,-0.0,0.03286713286713286,0.9126166328137125,100.0,24,False
product-ridge-v2-3200ca1610c2d8e9,2026-09,2026-10-07T04:35:54.229179+08:00,early,union,Metallurgical coke (quasi-grade 1),price__p_cf6f0c8ecd5041af,51,-1.2466726444030545,9.732009229220807,16.64493983257691,1.838429460512591,0.005768889680392866,0.0005927747851976454,0.010605696742881312,0.03286713286713286,0.9126166328137125,100.0,24,False
product-ridge-v2-3200ca1610c2d8e9,2026-09,2026-10-07T04:35:54.229179+08:00,early,union,Gasoline (92#China VI),price__p_cf91019388b7c9a6,73,0.035056948205283336,4.722204619498314,,0.0,0.032275572500209466,0.006834852595531623,0.0,0.03286713286713286,0.9126166328137125,100.0,24,False
product-ridge-v2-3200ca1610c2d8e9,2026-09,2026-10-07T04:35:54.229179+08:00,early,union,Float glass (4.8-5mm),price__p_d499d7f7dc39d7ab,33,1.1166871900438031,3.548680754331473,,0.0,-0.00550677245080948,-0.0015517801774893349,-0.0,0.03286713286713286,0.9126166328137125,100.0,24,False
product-ridge-v2-3200ca1610c2d8e9,2026-09,2026-10-07T04:35:54.229179+08:00,early,union,"Glyphosate herbicide (glyphosate,95%technical grade)",price__p_d513ce0622315a93,143,-0.10032691772354388,7.775613114036042,-2.0398958912693574,-0.24944257708046547,0.044082936326798876,0.005669383967577189,-0.01099616124263078,0.03286713286713286,0.9126166328137125,100.0,24,False
product-ridge-v2-3200ca1610c2d8e9,2026-09,2026-10-07T04:35:54.229179+08:00,early,union,Manufactured wood panel (1220*2440*15mm),price__p_d808a66ec902704a,67,-0.05209590556902015,1.0,,0.0,0.006711108173332942,0.006711108173332942,0.0,0.03286713286713286,0.9126166328137125,100.0,24,False
product-ridge-v2-3200ca1610c2d8e9,2026-09,2026-10-07T04:35:54.229179+08:00,early,union,"Seamless steel pipe (219*6,20#)",price__p_d8a34b15fb6f311c,143,-0.10779084306645811,3.7708285999757574,0.10435302079940804,0.05625921683823816,0.039900048267681475,0.01058124155203925,0.002244745467347661,0.03286713286713286,0.9126166328137125,100.0,24,False
product-ridge-v2-3200ca1610c2d8e9,2026-09,2026-10-07T04:35:54.229179+08:00,early,union,Coking coal (primary coking coal),price__p_dde8e41d5f1a8881,74,0.027132368649895343,13.411214577822369,30.833665062051423,2.29707253691587,0.03746274472584017,0.002793389406190766,0.08605464206721732,0.03286713286713286,0.9126166328137125,100.0,24,False
product-ridge-v2-3200ca1610c2d8e9,2026-09,2026-10-07T04:35:54.229179+08:00,early,union,Electrolytic copper (1#),price__p_e0705204f7294fed,143,0.3823821690938129,4.500519300081617,2.747261186195596,0.5254680314467034,0.04170759894621275,0.009267285876422391,0.021916009914635017,0.03286713286713286,0.9126166328137125,100.0,24,False
product-ridge-v2-3200ca1610c2d8e9,2026-09,2026-10-07T04:35:54.229179+08:00,early,union,"Steel rebar (Φ20mm,HRB400E)",price__p_e07286f243955a55,40,-0.7009881838908228,4.556524686793579,3.843301329025607,0.9973148013632823,-0.0015977933154785945,-0.00035066051987155144,-0.001593502923046115,0.03286713286713286,0.9126166328137125,100.0,24,False
product-ridge-v2-3200ca1610c2d8e9,2026-09,2026-10-07T04:35:54.229179+08:00,early,union,Natural rubber (standard rubber SCRWF),price__p_e9114732b34c7687,74,0.6625687046416744,5.100557633511556,9.647518248081441,1.761562203396561,-0.01447923910684776,-0.002838756102218437,-0.025506080344564395,0.03286713286713286,0.9126166328137125,100.0,24,False
product-ridge-v2-3200ca1610c2d8e9,2026-09,2026-10-07T04:35:54.229179+08:00,early,union,Metallurgical coke (grade 2),price__p_e9a1a6b2d848b28d,91,0.6931148255281425,12.524248029322345,,0.0,0.023037039892260896,0.0018393950549626227,0.0,0.03286713286713286,0.9126166328137125,100.0,24,False
product-ridge-v2-3200ca1610c2d8e9,2026-09,2026-10-07T04:35:54.229179+08:00,early,union,Methanol (premium grade),price__p_ec63403370289989,143,-0.32148949964953244,8.645435003692073,30.959280642693514,3.6181834839987173,0.032897877653731644,0.003805231042704323,0.11903055758534231,0.03286713286713286,0.9126166328137125,100.0,24,False
product-ridge-v2-3200ca1610c2d8e9,2026-09,2026-10-07T04:35:54.229179+08:00,early,union,Paper pulp (bleached chemical pulp),price__p_f05785b9d3415065,91,0.07005067871762957,4.898225197008576,,0.0,0.01769402447255112,0.0036123338068158118,0.0,0.03286713286713286,0.9126166328137125,100.0,24,False
product-ridge-v2-3200ca1610c2d8e9,2026-09,2026-10-07T04:35:54.229179+08:00,early,union,Japonica rice (japonica),price__p_f155865bddb5ae03,126,0.10839594023309673,1.0,-0.17568080814117298,-0.2840767483742697,-0.04291652386702697,-0.04291652386702697,0.012191586551671761,0.03286713286713286,0.9126166328137125,100.0,24,False
product-ridge-v2-3200ca1610c2d8e9,2026-09,2026-10-07T04:35:54.229179+08:00,early,union,Liquefied natural gas (LNG),price__p_f7fd37c9c13f589b,143,-0.1634767347786685,12.51993162404356,8.716180043190258,0.7092416352271632,0.020126812950065454,0.0016075816988819227,0.014274773728615667,0.03286713286713286,0.9126166328137125,100.0,24,False
product-ridge-v2-3200ca1610c2d8e9,2026-09,2026-10-07T04:35:54.229179+08:00,early,union,Float glass (4.8/5mm),price__p_fcdf70fd9a5b0838,100,-0.7315937183096327,6.403091064288194,,0.0,-0.0008584764875431438,-0.00013407219715038947,-0.0,0.03286713286713286,0.9126166328137125,100.0,24,False
product-ridge-v2-3200ca1610c2d8e9,2026-09,2026-10-07T04:35:54.229179+08:00,final,union,"Steel rebar (Φ16-25mm,HRB400)",price__p_015e142afb02def6,61,0.1375473735566924,6.792292185588192,,0.0,0.02458977139697143,0.003620246409473628,0.0,0.018320610687022888,1.0418570402724336,25.0,24,False
product-ridge-v2-3200ca1610c2d8e9,2026-09,2026-10-07T04:35:54.229179+08:00,final,union,Peanuts (oilseed kernels),price__p_08af219b10a3d0c1,131,0.04442289006681913,3.818044069576526,1.5735191476421644,0.40049203982733056,0.019588671874825492,0.005130551538394932,0.00784510715665712,0.018320610687022888,1.0418570402724336,25.0,24,False
product-ridge-v2-3200ca1610c2d8e9,2026-09,2026-10-07T04:35:54.229179+08:00,final,union,Styrene (grade 1),price__p_090787ff4c600967,125,-1.2032694776958013,8.461595283825112,,0.0,-0.011348698622095985,-0.0013412008305088473,-0.0,0.018320610687022888,1.0418570402724336,25.0,24,False
product-ridge-v2-3200ca1610c2d8e9,2026-09,2026-10-07T04:35:54.229179+08:00,final,union,Gasoline (97#),price__p_117934e693b030e1,31,-1.3149563576547159,3.8181643407229786,,0.0,0.04201681811225751,0.011004455115806128,0.0,0.018320610687022888,1.0418570402724336,25.0,24,False
product-ridge-v2-3200ca1610c2d8e9,2026-09,2026-10-07T04:35:54.229179+08:00,final,union,"Maize (yellow maize, grade 2)",price__p_12f4a9142c235af4,131,-0.08573718423997212,3.4212952854759036,-0.6970231162802076,-0.17867090707875144,0.019457025632835283,0.005687034882792586,-0.003476404418873198,0.018320610687022888,1.0418570402724336,25.0,24,False
product-ridge-v2-3200ca1610c2d8e9,2026-09,2026-10-07T04:35:54.229179+08:00,final,union,Datong blended coal (5800 kcal/kg),price__p_156a750ae05683cb,125,-0.0033768740963462276,7.9381610656892265,,0.0,0.030904062811180365,0.0038931010035505166,0.0,0.018320610687022888,1.0418570402724336,25.0,24,False
product-ridge-v2-3200ca1610c2d8e9,2026-09,2026-10-07T04:35:54.229179+08:00,final,union,"Polyethylene (LLDPE,7042)",price__p_1bee12058e36565f,83,-0.2975217851747915,3.7701179702470156,,0.0,-0.006363453859101397,-0.0016878659790808793,-0.0,0.018320610687022888,1.0418570402724336,25.0,24,False
product-ridge-v2-3200ca1610c2d8e9,2026-09,2026-10-07T04:35:54.229179+08:00,final,union,Gasoline (95#China VI),price__p_212ef5b23dbb70ff,75,-0.29060831384073565,4.76717122644153,12.28133409639133,2.6371912845296372,0.010144436018786894,0.002127978110481935,0.026752818255213327,0.018320610687022888,1.0418570402724336,25.0,24,False
product-ridge-v2-3200ca1610c2d8e9,2026-09,2026-10-07T04:35:54.229179+08:00,final,union,Steel angle (5#),price__p_29096e2e6c801716,131,-0.14490564148571713,3.9808966752757544,1.1041627110098655,0.31376557956231316,0.04975816299246219,0.012499234984292947,0.015612398849285941,0.018320610687022888,1.0418570402724336,25.0,24,False
product-ridge-v2-3200ca1610c2d8e9,2026-09,2026-10-07T04:35:54.229179+08:00,final,union,"Medium steel plate (20mm,Q235)",price__p_2929b2190c67fa05,131,-0.16768993205193664,4.766818358132564,2.324098348531347,0.5227361509028551,0.020540738272690137,0.004309108661051881,0.010737386461369002,0.018320610687022888,1.0418570402724336,25.0,24,False
product-ridge-v2-3200ca1610c2d8e9,2026-09,2026-10-07T04:35:54.229179+08:00,final,union,Polypropylene (T30S),price__p_29a1d693bcd6b5ed,83,-0.4004578838350807,5.173383088692556,,0.0,0.011464291496178246,0.0022160144144816388,0.0,0.018320610687022888,1.0418570402724336,25.0,24,False
product-ridge-v2-3200ca1610c2d8e9,2026-09,2026-10-07T04:35:54.229179+08:00,final,union,"Hot-rolled steel coil (4.75-11.5mm,Q235)",price__p_2b23ed0aa617091c,24,-1.0623360582659436,4.542101098211517,,0.0,-0.028082325920025256,-0.006182673021321094,-0.0,0.018320610687022888,1.0418570402724336,25.0,24,False
product-ridge-v2-3200ca1610c2d8e9,2026-09,2026-10-07T04:35:54.229179+08:00,final,union,Coking coal (one-third coking coal),price__p_2c2bb2eb34a2530d,61,0.2756451461683285,6.310929546539762,,0.0,0.02436886402273652,0.003861374753596766,0.0,0.018320610687022888,1.0418570402724336,25.0,24,False
product-ridge-v2-3200ca1610c2d8e9,2026-09,2026-10-07T04:35:54.229179+08:00,final,union,Shanxi premium blended coal (5500 kcal/kg),price__p_2fee73ae064112ed,131,-0.0289772078110962,8.057696064545087,12.472777895173191,1.5515297428496513,0.04240813070972495,0.00526305911392293,0.06579747613479395,0.018320610687022888,1.0418570402724336,25.0,24,False
product-ridge-v2-3200ca1610c2d8e9,2026-09,2026-10-07T04:35:54.229179+08:00,final,union,Polyester filament yarn (POY150D/48F),price__p_31deb9fdc417508e,47,-0.49181432496977273,4.865428055831088,10.498017503708954,2.2587594971233216,-0.02409209886102532,-0.004951691523246669,-0.0544182571079749,0.018320610687022888,1.0418570402724336,25.0,24,False
product-ridge-v2-3200ca1610c2d8e9,2026-09,2026-10-07T04:35:54.229179+08:00,final,union,Composite Portland cement (P.C32.5Rbagged),price__p_35042b5fee5e1452,34,2.0331280933630307,4.00729412159178,,0.0,-0.010885865876128413,-0.002716512825318727,-0.0,0.018320610687022888,1.0418570402724336,25.0,24,False
product-ridge-v2-3200ca1610c2d8e9,2026-09,2026-10-07T04:35:54.229179+08:00,final,union,Shanxi blended coal (5000 kcal/kg),price__p_3862181ef4e50416,125,-0.03350185416989714,9.169367630940918,,0.0,-0.0045074186278672036,-0.0004915735533012622,-0.0,0.018320610687022888,1.0418570402724336,25.0,24,False
product-ridge-v2-3200ca1610c2d8e9,2026-09,2026-10-07T04:35:54.229179+08:00,final,union,Gasoline (93#),price__p_394ed64ad5df6eab,31,-1.338728661699632,5.097945541115244,,0.0,0.018868402569515393,0.0037011777425514977,0.0,0.018320610687022888,1.0418570402724336,25.0,24,False
product-ridge-v2-3200ca1610c2d8e9,2026-09,2026-10-07T04:35:54.229179+08:00,final,union,Corrugating paper (AA grade 120g),price__p_398b35a78734a78e,47,-0.6103381123585468,3.916510561089923,-3.9876706696385003,-0.8623320439457918,0.0024306125441893667,0.0006206066615362204,-0.0020959950832710977,0.018320610687022888,1.0418570402724336,25.0,24,False
product-ridge-v2-3200ca1610c2d8e9,2026-09,2026-10-07T04:35:54.229179+08:00,final,union,Diesel (0#),price__p_3a66e1c2dcaacdbe,31,-0.48728433137321925,5.366944756973248,,0.0,0.02243395858671773,0.004180024129663229,0.0,0.018320610687022888,1.0418570402724336,25.0,24,False
product-ridge-v2-3200ca1610c2d8e9,2026-09,2026-10-07T04:35:54.229179+08:00,final,union,Zinc ingot (0#),price__p_3abb1bdf911a74ba,131,0.39700491994779874,4.0651182437607005,4.528669149346512,1.016369999996962,0.024797243298274454,0.006100005414684853,0.025203174170991872,0.018320610687022888,1.0418570402724336,25.0,24,False
product-ridge-v2-3200ca1610c2d8e9,2026-09,2026-10-07T04:35:54.229179+08:00,final,union,Polyester filament yarn (FDY150D/96F),price__p_47f8c50648adab37,83,-0.7573651285533304,6.663507594603934,,0.0,0.01318522938741638,0.001978722046943219,0.0,0.018320610687022888,1.0418570402724336,25.0,24,False
product-ridge-v2-3200ca1610c2d8e9,2026-09,2026-10-07T04:35:54.229179+08:00,final,union,Aluminium ingot (A00),price__p_4b78aecc4ad2673a,131,0.19758419425181073,4.659465415274968,1.7001248734923005,0.32247061525872933,0.012724123781983484,0.0027308119382688017,0.004103156024604444,0.018320610687022888,1.0418570402724336,25.0,24,False
product-ridge-v2-3200ca1610c2d8e9,2026-09,2026-10-07T04:35:54.229179+08:00,final,union,Diesel (0#China VI),price__p_4d6f925d5fd37636,75,-0.3553602478795472,4.534294927993632,10.118189384454457,2.3098518730382667,0.030790976989691157,0.006790686860617549,0.07112259587231629,0.018320610687022888,1.0418570402724336,25.0,24,False
product-ridge-v2-3200ca1610c2d8e9,2026-09,2026-10-07T04:35:54.229179+08:00,final,union,"Polyethylene (LLDPE,film grade, melt index 2)",price__p_4f0bc051d584c367,47,-0.5394216035291717,3.3013855842296658,10.128890778028135,3.2314651255880538,0.002881172348134081,0.0008727160989304326,0.009310407963803925,0.018320610687022888,1.0418570402724336,25.0,24,False
product-ridge-v2-3200ca1610c2d8e9,2026-09,2026-10-07T04:35:54.229179+08:00,final,union,Corrugating paper (high strength),price__p_57bdf8a55dab3591,83,0.35272742751904346,7.719527563180036,,0.0,0.009924042049037242,0.001285576347492056,0.0,0.018320610687022888,1.0418570402724336,25.0,24,False
product-ridge-v2-3200ca1610c2d8e9,2026-09,2026-10-07T04:35:54.229179+08:00,final,union,Sulfuric acid (98%),price__p_5a70d1f2747b0f36,131,1.3332807235657869,16.936558922983696,-8.264953921465086,-0.5667169280771446,0.04254193957952776,0.002511840792039307,-0.024109237312953464,0.018320610687022888,1.0418570402724336,25.0,24,False
product-ridge-v2-3200ca1610c2d8e9,2026-09,2026-10-07T04:35:54.229179+08:00,final,union,Paper pulp (imported softwood pulp),price__p_5b64eea47fe39565,47,-0.7044531460162575,3.4587748837104737,2.8411176183595477,1.0250944000646318,0.0020824389035997187,0.0006020741371192503,0.0021346964585568034,0.018320610687022888,1.0418570402724336,25.0,24,False
product-ridge-v2-3200ca1610c2d8e9,2026-09,2026-10-07T04:35:54.229179+08:00,final,union,Polypropylene (raffia grade),price__p_679f919cb34f89e9,47,-0.4241682028422289,3.5966237622847332,9.602710407749484,2.7878586344606138,0.04559818482774064,0.01267805248519369,0.1271212932877477,0.018320610687022888,1.0418570402724336,25.0,24,False
product-ridge-v2-3200ca1610c2d8e9,2026-09,2026-10-07T04:35:54.229179+08:00,final,union,Soybean meal (crude protein ≥43%),price__p_6a02652f4a9989e9,131,-0.3443376348190571,6.010750053444208,8.340503815645766,1.4448848102556417,-0.017433352127293373,-0.0029003621798088116,-0.025189185680564073,0.018320610687022888,1.0418570402724336,25.0,24,False
product-ridge-v2-3200ca1610c2d8e9,2026-09,2026-10-07T04:35:54.229179+08:00,final,union,Lead ingot (1#),price__p_6ad195c852babce1,131,0.14483480311700464,4.140898388520338,2.4168989607480778,0.5486887009663975,0.002065009357997981,0.0004986863149607176,0.0011330473021233668,0.018320610687022888,1.0418570402724336,25.0,24,False
product-ridge-v2-3200ca1610c2d8e9,2026-09,2026-10-07T04:35:54.229179+08:00,final,union,Wheat (national standard grade 3),price__p_6f9697bbf4df888a,131,-0.1417468471834079,2.3398320970780437,0.13572347906825113,0.11858557141692383,0.008913382866138192,0.003809411315140571,0.0010569986004388158,0.018320610687022888,1.0418570402724336,25.0,24,False
product-ridge-v2-3200ca1610c2d8e9,2026-09,2026-10-07T04:35:54.229179+08:00,final,union,Urea (medium/small prills),price__p_7b4d7b259b6753fa,25,-1.1476727849386252,4.142462103941111,1.2307500241683005,0.5741568056456353,0.03204595639472702,0.0077359685111515475,0.018399403957455786,0.018320610687022888,1.0418570402724336,25.0,24,False
product-ridge-v2-3200ca1610c2d8e9,2026-09,2026-10-07T04:35:54.229179+08:00,final,union,"Benzene (petroleum-derived,industrial grade)",price__p_7bbab6017e1fb60b,131,-0.9904157892523604,8.835063421152539,19.319639613975824,2.2988013141595225,0.05378363289226102,0.006087520861875705,0.12363788597300296,0.018320610687022888,1.0418570402724336,25.0,24,False
product-ridge-v2-3200ca1610c2d8e9,2026-09,2026-10-07T04:35:54.229179+08:00,final,union,Liquefied petroleum gas (LPG),price__p_8de345911b7fc78f,131,0.07153369129164923,8.350132747830594,21.20994625348258,2.5315061688908833,0.04215193647900388,0.00504805585156178,0.10670788722729498,0.018320610687022888,1.0418570402724336,25.0,24,False
product-ridge-v2-3200ca1610c2d8e9,2026-09,2026-10-07T04:35:54.229179+08:00,final,union,Compound fertilizer (potassium-sulfate-based),price__p_93a4e9685d04bc1a,48,-0.40135436744604797,2.0758071191355203,,0.0,0.049339433145284745,0.023768794648817076,0.0,0.018320610687022888,1.0418570402724336,25.0,24,False
product-ridge-v2-3200ca1610c2d8e9,2026-09,2026-10-07T04:35:54.229179+08:00,final,union,Soybeans (yellow soybeans),price__p_955389fa1088a0da,131,-0.11801527435487237,3.2247171852865173,4.409026426274918,1.4038569711742215,0.015412108927637638,0.004779367628875729,0.021636396558560554,0.018320610687022888,1.0418570402724336,25.0,24,False
product-ridge-v2-3200ca1610c2d8e9,2026-09,2026-10-07T04:35:54.229179+08:00,final,union,Polybutadiene rubber (BR9000),price__p_96d693419d7e59f7,131,-0.42370457154470087,9.363771420351965,14.786453950848056,1.624362432570042,0.044705359721849386,0.004774289943118774,0.07261770686670205,0.018320610687022888,1.0418570402724336,25.0,24,False
product-ridge-v2-3200ca1610c2d8e9,2026-09,2026-10-07T04:35:54.229179+08:00,final,union,Ordinary Portland cement (P.O42.5bulk),price__p_9f31a8386b8c5eb8,131,-0.08598849509994227,5.112845839644331,2.705555916769136,0.5459864231039027,0.08811693425673098,0.017234420324877372,0.048110649749714296,0.018320610687022888,1.0418570402724336,25.0,24,False
product-ridge-v2-3200ca1610c2d8e9,2026-09,2026-10-07T04:35:54.229179+08:00,final,union,Anthracite (2 gradewashed medium lumps),price__p_a074fa497eab1cb8,61,-0.17419469840387702,2.830584627011648,,0.0,0.03543613377733956,0.01251901583834672,0.0,0.018320610687022888,1.0418570402724336,25.0,24,False
product-ridge-v2-3200ca1610c2d8e9,2026-09,2026-10-07T04:35:54.229179+08:00,final,union,"Caustic soda (liquid,32%)",price__p_aaab792e0f7a512c,131,-0.030275252811923593,10.98794153048833,-0.29987223056359114,-0.024535712808774476,0.004620572691895085,0.00042051303959657457,-0.0001133690445804038,0.018320610687022888,1.0418570402724336,25.0,24,False
product-ridge-v2-3200ca1610c2d8e9,2026-09,2026-10-07T04:35:54.229179+08:00,final,union,"Compound fertilizer (potassium-sulfate-based,NPK content 45%)",price__p_ab0f14fdeeb99eb0,82,0.30963326588177414,3.1742273536616925,-0.521459609800111,-0.26182525165475673,0.06563339625345105,0.020676967633631645,-0.017184480491016188,0.018320610687022888,1.0418570402724336,25.0,24,False
product-ridge-v2-3200ca1610c2d8e9,2026-09,2026-10-07T04:35:54.229179+08:00,final,union,Live hogs (three-way crossbred),price__p_b2354c8beb79d919,131,0.4841123409021,10.537423601349612,1.3921338518608015,0.08617111215329751,0.012591866772663397,0.0011949663645533482,0.0010850551638865579,0.018320610687022888,1.0418570402724336,25.0,24,False
product-ridge-v2-3200ca1610c2d8e9,2026-09,2026-10-07T04:35:54.229179+08:00,final,union,Urea (small prills [source spelling]),price__p_b6a4aa3d34b35ea7,84,0.4637317140278237,5.452213944255455,,0.0,0.04058249903599543,0.007443306416607852,0.0,0.018320610687022888,1.0418570402724336,25.0,24,False
product-ridge-v2-3200ca1610c2d8e9,2026-09,2026-10-07T04:35:54.229179+08:00,final,union,Anthracite (washed medium lumps),price__p_b74ad31919d3dab3,68,0.3246662487266218,9.422958926870239,18.50658983155144,1.9295344194887414,0.047526473077905265,0.005043688871696144,0.09170396564072324,0.018320610687022888,1.0418570402724336,25.0,24,False
product-ridge-v2-3200ca1610c2d8e9,2026-09,2026-10-07T04:35:54.229179+08:00,final,union,PVC (SG5),price__p_b7a55e9cddc1fa47,125,-0.42327915625870666,6.770491186996719,,0.0,-0.05055186867017131,-0.007466499442058251,-0.0,0.018320610687022888,1.0418570402724336,25.0,24,False
product-ridge-v2-3200ca1610c2d8e9,2026-09,2026-10-07T04:35:54.229179+08:00,final,union,Standard blended coal (4500 kcal/kg),price__p_b7b1618afb05d922,125,-0.040847153794725644,9.255633607468965,,0.0,-0.018379819463782872,-0.0019857980818245675,-0.0,0.018320610687022888,1.0418570402724336,25.0,24,False
product-ridge-v2-3200ca1610c2d8e9,2026-09,2026-10-07T04:35:54.229179+08:00,final,union,"Hot-rolled steel sheet (3mm,Q235)",price__p_b873db1e2ba44465,83,0.25329556121829944,5.639668582427957,,0.0,0.015938785668475505,0.002826191900378237,0.0,0.018320610687022888,1.0418570402724336,25.0,24,False
product-ridge-v2-3200ca1610c2d8e9,2026-09,2026-10-07T04:35:54.229179+08:00,final,union,"Cotton (lint,white cotton, grade 3)",price__p_ba1176602ebbd96b,131,-0.058245605205049615,4.199752579544394,-0.3957998435599296,-0.08037479160058024,0.063472266092546,0.015113334628734659,-0.00510157015960496,0.018320610687022888,1.0418570402724336,25.0,24,False
product-ridge-v2-3200ca1610c2d8e9,2026-09,2026-10-07T04:35:54.229179+08:00,final,union,Ordinary Portland cement (P.O42.5bagged),price__p_bbc1e9ba2c1b1332,65,-0.589263444282363,5.691094385886468,,0.0,0.029050049110170437,0.005104475016652791,0.0,0.018320610687022888,1.0418570402724336,25.0,24,False
product-ridge-v2-3200ca1610c2d8e9,2026-09,2026-10-07T04:35:54.229179+08:00,final,union,"Steel wire rod (Φ6.5mm,HPB300)",price__p_bc05e8925dafddbd,93,0.029624238100252574,6.041899348587809,,0.0,0.021720342298679002,0.0035949526871472564,0.0,0.018320610687022888,1.0418570402724336,25.0,24,False
product-ridge-v2-3200ca1610c2d8e9,2026-09,2026-10-07T04:35:54.229179+08:00,final,union,"Steel rebar (Φ16-25mm,HRB400E)",price__p_c0cb077ae13a5415,30,-0.11130536793871333,6.52731773920293,,0.0,-0.024894979638488003,-0.0038139677939943526,-0.0,0.018320610687022888,1.0418570402724336,25.0,24,False
product-ridge-v2-3200ca1610c2d8e9,2026-09,2026-10-07T04:35:54.229179+08:00,final,union,Paraffin wax (58#semi-refined),price__p_c2351f7e990ff8ee,131,-0.23443111972513297,3.9747404091439824,2.109837818048405,0.5897917087567514,0.06208067603337428,0.015618800133602749,0.036614667998498114,0.018320610687022888,1.0418570402724336,25.0,24,False
product-ridge-v2-3200ca1610c2d8e9,2026-09,2026-10-07T04:35:54.229179+08:00,final,union,Metallurgical coke (quasi-grade 1),price__p_cf6f0c8ecd5041af,47,-1.2759305400747425,9.22428121569163,20.437006866040164,2.353889359875385,0.000577979239058573,6.26584582086851e-05,0.0013604991810488467,0.018320610687022888,1.0418570402724336,25.0,24,False
product-ridge-v2-3200ca1610c2d8e9,2026-09,2026-10-07T04:35:54.229179+08:00,final,union,Gasoline (92#China VI),price__p_cf91019388b7c9a6,69,-0.2601178888264581,4.368623112213402,,0.0,0.04793317625269638,0.010972147292516294,0.0,0.018320610687022888,1.0418570402724336,25.0,24,False
product-ridge-v2-3200ca1610c2d8e9,2026-09,2026-10-07T04:35:54.229179+08:00,final,union,Float glass (4.8-5mm),price__p_d499d7f7dc39d7ab,31,1.1602078210455422,3.2697168232938405,,0.0,-0.01648541465353402,-0.00504184782489114,-0.0,0.018320610687022888,1.0418570402724336,25.0,24,False
product-ridge-v2-3200ca1610c2d8e9,2026-09,2026-10-07T04:35:54.229179+08:00,final,union,"Glyphosate herbicide (glyphosate,95%technical grade)",price__p_d513ce0622315a93,131,-0.05332618082253274,7.659872179658769,1.1823949750545129,0.1613239916925212,0.056337164022633106,0.00735484388006365,0.009088536180767468,0.018320610687022888,1.0418570402724336,25.0,24,False
product-ridge-v2-3200ca1610c2d8e9,2026-09,2026-10-07T04:35:54.229179+08:00,final,union,Manufactured wood panel (1220*2440*15mm),price__p_d808a66ec902704a,61,-0.04738458913520104,1.0,,0.0,-0.006295550652637264,-0.006295550652637264,-0.0,0.018320610687022888,1.0418570402724336,25.0,24,False
product-ridge-v2-3200ca1610c2d8e9,2026-09,2026-10-07T04:35:54.229179+08:00,final,union,"Seamless steel pipe (219*6,20#)",price__p_d8a34b15fb6f311c,131,-0.14985854473373272,3.6995109775303163,0.20021769474094323,0.09462770663499326,0.06048852238781664,0.016350410298876038,0.005723890151298535,0.018320610687022888,1.0418570402724336,25.0,24,False
product-ridge-v2-3200ca1610c2d8e9,2026-09,2026-10-07T04:35:54.229179+08:00,final,union,Coking coal (primary coking coal),price__p_dde8e41d5f1a8881,68,0.25187728598193304,12.656867233412463,26.43052158315305,2.0683352218519713,0.05000456361586612,0.003950785189865993,0.10342620018003346,0.018320610687022888,1.0418570402724336,25.0,24,False
product-ridge-v2-3200ca1610c2d8e9,2026-09,2026-10-07T04:35:54.229179+08:00,final,union,Electrolytic copper (1#),price__p_e0705204f7294fed,131,0.42334987357375825,4.293200807437825,1.6220693664733186,0.2792134695453377,0.07415501334508748,0.017272663607212697,0.020705078560262696,0.018320610687022888,1.0418570402724336,25.0,24,False
product-ridge-v2-3200ca1610c2d8e9,2026-09,2026-10-07T04:35:54.229179+08:00,final,union,"Steel rebar (Φ20mm,HRB400E)",price__p_e07286f243955a55,36,-0.5777730318247859,4.383231635486043,3.563158536492445,0.9447211356098126,-0.014706996586694412,-0.0033552861928693393,-0.013894010516791584,0.018320610687022888,1.0418570402724336,25.0,24,False
product-ridge-v2-3200ca1610c2d8e9,2026-09,2026-10-07T04:35:54.229179+08:00,final,union,Natural rubber (standard rubber SCRWF),price__p_e9114732b34c7687,68,0.4694128921300554,4.6457981196284575,8.082981405042458,1.6388074377888142,-0.021927775724094503,-0.00471991575170902,-0.035935401950811074,0.018320610687022888,1.0418570402724336,25.0,24,False
product-ridge-v2-3200ca1610c2d8e9,2026-09,2026-10-07T04:35:54.229179+08:00,final,union,Metallurgical coke (grade 2),price__p_e9a1a6b2d848b28d,83,0.8238776758308419,12.17112040623502,,0.0,0.021082233084628536,0.0017321522079289046,0.0,0.018320610687022888,1.0418570402724336,25.0,24,False
product-ridge-v2-3200ca1610c2d8e9,2026-09,2026-10-07T04:35:54.229179+08:00,final,union,Methanol (premium grade),price__p_ec63403370289989,131,-0.33274388562000395,8.371603078276015,32.43900441257116,3.9146323579569335,0.03714284905648749,0.004436766615568736,0.14540059878323608,0.018320610687022888,1.0418570402724336,25.0,24,False
product-ridge-v2-3200ca1610c2d8e9,2026-09,2026-10-07T04:35:54.229179+08:00,final,union,Paper pulp (bleached chemical pulp),price__p_f05785b9d3415065,83,0.05757951270432002,4.49523080629692,,0.0,0.0005447450168726518,0.00012118288033388028,0.0,0.018320610687022888,1.0418570402724336,25.0,24,False
product-ridge-v2-3200ca1610c2d8e9,2026-09,2026-10-07T04:35:54.229179+08:00,final,union,Japonica rice (japonica),price__p_f155865bddb5ae03,116,0.07044873682232264,1.0,-0.10795476990849306,-0.1784035067308157,-0.05882929041537702,-0.05882929041537702,0.010495351708588825,0.018320610687022888,1.0418570402724336,25.0,24,False
product-ridge-v2-3200ca1610c2d8e9,2026-09,2026-10-07T04:35:54.229179+08:00,final,union,Liquefied natural gas (LNG),price__p_f7fd37c9c13f589b,131,0.8278320903628619,10.792727193651173,9.882751878161809,0.838983477051612,0.02432707137999968,0.002254024487370541,0.020410010932874888,0.018320610687022888,1.0418570402724336,25.0,24,False
product-ridge-v2-3200ca1610c2d8e9,2026-09,2026-10-07T04:35:54.229179+08:00,final,union,Float glass (4.8/5mm),price__p_fcdf70fd9a5b0838,91,-0.6099885021338548,6.339933049186489,,0.0,-0.00364867270243193,-0.0005755065036373075,-0.0,0.018320610687022888,1.0418570402724336,25.0,24,False
product-ridge-v2-3200ca1610c2d8e9,2026-09,2026-10-07T04:35:54.229179+08:00,early_carry,union,"Steel rebar (Φ16-25mm,HRB400)",price__p_015e142afb02def6,66,-0.04877583301965869,7.018874801364732,,0.0,-0.007251746105823721,-0.0010331778683976113,-0.0,0.029999999999999992,1.1959988512839717,25.0,24,False
product-ridge-v2-3200ca1610c2d8e9,2026-09,2026-10-07T04:35:54.229179+08:00,early_carry,union,Peanuts (oilseed kernels),price__p_08af219b10a3d0c1,140,0.0646482430650301,3.9848635272551163,2.1298284060216828,0.5182561833878426,0.006826468703908101,0.001713099747887818,0.003537859616503965,0.029999999999999992,1.1959988512839717,25.0,24,False
product-ridge-v2-3200ca1610c2d8e9,2026-09,2026-10-07T04:35:54.229179+08:00,early_carry,union,Styrene (grade 1),price__p_090787ff4c600967,132,-0.8077993364158189,9.096976526699283,,0.0,-0.01976194160755472,-0.0021723637023305675,-0.0,0.029999999999999992,1.1959988512839717,25.0,24,False
product-ridge-v2-3200ca1610c2d8e9,2026-09,2026-10-07T04:35:54.229179+08:00,early_carry,union,Diesel (0#China V),price__p_0d20aebdd2e3e2a3,24,-0.4929605814575771,6.171881249226513,,0.0,0.02644899514304407,0.004285402468875883,0.0,0.029999999999999992,1.1959988512839717,25.0,24,False
product-ridge-v2-3200ca1610c2d8e9,2026-09,2026-10-07T04:35:54.229179+08:00,early_carry,union,Gasoline (97#),price__p_117934e693b030e1,33,-0.7718032604003482,4.524766498477029,,0.0,0.02049162643677834,0.004528769925182996,0.0,0.029999999999999992,1.1959988512839717,25.0,24,False
product-ridge-v2-3200ca1610c2d8e9,2026-09,2026-10-07T04:35:54.229179+08:00,early_carry,union,"Maize (yellow maize, grade 2)",price__p_12f4a9142c235af4,140,0.08916567559408622,3.6518831237659737,-0.21436235432513417,-0.08311548306239595,0.02597497169879594,0.00711276095605422,-0.0021589223202774883,0.029999999999999992,1.1959988512839717,25.0,24,False
product-ridge-v2-3200ca1610c2d8e9,2026-09,2026-10-07T04:35:54.229179+08:00,early_carry,union,Datong blended coal (5800 kcal/kg),price__p_156a750ae05683cb,132,-0.19873932885013387,7.526031548671824,,0.0,0.022264880966616402,0.0029583826247108484,0.0,0.029999999999999992,1.1959988512839717,25.0,24,False
product-ridge-v2-3200ca1610c2d8e9,2026-09,2026-10-07T04:35:54.229179+08:00,early_carry,union,"Polyethylene (LLDPE,7042)",price__p_1bee12058e36565f,90,-0.2692294021980028,4.288247766900022,,0.0,0.024815935533612415,0.005786964019467531,0.0,0.029999999999999992,1.1959988512839717,25.0,24,False
product-ridge-v2-3200ca1610c2d8e9,2026-09,2026-10-07T04:35:54.229179+08:00,early_carry,union,Gasoline (95#China VI),price__p_212ef5b23dbb70ff,79,0.02381349894491357,5.693527301938347,10.16354050891795,1.7809218209107371,0.029843565718596345,0.005241665515230985,0.05314905740203185,0.029999999999999992,1.1959988512839717,25.0,24,False
product-ridge-v2-3200ca1610c2d8e9,2026-09,2026-10-07T04:35:54.229179+08:00,early_carry,union,Steel angle (5#),price__p_29096e2e6c801716,140,-0.17847903483545158,4.147102679448021,1.5333982276935836,0.4127887334482121,0.06417886518893123,0.015475591069154198,0.026492312475482473,0.029999999999999992,1.1959988512839717,25.0,24,False
product-ridge-v2-3200ca1610c2d8e9,2026-09,2026-10-07T04:35:54.229179+08:00,early_carry,union,"Medium steel plate (20mm,Q235)",price__p_2929b2190c67fa05,140,-0.20923201954236464,4.93528318874626,2.7819075946210696,0.6060725392585409,0.028388722889597182,0.005752197351983959,0.017205625368005226,0.029999999999999992,1.1959988512839717,25.0,24,False
product-ridge-v2-3200ca1610c2d8e9,2026-09,2026-10-07T04:35:54.229179+08:00,early_carry,union,Polypropylene (T30S),price__p_29a1d693bcd6b5ed,90,-0.3358661842527984,5.464621782030867,,0.0,0.044439074678959925,0.008132140969954673,0.0,0.029999999999999992,1.1959988512839717,25.0,24,False
product-ridge-v2-3200ca1610c2d8e9,2026-09,2026-10-07T04:35:54.229179+08:00,early_carry,union,"Hot-rolled steel coil (4.75-11.5mm,Q235)",price__p_2b23ed0aa617091c,25,-1.2598446678436788,4.435654118520916,,0.0,-0.023426968328080233,-0.005281513774994709,-0.0,0.029999999999999992,1.1959988512839717,25.0,24,False
product-ridge-v2-3200ca1610c2d8e9,2026-09,2026-10-07T04:35:54.229179+08:00,early_carry,union,Coking coal (one-third coking coal),price__p_2c2bb2eb34a2530d,66,0.24702973824924915,6.237799715490437,,0.0,0.030518473717388334,0.004892506189578558,0.0,0.029999999999999992,1.1959988512839717,25.0,24,False
product-ridge-v2-3200ca1610c2d8e9,2026-09,2026-10-07T04:35:54.229179+08:00,early_carry,union,Shanxi premium blended coal (5500 kcal/kg),price__p_2fee73ae064112ed,140,-0.2377872844148595,7.693210334737117,11.82058239514457,1.5674041336309665,0.01969726538629447,0.0025603440604445066,0.03087357518770411,0.029999999999999992,1.1959988512839717,25.0,24,False
product-ridge-v2-3200ca1610c2d8e9,2026-09,2026-10-07T04:35:54.229179+08:00,early_carry,union,Polyester filament yarn (POY150D/48F),price__p_31deb9fdc417508e,49,-0.001143176333331522,5.556535559236791,9.450296867479507,1.7009591575638228,-0.006198966571925223,-0.0011156171873354611,-0.010544188957948225,0.029999999999999992,1.1959988512839717,25.0,24,False
product-ridge-v2-3200ca1610c2d8e9,2026-09,2026-10-07T04:35:54.229179+08:00,early_carry,union,Composite Portland cement (P.C32.5Rbagged),price__p_35042b5fee5e1452,37,1.6579580625614818,4.655621763279023,,0.0,-0.009177405293876487,-0.0019712523397546595,-0.0,0.029999999999999992,1.1959988512839717,25.0,24,False
product-ridge-v2-3200ca1610c2d8e9,2026-09,2026-10-07T04:35:54.229179+08:00,early_carry,union,Shanxi blended coal (5000 kcal/kg),price__p_3862181ef4e50416,132,-0.3472076545737704,8.547203986366076,,0.0,0.005678517915233883,0.0006643714042968756,0.0,0.029999999999999992,1.1959988512839717,25.0,24,False
product-ridge-v2-3200ca1610c2d8e9,2026-09,2026-10-07T04:35:54.229179+08:00,early_carry,union,Gasoline (93#),price__p_394ed64ad5df6eab,33,-0.8218466354663542,6.003932115489878,,0.0,0.004216964716936108,0.000702367154694592,0.0,0.029999999999999992,1.1959988512839717,25.0,24,False
product-ridge-v2-3200ca1610c2d8e9,2026-09,2026-10-07T04:35:54.229179+08:00,early_carry,union,Corrugating paper (AA grade 120g),price__p_398b35a78734a78e,49,-0.588565288222667,3.988295669245346,-3.274935545602567,-0.6735634667447329,-0.003100121650797546,-0.0007773048710263104,0.002088128686441599,0.029999999999999992,1.1959988512839717,25.0,24,False
product-ridge-v2-3200ca1610c2d8e9,2026-09,2026-10-07T04:35:54.229179+08:00,early_carry,union,Diesel (0#),price__p_3a66e1c2dcaacdbe,33,-0.5108103315543839,5.659315092587078,,0.0,0.023813865589256356,0.004207905939086027,0.0,0.029999999999999992,1.1959988512839717,25.0,24,False
product-ridge-v2-3200ca1610c2d8e9,2026-09,2026-10-07T04:35:54.229179+08:00,early_carry,union,Zinc ingot (0#),price__p_3abb1bdf911a74ba,140,0.24394809037725318,4.28546732777643,6.180391122396094,1.3852498637760102,-0.00821702567487706,-0.0019174164790892408,-0.011382633696767426,0.029999999999999992,1.1959988512839717,25.0,24,False
product-ridge-v2-3200ca1610c2d8e9,2026-09,2026-10-07T04:35:54.229179+08:00,early_carry,union,Polyester filament yarn (FDY150D/96F),price__p_47f8c50648adab37,90,-0.48298410225302096,7.374379137163595,,0.0,0.023235428081753128,0.003150831771675108,0.0,0.029999999999999992,1.1959988512839717,25.0,24,False
product-ridge-v2-3200ca1610c2d8e9,2026-09,2026-10-07T04:35:54.229179+08:00,early_carry,union,Aluminium ingot (A00),price__p_4b78aecc4ad2673a,140,0.14670208848164057,4.785041352450846,2.4227440769342867,0.47565774688381374,0.028945606430649855,0.006049186265824898,0.01376820193698854,0.029999999999999992,1.1959988512839717,25.0,24,False
product-ridge-v2-3200ca1610c2d8e9,2026-09,2026-10-07T04:35:54.229179+08:00,early_carry,union,Diesel (0#China VI),price__p_4d6f925d5fd37636,79,0.006249558685578846,5.567466333927341,9.703701516789422,1.741807022524584,0.020927004279887213,0.0037588021237526035,0.03645080301510958,0.029999999999999992,1.1959988512839717,25.0,24,False
product-ridge-v2-3200ca1610c2d8e9,2026-09,2026-10-07T04:35:54.229179+08:00,early_carry,union,"Polyethylene (LLDPE,film grade, melt index 2)",price__p_4f0bc051d584c367,49,0.031053685399524744,4.798817167785054,9.368480764134251,1.945776792960111,0.002678251020700982,0.0005581064931334231,0.005211278681801701,0.029999999999999992,1.1959988512839717,25.0,24,False
product-ridge-v2-3200ca1610c2d8e9,2026-09,2026-10-07T04:35:54.229179+08:00,early_carry,union,Corrugating paper (high strength),price__p_57bdf8a55dab3591,90,0.5049617645836976,8.2782660150217,,0.0,0.012712824528455012,0.0015356868824203504,0.0,0.029999999999999992,1.1959988512839717,25.0,24,False
product-ridge-v2-3200ca1610c2d8e9,2026-09,2026-10-07T04:35:54.229179+08:00,early_carry,union,Sulfuric acid (98%),price__p_5a70d1f2747b0f36,140,1.6836396457142833,17.45284485543453,-7.753790759745836,-0.5407388012460019,0.03145708897679451,0.0018024046645323433,-0.017010068584000684,0.029999999999999992,1.1959988512839717,25.0,24,False
product-ridge-v2-3200ca1610c2d8e9,2026-09,2026-10-07T04:35:54.229179+08:00,early_carry,union,Paper pulp (imported softwood pulp),price__p_5b64eea47fe39565,49,-0.7563532732825992,3.6782680591478223,3.4228663293456454,1.1361922337972514,0.022321320258597954,0.006068432180489134,0.025361310725920252,0.029999999999999992,1.1959988512839717,25.0,24,False
product-ridge-v2-3200ca1610c2d8e9,2026-09,2026-10-07T04:35:54.229179+08:00,early_carry,union,Polypropylene (raffia grade),price__p_679f919cb34f89e9,49,0.051955498135021774,5.249726533406267,8.621153389732234,1.63231319518602,0.031088525606246017,0.005921932391795337,0.05074621056595383,0.029999999999999992,1.1959988512839717,25.0,24,False
product-ridge-v2-3200ca1610c2d8e9,2026-09,2026-10-07T04:35:54.229179+08:00,early_carry,union,Soybean meal (crude protein ≥43%),price__p_6a02652f4a9989e9,140,-0.3666087956877741,6.148539263126876,8.217760033925554,1.396163944352483,0.021463822329302388,0.003490881559140737,0.029967014844159718,0.029999999999999992,1.1959988512839717,25.0,24,False
product-ridge-v2-3200ca1610c2d8e9,2026-09,2026-10-07T04:35:54.229179+08:00,early_carry,union,Lead ingot (1#),price__p_6ad195c852babce1,140,0.005174004825178472,4.470850300473131,3.456465702198657,0.7719542067888614,-0.001906580027488551,-0.00042644685000676173,-0.00147179247279941,0.029999999999999992,1.1959988512839717,25.0,24,False
product-ridge-v2-3200ca1610c2d8e9,2026-09,2026-10-07T04:35:54.229179+08:00,early_carry,union,Wheat (national standard grade 3),price__p_6f9697bbf4df888a,140,-0.15738626147216653,2.3274953179649285,0.20891663471315222,0.15738072311380621,0.024905331334003092,0.010700486115598009,0.003919619054734343,0.029999999999999992,1.1959988512839717,25.0,24,False
product-ridge-v2-3200ca1610c2d8e9,2026-09,2026-10-07T04:35:54.229179+08:00,early_carry,union,Urea (medium/small prills),price__p_7b4d7b259b6753fa,28,-0.7590657066972586,4.544888077384111,0.08469074271837543,0.18564955507139191,0.008656771109787721,0.001904727016901652,0.00160712570488697,0.029999999999999992,1.1959988512839717,25.0,24,False
product-ridge-v2-3200ca1610c2d8e9,2026-09,2026-10-07T04:35:54.229179+08:00,early_carry,union,"Benzene (petroleum-derived,industrial grade)",price__p_7bbab6017e1fb60b,140,-0.46585215051966367,10.104515598891133,19.12747235940904,1.939066184635201,0.05793797029460881,0.005733869152615975,0.11234555900467472,0.029999999999999992,1.1959988512839717,25.0,24,False
product-ridge-v2-3200ca1610c2d8e9,2026-09,2026-10-07T04:35:54.229179+08:00,early_carry,union,Liquefied petroleum gas (LPG),price__p_8de345911b7fc78f,140,-0.15997186794634144,9.443726318948602,16.813609949342442,1.7973394446249162,0.005912760334163455,0.0006261045835582558,0.010627237375205578,0.029999999999999992,1.1959988512839717,25.0,24,False
product-ridge-v2-3200ca1610c2d8e9,2026-09,2026-10-07T04:35:54.229179+08:00,early_carry,union,Gasoline (92#China V),price__p_9341bdcca7b05d66,24,-0.3479448882716946,4.932906492760325,,0.0,0.009234782195738731,0.00187207728532701,0.0,0.029999999999999992,1.1959988512839717,25.0,24,False
product-ridge-v2-3200ca1610c2d8e9,2026-09,2026-10-07T04:35:54.229179+08:00,early_carry,union,Compound fertilizer (potassium-sulfate-based),price__p_93a4e9685d04bc1a,51,-0.26768501004950873,2.5619588231091317,,0.0,0.05185977862373847,0.020242237367735165,0.0,0.029999999999999992,1.1959988512839717,25.0,24,False
product-ridge-v2-3200ca1610c2d8e9,2026-09,2026-10-07T04:35:54.229179+08:00,early_carry,union,Soybeans (yellow soybeans),price__p_955389fa1088a0da,140,-0.006601793293732808,3.4443448564922763,5.280509674691771,1.5350122267866937,0.030552357266454343,0.008870295669977974,0.046898241961162705,0.029999999999999992,1.1959988512839717,25.0,24,False
product-ridge-v2-3200ca1610c2d8e9,2026-09,2026-10-07T04:35:54.229179+08:00,early_carry,union,Polybutadiene rubber (BR9000),price__p_96d693419d7e59f7,140,-0.24639097752913827,9.928852525493422,18.40341887643251,1.8783449352355883,0.05993882589856251,0.006036833132999304,0.1125857900505326,0.029999999999999992,1.1959988512839717,25.0,24,False
product-ridge-v2-3200ca1610c2d8e9,2026-09,2026-10-07T04:35:54.229179+08:00,early_carry,union,Ordinary Portland cement (P.O42.5bulk),price__p_9f31a8386b8c5eb8,140,-0.20214856900447806,5.097915902019051,1.5678713133014859,0.3472046060243834,0.07849837990485972,0.015398131592121814,0.027254999068419196,0.029999999999999992,1.1959988512839717,25.0,24,False
product-ridge-v2-3200ca1610c2d8e9,2026-09,2026-10-07T04:35:54.229179+08:00,early_carry,union,Anthracite (2 gradewashed medium lumps),price__p_a074fa497eab1cb8,66,-0.046688671906451866,2.8243475966845755,,0.0,0.027424045746934606,0.009709869202759229,0.0,0.029999999999999992,1.1959988512839717,25.0,24,False
product-ridge-v2-3200ca1610c2d8e9,2026-09,2026-10-07T04:35:54.229179+08:00,early_carry,union,Gasoline (95#China V),price__p_a295b5ca26a7559a,24,-0.5003033942062317,5.1935400970036145,,0.0,0.01183853245253611,0.002279472620104789,0.0,0.029999999999999992,1.1959988512839717,25.0,24,False
product-ridge-v2-3200ca1610c2d8e9,2026-09,2026-10-07T04:35:54.229179+08:00,early_carry,union,"Caustic soda (liquid,32%)",price__p_aaab792e0f7a512c,140,-0.06643500016128137,11.45119304916807,-0.3217788354925565,-0.022298448225866376,0.003465930777199845,0.0003026698408033253,-7.728487798982756e-05,0.029999999999999992,1.1959988512839717,25.0,24,False
product-ridge-v2-3200ca1610c2d8e9,2026-09,2026-10-07T04:35:54.229179+08:00,early_carry,union,"Compound fertilizer (potassium-sulfate-based,NPK content 45%)",price__p_ab0f14fdeeb99eb0,88,0.364941359693388,3.147247817320056,-0.5675415404685541,-0.29628518448095065,0.06871641558931235,0.021833811500686254,-0.020359655869749083,0.029999999999999992,1.1959988512839717,25.0,24,False
product-ridge-v2-3200ca1610c2d8e9,2026-09,2026-10-07T04:35:54.229179+08:00,early_carry,union,Live hogs (three-way crossbred),price__p_b2354c8beb79d919,140,0.0913559159564991,11.259550466190081,5.608946665104358,0.49003650418513184,0.00642231755891867,0.0005703884518483627,0.0031471700453392947,0.029999999999999992,1.1959988512839717,25.0,24,False
product-ridge-v2-3200ca1610c2d8e9,2026-09,2026-10-07T04:35:54.229179+08:00,early_carry,union,Urea (small prills [source spelling]),price__p_b6a4aa3d34b35ea7,91,0.45723042782196405,5.603085942637763,,0.0,0.02733765545105215,0.004879035540579699,0.0,0.029999999999999992,1.1959988512839717,25.0,24,False
product-ridge-v2-3200ca1610c2d8e9,2026-09,2026-10-07T04:35:54.229179+08:00,early_carry,union,Anthracite (washed medium lumps),price__p_b74ad31919d3dab3,72,0.5501631001168313,8.991477601667365,20.823850032918344,2.254766995031161,0.04334198173149891,0.004820340287947962,0.09772606990742728,0.029999999999999992,1.1959988512839717,25.0,24,False
product-ridge-v2-3200ca1610c2d8e9,2026-09,2026-10-07T04:35:54.229179+08:00,early_carry,union,PVC (SG5),price__p_b7a55e9cddc1fa47,132,-0.3734719306143818,6.881392838889891,,0.0,-0.009856836870607896,-0.0014323897939531097,-0.0,0.029999999999999992,1.1959988512839717,25.0,24,False
product-ridge-v2-3200ca1610c2d8e9,2026-09,2026-10-07T04:35:54.229179+08:00,early_carry,union,Standard blended coal (4500 kcal/kg),price__p_b7b1618afb05d922,132,-0.4090746197223686,8.545392577408588,,0.0,-0.008882339319451996,-0.0010394302238301131,-0.0,0.029999999999999992,1.1959988512839717,25.0,24,False
product-ridge-v2-3200ca1610c2d8e9,2026-09,2026-10-07T04:35:54.229179+08:00,early_carry,union,"Hot-rolled steel sheet (3mm,Q235)",price__p_b873db1e2ba44465,90,0.13694946608499745,5.736814839087676,,0.0,0.020625373917578252,0.0035952657521814493,0.0,0.029999999999999992,1.1959988512839717,25.0,24,False
product-ridge-v2-3200ca1610c2d8e9,2026-09,2026-10-07T04:35:54.229179+08:00,early_carry,union,"Cotton (lint,white cotton, grade 3)",price__p_ba1176602ebbd96b,140,-0.07123756055653635,4.421762455866097,1.9365864646925097,0.4540777676976704,0.03726017794346171,0.008426544463968386,0.01691901842458507,0.029999999999999992,1.1959988512839717,25.0,24,False
product-ridge-v2-3200ca1610c2d8e9,2026-09,2026-10-07T04:35:54.229179+08:00,early_carry,union,Ordinary Portland cement (P.O42.5bagged),price__p_bbc1e9ba2c1b1332,67,-0.529793609150186,5.5489544475301855,,0.0,0.02554248119081858,0.00460311603426253,0.0,0.029999999999999992,1.1959988512839717,25.0,24,False
product-ridge-v2-3200ca1610c2d8e9,2026-09,2026-10-07T04:35:54.229179+08:00,early_carry,union,"Steel wire rod (Φ6.5mm,HPB300)",price__p_bc05e8925dafddbd,100,-0.06040516843891517,6.186081111597493,,0.0,0.022924493586370658,0.0037058184612860077,0.0,0.029999999999999992,1.1959988512839717,25.0,24,False
product-ridge-v2-3200ca1610c2d8e9,2026-09,2026-10-07T04:35:54.229179+08:00,early_carry,union,"Steel rebar (Φ16-25mm,HRB400E)",price__p_c0cb077ae13a5415,32,0.07261890561922096,6.439125249180421,,0.0,0.02020751288618648,0.003138238829685525,0.0,0.029999999999999992,1.1959988512839717,25.0,24,False
product-ridge-v2-3200ca1610c2d8e9,2026-09,2026-10-07T04:35:54.229179+08:00,early_carry,union,Paraffin wax (58#semi-refined),price__p_c2351f7e990ff8ee,140,-0.08675107979344522,4.25206949537826,2.0982984660876394,0.5138790765899053,0.05399594366124316,0.012698744392567775,0.027747385668240185,0.029999999999999992,1.1959988512839717,25.0,24,False
product-ridge-v2-3200ca1610c2d8e9,2026-09,2026-10-07T04:35:54.229179+08:00,early_carry,union,Composite Portland cement (P.C32.5bagged),price__p_c790a9428097cdce,24,-1.4040967618154336,2.252828301097472,,0.0,-0.012092880172964532,-0.005367865880890013,-0.0,0.029999999999999992,1.1959988512839717,25.0,24,False
product-ridge-v2-3200ca1610c2d8e9,2026-09,2026-10-07T04:35:54.229179+08:00,early_carry,union,Metallurgical coke (quasi-grade 1),price__p_cf6f0c8ecd5041af,49,-1.105753135126395,9.898459121657671,16.64493983257691,1.7932784031875295,0.02782030104878556,0.0028105688680286796,0.049889545040962525,0.029999999999999992,1.1959988512839717,25.0,24,False
product-ridge-v2-3200ca1610c2d8e9,2026-09,2026-10-07T04:35:54.229179+08:00,early_carry,union,Gasoline (92#China VI),price__p_cf91019388b7c9a6,71,-0.18651558029724688,4.581268618360239,,0.0,0.06278833804211503,0.013705447829555274,0.0,0.029999999999999992,1.1959988512839717,25.0,24,False
product-ridge-v2-3200ca1610c2d8e9,2026-09,2026-10-07T04:35:54.229179+08:00,early_carry,union,Float glass (4.8-5mm),price__p_d499d7f7dc39d7ab,32,1.1868188279951857,3.581111814610112,,0.0,0.002981965530683636,0.0008326926622391133,0.0,0.029999999999999992,1.1959988512839717,25.0,24,False
product-ridge-v2-3200ca1610c2d8e9,2026-09,2026-10-07T04:35:54.229179+08:00,early_carry,union,"Glyphosate herbicide (glyphosate,95%technical grade)",price__p_d513ce0622315a93,140,-0.06652548948702613,7.852745106866786,-2.0398958912693574,-0.2512968872575183,0.031834098663749186,0.004053881570141892,-0.007999809902848893,0.029999999999999992,1.1959988512839717,25.0,24,False
product-ridge-v2-3200ca1610c2d8e9,2026-09,2026-10-07T04:35:54.229179+08:00,early_carry,union,Manufactured wood panel (1220*2440*15mm),price__p_d808a66ec902704a,66,-0.05288523747158106,1.0,,0.0,0.0003915019056163734,0.0003915019056163734,0.0,0.029999999999999992,1.1959988512839717,25.0,24,False
product-ridge-v2-3200ca1610c2d8e9,2026-09,2026-10-07T04:35:54.229179+08:00,early_carry,union,"Seamless steel pipe (219*6,20#)",price__p_d8a34b15fb6f311c,140,-0.11802682614195338,3.8098463171372057,0.10435302079940804,0.058369768339753415,0.04934081353163702,0.012950867154324664,0.0028800118555366238,0.029999999999999992,1.1959988512839717,25.0,24,False
product-ridge-v2-3200ca1610c2d8e9,2026-09,2026-10-07T04:35:54.229179+08:00,early_carry,union,Coking coal (primary coking coal),price__p_dde8e41d5f1a8881,72,0.09944707904900275,13.587766086720743,30.833665062051423,2.261903670319937,0.046535233465880885,0.003424789120513308,0.10525821537567114,0.029999999999999992,1.1959988512839717,25.0,24,False
product-ridge-v2-3200ca1610c2d8e9,2026-09,2026-10-07T04:35:54.229179+08:00,early_carry,union,Electrolytic copper (1#),price__p_e0705204f7294fed,140,0.3144779601668542,4.523336680408171,2.747261186195596,0.5378293498615309,0.03904397216980072,0.008631675006397605,0.020998994168095624,0.029999999999999992,1.1959988512839717,25.0,24,False
product-ridge-v2-3200ca1610c2d8e9,2026-09,2026-10-07T04:35:54.229179+08:00,early_carry,union,"Steel rebar (Φ20mm,HRB400E)",price__p_e07286f243955a55,39,-0.7388172000636688,4.608365512261894,3.843301329025607,0.9943044918848601,0.009657995238315866,0.0020957528678265573,0.009602988048060056,0.029999999999999992,1.1959988512839717,25.0,24,False
product-ridge-v2-3200ca1610c2d8e9,2026-09,2026-10-07T04:35:54.229179+08:00,early_carry,union,Natural rubber (standard rubber SCRWF),price__p_e9114732b34c7687,72,0.6574802110341917,5.15861632269079,9.647518248081441,1.7427227525147573,-0.03208606249892591,-0.0062198970599522075,-0.0559171111554887,0.029999999999999992,1.1959988512839717,25.0,24,False
product-ridge-v2-3200ca1610c2d8e9,2026-09,2026-10-07T04:35:54.229179+08:00,early_carry,union,Metallurgical coke (grade 2),price__p_e9a1a6b2d848b28d,90,0.8081650863472473,12.545720972464624,,0.0,0.03019336455855077,0.0024066663545936682,0.0,0.029999999999999992,1.1959988512839717,25.0,24,False
product-ridge-v2-3200ca1610c2d8e9,2026-09,2026-10-07T04:35:54.229179+08:00,early_carry,union,Methanol (premium grade),price__p_ec63403370289989,140,-0.3290052650105283,8.72026464662668,30.959280642693514,3.5879972885693907,0.03965318287898974,0.004547245351587931,0.14227551265296137,0.029999999999999992,1.1959988512839717,25.0,24,False
product-ridge-v2-3200ca1610c2d8e9,2026-09,2026-10-07T04:35:54.229179+08:00,early_carry,union,Paper pulp (bleached chemical pulp),price__p_f05785b9d3415065,90,0.03780831104445023,4.915749560565736,,0.0,0.032295492901901146,0.006569800292711489,0.0,0.029999999999999992,1.1959988512839717,25.0,24,False
product-ridge-v2-3200ca1610c2d8e9,2026-09,2026-10-07T04:35:54.229179+08:00,early_carry,union,Japonica rice (japonica),price__p_f155865bddb5ae03,123,0.11237920188421278,1.0,-0.17568080814117298,-0.2880600100253858,-0.06201941102478044,-0.06201941102478044,0.017865312161566775,0.029999999999999992,1.1959988512839717,25.0,24,False
product-ridge-v2-3200ca1610c2d8e9,2026-09,2026-10-07T04:35:54.229179+08:00,early_carry,union,Liquefied natural gas (LNG),price__p_f7fd37c9c13f589b,140,-0.05136612531606029,12.6259843449758,8.716180043190258,0.6944049611462687,0.010939486311338283,0.0008664264117903317,0.007596433566984999,0.029999999999999992,1.1959988512839717,25.0,24,False
product-ridge-v2-3200ca1610c2d8e9,2026-09,2026-10-07T04:35:54.229179+08:00,early_carry,union,Float glass (4.8/5mm),price__p_fcdf70fd9a5b0838,98,-0.8193316000006453,6.433974466642146,,0.0,0.006346106281589679,0.0009863430939137182,0.0,0.029999999999999992,1.1959988512839717,25.0,24,False
product-ridge-v2-3200ca1610c2d8e9,2026-09,2026-10-07T04:35:54.229179+08:00,early_carry,union,"Steel rebar (Φ16-25mm,HRB400)",carry__p_015e142afb02def6,66,0.2843149440260155,3.080078442133542,,0.0,0.01709638568785768,0.005550633209203325,0.0,0.029999999999999992,1.1959988512839717,25.0,24,False
product-ridge-v2-3200ca1610c2d8e9,2026-09,2026-10-07T04:35:54.229179+08:00,early_carry,union,Peanuts (oilseed kernels),carry__p_08af219b10a3d0c1,140,0.050914343098843115,1.4068623751139329,1.6769462760316336,1.1557860681298755,0.03768028329017186,0.026783204922315427,0.04355034646996758,0.029999999999999992,1.1959988512839717,25.0,24,False
product-ridge-v2-3200ca1610c2d8e9,2026-09,2026-10-07T04:35:54.229179+08:00,early_carry,union,Styrene (grade 1),carry__p_090787ff4c600967,132,0.08541955129043505,4.5060896961290124,,0.0,-0.006018085103423981,-0.0013355448979619421,-0.0,0.029999999999999992,1.1959988512839717,25.0,24,False
product-ridge-v2-3200ca1610c2d8e9,2026-09,2026-10-07T04:35:54.229179+08:00,early_carry,union,Diesel (0#China V),carry__p_0d20aebdd2e3e2a3,25,-0.050498491562900795,2.6703522426082413,,0.0,0.027449320093262806,0.010279288123596736,0.0,0.029999999999999992,1.1959988512839717,25.0,24,False
product-ridge-v2-3200ca1610c2d8e9,2026-09,2026-10-07T04:35:54.229179+08:00,early_carry,union,Gasoline (97#),carry__p_117934e693b030e1,33,-0.12920161393085755,1.9590663812020161,,0.0,0.01546038379951964,0.00789171002466679,0.0,0.029999999999999992,1.1959988512839717,25.0,24,False
product-ridge-v2-3200ca1610c2d8e9,2026-09,2026-10-07T04:35:54.229179+08:00,early_carry,union,"Maize (yellow maize, grade 2)",carry__p_12f4a9142c235af4,140,0.049269662405430244,1.518432752250459,-0.14742346702744646,-0.12953693809709987,0.0010970326281693268,0.0007224769266491532,-0.00014210624764566886,0.029999999999999992,1.1959988512839717,25.0,24,False
product-ridge-v2-3200ca1610c2d8e9,2026-09,2026-10-07T04:35:54.229179+08:00,early_carry,union,Datong blended coal (5800 kcal/kg),carry__p_156a750ae05683cb,132,-0.3432666773954025,4.182011676474547,,0.0,-0.011624393430996437,-0.0027796176410477763,-0.0,0.029999999999999992,1.1959988512839717,25.0,24,False
product-ridge-v2-3200ca1610c2d8e9,2026-09,2026-10-07T04:35:54.229179+08:00,early_carry,union,"Steel wire rod (Φ8—10mm,HPB300)",carry__p_175e0c5b4d6a8cd9,24,-0.15257329786901844,2.30757514065373,1.4749927091562693,0.7053144135381015,-0.022943984185157626,-0.009942897971529393,-0.016182722749781928,0.029999999999999992,1.1959988512839717,25.0,24,False
product-ridge-v2-3200ca1610c2d8e9,2026-09,2026-10-07T04:35:54.229179+08:00,early_carry,union,"Polyethylene (LLDPE,7042)",carry__p_1bee12058e36565f,90,0.3501770006931203,2.07939899770363,,0.0,-0.016149106592470742,-0.007766237557248464,-0.0,0.029999999999999992,1.1959988512839717,25.0,24,False
product-ridge-v2-3200ca1610c2d8e9,2026-09,2026-10-07T04:35:54.229179+08:00,early_carry,union,Gasoline (95#China VI),carry__p_212ef5b23dbb70ff,80,0.06617895356803347,2.408563375398925,5.4238953187074594,2.224444837060615,-0.0032965460151216062,-0.0013686772990042693,-0.0073329847634700015,0.029999999999999992,1.1959988512839717,25.0,24,False
product-ridge-v2-3200ca1610c2d8e9,2026-09,2026-10-07T04:35:54.229179+08:00,early_carry,union,Steel angle (5#),carry__p_29096e2e6c801716,140,0.07975177008000439,1.8629228977769914,0.9963588189302599,0.49202629370439016,0.016457982555938847,0.008834494747784787,0.008097760158850097,0.029999999999999992,1.1959988512839717,25.0,24,False
product-ridge-v2-3200ca1610c2d8e9,2026-09,2026-10-07T04:35:54.229179+08:00,early_carry,union,"Medium steel plate (20mm,Q235)",carry__p_2929b2190c67fa05,140,0.15286777923223507,2.277404665867316,1.0660600708388766,0.4009793715158064,0.005277237173385227,0.0023172154042177956,0.002116063245123859,0.029999999999999992,1.1959988512839717,25.0,24,False
product-ridge-v2-3200ca1610c2d8e9,2026-09,2026-10-07T04:35:54.229179+08:00,early_carry,union,Polypropylene (T30S),carry__p_29a1d693bcd6b5ed,90,0.5135946078496981,2.512021084619971,,0.0,-0.03215782703557088,-0.012801575286314069,-0.0,0.029999999999999992,1.1959988512839717,25.0,24,False
product-ridge-v2-3200ca1610c2d8e9,2026-09,2026-10-07T04:35:54.229179+08:00,early_carry,union,"Hot-rolled steel coil (4.75-11.5mm,Q235)",carry__p_2b23ed0aa617091c,24,0.0230215992264081,1.7201572900436513,,0.0,-0.014970731648557747,-0.00870311786905129,-0.0,0.029999999999999992,1.1959988512839717,25.0,24,False
product-ridge-v2-3200ca1610c2d8e9,2026-09,2026-10-07T04:35:54.229179+08:00,early_carry,union,Coking coal (one-third coking coal),carry__p_2c2bb2eb34a2530d,66,0.36760284731351195,2.757994123586096,,0.0,-0.01583493293481308,-0.005741467249474639,-0.0,0.029999999999999992,1.1959988512839717,25.0,24,False
product-ridge-v2-3200ca1610c2d8e9,2026-09,2026-10-07T04:35:54.229179+08:00,early_carry,union,Shanxi premium blended coal (5500 kcal/kg),carry__p_2fee73ae064112ed,140,-0.327517841738945,4.251122760990761,8.395149594220811,2.051850282000999,0.01940714584776081,0.004565181233025086,0.039820557680562536,0.029999999999999992,1.1959988512839717,25.0,24,False
product-ridge-v2-3200ca1610c2d8e9,2026-09,2026-10-07T04:35:54.229179+08:00,early_carry,union,Polyester filament yarn (POY150D/48F),carry__p_31deb9fdc417508e,49,0.4699572194462756,3.1012535460565065,3.422647566953491,0.9520957585882646,-0.02418824291692678,-0.00779950512194789,-0.023029523488908618,0.029999999999999992,1.1959988512839717,25.0,24,False
product-ridge-v2-3200ca1610c2d8e9,2026-09,2026-10-07T04:35:54.229179+08:00,early_carry,union,Composite Portland cement (P.C32.5Rbagged),carry__p_35042b5fee5e1452,38,0.5290503231941082,1.8536849036531036,,0.0,-0.017989929126290813,-0.009704955297870532,-0.0,0.029999999999999992,1.1959988512839717,25.0,24,False
product-ridge-v2-3200ca1610c2d8e9,2026-09,2026-10-07T04:35:54.229179+08:00,early_carry,union,Shanxi blended coal (5000 kcal/kg),carry__p_3862181ef4e50416,132,-0.4029503415634717,5.28667018481053,,0.0,-0.018348972280580474,-0.003470799508791011,-0.0,0.029999999999999992,1.1959988512839717,25.0,24,False
product-ridge-v2-3200ca1610c2d8e9,2026-09,2026-10-07T04:35:54.229179+08:00,early_carry,union,Gasoline (93#),carry__p_394ed64ad5df6eab,33,-0.0013633122256931547,2.60109061550241,,0.0,0.0007909604827482028,0.0003040880152479524,0.0,0.029999999999999992,1.1959988512839717,25.0,24,False
product-ridge-v2-3200ca1610c2d8e9,2026-09,2026-10-07T04:35:54.229179+08:00,early_carry,union,Corrugating paper (AA grade 120g),carry__p_398b35a78734a78e,49,-0.09678404494240195,1.3634921476701463,-2.6410041541498357,-1.8659587541848663,-0.0026347023965640187,-0.00193231944977904,0.004916246001540478,0.029999999999999992,1.1959988512839717,25.0,24,False
product-ridge-v2-3200ca1610c2d8e9,2026-09,2026-10-07T04:35:54.229179+08:00,early_carry,union,Diesel (0#),carry__p_3a66e1c2dcaacdbe,33,-0.04572381096320063,2.357195546014535,,0.0,0.009986570181776913,0.004236632042963878,0.0,0.029999999999999992,1.1959988512839717,25.0,24,False
product-ridge-v2-3200ca1610c2d8e9,2026-09,2026-10-07T04:35:54.229179+08:00,early_carry,union,Zinc ingot (0#),carry__p_3abb1bdf911a74ba,140,0.23332477085256506,2.184794535329433,3.3957892003470427,1.4474882550077541,0.01668853192495301,0.007638490327163254,0.024156453954691428,0.029999999999999992,1.1959988512839717,25.0,24,False
product-ridge-v2-3200ca1610c2d8e9,2026-09,2026-10-07T04:35:54.229179+08:00,early_carry,union,Polyester filament yarn (FDY150D/96F),carry__p_47f8c50648adab37,90,-0.16752322573558281,3.115446658693579,,0.0,-0.0148215788684922,-0.004757449089084206,-0.0,0.029999999999999992,1.1959988512839717,25.0,24,False
product-ridge-v2-3200ca1610c2d8e9,2026-09,2026-10-07T04:35:54.229179+08:00,early_carry,union,Aluminium ingot (A00),carry__p_4b78aecc4ad2673a,140,0.01671161075492111,2.3067575831866223,2.160608616278542,0.9293984860611052,-0.0023648919512306577,-0.0010252017673932285,-0.002197926999171866,0.029999999999999992,1.1959988512839717,25.0,24,False
product-ridge-v2-3200ca1610c2d8e9,2026-09,2026-10-07T04:35:54.229179+08:00,early_carry,union,Diesel (0#China VI),carry__p_4d6f925d5fd37636,80,0.0875326418041009,2.477330268441435,4.493766552349925,1.7786219167773385,0.0034122604520667767,0.0013773942439308001,0.006069121225798518,0.029999999999999992,1.1959988512839717,25.0,24,False
product-ridge-v2-3200ca1610c2d8e9,2026-09,2026-10-07T04:35:54.229179+08:00,early_carry,union,"Polyethylene (LLDPE,film grade, melt index 2)",carry__p_4f0bc051d584c367,49,0.4353350465992906,2.4856659332394084,5.495931230828103,2.0359116309864147,0.020282889566629943,0.008159941887362377,0.0412941707787149,0.029999999999999992,1.1959988512839717,25.0,24,False
product-ridge-v2-3200ca1610c2d8e9,2026-09,2026-10-07T04:35:54.229179+08:00,early_carry,union,Corrugating paper (high strength),carry__p_57bdf8a55dab3591,90,-0.002677614647967768,2.867486042460856,,0.0,-0.02466440083174039,-0.008601402227078872,-0.0,0.029999999999999992,1.1959988512839717,25.0,24,False
product-ridge-v2-3200ca1610c2d8e9,2026-09,2026-10-07T04:35:54.229179+08:00,early_carry,union,Sulfuric acid (98%),carry__p_5a70d1f2747b0f36,140,0.2876083306579274,7.458613006279072,-3.6426008680600344,-0.5269356642326521,-0.005699335099105161,-0.0007641280080233613,0.0030031829261314468,0.029999999999999992,1.1959988512839717,25.0,24,False
product-ridge-v2-3200ca1610c2d8e9,2026-09,2026-10-07T04:35:54.229179+08:00,early_carry,union,Paper pulp (imported softwood pulp),carry__p_5b64eea47fe39565,49,-0.3429183581587591,1.4630459475984967,0.006041383478633208,0.23851591415169773,-0.001163755876298295,-0.0007954335803386978,-0.0002775742966846979,0.029999999999999992,1.1959988512839717,25.0,24,False
product-ridge-v2-3200ca1610c2d8e9,2026-09,2026-10-07T04:35:54.229179+08:00,early_carry,union,Polypropylene (raffia grade),carry__p_679f919cb34f89e9,49,0.437397448886026,2.6371037366992542,4.753970078792463,1.6368611404378424,0.029756171322650307,0.011283655970202668,0.0487067205262572,0.029999999999999992,1.1959988512839717,25.0,24,False
product-ridge-v2-3200ca1610c2d8e9,2026-09,2026-10-07T04:35:54.229179+08:00,early_carry,union,Soybean meal (crude protein ≥43%),carry__p_6a02652f4a9989e9,140,-0.20240453207164003,3.18403924905832,3.6441591016571406,1.2080767015878973,0.0004990220389016059,0.0001567260953360395,0.0006028568987759194,0.029999999999999992,1.1959988512839717,25.0,24,False
product-ridge-v2-3200ca1610c2d8e9,2026-09,2026-10-07T04:35:54.229179+08:00,early_carry,union,Lead ingot (1#),carry__p_6ad195c852babce1,140,-0.008376551401475169,1.9282896368308993,0.3749296314174022,0.1987803987002868,0.013601579363297648,0.007053701427162953,0.0027037273687898996,0.029999999999999992,1.1959988512839717,25.0,24,False
product-ridge-v2-3200ca1610c2d8e9,2026-09,2026-10-07T04:35:54.229179+08:00,early_carry,union,Wheat (national standard grade 3),carry__p_6f9697bbf4df888a,140,-0.152424541552483,1.3709855074646642,0.020872033638006254,0.1264029227493171,-0.027032717528621963,-0.019717726687434517,-0.0034170145054745124,0.029999999999999992,1.1959988512839717,25.0,24,False
product-ridge-v2-3200ca1610c2d8e9,2026-09,2026-10-07T04:35:54.229179+08:00,early_carry,union,Urea (medium/small prills),carry__p_7b4d7b259b6753fa,28,-0.07373401225502747,1.7873787884507342,1.5068661434812642,0.8843118011411144,0.020232478954597555,0.011319636937246347,0.017891819905889856,0.029999999999999992,1.1959988512839717,25.0,24,False
product-ridge-v2-3200ca1610c2d8e9,2026-09,2026-10-07T04:35:54.229179+08:00,early_carry,union,"Benzene (petroleum-derived,industrial grade)",carry__p_7bbab6017e1fb60b,140,0.39673465513465117,4.646052627725121,10.89188843327584,2.2589399258010565,0.009088296028448874,0.001956132819980311,0.020529914756162337,0.029999999999999992,1.1959988512839717,25.0,24,False
product-ridge-v2-3200ca1610c2d8e9,2026-09,2026-10-07T04:35:54.229179+08:00,early_carry,union,Liquefied petroleum gas (LPG),carry__p_8de345911b7fc78f,140,0.6367183559566595,4.856604232486316,13.87159576136067,2.7251298997918294,0.0266879846110534,0.005495194447291953,0.07272822482876584,0.029999999999999992,1.1959988512839717,25.0,24,False
product-ridge-v2-3200ca1610c2d8e9,2026-09,2026-10-07T04:35:54.229179+08:00,early_carry,union,Gasoline (92#China V),carry__p_9341bdcca7b05d66,25,-0.1393690533421624,2.0840413914238947,,0.0,0.006592245132864889,0.0031632025928049453,0.0,0.029999999999999992,1.1959988512839717,25.0,24,False
product-ridge-v2-3200ca1610c2d8e9,2026-09,2026-10-07T04:35:54.229179+08:00,early_carry,union,Compound fertilizer (potassium-sulfate-based),carry__p_93a4e9685d04bc1a,51,-0.014591124114132123,1.0,,0.0,0.01458293744276682,0.01458293744276682,0.0,0.029999999999999992,1.1959988512839717,25.0,24,False
product-ridge-v2-3200ca1610c2d8e9,2026-09,2026-10-07T04:35:54.229179+08:00,early_carry,union,Soybeans (yellow soybeans),carry__p_955389fa1088a0da,140,-0.20405414689509516,1.8169593215723607,1.601918825488891,0.9939534424035056,0.004220484262262,0.0023228281514908527,0.004194964861085135,0.029999999999999992,1.1959988512839717,25.0,24,False
product-ridge-v2-3200ca1610c2d8e9,2026-09,2026-10-07T04:35:54.229179+08:00,early_carry,union,Polybutadiene rubber (BR9000),carry__p_96d693419d7e59f7,140,-0.029916459208811474,3.995836848156041,6.395771382556337,1.6080956470308367,0.002061482288966243,0.0005159075225800461,0.003315060695317781,0.029999999999999992,1.1959988512839717,25.0,24,False
product-ridge-v2-3200ca1610c2d8e9,2026-09,2026-10-07T04:35:54.229179+08:00,early_carry,union,Ordinary Portland cement (P.O42.5bulk),carry__p_9f31a8386b8c5eb8,140,-0.12868688806507492,2.0269191913768716,0.8009654354888806,0.4586528794581344,0.009470302921193934,0.004672264667226731,0.004343581704146379,0.029999999999999992,1.1959988512839717,25.0,24,False
product-ridge-v2-3200ca1610c2d8e9,2026-09,2026-10-07T04:35:54.229179+08:00,early_carry,union,Anthracite (2 gradewashed medium lumps),carry__p_a074fa497eab1cb8,66,0.14689606144029585,1.3364173780470499,,0.0,-0.0020506446447862044,-0.0015344342856292979,-0.0,0.029999999999999992,1.1959988512839717,25.0,24,False
product-ridge-v2-3200ca1610c2d8e9,2026-09,2026-10-07T04:35:54.229179+08:00,early_carry,union,Gasoline (95#China V),carry__p_a295b5ca26a7559a,25,-0.20687124290263828,2.117726180413363,,0.0,0.008487448315692031,0.004007811960862358,0.0,0.029999999999999992,1.1959988512839717,25.0,24,False
product-ridge-v2-3200ca1610c2d8e9,2026-09,2026-10-07T04:35:54.229179+08:00,early_carry,union,"Caustic soda (liquid,32%)",carry__p_aaab792e0f7a512c,140,-0.41103693904225946,4.625867912412674,-0.4093572967901727,0.00036309775460292826,-0.03482721533632859,-0.0075287958920911046,-1.2645683687693578e-05,0.029999999999999992,1.1959988512839717,25.0,24,False
product-ridge-v2-3200ca1610c2d8e9,2026-09,2026-10-07T04:35:54.229179+08:00,early_carry,union,"Compound fertilizer (potassium-sulfate-based,NPK content 45%)",carry__p_ab0f14fdeeb99eb0,89,0.041221556142062035,1.7652140396980625,-0.03314917157427163,-0.04213128042481164,0.0017218703991329354,0.0009754456742409884,-7.254460464105205e-05,0.029999999999999992,1.1959988512839717,25.0,24,False
product-ridge-v2-3200ca1610c2d8e9,2026-09,2026-10-07T04:35:54.229179+08:00,early_carry,union,Live hogs (three-way crossbred),carry__p_b2354c8beb79d919,140,0.7370564739373068,5.326214458490842,0.9132483563272472,0.03308013294678029,-0.029100088368487514,-0.005463559268083413,-0.0009626347919926217,0.029999999999999992,1.1959988512839717,25.0,24,False
product-ridge-v2-3200ca1610c2d8e9,2026-09,2026-10-07T04:35:54.229179+08:00,early_carry,union,Urea (small prills [source spelling]),carry__p_b6a4aa3d34b35ea7,91,-0.015568743949796543,2.7767226852900175,,0.0,0.01992807740747891,0.007176833867152096,0.0,0.029999999999999992,1.1959988512839717,25.0,24,False
product-ridge-v2-3200ca1610c2d8e9,2026-09,2026-10-07T04:35:54.229179+08:00,early_carry,union,Anthracite (washed medium lumps),carry__p_b74ad31919d3dab3,73,-0.33535384262499296,5.749424663018687,9.123371432718532,1.6451603125063474,0.0015268777043828015,0.0002655705212043125,0.002511958601301384,0.029999999999999992,1.1959988512839717,25.0,24,False
product-ridge-v2-3200ca1610c2d8e9,2026-09,2026-10-07T04:35:54.229179+08:00,early_carry,union,PVC (SG5),carry__p_b7a55e9cddc1fa47,132,0.15868088701835187,2.9863479632589525,,0.0,0.006922325784884444,0.0023179903581397204,0.0,0.029999999999999992,1.1959988512839717,25.0,24,False
product-ridge-v2-3200ca1610c2d8e9,2026-09,2026-10-07T04:35:54.229179+08:00,early_carry,union,Standard blended coal (4500 kcal/kg),carry__p_b7b1618afb05d922,132,-0.42653006270211147,5.366904299641407,,0.0,-0.026866078279952695,-0.0050058798853088865,-0.0,0.029999999999999992,1.1959988512839717,25.0,24,False
product-ridge-v2-3200ca1610c2d8e9,2026-09,2026-10-07T04:35:54.229179+08:00,early_carry,union,"Hot-rolled steel sheet (3mm,Q235)",carry__p_b873db1e2ba44465,90,0.22655874282215901,2.722527431687415,,0.0,0.018378093213180815,0.006750379444952047,0.0,0.029999999999999992,1.1959988512839717,25.0,24,False
product-ridge-v2-3200ca1610c2d8e9,2026-09,2026-10-07T04:35:54.229179+08:00,early_carry,union,"Cotton (lint,white cotton, grade 3)",carry__p_ba1176602ebbd96b,140,0.041933920578057914,2.1278606637192996,-0.3188651113368155,-0.1695595195994792,0.04250827994707765,0.019977003509608186,-0.007207683526826662,0.029999999999999992,1.1959988512839717,25.0,24,False
product-ridge-v2-3200ca1610c2d8e9,2026-09,2026-10-07T04:35:54.229179+08:00,early_carry,union,Ordinary Portland cement (P.O42.5bagged),carry__p_bbc1e9ba2c1b1332,68,-0.27900941766171194,2.329408278309622,,0.0,0.004211804504241671,0.0018081005993925826,0.0,0.029999999999999992,1.1959988512839717,25.0,24,False
product-ridge-v2-3200ca1610c2d8e9,2026-09,2026-10-07T04:35:54.229179+08:00,early_carry,union,"Steel wire rod (Φ6.5mm,HPB300)",carry__p_bc05e8925dafddbd,100,0.3053334211785024,2.7586361970932742,,0.0,0.02505000758376162,0.00908057670313917,0.0,0.029999999999999992,1.1959988512839717,25.0,24,False
product-ridge-v2-3200ca1610c2d8e9,2026-09,2026-10-07T04:35:54.229179+08:00,early_carry,union,"Hot-rolled steel coil (4.75—11.5mm,Q235)",carry__p_bd3edefacd71ccb9,24,-0.052272948709695254,2.751000050882713,0.7547205635382904,0.2933455097498256,-0.01614892916888334,-0.0058702031516508464,-0.004737215858959911,0.029999999999999992,1.1959988512839717,25.0,24,False
product-ridge-v2-3200ca1610c2d8e9,2026-09,2026-10-07T04:35:54.229179+08:00,early_carry,union,"Steel rebar (Φ16-25mm,HRB400E)",carry__p_c0cb077ae13a5415,33,0.5209412879807921,3.1085907833826276,,0.0,-0.009028011056248054,-0.002904213415451287,-0.0,0.029999999999999992,1.1959988512839717,25.0,24,False
product-ridge-v2-3200ca1610c2d8e9,2026-09,2026-10-07T04:35:54.229179+08:00,early_carry,union,Paraffin wax (58#semi-refined),carry__p_c2351f7e990ff8ee,140,-0.3348617500870246,2.135233369750291,0.6668914346107371,0.4691539570753868,-0.005327948234575065,-0.002495253357340585,-0.002499627997343713,0.029999999999999992,1.1959988512839717,25.0,24,False
product-ridge-v2-3200ca1610c2d8e9,2026-09,2026-10-07T04:35:54.229179+08:00,early_carry,union,Composite Portland cement (P.C32.5bagged),carry__p_c790a9428097cdce,24,-0.519492457765998,1.034391768049581,,0.0,0.01777696781282958,0.01718591384998095,0.0,0.029999999999999992,1.1959988512839717,25.0,24,False
product-ridge-v2-3200ca1610c2d8e9,2026-09,2026-10-07T04:35:54.229179+08:00,early_carry,union,Metallurgical coke (quasi-grade 1),carry__p_cf6f0c8ecd5041af,49,-0.5453158950266019,4.093016480258433,11.93531471163279,3.04925002546566,-0.030844085127118614,-0.007535783272773708,-0.09405132735933142,0.029999999999999992,1.1959988512839717,25.0,24,False
product-ridge-v2-3200ca1610c2d8e9,2026-09,2026-10-07T04:35:54.229179+08:00,early_carry,union,Gasoline (92#China VI),carry__p_cf91019388b7c9a6,72,-0.009693504262421252,2.1177248009193854,,0.0,0.0029501108633252088,0.0013930567664148111,0.0,0.029999999999999992,1.1959988512839717,25.0,24,False
product-ridge-v2-3200ca1610c2d8e9,2026-09,2026-10-07T04:35:54.229179+08:00,early_carry,union,Float glass (4.8-5mm),carry__p_d499d7f7dc39d7ab,33,0.06501919677768773,1.1096045105938295,,0.0,-0.006155606136139736,-0.005547567694047519,-0.0,0.029999999999999992,1.1959988512839717,25.0,24,False
product-ridge-v2-3200ca1610c2d8e9,2026-09,2026-10-07T04:35:54.229179+08:00,early_carry,union,"Glyphosate herbicide (glyphosate,95%technical grade)",carry__p_d513ce0622315a93,140,-0.08432707989156593,2.685178265413919,-0.7960381092902545,-0.26505168709496413,0.026126618787139552,0.00972993827771511,-0.006924904387618324,0.029999999999999992,1.1959988512839717,25.0,24,False
product-ridge-v2-3200ca1610c2d8e9,2026-09,2026-10-07T04:35:54.229179+08:00,early_carry,union,Manufactured wood panel (1220*2440*15mm),carry__p_d808a66ec902704a,66,-0.020188046145698083,1.0,,0.0,0.006221520440608031,0.006221520440608031,0.0,0.029999999999999992,1.1959988512839717,25.0,24,False
product-ridge-v2-3200ca1610c2d8e9,2026-09,2026-10-07T04:35:54.229179+08:00,early_carry,union,"Seamless steel pipe (219*6,20#)",carry__p_d8a34b15fb6f311c,140,-0.014270483239039896,1.5068825435059678,0.37319046148395335,0.2571275023343973,-0.0052885993955709976,-0.0035096294786628487,-0.0013598443534303738,0.029999999999999992,1.1959988512839717,25.0,24,False
product-ridge-v2-3200ca1610c2d8e9,2026-09,2026-10-07T04:35:54.229179+08:00,early_carry,union,Coking coal (primary coking coal),carry__p_dde8e41d5f1a8881,73,0.19972494352865783,4.142564123889178,9.106894594941226,2.1501585455363377,0.02096298438434091,0.005060388628253787,0.04507374001393541,0.029999999999999992,1.1959988512839717,25.0,24,False
product-ridge-v2-3200ca1610c2d8e9,2026-09,2026-10-07T04:35:54.229179+08:00,early_carry,union,Electrolytic copper (1#),carry__p_e0705204f7294fed,140,0.06091142706654146,2.165287354988999,1.4524043348406355,0.6426366018200683,0.01760238524171901,0.008129352993800881,0.011311937035666027,0.029999999999999992,1.1959988512839717,25.0,24,False
product-ridge-v2-3200ca1610c2d8e9,2026-09,2026-10-07T04:35:54.229179+08:00,early_carry,union,"Steel rebar (Φ20mm,HRB400E)",carry__p_e07286f243955a55,39,-0.1267791309012986,2.2244305963438893,1.6601046546765394,0.8032994099770026,-0.0018513830225844862,-0.0008322952514802889,-0.0014872148896835575,0.029999999999999992,1.1959988512839717,25.0,24,False
product-ridge-v2-3200ca1610c2d8e9,2026-09,2026-10-07T04:35:54.229179+08:00,early_carry,union,Natural rubber (standard rubber SCRWF),carry__p_e9114732b34c7687,73,0.03770594456871015,3.0124254660724135,4.0647460202705865,1.3368098633664496,0.019850315918559798,0.0065894795214437455,0.026536098110870782,0.029999999999999992,1.1959988512839717,25.0,24,False
product-ridge-v2-3200ca1610c2d8e9,2026-09,2026-10-07T04:35:54.229179+08:00,early_carry,union,Metallurgical coke (grade 2),carry__p_e9a1a6b2d848b28d,90,0.28823038978349663,4.644163099515265,,0.0,0.0024471808482848497,0.0005269368874104086,0.0,0.029999999999999992,1.1959988512839717,25.0,24,False
product-ridge-v2-3200ca1610c2d8e9,2026-09,2026-10-07T04:35:54.229179+08:00,early_carry,union,Methanol (premium grade),carry__p_ec63403370289989,140,0.0723831192244107,3.973380664234946,16.218301063033515,4.063521547064738,-0.01968503809493209,-0.004954229095671694,-0.07999057645354675,0.029999999999999992,1.1959988512839717,25.0,24,False
product-ridge-v2-3200ca1610c2d8e9,2026-09,2026-10-07T04:35:54.229179+08:00,early_carry,union,Paper pulp (bleached chemical pulp),carry__p_f05785b9d3415065,90,0.117880090775695,2.058412465865921,,0.0,-0.011523232547684897,-0.00559811638278112,-0.0,0.029999999999999992,1.1959988512839717,25.0,24,False
product-ridge-v2-3200ca1610c2d8e9,2026-09,2026-10-07T04:35:54.229179+08:00,early_carry,union,Japonica rice (japonica),carry__p_f155865bddb5ae03,124,0.017909530907948706,1.0,0.022609940933639133,0.004700410025690428,-0.02414443933889542,-0.02414443933889542,-0.00011348876473321838,0.029999999999999992,1.1959988512839717,25.0,24,False
product-ridge-v2-3200ca1610c2d8e9,2026-09,2026-10-07T04:35:54.229179+08:00,early_carry,union,Liquefied natural gas (LNG),carry__p_f7fd37c9c13f589b,140,-0.014915894990308536,6.224699349121829,5.429336640677481,0.8746209624462997,-0.0006302553544783301,-0.00010125073021675263,-0.0005512345447207708,0.029999999999999992,1.1959988512839717,25.0,24,False
product-ridge-v2-3200ca1610c2d8e9,2026-09,2026-10-07T04:35:54.229179+08:00,early_carry,union,Float glass (4.8/5mm),carry__p_fcdf70fd9a5b0838,98,-0.1629649913016446,2.6134480241501787,,0.0,-0.02025930340872728,-0.007751944259658673,-0.0,0.029999999999999992,1.1959988512839717,25.0,24,False
product-ridge-v2-3200ca1610c2d8e9,2026-09,2026-10-07T04:35:54.229179+08:00,twentieth,union,"Steel rebar (Φ16-25mm,HRB400)",price__p_015e142afb02def6,65,0.3605776921967471,7.233526900059861,,0.0,0.022945087509478997,0.0031720470285787027,0.0,0.0316546762589928,0.9790618376449911,25.0,12,False
product-ridge-v2-3200ca1610c2d8e9,2026-09,2026-10-07T04:35:54.229179+08:00,twentieth,union,Peanuts (oilseed kernels),price__p_08af219b10a3d0c1,139,0.13402327288288843,3.7885547229977288,1.0140977682647676,0.2322982138913153,0.022476832616327082,0.005932825116629722,0.0052213280707068405,0.0316546762589928,0.9790618376449911,25.0,12,False
product-ridge-v2-3200ca1610c2d8e9,2026-09,2026-10-07T04:35:54.229179+08:00,twentieth,union,Styrene (grade 1),price__p_090787ff4c600967,133,-0.8743206575769246,8.88303621726498,,0.0,-0.0020874808404728914,-0.00023499632213765882,-0.0,0.0316546762589928,0.9790618376449911,25.0,12,False
product-ridge-v2-3200ca1610c2d8e9,2026-09,2026-10-07T04:35:54.229179+08:00,twentieth,union,Diesel (0#China V),price__p_0d20aebdd2e3e2a3,25,0.46418822354789396,6.064118516029045,,0.0,0.034509333797296454,0.005690741977763016,0.0,0.0316546762589928,0.9790618376449911,25.0,12,False
product-ridge-v2-3200ca1610c2d8e9,2026-09,2026-10-07T04:35:54.229179+08:00,twentieth,union,Gasoline (97#),price__p_117934e693b030e1,33,-1.3365454977927171,3.8447695862218256,,0.0,0.05753791877027177,0.014965244985412266,0.0,0.0316546762589928,0.9790618376449911,25.0,12,False
product-ridge-v2-3200ca1610c2d8e9,2026-09,2026-10-07T04:35:54.229179+08:00,twentieth,union,"Maize (yellow maize, grade 2)",price__p_12f4a9142c235af4,139,-0.1585979797051252,3.4239720243888825,-1.1832860265430818,-0.2992688139795316,0.03849729361277664,0.011243460325774043,-0.011521039400917461,0.0316546762589928,0.9790618376449911,25.0,12,False
product-ridge-v2-3200ca1610c2d8e9,2026-09,2026-10-07T04:35:54.229179+08:00,twentieth,union,Datong blended coal (5800 kcal/kg),price__p_156a750ae05683cb,133,0.4874692624579113,9.459817297298036,,0.0,0.03246038823988111,0.003431396951942467,0.0,0.0316546762589928,0.9790618376449911,25.0,12,False
product-ridge-v2-3200ca1610c2d8e9,2026-09,2026-10-07T04:35:54.229179+08:00,twentieth,union,"Steel wire rod (Φ8—10mm,HPB300)",price__p_175e0c5b4d6a8cd9,24,-0.5891416840571949,3.89426934164809,2.996410844787501,0.9207253567436242,-0.006460319871430226,-0.0016589299056279862,-0.005948180318300519,0.0316546762589928,0.9790618376449911,25.0,12,False
product-ridge-v2-3200ca1610c2d8e9,2026-09,2026-10-07T04:35:54.229179+08:00,twentieth,union,"Polyethylene (LLDPE,7042)",price__p_1bee12058e36565f,87,-0.3111720563161717,3.827419448857243,,0.0,-0.020287825405483656,-0.005300653789471916,-0.0,0.0316546762589928,0.9790618376449911,25.0,12,False
product-ridge-v2-3200ca1610c2d8e9,2026-09,2026-10-07T04:35:54.229179+08:00,twentieth,union,Gasoline (95#China VI),price__p_212ef5b23dbb70ff,80,-0.06818407311285074,5.069238745062349,14.331582925561342,2.8406172450844163,0.002161215865070822,0.0004263393329375021,0.006139187056670212,0.0316546762589928,0.9790618376449911,25.0,12,False
product-ridge-v2-3200ca1610c2d8e9,2026-09,2026-10-07T04:35:54.229179+08:00,twentieth,union,Steel angle (5#),price__p_29096e2e6c801716,139,-0.03401271949944601,4.282550308692306,0.6722026714329815,0.16490533444499647,0.04636724400128218,0.01082701676782884,0.007646205879324194,0.0316546762589928,0.9790618376449911,25.0,12,False
product-ridge-v2-3200ca1610c2d8e9,2026-09,2026-10-07T04:35:54.229179+08:00,twentieth,union,"Medium steel plate (20mm,Q235)",price__p_2929b2190c67fa05,139,0.02887238096075717,5.263440316276467,1.8662353191382222,0.34908022657646026,0.012572424118726137,0.0023886324083219183,0.004388784659980273,0.0316546762589928,0.9790618376449911,25.0,12,False
product-ridge-v2-3200ca1610c2d8e9,2026-09,2026-10-07T04:35:54.229179+08:00,twentieth,union,Polypropylene (T30S),price__p_29a1d693bcd6b5ed,87,-0.3597695485120134,5.648941745250714,,0.0,-0.02387778801839357,-0.004226948886217238,-0.0,0.0316546762589928,0.9790618376449911,25.0,12,False
product-ridge-v2-3200ca1610c2d8e9,2026-09,2026-10-07T04:35:54.229179+08:00,twentieth,union,"Hot-rolled steel coil (4.75-11.5mm,Q235)",price__p_2b23ed0aa617091c,26,-0.7245270076731584,4.904184808717741,,0.0,-0.031180506120821034,-0.006357938645663225,-0.0,0.0316546762589928,0.9790618376449911,25.0,12,False
product-ridge-v2-3200ca1610c2d8e9,2026-09,2026-10-07T04:35:54.229179+08:00,twentieth,union,Coking coal (one-third coking coal),price__p_2c2bb2eb34a2530d,65,0.21701649311650564,6.203182951123984,,0.0,0.032816277577236506,0.005290232101132914,0.0,0.0316546762589928,0.9790618376449911,25.0,12,False
product-ridge-v2-3200ca1610c2d8e9,2026-09,2026-10-07T04:35:54.229179+08:00,twentieth,union,Shanxi premium blended coal (5500 kcal/kg),price__p_2fee73ae064112ed,139,0.5369155744539101,9.474118816026737,13.104861470468807,1.3265556554720992,0.05372477537679101,0.005670688369023659,0.0712689046150503,0.0316546762589928,0.9790618376449911,25.0,12,False
product-ridge-v2-3200ca1610c2d8e9,2026-09,2026-10-07T04:35:54.229179+08:00,twentieth,union,Polyester filament yarn (POY150D/48F),price__p_31deb9fdc417508e,51,-0.44960334730035667,5.221773128795726,11.517990965994445,2.2918640887132593,-0.04324744703126261,-0.008282138263106918,-0.09911727077947964,0.0316546762589928,0.9790618376449911,25.0,12,False
product-ridge-v2-3200ca1610c2d8e9,2026-09,2026-10-07T04:35:54.229179+08:00,twentieth,union,Composite Portland cement (P.C32.5Rbagged),price__p_35042b5fee5e1452,38,1.728717019864183,3.8984812866589658,,0.0,-0.0019058412377244043,-0.0004888676121766709,-0.0,0.0316546762589928,0.9790618376449911,25.0,12,False
product-ridge-v2-3200ca1610c2d8e9,2026-09,2026-10-07T04:35:54.229179+08:00,twentieth,union,Shanxi blended coal (5000 kcal/kg),price__p_3862181ef4e50416,133,0.5617077775241118,10.75268457221688,,0.0,-0.011665574582875217,-0.0010848987994139705,-0.0,0.0316546762589928,0.9790618376449911,25.0,12,False
product-ridge-v2-3200ca1610c2d8e9,2026-09,2026-10-07T04:35:54.229179+08:00,twentieth,union,Gasoline (93#),price__p_394ed64ad5df6eab,33,-1.338006184899691,5.607706379444147,,0.0,0.03099615345199622,0.005527420901639407,0.0,0.0316546762589928,0.9790618376449911,25.0,12,False
product-ridge-v2-3200ca1610c2d8e9,2026-09,2026-10-07T04:35:54.229179+08:00,twentieth,union,Corrugating paper (AA grade 120g),price__p_398b35a78734a78e,51,-0.42743044772036143,4.315243499988268,-4.701862970466445,-0.990542601537481,0.002565957615117172,0.0005946263785865497,-0.0025416903315130736,0.0316546762589928,0.9790618376449911,25.0,12,False
product-ridge-v2-3200ca1610c2d8e9,2026-09,2026-10-07T04:35:54.229179+08:00,twentieth,union,Diesel (0#),price__p_3a66e1c2dcaacdbe,33,-0.8273494662665312,5.911252248707354,,0.0,0.025982017635924153,0.004395349165078479,0.0,0.0316546762589928,0.9790618376449911,25.0,12,False
product-ridge-v2-3200ca1610c2d8e9,2026-09,2026-10-07T04:35:54.229179+08:00,twentieth,union,Zinc ingot (0#),price__p_3abb1bdf911a74ba,139,0.47579074152752326,4.408555477348434,2.8587171219276897,0.5405231696967095,0.025011514610746743,0.00567340362149421,0.013519303156316392,0.0316546762589928,0.9790618376449911,25.0,12,False
product-ridge-v2-3200ca1610c2d8e9,2026-09,2026-10-07T04:35:54.229179+08:00,twentieth,union,"Japonica rice (japonica, grade 1)",price__p_45d6c5200e1a3379,14,-0.17670550561081036,1.0,,0.0,0.012781397323776594,0.012781397323776594,0.0,0.0316546762589928,0.9790618376449911,25.0,12,False
product-ridge-v2-3200ca1610c2d8e9,2026-09,2026-10-07T04:35:54.229179+08:00,twentieth,union,Polyester filament yarn (FDY150D/96F),price__p_47f8c50648adab37,87,-0.537524792581654,7.156765458539478,,0.0,0.0046807266740232865,0.0006540282340031454,0.0,0.0316546762589928,0.9790618376449911,25.0,12,False
product-ridge-v2-3200ca1610c2d8e9,2026-09,2026-10-07T04:35:54.229179+08:00,twentieth,union,Aluminium ingot (A00),price__p_4b78aecc4ad2673a,139,0.2893317033433837,4.797074115436613,0.9778261844019096,0.14352383650755027,-0.002883994579536581,-0.0006011986703011549,-0.00041392196652206945,0.0316546762589928,0.9790618376449911,25.0,12,False
product-ridge-v2-3200ca1610c2d8e9,2026-09,2026-10-07T04:35:54.229179+08:00,twentieth,union,Diesel (0#China VI),price__p_4d6f925d5fd37636,80,-0.17680894578016282,4.473193619928246,10.523265723044721,2.392043711489628,0.03633890949590641,0.008123705920981198,0.08692425994207365,0.0316546762589928,0.9790618376449911,25.0,12,False
product-ridge-v2-3200ca1610c2d8e9,2026-09,2026-10-07T04:35:54.229179+08:00,twentieth,union,"Polyethylene (LLDPE,film grade, melt index 2)",price__p_4f0bc051d584c367,51,-0.523635343822625,2.80595817724893,10.8670424256798,4.059460993346054,-0.00715039553858362,-0.002548290133673391,-0.029026751775875853,0.0316546762589928,0.9790618376449911,25.0,12,False
product-ridge-v2-3200ca1610c2d8e9,2026-09,2026-10-07T04:35:54.229179+08:00,twentieth,union,Corrugating paper (high strength),price__p_57bdf8a55dab3591,87,0.3483964846834922,7.4590305928722,,0.0,0.02899797650876488,0.0038876334059381864,0.0,0.0316546762589928,0.9790618376449911,25.0,12,False
product-ridge-v2-3200ca1610c2d8e9,2026-09,2026-10-07T04:35:54.229179+08:00,twentieth,union,Sulfuric acid (98%),price__p_5a70d1f2747b0f36,139,1.3991879018328508,17.19993666752309,-8.7901844825253,-0.5924075524997553,0.04178051257690173,0.002429108512695379,-0.024751091197867597,0.0316546762589928,0.9790618376449911,25.0,12,False
product-ridge-v2-3200ca1610c2d8e9,2026-09,2026-10-07T04:35:54.229179+08:00,twentieth,union,Paper pulp (imported softwood pulp),price__p_5b64eea47fe39565,51,-0.4886366486690462,3.5325303098853014,2.2610564653245553,0.7783919380108254,0.007876519312941085,0.0022297103271555025,0.006131019132779906,0.0316546762589928,0.9790618376449911,25.0,12,False
product-ridge-v2-3200ca1610c2d8e9,2026-09,2026-10-07T04:35:54.229179+08:00,twentieth,union,Polypropylene (raffia grade),price__p_679f919cb34f89e9,51,-0.4228383439146833,2.9260793403515404,10.55376008362597,3.7512989740811067,0.07731437488072955,0.026422514869826108,0.29002933517180285,0.0316546762589928,0.9790618376449911,25.0,12,False
product-ridge-v2-3200ca1610c2d8e9,2026-09,2026-10-07T04:35:54.229179+08:00,twentieth,union,Soybean meal (crude protein ≥43%),price__p_6a02652f4a9989e9,139,-0.1925185605488296,6.624634287645191,8.460880699548564,1.3062455804142743,-0.023929903386870063,-0.0036122602920887043,-0.03125833053883959,0.0316546762589928,0.9790618376449911,25.0,12,False
product-ridge-v2-3200ca1610c2d8e9,2026-09,2026-10-07T04:35:54.229179+08:00,twentieth,union,Lead ingot (1#),price__p_6ad195c852babce1,139,0.1617078261110757,4.039191145621062,1.3801017176342771,0.3016430388158475,0.007092565237538427,0.001755937013584407,0.0021394229312507343,0.0316546762589928,0.9790618376449911,25.0,12,False
product-ridge-v2-3200ca1610c2d8e9,2026-09,2026-10-07T04:35:54.229179+08:00,twentieth,union,Wheat (national standard grade 3),price__p_6f9697bbf4df888a,139,-0.007973421938742679,2.663591714641008,0.06260826216155346,0.026498687359751364,-0.004594248084568828,-0.0017248319475224186,-0.00012174154364612592,0.0316546762589928,0.9790618376449911,25.0,12,False
product-ridge-v2-3200ca1610c2d8e9,2026-09,2026-10-07T04:35:54.229179+08:00,twentieth,union,Urea (medium/small prills),price__p_7b4d7b259b6753fa,27,-1.2630214150116554,4.042933026235235,2.37669602461132,0.9002665678615674,0.03757616434818865,0.009294283161346216,0.033828564511145985,0.0316546762589928,0.9790618376449911,25.0,12,False
product-ridge-v2-3200ca1610c2d8e9,2026-09,2026-10-07T04:35:54.229179+08:00,twentieth,union,"Benzene (petroleum-derived,industrial grade)",price__p_7bbab6017e1fb60b,139,-0.8562206334054424,8.913385510772683,19.500432715648707,2.2838295644736983,0.04682200104416542,0.0052529985365915716,0.10693347025248337,0.0316546762589928,0.9790618376449911,25.0,12,False
product-ridge-v2-3200ca1610c2d8e9,2026-09,2026-10-07T04:35:54.229179+08:00,twentieth,union,Liquefied petroleum gas (LPG),price__p_8de345911b7fc78f,139,0.05826371871101745,8.630489224957735,25.408620910400547,2.937302455390491,0.0250089010843373,0.002897738521243536,0.07345870656164187,0.0316546762589928,0.9790618376449911,25.0,12,False
product-ridge-v2-3200ca1610c2d8e9,2026-09,2026-10-07T04:35:54.229179+08:00,twentieth,union,Gasoline (92#China V),price__p_9341bdcca7b05d66,25,0.38921142827065724,4.617910978448604,,0.0,0.03231057976774923,0.006996795719653312,0.0,0.0316546762589928,0.9790618376449911,25.0,12,False
product-ridge-v2-3200ca1610c2d8e9,2026-09,2026-10-07T04:35:54.229179+08:00,twentieth,union,Compound fertilizer (potassium-sulfate-based),price__p_93a4e9685d04bc1a,50,-0.3778705680703826,2.057343306311748,,0.0,0.0487640239272085,0.023702424275814725,0.0,0.0316546762589928,0.9790618376449911,25.0,12,False
product-ridge-v2-3200ca1610c2d8e9,2026-09,2026-10-07T04:35:54.229179+08:00,twentieth,union,Soybeans (yellow soybeans),price__p_955389fa1088a0da,139,-0.15654867267206043,3.232323507560542,3.543204257271701,1.1446109652359617,0.010337443747965191,0.0031981463871996324,0.011832351466430895,0.0316546762589928,0.9790618376449911,25.0,12,False
product-ridge-v2-3200ca1610c2d8e9,2026-09,2026-10-07T04:35:54.229179+08:00,twentieth,union,Polybutadiene rubber (BR9000),price__p_96d693419d7e59f7,139,-0.35226518262940765,9.507485740860465,11.293465340226879,1.224901182108142,0.06197305038912021,0.006518342712077673,0.07591086268048079,0.0316546762589928,0.9790618376449911,25.0,12,False
product-ridge-v2-3200ca1610c2d8e9,2026-09,2026-10-07T04:35:54.229179+08:00,twentieth,union,Ordinary Portland cement (P.O42.5bulk),price__p_9f31a8386b8c5eb8,139,-0.10964675555562943,5.1192692332740695,3.8201140358610934,0.7676409683386417,0.10239364110268497,0.020001612815585067,0.07860155380778443,0.0316546762589928,0.9790618376449911,25.0,12,False
product-ridge-v2-3200ca1610c2d8e9,2026-09,2026-10-07T04:35:54.229179+08:00,twentieth,union,Anthracite (2 gradewashed medium lumps),price__p_a074fa497eab1cb8,65,-0.1800939599494142,2.9693123981111134,,0.0,0.04104235150904792,0.013822173623481463,0.0,0.0316546762589928,0.9790618376449911,25.0,12,False
product-ridge-v2-3200ca1610c2d8e9,2026-09,2026-10-07T04:35:54.229179+08:00,twentieth,union,Gasoline (95#China V),price__p_a295b5ca26a7559a,25,0.20270840194879228,4.875265584932524,,0.0,0.03583063412212238,0.007349473274412042,0.0,0.0316546762589928,0.9790618376449911,25.0,12,False
product-ridge-v2-3200ca1610c2d8e9,2026-09,2026-10-07T04:35:54.229179+08:00,twentieth,union,"Caustic soda (liquid,32%)",price__p_aaab792e0f7a512c,139,-0.14127619252987536,11.06453755145759,-0.27796082558968604,-0.01235339772892763,-0.00524341035912072,-0.0004738933131850574,6.477393362219751e-05,0.0316546762589928,0.9790618376449911,25.0,12,False
product-ridge-v2-3200ca1610c2d8e9,2026-09,2026-10-07T04:35:54.229179+08:00,twentieth,union,"Compound fertilizer (potassium-sulfate-based,NPK content 45%)",price__p_ab0f14fdeeb99eb0,88,0.317945944282454,3.1813419891888057,-0.4752440421311387,-0.24932559564771728,0.07603829205531633,0.023901326017045074,-0.018958292458726832,0.0316546762589928,0.9790618376449911,25.0,12,False
product-ridge-v2-3200ca1610c2d8e9,2026-09,2026-10-07T04:35:54.229179+08:00,twentieth,union,Live hogs (three-way crossbred),price__p_b2354c8beb79d919,139,0.47419045008275773,10.769591799738134,-2.765153133051012,-0.30078610623037133,0.015499629531294488,0.0014392030654004331,-0.004662073214731345,0.0316546762589928,0.9790618376449911,25.0,12,False
product-ridge-v2-3200ca1610c2d8e9,2026-09,2026-10-07T04:35:54.229179+08:00,twentieth,union,Urea (small prills [source spelling]),price__p_b6a4aa3d34b35ea7,88,0.43610927764467927,5.486369378057826,,0.0,0.04324041635425844,0.007881426381386947,0.0,0.0316546762589928,0.9790618376449911,25.0,12,False
product-ridge-v2-3200ca1610c2d8e9,2026-09,2026-10-07T04:35:54.229179+08:00,twentieth,union,Anthracite (washed medium lumps),price__p_b74ad31919d3dab3,73,0.24040949148567306,10.66562168403982,16.206109122483674,1.4969309904259298,0.032659935653509053,0.0030621689593942586,0.048889669825054445,0.0316546762589928,0.9790618376449911,25.0,12,False
product-ridge-v2-3200ca1610c2d8e9,2026-09,2026-10-07T04:35:54.229179+08:00,twentieth,union,PVC (SG5),price__p_b7a55e9cddc1fa47,133,-0.354517218245242,6.874388816586608,,0.0,-0.06212144579471629,-0.009036650013864347,-0.0,0.0316546762589928,0.9790618376449911,25.0,12,False
product-ridge-v2-3200ca1610c2d8e9,2026-09,2026-10-07T04:35:54.229179+08:00,twentieth,union,Standard blended coal (4500 kcal/kg),price__p_b7b1618afb05d922,133,0.5810422026099891,11.032256066836014,,0.0,-0.02781646570154689,-0.0025213760026080037,-0.0,0.0316546762589928,0.9790618376449911,25.0,12,False
product-ridge-v2-3200ca1610c2d8e9,2026-09,2026-10-07T04:35:54.229179+08:00,twentieth,union,"Hot-rolled steel sheet (3mm,Q235)",price__p_b873db1e2ba44465,87,0.48263128506345515,6.260388505444635,,0.0,-0.0008596223762825226,-0.00013731134665762555,-0.0,0.0316546762589928,0.9790618376449911,25.0,12,False
product-ridge-v2-3200ca1610c2d8e9,2026-09,2026-10-07T04:35:54.229179+08:00,twentieth,union,"Cotton (lint,white cotton, grade 3)",price__p_ba1176602ebbd96b,139,-0.07772261142136251,4.19885372310113,-2.744361917665438,-0.6350874505517632,0.06910148758940672,0.0164572266971879,-0.04388548758249062,0.0316546762589928,0.9790618376449911,25.0,12,False
product-ridge-v2-3200ca1610c2d8e9,2026-09,2026-10-07T04:35:54.229179+08:00,twentieth,union,Ordinary Portland cement (P.O42.5bagged),price__p_bbc1e9ba2c1b1332,70,-0.5061490701788008,5.801244918403048,,0.0,0.03726364518347737,0.006423387687919787,0.0,0.0316546762589928,0.9790618376449911,25.0,12,False
product-ridge-v2-3200ca1610c2d8e9,2026-09,2026-10-07T04:35:54.229179+08:00,twentieth,union,"Steel wire rod (Φ6.5mm,HPB300)",price__p_bc05e8925dafddbd,99,0.23482327353258822,6.380065124384161,,0.0,-0.0031943670118000506,-0.0005006793738815305,-0.0,0.0316546762589928,0.9790618376449911,25.0,12,False
product-ridge-v2-3200ca1610c2d8e9,2026-09,2026-10-07T04:35:54.229179+08:00,twentieth,union,Urea (small prills),price__p_bcb6c83c3cb2c0f1,22,-0.37994138124692806,7.218841835104443,,0.0,0.005666591128976078,0.0007849723346784053,0.0,0.0316546762589928,0.9790618376449911,25.0,12,False
product-ridge-v2-3200ca1610c2d8e9,2026-09,2026-10-07T04:35:54.229179+08:00,twentieth,union,"Hot-rolled steel coil (4.75—11.5mm,Q235)",price__p_bd3edefacd71ccb9,24,-0.5969192166408114,4.508881425207086,1.3264165750924488,0.42656606159141214,-0.0049161717682446706,-0.0010903306839609068,-0.002097072029287018,0.0316546762589928,0.9790618376449911,25.0,12,False
product-ridge-v2-3200ca1610c2d8e9,2026-09,2026-10-07T04:35:54.229179+08:00,twentieth,union,"Steel rebar (Φ16-25mm,HRB400E)",price__p_c0cb077ae13a5415,33,-0.09513109922476931,6.697683637060384,,0.0,-0.05126550957248083,-0.007654214852551812,-0.0,0.0316546762589928,0.9790618376449911,25.0,12,False
product-ridge-v2-3200ca1610c2d8e9,2026-09,2026-10-07T04:35:54.229179+08:00,twentieth,union,Paraffin wax (58#semi-refined),price__p_c2351f7e990ff8ee,139,-0.3089326361680351,3.7936434784918114,2.121233369548437,0.6405889271077737,0.07274980880719914,0.01917676482243432,0.04660272197109936,0.0316546762589928,0.9790618376449911,25.0,12,False
product-ridge-v2-3200ca1610c2d8e9,2026-09,2026-10-07T04:35:54.229179+08:00,twentieth,union,Composite Portland cement (P.C32.5bagged),price__p_c790a9428097cdce,23,-1.3093988192741213,2.367544451988445,,0.0,-0.0005489110692557343,-0.0002318482632056673,-0.0,0.0316546762589928,0.9790618376449911,25.0,12,False
product-ridge-v2-3200ca1610c2d8e9,2026-09,2026-10-07T04:35:54.229179+08:00,twentieth,union,Metallurgical coke (quasi-grade 1),price__p_cf6f0c8ecd5041af,51,-0.9301354990827503,9.908677614871113,24.163050184822595,2.532445464392248,0.010291063157638693,0.0010385909762765607,0.026061556217336274,0.0316546762589928,0.9790618376449911,25.0,12,False
product-ridge-v2-3200ca1610c2d8e9,2026-09,2026-10-07T04:35:54.229179+08:00,twentieth,union,Gasoline (92#China VI),price__p_cf91019388b7c9a6,74,0.03471161704830527,5.12982994486813,,0.0,0.05075244685281405,0.009893592457891644,0.0,0.0316546762589928,0.9790618376449911,25.0,12,False
product-ridge-v2-3200ca1610c2d8e9,2026-09,2026-10-07T04:35:54.229179+08:00,twentieth,union,Float glass (4.8-5mm),price__p_d499d7f7dc39d7ab,34,1.0714377138662652,3.055483467858953,,0.0,-0.016199084205735213,-0.0053016435454930734,-0.0,0.0316546762589928,0.9790618376449911,25.0,12,False
product-ridge-v2-3200ca1610c2d8e9,2026-09,2026-10-07T04:35:54.229179+08:00,twentieth,union,"Glyphosate herbicide (glyphosate,95%technical grade)",price__p_d513ce0622315a93,139,-0.2576884187782968,7.592738519307993,4.310009132776932,0.6015876274337353,0.06864537293926681,0.009040924136226305,0.04129620704083746,0.0316546762589928,0.9790618376449911,25.0,12,False
product-ridge-v2-3200ca1610c2d8e9,2026-09,2026-10-07T04:35:54.229179+08:00,twentieth,union,Manufactured wood panel (1220*2440*15mm),price__p_d808a66ec902704a,65,-0.11582787814252506,1.0,,0.0,0.007657828623637182,0.007657828623637182,0.0,0.0316546762589928,0.9790618376449911,25.0,12,False
product-ridge-v2-3200ca1610c2d8e9,2026-09,2026-10-07T04:35:54.229179+08:00,twentieth,union,"Seamless steel pipe (219*6,20#)",price__p_d8a34b15fb6f311c,139,-0.07306148147949051,3.8983700763187756,0.296281758894915,0.09474299082532864,0.0831916278815492,0.021340105288338074,0.00788182363712577,0.0316546762589928,0.9790618376449911,25.0,12,False
product-ridge-v2-3200ca1610c2d8e9,2026-09,2026-10-07T04:35:54.229179+08:00,twentieth,union,Coking coal (primary coking coal),price__p_dde8e41d5f1a8881,73,0.804143549259105,12.42845226141519,22.135054941807116,1.7162966831172528,0.04630932626150966,0.0037260734713749914,0.07948054306002372,0.0316546762589928,0.9790618376449911,25.0,12,False
product-ridge-v2-3200ca1610c2d8e9,2026-09,2026-10-07T04:35:54.229179+08:00,twentieth,union,Electrolytic copper (1#),price__p_e0705204f7294fed,139,0.5052830630733333,4.749416966938079,0.4918761123866803,-0.0028228624228999557,0.07266382379493147,0.015299525036601999,-0.0002051199776949357,0.0316546762589928,0.9790618376449911,25.0,12,False
product-ridge-v2-3200ca1610c2d8e9,2026-09,2026-10-07T04:35:54.229179+08:00,twentieth,union,"Steel rebar (Φ20mm,HRB400E)",price__p_e07286f243955a55,39,-0.5293453810885678,4.238667103157966,3.2822471086922214,0.8992431811738671,-0.016726392268067665,-0.0039461443564666535,-0.015041094192699141,0.0316546762589928,0.9790618376449911,25.0,12,False
product-ridge-v2-3200ca1610c2d8e9,2026-09,2026-10-07T04:35:54.229179+08:00,twentieth,union,Natural rubber (standard rubber SCRWF),price__p_e9114732b34c7687,73,0.17355698726952862,4.749382158065554,6.521811472293376,1.3366484889498809,-0.012702676341263387,-0.002674595540746556,-0.016979013137169107,0.0316546762589928,0.9790618376449911,25.0,12,False
product-ridge-v2-3200ca1610c2d8e9,2026-09,2026-10-07T04:35:54.229179+08:00,twentieth,union,Metallurgical coke (grade 2),price__p_e9a1a6b2d848b28d,87,0.9239332541351589,12.118181624706482,,0.0,0.02880308526772003,0.002376848784721666,0.0,0.0316546762589928,0.9790618376449911,25.0,12,False
product-ridge-v2-3200ca1610c2d8e9,2026-09,2026-10-07T04:35:54.229179+08:00,twentieth,union,Methanol (premium grade),price__p_ec63403370289989,139,-0.19333376793354748,8.732819882017287,33.8113237078826,3.8938919999757338,0.025448591711825334,0.0029141322110890363,0.09909406767732544,0.0316546762589928,0.9790618376449911,25.0,12,False
product-ridge-v2-3200ca1610c2d8e9,2026-09,2026-10-07T04:35:54.229179+08:00,twentieth,union,Paper pulp (bleached chemical pulp),price__p_f05785b9d3415065,87,0.1253349386571647,4.532604330996787,,0.0,-0.0020711039727652905,-0.0004569346498219102,-0.0,0.0316546762589928,0.9790618376449911,25.0,12,False
product-ridge-v2-3200ca1610c2d8e9,2026-09,2026-10-07T04:35:54.229179+08:00,twentieth,union,Japonica rice (japonica),price__p_f155865bddb5ae03,123,0.0328025728729928,1.0,-0.04018283242575855,-0.07298540529875135,-0.06635219739331219,-0.06635219739331219,0.0048427420192136425,0.0316546762589928,0.9790618376449911,25.0,12,False
product-ridge-v2-3200ca1610c2d8e9,2026-09,2026-10-07T04:35:54.229179+08:00,twentieth,union,"Steel wire rod (Φ8-10mm,HPB300)",price__p_f72f3a06539c1241,14,-0.19050536949769872,3.4701103800915822,,0.0,-0.00807360467938174,-0.0023266132183289985,-0.0,0.0316546762589928,0.9790618376449911,25.0,12,False
product-ridge-v2-3200ca1610c2d8e9,2026-09,2026-10-07T04:35:54.229179+08:00,twentieth,union,Liquefied natural gas (LNG),price__p_f7fd37c9c13f589b,139,0.8728648611379687,12.032872362440129,11.02902052120069,0.8440341885254711,0.030505833654890277,0.0025352079483625506,0.02574796655419832,0.0316546762589928,0.9790618376449911,25.0,12,False
product-ridge-v2-3200ca1610c2d8e9,2026-09,2026-10-07T04:35:54.229179+08:00,twentieth,union,Float glass (4.8/5mm),price__p_fcdf70fd9a5b0838,97,-0.47544115460782327,6.760779697346086,,0.0,0.010423877274155911,0.0015418158468094676,0.0,0.0316546762589928,0.9790618376449911,25.0,12,False
product-ridge-v2-3200ca1610c2d8e9,2026-09,2026-10-07T04:35:54.229179+08:00,twentieth,stable,Peanuts (oilseed kernels),price__p_08af219b10a3d0c1,139,0.13402327288288843,3.7885547229977288,1.0140977682647676,0.2322982138913153,0.0008856592832754428,0.0002337723348429442,0.00020573706962114782,0.03165467625899279,0.7811748500503188,100.0,2,False
product-ridge-v2-3200ca1610c2d8e9,2026-09,2026-10-07T04:35:54.229179+08:00,twentieth,stable,"Maize (yellow maize, grade 2)",price__p_12f4a9142c235af4,139,-0.1585979797051252,3.4239720243888825,-1.1832860265430818,-0.2992688139795316,0.015916512427094548,0.004648552124176704,-0.004763315796747061,0.03165467625899279,0.7811748500503188,100.0,2,False
product-ridge-v2-3200ca1610c2d8e9,2026-09,2026-10-07T04:35:54.229179+08:00,twentieth,stable,Steel angle (5#),price__p_29096e2e6c801716,139,-0.03401271949944601,4.282550308692306,0.6722026714329815,0.16490533444499647,0.030550662506385984,0.007133754493059243,0.005037967218131795,0.03165467625899279,0.7811748500503188,100.0,2,False
product-ridge-v2-3200ca1610c2d8e9,2026-09,2026-10-07T04:35:54.229179+08:00,twentieth,stable,"Medium steel plate (20mm,Q235)",price__p_2929b2190c67fa05,139,0.02887238096075717,5.263440316276467,1.8662353191382222,0.34908022657646026,0.022986166292429222,0.004367137254572386,0.008024016137485386,0.03165467625899279,0.7811748500503188,100.0,2,False
product-ridge-v2-3200ca1610c2d8e9,2026-09,2026-10-07T04:35:54.229179+08:00,twentieth,stable,Shanxi premium blended coal (5500 kcal/kg),price__p_2fee73ae064112ed,139,0.5369155744539101,9.474118816026737,13.104861470468807,1.3265556554720992,0.057543023546047886,0.00607370718728017,0.076334023317974,0.03165467625899279,0.7811748500503188,100.0,2,False
product-ridge-v2-3200ca1610c2d8e9,2026-09,2026-10-07T04:35:54.229179+08:00,twentieth,stable,Zinc ingot (0#),price__p_3abb1bdf911a74ba,139,0.47579074152752326,4.408555477348434,2.8587171219276897,0.5405231696967095,0.02126140731995073,0.004822760523076959,0.01149228327679259,0.03165467625899279,0.7811748500503188,100.0,2,False
product-ridge-v2-3200ca1610c2d8e9,2026-09,2026-10-07T04:35:54.229179+08:00,twentieth,stable,Aluminium ingot (A00),price__p_4b78aecc4ad2673a,139,0.2893317033433837,4.797074115436613,0.9778261844019096,0.14352383650755027,-0.014068109526664116,-0.002932643771626131,-0.0020191090516752507,0.03165467625899279,0.7811748500503188,100.0,2,False
product-ridge-v2-3200ca1610c2d8e9,2026-09,2026-10-07T04:35:54.229179+08:00,twentieth,stable,Sulfuric acid (98%),price__p_5a70d1f2747b0f36,139,1.3991879018328508,17.19993666752309,-8.7901844825253,-0.5924075524997553,0.06328323223748744,0.003679271235746978,-0.03748946472408355,0.03165467625899279,0.7811748500503188,100.0,2,False
product-ridge-v2-3200ca1610c2d8e9,2026-09,2026-10-07T04:35:54.229179+08:00,twentieth,stable,Soybean meal (crude protein ≥43%),price__p_6a02652f4a9989e9,139,-0.1925185605488296,6.624634287645191,8.460880699548564,1.3062455804142743,-0.0002130271324851156,-3.215681398177812e-05,-0.0002782657503170083,0.03165467625899279,0.7811748500503188,100.0,2,False
product-ridge-v2-3200ca1610c2d8e9,2026-09,2026-10-07T04:35:54.229179+08:00,twentieth,stable,Lead ingot (1#),price__p_6ad195c852babce1,139,0.1617078261110757,4.039191145621062,1.3801017176342771,0.3016430388158475,0.02084870150182891,0.005161603090864182,0.006288865676376195,0.03165467625899279,0.7811748500503188,100.0,2,False
product-ridge-v2-3200ca1610c2d8e9,2026-09,2026-10-07T04:35:54.229179+08:00,twentieth,stable,Wheat (national standard grade 3),price__p_6f9697bbf4df888a,139,-0.007973421938742679,2.663591714641008,0.06260826216155346,0.026498687359751364,0.019734096707693872,0.0074088294385438805,0.0005229276589842786,0.03165467625899279,0.7811748500503188,100.0,2,False
product-ridge-v2-3200ca1610c2d8e9,2026-09,2026-10-07T04:35:54.229179+08:00,twentieth,stable,"Benzene (petroleum-derived,industrial grade)",price__p_7bbab6017e1fb60b,139,-0.8562206334054424,8.913385510772683,19.500432715648707,2.2838295644736983,0.05247229869741276,0.005886910044897637,0.11983778708104599,0.03165467625899279,0.7811748500503188,100.0,2,False
product-ridge-v2-3200ca1610c2d8e9,2026-09,2026-10-07T04:35:54.229179+08:00,twentieth,stable,Liquefied petroleum gas (LPG),price__p_8de345911b7fc78f,139,0.05826371871101745,8.630489224957735,25.408620910400547,2.937302455390491,0.055147948641486685,0.0063898983248839815,0.16198620495438754,0.03165467625899279,0.7811748500503188,100.0,2,False
product-ridge-v2-3200ca1610c2d8e9,2026-09,2026-10-07T04:35:54.229179+08:00,twentieth,stable,Soybeans (yellow soybeans),price__p_955389fa1088a0da,139,-0.15654867267206043,3.232323507560542,3.543204257271701,1.1446109652359617,0.008939335000706913,0.002765606530348039,0.010232060863726756,0.03165467625899279,0.7811748500503188,100.0,2,False
product-ridge-v2-3200ca1610c2d8e9,2026-09,2026-10-07T04:35:54.229179+08:00,twentieth,stable,Polybutadiene rubber (BR9000),price__p_96d693419d7e59f7,139,-0.35226518262940765,9.507485740860465,11.293465340226879,1.224901182108142,0.04336162014597634,0.00456078729201985,0.05311369977493064,0.03165467625899279,0.7811748500503188,100.0,2,False
product-ridge-v2-3200ca1610c2d8e9,2026-09,2026-10-07T04:35:54.229179+08:00,twentieth,stable,Ordinary Portland cement (P.O42.5bulk),price__p_9f31a8386b8c5eb8,139,-0.10964675555562943,5.1192692332740695,3.8201140358610934,0.7676409683386417,0.08252767835126175,0.016120988092372807,0.06335162692430253,0.03165467625899279,0.7811748500503188,100.0,2,False
product-ridge-v2-3200ca1610c2d8e9,2026-09,2026-10-07T04:35:54.229179+08:00,twentieth,stable,"Caustic soda (liquid,32%)",price__p_aaab792e0f7a512c,139,-0.14127619252987536,11.06453755145759,-0.27796082558968604,-0.01235339772892763,0.02846428511920399,0.0025725688929000234,-0.0003516306351471231,0.03165467625899279,0.7811748500503188,100.0,2,False
product-ridge-v2-3200ca1610c2d8e9,2026-09,2026-10-07T04:35:54.229179+08:00,twentieth,stable,Live hogs (three-way crossbred),price__p_b2354c8beb79d919,139,0.47419045008275773,10.769591799738134,-2.765153133051012,-0.30078610623037133,0.016231362958556178,0.0015071474630032728,-0.004882168463115993,0.03165467625899279,0.7811748500503188,100.0,2,False
product-ridge-v2-3200ca1610c2d8e9,2026-09,2026-10-07T04:35:54.229179+08:00,twentieth,stable,"Cotton (lint,white cotton, grade 3)",price__p_ba1176602ebbd96b,139,-0.07772261142136251,4.19885372310113,-2.744361917665438,-0.6350874505517632,0.0464662808858872,0.011066420492393052,-0.029510151864440226,0.03165467625899279,0.7811748500503188,100.0,2,False
product-ridge-v2-3200ca1610c2d8e9,2026-09,2026-10-07T04:35:54.229179+08:00,twentieth,stable,Paraffin wax (58#semi-refined),price__p_c2351f7e990ff8ee,139,-0.3089326361680351,3.7936434784918114,2.121233369548437,0.6405889271077737,0.06241402085126947,0.016452263162083588,0.03998173065359693,0.03165467625899279,0.7811748500503188,100.0,2,False
product-ridge-v2-3200ca1610c2d8e9,2026-09,2026-10-07T04:35:54.229179+08:00,twentieth,stable,"Glyphosate herbicide (glyphosate,95%technical grade)",price__p_d513ce0622315a93,139,-0.2576884187782968,7.592738519307993,4.310009132776932,0.6015876274337353,0.07368715617775581,0.009704951117488465,0.04432928145731523,0.03165467625899279,0.7811748500503188,100.0,2,False
product-ridge-v2-3200ca1610c2d8e9,2026-09,2026-10-07T04:35:54.229179+08:00,twentieth,stable,"Seamless steel pipe (219*6,20#)",price__p_d8a34b15fb6f311c,139,-0.07306148147949051,3.8983700763187756,0.296281758894915,0.09474299082532864,0.07125954980476401,0.018279318897310614,0.006751342873369806,0.03165467625899279,0.7811748500503188,100.0,2,False
product-ridge-v2-3200ca1610c2d8e9,2026-09,2026-10-07T04:35:54.229179+08:00,twentieth,stable,Electrolytic copper (1#),price__p_e0705204f7294fed,139,0.5052830630733333,4.749416966938079,0.4918761123866803,-0.0028228624228999557,0.050788875543779394,0.0106937074376358,-0.0001433700082738774,0.03165467625899279,0.7811748500503188,100.0,2,False
product-ridge-v2-3200ca1610c2d8e9,2026-09,2026-10-07T04:35:54.229179+08:00,twentieth,stable,Methanol (premium grade),price__p_ec63403370289989,139,-0.19333376793354748,8.732819882017287,33.8113237078826,3.8938919999757338,0.048507222501156674,0.00555458868458323,0.1888818856382969,0.03165467625899279,0.7811748500503188,100.0,2,False
product-ridge-v2-3200ca1610c2d8e9,2026-09,2026-10-07T04:35:54.229179+08:00,twentieth,stable,Liquefied natural gas (LNG),price__p_f7fd37c9c13f589b,139,0.8728648611379687,12.032872362440129,11.02902052120069,0.8440341885254711,0.03860768906259212,0.003208518124326129,0.03258620950878865,0.03165467625899279,0.7811748500503188,100.0,2,False
