variant,panel,model,target_month,prediction,actual,error,absolute_error,squared_error,training_end,feature_cutoff,selected_strength,realtime_status,selected_min_observations
twentieth,union,histgb,2016-04,-0.181845808441146,0.7,-0.881845808441146,0.881845808441146,0.7776520298652184,2016-03,2016-04-25T01:30:00+00:00,5.0,pseudo_real_time,
twentieth,union,histgb,2016-05,-0.0520530527184761,0.5,-0.5520530527184762,0.5520530527184762,0.3047625730157886,2016-04,2016-05-24T01:30:00+00:00,5.0,pseudo_real_time,
twentieth,union,histgb,2016-06,-0.015818607139196,-0.2,0.1841813928608039,0.1841813928608039,0.0339227854761457,2016-05,2016-06-24T01:30:00+00:00,5.0,pseudo_real_time,
twentieth,union,histgb,2016-07,-0.0268877611762419,0.2,-0.2268877611762419,0.2268877611762419,0.0514780561715674,2016-06,2016-07-25T01:30:00+00:00,25.0,pseudo_real_time,
twentieth,union,histgb,2016-08,-0.0832766323048406,0.2,-0.2832766323048406,0.2832766323048406,0.0802456504099718,2016-07,2016-08-24T01:30:00+00:00,25.0,pseudo_real_time,
twentieth,union,histgb,2016-09,0.1365508181135943,0.5,-0.3634491818864056,0.3634491818864056,0.1320953078138975,2016-08,2016-09-26T01:30:00+00:00,25.0,pseudo_real_time,
twentieth,union,histgb,2016-10,0.1725333385326161,0.7,-0.5274666614673837,0.5274666614673837,0.2782210789595476,2016-09,2016-10-24T01:30:00+00:00,25.0,pseudo_real_time,
twentieth,union,histgb,2016-11,0.4870844935801137,1.5,-1.0129155064198865,1.0129155064198865,1.0259978231458546,2016-10,2016-11-24T01:30:00+00:00,5.0,pseudo_real_time,
twentieth,union,histgb,2016-12,0.3452367924602271,1.6,-1.254763207539773,1.254763207539773,1.5744307069954997,2016-11,2016-12-26T01:30:00+00:00,5.0,pseudo_real_time,
twentieth,union,histgb,2017-01,-0.4068038941260075,0.8,-1.2068038941260075,1.2068038941260075,1.456375638877696,2016-12,2017-01-24T01:30:00+00:00,5.0,pseudo_real_time,
twentieth,union,histgb,2017-02,0.5290675485782811,0.6,-0.0709324514217188,0.0709324514217188,0.0050314126646945,2017-01,2017-02-24T01:30:00+00:00,5.0,pseudo_real_time,
twentieth,union,histgb,2017-03,0.2981545010412775,0.3,-0.0018454989587224,0.0018454989587224,3.4058664066455947e-06,2017-02,2017-03-24T01:30:00+00:00,5.0,pseudo_real_time,
twentieth,union,histgb,2017-04,-0.0497996449896667,-0.4,0.3502003550103332,0.3502003550103332,0.1226402886493634,2017-03,2017-04-24T01:30:00+00:00,5.0,pseudo_real_time,
twentieth,union,histgb,2017-05,-0.0662540105576731,-0.3,0.2337459894423268,0.2337459894423268,0.0546371875803723,2017-04,2017-05-24T01:30:00+00:00,5.0,pseudo_real_time,
twentieth,union,histgb,2017-06,-0.1543731144573387,-0.2,0.0456268855426613,0.0456268855426613,0.0020818126843231,2017-05,2017-06-26T01:30:00+00:00,5.0,pseudo_real_time,
twentieth,union,histgb,2017-07,0.5860955584878271,0.2,0.3860955584878271,0.3860955584878271,0.1490697802840271,2017-06,2017-07-24T01:30:00+00:00,5.0,pseudo_real_time,
twentieth,union,histgb,2017-08,0.4948648291457866,0.9,-0.4051351708542133,0.4051351708542133,0.1641345066630726,2017-07,2017-08-24T01:30:00+00:00,5.0,pseudo_real_time,
twentieth,union,histgb,2017-09,0.7555937180707739,1.0,-0.2444062819292261,0.2444062819292261,0.0597344306464683,2017-08,2017-09-25T01:30:00+00:00,5.0,pseudo_real_time,
twentieth,union,histgb,2017-10,0.146689993452885,0.7,-0.5533100065471149,0.5533100065471149,0.3061519633451683,2017-09,2017-10-24T01:30:00+00:00,5.0,pseudo_real_time,
twentieth,union,histgb,2017-11,0.4264456946283878,0.5,-0.0735543053716122,0.0735543053716122,0.0054102358387003,2017-10,2017-11-24T01:30:00+00:00,5.0,pseudo_real_time,
twentieth,union,histgb,2017-12,0.4013103192100479,0.8,-0.3986896807899521,0.3986896807899521,0.1589534615683939,2017-11,2017-12-25T01:30:00+00:00,5.0,pseudo_real_time,
twentieth,union,histgb,2018-01,0.0224976152147337,0.3,-0.2775023847852662,0.2775023847852662,0.0770075735615099,2017-12,2018-01-24T01:30:00+00:00,5.0,pseudo_real_time,
twentieth,union,histgb,2018-04,-0.0626457374132329,-0.2,0.137354262586767,0.137354262586767,0.0188661934507545,2018-01,2018-04-24T01:30:00+00:00,5.0,pseudo_real_time,
twentieth,union,histgb,2018-05,0.4209741110846333,0.4,0.0209741110846332,0.0209741110846332,0.0004399133357905,2018-04,2018-05-24T01:30:00+00:00,5.0,pseudo_real_time,
twentieth,union,histgb,2018-06,0.1339965999265284,0.3,-0.1660034000734715,0.1660034000734715,0.027557128835953,2018-05,2018-06-25T01:30:00+00:00,5.0,pseudo_real_time,
twentieth,union,histgb,2018-07,0.1538580749494647,0.1,0.0538580749494647,0.0538580749494647,0.0029006922372621,2018-06,2018-07-24T01:30:00+00:00,5.0,pseudo_real_time,
twentieth,union,histgb,2018-08,0.6247558785036872,0.4,0.2247558785036871,0.2247558785036871,0.0505152049219641,2018-07,2018-08-24T01:30:00+00:00,5.0,pseudo_real_time,
twentieth,union,histgb,2018-09,0.5984205625169554,0.6,-0.0015794374830445,0.0015794374830445,2.4946227628461525e-06,2018-08,2018-09-25T01:30:00+00:00,5.0,pseudo_real_time,
twentieth,union,histgb,2018-10,-0.0140795047068173,0.4,-0.4140795047068173,0.4140795047068173,0.1714618362182431,2018-09,2018-10-24T01:30:00+00:00,5.0,pseudo_real_time,
twentieth,union,histgb,2018-11,-0.1040003848978804,-0.2,0.0959996151021195,0.0959996151021195,0.0092159260997551,2018-10,2018-11-26T01:30:00+00:00,5.0,pseudo_real_time,
twentieth,union,histgb,2018-12,-0.1754607910255834,-1.0,0.8245392089744166,0.8245392089744166,0.6798649071361565,2018-11,2018-12-24T01:30:00+00:00,5.0,pseudo_real_time,
twentieth,union,histgb,2019-01,-0.2549433660735555,-0.6,0.3450566339264445,0.3450566339264445,0.1190640806166483,2018-12,2019-01-24T01:30:00+00:00,5.0,pseudo_real_time,
twentieth,union,histgb,2019-02,0.3057210681739608,-0.1,0.4057210681739608,0.4057210681739608,0.1646095851602197,2019-01,2019-02-25T01:30:00+00:00,5.0,pseudo_real_time,
twentieth,union,histgb,2019-03,0.1555224462311555,0.1,0.0555224462311555,0.0555224462311555,0.0030827420354915,2019-02,2019-03-25T01:30:00+00:00,5.0,pseudo_real_time,
twentieth,union,histgb,2019-04,0.1197257391390496,0.3,-0.1802742608609503,0.1802742608609503,0.0324988091289619,2019-03,2019-04-24T01:30:00+00:00,5.0,pseudo_real_time,
twentieth,union,histgb,2019-07,0.0729478880509733,-0.2,0.2729478880509733,0.2729478880509733,0.0745005495914866,2019-04,2019-07-24T01:30:00+00:00,5.0,pseudo_real_time,
twentieth,union,histgb,2019-08,0.0495988245373472,-0.1,0.1495988245373472,0.1495988245373472,0.022379808302956,2019-07,2019-08-26T01:30:00+00:00,5.0,pseudo_real_time,
twentieth,union,histgb,2019-09,0.2247394003169596,0.1,0.1247394003169596,0.1247394003169596,0.0155599179914347,2019-08,2019-09-24T01:30:00+00:00,5.0,pseudo_real_time,
twentieth,union,histgb,2019-10,-0.3218404501321025,0.1,-0.4218404501321025,0.4218404501321025,0.1779493653676548,2019-09,2019-10-24T01:30:00+00:00,5.0,pseudo_real_time,
twentieth,union,histgb,2019-11,-0.472329447462108,-0.1,-0.3723294474621079,0.3723294474621079,0.1386292174474385,2019-10,2019-11-25T01:30:00+00:00,5.0,pseudo_real_time,
twentieth,union,histgb,2019-12,0.1698496501315492,0.0,0.1698496501315492,0.1698496501315492,0.0288489036498096,2019-11,2019-12-24T01:30:00+00:00,5.0,pseudo_real_time,
twentieth,union,histgb,2020-01,-0.2522603218528607,0.0,-0.2522603218528607,0.2522603218528607,0.0636352699813088,2019-12,2020-01-23T01:30:00+00:00,5.0,pseudo_real_time,
twentieth,union,histgb,2020-02,-0.1132466153377772,-0.5,0.3867533846622227,0.3867533846622227,0.1495781805476852,2020-01,2020-02-24T01:30:00+00:00,25.0,pseudo_real_time,
twentieth,union,histgb,2020-03,0.0035314773534941,-1.0,1.0035314773534942,1.0035314773534942,1.007075426039287,2020-02,2020-03-24T01:30:00+00:00,5.0,pseudo_real_time,
twentieth,union,histgb,2020-04,-0.2851516946952002,-1.3,1.0148483053048,1.0148483053048,1.0299170827800244,2020-03,2020-04-24T01:30:00+00:00,5.0,pseudo_real_time,
twentieth,union,histgb,2020-05,-0.1523721898255389,-0.4,0.2476278101744611,0.2476278101744611,0.0613195323717989,2020-04,2020-05-25T01:30:00+00:00,5.0,pseudo_real_time,
twentieth,union,histgb,2020-06,-0.2282512324196527,0.4,-0.6282512324196527,0.6282512324196527,0.3946996110368125,2020-05,2020-06-24T01:30:00+00:00,5.0,pseudo_real_time,
twentieth,union,histgb,2020-07,-0.1365492453153542,0.4,-0.5365492453153543,0.5365492453153543,0.2878850926484763,2020-06,2020-07-24T01:30:00+00:00,5.0,pseudo_real_time,
twentieth,union,histgb,2020-08,0.3973464242575144,0.3,0.0973464242575143,0.0973464242575143,0.0094763263157239,2020-07,2020-08-24T01:30:00+00:00,5.0,pseudo_real_time,
twentieth,union,histgb,2020-09,0.2206192979083719,0.1,0.1206192979083718,0.1206192979083718,0.0145490150279085,2020-08,2020-09-24T01:30:00+00:00,5.0,pseudo_real_time,
twentieth,union,histgb,2020-10,0.1751848972299324,0.0,0.1751848972299324,0.1751848972299324,0.030689748217462,2020-09,2020-10-26T01:30:00+00:00,5.0,pseudo_real_time,
twentieth,union,histgb,2020-11,0.4030103808983173,0.5,-0.0969896191016826,0.0969896191016826,0.0094069862134894,2020-10,2020-11-24T01:30:00+00:00,5.0,pseudo_real_time,
twentieth,union,histgb,2020-12,0.6543624469840242,1.1,-0.4456375530159758,0.4456375530159758,0.1985928286580666,2020-11,2020-12-24T01:30:00+00:00,5.0,pseudo_real_time,
twentieth,union,histgb,2021-01,0.6992696648318694,1.0,-0.3007303351681306,0.3007303351681306,0.0904387344903362,2020-12,2021-01-25T01:30:00+00:00,5.0,pseudo_real_time,
twentieth,union,histgb,2021-04,0.684882068466521,0.9,-0.215117931533479,0.215117931533479,0.0462757244672425,2021-01,2021-04-25T01:30:00+00:00,5.0,pseudo_real_time,
twentieth,union,histgb,2021-05,0.8088404009057075,1.6,-0.7911595990942926,0.7911595990942926,0.6259335112390417,2021-04,2021-05-24T01:30:00+00:00,5.0,pseudo_real_time,
twentieth,union,histgb,2021-06,-0.0752794808773074,0.3,-0.3752794808773074,0.3752794808773074,0.1408346887675413,2021-05,2021-06-24T01:30:00+00:00,5.0,pseudo_real_time,
twentieth,union,histgb,2021-07,0.0054555361183325,0.5,-0.4945444638816674,0.4945444638816674,0.2445742267560058,2021-06,2021-07-26T01:30:00+00:00,5.0,pseudo_real_time,
twentieth,union,histgb,2021-08,0.479252158044527,0.7,-0.2207478419554729,0.2207478419554729,0.0487296097279984,2021-07,2021-08-24T01:30:00+00:00,5.0,pseudo_real_time,
twentieth,union,histgb,2021-09,0.616631769373846,1.2,-0.583368230626154,0.583368230626154,0.3403184925038895,2021-08,2021-09-24T01:30:00+00:00,5.0,pseudo_real_time,
twentieth,union,histgb,2021-10,0.9713640285930466,2.5,-1.5286359714069535,1.5286359714069535,2.3367279330792803,2021-09,2021-10-25T01:30:00+00:00,5.0,pseudo_real_time,
twentieth,union,histgb,2021-11,-0.655341681061376,0.0,-0.655341681061376,0.655341681061376,0.4294727189363503,2021-10,2021-11-24T01:30:00+00:00,5.0,pseudo_real_time,
twentieth,union,histgb,2021-12,-0.4621700198792126,-1.2,0.7378299801207873,0.7378299801207873,0.5443930795650413,2021-11,2021-12-24T01:30:00+00:00,5.0,pseudo_real_time,
twentieth,union,histgb,2022-01,-0.3181440215655963,-0.2,-0.1181440215655963,0.1181440215655963,0.013958009831692,2021-12,2022-01-24T01:30:00+00:00,5.0,pseudo_real_time,
twentieth,union,histgb,2022-02,0.5203008305214476,0.5,0.0203008305214476,0.0203008305214476,0.0004121237198605,2022-01,2022-02-24T01:30:00+00:00,5.0,pseudo_real_time,
twentieth,union,histgb,2022-03,0.7242834991390478,1.1,-0.3757165008609523,0.3757165008609523,0.141162889019198,2022-02,2022-03-24T01:30:00+00:00,5.0,pseudo_real_time,
twentieth,union,histgb,2022-04,0.5046480354422924,0.6,-0.0953519645577075,0.0953519645577075,0.0090919971450143,2022-03,2022-04-24T01:30:00+00:00,5.0,pseudo_real_time,
twentieth,union,histgb,2022-05,0.0059743058925589,0.1,-0.094025694107441,0.094025694107441,0.008840831152386,2022-04,2022-05-24T01:30:00+00:00,5.0,pseudo_real_time,
twentieth,union,histgb,2022-06,0.1437934141341249,0.0,0.1437934141341249,0.1437934141341249,0.0206765459483479,2022-05,2022-06-24T01:30:00+00:00,5.0,pseudo_real_time,
twentieth,union,histgb,2022-07,-0.363645927398891,-1.3,0.936354072601109,0.936354072601109,0.876758949276683,2022-06,2022-07-24T01:30:00+00:00,5.0,pseudo_real_time,
twentieth,union,histgb,2022-08,-0.8124335248582015,-1.2,0.3875664751417984,0.3875664751417984,0.1502077726538382,2022-07,2022-08-24T01:30:00+00:00,5.0,pseudo_real_time,
twentieth,union,histgb,2022-09,0.0286163922189535,-0.1,0.1286163922189535,0.1286163922189535,0.0165421763474196,2022-08,2022-09-24T01:30:00+00:00,5.0,pseudo_real_time,
twentieth,union,histgb,2022-10,0.1168894109501356,0.2,-0.0831105890498643,0.0831105890498643,0.0069073700122154,2022-09,2022-10-24T01:30:00+00:00,5.0,pseudo_real_time,
twentieth,union,histgb,2022-11,-0.8129176732462216,0.1,-0.9129176732462216,0.9129176732462216,0.8334186781252949,2022-10,2022-11-24T01:30:00+00:00,5.0,pseudo_real_time,
twentieth,union,histgb,2022-12,-0.3845130813298423,-0.5,0.1154869186701577,0.1154869186701577,0.0133372283839276,2022-11,2022-12-24T01:30:00+00:00,5.0,pseudo_real_time,
twentieth,union,histgb,2023-01,0.2466513769296183,-0.4,0.6466513769296184,0.6466513769296184,0.4181580032849714,2022-12,2023-01-24T01:30:00+00:00,5.0,pseudo_real_time,
twentieth,union,histgb,2023-02,-0.2082446383587083,0.0,-0.2082446383587083,0.2082446383587083,0.0433658294051492,2023-01,2023-02-24T01:30:00+00:00,5.0,pseudo_real_time,
twentieth,union,histgb,2023-03,0.2540024701721411,0.0,0.2540024701721411,0.2540024701721411,0.0645172548535494,2023-02,2023-03-24T01:30:00+00:00,5.0,pseudo_real_time,
twentieth,union,histgb,2023-04,-0.2292027312553171,-0.5,0.2707972687446829,0.2707972687446829,0.07333116075958,2023-03,2023-04-24T01:30:00+00:00,5.0,pseudo_real_time,
twentieth,union,histgb,2023-05,-0.6805699156244088,-0.9,0.2194300843755912,0.2194300843755912,0.048149561929079,2023-04,2023-05-24T01:30:00+00:00,5.0,pseudo_real_time,
twentieth,union,histgb,2023-06,-0.2826539597491733,-0.8,0.5173460402508268,0.5173460402508268,0.26764692536321,2023-05,2023-06-24T01:30:00+00:00,5.0,pseudo_real_time,
twentieth,union,histgb,2023-07,0.1634454584917166,-0.2,0.3634454584917166,0.3634454584917166,0.1320926012982541,2023-06,2023-07-24T01:30:00+00:00,5.0,pseudo_real_time,
twentieth,union,histgb,2023-08,0.2085455373910666,0.2,0.0085455373910666,0.0085455373910666,7.302620930211762e-05,2023-07,2023-08-24T01:30:00+00:00,5.0,pseudo_real_time,
twentieth,union,histgb,2023-09,0.1178417180600992,0.4,-0.2821582819399008,0.2821582819399008,0.0796132960672765,2023-08,2023-09-24T01:30:00+00:00,5.0,pseudo_real_time,
twentieth,union,histgb,2023-10,-0.4595382127724312,0.0,-0.4595382127724312,0.4595382127724312,0.2111753689980802,2023-09,2023-10-24T01:30:00+00:00,5.0,pseudo_real_time,
twentieth,union,histgb,2023-11,-0.5767070081837063,-0.3,-0.2767070081837063,0.2767070081837063,0.0765667683779777,2023-10,2023-11-24T01:30:00+00:00,5.0,pseudo_real_time,
twentieth,union,histgb,2023-12,-0.1104178896349035,-0.3,0.1895821103650964,0.1895821103650964,0.0359413765704836,2023-11,2023-12-24T01:30:00+00:00,5.0,pseudo_real_time,
twentieth,union,histgb,2024-01,-0.2257933263284262,-0.2,-0.0257933263284262,0.0257933263284262,0.0006652956830846,2023-12,2024-01-24T01:30:00+00:00,5.0,pseudo_real_time,
twentieth,union,histgb,2024-04,-0.2401323833452919,-0.2,-0.0401323833452919,0.0401323833452919,0.0016106081929734,2024-01,2024-04-24T01:30:00+00:00,5.0,pseudo_real_time,
twentieth,union,histgb,2024-05,0.1109383866092946,0.2,-0.0890616133907054,0.0890616133907054,0.0079319709797554,2024-04,2024-05-24T01:30:00+00:00,5.0,pseudo_real_time,
twentieth,union,histgb,2024-06,0.1066671854237649,0.1,0.0066671854237649,0.0066671854237649,4.4451361474863576e-05,2024-05,2024-06-24T01:30:00+00:00,5.0,pseudo_real_time,
twentieth,union,histgb,2024-07,-0.30082646941258,-0.2,-0.10082646941258,0.10082646941258,0.0101659769342059,2024-06,2024-07-24T01:30:00+00:00,5.0,pseudo_real_time,
twentieth,union,histgb,2024-08,-0.3230496277215157,-0.7,0.3769503722784842,0.3769503722784842,0.1420915831608878,2024-07,2024-08-24T01:30:00+00:00,5.0,pseudo_real_time,
twentieth,union,histgb,2024-09,-0.1107180143748664,-0.6,0.4892819856251335,0.4892819856251335,0.2393968614572733,2024-08,2024-09-24T01:30:00+00:00,5.0,pseudo_real_time,
twentieth,union,histgb,2024-10,0.4274567106106107,-0.1,0.5274567106106107,0.5274567106106107,0.2782105815681655,2024-09,2024-10-24T01:30:00+00:00,5.0,pseudo_real_time,
twentieth,union,histgb,2024-11,-0.2854537106686962,-0.1,-0.1854537106686961,0.1854537106686961,0.0343930788007884,2024-10,2024-11-24T01:30:00+00:00,5.0,pseudo_real_time,
twentieth,union,histgb,2024-12,-0.1100457851794886,-0.1,-0.0100457851794886,0.0100457851794886,0.0001009177998724,2024-11,2024-12-24T01:30:00+00:00,5.0,pseudo_real_time,
twentieth,union,histgb,2025-01,-0.0104112697071884,-0.2,0.1895887302928116,0.1895887302928116,0.0359438866540404,2024-12,2025-01-24T01:30:00+00:00,5.0,pseudo_real_time,
twentieth,union,histgb,2025-02,-0.2197767998108033,-0.1,-0.1197767998108033,0.1197767998108033,0.0143464817729172,2025-01,2025-02-24T01:30:00+00:00,5.0,pseudo_real_time,
twentieth,union,histgb,2025-03,-0.1147308773574414,-0.4,0.2852691226425586,0.2852691226425586,0.0813784723332551,2025-02,2025-03-24T01:30:00+00:00,5.0,pseudo_real_time,
twentieth,union,histgb,2025-04,-0.771415642624932,-0.4,-0.371415642624932,0.371415642624932,0.1379495795864912,2025-03,2025-04-24T01:30:00+00:00,5.0,pseudo_real_time,
twentieth,union,histgb,2025-05,-0.3029188052850678,-0.4,0.0970811947149322,0.0970811947149322,0.0094247583672785,2025-04,2025-05-24T01:30:00+00:00,5.0,pseudo_real_time,
twentieth,union,histgb,2025-06,-0.160797334493697,-0.4,0.2392026655063029,0.2392026655063029,0.0572179151853202,2025-05,2025-06-24T01:30:00+00:00,5.0,pseudo_real_time,
twentieth,union,histgb,2025-07,0.177575630204829,-0.2,0.3775756302048291,0.3775756302048291,0.1425633565245738,2025-06,2025-07-24T01:30:00+00:00,5.0,pseudo_real_time,
twentieth,union,histgb,2025-08,0.0727544196933728,0.0,0.0727544196933728,0.0727544196933728,0.0052932055849194,2025-07,2025-08-24T01:30:00+00:00,5.0,pseudo_real_time,
twentieth,union,histgb,2025-09,-0.2119671521314284,0.0,-0.2119671521314284,0.2119671521314284,0.0449300735827081,2025-08,2025-09-24T01:30:00+00:00,5.0,pseudo_real_time,
twentieth,union,histgb,2025-10,-0.2570359086103123,0.1,-0.3570359086103123,0.3570359086103123,0.1274746400371912,2025-09,2025-10-24T01:30:00+00:00,5.0,pseudo_real_time,
twentieth,union,histgb,2025-11,0.0854781066800268,0.1,-0.0145218933199732,0.0145218933199732,0.0002108853855966,2025-10,2025-11-24T01:30:00+00:00,5.0,pseudo_real_time,
twentieth,union,histgb,2025-12,-0.1411342298334766,0.2,-0.3411342298334767,0.3411342298334767,0.1163725627640793,2025-11,2025-12-24T01:30:00+00:00,5.0,pseudo_real_time,
twentieth,union,histgb,2026-01,-0.0630248399298979,0.4,-0.4630248399298979,0.4630248399298979,0.2143920023921076,2025-12,2026-01-24T01:30:00+00:00,25.0,pseudo_real_time,
twentieth,union,histgb,2026-04,0.4872251325911128,1.7,-1.2127748674088872,1.2127748674088872,1.470822879018644,2026-01,2026-04-24T01:30:00+00:00,5.0,pseudo_real_time,
twentieth,union,histgb,2026-05,0.2186249455641587,0.5,-0.2813750544358412,0.2813750544358412,0.0791719212587726,2026-04,2026-05-24T01:30:00+00:00,5.0,pseudo_real_time,
twentieth,union,histgb,2026-06,0.1875703758146196,-0.3,0.4875703758146196,0.4875703758146196,0.2377248713720094,2026-05,2026-06-24T01:30:00+00:00,5.0,pseudo_real_time,
twentieth,union,histgb,2026-07,0.3234212992116571,-0.7,1.0234212992116571,1.0234212992116571,1.0473911556800763,2026-06,2026-07-24T01:30:00+00:00,5.0,pseudo_real_time,
twentieth,union,histgb,2026-08,0.2326513092298868,0.4,-0.1673486907701131,0.1673486907701131,0.0280055843024709,2026-07,2026-08-24T01:30:00+00:00,5.0,pseudo_real_time,
twentieth,union,xgboost,2016-04,-0.2122751027345657,0.7,-0.9122751027345656,0.9122751027345656,0.8322458630693624,2016-03,2016-04-25T01:30:00+00:00,5.0,pseudo_real_time,
twentieth,union,xgboost,2016-05,-0.2798312604427337,0.5,-0.7798312604427338,0.7798312604427338,0.6081367947637029,2016-04,2016-05-24T01:30:00+00:00,25.0,pseudo_real_time,
twentieth,union,xgboost,2016-06,-0.1643270254135131,-0.2,0.0356729745864868,0.0356729745864868,0.0012725611158481,2016-05,2016-06-24T01:30:00+00:00,5.0,pseudo_real_time,
twentieth,union,xgboost,2016-07,-0.1770280450582504,0.2,-0.3770280450582504,0.3770280450582504,0.1421501467604461,2016-06,2016-07-25T01:30:00+00:00,5.0,pseudo_real_time,
twentieth,union,xgboost,2016-08,-0.006165069527924,0.2,-0.206165069527924,0.206165069527924,0.0425040358934537,2016-07,2016-08-24T01:30:00+00:00,5.0,pseudo_real_time,
twentieth,union,xgboost,2016-09,0.228513017296791,0.5,-0.2714869827032089,0.2714869827032089,0.0737051817772924,2016-08,2016-09-26T01:30:00+00:00,5.0,pseudo_real_time,
twentieth,union,xgboost,2016-10,0.3445377349853515,0.7,-0.3554622650146484,0.3554622650146484,0.1263534218493441,2016-09,2016-10-24T01:30:00+00:00,5.0,pseudo_real_time,
twentieth,union,xgboost,2016-11,0.1811073571443557,1.5,-1.3188926428556442,1.3188926428556442,1.739477803378746,2016-10,2016-11-24T01:30:00+00:00,25.0,pseudo_real_time,
twentieth,union,xgboost,2016-12,0.3191553354263305,1.6,-1.2808446645736695,1.2808446645736695,1.640563054766836,2016-11,2016-12-26T01:30:00+00:00,25.0,pseudo_real_time,
twentieth,union,xgboost,2017-01,-0.0640835091471672,0.8,-0.8640835091471673,0.8640835091471673,0.7466403107800826,2016-12,2017-01-24T01:30:00+00:00,25.0,pseudo_real_time,
twentieth,union,xgboost,2017-02,0.3670575618743896,0.6,-0.2329424381256103,0.2329424381256103,0.0542621794799038,2017-01,2017-02-24T01:30:00+00:00,25.0,pseudo_real_time,
twentieth,union,xgboost,2017-03,0.2722722589969635,0.3,-0.0277277410030364,0.0277277410030364,0.0007688276211314,2017-02,2017-03-24T01:30:00+00:00,5.0,pseudo_real_time,
twentieth,union,xgboost,2017-04,0.1963704824447631,-0.4,0.5963704824447632,0.5963704824447632,0.3556577523313996,2017-03,2017-04-24T01:30:00+00:00,5.0,pseudo_real_time,
twentieth,union,xgboost,2017-05,0.0359800457954406,-0.3,0.3359800457954406,0.3359800457954406,0.1128825911727064,2017-04,2017-05-24T01:30:00+00:00,5.0,pseudo_real_time,
twentieth,union,xgboost,2017-06,-0.0895802304148674,-0.2,0.1104197695851326,0.1104197695851326,0.0121925255152337,2017-05,2017-06-26T01:30:00+00:00,5.0,pseudo_real_time,
twentieth,union,xgboost,2017-07,0.461194783449173,0.2,0.2611947834491729,0.2611947834491729,0.0682227149010603,2017-06,2017-07-24T01:30:00+00:00,5.0,pseudo_real_time,
twentieth,union,xgboost,2017-08,0.5414649248123169,0.9,-0.3585350751876831,0.3585350751876831,0.1285474001398376,2017-07,2017-08-24T01:30:00+00:00,5.0,pseudo_real_time,
twentieth,union,xgboost,2017-09,0.6397923827171326,1.0,-0.3602076172828674,0.3602076172828674,0.1297495275486007,2017-08,2017-09-25T01:30:00+00:00,5.0,pseudo_real_time,
twentieth,union,xgboost,2017-10,0.1167801991105079,0.7,-0.583219800889492,0.583219800889492,0.3401453361495787,2017-09,2017-10-24T01:30:00+00:00,5.0,pseudo_real_time,
twentieth,union,xgboost,2017-11,0.3637537062168121,0.5,-0.1362462937831878,0.1362462937831878,0.0185630525696547,2017-10,2017-11-24T01:30:00+00:00,5.0,pseudo_real_time,
twentieth,union,xgboost,2017-12,0.4091736078262329,0.8,-0.3908263921737671,0.3908263921737671,0.1527452688195632,2017-11,2017-12-25T01:30:00+00:00,5.0,pseudo_real_time,
twentieth,union,xgboost,2018-01,0.1571524143218994,0.3,-0.1428475856781005,0.1428475856781005,0.0204054327340622,2017-12,2018-01-24T01:30:00+00:00,5.0,pseudo_real_time,
twentieth,union,xgboost,2018-04,0.0456512123346328,-0.2,0.2456512123346328,0.2456512123346328,0.0603445181214748,2018-01,2018-04-24T01:30:00+00:00,5.0,pseudo_real_time,
twentieth,union,xgboost,2018-05,0.3808274269104004,0.4,-0.0191725730895996,0.0191725730895996,0.000367587558876,2018-04,2018-05-24T01:30:00+00:00,5.0,pseudo_real_time,
twentieth,union,xgboost,2018-06,-0.0204044822603464,0.3,-0.3204044822603464,0.3204044822603464,0.1026590322525206,2018-05,2018-06-25T01:30:00+00:00,5.0,pseudo_real_time,
twentieth,union,xgboost,2018-07,0.1869065314531326,0.1,0.0869065314531326,0.0869065314531326,0.0075527452092143,2018-06,2018-07-24T01:30:00+00:00,5.0,pseudo_real_time,
twentieth,union,xgboost,2018-08,0.2024249732494354,0.4,-0.1975750267505646,0.1975750267505646,0.0390358911954863,2018-07,2018-08-24T01:30:00+00:00,5.0,pseudo_real_time,
twentieth,union,xgboost,2018-09,0.4941224753856659,0.6,-0.105877524614334,0.105877524614334,0.0112100502184589,2018-08,2018-09-25T01:30:00+00:00,5.0,pseudo_real_time,
twentieth,union,xgboost,2018-10,0.219508022069931,0.4,-0.180491977930069,0.180491977930069,0.0325773540971085,2018-09,2018-10-24T01:30:00+00:00,5.0,pseudo_real_time,
twentieth,union,xgboost,2018-11,-0.0964127853512764,-0.2,0.1035872146487236,0.1035872146487236,0.0107303110386807,2018-10,2018-11-26T01:30:00+00:00,5.0,pseudo_real_time,
twentieth,union,xgboost,2018-12,-0.2457339167594909,-1.0,0.754266083240509,0.754266083240509,0.5689173243269785,2018-11,2018-12-24T01:30:00+00:00,5.0,pseudo_real_time,
twentieth,union,xgboost,2019-01,-0.2257782965898513,-0.6,0.3742217034101486,0.3742217034101486,0.1400418833031932,2018-12,2019-01-24T01:30:00+00:00,5.0,pseudo_real_time,
twentieth,union,xgboost,2019-02,0.2160094678401947,-0.1,0.3160094678401947,0.3160094678401947,0.099861983764643,2019-01,2019-02-25T01:30:00+00:00,5.0,pseudo_real_time,
twentieth,union,xgboost,2019-03,-0.0056633409112691,0.1,-0.1056633409112692,0.1056633409112692,0.011164741612531,2019-02,2019-03-25T01:30:00+00:00,5.0,pseudo_real_time,
twentieth,union,xgboost,2019-04,0.1015383005142211,0.3,-0.1984616994857788,0.1984616994857788,0.0393870461627835,2019-03,2019-04-24T01:30:00+00:00,5.0,pseudo_real_time,
twentieth,union,xgboost,2019-07,-0.1094868332147598,-0.2,0.0905131667852401,0.0905131667852401,0.0081926333614927,2019-04,2019-07-24T01:30:00+00:00,5.0,pseudo_real_time,
twentieth,union,xgboost,2019-08,-0.1801288872957229,-0.1,-0.0801288872957229,0.0801288872957229,0.0064206385792506,2019-07,2019-08-26T01:30:00+00:00,5.0,pseudo_real_time,
twentieth,union,xgboost,2019-09,0.1812049001455307,0.1,0.0812049001455307,0.0812049001455307,0.0065942358076456,2019-08,2019-09-24T01:30:00+00:00,5.0,pseudo_real_time,
twentieth,union,xgboost,2019-10,-0.3144471049308777,0.1,-0.4144471049308776,0.4144471049308776,0.1717664027855859,2019-09,2019-10-24T01:30:00+00:00,5.0,pseudo_real_time,
twentieth,union,xgboost,2019-11,-0.3464807868003845,-0.1,-0.2464807868003845,0.2464807868003845,0.0607527782617366,2019-10,2019-11-25T01:30:00+00:00,5.0,pseudo_real_time,
twentieth,union,xgboost,2019-12,0.0251504331827163,0.0,0.0251504331827163,0.0251504331827163,0.0006325442892782,2019-11,2019-12-24T01:30:00+00:00,5.0,pseudo_real_time,
twentieth,union,xgboost,2020-01,-0.2585765123367309,0.0,-0.2585765123367309,0.2585765123367309,0.0668618127322275,2019-12,2020-01-23T01:30:00+00:00,5.0,pseudo_real_time,
twentieth,union,xgboost,2020-02,-0.2203517109155655,-0.5,0.2796482890844345,0.2796482890844345,0.0782031655878514,2020-01,2020-02-24T01:30:00+00:00,5.0,pseudo_real_time,
twentieth,union,xgboost,2020-03,-0.0520324297249317,-1.0,0.9479675702750684,0.9479675702750684,0.8986425142932165,2020-02,2020-03-24T01:30:00+00:00,5.0,pseudo_real_time,
twentieth,union,xgboost,2020-04,-0.2535022497177124,-1.3,1.0464977502822876,1.0464977502822876,1.0951575413458892,2020-03,2020-04-24T01:30:00+00:00,5.0,pseudo_real_time,
twentieth,union,xgboost,2020-05,-0.2346822023391723,-0.4,0.1653177976608276,0.1653177976608276,0.0273299742234263,2020-04,2020-05-25T01:30:00+00:00,5.0,pseudo_real_time,
twentieth,union,xgboost,2020-06,-0.1445620507001876,0.4,-0.5445620507001877,0.5445620507001877,0.2965478270627938,2020-05,2020-06-24T01:30:00+00:00,5.0,pseudo_real_time,
twentieth,union,xgboost,2020-07,0.0100167701020836,0.4,-0.3899832298979163,0.3899832298979163,0.152086919601611,2020-06,2020-07-24T01:30:00+00:00,5.0,pseudo_real_time,
twentieth,union,xgboost,2020-08,0.2497648298740387,0.3,-0.0502351701259612,0.0502351701259612,0.0025235723175842,2020-07,2020-08-24T01:30:00+00:00,5.0,pseudo_real_time,
twentieth,union,xgboost,2020-09,0.0776683017611503,0.1,-0.0223316982388496,0.0223316982388496,0.000498704746231,2020-08,2020-09-24T01:30:00+00:00,5.0,pseudo_real_time,
twentieth,union,xgboost,2020-10,0.1319227367639541,0.0,0.1319227367639541,0.1319227367639541,0.0174036084752915,2020-09,2020-10-26T01:30:00+00:00,5.0,pseudo_real_time,
twentieth,union,xgboost,2020-11,0.2862764596939087,0.5,-0.2137235403060913,0.2137235403060913,0.0456777516809694,2020-10,2020-11-24T01:30:00+00:00,5.0,pseudo_real_time,
twentieth,union,xgboost,2020-12,0.6371152400970459,1.1,-0.4628847599029542,0.4628847599029542,0.2142623009504155,2020-11,2020-12-24T01:30:00+00:00,5.0,pseudo_real_time,
twentieth,union,xgboost,2021-01,0.6800341606140137,1.0,-0.3199658393859863,0.3199658393859863,0.1023781383739788,2020-12,2021-01-25T01:30:00+00:00,5.0,pseudo_real_time,
twentieth,union,xgboost,2021-04,0.5978049635887146,0.9,-0.3021950364112854,0.3021950364112854,0.0913218400316181,2021-01,2021-04-25T01:30:00+00:00,5.0,pseudo_real_time,
twentieth,union,xgboost,2021-05,0.795996904373169,1.6,-0.8040030956268311,0.8040030956268311,0.6464209777775274,2021-04,2021-05-24T01:30:00+00:00,5.0,pseudo_real_time,
twentieth,union,xgboost,2021-06,-0.1942327916622162,0.3,-0.4942327916622162,0.4942327916622162,0.2442660523542275,2021-05,2021-06-24T01:30:00+00:00,5.0,pseudo_real_time,
twentieth,union,xgboost,2021-07,0.1411142796278,0.5,-0.3588857203722,0.3588857203722,0.1287989602870729,2021-06,2021-07-26T01:30:00+00:00,5.0,pseudo_real_time,
twentieth,union,xgboost,2021-08,0.3596066534519195,0.7,-0.3403933465480804,0.3403933465480804,0.1158676303742015,2021-07,2021-08-24T01:30:00+00:00,5.0,pseudo_real_time,
twentieth,union,xgboost,2021-09,0.6421443819999695,1.2,-0.5578556180000305,0.5578556180000305,0.3112028905341959,2021-08,2021-09-24T01:30:00+00:00,5.0,pseudo_real_time,
twentieth,union,xgboost,2021-10,1.0119400024414062,2.5,-1.4880599975585938,1.4880599975585938,2.214322556334082,2021-09,2021-10-25T01:30:00+00:00,5.0,pseudo_real_time,
twentieth,union,xgboost,2021-11,-0.5460931658744812,0.0,-0.5460931658744812,0.5460931658744812,0.2982177458148136,2021-10,2021-11-24T01:30:00+00:00,5.0,pseudo_real_time,
twentieth,union,xgboost,2021-12,-0.5595933198928833,-1.2,0.6404066801071167,0.6404066801071167,0.4101207159258188,2021-11,2021-12-24T01:30:00+00:00,5.0,pseudo_real_time,
twentieth,union,xgboost,2022-01,-0.0941584855318069,-0.2,0.105841514468193,0.105841514468193,0.0112024261849207,2021-12,2022-01-24T01:30:00+00:00,5.0,pseudo_real_time,
twentieth,union,xgboost,2022-02,0.7575570344924927,0.5,0.2575570344924927,0.2575570344924927,0.066335626016567,2022-01,2022-02-24T01:30:00+00:00,5.0,pseudo_real_time,
twentieth,union,xgboost,2022-03,0.4272223711013794,1.1,-0.6727776288986207,0.6727776288986207,0.4526297379464502,2022-02,2022-03-24T01:30:00+00:00,5.0,pseudo_real_time,
twentieth,union,xgboost,2022-04,0.3896102905273437,0.6,-0.2103897094726562,0.2103897094726562,0.0442638298519886,2022-03,2022-04-24T01:30:00+00:00,5.0,pseudo_real_time,
twentieth,union,xgboost,2022-05,0.0662776082754135,0.1,-0.0337223917245864,0.0337223917245864,0.0011371997036264,2022-04,2022-05-24T01:30:00+00:00,5.0,pseudo_real_time,
twentieth,union,xgboost,2022-06,0.219440758228302,0.0,0.219440758228302,0.219440758228302,0.048154246371812,2022-05,2022-06-24T01:30:00+00:00,5.0,pseudo_real_time,
twentieth,union,xgboost,2022-07,-0.4344991147518158,-1.3,0.8655008852481842,0.8655008852481842,0.7490917823653906,2022-06,2022-07-24T01:30:00+00:00,5.0,pseudo_real_time,
twentieth,union,xgboost,2022-08,-0.5590924024581909,-1.2,0.640907597541809,0.640907597541809,0.4107625485868135,2022-07,2022-08-24T01:30:00+00:00,5.0,pseudo_real_time,
twentieth,union,xgboost,2022-09,0.0969273224472999,-0.1,0.1969273224472999,0.1969273224472999,0.0387803703262628,2022-08,2022-09-24T01:30:00+00:00,5.0,pseudo_real_time,
twentieth,union,xgboost,2022-10,0.0166401006281375,0.2,-0.1833598993718624,0.1833598993718624,0.0336208526976595,2022-09,2022-10-24T01:30:00+00:00,5.0,pseudo_real_time,
twentieth,union,xgboost,2022-11,-0.7310607433319092,0.1,-0.8310607433319092,0.8310607433319092,0.6906619591073854,2022-10,2022-11-24T01:30:00+00:00,5.0,pseudo_real_time,
twentieth,union,xgboost,2022-12,-0.348938912153244,-0.5,0.1510610878467559,0.1510610878467559,0.0228194522614453,2022-11,2022-12-24T01:30:00+00:00,5.0,pseudo_real_time,
twentieth,union,xgboost,2023-01,0.2627401053905487,-0.4,0.6627401053905487,0.6627401053905487,0.4392244472930756,2022-12,2023-01-24T01:30:00+00:00,5.0,pseudo_real_time,
twentieth,union,xgboost,2023-02,-0.1228277832269668,0.0,-0.1228277832269668,0.1228277832269668,0.0150866643324507,2023-01,2023-02-24T01:30:00+00:00,5.0,pseudo_real_time,
twentieth,union,xgboost,2023-03,0.2507029473781585,0.0,0.2507029473781585,0.2507029473781585,0.0628519678240957,2023-02,2023-03-24T01:30:00+00:00,5.0,pseudo_real_time,
twentieth,union,xgboost,2023-04,-0.2238192856311798,-0.5,0.2761807143688202,0.2761807143688202,0.0762757869892718,2023-03,2023-04-24T01:30:00+00:00,5.0,pseudo_real_time,
twentieth,union,xgboost,2023-05,-0.7411619424819946,-0.9,0.1588380575180054,0.1588380575180054,0.0252295285160931,2023-04,2023-05-24T01:30:00+00:00,5.0,pseudo_real_time,
twentieth,union,xgboost,2023-06,-0.403779536485672,-0.8,0.396220463514328,0.396220463514328,0.1569906557075089,2023-05,2023-06-24T01:30:00+00:00,5.0,pseudo_real_time,
twentieth,union,xgboost,2023-07,0.2243666648864746,-0.2,0.4243666648864746,0.4243666648864746,0.1800870662668694,2023-06,2023-07-24T01:30:00+00:00,5.0,pseudo_real_time,
twentieth,union,xgboost,2023-08,0.2290494740009308,0.2,0.0290494740009307,0.0290494740009307,0.0008438719397307,2023-07,2023-08-24T01:30:00+00:00,5.0,pseudo_real_time,
twentieth,union,xgboost,2023-09,0.1135839819908142,0.4,-0.2864160180091858,0.2864160180091858,0.0820341353722382,2023-08,2023-09-24T01:30:00+00:00,5.0,pseudo_real_time,
twentieth,union,xgboost,2023-10,-0.4656497538089752,0.0,-0.4656497538089752,0.4656497538089752,0.2168296932223592,2023-09,2023-10-24T01:30:00+00:00,5.0,pseudo_real_time,
twentieth,union,xgboost,2023-11,-0.4904355704784393,-0.3,-0.1904355704784393,0.1904355704784393,0.0362657065034486,2023-10,2023-11-24T01:30:00+00:00,5.0,pseudo_real_time,
twentieth,union,xgboost,2023-12,-0.0729505717754364,-0.3,0.2270494282245636,0.2270494282245636,0.0515514428571012,2023-11,2023-12-24T01:30:00+00:00,5.0,pseudo_real_time,
twentieth,union,xgboost,2024-01,-0.256447821855545,-0.2,-0.056447821855545,0.056447821855545,0.0031863565922353,2023-12,2024-01-24T01:30:00+00:00,5.0,pseudo_real_time,
twentieth,union,xgboost,2024-04,-0.0977495536208152,-0.2,0.1022504463791847,0.1022504463791847,0.0104551537847425,2024-01,2024-04-24T01:30:00+00:00,5.0,pseudo_real_time,
twentieth,union,xgboost,2024-05,0.0760389044880867,0.2,-0.1239610955119133,0.1239610955119133,0.0153663532005136,2024-04,2024-05-24T01:30:00+00:00,5.0,pseudo_real_time,
twentieth,union,xgboost,2024-06,0.0032631736248731,0.1,-0.0967368263751268,0.0967368263751268,0.0093580135771314,2024-05,2024-06-24T01:30:00+00:00,5.0,pseudo_real_time,
twentieth,union,xgboost,2024-07,-0.3142889440059662,-0.2,-0.1142889440059661,0.1142889440059661,0.0130619627219988,2024-06,2024-07-24T01:30:00+00:00,5.0,pseudo_real_time,
twentieth,union,xgboost,2024-08,-0.3503402769565582,-0.7,0.3496597230434417,0.3496597230434417,0.1222619219188163,2024-07,2024-08-24T01:30:00+00:00,5.0,pseudo_real_time,
twentieth,union,xgboost,2024-09,-0.0972441360354423,-0.6,0.5027558639645576,0.5027558639645576,0.2527634587507488,2024-08,2024-09-24T01:30:00+00:00,5.0,pseudo_real_time,
twentieth,union,xgboost,2024-10,0.3648722767829895,-0.1,0.4648722767829895,0.4648722767829895,0.2161062337214004,2024-09,2024-10-24T01:30:00+00:00,5.0,pseudo_real_time,
twentieth,union,xgboost,2024-11,-0.3229104280471802,-0.1,-0.2229104280471801,0.2229104280471801,0.049689058932177,2024-10,2024-11-24T01:30:00+00:00,5.0,pseudo_real_time,
twentieth,union,xgboost,2024-12,-0.1219682693481445,-0.1,-0.0219682693481445,0.0219682693481445,0.0004826048581526,2024-11,2024-12-24T01:30:00+00:00,5.0,pseudo_real_time,
twentieth,union,xgboost,2025-01,-0.1513217836618423,-0.2,0.0486782163381576,0.0486782163381576,0.0023695687458644,2024-12,2025-01-24T01:30:00+00:00,5.0,pseudo_real_time,
twentieth,union,xgboost,2025-02,-0.2764248847961426,-0.1,-0.1764248847961425,0.1764248847961425,0.0311257399753321,2025-01,2025-02-24T01:30:00+00:00,5.0,pseudo_real_time,
twentieth,union,xgboost,2025-03,-0.1687666624784469,-0.4,0.231233337521553,0.231233337521553,0.0534688563813564,2025-02,2025-03-24T01:30:00+00:00,5.0,pseudo_real_time,
twentieth,union,xgboost,2025-04,-0.6176289916038513,-0.4,-0.2176289916038513,0.2176289916038513,0.0473623779865091,2025-03,2025-04-24T01:30:00+00:00,5.0,pseudo_real_time,
twentieth,union,xgboost,2025-05,-0.2591567039489746,-0.4,0.1408432960510254,0.1408432960510254,0.0198368340425167,2025-04,2025-05-24T01:30:00+00:00,5.0,pseudo_real_time,
twentieth,union,xgboost,2025-06,-0.1853783726692199,-0.4,0.21462162733078,0.21462162733078,0.0460624429181122,2025-05,2025-06-24T01:30:00+00:00,5.0,pseudo_real_time,
twentieth,union,xgboost,2025-07,-0.0096792001277208,-0.2,0.1903207998722791,0.1903207998722791,0.0362220068640241,2025-06,2025-07-24T01:30:00+00:00,5.0,pseudo_real_time,
twentieth,union,xgboost,2025-08,0.148864597082138,0.0,0.148864597082138,0.148864597082138,0.0221606682644273,2025-07,2025-08-24T01:30:00+00:00,5.0,pseudo_real_time,
twentieth,union,xgboost,2025-09,-0.2845228314399719,0.0,-0.2845228314399719,0.2845228314399719,0.0809532416106186,2025-08,2025-09-24T01:30:00+00:00,5.0,pseudo_real_time,
twentieth,union,xgboost,2025-10,-0.3153547644615173,0.1,-0.4153547644615173,0.4153547644615173,0.1725195803608825,2025-09,2025-10-24T01:30:00+00:00,5.0,pseudo_real_time,
twentieth,union,xgboost,2025-11,0.1325145065784454,0.1,0.0325145065784454,0.0325145065784454,0.0010571931380397,2025-10,2025-11-24T01:30:00+00:00,5.0,pseudo_real_time,
twentieth,union,xgboost,2025-12,-0.0920997634530067,0.2,-0.2920997634530067,0.2920997634530067,0.0853222718093025,2025-11,2025-12-24T01:30:00+00:00,5.0,pseudo_real_time,
twentieth,union,xgboost,2026-01,-0.0342259109020233,0.4,-0.4342259109020233,0.4342259109020233,0.1885521416986919,2025-12,2026-01-24T01:30:00+00:00,5.0,pseudo_real_time,
twentieth,union,xgboost,2026-04,0.422027587890625,1.7,-1.277972412109375,1.277972412109375,1.6332134861126542,2026-01,2026-04-24T01:30:00+00:00,5.0,pseudo_real_time,
twentieth,union,xgboost,2026-05,0.1076391860842704,0.5,-0.3923608139157295,0.3923608139157295,0.1539470082966137,2026-04,2026-05-24T01:30:00+00:00,5.0,pseudo_real_time,
twentieth,union,xgboost,2026-06,0.0370003953576087,-0.3,0.3370003953576088,0.3370003953576088,0.1135692664711846,2026-05,2026-06-24T01:30:00+00:00,5.0,pseudo_real_time,
twentieth,union,xgboost,2026-07,0.1915218085050583,-0.7,0.8915218085050582,0.8915218085050582,0.7948111350401298,2026-06,2026-07-24T01:30:00+00:00,5.0,pseudo_real_time,
twentieth,union,xgboost,2026-08,0.2719199955463409,0.4,-0.128080004453659,0.128080004453659,0.0164044875408493,2026-07,2026-08-24T01:30:00+00:00,5.0,pseudo_real_time,
twentieth,union,catboost,2016-04,-0.0850306098303901,0.7,-0.7850306098303901,0.7850306098303901,0.6162730583706741,2016-03,2016-04-25T01:30:00+00:00,5.0,pseudo_real_time,
twentieth,union,catboost,2016-05,-0.1734750065630692,0.5,-0.6734750065630692,0.6734750065630692,0.4535685844651261,2016-04,2016-05-24T01:30:00+00:00,5.0,pseudo_real_time,
twentieth,union,catboost,2016-06,-0.1179268889356962,-0.2,0.0820731110643037,0.0820731110643037,0.0067359955597735,2016-05,2016-06-24T01:30:00+00:00,5.0,pseudo_real_time,
twentieth,union,catboost,2016-07,-0.0888173703907596,0.2,-0.2888173703907596,0.2888173703907596,0.0834154734394332,2016-06,2016-07-25T01:30:00+00:00,5.0,pseudo_real_time,
twentieth,union,catboost,2016-08,0.2331470066968486,0.2,0.0331470066968486,0.0331470066968486,0.0010987240529609,2016-07,2016-08-24T01:30:00+00:00,5.0,pseudo_real_time,
twentieth,union,catboost,2016-09,0.3189476151474357,0.5,-0.1810523848525642,0.1810523848525642,0.032779966060801,2016-08,2016-09-26T01:30:00+00:00,5.0,pseudo_real_time,
twentieth,union,catboost,2016-10,0.4174756231737081,0.7,-0.2825243768262918,0.2825243768262918,0.0798200235010845,2016-09,2016-10-24T01:30:00+00:00,5.0,pseudo_real_time,
twentieth,union,catboost,2016-11,0.4809855861527343,1.5,-1.0190144138472657,1.0190144138472657,1.0383903756284865,2016-10,2016-11-24T01:30:00+00:00,5.0,pseudo_real_time,
twentieth,union,catboost,2016-12,0.3035765741306775,1.6,-1.2964234258693226,1.2964234258693226,1.680713699142751,2016-11,2016-12-26T01:30:00+00:00,5.0,pseudo_real_time,
twentieth,union,catboost,2017-01,-0.2264402940550913,0.8,-1.0264402940550914,1.0264402940550914,1.0535796772599024,2016-12,2017-01-24T01:30:00+00:00,5.0,pseudo_real_time,
twentieth,union,catboost,2017-02,0.1122356354678767,0.6,-0.4877643645321232,0.4877643645321232,0.237914075307426,2017-01,2017-02-24T01:30:00+00:00,5.0,pseudo_real_time,
twentieth,union,catboost,2017-03,-0.0417992390915232,0.3,-0.3417992390915232,0.3417992390915232,0.1168267198435442,2017-02,2017-03-24T01:30:00+00:00,5.0,pseudo_real_time,
twentieth,union,catboost,2017-04,-0.0867853883472903,-0.4,0.3132146116527097,0.3132146116527097,0.0981033929527577,2017-03,2017-04-24T01:30:00+00:00,5.0,pseudo_real_time,
twentieth,union,catboost,2017-05,0.0207655827607438,-0.3,0.3207655827607438,0.3207655827607438,0.1028905590838395,2017-04,2017-05-24T01:30:00+00:00,5.0,pseudo_real_time,
twentieth,union,catboost,2017-06,0.0265198784659436,-0.2,0.2265198784659436,0.2265198784659436,0.0513112553402258,2017-05,2017-06-26T01:30:00+00:00,5.0,pseudo_real_time,
twentieth,union,catboost,2017-07,0.2666630896628568,0.2,0.0666630896628567,0.0666630896628567,0.004443967523398,2017-06,2017-07-24T01:30:00+00:00,5.0,pseudo_real_time,
twentieth,union,catboost,2017-08,0.614461079753168,0.9,-0.285538920246832,0.285538920246832,0.0815324749757267,2017-07,2017-08-24T01:30:00+00:00,5.0,pseudo_real_time,
twentieth,union,catboost,2017-09,0.6962587934103491,1.0,-0.3037412065896508,0.3037412065896508,0.0922587205805369,2017-08,2017-09-25T01:30:00+00:00,5.0,pseudo_real_time,
twentieth,union,catboost,2017-10,0.1600286058347869,0.7,-0.539971394165213,0.539971394165213,0.2915691065167238,2017-09,2017-10-24T01:30:00+00:00,5.0,pseudo_real_time,
twentieth,union,catboost,2017-11,0.4553775199888622,0.5,-0.0446224800111377,0.0446224800111377,0.0019911657223443,2017-10,2017-11-24T01:30:00+00:00,5.0,pseudo_real_time,
twentieth,union,catboost,2017-12,0.4126608696733064,0.8,-0.3873391303266936,0.3873391303266936,0.1500316018822393,2017-11,2017-12-25T01:30:00+00:00,5.0,pseudo_real_time,
twentieth,union,catboost,2018-01,0.0182796416196603,0.3,-0.2817203583803396,0.2817203583803396,0.079366360325947,2017-12,2018-01-24T01:30:00+00:00,5.0,pseudo_real_time,
twentieth,union,catboost,2018-04,-0.0218066405751174,-0.2,0.1781933594248825,0.1781933594248825,0.0317528733431253,2018-01,2018-04-24T01:30:00+00:00,5.0,pseudo_real_time,
twentieth,union,catboost,2018-05,0.4153968774998203,0.4,0.0153968774998202,0.0153968774998202,0.0002370638367444,2018-04,2018-05-24T01:30:00+00:00,5.0,pseudo_real_time,
twentieth,union,catboost,2018-06,0.0678479103084438,0.3,-0.2321520896915562,0.2321520896915562,0.0538945927481563,2018-05,2018-06-25T01:30:00+00:00,25.0,pseudo_real_time,
twentieth,union,catboost,2018-07,0.1264741543861354,0.1,0.0264741543861354,0.0264741543861354,0.0007008808504609,2018-06,2018-07-24T01:30:00+00:00,5.0,pseudo_real_time,
twentieth,union,catboost,2018-08,0.2006584388168222,0.4,-0.1993415611831778,0.1993415611831778,0.0397370580149466,2018-07,2018-08-24T01:30:00+00:00,5.0,pseudo_real_time,
twentieth,union,catboost,2018-09,0.3685422462496447,0.6,-0.2314577537503552,0.2314577537503552,0.0535726917711601,2018-08,2018-09-25T01:30:00+00:00,5.0,pseudo_real_time,
twentieth,union,catboost,2018-10,0.1720618922601976,0.4,-0.2279381077398024,0.2279381077398024,0.0519557809600017,2018-09,2018-10-24T01:30:00+00:00,5.0,pseudo_real_time,
twentieth,union,catboost,2018-11,-0.1445228617728381,-0.2,0.0554771382271618,0.0554771382271618,0.0030777128658756,2018-10,2018-11-26T01:30:00+00:00,5.0,pseudo_real_time,
twentieth,union,catboost,2018-12,-0.2022616070577997,-1.0,0.7977383929422002,0.7977383929422002,0.6363865435740041,2018-11,2018-12-24T01:30:00+00:00,5.0,pseudo_real_time,
twentieth,union,catboost,2019-01,-0.2503459750976652,-0.6,0.3496540249023347,0.3496540249023347,0.1222579371304025,2018-12,2019-01-24T01:30:00+00:00,5.0,pseudo_real_time,
twentieth,union,catboost,2019-02,0.1644991505239342,-0.1,0.2644991505239342,0.2644991505239342,0.0699598006278828,2019-01,2019-02-25T01:30:00+00:00,5.0,pseudo_real_time,
twentieth,union,catboost,2019-03,0.1349920660425501,0.1,0.0349920660425501,0.0349920660425501,0.0012244446859261,2019-02,2019-03-25T01:30:00+00:00,5.0,pseudo_real_time,
twentieth,union,catboost,2019-04,0.0658321375811018,0.3,-0.2341678624188982,0.2341678624188982,0.054834587789836,2019-03,2019-04-24T01:30:00+00:00,5.0,pseudo_real_time,
twentieth,union,catboost,2019-07,0.0233934519713383,-0.2,0.2233934519713383,0.2233934519713383,0.0499046343836706,2019-04,2019-07-24T01:30:00+00:00,5.0,pseudo_real_time,
twentieth,union,catboost,2019-08,-0.0240891317484659,-0.1,0.075910868251534,0.075910868251534,0.0057624599187017,2019-07,2019-08-26T01:30:00+00:00,5.0,pseudo_real_time,
twentieth,union,catboost,2019-09,0.1718940870464583,0.1,0.0718940870464583,0.0718940870464583,0.0051687597522437,2019-08,2019-09-24T01:30:00+00:00,5.0,pseudo_real_time,
twentieth,union,catboost,2019-10,-0.2709951104158096,0.1,-0.3709951104158097,0.3709951104158097,0.1376373719524388,2019-09,2019-10-24T01:30:00+00:00,5.0,pseudo_real_time,
twentieth,union,catboost,2019-11,-0.3090226743136324,-0.1,-0.2090226743136324,0.2090226743136324,0.0436904783772228,2019-10,2019-11-25T01:30:00+00:00,5.0,pseudo_real_time,
twentieth,union,catboost,2019-12,0.0562001329741764,0.0,0.0562001329741764,0.0562001329741764,0.0031584549463151,2019-11,2019-12-24T01:30:00+00:00,5.0,pseudo_real_time,
twentieth,union,catboost,2020-01,-0.1546138988228365,0.0,-0.1546138988228365,0.1546138988228365,0.0239054577091983,2019-12,2020-01-23T01:30:00+00:00,5.0,pseudo_real_time,
twentieth,union,catboost,2020-02,-0.1764712564084616,-0.5,0.3235287435915383,0.3235287435915383,0.1046708479299193,2020-01,2020-02-24T01:30:00+00:00,5.0,pseudo_real_time,
twentieth,union,catboost,2020-03,-0.156243614722089,-1.0,0.843756385277911,0.843756385277911,0.7119248376972466,2020-02,2020-03-24T01:30:00+00:00,5.0,pseudo_real_time,
twentieth,union,catboost,2020-04,-0.3389304542251323,-1.3,0.9610695457748676,0.9610695457748676,0.9236546718159104,2020-03,2020-04-24T01:30:00+00:00,5.0,pseudo_real_time,
twentieth,union,catboost,2020-05,-0.2836332903563787,-0.4,0.1163667096436212,0.1163667096436212,0.0135412111132828,2020-04,2020-05-25T01:30:00+00:00,5.0,pseudo_real_time,
twentieth,union,catboost,2020-06,-0.0734201814185898,0.4,-0.4734201814185899,0.4734201814185899,0.2241266681744105,2020-05,2020-06-24T01:30:00+00:00,5.0,pseudo_real_time,
twentieth,union,catboost,2020-07,-0.17023618916893,0.4,-0.57023618916893,0.57023618916893,0.3251693114379038,2020-06,2020-07-24T01:30:00+00:00,5.0,pseudo_real_time,
twentieth,union,catboost,2020-08,0.194923862386479,0.3,-0.1050761376135209,0.1050761376135209,0.0110409946957755,2020-07,2020-08-24T01:30:00+00:00,5.0,pseudo_real_time,
twentieth,union,catboost,2020-09,0.1700311849178807,0.1,0.0700311849178807,0.0700311849178807,0.0049043668610024,2020-08,2020-09-24T01:30:00+00:00,5.0,pseudo_real_time,
twentieth,union,catboost,2020-10,0.1178819259040793,0.0,0.1178819259040793,0.1178819259040793,0.0138961484548548,2020-09,2020-10-26T01:30:00+00:00,5.0,pseudo_real_time,
twentieth,union,catboost,2020-11,0.3921501629441007,0.5,-0.1078498370558992,0.1078498370558992,0.011631587352984,2020-10,2020-11-24T01:30:00+00:00,5.0,pseudo_real_time,
twentieth,union,catboost,2020-12,0.5324684628213718,1.1,-0.5675315371786283,0.5675315371786283,0.3220920456923367,2020-11,2020-12-24T01:30:00+00:00,5.0,pseudo_real_time,
twentieth,union,catboost,2021-01,0.6510468015959374,1.0,-0.3489531984040626,0.3489531984040626,0.121768334676425,2020-12,2021-01-25T01:30:00+00:00,5.0,pseudo_real_time,
twentieth,union,catboost,2021-04,0.4929510294086934,0.9,-0.4070489705913066,0.4070489705913066,0.1656888644594424,2021-01,2021-04-25T01:30:00+00:00,5.0,pseudo_real_time,
twentieth,union,catboost,2021-05,0.7016748471861048,1.6,-0.8983251528138952,0.8983251528138952,0.8069880801781082,2021-04,2021-05-24T01:30:00+00:00,5.0,pseudo_real_time,
twentieth,union,catboost,2021-06,-0.0872893574897819,0.3,-0.3872893574897819,0.3872893574897819,0.149993046424848,2021-05,2021-06-24T01:30:00+00:00,5.0,pseudo_real_time,
twentieth,union,catboost,2021-07,0.1698219827957139,0.5,-0.3301780172042861,0.3301780172042861,0.1090175230449538,2021-06,2021-07-26T01:30:00+00:00,5.0,pseudo_real_time,
twentieth,union,catboost,2021-08,0.2035852057682015,0.7,-0.4964147942317984,0.4964147942317984,0.2464276479321988,2021-07,2021-08-24T01:30:00+00:00,5.0,pseudo_real_time,
twentieth,union,catboost,2021-09,0.715239257851058,1.2,-0.4847607421489419,0.4847607421489419,0.2349929771287929,2021-08,2021-09-24T01:30:00+00:00,5.0,pseudo_real_time,
twentieth,union,catboost,2021-10,0.8118577934886958,2.5,-1.688142206511304,1.688142206511304,2.8498241094048544,2021-09,2021-10-25T01:30:00+00:00,5.0,pseudo_real_time,
twentieth,union,catboost,2021-11,-0.3998380995352506,0.0,-0.3998380995352506,0.3998380995352506,0.1598705058399609,2021-10,2021-11-24T01:30:00+00:00,5.0,pseudo_real_time,
twentieth,union,catboost,2021-12,-0.3446652696353784,-1.2,0.8553347303646215,0.8553347303646215,0.7315975009679198,2021-11,2021-12-24T01:30:00+00:00,5.0,pseudo_real_time,
twentieth,union,catboost,2022-01,-0.1193766904675638,-0.2,0.0806233095324361,0.0806233095324361,0.006500118039963,2021-12,2022-01-24T01:30:00+00:00,5.0,pseudo_real_time,
twentieth,union,catboost,2022-02,0.5918059313674253,0.5,0.0918059313674253,0.0918059313674253,0.0084283290342404,2022-01,2022-02-24T01:30:00+00:00,5.0,pseudo_real_time,
twentieth,union,catboost,2022-03,0.5040863286841468,1.1,-0.5959136713158533,0.5959136713158533,0.3551131036611388,2022-02,2022-03-24T01:30:00+00:00,5.0,pseudo_real_time,
twentieth,union,catboost,2022-04,0.2989985200755881,0.6,-0.3010014799244118,0.3010014799244118,0.0906018909166861,2022-03,2022-04-24T01:30:00+00:00,5.0,pseudo_real_time,
twentieth,union,catboost,2022-05,-0.0892886998527953,0.1,-0.1892886998527953,0.1892886998527953,0.0358302118919616,2022-04,2022-05-24T01:30:00+00:00,5.0,pseudo_real_time,
twentieth,union,catboost,2022-06,-0.140700607415436,0.0,-0.140700607415436,0.140700607415436,0.0197966609270726,2022-05,2022-06-24T01:30:00+00:00,25.0,pseudo_real_time,
twentieth,union,catboost,2022-07,-0.4269002092986335,-1.3,0.8730997907013666,0.8730997907013666,0.7623032445227701,2022-06,2022-07-24T01:30:00+00:00,5.0,pseudo_real_time,
twentieth,union,catboost,2022-08,-0.2823750850472145,-1.2,0.9176249149527856,0.9176249149527856,0.8420354845421069,2022-07,2022-08-24T01:30:00+00:00,25.0,pseudo_real_time,
twentieth,union,catboost,2022-09,0.0530095732875434,-0.1,0.1530095732875435,0.1530095732875435,0.0234119295176361,2022-08,2022-09-24T01:30:00+00:00,5.0,pseudo_real_time,
twentieth,union,catboost,2022-10,0.0518750687201878,0.2,-0.1481249312798121,0.1481249312798121,0.021940995266649,2022-09,2022-10-24T01:30:00+00:00,25.0,pseudo_real_time,
twentieth,union,catboost,2022-11,-0.5943456610245249,0.1,-0.6943456610245249,0.6943456610245249,0.4821158969835844,2022-10,2022-11-24T01:30:00+00:00,5.0,pseudo_real_time,
twentieth,union,catboost,2022-12,-0.1603654967018309,-0.5,0.339634503298169,0.339634503298169,0.1153515958305939,2022-11,2022-12-24T01:30:00+00:00,5.0,pseudo_real_time,
twentieth,union,catboost,2023-01,0.0450486307654155,-0.4,0.4450486307654155,0.4450486307654155,0.1980682837461712,2022-12,2023-01-24T01:30:00+00:00,5.0,pseudo_real_time,
twentieth,union,catboost,2023-02,-0.0918317365879443,0.0,-0.0918317365879443,0.0918317365879443,0.0084330678447575,2023-01,2023-02-24T01:30:00+00:00,5.0,pseudo_real_time,
twentieth,union,catboost,2023-03,0.2702977258439886,0.0,0.2702977258439886,0.2702977258439886,0.073060860596432,2023-02,2023-03-24T01:30:00+00:00,5.0,pseudo_real_time,
twentieth,union,catboost,2023-04,-0.2583863434355501,-0.5,0.2416136565644498,0.2416136565644498,0.0583771590384439,2023-03,2023-04-24T01:30:00+00:00,5.0,pseudo_real_time,
twentieth,union,catboost,2023-05,-0.4587253266682758,-0.9,0.4412746733317242,0.4412746733317242,0.1947233373240199,2023-04,2023-05-24T01:30:00+00:00,25.0,pseudo_real_time,
twentieth,union,catboost,2023-06,-0.3837805489748266,-0.8,0.4162194510251734,0.4162194510251734,0.1732386314116967,2023-05,2023-06-24T01:30:00+00:00,5.0,pseudo_real_time,
twentieth,union,catboost,2023-07,0.1718219127543412,-0.2,0.3718219127543412,0.3718219127543412,0.1382515348042969,2023-06,2023-07-24T01:30:00+00:00,25.0,pseudo_real_time,
twentieth,union,catboost,2023-08,0.2085276947633549,0.2,0.0085276947633549,0.0085276947633549,7.272157797695075e-05,2023-07,2023-08-24T01:30:00+00:00,5.0,pseudo_real_time,
twentieth,union,catboost,2023-09,0.1867682198326039,0.4,-0.2132317801673961,0.2132317801673961,0.0454677920733567,2023-08,2023-09-24T01:30:00+00:00,5.0,pseudo_real_time,
twentieth,union,catboost,2023-10,-0.3283285793011116,0.0,-0.3283285793011116,0.3283285793011116,0.1077996559858863,2023-09,2023-10-24T01:30:00+00:00,5.0,pseudo_real_time,
twentieth,union,catboost,2023-11,-0.3507532973002996,-0.3,-0.0507532973002995,0.0507532973002995,0.0025758971868525,2023-10,2023-11-24T01:30:00+00:00,5.0,pseudo_real_time,
twentieth,union,catboost,2023-12,-0.0725079486558678,-0.3,0.2274920513441321,0.2274920513441321,0.0517526334247612,2023-11,2023-12-24T01:30:00+00:00,5.0,pseudo_real_time,
twentieth,union,catboost,2024-01,-0.2628571356611157,-0.2,-0.0628571356611157,0.0628571356611157,0.0039510195035199,2023-12,2024-01-24T01:30:00+00:00,5.0,pseudo_real_time,
twentieth,union,catboost,2024-04,-0.1280421569838268,-0.2,0.0719578430161731,0.0719578430161731,0.0051779311715402,2024-01,2024-04-24T01:30:00+00:00,5.0,pseudo_real_time,
twentieth,union,catboost,2024-05,0.0264584244468735,0.2,-0.1735415755531265,0.1735415755531265,0.0301166784454615,2024-04,2024-05-24T01:30:00+00:00,5.0,pseudo_real_time,
twentieth,union,catboost,2024-06,-0.1059508722507113,0.1,-0.2059508722507113,0.2059508722507113,0.0424157617808288,2024-05,2024-06-24T01:30:00+00:00,5.0,pseudo_real_time,
twentieth,union,catboost,2024-07,-0.3282388798889754,-0.2,-0.1282388798889753,0.1282388798889753,0.016445210315179,2024-06,2024-07-24T01:30:00+00:00,5.0,pseudo_real_time,
twentieth,union,catboost,2024-08,-0.3380466668767433,-0.7,0.3619533331232566,0.3619533331232566,0.1310102153590352,2024-07,2024-08-24T01:30:00+00:00,5.0,pseudo_real_time,
twentieth,union,catboost,2024-09,-0.1138337541053921,-0.6,0.4861662458946078,0.4861662458946078,0.2363576186472562,2024-08,2024-09-24T01:30:00+00:00,5.0,pseudo_real_time,
twentieth,union,catboost,2024-10,0.1994091251066976,-0.1,0.2994091251066976,0.2994091251066976,0.0896458241971581,2024-09,2024-10-24T01:30:00+00:00,5.0,pseudo_real_time,
twentieth,union,catboost,2024-11,-0.3187236905695698,-0.1,-0.2187236905695697,0.2187236905695697,0.0478400528163729,2024-10,2024-11-24T01:30:00+00:00,5.0,pseudo_real_time,
twentieth,union,catboost,2024-12,-0.2002341859362493,-0.1,-0.1002341859362493,0.1002341859362493,0.0100468920303026,2024-11,2024-12-24T01:30:00+00:00,5.0,pseudo_real_time,
twentieth,union,catboost,2025-01,-0.2099369650187103,-0.2,-0.0099369650187102,0.0099369650187102,9.874327378307172e-05,2024-12,2025-01-24T01:30:00+00:00,5.0,pseudo_real_time,
twentieth,union,catboost,2025-02,-0.1933405789682419,-0.1,-0.0933405789682418,0.0933405789682418,0.0087124636821265,2025-01,2025-02-24T01:30:00+00:00,5.0,pseudo_real_time,
twentieth,union,catboost,2025-03,-0.2297776954283278,-0.4,0.1702223045716721,0.1702223045716721,0.0289756329736911,2025-02,2025-03-24T01:30:00+00:00,5.0,pseudo_real_time,
twentieth,union,catboost,2025-04,-0.3439395273160342,-0.4,0.0560604726839658,0.0560604726839658,0.0031427765975496,2025-03,2025-04-24T01:30:00+00:00,5.0,pseudo_real_time,
twentieth,union,catboost,2025-05,-0.2976352531662685,-0.4,0.1023647468337314,0.1023647468337314,0.0104785413943339,2025-04,2025-05-24T01:30:00+00:00,5.0,pseudo_real_time,
twentieth,union,catboost,2025-06,-0.1719825170084897,-0.4,0.2280174829915102,0.2280174829915102,0.0519919725497836,2025-05,2025-06-24T01:30:00+00:00,5.0,pseudo_real_time,
twentieth,union,catboost,2025-07,-0.0372482395395961,-0.2,0.1627517604604038,0.1627517604604038,0.0264881355329606,2025-06,2025-07-24T01:30:00+00:00,5.0,pseudo_real_time,
twentieth,union,catboost,2025-08,0.086492418230937,0.0,0.086492418230937,0.086492418230937,0.0074809384114353,2025-07,2025-08-24T01:30:00+00:00,5.0,pseudo_real_time,
twentieth,union,catboost,2025-09,-0.219747975374887,0.0,-0.219747975374887,0.219747975374887,0.0482891726813619,2025-08,2025-09-24T01:30:00+00:00,5.0,pseudo_real_time,
twentieth,union,catboost,2025-10,-0.2907534429916883,0.1,-0.3907534429916883,0.3907534429916883,0.1526882532098586,2025-09,2025-10-24T01:30:00+00:00,5.0,pseudo_real_time,
twentieth,union,catboost,2025-11,-0.0176544589007228,0.1,-0.1176544589007228,0.1176544589007228,0.0138425716992218,2025-10,2025-11-24T01:30:00+00:00,5.0,pseudo_real_time,
twentieth,union,catboost,2025-12,-0.1242283437558139,0.2,-0.3242283437558139,0.3242283437558139,0.1051240188946382,2025-11,2025-12-24T01:30:00+00:00,5.0,pseudo_real_time,
twentieth,union,catboost,2026-01,-0.1804790755779535,0.4,-0.5804790755779536,0.5804790755779536,0.3369559571838356,2025-12,2026-01-24T01:30:00+00:00,5.0,pseudo_real_time,
twentieth,union,catboost,2026-04,0.1709249063546121,1.7,-1.529075093645388,1.529075093645388,2.3380706420066515,2026-01,2026-04-24T01:30:00+00:00,5.0,pseudo_real_time,
twentieth,union,catboost,2026-05,-0.1135030134341682,0.5,-0.6135030134341682,0.6135030134341682,0.3763859474928052,2026-04,2026-05-24T01:30:00+00:00,5.0,pseudo_real_time,
twentieth,union,catboost,2026-06,-0.166516345092869,-0.3,0.133483654907131,0.133483654907131,0.017817886127366,2026-05,2026-06-24T01:30:00+00:00,5.0,pseudo_real_time,
twentieth,union,catboost,2026-07,-0.0495526774346412,-0.7,0.6504473225653588,0.6504473225653588,0.4230817194324439,2026-06,2026-07-24T01:30:00+00:00,5.0,pseudo_real_time,
twentieth,union,catboost,2026-08,0.0037827144996061,0.4,-0.3962172855003938,0.3962172855003938,0.1569881373293006,2026-07,2026-08-24T01:30:00+00:00,5.0,pseudo_real_time,
twentieth,union,lightgbm,2016-04,-0.2202879119234509,0.7,-0.9202879119234508,0.9202879119234508,0.8469298408324252,2016-03,2016-04-25T01:30:00+00:00,25.0,pseudo_real_time,
twentieth,union,lightgbm,2016-05,-0.1089068453712873,0.5,-0.6089068453712874,0.6089068453712874,0.3707675463400128,2016-04,2016-05-24T01:30:00+00:00,5.0,pseudo_real_time,
twentieth,union,lightgbm,2016-06,-0.091775531557926,-0.2,0.1082244684420739,0.1082244684420739,0.0117125355695694,2016-05,2016-06-24T01:30:00+00:00,5.0,pseudo_real_time,
twentieth,union,lightgbm,2016-07,-0.0609591330462592,0.2,-0.2609591330462592,0.2609591330462592,0.0680996691202552,2016-06,2016-07-25T01:30:00+00:00,5.0,pseudo_real_time,
twentieth,union,lightgbm,2016-08,-0.0293389068097894,0.2,-0.2293389068097895,0.2293389068097895,0.0525963341767093,2016-07,2016-08-24T01:30:00+00:00,5.0,pseudo_real_time,
twentieth,union,lightgbm,2016-09,0.241342993644434,0.5,-0.2586570063555659,0.2586570063555659,0.0669034469368232,2016-08,2016-09-26T01:30:00+00:00,5.0,pseudo_real_time,
twentieth,union,lightgbm,2016-10,0.2352980156024972,0.7,-0.4647019843975027,0.4647019843975027,0.2159479343029769,2016-09,2016-10-24T01:30:00+00:00,5.0,pseudo_real_time,
twentieth,union,lightgbm,2016-11,0.1837496428154799,1.5,-1.31625035718452,1.31625035718452,1.732515002788377,2016-10,2016-11-24T01:30:00+00:00,25.0,pseudo_real_time,
twentieth,union,lightgbm,2016-12,0.5420470466220423,1.6,-1.0579529533779577,1.0579529533779577,1.1192644515611432,2016-11,2016-12-26T01:30:00+00:00,5.0,pseudo_real_time,
twentieth,union,lightgbm,2017-01,-0.0012548584100933,0.8,-0.8012548584100934,0.8012548584100934,0.6420093481257788,2016-12,2017-01-24T01:30:00+00:00,5.0,pseudo_real_time,
twentieth,union,lightgbm,2017-02,0.5789660224349654,0.6,-0.0210339775650345,0.0210339775650345,0.0004424282122063,2017-01,2017-02-24T01:30:00+00:00,5.0,pseudo_real_time,
twentieth,union,lightgbm,2017-03,0.3685467455733939,0.3,0.0685467455733939,0.0685467455733939,0.0046986563287036,2017-02,2017-03-24T01:30:00+00:00,5.0,pseudo_real_time,
twentieth,union,lightgbm,2017-04,0.1680478037504223,-0.4,0.5680478037504223,0.5680478037504223,0.3226783073456782,2017-03,2017-04-24T01:30:00+00:00,5.0,pseudo_real_time,
twentieth,union,lightgbm,2017-05,0.1074001789217704,-0.3,0.4074001789217704,0.4074001789217704,0.1659749057854905,2017-04,2017-05-24T01:30:00+00:00,5.0,pseudo_real_time,
twentieth,union,lightgbm,2017-06,0.2703910742617326,-0.2,0.4703910742617326,0.4703910742617326,0.2212677627451068,2017-05,2017-06-26T01:30:00+00:00,5.0,pseudo_real_time,
twentieth,union,lightgbm,2017-07,0.4633850576655676,0.2,0.2633850576655676,0.2633850576655676,0.0693716886014943,2017-06,2017-07-24T01:30:00+00:00,5.0,pseudo_real_time,
twentieth,union,lightgbm,2017-08,0.5742285928657117,0.9,-0.3257714071342883,0.3257714071342883,0.1061270097062542,2017-07,2017-08-24T01:30:00+00:00,5.0,pseudo_real_time,
twentieth,union,lightgbm,2017-09,0.6077263602997646,1.0,-0.3922736397002354,0.3922736397002354,0.1538786084036701,2017-08,2017-09-25T01:30:00+00:00,5.0,pseudo_real_time,
twentieth,union,lightgbm,2017-10,0.0538248630822756,0.7,-0.6461751369177243,0.6461751369177243,0.4175423075706397,2017-09,2017-10-24T01:30:00+00:00,5.0,pseudo_real_time,
twentieth,union,lightgbm,2017-11,0.515632307299317,0.5,0.0156323072993169,0.0156323072993169,0.0002443690315002,2017-10,2017-11-24T01:30:00+00:00,5.0,pseudo_real_time,
twentieth,union,lightgbm,2017-12,0.3087381320442767,0.8,-0.4912618679557233,0.4912618679557233,0.2413382229073465,2017-11,2017-12-25T01:30:00+00:00,5.0,pseudo_real_time,
twentieth,union,lightgbm,2018-01,0.0224982582448617,0.3,-0.2775017417551382,0.2775017417551382,0.0770072166771354,2017-12,2018-01-24T01:30:00+00:00,5.0,pseudo_real_time,
twentieth,union,lightgbm,2018-04,-0.021345580159576,-0.2,0.178654419840424,0.178654419840424,0.0319174017285184,2018-01,2018-04-24T01:30:00+00:00,5.0,pseudo_real_time,
twentieth,union,lightgbm,2018-05,0.4659147882604293,0.4,0.0659147882604292,0.0659147882604292,0.0043447593114172,2018-04,2018-05-24T01:30:00+00:00,5.0,pseudo_real_time,
twentieth,union,lightgbm,2018-06,-0.0005670667750458,0.3,-0.3005670667750458,0.3005670667750458,0.0903405616297548,2018-05,2018-06-25T01:30:00+00:00,5.0,pseudo_real_time,
twentieth,union,lightgbm,2018-07,0.211519742169218,0.1,0.111519742169218,0.111519742169218,0.0124366528934888,2018-06,2018-07-24T01:30:00+00:00,5.0,pseudo_real_time,
twentieth,union,lightgbm,2018-08,0.4487262282023426,0.4,0.0487262282023425,0.0487262282023425,0.0023742453148267,2018-07,2018-08-24T01:30:00+00:00,5.0,pseudo_real_time,
twentieth,union,lightgbm,2018-09,0.604298392115335,0.6,0.004298392115335,0.004298392115335,1.8476174777174125e-05,2018-08,2018-09-25T01:30:00+00:00,5.0,pseudo_real_time,
twentieth,union,lightgbm,2018-10,0.2222731941510936,0.4,-0.1777268058489063,0.1777268058489063,0.0315868175172548,2018-09,2018-10-24T01:30:00+00:00,5.0,pseudo_real_time,
twentieth,union,lightgbm,2018-11,-0.0754397893562816,-0.2,0.1245602106437183,0.1245602106437183,0.0155152460756074,2018-10,2018-11-26T01:30:00+00:00,5.0,pseudo_real_time,
twentieth,union,lightgbm,2018-12,-0.2288302232625222,-1.0,0.7711697767374777,0.7711697767374777,0.5947028245533311,2018-11,2018-12-24T01:30:00+00:00,5.0,pseudo_real_time,
twentieth,union,lightgbm,2019-01,-0.162876162160161,-0.6,0.437123837839839,0.437123837839839,0.1910772496078298,2018-12,2019-01-24T01:30:00+00:00,5.0,pseudo_real_time,
twentieth,union,lightgbm,2019-02,0.1979913815974261,-0.1,0.2979913815974261,0.2979913815974261,0.0887988635063428,2019-01,2019-02-25T01:30:00+00:00,5.0,pseudo_real_time,
twentieth,union,lightgbm,2019-03,0.0402315511539903,0.1,-0.0597684488460096,0.0597684488460096,0.003572267477458,2019-02,2019-03-25T01:30:00+00:00,5.0,pseudo_real_time,
twentieth,union,lightgbm,2019-04,0.0215059380670838,0.3,-0.2784940619329161,0.2784940619329161,0.0775589425318949,2019-03,2019-04-24T01:30:00+00:00,5.0,pseudo_real_time,
twentieth,union,lightgbm,2019-07,-0.0206958085932337,-0.2,0.1793041914067662,0.1793041914067662,0.0321499930560342,2019-04,2019-07-24T01:30:00+00:00,5.0,pseudo_real_time,
twentieth,union,lightgbm,2019-08,0.135149591578495,-0.1,0.235149591578495,0.235149591578495,0.055295330419533,2019-07,2019-08-26T01:30:00+00:00,5.0,pseudo_real_time,
twentieth,union,lightgbm,2019-09,0.1371359195849907,0.1,0.0371359195849907,0.0371359195849907,0.0013790765234229,2019-08,2019-09-24T01:30:00+00:00,5.0,pseudo_real_time,
twentieth,union,lightgbm,2019-10,-0.2989236034823073,0.1,-0.3989236034823072,0.3989236034823072,0.1591400414153091,2019-09,2019-10-24T01:30:00+00:00,5.0,pseudo_real_time,
twentieth,union,lightgbm,2019-11,-0.3852646244026077,-0.1,-0.2852646244026077,0.2852646244026077,0.0813759059355608,2019-10,2019-11-25T01:30:00+00:00,5.0,pseudo_real_time,
twentieth,union,lightgbm,2019-12,-0.0205362012855325,0.0,-0.0205362012855325,0.0205362012855325,0.0004217355632399,2019-11,2019-12-24T01:30:00+00:00,5.0,pseudo_real_time,
twentieth,union,lightgbm,2020-01,-0.1448855493583915,0.0,-0.1448855493583915,0.1448855493583915,0.0209918224128829,2019-12,2020-01-23T01:30:00+00:00,5.0,pseudo_real_time,
twentieth,union,lightgbm,2020-02,-0.2318563127797049,-0.5,0.268143687220295,0.268143687220295,0.0719010369960954,2020-01,2020-02-24T01:30:00+00:00,5.0,pseudo_real_time,
twentieth,union,lightgbm,2020-03,-0.0706366253676914,-1.0,0.9293633746323086,0.9293633746323086,0.8637162821079527,2020-02,2020-03-24T01:30:00+00:00,5.0,pseudo_real_time,
twentieth,union,lightgbm,2020-04,-0.3680993693663501,-1.3,0.93190063063365,0.93190063063365,0.8684387853753944,2020-03,2020-04-24T01:30:00+00:00,5.0,pseudo_real_time,
twentieth,union,lightgbm,2020-05,-0.176218831233325,-0.4,0.2237811687666749,0.2237811687666749,0.050078011494579,2020-04,2020-05-25T01:30:00+00:00,5.0,pseudo_real_time,
twentieth,union,lightgbm,2020-06,-0.1827851434914651,0.4,-0.5827851434914652,0.5827851434914652,0.3396385234743676,2020-05,2020-06-24T01:30:00+00:00,5.0,pseudo_real_time,
twentieth,union,lightgbm,2020-07,0.0597108665150434,0.4,-0.3402891334849565,0.3402891334849565,0.1157966943679425,2020-06,2020-07-24T01:30:00+00:00,5.0,pseudo_real_time,
twentieth,union,lightgbm,2020-08,0.2952882225508531,0.3,-0.0047117774491468,0.0047117774491468,2.220084673028888e-05,2020-07,2020-08-24T01:30:00+00:00,5.0,pseudo_real_time,
twentieth,union,lightgbm,2020-09,0.1284551330926946,0.1,0.0284551330926945,0.0284551330926945,0.0008096945993229,2020-08,2020-09-24T01:30:00+00:00,5.0,pseudo_real_time,
twentieth,union,lightgbm,2020-10,0.1492184407504882,0.0,0.1492184407504882,0.1492184407504882,0.0222661430600069,2020-09,2020-10-26T01:30:00+00:00,5.0,pseudo_real_time,
twentieth,union,lightgbm,2020-11,0.3809006499102969,0.5,-0.119099350089703,0.119099350089703,0.0141846551917896,2020-10,2020-11-24T01:30:00+00:00,5.0,pseudo_real_time,
twentieth,union,lightgbm,2020-12,0.5329481192993322,1.1,-0.5670518807006679,0.5670518807006679,0.3215478354061645,2020-11,2020-12-24T01:30:00+00:00,5.0,pseudo_real_time,
twentieth,union,lightgbm,2021-01,0.6571801164603961,1.0,-0.3428198835396039,0.3428198835396039,0.1175254725501075,2020-12,2021-01-25T01:30:00+00:00,5.0,pseudo_real_time,
twentieth,union,lightgbm,2021-04,0.6128029513928888,0.9,-0.2871970486071112,0.2871970486071112,0.0824821447286354,2021-01,2021-04-25T01:30:00+00:00,5.0,pseudo_real_time,
twentieth,union,lightgbm,2021-05,0.7440300296763658,1.6,-0.8559699703236343,0.8559699703236343,0.7326845900958434,2021-04,2021-05-24T01:30:00+00:00,5.0,pseudo_real_time,
twentieth,union,lightgbm,2021-06,-0.2116143824630131,0.3,-0.5116143824630132,0.5116143824630132,0.2617492763430103,2021-05,2021-06-24T01:30:00+00:00,5.0,pseudo_real_time,
twentieth,union,lightgbm,2021-07,0.1666382876458463,0.5,-0.3333617123541537,0.3333617123541537,0.1111300312636935,2021-06,2021-07-26T01:30:00+00:00,5.0,pseudo_real_time,
twentieth,union,lightgbm,2021-08,0.4938054458394945,0.7,-0.2061945541605054,0.2061945541605054,0.0425161941654496,2021-07,2021-08-24T01:30:00+00:00,5.0,pseudo_real_time,
twentieth,union,lightgbm,2021-09,0.6588587039822987,1.2,-0.5411412960177012,0.5411412960177012,0.2928339022557173,2021-08,2021-09-24T01:30:00+00:00,5.0,pseudo_real_time,
twentieth,union,lightgbm,2021-10,0.9470502720849344,2.5,-1.5529497279150657,1.5529497279150657,2.411652857431476,2021-09,2021-10-25T01:30:00+00:00,5.0,pseudo_real_time,
twentieth,union,lightgbm,2021-11,-0.5645859423454903,0.0,-0.5645859423454903,0.5645859423454903,0.3187572862941453,2021-10,2021-11-24T01:30:00+00:00,5.0,pseudo_real_time,
twentieth,union,lightgbm,2021-12,-0.5180353539342034,-1.2,0.6819646460657965,0.6819646460657965,0.4650757784836472,2021-11,2021-12-24T01:30:00+00:00,5.0,pseudo_real_time,
twentieth,union,lightgbm,2022-01,-0.1214444204552512,-0.2,0.0785555795447487,0.0785555795447487,0.0061709790776113,2021-12,2022-01-24T01:30:00+00:00,5.0,pseudo_real_time,
twentieth,union,lightgbm,2022-02,0.5565805778690334,0.5,0.0565805778690333,0.0565805778690333,0.0032013617919937,2022-01,2022-02-24T01:30:00+00:00,5.0,pseudo_real_time,
twentieth,union,lightgbm,2022-03,0.5232700104177763,1.1,-0.5767299895822238,0.5767299895822238,0.3326174808835119,2022-02,2022-03-24T01:30:00+00:00,5.0,pseudo_real_time,
twentieth,union,lightgbm,2022-04,0.535273569018106,0.6,-0.064726430981894,0.064726430981894,0.0041895108676538,2022-03,2022-04-24T01:30:00+00:00,5.0,pseudo_real_time,
twentieth,union,lightgbm,2022-05,-0.0164997883565996,0.1,-0.1164997883565996,0.1164997883565996,0.0135722006871325,2022-04,2022-05-24T01:30:00+00:00,5.0,pseudo_real_time,
twentieth,union,lightgbm,2022-06,0.1620203742480006,0.0,0.1620203742480006,0.1620203742480006,0.0262506016714621,2022-05,2022-06-24T01:30:00+00:00,5.0,pseudo_real_time,
twentieth,union,lightgbm,2022-07,-0.3612925608522764,-1.3,0.9387074391477236,0.9387074391477236,0.8811716563112771,2022-06,2022-07-24T01:30:00+00:00,5.0,pseudo_real_time,
twentieth,union,lightgbm,2022-08,-0.6529324261346255,-1.2,0.5470675738653744,0.5470675738653744,0.2992829303749469,2022-07,2022-08-24T01:30:00+00:00,5.0,pseudo_real_time,
twentieth,union,lightgbm,2022-09,-0.0915328424357366,-0.1,0.0084671575642633,0.0084671575642633,7.169275721806225e-05,2022-08,2022-09-24T01:30:00+00:00,5.0,pseudo_real_time,
twentieth,union,lightgbm,2022-10,0.0185405532590607,0.2,-0.1814594467409392,0.1814594467409392,0.0329275308115277,2022-09,2022-10-24T01:30:00+00:00,5.0,pseudo_real_time,
twentieth,union,lightgbm,2022-11,-0.8014525034962443,0.1,-0.9014525034962444,0.9014525034962444,0.8126166160596463,2022-10,2022-11-24T01:30:00+00:00,5.0,pseudo_real_time,
twentieth,union,lightgbm,2022-12,-0.4026589273208505,-0.5,0.0973410726791494,0.0973410726791494,0.0094752844303274,2022-11,2022-12-24T01:30:00+00:00,5.0,pseudo_real_time,
twentieth,union,lightgbm,2023-01,0.2617045130970982,-0.4,0.6617045130970982,0.6617045130970982,0.4378528626530678,2022-12,2023-01-24T01:30:00+00:00,5.0,pseudo_real_time,
twentieth,union,lightgbm,2023-02,-0.0096309459074356,0.0,-0.0096309459074356,0.0096309459074356,9.275511907195168e-05,2023-01,2023-02-24T01:30:00+00:00,5.0,pseudo_real_time,
twentieth,union,lightgbm,2023-03,0.2902347588030745,0.0,0.2902347588030745,0.2902347588030745,0.0842362152174788,2023-02,2023-03-24T01:30:00+00:00,25.0,pseudo_real_time,
twentieth,union,lightgbm,2023-04,-0.2938087228402376,-0.5,0.2061912771597623,0.2061912771597623,0.0425148427767739,2023-03,2023-04-24T01:30:00+00:00,5.0,pseudo_real_time,
twentieth,union,lightgbm,2023-05,-0.537206114112247,-0.9,0.3627938858877531,0.3627938858877531,0.131619403637536,2023-04,2023-05-24T01:30:00+00:00,25.0,pseudo_real_time,
twentieth,union,lightgbm,2023-06,-0.4259288743466298,-0.8,0.3740711256533702,0.3740711256533702,0.1399292070475794,2023-05,2023-06-24T01:30:00+00:00,5.0,pseudo_real_time,
twentieth,union,lightgbm,2023-07,0.1264866942027957,-0.2,0.3264866942027957,0.3264866942027957,0.1065935614914698,2023-06,2023-07-24T01:30:00+00:00,25.0,pseudo_real_time,
twentieth,union,lightgbm,2023-08,0.3562768601058829,0.2,0.1562768601058828,0.1562768601058828,0.0244224570045536,2023-07,2023-08-24T01:30:00+00:00,5.0,pseudo_real_time,
twentieth,union,lightgbm,2023-09,0.1265041914464096,0.4,-0.2734958085535903,0.2734958085535903,0.0747999572963821,2023-08,2023-09-24T01:30:00+00:00,5.0,pseudo_real_time,
twentieth,union,lightgbm,2023-10,-0.3857205970408918,0.0,-0.3857205970408918,0.3857205970408918,0.148780378981582,2023-09,2023-10-24T01:30:00+00:00,5.0,pseudo_real_time,
twentieth,union,lightgbm,2023-11,-0.4298515516134103,-0.3,-0.1298515516134103,0.1298515516134103,0.0168614254564101,2023-10,2023-11-24T01:30:00+00:00,5.0,pseudo_real_time,
twentieth,union,lightgbm,2023-12,-0.0437507096225182,-0.3,0.2562492903774817,0.2562492903774817,0.0656636988189629,2023-11,2023-12-24T01:30:00+00:00,5.0,pseudo_real_time,
twentieth,union,lightgbm,2024-01,-0.3082462950796429,-0.2,-0.1082462950796429,0.1082462950796429,0.0117172603984691,2023-12,2024-01-24T01:30:00+00:00,5.0,pseudo_real_time,
twentieth,union,lightgbm,2024-04,-0.13251455848242,-0.2,0.06748544151758,0.06748544151758,0.0045542848168227,2024-01,2024-04-24T01:30:00+00:00,5.0,pseudo_real_time,
twentieth,union,lightgbm,2024-05,0.1400375460857375,0.2,-0.0599624539142624,0.0599624539142624,0.00359549587942,2024-04,2024-05-24T01:30:00+00:00,5.0,pseudo_real_time,
twentieth,union,lightgbm,2024-06,-0.013558996845464,0.1,-0.113558996845464,0.113558996845464,0.0128956457645481,2024-05,2024-06-24T01:30:00+00:00,5.0,pseudo_real_time,
twentieth,union,lightgbm,2024-07,-0.3909486952121543,-0.2,-0.1909486952121543,0.1909486952121543,0.0364614042032242,2024-06,2024-07-24T01:30:00+00:00,5.0,pseudo_real_time,
twentieth,union,lightgbm,2024-08,-0.2902836740997897,-0.7,0.4097163259002102,0.4097163259002102,0.1678674677091672,2024-07,2024-08-24T01:30:00+00:00,5.0,pseudo_real_time,
twentieth,union,lightgbm,2024-09,-0.1090451290236021,-0.6,0.4909548709763979,0.4909548709763979,0.2410366853354515,2024-08,2024-09-24T01:30:00+00:00,5.0,pseudo_real_time,
twentieth,union,lightgbm,2024-10,0.2766118200034668,-0.1,0.3766118200034668,0.3766118200034668,0.1418364629663236,2024-09,2024-10-24T01:30:00+00:00,5.0,pseudo_real_time,
twentieth,union,lightgbm,2024-11,-0.3049530966200034,-0.1,-0.2049530966200034,0.2049530966200034,0.0420057718141284,2024-10,2024-11-24T01:30:00+00:00,5.0,pseudo_real_time,
twentieth,union,lightgbm,2024-12,-0.1124537988831418,-0.1,-0.0124537988831418,0.0124537988831418,0.0001550971066217,2024-11,2024-12-24T01:30:00+00:00,5.0,pseudo_real_time,
twentieth,union,lightgbm,2025-01,-0.191487700425543,-0.2,0.008512299574457,0.008512299574457,7.245924404530101e-05,2024-12,2025-01-24T01:30:00+00:00,5.0,pseudo_real_time,
twentieth,union,lightgbm,2025-02,-0.181084325791444,-0.1,-0.081084325791444,0.081084325791444,0.006574667889053,2025-01,2025-02-24T01:30:00+00:00,5.0,pseudo_real_time,
twentieth,union,lightgbm,2025-03,-0.1838449801875916,-0.4,0.2161550198124083,0.2161550198124083,0.0467229925901026,2025-02,2025-03-24T01:30:00+00:00,5.0,pseudo_real_time,
twentieth,union,lightgbm,2025-04,-0.6312071256701058,-0.4,-0.2312071256701058,0.2312071256701058,0.0534567349606321,2025-03,2025-04-24T01:30:00+00:00,5.0,pseudo_real_time,
twentieth,union,lightgbm,2025-05,-0.2313376944711503,-0.4,0.1686623055288497,0.1686623055288497,0.028446973306307,2025-04,2025-05-24T01:30:00+00:00,5.0,pseudo_real_time,
twentieth,union,lightgbm,2025-06,-0.1779596490320705,-0.4,0.2220403509679295,0.2220403509679295,0.0493019174579613,2025-05,2025-06-24T01:30:00+00:00,5.0,pseudo_real_time,
twentieth,union,lightgbm,2025-07,0.0818472199146845,-0.2,0.2818472199146845,0.2818472199146845,0.0794378553736365,2025-06,2025-07-24T01:30:00+00:00,5.0,pseudo_real_time,
twentieth,union,lightgbm,2025-08,0.0702686966695194,0.0,0.0702686966695194,0.0702686966695194,0.0049376897316329,2025-07,2025-08-24T01:30:00+00:00,5.0,pseudo_real_time,
twentieth,union,lightgbm,2025-09,-0.1914024299864701,0.0,-0.1914024299864701,0.1914024299864701,0.0366348902047255,2025-08,2025-09-24T01:30:00+00:00,5.0,pseudo_real_time,
twentieth,union,lightgbm,2025-10,-0.3821316798186137,0.1,-0.4821316798186137,0.4821316798186137,0.2324509566847182,2025-09,2025-10-24T01:30:00+00:00,5.0,pseudo_real_time,
twentieth,union,lightgbm,2025-11,0.0742150501067757,0.1,-0.0257849498932242,0.0257849498932242,0.000664863640996,2025-10,2025-11-24T01:30:00+00:00,5.0,pseudo_real_time,
twentieth,union,lightgbm,2025-12,-0.1027170325480668,0.2,-0.3027170325480668,0.3027170325480668,0.0916376017947073,2025-11,2025-12-24T01:30:00+00:00,5.0,pseudo_real_time,
twentieth,union,lightgbm,2026-01,-0.0266097297304674,0.4,-0.4266097297304674,0.4266097297304674,0.1819958615007025,2025-12,2026-01-24T01:30:00+00:00,5.0,pseudo_real_time,
twentieth,union,lightgbm,2026-04,0.4636917902978832,1.7,-1.2363082097021167,1.2363082097021167,1.528457989376853,2026-01,2026-04-24T01:30:00+00:00,5.0,pseudo_real_time,
twentieth,union,lightgbm,2026-05,0.1881260768013038,0.5,-0.3118739231986961,0.3118739231986961,0.0972653439713462,2026-04,2026-05-24T01:30:00+00:00,5.0,pseudo_real_time,
twentieth,union,lightgbm,2026-06,0.0745440956992162,-0.3,0.3745440956992162,0.3745440956992162,0.1402832796231436,2026-05,2026-06-24T01:30:00+00:00,5.0,pseudo_real_time,
twentieth,union,lightgbm,2026-07,0.2065463232516423,-0.7,0.9065463232516424,0.9065463232516424,0.8218262362010711,2026-06,2026-07-24T01:30:00+00:00,5.0,pseudo_real_time,
twentieth,union,lightgbm,2026-08,0.2943064692849023,0.4,-0.1056935307150976,0.1056935307150976,0.0111711224350232,2026-07,2026-08-24T01:30:00+00:00,5.0,pseudo_real_time,
twentieth,union,category_factor,2016-04,0.0677126984682222,0.7,-0.6322873015317778,0.6322873015317778,0.3997872316783373,2016-03,2016-04-25T01:30:00+00:00,5.0,pseudo_real_time,
twentieth,union,category_factor,2016-05,-0.1647207356846645,0.5,-0.6647207356846645,0.6647207356846645,0.4418536564491616,2016-04,2016-05-24T01:30:00+00:00,5.0,pseudo_real_time,
twentieth,union,category_factor,2016-06,-0.2094786849190845,-0.2,-0.0094786849190844,0.0094786849190844,8.984546779527974e-05,2016-05,2016-06-24T01:30:00+00:00,5.0,pseudo_real_time,
twentieth,union,category_factor,2016-07,0.0386878382400798,0.2,-0.1613121617599202,0.1613121617599202,0.0260216135316586,2016-06,2016-07-25T01:30:00+00:00,5.0,pseudo_real_time,
twentieth,union,category_factor,2016-08,0.2751931567218556,0.2,0.0751931567218556,0.0751931567218556,0.0056540108177975,2016-07,2016-08-24T01:30:00+00:00,5.0,pseudo_real_time,
twentieth,union,category_factor,2016-09,0.4257693462746494,0.5,-0.0742306537253505,0.0742306537253505,0.0055101899524928,2016-08,2016-09-26T01:30:00+00:00,5.0,pseudo_real_time,
twentieth,union,category_factor,2016-10,0.7527235073651093,0.7,0.0527235073651093,0.0527235073651093,0.0027797682288787,2016-09,2016-10-24T01:30:00+00:00,5.0,pseudo_real_time,
twentieth,union,category_factor,2016-11,1.4199871880299084,1.5,-0.0800128119700915,0.0800128119700915,0.0064020500793612,2016-10,2016-11-24T01:30:00+00:00,5.0,pseudo_real_time,
twentieth,union,category_factor,2016-12,1.47999321830715,1.6,-0.12000678169285,0.12000678169285,0.0144016276522753,2016-11,2016-12-26T01:30:00+00:00,5.0,pseudo_real_time,
twentieth,union,category_factor,2017-01,0.2313775160341281,0.8,-0.5686224839658719,0.5686224839658719,0.3233315292715182,2016-12,2017-01-24T01:30:00+00:00,5.0,pseudo_real_time,
twentieth,union,category_factor,2017-02,0.2405686400233309,0.6,-0.3594313599766691,0.3594313599766691,0.1291909025346778,2017-01,2017-02-24T01:30:00+00:00,5.0,pseudo_real_time,
twentieth,union,category_factor,2017-03,-0.4029657154673636,0.3,-0.7029657154673636,0.7029657154673636,0.4941607971225424,2017-02,2017-03-24T01:30:00+00:00,5.0,pseudo_real_time,
twentieth,union,category_factor,2017-04,-0.6826003139448455,-0.4,-0.2826003139448455,0.2826003139448455,0.0798629374417252,2017-03,2017-04-24T01:30:00+00:00,5.0,pseudo_real_time,
twentieth,union,category_factor,2017-05,-0.2156172231007835,-0.3,0.0843827768992164,0.0843827768992164,0.0071204530372229,2017-04,2017-05-24T01:30:00+00:00,5.0,pseudo_real_time,
twentieth,union,category_factor,2017-06,-0.2231175582646538,-0.2,-0.0231175582646538,0.0231175582646538,0.0005344215001196,2017-05,2017-06-26T01:30:00+00:00,5.0,pseudo_real_time,
twentieth,union,category_factor,2017-07,0.3667723368461204,0.2,0.1667723368461203,0.1667723368461203,0.0278130123371158,2017-06,2017-07-24T01:30:00+00:00,5.0,pseudo_real_time,
twentieth,union,category_factor,2017-08,0.8528161128446098,0.9,-0.0471838871553902,0.0471838871553902,0.0022263192070925,2017-07,2017-08-24T01:30:00+00:00,5.0,pseudo_real_time,
twentieth,union,category_factor,2017-09,1.0608019564711446,1.0,0.0608019564711446,0.0608019564711446,0.0036968779107189,2017-08,2017-09-25T01:30:00+00:00,5.0,pseudo_real_time,
twentieth,union,category_factor,2017-10,0.5536372932238244,0.7,-0.1463627067761755,0.1463627067761755,0.0214220419348487,2017-09,2017-10-24T01:30:00+00:00,5.0,pseudo_real_time,
twentieth,union,category_factor,2017-11,0.1501592480967607,0.5,-0.3498407519032392,0.3498407519032392,0.1223885516922238,2017-10,2017-11-24T01:30:00+00:00,5.0,pseudo_real_time,
twentieth,union,category_factor,2017-12,0.6752783932035193,0.8,-0.1247216067964807,0.1247216067964807,0.0155554792018959,2017-11,2017-12-25T01:30:00+00:00,5.0,pseudo_real_time,
twentieth,union,category_factor,2018-01,-0.1671398062269196,0.3,-0.4671398062269196,0.4671398062269196,0.218219598561724,2017-12,2018-01-24T01:30:00+00:00,5.0,pseudo_real_time,
twentieth,union,category_factor,2018-04,-0.0731638943981232,-0.2,0.1268361056018768,0.1268361056018768,0.0160873976842504,2018-01,2018-04-24T01:30:00+00:00,5.0,pseudo_real_time,
twentieth,union,category_factor,2018-05,0.5483116948941128,0.4,0.1483116948941127,0.1483116948941127,0.0219963588423643,2018-04,2018-05-24T01:30:00+00:00,5.0,pseudo_real_time,
twentieth,union,category_factor,2018-06,0.1402073622339942,0.3,-0.1597926377660057,0.1597926377660057,0.0255336870842179,2018-05,2018-06-25T01:30:00+00:00,5.0,pseudo_real_time,
twentieth,union,category_factor,2018-07,-0.1198431021505557,0.1,-0.2198431021505557,0.2198431021505557,0.0483309895631796,2018-06,2018-07-24T01:30:00+00:00,5.0,pseudo_real_time,
twentieth,union,category_factor,2018-08,0.1315301271455496,0.4,-0.2684698728544503,0.2684698728544503,0.0720760726304847,2018-07,2018-08-24T01:30:00+00:00,5.0,pseudo_real_time,
twentieth,union,category_factor,2018-09,0.4959620371610356,0.6,-0.1040379628389643,0.1040379628389643,0.0108238977116817,2018-08,2018-09-25T01:30:00+00:00,5.0,pseudo_real_time,
twentieth,union,category_factor,2018-10,0.1885511904628584,0.4,-0.2114488095371416,0.2114488095371416,0.0447105990546743,2018-09,2018-10-24T01:30:00+00:00,5.0,pseudo_real_time,
twentieth,union,category_factor,2018-11,-0.4271368627636328,-0.2,-0.2271368627636328,0.2271368627636328,0.0515911544261053,2018-10,2018-11-26T01:30:00+00:00,5.0,pseudo_real_time,
twentieth,union,category_factor,2018-12,-0.4991792419962535,-1.0,0.5008207580037465,0.5008207580037465,0.2508214316474472,2018-11,2018-12-24T01:30:00+00:00,5.0,pseudo_real_time,
twentieth,union,category_factor,2019-01,-0.6176433065512189,-0.6,-0.0176433065512189,0.0176433065512189,0.0003112862660602,2018-12,2019-01-24T01:30:00+00:00,5.0,pseudo_real_time,
twentieth,union,category_factor,2019-02,-0.0837298162715159,-0.1,0.016270183728484,0.016270183728484,0.0002647188785586,2019-01,2019-02-25T01:30:00+00:00,5.0,pseudo_real_time,
twentieth,union,category_factor,2019-03,0.1163468380877136,0.1,0.0163468380877135,0.0163468380877135,0.0002672191154659,2019-02,2019-03-25T01:30:00+00:00,5.0,pseudo_real_time,
twentieth,union,category_factor,2019-04,-0.0394152547483807,0.3,-0.3394152547483807,0.3394152547483807,0.1152027151559082,2019-03,2019-04-24T01:30:00+00:00,5.0,pseudo_real_time,
twentieth,union,category_factor,2019-07,-0.0588153166644049,-0.2,0.141184683335595,0.141184683335595,0.0199331148085722,2019-04,2019-07-24T01:30:00+00:00,5.0,pseudo_real_time,
twentieth,union,category_factor,2019-08,-0.2221415886283873,-0.1,-0.1221415886283873,0.1221415886283873,0.0149185676726661,2019-07,2019-08-26T01:30:00+00:00,5.0,pseudo_real_time,
twentieth,union,category_factor,2019-09,0.308176624475491,0.1,0.2081766244754909,0.2081766244754909,0.0433375069780095,2019-08,2019-09-24T01:30:00+00:00,5.0,pseudo_real_time,
twentieth,union,category_factor,2019-10,0.0495881710996587,0.1,-0.0504118289003412,0.0504118289003412,0.0025413524930772,2019-09,2019-10-24T01:30:00+00:00,5.0,pseudo_real_time,
twentieth,union,category_factor,2019-11,-0.1829586271601917,-0.1,-0.0829586271601917,0.0829586271601917,0.0068821338203037,2019-10,2019-11-25T01:30:00+00:00,5.0,pseudo_real_time,
twentieth,union,category_factor,2019-12,0.1511374948725155,0.0,0.1511374948725155,0.1511374948725155,0.0228425423563396,2019-11,2019-12-24T01:30:00+00:00,5.0,pseudo_real_time,
twentieth,union,category_factor,2020-01,-0.1654419106877545,0.0,-0.1654419106877545,0.1654419106877545,0.0273710258120149,2019-12,2020-01-23T01:30:00+00:00,5.0,pseudo_real_time,
twentieth,union,category_factor,2020-02,-0.4378759141077206,-0.5,0.0621240858922793,0.0621240858922793,0.0038594020479513,2020-01,2020-02-24T01:30:00+00:00,5.0,pseudo_real_time,
twentieth,union,category_factor,2020-03,-0.6886889654749334,-1.0,0.3113110345250666,0.3113110345250666,0.0969145602170672,2020-02,2020-03-24T01:30:00+00:00,5.0,pseudo_real_time,
twentieth,union,category_factor,2020-04,-0.83509353444537,-1.3,0.46490646555463,0.46490646555463,0.2161380217144983,2020-03,2020-04-24T01:30:00+00:00,5.0,pseudo_real_time,
twentieth,union,category_factor,2020-05,-0.1766105638928559,-0.4,0.223389436107144,0.223389436107144,0.0499028401642678,2020-04,2020-05-25T01:30:00+00:00,5.0,pseudo_real_time,
twentieth,union,category_factor,2020-06,0.3370414274729124,0.4,-0.0629585725270876,0.0629585725270876,0.0039637818546485,2020-05,2020-06-24T01:30:00+00:00,5.0,pseudo_real_time,
twentieth,union,category_factor,2020-07,0.2479942859362258,0.4,-0.1520057140637742,0.1520057140637742,0.0231057371080378,2020-06,2020-07-24T01:30:00+00:00,5.0,pseudo_real_time,
twentieth,union,category_factor,2020-08,0.4473939642361622,0.3,0.1473939642361622,0.1473939642361622,0.021724980693251,2020-07,2020-08-24T01:30:00+00:00,5.0,pseudo_real_time,
twentieth,union,category_factor,2020-09,0.4659475041787945,0.1,0.3659475041787945,0.3659475041787945,0.1339175758146888,2020-08,2020-09-24T01:30:00+00:00,5.0,pseudo_real_time,
twentieth,union,category_factor,2020-10,0.4205361278031421,0.0,0.4205361278031421,0.4205361278031421,0.1768506347876607,2020-09,2020-10-26T01:30:00+00:00,5.0,pseudo_real_time,
twentieth,union,category_factor,2020-11,0.818202260151802,0.5,0.318202260151802,0.318202260151802,0.101252678365715,2020-10,2020-11-24T01:30:00+00:00,5.0,pseudo_real_time,
twentieth,union,category_factor,2020-12,1.127173951943857,1.1,0.0271739519438569,0.0271739519438569,0.000738423664247,2020-11,2020-12-24T01:30:00+00:00,5.0,pseudo_real_time,
twentieth,union,category_factor,2021-01,0.996676089981534,1.0,-0.0033239100184661,0.0033239100184661,1.1048377810859327e-05,2020-12,2021-01-25T01:30:00+00:00,5.0,pseudo_real_time,
twentieth,union,category_factor,2021-04,0.3422618800813435,0.9,-0.5577381199186564,0.5577381199186564,0.3110718104103975,2021-01,2021-04-25T01:30:00+00:00,5.0,pseudo_real_time,
twentieth,union,category_factor,2021-05,1.5205764924928649,1.6,-0.0794235075071352,0.0794235075071352,0.0063080935447359,2021-04,2021-05-24T01:30:00+00:00,5.0,pseudo_real_time,
twentieth,union,category_factor,2021-06,-0.1237227563787849,0.3,-0.4237227563787849,0.4237227563787849,0.1795409742732351,2021-05,2021-06-24T01:30:00+00:00,5.0,pseudo_real_time,
twentieth,union,category_factor,2021-07,0.3816325957814764,0.5,-0.1183674042185235,0.1183674042185235,0.0140108423814313,2021-06,2021-07-26T01:30:00+00:00,5.0,pseudo_real_time,
twentieth,union,category_factor,2021-08,0.5319216436703826,0.7,-0.1680783563296173,0.1680783563296173,0.0282503338664658,2021-07,2021-08-24T01:30:00+00:00,5.0,pseudo_real_time,
twentieth,union,category_factor,2021-09,1.22443420000453,1.2,0.0244342000045301,0.0244342000045301,0.0005970301298613,2021-08,2021-09-24T01:30:00+00:00,5.0,pseudo_real_time,
twentieth,union,category_factor,2021-10,2.741137572850199,2.5,0.241137572850199,0.241137572850199,0.058147329040085,2021-09,2021-10-25T01:30:00+00:00,5.0,pseudo_real_time,
twentieth,union,category_factor,2021-11,-2.0727683177439733,0.0,-2.0727683177439733,2.0727683177439733,4.296368499043181,2021-10,2021-11-24T01:30:00+00:00,5.0,pseudo_real_time,
twentieth,union,category_factor,2021-12,-1.0445151298665605,-1.2,0.1554848701334394,0.1554848701334394,0.0241755448404125,2021-11,2021-12-24T01:30:00+00:00,5.0,pseudo_real_time,
twentieth,union,category_factor,2022-01,-0.3012172779534708,-0.2,-0.1012172779534708,0.1012172779534708,0.0102449373563101,2021-12,2022-01-24T01:30:00+00:00,5.0,pseudo_real_time,
twentieth,union,category_factor,2022-02,0.6675392610319012,0.5,0.1675392610319012,0.1675392610319012,0.0280694039871155,2022-01,2022-02-24T01:30:00+00:00,5.0,pseudo_real_time,
twentieth,union,category_factor,2022-03,0.7946220254226279,1.1,-0.3053779745773721,0.3053779745773721,0.0932557073569781,2022-02,2022-03-24T01:30:00+00:00,5.0,pseudo_real_time,
twentieth,union,category_factor,2022-04,-0.1513921584449001,0.6,-0.7513921584449001,0.7513921584449001,0.5645901757724859,2022-03,2022-04-24T01:30:00+00:00,5.0,pseudo_real_time,
twentieth,union,category_factor,2022-05,0.1644261969530215,0.1,0.0644261969530214,0.0644261969530214,0.0041507348538295,2022-04,2022-05-24T01:30:00+00:00,5.0,pseudo_real_time,
twentieth,union,category_factor,2022-06,-0.3218321293729925,0.0,-0.3218321293729925,0.3218321293729925,0.1035759194967546,2022-05,2022-06-24T01:30:00+00:00,5.0,pseudo_real_time,
twentieth,union,category_factor,2022-07,-1.2569157932890214,-1.3,0.0430842067109786,0.0430842067109786,0.0018562488679143,2022-06,2022-07-24T01:30:00+00:00,5.0,pseudo_real_time,
twentieth,union,category_factor,2022-08,-0.3449336517235123,-1.2,0.8550663482764875,0.8550663482764875,0.7311384599548875,2022-07,2022-08-24T01:30:00+00:00,5.0,pseudo_real_time,
twentieth,union,category_factor,2022-09,0.3369794000090695,-0.1,0.4369794000090695,0.4369794000090695,0.1909509960322864,2022-08,2022-09-24T01:30:00+00:00,25.0,pseudo_real_time,
twentieth,union,category_factor,2022-10,0.4015057821225877,0.2,0.2015057821225876,0.2015057821225876,0.0406045802288357,2022-09,2022-10-24T01:30:00+00:00,25.0,pseudo_real_time,
twentieth,union,category_factor,2022-11,-0.4810778327954536,0.1,-0.5810778327954536,0.5810778327954536,0.3376514477662611,2022-10,2022-11-24T01:30:00+00:00,25.0,pseudo_real_time,
twentieth,union,category_factor,2022-12,-0.2344012560399644,-0.5,0.2655987439600356,0.2655987439600356,0.0705426927931485,2022-11,2022-12-24T01:30:00+00:00,25.0,pseudo_real_time,
twentieth,union,category_factor,2023-01,-0.3561824771233978,-0.4,0.0438175228766021,0.0438175228766021,0.0019199753110415,2022-12,2023-01-24T01:30:00+00:00,25.0,pseudo_real_time,
twentieth,union,category_factor,2023-02,-0.2250274107499663,0.0,-0.2250274107499663,0.2250274107499663,0.050637335588834,2023-01,2023-02-24T01:30:00+00:00,25.0,pseudo_real_time,
twentieth,union,category_factor,2023-03,-0.2792680430700576,0.0,-0.2792680430700576,0.2792680430700576,0.0779906398801795,2023-02,2023-03-24T01:30:00+00:00,25.0,pseudo_real_time,
twentieth,union,category_factor,2023-04,-0.4312721732923467,-0.5,0.0687278267076532,0.0687278267076532,0.0047235141639572,2023-03,2023-04-24T01:30:00+00:00,25.0,pseudo_real_time,
twentieth,union,category_factor,2023-05,-0.7377359835042407,-0.9,0.1622640164957592,0.1622640164957592,0.026329611049336,2023-04,2023-05-24T01:30:00+00:00,25.0,pseudo_real_time,
twentieth,union,category_factor,2023-06,-0.8637368074511297,-0.8,-0.0637368074511296,0.0637368074511296,0.0040623806240623,2023-05,2023-06-24T01:30:00+00:00,25.0,pseudo_real_time,
twentieth,union,category_factor,2023-07,0.3396346150325239,-0.2,0.539634615032524,0.539634615032524,0.2912055177413003,2023-06,2023-07-24T01:30:00+00:00,25.0,pseudo_real_time,
twentieth,union,category_factor,2023-08,0.7764683215921996,0.2,0.5764683215921995,0.5764683215921995,0.3323157257993275,2023-07,2023-08-24T01:30:00+00:00,25.0,pseudo_real_time,
twentieth,union,category_factor,2023-09,0.5555040801816196,0.4,0.1555040801816195,0.1555040801816195,0.0241815189531315,2023-08,2023-09-24T01:30:00+00:00,25.0,pseudo_real_time,
twentieth,union,category_factor,2023-10,-0.0400021927425612,0.0,-0.0400021927425612,0.0400021927425612,0.001600175424213,2023-09,2023-10-24T01:30:00+00:00,25.0,pseudo_real_time,
twentieth,union,category_factor,2023-11,-0.1763363855682529,-0.3,0.123663614431747,0.123663614431747,0.0152926895343238,2023-10,2023-11-24T01:30:00+00:00,25.0,pseudo_real_time,
twentieth,union,category_factor,2023-12,-0.1718174551205212,-0.3,0.1281825448794787,0.1281825448794787,0.0164307648117795,2023-11,2023-12-24T01:30:00+00:00,25.0,pseudo_real_time,
twentieth,union,category_factor,2024-01,-0.3455108934001213,-0.2,-0.1455108934001213,0.1455108934001213,0.0211734200981014,2023-12,2024-01-24T01:30:00+00:00,25.0,pseudo_real_time,
twentieth,union,category_factor,2024-04,-0.0614699460107731,-0.2,0.1385300539892268,0.1385300539892268,0.019190575858258,2024-01,2024-04-24T01:30:00+00:00,25.0,pseudo_real_time,
twentieth,union,category_factor,2024-05,0.1687639397672297,0.2,-0.0312360602327702,0.0312360602327702,0.0009756914588652,2024-04,2024-05-24T01:30:00+00:00,25.0,pseudo_real_time,
twentieth,union,category_factor,2024-06,0.3255231341600944,0.1,0.2255231341600943,0.2255231341600943,0.0508606840413919,2024-05,2024-06-24T01:30:00+00:00,25.0,pseudo_real_time,
twentieth,union,category_factor,2024-07,-0.2034246001050965,-0.2,-0.0034246001050965,0.0034246001050965,1.172788587982706e-05,2024-06,2024-07-24T01:30:00+00:00,25.0,pseudo_real_time,
twentieth,union,category_factor,2024-08,-0.4542776891882566,-0.7,0.2457223108117433,0.2457223108117433,0.060379454030663,2024-07,2024-08-24T01:30:00+00:00,25.0,pseudo_real_time,
twentieth,union,category_factor,2024-09,-0.246265509277247,-0.6,0.3537344907227528,0.3537344907227528,0.1251280899268853,2024-08,2024-09-24T01:30:00+00:00,25.0,pseudo_real_time,
twentieth,union,category_factor,2024-10,0.2572787678822181,-0.1,0.3572787678822181,0.3572787678822181,0.1276481179794359,2024-09,2024-10-24T01:30:00+00:00,25.0,pseudo_real_time,
twentieth,union,category_factor,2024-11,-0.0633326283259159,-0.1,0.036667371674084,0.036667371674084,0.0013444961454854,2024-10,2024-11-24T01:30:00+00:00,25.0,pseudo_real_time,
twentieth,union,category_factor,2024-12,-0.0564829781419219,-0.1,0.043517021858078,0.043517021858078,0.0018937311913964,2024-11,2024-12-24T01:30:00+00:00,25.0,pseudo_real_time,
twentieth,union,category_factor,2025-01,-0.1108556679666697,-0.2,0.0891443320333302,0.0891443320333302,0.0079467119336686,2024-12,2025-01-24T01:30:00+00:00,25.0,pseudo_real_time,
twentieth,union,category_factor,2025-02,0.0259951207572444,-0.1,0.1259951207572444,0.1259951207572444,0.0158747704546326,2025-01,2025-02-24T01:30:00+00:00,25.0,pseudo_real_time,
twentieth,union,category_factor,2025-03,-0.0588622278161555,-0.4,0.3411377721838444,0.3411377721838444,0.1163749796105565,2025-02,2025-03-24T01:30:00+00:00,25.0,pseudo_real_time,
twentieth,union,category_factor,2025-04,-0.4062642448915722,-0.4,-0.0062642448915721,0.0062642448915721,3.924076406158815e-05,2025-03,2025-04-24T01:30:00+00:00,25.0,pseudo_real_time,
twentieth,union,category_factor,2025-05,-0.2370254961766744,-0.4,0.1629745038233256,0.1629745038233256,0.0265606888964591,2025-04,2025-05-24T01:30:00+00:00,25.0,pseudo_real_time,
twentieth,union,category_factor,2025-06,-0.285891366844555,-0.4,0.114108633155445,0.114108633155445,0.0130207801606039,2025-05,2025-06-24T01:30:00+00:00,25.0,pseudo_real_time,
twentieth,union,category_factor,2025-07,-0.0049927237511417,-0.2,0.1950072762488582,0.1950072762488582,0.0380278377899985,2025-06,2025-07-24T01:30:00+00:00,25.0,pseudo_real_time,
twentieth,union,category_factor,2025-08,0.172607931537891,0.0,0.172607931537891,0.172607931537891,0.0297934980297892,2025-07,2025-08-24T01:30:00+00:00,25.0,pseudo_real_time,
twentieth,union,category_factor,2025-09,-0.1542239941147751,0.0,-0.1542239941147751,0.1542239941147751,0.0237850403607141,2025-08,2025-09-24T01:30:00+00:00,25.0,pseudo_real_time,
twentieth,union,category_factor,2025-10,-0.1410647366562947,0.1,-0.2410647366562947,0.2410647366562947,0.0581122072591687,2025-09,2025-10-24T01:30:00+00:00,25.0,pseudo_real_time,
twentieth,union,category_factor,2025-11,0.2731371308608746,0.1,0.1731371308608746,0.1731371308608746,0.0299764660827356,2025-10,2025-11-24T01:30:00+00:00,25.0,pseudo_real_time,
twentieth,union,category_factor,2025-12,-0.0915142313125516,0.2,-0.2915142313125516,0.2915142313125516,0.0849805470577478,2025-11,2025-12-24T01:30:00+00:00,25.0,pseudo_real_time,
twentieth,union,category_factor,2026-01,-0.0681599820567809,0.4,-0.468159982056781,0.468159982056781,0.2191737687994055,2025-12,2026-01-24T01:30:00+00:00,25.0,pseudo_real_time,
twentieth,union,category_factor,2026-04,0.3469189936523686,1.7,-1.3530810063476313,1.3530810063476313,1.8308282097387183,2026-01,2026-04-24T01:30:00+00:00,25.0,pseudo_real_time,
twentieth,union,category_factor,2026-05,0.1412605372912692,0.5,-0.3587394627087308,0.3587394627087308,0.1286940021045488,2026-04,2026-05-24T01:30:00+00:00,25.0,pseudo_real_time,
twentieth,union,category_factor,2026-06,-0.1361169421490396,-0.3,0.1638830578509603,0.1638830578509603,0.0268576566505812,2026-05,2026-06-24T01:30:00+00:00,25.0,pseudo_real_time,
twentieth,union,category_factor,2026-07,-0.2421799249171212,-0.7,0.4578200750828787,0.4578200750828787,0.2095992211488926,2026-06,2026-07-24T01:30:00+00:00,25.0,pseudo_real_time,
twentieth,union,category_factor,2026-08,0.1408237777295965,0.4,-0.2591762222704035,0.2591762222704035,0.0671723141903575,2026-07,2026-08-24T01:30:00+00:00,25.0,pseudo_real_time,
twentieth,union,sector_first,2016-04,0.147839666084082,0.7,-0.5521603339159179,0.5521603339159179,0.3048810343501379,2016-03,2016-04-25T01:30:00+00:00,5.0,pseudo_real_time,
twentieth,union,sector_first,2016-05,-0.1683750637749156,0.5,-0.6683750637749157,0.6683750637749157,0.4467252258761227,2016-04,2016-05-24T01:30:00+00:00,5.0,pseudo_real_time,
twentieth,union,sector_first,2016-06,-0.1363686297189388,-0.2,0.0636313702810611,0.0636313702810611,0.0040489512838455,2016-05,2016-06-24T01:30:00+00:00,5.0,pseudo_real_time,
twentieth,union,sector_first,2016-07,0.0457772618038955,0.2,-0.1542227381961044,0.1542227381961044,0.0237846529767041,2016-06,2016-07-25T01:30:00+00:00,5.0,pseudo_real_time,
twentieth,union,sector_first,2016-08,0.1860278110698496,0.2,-0.0139721889301503,0.0139721889301503,0.0001952220634998,2016-07,2016-08-24T01:30:00+00:00,5.0,pseudo_real_time,
twentieth,union,sector_first,2016-09,0.6995800577710523,0.5,0.1995800577710522,0.1995800577710522,0.0398321994598965,2016-08,2016-09-26T01:30:00+00:00,5.0,pseudo_real_time,
twentieth,union,sector_first,2016-10,0.7329521146200262,0.7,0.0329521146200262,0.0329521146200262,0.0010858418579313,2016-09,2016-10-24T01:30:00+00:00,5.0,pseudo_real_time,
twentieth,union,sector_first,2016-11,1.4691692542525532,1.5,-0.0308307457474468,0.0308307457474468,0.0009505348833437,2016-10,2016-11-24T01:30:00+00:00,5.0,pseudo_real_time,
twentieth,union,sector_first,2016-12,0.8362229517454515,1.6,-0.7637770482545486,0.7637770482545486,0.5833553794404311,2016-11,2016-12-26T01:30:00+00:00,5.0,pseudo_real_time,
twentieth,union,sector_first,2017-01,0.2306849175443601,0.8,-0.5693150824556399,0.5693150824556399,0.324119663111472,2016-12,2017-01-24T01:30:00+00:00,5.0,pseudo_real_time,
twentieth,union,sector_first,2017-02,0.2194677143685818,0.6,-0.3805322856314181,0.3805322856314181,0.1448048204078712,2017-01,2017-02-24T01:30:00+00:00,5.0,pseudo_real_time,
twentieth,union,sector_first,2017-03,-0.2154676145785799,0.3,-0.5154676145785799,0.5154676145785799,0.2657068616793314,2017-02,2017-03-24T01:30:00+00:00,5.0,pseudo_real_time,
twentieth,union,sector_first,2017-04,-0.5240899829505612,-0.4,-0.1240899829505611,0.1240899829505611,0.0153983238686705,2017-03,2017-04-24T01:30:00+00:00,5.0,pseudo_real_time,
twentieth,union,sector_first,2017-05,-0.2682318554874577,-0.3,0.0317681445125422,0.0317681445125422,0.0010092150057697,2017-04,2017-05-24T01:30:00+00:00,5.0,pseudo_real_time,
twentieth,union,sector_first,2017-06,-0.4325338394202851,-0.2,-0.2325338394202851,0.2325338394202851,0.0540719864755389,2017-05,2017-06-26T01:30:00+00:00,5.0,pseudo_real_time,
twentieth,union,sector_first,2017-07,0.2607991605953996,0.2,0.0607991605953995,0.0607991605953995,0.0036965379291051,2017-06,2017-07-24T01:30:00+00:00,5.0,pseudo_real_time,
twentieth,union,sector_first,2017-08,0.9160739504800166,0.9,0.0160739504800165,0.0160739504800165,0.000258371884034,2017-07,2017-08-24T01:30:00+00:00,5.0,pseudo_real_time,
twentieth,union,sector_first,2017-09,0.9407593356245711,1.0,-0.0592406643754288,0.0592406643754288,0.0035094563156422,2017-08,2017-09-25T01:30:00+00:00,5.0,pseudo_real_time,
twentieth,union,sector_first,2017-10,0.8735563340373562,0.7,0.1735563340373562,0.1735563340373562,0.0301218010844863,2017-09,2017-10-24T01:30:00+00:00,5.0,pseudo_real_time,
twentieth,union,sector_first,2017-11,0.2459865140684066,0.5,-0.2540134859315933,0.2540134859315933,0.0645228510351197,2017-10,2017-11-24T01:30:00+00:00,5.0,pseudo_real_time,
twentieth,union,sector_first,2017-12,0.9644345747062116,0.8,0.1644345747062117,0.1644345747062117,0.0270387293588127,2017-11,2017-12-25T01:30:00+00:00,5.0,pseudo_real_time,
twentieth,union,sector_first,2018-01,-0.3244183380022812,0.3,-0.6244183380022812,0.6244183380022812,0.3898982608335311,2017-12,2018-01-24T01:30:00+00:00,5.0,pseudo_real_time,
twentieth,union,sector_first,2018-04,-0.0693600995783666,-0.2,0.1306399004216334,0.1306399004216334,0.0170667835821742,2018-01,2018-04-24T01:30:00+00:00,5.0,pseudo_real_time,
twentieth,union,sector_first,2018-05,0.7628543873618724,0.4,0.3628543873618723,0.3628543873618723,0.1316633064277597,2018-04,2018-05-24T01:30:00+00:00,5.0,pseudo_real_time,
twentieth,union,sector_first,2018-06,0.1619942784276848,0.3,-0.1380057215723152,0.1380057215723152,0.0190455791866953,2018-05,2018-06-25T01:30:00+00:00,5.0,pseudo_real_time,
twentieth,union,sector_first,2018-07,0.0715081546717226,0.1,-0.0284918453282773,0.0284918453282773,0.0008117852502104,2018-06,2018-07-24T01:30:00+00:00,5.0,pseudo_real_time,
twentieth,union,sector_first,2018-08,0.3296530606120468,0.4,-0.0703469393879532,0.0703469393879532,0.0049486918812523,2018-07,2018-08-24T01:30:00+00:00,5.0,pseudo_real_time,
twentieth,union,sector_first,2018-09,0.6642097205102198,0.6,0.0642097205102197,0.0642097205102197,0.0041228882080005,2018-08,2018-09-25T01:30:00+00:00,5.0,pseudo_real_time,
twentieth,union,sector_first,2018-10,0.3152080202320579,0.4,-0.0847919797679421,0.0847919797679421,0.0071896798329671,2018-09,2018-10-24T01:30:00+00:00,5.0,pseudo_real_time,
twentieth,union,sector_first,2018-11,-0.5911174917539013,-0.2,-0.3911174917539012,0.3911174917539012,0.152972892355863,2018-10,2018-11-26T01:30:00+00:00,5.0,pseudo_real_time,
twentieth,union,sector_first,2018-12,-0.5607280368747333,-1.0,0.4392719631252667,0.4392719631252667,0.1929598575879257,2018-11,2018-12-24T01:30:00+00:00,5.0,pseudo_real_time,
twentieth,union,sector_first,2019-01,-0.6914482301807242,-0.6,-0.0914482301807242,0.0914482301807242,0.0083627788031867,2018-12,2019-01-24T01:30:00+00:00,5.0,pseudo_real_time,
twentieth,union,sector_first,2019-02,-0.1401417521816699,-0.1,-0.0401417521816699,0.0401417521816699,0.0016113602682146,2019-01,2019-02-25T01:30:00+00:00,5.0,pseudo_real_time,
twentieth,union,sector_first,2019-03,0.2026478651472861,0.1,0.1026478651472861,0.1026478651472861,0.0105365842192954,2019-02,2019-03-25T01:30:00+00:00,5.0,pseudo_real_time,
twentieth,union,sector_first,2019-04,0.1475047407375668,0.3,-0.1524952592624331,0.1524952592624331,0.0232548040975166,2019-03,2019-04-24T01:30:00+00:00,5.0,pseudo_real_time,
twentieth,union,sector_first,2019-07,0.0731475997238911,-0.2,0.2731475997238911,0.2731475997238911,0.074609611234923,2019-04,2019-07-24T01:30:00+00:00,5.0,pseudo_real_time,
twentieth,union,sector_first,2019-08,-0.1799380795854015,-0.1,-0.0799380795854015,0.0799380795854015,0.0063900965678019,2019-07,2019-08-26T01:30:00+00:00,5.0,pseudo_real_time,
twentieth,union,sector_first,2019-09,0.3983182311418263,0.1,0.2983182311418263,0.2983182311418263,0.0889937670315881,2019-08,2019-09-24T01:30:00+00:00,5.0,pseudo_real_time,
twentieth,union,sector_first,2019-10,0.0562418706376857,0.1,-0.0437581293623142,0.0437581293623142,0.001914773885289,2019-09,2019-10-24T01:30:00+00:00,5.0,pseudo_real_time,
twentieth,union,sector_first,2019-11,-0.2058440810821855,-0.1,-0.1058440810821855,0.1058440810821855,0.0112029695001322,2019-10,2019-11-25T01:30:00+00:00,5.0,pseudo_real_time,
twentieth,union,sector_first,2019-12,0.0799710674945162,0.0,0.0799710674945162,0.0799710674945162,0.0063953716362124,2019-11,2019-12-24T01:30:00+00:00,5.0,pseudo_real_time,
twentieth,union,sector_first,2020-01,-0.1936010869666242,0.0,-0.1936010869666242,0.1936010869666242,0.0374813808746583,2019-12,2020-01-23T01:30:00+00:00,5.0,pseudo_real_time,
twentieth,union,sector_first,2020-02,-0.347038425168495,-0.5,0.152961574831505,0.152961574831505,0.0233972433749341,2020-01,2020-02-24T01:30:00+00:00,5.0,pseudo_real_time,
twentieth,union,sector_first,2020-03,-0.4921934536578276,-1.0,0.5078065463421724,0.5078065463421724,0.2578674885079648,2020-02,2020-03-24T01:30:00+00:00,5.0,pseudo_real_time,
twentieth,union,sector_first,2020-04,-0.6207549001078612,-1.3,0.6792450998921389,0.6792450998921389,0.4613739057274817,2020-03,2020-04-24T01:30:00+00:00,5.0,pseudo_real_time,
twentieth,union,sector_first,2020-05,-0.4000503960905272,-0.4,-5.039609052720495e-05,5.039609052720495e-05,2.5397659404262366e-09,2020-04,2020-05-25T01:30:00+00:00,5.0,pseudo_real_time,
twentieth,union,sector_first,2020-06,0.2328787400742517,0.4,-0.1671212599257482,0.1671212599257482,0.0279295155191695,2020-05,2020-06-24T01:30:00+00:00,5.0,pseudo_real_time,
twentieth,union,sector_first,2020-07,0.2752655693315152,0.4,-0.1247344306684848,0.1247344306684848,0.015558678194191,2020-06,2020-07-24T01:30:00+00:00,5.0,pseudo_real_time,
twentieth,union,sector_first,2020-08,0.4850238244754451,0.3,0.1850238244754451,0.1850238244754451,0.0342338156235203,2020-07,2020-08-24T01:30:00+00:00,5.0,pseudo_real_time,
twentieth,union,sector_first,2020-09,0.4033583393041683,0.1,0.3033583393041683,0.3033583393041683,0.0920262820253829,2020-08,2020-09-24T01:30:00+00:00,5.0,pseudo_real_time,
twentieth,union,sector_first,2020-10,0.3890115354693611,0.0,0.3890115354693611,0.3890115354693611,0.15132997472823,2020-09,2020-10-26T01:30:00+00:00,5.0,pseudo_real_time,
twentieth,union,sector_first,2020-11,0.7685589014813853,0.5,0.2685589014813853,0.2685589014813853,0.0721238835648884,2020-10,2020-11-24T01:30:00+00:00,5.0,pseudo_real_time,
twentieth,union,sector_first,2020-12,1.3307537117922126,1.1,0.2307537117922125,0.2307537117922125,0.0532472755058834,2020-11,2020-12-24T01:30:00+00:00,5.0,pseudo_real_time,
twentieth,union,sector_first,2021-01,1.052821038267482,1.0,0.052821038267482,0.052821038267482,0.0027900620836548,2020-12,2021-01-25T01:30:00+00:00,5.0,pseudo_real_time,
twentieth,union,sector_first,2021-04,0.4515986891608949,0.9,-0.4484013108391051,0.4484013108391051,0.2010637355622277,2021-01,2021-04-25T01:30:00+00:00,5.0,pseudo_real_time,
twentieth,union,sector_first,2021-05,1.558479435531027,1.6,-0.0415205644689731,0.0415205644689731,0.0017239572738221,2021-04,2021-05-24T01:30:00+00:00,5.0,pseudo_real_time,
twentieth,union,sector_first,2021-06,0.0369736482325122,0.3,-0.2630263517674878,0.2630263517674878,0.0691828617241142,2021-05,2021-06-24T01:30:00+00:00,5.0,pseudo_real_time,
twentieth,union,sector_first,2021-07,0.5238952477732297,0.5,0.0238952477732297,0.0238952477732297,0.000570982866144,2021-06,2021-07-26T01:30:00+00:00,5.0,pseudo_real_time,
twentieth,union,sector_first,2021-08,0.5429108901163042,0.7,-0.1570891098836957,0.1570891098836957,0.0246769884440518,2021-07,2021-08-24T01:30:00+00:00,5.0,pseudo_real_time,
twentieth,union,sector_first,2021-09,1.1617734328571898,1.2,-0.0382265671428101,0.0382265671428101,0.0014612704355237,2021-08,2021-09-24T01:30:00+00:00,5.0,pseudo_real_time,
twentieth,union,sector_first,2021-10,2.754305136471141,2.5,0.2543051364711415,0.2543051364711415,0.0646711024356059,2021-09,2021-10-25T01:30:00+00:00,5.0,pseudo_real_time,
twentieth,union,sector_first,2021-11,-1.7993793085407452,0.0,-1.7993793085407452,1.7993793085407452,3.2377658960045705,2021-10,2021-11-24T01:30:00+00:00,5.0,pseudo_real_time,
twentieth,union,sector_first,2021-12,-0.94164824143008,-1.2,0.25835175856992,0.25835175856992,0.0667456311561702,2021-11,2021-12-24T01:30:00+00:00,5.0,pseudo_real_time,
twentieth,union,sector_first,2022-01,-0.1254378243479244,-0.2,0.0745621756520755,0.0745621756520755,0.0055595180379709,2021-12,2022-01-24T01:30:00+00:00,5.0,pseudo_real_time,
twentieth,union,sector_first,2022-02,0.6313948203239373,0.5,0.1313948203239373,0.1313948203239373,0.0172645988079597,2022-01,2022-02-24T01:30:00+00:00,5.0,pseudo_real_time,
twentieth,union,sector_first,2022-03,0.4736304173647676,1.1,-0.6263695826352325,0.6263695826352325,0.3923388540506353,2022-02,2022-03-24T01:30:00+00:00,5.0,pseudo_real_time,
twentieth,union,sector_first,2022-04,-0.111494682891228,0.6,-0.7114946828912281,0.7114946828912281,0.5062246837824892,2022-03,2022-04-24T01:30:00+00:00,5.0,pseudo_real_time,
twentieth,union,sector_first,2022-05,0.306996938777392,0.1,0.2069969387773919,0.2069969387773919,0.0428477326632113,2022-04,2022-05-24T01:30:00+00:00,5.0,pseudo_real_time,
twentieth,union,sector_first,2022-06,-0.2638338243322842,0.0,-0.2638338243322842,0.2638338243322842,0.0696082868617986,2022-05,2022-06-24T01:30:00+00:00,25.0,pseudo_real_time,
twentieth,union,sector_first,2022-07,-1.413682231537934,-1.3,-0.113682231537934,0.113682231537934,0.0129236497674444,2022-06,2022-07-24T01:30:00+00:00,5.0,pseudo_real_time,
twentieth,union,sector_first,2022-08,-0.2739350797381135,-1.2,0.9260649202618864,0.9260649202618864,0.8575962365396541,2022-07,2022-08-24T01:30:00+00:00,25.0,pseudo_real_time,
twentieth,union,sector_first,2022-09,0.2242483652230368,-0.1,0.3242483652230368,0.3242483652230368,0.1051370023498118,2022-08,2022-09-24T01:30:00+00:00,25.0,pseudo_real_time,
twentieth,union,sector_first,2022-10,0.2889640478818769,0.2,0.0889640478818769,0.0889640478818769,0.0079146018155288,2022-09,2022-10-24T01:30:00+00:00,25.0,pseudo_real_time,
twentieth,union,sector_first,2022-11,-0.5539495269080263,0.1,-0.6539495269080263,0.6539495269080263,0.4276499837432314,2022-10,2022-11-24T01:30:00+00:00,25.0,pseudo_real_time,
twentieth,union,sector_first,2022-12,-0.1479027517307239,-0.5,0.3520972482692761,0.3520972482692761,0.1239724722387962,2022-11,2022-12-24T01:30:00+00:00,25.0,pseudo_real_time,
twentieth,union,sector_first,2023-01,-0.3836423151959891,-0.4,0.0163576848040108,0.0163576848040108,0.0002675738521473,2022-12,2023-01-24T01:30:00+00:00,25.0,pseudo_real_time,
twentieth,union,sector_first,2023-02,-0.1474452178488416,0.0,-0.1474452178488416,0.1474452178488416,0.0217400922664923,2023-01,2023-02-24T01:30:00+00:00,25.0,pseudo_real_time,
twentieth,union,sector_first,2023-03,-0.3333751616617879,0.0,-0.3333751616617879,0.3333751616617879,0.1111389984130232,2023-02,2023-03-24T01:30:00+00:00,25.0,pseudo_real_time,
twentieth,union,sector_first,2023-04,-0.6150874621346472,-0.5,-0.1150874621346471,0.1150874621346471,0.0132451239405938,2023-03,2023-04-24T01:30:00+00:00,25.0,pseudo_real_time,
twentieth,union,sector_first,2023-05,-1.0914277558053376,-0.9,-0.1914277558053375,0.1914277558053375,0.0366445856926679,2023-04,2023-05-24T01:30:00+00:00,25.0,pseudo_real_time,
twentieth,union,sector_first,2023-06,-0.8138888316387054,-0.8,-0.0138888316387053,0.0138888316387053,0.0001928996442883,2023-05,2023-06-24T01:30:00+00:00,25.0,pseudo_real_time,
twentieth,union,sector_first,2023-07,0.4120607386665977,-0.2,0.6120607386665977,0.6120607386665977,0.3746183478171012,2023-06,2023-07-24T01:30:00+00:00,25.0,pseudo_real_time,
twentieth,union,sector_first,2023-08,0.8005588624527458,0.2,0.6005588624527458,0.6005588624527458,0.360670947270536,2023-07,2023-08-24T01:30:00+00:00,25.0,pseudo_real_time,
twentieth,union,sector_first,2023-09,0.4001630874879469,0.4,0.0001630874879468,0.0001630874879468,2.6597528724815837e-08,2023-08,2023-09-24T01:30:00+00:00,25.0,pseudo_real_time,
twentieth,union,sector_first,2023-10,-0.0602339416484358,0.0,-0.0602339416484358,0.0602339416484358,0.0036281277265071,2023-09,2023-10-24T01:30:00+00:00,25.0,pseudo_real_time,
twentieth,union,sector_first,2023-11,0.0269705235459767,-0.3,0.3269705235459766,0.3269705235459766,0.10690972326793,2023-10,2023-11-24T01:30:00+00:00,25.0,pseudo_real_time,
twentieth,union,sector_first,2023-12,-0.1532400217348759,-0.3,0.146759978265124,0.146759978265124,0.0215384912203796,2023-11,2023-12-24T01:30:00+00:00,25.0,pseudo_real_time,
twentieth,union,sector_first,2024-01,-0.359202495712892,-0.2,-0.159202495712892,0.159202495712892,0.0253454346412134,2023-12,2024-01-24T01:30:00+00:00,25.0,pseudo_real_time,
twentieth,union,sector_first,2024-04,0.072470251541861,-0.2,0.272470251541861,0.272470251541861,0.074240037975285,2024-01,2024-04-24T01:30:00+00:00,25.0,pseudo_real_time,
twentieth,union,sector_first,2024-05,0.113283833778761,0.2,-0.0867161662212389,0.0867161662212389,0.0075196934841095,2024-04,2024-05-24T01:30:00+00:00,25.0,pseudo_real_time,
twentieth,union,sector_first,2024-06,0.3616173260246649,0.1,0.2616173260246649,0.2616173260246649,0.0684436252762958,2024-05,2024-06-24T01:30:00+00:00,25.0,pseudo_real_time,
twentieth,union,sector_first,2024-07,-0.1186516860280809,-0.2,0.081348313971919,0.081348313971919,0.0066175481860739,2024-06,2024-07-24T01:30:00+00:00,25.0,pseudo_real_time,
twentieth,union,sector_first,2024-08,-0.4473606060903387,-0.7,0.2526393939096613,0.2526393939096613,0.063826663355041,2024-07,2024-08-24T01:30:00+00:00,25.0,pseudo_real_time,
twentieth,union,sector_first,2024-09,-0.205976230468985,-0.6,0.3940237695310149,0.3940237695310149,0.1552547309554303,2024-08,2024-09-24T01:30:00+00:00,25.0,pseudo_real_time,
twentieth,union,sector_first,2024-10,0.2503222708901292,-0.1,0.3503222708901292,0.3503222708901292,0.122725693481617,2024-09,2024-10-24T01:30:00+00:00,25.0,pseudo_real_time,
twentieth,union,sector_first,2024-11,-0.1468258986781538,-0.1,-0.0468258986781537,0.0468258986781537,0.0021926647870167,2024-10,2024-11-24T01:30:00+00:00,25.0,pseudo_real_time,
twentieth,union,sector_first,2024-12,-0.0079383720715288,-0.1,0.0920616279284711,0.0920616279284711,0.0084753433368402,2024-11,2024-12-24T01:30:00+00:00,25.0,pseudo_real_time,
twentieth,union,sector_first,2025-01,-0.1144250592962325,-0.2,0.0855749407037674,0.0855749407037674,0.0073230704764533,2024-12,2025-01-24T01:30:00+00:00,25.0,pseudo_real_time,
twentieth,union,sector_first,2025-02,0.0217207719364223,-0.1,0.1217207719364223,0.1217207719364223,0.0148159463207985,2025-01,2025-02-24T01:30:00+00:00,25.0,pseudo_real_time,
twentieth,union,sector_first,2025-03,0.1190356535459812,-0.4,0.5190356535459812,0.5190356535459812,0.2693980096519038,2025-02,2025-03-24T01:30:00+00:00,25.0,pseudo_real_time,
twentieth,union,sector_first,2025-04,-0.356478644744114,-0.4,0.043521355255886,0.043521355255886,0.001894108363309,2025-03,2025-04-24T01:30:00+00:00,25.0,pseudo_real_time,
twentieth,union,sector_first,2025-05,-0.2702085193015795,-0.4,0.1297914806984205,0.1297914806984205,0.0168458284618884,2025-04,2025-05-24T01:30:00+00:00,25.0,pseudo_real_time,
twentieth,union,sector_first,2025-06,-0.2849789359196913,-0.4,0.1150210640803086,0.1150210640803086,0.0132298451821664,2025-05,2025-06-24T01:30:00+00:00,25.0,pseudo_real_time,
twentieth,union,sector_first,2025-07,-0.0327856730484233,-0.2,0.1672143269515766,0.1672143269515766,0.0279606311378687,2025-06,2025-07-24T01:30:00+00:00,25.0,pseudo_real_time,
twentieth,union,sector_first,2025-08,0.0934138382271577,0.0,0.0934138382271577,0.0934138382271577,0.0087261451723295,2025-07,2025-08-24T01:30:00+00:00,25.0,pseudo_real_time,
twentieth,union,sector_first,2025-09,-0.1398892867101346,0.0,-0.1398892867101346,0.1398892867101346,0.0195690125362702,2025-08,2025-09-24T01:30:00+00:00,25.0,pseudo_real_time,
twentieth,union,sector_first,2025-10,-0.2060548119411903,0.1,-0.3060548119411903,0.3060548119411903,0.0936695479123573,2025-09,2025-10-24T01:30:00+00:00,25.0,pseudo_real_time,
twentieth,union,sector_first,2025-11,0.2532650469609062,0.1,0.1532650469609061,0.1532650469609061,0.0234901746199287,2025-10,2025-11-24T01:30:00+00:00,25.0,pseudo_real_time,
twentieth,union,sector_first,2025-12,0.0039050884849698,0.2,-0.1960949115150301,0.1960949115150301,0.0384532143220875,2025-11,2025-12-24T01:30:00+00:00,25.0,pseudo_real_time,
twentieth,union,sector_first,2026-01,-0.1008475112805052,0.4,-0.5008475112805053,0.5008475112805053,0.2508482295558759,2025-12,2026-01-24T01:30:00+00:00,25.0,pseudo_real_time,
twentieth,union,sector_first,2026-04,1.0867872012324478,1.7,-0.6132127987675522,0.6132127987675522,0.3760299365723344,2026-01,2026-04-24T01:30:00+00:00,25.0,pseudo_real_time,
twentieth,union,sector_first,2026-05,0.6999657742602591,0.5,0.199965774260259,0.199965774260259,0.0399863108755048,2026-04,2026-05-24T01:30:00+00:00,25.0,pseudo_real_time,
twentieth,union,sector_first,2026-06,0.3306257176433756,-0.3,0.6306257176433756,0.6306257176433756,0.3976887957532224,2026-05,2026-06-24T01:30:00+00:00,25.0,pseudo_real_time,
twentieth,union,sector_first,2026-07,0.1844037884368648,-0.7,0.8844037884368647,0.8844037884368647,0.7821700610014786,2026-06,2026-07-24T01:30:00+00:00,25.0,pseudo_real_time,
twentieth,union,sector_first,2026-08,0.5688895152382233,0.4,0.1688895152382232,0.1688895152382232,0.028523668357402,2026-07,2026-08-24T01:30:00+00:00,25.0,pseudo_real_time,
twentieth,union,random_forest,2016-04,-0.2534320068820069,0.7,-0.9534320068820068,0.9534320068820068,0.9090325917470512,2016-03,2016-04-25T01:30:00+00:00,4.0,pseudo_real_time,
twentieth,union,random_forest,2016-05,-0.2234004218004218,0.5,-0.7234004218004219,0.7234004218004219,0.5233081702610283,2016-04,2016-05-24T01:30:00+00:00,4.0,pseudo_real_time,
twentieth,union,random_forest,2016-06,-0.1513238761238761,-0.2,0.0486761238761238,0.0486761238761238,0.0023693650356037,2016-05,2016-06-24T01:30:00+00:00,4.0,pseudo_real_time,
twentieth,union,random_forest,2016-07,-0.0673547979797979,0.2,-0.267354797979798,0.267354797979798,0.0714785880028186,2016-06,2016-07-25T01:30:00+00:00,4.0,pseudo_real_time,
twentieth,union,random_forest,2016-08,-0.0147599511599511,0.2,-0.2147599511599511,0.2147599511599511,0.0461218366222246,2016-07,2016-08-24T01:30:00+00:00,4.0,pseudo_real_time,
twentieth,union,random_forest,2016-09,0.2021518093018093,0.5,-0.2978481906981907,0.2978481906981907,0.0887135447021857,2016-08,2016-09-26T01:30:00+00:00,4.0,pseudo_real_time,
twentieth,union,random_forest,2016-10,0.348511507936508,0.7,-0.3514884920634919,0.3514884920634919,0.1235441600530674,2016-09,2016-10-24T01:30:00+00:00,4.0,pseudo_real_time,
twentieth,union,random_forest,2016-11,0.4093876096126095,1.5,-1.0906123903873906,1.0906123903873906,1.189435386066498,2016-10,2016-11-24T01:30:00+00:00,4.0,pseudo_real_time,
twentieth,union,random_forest,2016-12,0.2771948495948496,1.6,-1.3228051504051506,1.3228051504051506,1.749813465938393,2016-11,2016-12-26T01:30:00+00:00,4.0,pseudo_real_time,
twentieth,union,random_forest,2017-01,-0.1221879342879343,0.8,-0.9221879342879344,0.9221879342879344,0.8504305861462474,2016-12,2017-01-24T01:30:00+00:00,4.0,pseudo_real_time,
twentieth,union,random_forest,2017-02,0.3539075258075257,0.6,-0.2460924741924742,0.2460924741924742,0.0605615058541735,2017-01,2017-02-24T01:30:00+00:00,4.0,pseudo_real_time,
twentieth,union,random_forest,2017-03,0.3450104423354423,0.3,0.0450104423354423,0.0450104423354423,0.0020259399192321,2017-02,2017-03-24T01:30:00+00:00,4.0,pseudo_real_time,
twentieth,union,random_forest,2017-04,0.2781524309024309,-0.4,0.6781524309024309,0.6781524309024309,0.4598907195388764,2017-03,2017-04-24T01:30:00+00:00,4.0,pseudo_real_time,
twentieth,union,random_forest,2017-05,0.0780160799984329,-0.3,0.3780160799984329,0.3780160799984329,0.1428961567373816,2017-04,2017-05-24T01:30:00+00:00,4.0,pseudo_real_time,
twentieth,union,random_forest,2017-06,-0.0389873833682657,-0.2,0.1610126166317342,0.1610126166317342,0.0259250627145978,2017-05,2017-06-26T01:30:00+00:00,4.0,pseudo_real_time,
twentieth,union,random_forest,2017-07,0.517139794927295,0.2,0.317139794927295,0.317139794927295,0.1005776495265267,2017-06,2017-07-24T01:30:00+00:00,4.0,pseudo_real_time,
twentieth,union,random_forest,2017-08,0.6003112054612054,0.9,-0.2996887945387946,0.2996887945387946,0.0898133735721158,2017-07,2017-08-24T01:30:00+00:00,4.0,pseudo_real_time,
twentieth,union,random_forest,2017-09,0.6098859015984015,1.0,-0.3901140984015985,0.3901140984015985,0.152189009771692,2017-08,2017-09-25T01:30:00+00:00,4.0,pseudo_real_time,
twentieth,union,random_forest,2017-10,0.1465631221719456,0.7,-0.5534368778280543,0.5534368778280543,0.3062923777400647,2017-09,2017-10-24T01:30:00+00:00,4.0,pseudo_real_time,
twentieth,union,random_forest,2017-11,0.2414876157339393,0.5,-0.2585123842660607,0.2585123842660607,0.0668286528189234,2017-10,2017-11-24T01:30:00+00:00,4.0,pseudo_real_time,
twentieth,union,random_forest,2017-12,0.5007482162445398,0.8,-0.2992517837554602,0.2992517837554602,0.0895516300808247,2017-11,2017-12-25T01:30:00+00:00,4.0,pseudo_real_time,
twentieth,union,random_forest,2018-01,0.1085665984342455,0.3,-0.1914334015657545,0.1914334015657545,0.0366467472350354,2017-12,2018-01-24T01:30:00+00:00,4.0,pseudo_real_time,
twentieth,union,random_forest,2018-04,0.1435997544122544,-0.2,0.3435997544122544,0.3435997544122544,0.1180607912321615,2018-01,2018-04-24T01:30:00+00:00,4.0,pseudo_real_time,
twentieth,union,random_forest,2018-05,0.3806270535020537,0.4,-0.0193729464979462,0.0193729464979462,0.0003753110560122,2018-04,2018-05-24T01:30:00+00:00,4.0,pseudo_real_time,
twentieth,union,random_forest,2018-06,0.1862562279224043,0.3,-0.1137437720775956,0.1137437720775956,0.01293764568644,2018-05,2018-06-25T01:30:00+00:00,4.0,pseudo_real_time,
twentieth,union,random_forest,2018-07,0.24443735014985,0.1,0.14443735014985,0.14443735014985,0.0208621481183103,2018-06,2018-07-24T01:30:00+00:00,4.0,pseudo_real_time,
twentieth,union,random_forest,2018-08,0.3985254617114912,0.4,-0.0014745382885087,0.0014745382885087,2.1742631642784543e-06,2018-07,2018-08-24T01:30:00+00:00,4.0,pseudo_real_time,
twentieth,union,random_forest,2018-09,0.5765704684204686,0.6,-0.0234295315795314,0.0234295315795314,0.0005489429500362,2018-08,2018-09-25T01:30:00+00:00,4.0,pseudo_real_time,
twentieth,union,random_forest,2018-10,0.2288076479076479,0.4,-0.1711923520923521,0.1711923520923521,0.0293068214149118,2018-09,2018-10-24T01:30:00+00:00,4.0,pseudo_real_time,
twentieth,union,random_forest,2018-11,-0.0052617729492729,-0.2,0.194738227050727,0.194738227050727,0.0379229770748605,2018-10,2018-11-26T01:30:00+00:00,4.0,pseudo_real_time,
twentieth,union,random_forest,2018-12,-0.0862879184540949,-1.0,0.913712081545905,0.913712081545905,0.8348697679629505,2018-11,2018-12-24T01:30:00+00:00,4.0,pseudo_real_time,
twentieth,union,random_forest,2019-01,-0.0368095623330917,-0.6,0.5631904376669082,0.5631904376669082,0.3171834690794436,2018-12,2019-01-24T01:30:00+00:00,4.0,pseudo_real_time,
twentieth,union,random_forest,2019-02,0.2520612792951804,-0.1,0.3520612792951804,0.3520612792951804,0.123947144378959,2019-01,2019-02-25T01:30:00+00:00,4.0,pseudo_real_time,
twentieth,union,random_forest,2019-03,0.1994066360153434,0.1,0.0994066360153433,0.0994066360153433,0.0098816792838869,2019-02,2019-03-25T01:30:00+00:00,4.0,pseudo_real_time,
twentieth,union,random_forest,2019-04,0.1551348551001802,0.3,-0.1448651448998197,0.1448651448998197,0.0209859102068457,2019-03,2019-04-24T01:30:00+00:00,4.0,pseudo_real_time,
twentieth,union,random_forest,2019-07,0.0341553691922112,-0.2,0.2341553691922113,0.2341553691922113,0.0548287369215407,2019-04,2019-07-24T01:30:00+00:00,4.0,pseudo_real_time,
twentieth,union,random_forest,2019-08,0.0948558913308913,-0.1,0.1948558913308913,0.1948558913308913,0.0379688183863561,2019-07,2019-08-26T01:30:00+00:00,4.0,pseudo_real_time,
twentieth,union,random_forest,2019-09,0.1128530335172517,0.1,0.0128530335172517,0.0128530335172517,0.0001652004705955,2019-08,2019-09-24T01:30:00+00:00,4.0,pseudo_real_time,
twentieth,union,random_forest,2019-10,-0.2885975659142908,0.1,-0.3885975659142908,0.3885975659142908,0.1510080682345116,2019-09,2019-10-24T01:30:00+00:00,4.0,pseudo_real_time,
twentieth,union,random_forest,2019-11,-0.3017414376418185,-0.1,-0.2017414376418184,0.2017414376418184,0.0406996076617877,2019-10,2019-11-25T01:30:00+00:00,4.0,pseudo_real_time,
twentieth,union,random_forest,2019-12,-0.0227773671980193,0.0,-0.0227773671980193,0.0227773671980193,0.0005188084564734,2019-11,2019-12-24T01:30:00+00:00,4.0,pseudo_real_time,
twentieth,union,random_forest,2020-01,-0.1006956435035702,0.0,-0.1006956435035702,0.1006956435035702,0.0101396126205981,2019-12,2020-01-23T01:30:00+00:00,4.0,pseudo_real_time,
twentieth,union,random_forest,2020-02,-0.1514330122655123,-0.5,0.3485669877344877,0.3485669877344877,0.1214989449382945,2020-01,2020-02-24T01:30:00+00:00,4.0,pseudo_real_time,
twentieth,union,random_forest,2020-03,-0.1591651453265209,-1.0,0.8408348546734791,0.8408348546734791,0.7070032528337706,2020-02,2020-03-24T01:30:00+00:00,4.0,pseudo_real_time,
twentieth,union,random_forest,2020-04,-0.4453816347124669,-1.3,0.8546183652875332,0.8546183652875332,0.7303725502867355,2020-03,2020-04-24T01:30:00+00:00,4.0,pseudo_real_time,
twentieth,union,random_forest,2020-05,-0.1073277237062958,-0.4,0.2926722762937042,0.2926722762937042,0.0856570613109383,2020-04,2020-05-25T01:30:00+00:00,4.0,pseudo_real_time,
twentieth,union,random_forest,2020-06,-0.1244258372691008,0.4,-0.5244258372691009,0.5244258372691009,0.2750224587953974,2020-05,2020-06-24T01:30:00+00:00,4.0,pseudo_real_time,
twentieth,union,random_forest,2020-07,-0.1280721021813623,0.4,-0.5280721021813624,0.5280721021813624,0.2788601451022432,2020-06,2020-07-24T01:30:00+00:00,4.0,pseudo_real_time,
twentieth,union,random_forest,2020-08,0.1956523194481509,0.3,-0.104347680551849,0.104347680551849,0.0108884384365507,2020-07,2020-08-24T01:30:00+00:00,4.0,pseudo_real_time,
twentieth,union,random_forest,2020-09,0.1754666625663563,0.1,0.0754666625663562,0.0754666625663562,0.0056952171589042,2020-08,2020-09-24T01:30:00+00:00,4.0,pseudo_real_time,
twentieth,union,random_forest,2020-10,0.0795830284943664,0.0,0.0795830284943664,0.0795830284943664,0.0063334584243351,2020-09,2020-10-26T01:30:00+00:00,4.0,pseudo_real_time,
twentieth,union,random_forest,2020-11,0.3337440931981602,0.5,-0.1662559068018398,0.1662559068018398,0.027641026546502,2020-10,2020-11-24T01:30:00+00:00,4.0,pseudo_real_time,
twentieth,union,random_forest,2020-12,0.5952077530312825,1.1,-0.5047922469687176,0.5047922469687176,0.2548152125997268,2020-11,2020-12-24T01:30:00+00:00,4.0,pseudo_real_time,
twentieth,union,random_forest,2021-01,0.5971096576462753,1.0,-0.4028903423537247,0.4028903423537247,0.1623206279619014,2020-12,2021-01-25T01:30:00+00:00,4.0,pseudo_real_time,
twentieth,union,random_forest,2021-04,0.6262690148740149,0.9,-0.2737309851259851,0.2737309851259851,0.0749286522180423,2021-01,2021-04-25T01:30:00+00:00,4.0,pseudo_real_time,
twentieth,union,random_forest,2021-05,0.859968300139048,1.6,-0.7400316998609521,0.7400316998609521,0.5476469167990903,2021-04,2021-05-24T01:30:00+00:00,4.0,pseudo_real_time,
twentieth,union,random_forest,2021-06,-0.2315779662004661,0.3,-0.5315779662004662,0.5315779662004662,0.2825751341498239,2021-05,2021-06-24T01:30:00+00:00,4.0,pseudo_real_time,
twentieth,union,random_forest,2021-07,0.0522145132132267,0.5,-0.4477854867867733,0.4477854867867733,0.2005118421768675,2021-06,2021-07-26T01:30:00+00:00,4.0,pseudo_real_time,
twentieth,union,random_forest,2021-08,0.416726741691964,0.7,-0.2832732583080359,0.2832732583080359,0.0802437388724512,2021-07,2021-08-24T01:30:00+00:00,4.0,pseudo_real_time,
twentieth,union,random_forest,2021-09,0.7391463324257443,1.2,-0.4608536675742556,0.4608536675742556,0.2123861029166425,2021-08,2021-09-24T01:30:00+00:00,4.0,pseudo_real_time,
twentieth,union,random_forest,2021-10,1.0033749964947334,2.5,-1.4966250035052666,1.4966250035052666,2.2398864011171398,2021-09,2021-10-25T01:30:00+00:00,4.0,pseudo_real_time,
twentieth,union,random_forest,2021-11,-0.6131625340302973,0.0,-0.6131625340302973,0.6131625340302973,0.3759682931384555,2021-10,2021-11-24T01:30:00+00:00,4.0,pseudo_real_time,
twentieth,union,random_forest,2021-12,-0.3353163253696061,-1.2,0.8646836746303939,0.8646836746303939,0.7476778571723208,2021-11,2021-12-24T01:30:00+00:00,4.0,pseudo_real_time,
twentieth,union,random_forest,2022-01,-0.0457686033842249,-0.2,0.154231396615775,0.154231396615775,0.0237873237020525,2021-12,2022-01-24T01:30:00+00:00,4.0,pseudo_real_time,
twentieth,union,random_forest,2022-02,0.7108356423049444,0.5,0.2108356423049444,0.2108356423049444,0.0444516680661384,2022-01,2022-02-24T01:30:00+00:00,4.0,pseudo_real_time,
twentieth,union,random_forest,2022-03,0.5882762678450125,1.1,-0.5117237321549876,0.5117237321549876,0.2618611780506295,2022-02,2022-03-24T01:30:00+00:00,4.0,pseudo_real_time,
twentieth,union,random_forest,2022-04,0.6289091456350666,0.6,0.0289091456350666,0.0289091456350666,0.0008357387013494,2022-03,2022-04-24T01:30:00+00:00,4.0,pseudo_real_time,
twentieth,union,random_forest,2022-05,-0.052148823656163,0.1,-0.152148823656163,0.152148823656163,0.0231492645399541,2022-04,2022-05-24T01:30:00+00:00,4.0,pseudo_real_time,
twentieth,union,random_forest,2022-06,-0.0377138143104472,0.0,-0.0377138143104472,0.0377138143104472,0.0014223317898428,2022-05,2022-06-24T01:30:00+00:00,4.0,pseudo_real_time,
twentieth,union,random_forest,2022-07,-0.280314027795556,-1.3,1.019685972204444,1.019685972204444,1.0397594819105225,2022-06,2022-07-24T01:30:00+00:00,4.0,pseudo_real_time,
twentieth,union,random_forest,2022-08,-0.4283035960094598,-1.2,0.7716964039905402,0.7716964039905402,0.595515339931931,2022-07,2022-08-24T01:30:00+00:00,4.0,pseudo_real_time,
twentieth,union,random_forest,2022-09,-0.0600706171558714,-0.1,0.0399293828441286,0.0399293828441286,0.0015943556143129,2022-08,2022-09-24T01:30:00+00:00,4.0,pseudo_real_time,
twentieth,union,random_forest,2022-10,-0.0737640490490426,0.2,-0.2737640490490426,0.2737640490490426,0.0749467545517266,2022-09,2022-10-24T01:30:00+00:00,4.0,pseudo_real_time,
twentieth,union,random_forest,2022-11,-0.7456705858250503,0.1,-0.8456705858250503,0.8456705858250503,0.7151587397296837,2022-10,2022-11-24T01:30:00+00:00,4.0,pseudo_real_time,
twentieth,union,random_forest,2022-12,-0.0861237355142646,-0.5,0.4138762644857354,0.4138762644857354,0.1712935623046663,2022-11,2022-12-24T01:30:00+00:00,4.0,pseudo_real_time,
twentieth,union,random_forest,2023-01,0.5831691491515018,-0.4,0.9831691491515018,0.9831691491515018,0.966621575843288,2022-12,2023-01-24T01:30:00+00:00,4.0,pseudo_real_time,
twentieth,union,random_forest,2023-02,-0.1482058312786977,0.0,-0.1482058312786977,0.1482058312786977,0.0219649684250098,2023-01,2023-02-24T01:30:00+00:00,4.0,pseudo_real_time,
twentieth,union,random_forest,2023-03,0.130037846237942,0.0,0.130037846237942,0.130037846237942,0.0169098414542026,2023-02,2023-03-24T01:30:00+00:00,4.0,pseudo_real_time,
twentieth,union,random_forest,2023-04,-0.1884823974813493,-0.5,0.3115176025186507,0.3115176025186507,0.097043216678968,2023-03,2023-04-24T01:30:00+00:00,4.0,pseudo_real_time,
twentieth,union,random_forest,2023-05,-0.5740242759304678,-0.9,0.3259757240695322,0.3259757240695322,0.1062601726826558,2023-04,2023-05-24T01:30:00+00:00,4.0,pseudo_real_time,
twentieth,union,random_forest,2023-06,-0.4928253724938481,-0.8,0.3071746275061519,0.3071746275061519,0.0943562517835431,2023-05,2023-06-24T01:30:00+00:00,4.0,pseudo_real_time,
twentieth,union,random_forest,2023-07,0.1351403678693916,-0.2,0.3351403678693916,0.3351403678693916,0.1123190661756311,2023-06,2023-07-24T01:30:00+00:00,4.0,pseudo_real_time,
twentieth,union,random_forest,2023-08,0.0593254628648855,0.2,-0.1406745371351145,0.1406745371351145,0.0197893253981787,2023-07,2023-08-24T01:30:00+00:00,4.0,pseudo_real_time,
twentieth,union,random_forest,2023-09,-0.0030968925945011,0.4,-0.4030968925945011,0.4030968925945011,0.1624871048193428,2023-08,2023-09-24T01:30:00+00:00,4.0,pseudo_real_time,
twentieth,union,random_forest,2023-10,-0.545647404119456,0.0,-0.545647404119456,0.545647404119456,0.2977310896223009,2023-09,2023-10-24T01:30:00+00:00,4.0,pseudo_real_time,
twentieth,union,random_forest,2023-11,-0.356527160912907,-0.3,-0.0565271609129069,0.0565271609129069,0.0031953199208736,2023-10,2023-11-24T01:30:00+00:00,4.0,pseudo_real_time,
twentieth,union,random_forest,2023-12,-0.2235437068159591,-0.3,0.0764562931840409,0.0764562931840409,0.005845564767444,2023-11,2023-12-24T01:30:00+00:00,4.0,pseudo_real_time,
twentieth,union,random_forest,2024-01,-0.1682553703149492,-0.2,0.0317446296850507,0.0317446296850507,0.001007721513841,2023-12,2024-01-24T01:30:00+00:00,4.0,pseudo_real_time,
twentieth,union,random_forest,2024-04,-0.0580496445856001,-0.2,0.1419503554143998,0.1419503554143998,0.0201499034022744,2024-01,2024-04-24T01:30:00+00:00,4.0,pseudo_real_time,
twentieth,union,random_forest,2024-05,-0.0893715896809975,0.2,-0.2893715896809975,0.2893715896809975,0.0837359169145075,2024-04,2024-05-24T01:30:00+00:00,4.0,pseudo_real_time,
twentieth,union,random_forest,2024-06,-0.0379145019274632,0.1,-0.1379145019274632,0.1379145019274632,0.0190204098419002,2024-05,2024-06-24T01:30:00+00:00,4.0,pseudo_real_time,
twentieth,union,random_forest,2024-07,-0.3296815338590881,-0.2,-0.1296815338590881,0.1296815338590881,0.0168173002240458,2024-06,2024-07-24T01:30:00+00:00,4.0,pseudo_real_time,
twentieth,union,random_forest,2024-08,-0.2807342780062255,-0.7,0.4192657219937744,0.4192657219937744,0.1757837456389609,2024-07,2024-08-24T01:30:00+00:00,4.0,pseudo_real_time,
twentieth,union,random_forest,2024-09,-0.1315726704257883,-0.6,0.4684273295742116,0.4684273295742116,0.219424163092027,2024-08,2024-09-24T01:30:00+00:00,4.0,pseudo_real_time,
twentieth,union,random_forest,2024-10,0.5043119386226163,-0.1,0.6043119386226162,0.6043119386226162,0.3651929191618246,2024-09,2024-10-24T01:30:00+00:00,4.0,pseudo_real_time,
twentieth,union,random_forest,2024-11,-0.2720566612311181,-0.1,-0.1720566612311181,0.1720566612311181,0.0296034946739997,2024-10,2024-11-24T01:30:00+00:00,4.0,pseudo_real_time,
twentieth,union,random_forest,2024-12,-0.1195699583509028,-0.1,-0.0195699583509028,0.0195699583509028,0.000382983269856,2024-11,2024-12-24T01:30:00+00:00,4.0,pseudo_real_time,
twentieth,union,random_forest,2025-01,-0.1565005632055799,-0.2,0.04349943679442,0.04349943679442,0.0018922010014317,2024-12,2025-01-24T01:30:00+00:00,4.0,pseudo_real_time,
twentieth,union,random_forest,2025-02,-0.1716309172484497,-0.1,-0.0716309172484497,0.0716309172484497,0.0051309883058542,2025-01,2025-02-24T01:30:00+00:00,4.0,pseudo_real_time,
twentieth,union,random_forest,2025-03,-0.3591849515673342,-0.4,0.0408150484326657,0.0408150484326657,0.0016658681785608,2025-02,2025-03-24T01:30:00+00:00,4.0,pseudo_real_time,
twentieth,union,random_forest,2025-04,-0.5643134900806943,-0.4,-0.1643134900806943,0.1643134900806943,0.0269989230224984,2025-03,2025-04-24T01:30:00+00:00,4.0,pseudo_real_time,
twentieth,union,random_forest,2025-05,-0.1871630089575003,-0.4,0.2128369910424996,0.2128369910424996,0.045299584756025,2025-04,2025-05-24T01:30:00+00:00,4.0,pseudo_real_time,
twentieth,union,random_forest,2025-06,-0.1413209281924999,-0.4,0.2586790718075,0.2586790718075,0.0669148621911897,2025-05,2025-06-24T01:30:00+00:00,4.0,pseudo_real_time,
twentieth,union,random_forest,2025-07,-0.0113939511133312,-0.2,0.1886060488866688,0.1886060488866688,0.0355722416766405,2025-06,2025-07-24T01:30:00+00:00,4.0,pseudo_real_time,
twentieth,union,random_forest,2025-08,0.0022663180527069,0.0,0.0022663180527069,0.0022663180527069,5.136197516025585e-06,2025-07,2025-08-24T01:30:00+00:00,4.0,pseudo_real_time,
twentieth,union,random_forest,2025-09,-0.1508317586998781,0.0,-0.1508317586998781,0.1508317586998781,0.0227502194324982,2025-08,2025-09-24T01:30:00+00:00,4.0,pseudo_real_time,
twentieth,union,random_forest,2025-10,-0.1747493370860361,0.1,-0.2747493370860362,0.2747493370860362,0.0754871982292163,2025-09,2025-10-24T01:30:00+00:00,4.0,pseudo_real_time,
twentieth,union,random_forest,2025-11,-0.1190556192201214,0.1,-0.2190556192201215,0.2190556192201215,0.0479853643119108,2025-10,2025-11-24T01:30:00+00:00,4.0,pseudo_real_time,
twentieth,union,random_forest,2025-12,-0.1628336251640613,0.2,-0.3628336251640613,0.3628336251640613,0.1316482395496946,2025-11,2025-12-24T01:30:00+00:00,4.0,pseudo_real_time,
twentieth,union,random_forest,2026-01,-0.0729232449616108,0.4,-0.4729232449616108,0.4729232449616108,0.2236563956250198,2025-12,2026-01-24T01:30:00+00:00,4.0,pseudo_real_time,
twentieth,union,random_forest,2026-04,0.1961174933006719,1.7,-1.503882506699328,1.503882506699328,2.2616625939562542,2026-01,2026-04-24T01:30:00+00:00,4.0,pseudo_real_time,
twentieth,union,random_forest,2026-05,0.0614378697202683,0.5,-0.4385621302797316,0.4385621302797316,0.1923367421154962,2026-04,2026-05-24T01:30:00+00:00,4.0,pseudo_real_time,
twentieth,union,random_forest,2026-06,-0.0922937370160272,-0.3,0.2077062629839727,0.2077062629839727,0.0431418916827672,2026-05,2026-06-24T01:30:00+00:00,4.0,pseudo_real_time,
twentieth,union,random_forest,2026-07,0.0060085000046788,-0.7,0.7060085000046787,0.7060085000046787,0.4984480020788565,2026-06,2026-07-24T01:30:00+00:00,4.0,pseudo_real_time,
twentieth,union,random_forest,2026-08,0.0438862360245185,0.4,-0.3561137639754815,0.3561137639754815,0.1268170128927849,2026-07,2026-08-24T01:30:00+00:00,4.0,pseudo_real_time,
twentieth,union,economic_ml_hybrid,2016-04,0.0398413161534088,0.7,-0.660158683846591,0.660158683846591,0.4358094878580633,2016-03,2016-04-25T01:30:00+00:00,5.0,pseudo_real_time,
twentieth,union,economic_ml_hybrid,2016-05,-0.2520559077526326,0.5,-0.7520559077526326,0.7520559077526326,0.5655880883856363,2016-04,2016-05-24T01:30:00+00:00,5.0,pseudo_real_time,
twentieth,union,economic_ml_hybrid,2016-06,-0.0326815806892339,-0.2,0.167318419310766,0.167318419310766,0.0279954534406533,2016-05,2016-06-24T01:30:00+00:00,5.0,pseudo_real_time,
twentieth,union,economic_ml_hybrid,2016-07,0.031473280723338,0.2,-0.1685267192766619,0.1685267192766619,0.0284012551101548,2016-06,2016-07-25T01:30:00+00:00,5.0,pseudo_real_time,
twentieth,union,economic_ml_hybrid,2016-08,0.1941086916846677,0.2,-0.0058913083153322,0.0058913083153322,3.4707513666302843e-05,2016-07,2016-08-24T01:30:00+00:00,5.0,pseudo_real_time,
twentieth,union,economic_ml_hybrid,2016-09,0.4948811418022192,0.5,-0.0051188581977807,0.0051188581977807,2.6202709248987087e-05,2016-08,2016-09-26T01:30:00+00:00,5.0,pseudo_real_time,
twentieth,union,economic_ml_hybrid,2016-10,0.5600811085140311,0.7,-0.1399188914859688,0.1399188914859688,0.0195772961946623,2016-09,2016-10-24T01:30:00+00:00,5.0,pseudo_real_time,
twentieth,union,economic_ml_hybrid,2016-11,0.9672690366173824,1.5,-0.5327309633826176,0.5327309633826176,0.2838022793465719,2016-10,2016-11-24T01:30:00+00:00,5.0,pseudo_real_time,
twentieth,union,economic_ml_hybrid,2016-12,0.6875098313185175,1.6,-0.9124901686814826,0.9124901686814826,0.8326383079403605,2016-11,2016-12-26T01:30:00+00:00,5.0,pseudo_real_time,
twentieth,union,economic_ml_hybrid,2017-01,0.0838061779423218,0.8,-0.7161938220576782,0.7161938220576782,0.5129335907535852,2016-12,2017-01-24T01:30:00+00:00,5.0,pseudo_real_time,
twentieth,union,economic_ml_hybrid,2017-02,0.2906292814685829,0.6,-0.309370718531417,0.309370718531417,0.0957102414846452,2017-01,2017-02-24T01:30:00+00:00,5.0,pseudo_real_time,
twentieth,union,economic_ml_hybrid,2017-03,-0.1906027268944831,0.3,-0.4906027268944831,0.4906027268944831,0.2406910356363027,2017-02,2017-03-24T01:30:00+00:00,5.0,pseudo_real_time,
twentieth,union,economic_ml_hybrid,2017-04,-0.2022515812111217,-0.4,0.1977484187888782,0.1977484187888782,0.0391044371335015,2017-03,2017-04-24T01:30:00+00:00,5.0,pseudo_real_time,
twentieth,union,economic_ml_hybrid,2017-05,-0.3211551555387255,-0.3,-0.0211551555387255,0.0211551555387255,0.0004475406058676,2017-04,2017-05-24T01:30:00+00:00,5.0,pseudo_real_time,
twentieth,union,economic_ml_hybrid,2017-06,-0.3487900833636115,-0.2,-0.1487900833636115,0.1487900833636115,0.0221384889073504,2017-05,2017-06-26T01:30:00+00:00,5.0,pseudo_real_time,
twentieth,union,economic_ml_hybrid,2017-07,0.3835055736147472,0.2,0.1835055736147472,0.1835055736147472,0.0336742955476774,2017-06,2017-07-24T01:30:00+00:00,5.0,pseudo_real_time,
twentieth,union,economic_ml_hybrid,2017-08,0.8771805125278069,0.9,-0.022819487472193,0.022819487472193,0.0005207290084935,2017-07,2017-08-24T01:30:00+00:00,5.0,pseudo_real_time,
twentieth,union,economic_ml_hybrid,2017-09,0.7519229880304047,1.0,-0.2480770119695953,0.2480770119695953,0.0615422038677627,2017-08,2017-09-25T01:30:00+00:00,5.0,pseudo_real_time,
twentieth,union,economic_ml_hybrid,2017-10,0.758450289970842,0.7,0.058450289970842,0.058450289970842,0.0034164363976755,2017-09,2017-10-24T01:30:00+00:00,5.0,pseudo_real_time,
twentieth,union,economic_ml_hybrid,2017-11,0.358572397543906,0.5,-0.1414276024560939,0.1414276024560939,0.0200017667364789,2017-10,2017-11-24T01:30:00+00:00,5.0,pseudo_real_time,
twentieth,union,economic_ml_hybrid,2017-12,0.7958249840420327,0.8,-0.0041750159579673,0.0041750159579673,1.7430758249281784e-05,2017-11,2017-12-25T01:30:00+00:00,5.0,pseudo_real_time,
twentieth,union,economic_ml_hybrid,2018-01,-0.2383593002841544,0.3,-0.5383593002841545,0.5383593002841545,0.2898307362024444,2017-12,2018-01-24T01:30:00+00:00,5.0,pseudo_real_time,
twentieth,union,economic_ml_hybrid,2018-04,-0.0971037150892948,-0.2,0.1028962849107051,0.1028962849107051,0.010587645448425,2018-01,2018-04-24T01:30:00+00:00,5.0,pseudo_real_time,
twentieth,union,economic_ml_hybrid,2018-05,0.7293891957757885,0.4,0.3293891957757885,0.3293891957757885,0.1084972422938207,2018-04,2018-05-24T01:30:00+00:00,5.0,pseudo_real_time,
twentieth,union,economic_ml_hybrid,2018-06,0.1374433172431666,0.3,-0.1625566827568333,0.1625566827568333,0.0264246751089057,2018-05,2018-06-25T01:30:00+00:00,5.0,pseudo_real_time,
twentieth,union,economic_ml_hybrid,2018-07,0.1372017066530713,0.1,0.0372017066530713,0.0372017066530713,0.0013839669779011,2018-06,2018-07-24T01:30:00+00:00,5.0,pseudo_real_time,
twentieth,union,economic_ml_hybrid,2018-08,0.4004559139485603,0.4,0.0004559139485602,0.0004559139485602,2.0785752849180773e-07,2018-07,2018-08-24T01:30:00+00:00,5.0,pseudo_real_time,
twentieth,union,economic_ml_hybrid,2018-09,0.6122433903236895,0.6,0.0122433903236894,0.0122433903236894,0.0001499006066182,2018-08,2018-09-25T01:30:00+00:00,5.0,pseudo_real_time,
twentieth,union,economic_ml_hybrid,2018-10,0.3819375830952554,0.4,-0.0180624169047445,0.0180624169047445,0.0003262509044408,2018-09,2018-10-24T01:30:00+00:00,5.0,pseudo_real_time,
twentieth,union,economic_ml_hybrid,2018-11,-0.5415199763684958,-0.2,-0.3415199763684958,0.3415199763684958,0.1166358942587379,2018-10,2018-11-26T01:30:00+00:00,5.0,pseudo_real_time,
twentieth,union,economic_ml_hybrid,2018-12,-0.49035091396254,-1.0,0.5096490860374601,0.5096490860374601,0.2597421908988184,2018-11,2018-12-24T01:30:00+00:00,5.0,pseudo_real_time,
twentieth,union,economic_ml_hybrid,2019-01,-0.694587922030476,-0.6,-0.094587922030476,0.094587922030476,0.0089468749940434,2018-12,2019-01-24T01:30:00+00:00,5.0,pseudo_real_time,
twentieth,union,economic_ml_hybrid,2019-02,-0.216444662979397,-0.1,-0.1164446629793969,0.1164446629793969,0.0135593595363853,2019-01,2019-02-25T01:30:00+00:00,5.0,pseudo_real_time,
twentieth,union,economic_ml_hybrid,2019-03,0.1259444406158562,0.1,0.0259444406158562,0.0259444406158562,0.0006731139988696,2019-02,2019-03-25T01:30:00+00:00,5.0,pseudo_real_time,
twentieth,union,economic_ml_hybrid,2019-04,0.0354021967391215,0.3,-0.2645978032608784,0.2645978032608784,0.0700119974904825,2019-03,2019-04-24T01:30:00+00:00,5.0,pseudo_real_time,
twentieth,union,economic_ml_hybrid,2019-07,0.1134119216735953,-0.2,0.3134119216735953,0.3134119216735953,0.0982270326471358,2019-04,2019-07-24T01:30:00+00:00,5.0,pseudo_real_time,
twentieth,union,economic_ml_hybrid,2019-08,-0.2655564953562669,-0.1,-0.1655564953562669,0.1655564953562669,0.0274089531546496,2019-07,2019-08-26T01:30:00+00:00,5.0,pseudo_real_time,
twentieth,union,economic_ml_hybrid,2019-09,0.3145759309444277,0.1,0.2145759309444277,0.2145759309444277,0.0460428301406678,2019-08,2019-09-24T01:30:00+00:00,5.0,pseudo_real_time,
twentieth,union,economic_ml_hybrid,2019-10,0.0213519654269248,0.1,-0.0786480345730751,0.0786480345730751,0.0061855133422076,2019-09,2019-10-24T01:30:00+00:00,5.0,pseudo_real_time,
twentieth,union,economic_ml_hybrid,2019-11,-0.3130581101365428,-0.1,-0.2130581101365427,0.2130581101365427,0.0453937582949551,2019-10,2019-11-25T01:30:00+00:00,5.0,pseudo_real_time,
twentieth,union,economic_ml_hybrid,2019-12,0.0966537675770661,0.0,0.0966537675770661,0.0966537675770661,0.0093419507868415,2019-11,2019-12-24T01:30:00+00:00,5.0,pseudo_real_time,
twentieth,union,economic_ml_hybrid,2020-01,-0.2405796391966441,0.0,-0.2405796391966441,0.2405796391966441,0.0578785627959874,2019-12,2020-01-23T01:30:00+00:00,5.0,pseudo_real_time,
twentieth,union,economic_ml_hybrid,2020-02,-0.2985426255086056,-0.5,0.2014573744913944,0.2014573744913944,0.0405850737369659,2020-01,2020-02-24T01:30:00+00:00,5.0,pseudo_real_time,
twentieth,union,economic_ml_hybrid,2020-03,-0.1903818876557085,-1.0,0.8096181123442915,0.8096181123442915,0.6554814878359337,2020-02,2020-03-24T01:30:00+00:00,5.0,pseudo_real_time,
twentieth,union,economic_ml_hybrid,2020-04,-0.6142070530767061,-1.3,0.685792946923294,0.685792946923294,0.4703119660497359,2020-03,2020-04-24T01:30:00+00:00,5.0,pseudo_real_time,
twentieth,union,economic_ml_hybrid,2020-05,-0.3875231403287283,-0.4,0.0124768596712716,0.0124768596712716,0.0001556720272566,2020-04,2020-05-25T01:30:00+00:00,5.0,pseudo_real_time,
twentieth,union,economic_ml_hybrid,2020-06,0.2170975794078775,0.4,-0.1829024205921224,0.1829024205921224,0.0334532954584576,2020-05,2020-06-24T01:30:00+00:00,5.0,pseudo_real_time,
twentieth,union,economic_ml_hybrid,2020-07,0.2150388840034779,0.4,-0.1849611159965221,0.1849611159965221,0.0342106144306789,2020-06,2020-07-24T01:30:00+00:00,5.0,pseudo_real_time,
twentieth,union,economic_ml_hybrid,2020-08,0.4306819155400705,0.3,0.1306819155400705,0.1306819155400705,0.0170777630492221,2020-07,2020-08-24T01:30:00+00:00,5.0,pseudo_real_time,
twentieth,union,economic_ml_hybrid,2020-09,0.4190408575701936,0.1,0.3190408575701936,0.3190408575701936,0.1017870687991245,2020-08,2020-09-24T01:30:00+00:00,5.0,pseudo_real_time,
twentieth,union,economic_ml_hybrid,2020-10,0.3735462765596108,0.0,0.3735462765596108,0.3735462765596108,0.1395368207315492,2020-09,2020-10-26T01:30:00+00:00,5.0,pseudo_real_time,
twentieth,union,economic_ml_hybrid,2020-11,0.8329561782014199,0.5,0.3329561782014199,0.3329561782014199,0.1108598166024956,2020-10,2020-11-24T01:30:00+00:00,5.0,pseudo_real_time,
twentieth,union,economic_ml_hybrid,2020-12,1.206640723129257,1.1,0.1066407231292569,0.1066407231292569,0.0113722438295308,2020-11,2020-12-24T01:30:00+00:00,5.0,pseudo_real_time,
twentieth,union,economic_ml_hybrid,2021-01,1.0283521239933262,1.0,0.0283521239933262,0.0283521239933262,0.0008038429349329,2020-12,2021-01-25T01:30:00+00:00,5.0,pseudo_real_time,
twentieth,union,economic_ml_hybrid,2021-04,0.7082232653085543,0.9,-0.1917767346914457,0.1917767346914457,0.0367783159689131,2021-01,2021-04-25T01:30:00+00:00,5.0,pseudo_real_time,
twentieth,union,economic_ml_hybrid,2021-05,1.3148484105584706,1.6,-0.2851515894415295,0.2851515894415295,0.0813114289610306,2021-04,2021-05-24T01:30:00+00:00,5.0,pseudo_real_time,
twentieth,union,economic_ml_hybrid,2021-06,0.2333337752878082,0.3,-0.0666662247121917,0.0666662247121917,0.0044443855173764,2021-05,2021-06-24T01:30:00+00:00,5.0,pseudo_real_time,
twentieth,union,economic_ml_hybrid,2021-07,0.6797141696885274,0.5,0.1797141696885273,0.1797141696885273,0.0322971827868368,2021-06,2021-07-26T01:30:00+00:00,5.0,pseudo_real_time,
twentieth,union,economic_ml_hybrid,2021-08,0.4979525806191182,0.7,-0.2020474193808817,0.2020474193808817,0.0408231596784739,2021-07,2021-08-24T01:30:00+00:00,5.0,pseudo_real_time,
twentieth,union,economic_ml_hybrid,2021-09,0.9799911863261256,1.2,-0.2200088136738744,0.2200088136738744,0.0484038780941856,2021-08,2021-09-24T01:30:00+00:00,5.0,pseudo_real_time,
twentieth,union,economic_ml_hybrid,2021-10,1.907863835579088,2.5,-0.5921361644209124,0.5921361644209124,0.3506252372151098,2021-09,2021-10-25T01:30:00+00:00,5.0,pseudo_real_time,
twentieth,union,economic_ml_hybrid,2021-11,-1.208804997408527,0.0,-1.208804997408527,1.208804997408527,1.4612095217598298,2021-10,2021-11-24T01:30:00+00:00,5.0,pseudo_real_time,
twentieth,union,economic_ml_hybrid,2021-12,-0.8356887374544394,-1.2,0.3643112625455605,0.3643112625455605,0.1327226960175403,2021-11,2021-12-24T01:30:00+00:00,5.0,pseudo_real_time,
twentieth,union,economic_ml_hybrid,2022-01,-0.0358206556774981,-0.2,0.1641793443225018,0.1641793443225018,0.0269548571021666,2021-12,2022-01-24T01:30:00+00:00,5.0,pseudo_real_time,
twentieth,union,economic_ml_hybrid,2022-02,0.5264209426974658,0.5,0.0264209426974657,0.0264209426974657,0.0006980662130227,2022-01,2022-02-24T01:30:00+00:00,5.0,pseudo_real_time,
twentieth,union,economic_ml_hybrid,2022-03,0.3896613511541882,1.1,-0.7103386488458119,0.7103386488458119,0.5045809960440937,2022-02,2022-03-24T01:30:00+00:00,5.0,pseudo_real_time,
twentieth,union,economic_ml_hybrid,2022-04,-0.2292235786340319,0.6,-0.829223578634032,0.829223578634032,0.6876117433626305,2022-03,2022-04-24T01:30:00+00:00,5.0,pseudo_real_time,
twentieth,union,economic_ml_hybrid,2022-05,0.3609975175684954,0.1,0.2609975175684954,0.2609975175684954,0.068119704176917,2022-04,2022-05-24T01:30:00+00:00,5.0,pseudo_real_time,
twentieth,union,economic_ml_hybrid,2022-06,-0.1453346515737566,0.0,-0.1453346515737566,0.1453346515737566,0.0211221609480652,2022-05,2022-06-24T01:30:00+00:00,5.0,pseudo_real_time,
twentieth,union,economic_ml_hybrid,2022-07,-1.1391287919802793,-1.3,0.1608712080197207,0.1608712080197207,0.0258795455697242,2022-06,2022-07-24T01:30:00+00:00,5.0,pseudo_real_time,
twentieth,union,economic_ml_hybrid,2022-08,-0.1334971063181224,-1.2,1.0665028936818777,1.0665028936818777,1.137428422231818,2022-07,2022-08-24T01:30:00+00:00,5.0,pseudo_real_time,
twentieth,union,economic_ml_hybrid,2022-09,0.2929735125068332,-0.1,0.3929735125068332,0.3929735125068332,0.1544281815319582,2022-08,2022-09-24T01:30:00+00:00,5.0,pseudo_real_time,
twentieth,union,economic_ml_hybrid,2022-10,0.3048177606021074,0.2,0.1048177606021074,0.1048177606021074,0.0109867629376406,2022-09,2022-10-24T01:30:00+00:00,5.0,pseudo_real_time,
twentieth,union,economic_ml_hybrid,2022-11,-0.7137012730518268,0.1,-0.8137012730518268,0.8137012730518268,0.6621097617661637,2022-10,2022-11-24T01:30:00+00:00,5.0,pseudo_real_time,
twentieth,union,economic_ml_hybrid,2022-12,-0.0524855721758917,-0.5,0.4475144278241083,0.4475144278241083,0.200269163110739,2022-11,2022-12-24T01:30:00+00:00,25.0,pseudo_real_time,
twentieth,union,economic_ml_hybrid,2023-01,-0.4047366580197263,-0.4,-0.0047366580197263,0.0047366580197263,2.2435929195837815e-05,2022-12,2023-01-24T01:30:00+00:00,5.0,pseudo_real_time,
twentieth,union,economic_ml_hybrid,2023-02,-0.1625253299780241,0.0,-0.1625253299780241,0.1625253299780241,0.0264144828844656,2023-01,2023-02-24T01:30:00+00:00,25.0,pseudo_real_time,
twentieth,union,economic_ml_hybrid,2023-03,-0.1584650631049402,0.0,-0.1584650631049402,0.1584650631049402,0.0251111762248527,2023-02,2023-03-24T01:30:00+00:00,5.0,pseudo_real_time,
twentieth,union,economic_ml_hybrid,2023-04,-0.4219443601156982,-0.5,0.0780556398843018,0.0780556398843018,0.0060926829177478,2023-03,2023-04-24T01:30:00+00:00,25.0,pseudo_real_time,
twentieth,union,economic_ml_hybrid,2023-05,-1.1381363251981051,-0.9,-0.2381363251981051,0.2381363251981051,0.0567089093788576,2023-04,2023-05-24T01:30:00+00:00,5.0,pseudo_real_time,
twentieth,union,economic_ml_hybrid,2023-06,-0.7262231587244747,-0.8,0.0737768412755253,0.0737768412755253,0.005443022308594,2023-05,2023-06-24T01:30:00+00:00,25.0,pseudo_real_time,
twentieth,union,economic_ml_hybrid,2023-07,0.3775671257712538,-0.2,0.5775671257712538,0.5775671257712538,0.3335837847716673,2023-06,2023-07-24T01:30:00+00:00,5.0,pseudo_real_time,
twentieth,union,economic_ml_hybrid,2023-08,0.7111658631885789,0.2,0.5111658631885789,0.5111658631885789,0.261290539689325,2023-07,2023-08-24T01:30:00+00:00,25.0,pseudo_real_time,
twentieth,union,economic_ml_hybrid,2023-09,0.3917918101862727,0.4,-0.0082081898137273,0.0082081898137273,6.737438001817727e-05,2023-08,2023-09-24T01:30:00+00:00,25.0,pseudo_real_time,
twentieth,union,economic_ml_hybrid,2023-10,-0.1985193053873823,0.0,-0.1985193053873823,0.1985193053873823,0.0394099146114887,2023-09,2023-10-24T01:30:00+00:00,25.0,pseudo_real_time,
twentieth,union,economic_ml_hybrid,2023-11,-0.0167768165850798,-0.3,0.2832231834149201,0.2832231834149201,0.0802153716236814,2023-10,2023-11-24T01:30:00+00:00,25.0,pseudo_real_time,
twentieth,union,economic_ml_hybrid,2023-12,-0.1425010071173418,-0.3,0.1574989928826581,0.1574989928826581,0.0248059327590516,2023-11,2023-12-24T01:30:00+00:00,25.0,pseudo_real_time,
twentieth,union,economic_ml_hybrid,2024-01,-0.3378882325605177,-0.2,-0.1378882325605177,0.1378882325605177,0.0190131646786634,2023-12,2024-01-24T01:30:00+00:00,25.0,pseudo_real_time,
twentieth,union,economic_ml_hybrid,2024-04,0.0474105569945194,-0.2,0.2474105569945194,0.2474105569945194,0.0612119837123383,2024-01,2024-04-24T01:30:00+00:00,25.0,pseudo_real_time,
twentieth,union,economic_ml_hybrid,2024-05,0.0684102512170215,0.2,-0.1315897487829784,0.1315897487829784,0.0173158619847673,2024-04,2024-05-24T01:30:00+00:00,25.0,pseudo_real_time,
twentieth,union,economic_ml_hybrid,2024-06,0.2115466997415017,0.1,0.1115466997415017,0.1115466997415017,0.0124426662232207,2024-05,2024-06-24T01:30:00+00:00,25.0,pseudo_real_time,
twentieth,union,economic_ml_hybrid,2024-07,-0.1352476390567666,-0.2,0.0647523609432333,0.0647523609432333,0.0041928682477227,2024-06,2024-07-24T01:30:00+00:00,25.0,pseudo_real_time,
twentieth,union,economic_ml_hybrid,2024-08,-0.3780882846659582,-0.7,0.3219117153340417,0.3219117153340417,0.1036271524693051,2024-07,2024-08-24T01:30:00+00:00,25.0,pseudo_real_time,
twentieth,union,economic_ml_hybrid,2024-09,-0.2629252774146146,-0.6,0.3370747225853854,0.3370747225853854,0.1136193686060145,2024-08,2024-09-24T01:30:00+00:00,25.0,pseudo_real_time,
twentieth,union,economic_ml_hybrid,2024-10,0.2144227072869893,-0.1,0.3144227072869894,0.3144227072869894,0.0988616388576798,2024-09,2024-10-24T01:30:00+00:00,25.0,pseudo_real_time,
twentieth,union,economic_ml_hybrid,2024-11,-0.2529039764115457,-0.1,-0.1529039764115457,0.1529039764115457,0.0233796260024625,2024-10,2024-11-24T01:30:00+00:00,25.0,pseudo_real_time,
twentieth,union,economic_ml_hybrid,2024-12,-0.0229776255456327,-0.1,0.0770223744543673,0.0770223744543673,0.0059324461665887,2024-11,2024-12-24T01:30:00+00:00,25.0,pseudo_real_time,
twentieth,union,economic_ml_hybrid,2025-01,-0.1156428009126089,-0.2,0.084357199087391,0.084357199087391,0.0071161370378697,2024-12,2025-01-24T01:30:00+00:00,25.0,pseudo_real_time,
twentieth,union,economic_ml_hybrid,2025-02,-0.0605851145168174,-0.1,0.0394148854831825,0.0394148854831825,0.0015535331976523,2025-01,2025-02-24T01:30:00+00:00,25.0,pseudo_real_time,
twentieth,union,economic_ml_hybrid,2025-03,0.1125087453518964,-0.4,0.5125087453518965,0.5125087453518965,0.2626652140621751,2025-02,2025-03-24T01:30:00+00:00,25.0,pseudo_real_time,
twentieth,union,economic_ml_hybrid,2025-04,-0.3969353115646696,-0.4,0.0030646884353303,0.0030646884353303,9.39231520564768e-06,2025-03,2025-04-24T01:30:00+00:00,25.0,pseudo_real_time,
twentieth,union,economic_ml_hybrid,2025-05,-0.2898306263317094,-0.4,0.1101693736682906,0.1101693736682906,0.0121372908944634,2025-04,2025-05-24T01:30:00+00:00,25.0,pseudo_real_time,
twentieth,union,economic_ml_hybrid,2025-06,-0.2812855182409257,-0.4,0.1187144817590742,0.1187144817590742,0.0140931281793255,2025-05,2025-06-24T01:30:00+00:00,25.0,pseudo_real_time,
twentieth,union,economic_ml_hybrid,2025-07,-0.0535346760015667,-0.2,0.1464653239984332,0.1464653239984332,0.021452091133966,2025-06,2025-07-24T01:30:00+00:00,25.0,pseudo_real_time,
twentieth,union,economic_ml_hybrid,2025-08,0.2144817018818217,0.0,0.2144817018818217,0.2144817018818217,0.0460024004421226,2025-07,2025-08-24T01:30:00+00:00,25.0,pseudo_real_time,
twentieth,union,economic_ml_hybrid,2025-09,-0.238656666193882,0.0,-0.238656666193882,0.238656666193882,0.056957004318778,2025-08,2025-09-24T01:30:00+00:00,25.0,pseudo_real_time,
twentieth,union,economic_ml_hybrid,2025-10,-0.25442882046802,0.1,-0.35442882046802,0.35442882046802,0.1256197887783519,2025-09,2025-10-24T01:30:00+00:00,25.0,pseudo_real_time,
twentieth,union,economic_ml_hybrid,2025-11,0.2002052509934276,0.1,0.1002052509934276,0.1002052509934276,0.0100410923266558,2025-10,2025-11-24T01:30:00+00:00,25.0,pseudo_real_time,
twentieth,union,economic_ml_hybrid,2025-12,-0.0615527431469081,0.2,-0.2615527431469081,0.2615527431469081,0.0684098374476725,2025-11,2025-12-24T01:30:00+00:00,25.0,pseudo_real_time,
twentieth,union,economic_ml_hybrid,2026-01,-0.0313792887725039,0.4,-0.431379288772504,0.431379288772504,0.1860880907818713,2025-12,2026-01-24T01:30:00+00:00,25.0,pseudo_real_time,
twentieth,union,economic_ml_hybrid,2026-04,0.8135493830527121,1.7,-0.8864506169472879,0.8864506169472879,0.7857946962862273,2026-01,2026-04-24T01:30:00+00:00,25.0,pseudo_real_time,
twentieth,union,economic_ml_hybrid,2026-05,0.2627476181615488,0.5,-0.2372523818384512,0.2372523818384512,0.0562886926880182,2026-04,2026-05-24T01:30:00+00:00,25.0,pseudo_real_time,
twentieth,union,economic_ml_hybrid,2026-06,0.1101003262699974,-0.3,0.4101003262699974,0.4101003262699974,0.1681822776067583,2026-05,2026-06-24T01:30:00+00:00,25.0,pseudo_real_time,
twentieth,union,economic_ml_hybrid,2026-07,0.0113874134221239,-0.7,0.7113874134221239,0.7113874134221239,0.5060720519754198,2026-06,2026-07-24T01:30:00+00:00,25.0,pseudo_real_time,
twentieth,union,economic_ml_hybrid,2026-08,0.3905663210381787,0.4,-0.0094336789618213,0.0094336789618213,8.899429875471066e-05,2026-07,2026-08-24T01:30:00+00:00,25.0,pseudo_real_time,
twentieth,union,direct_tracker,2016-04,2.6720095188473745,0.7,1.9720095188473743,1.9720095188473743,3.8888215424246537,2016-03,2016-04-25T01:30:00+00:00,0.0,pseudo_real_time,
twentieth,union,direct_tracker,2016-05,0.8036734367956859,0.5,0.3036734367956859,0.3036734367956859,0.0922175562153034,2016-04,2016-05-24T01:30:00+00:00,0.0,pseudo_real_time,
twentieth,union,direct_tracker,2016-06,-1.0370431825505988,-0.2,-0.8370431825505988,0.8370431825505988,0.7006412894544352,2016-05,2016-06-24T01:30:00+00:00,0.0,pseudo_real_time,
twentieth,union,direct_tracker,2016-07,1.594347884796115,0.2,1.394347884796115,1.394347884796115,1.9442060238354,2016-06,2016-07-25T01:30:00+00:00,0.0,pseudo_real_time,
twentieth,union,direct_tracker,2016-08,2.135611177552147,0.2,1.9356111775521472,1.9356111775521472,3.74659063066481,2016-07,2016-08-24T01:30:00+00:00,0.0,pseudo_real_time,
twentieth,union,direct_tracker,2016-09,3.633107208654703,0.5,3.1331072086547027,3.1331072086547027,9.816360780924064,2016-08,2016-09-26T01:30:00+00:00,0.0,pseudo_real_time,
twentieth,union,direct_tracker,2016-10,4.809454899807368,0.7,4.109454899807368,4.109454899807368,16.887619573550783,2016-09,2016-10-24T01:30:00+00:00,0.0,pseudo_real_time,
twentieth,union,direct_tracker,2016-11,8.339046306291136,1.5,6.839046306291136,6.839046306291136,46.77255437959443,2016-10,2016-11-24T01:30:00+00:00,0.0,pseudo_real_time,
twentieth,union,direct_tracker,2016-12,6.607753030471191,1.6,5.007753030471191,5.007753030471191,25.0775904141934,2016-11,2016-12-26T01:30:00+00:00,0.0,pseudo_real_time,
twentieth,union,direct_tracker,2017-01,-0.226971438654208,0.8,-1.026971438654208,1.026971438654208,1.054670335811494,2016-12,2017-01-24T01:30:00+00:00,0.0,pseudo_real_time,
twentieth,union,direct_tracker,2017-02,1.2305836154328422,0.6,0.6305836154328422,0.6305836154328422,0.3976356960523546,2017-01,2017-02-24T01:30:00+00:00,0.0,pseudo_real_time,
twentieth,union,direct_tracker,2017-03,-2.049047615595254,0.3,-2.349047615595254,2.349047615595254,5.518024700333748,2017-02,2017-03-24T01:30:00+00:00,0.0,pseudo_real_time,
twentieth,union,direct_tracker,2017-04,-2.7534426376933285,-0.4,-2.3534426376933286,2.3534426376933286,5.538692248912932,2017-03,2017-04-24T01:30:00+00:00,0.0,pseudo_real_time,
twentieth,union,direct_tracker,2017-05,-2.204039718400305,-0.3,-1.9040397184003048,1.9040397184003048,3.625367249245912,2017-04,2017-05-24T01:30:00+00:00,0.0,pseudo_real_time,
twentieth,union,direct_tracker,2017-06,-1.4971203537393944,-0.2,-1.2971203537393945,1.2971203537393945,1.682521212085012,2017-05,2017-06-26T01:30:00+00:00,0.0,pseudo_real_time,
twentieth,union,direct_tracker,2017-07,2.1966751790396097,0.2,1.9966751790396096,1.9966751790396096,3.9867117705928576,2017-06,2017-07-24T01:30:00+00:00,0.0,pseudo_real_time,
twentieth,union,direct_tracker,2017-08,4.065199497286437,0.9,3.165199497286437,3.165199497286437,10.018487857622311,2017-07,2017-08-24T01:30:00+00:00,0.0,pseudo_real_time,
twentieth,union,direct_tracker,2017-09,4.843340449479172,1.0,3.843340449479172,3.843340449479172,14.77126581060276,2017-08,2017-09-25T01:30:00+00:00,0.0,pseudo_real_time,
twentieth,union,direct_tracker,2017-10,1.2158408489228243,0.7,0.5158408489228243,0.5158408489228243,0.26609178141742,2017-09,2017-10-24T01:30:00+00:00,0.0,pseudo_real_time,
twentieth,union,direct_tracker,2017-11,0.523124433918599,0.5,0.0231244339185989,0.0231244339185989,0.0005347394440556,2017-10,2017-11-24T01:30:00+00:00,0.0,pseudo_real_time,
twentieth,union,direct_tracker,2017-12,2.9463105117454487,0.8,2.1463105117454484,2.1463105117454484,4.606648812829008,2017-11,2017-12-25T01:30:00+00:00,0.0,pseudo_real_time,
twentieth,union,direct_tracker,2018-01,-1.0995777846020551,0.3,-1.3995777846020552,1.3995777846020552,1.9588179751515968,2017-12,2018-01-24T01:30:00+00:00,0.0,pseudo_real_time,
twentieth,union,direct_tracker,2018-04,-0.9015831687457504,-0.2,-0.7015831687457503,0.7015831687457503,0.4922189426673279,2018-01,2018-04-24T01:30:00+00:00,0.0,pseudo_real_time,
twentieth,union,direct_tracker,2018-05,1.865024185300068,0.4,1.4650241853000685,1.4650241853000685,2.146295863514129,2018-04,2018-05-24T01:30:00+00:00,0.0,pseudo_real_time,
twentieth,union,direct_tracker,2018-06,0.539386060639766,0.3,0.239386060639766,0.239386060639766,0.0573056860286257,2018-05,2018-06-25T01:30:00+00:00,0.0,pseudo_real_time,
twentieth,union,direct_tracker,2018-07,0.3175962344134619,0.1,0.2175962344134619,0.2175962344134619,0.0473481212309182,2018-06,2018-07-24T01:30:00+00:00,0.0,pseudo_real_time,
twentieth,union,direct_tracker,2018-08,2.5924623657714,0.4,2.1924623657714,2.1924623657714,4.806891225323925,2018-07,2018-08-24T01:30:00+00:00,0.0,pseudo_real_time,
twentieth,union,direct_tracker,2018-09,2.503698572986465,0.6,1.9036985729864648,1.9036985729864648,3.624068256790703,2018-08,2018-09-25T01:30:00+00:00,0.0,pseudo_real_time,
twentieth,union,direct_tracker,2018-10,0.7095618950494279,0.4,0.3095618950494279,0.3095618950494279,0.095828566866593,2018-09,2018-10-24T01:30:00+00:00,0.0,pseudo_real_time,
twentieth,union,direct_tracker,2018-11,-3.653059424189236,-0.2,-3.453059424189236,3.453059424189236,11.923619386982097,2018-10,2018-11-26T01:30:00+00:00,0.0,pseudo_real_time,
twentieth,union,direct_tracker,2018-12,-3.426954734465615,-1.0,-2.426954734465615,2.426954734465615,5.890109283145063,2018-11,2018-12-24T01:30:00+00:00,0.0,pseudo_real_time,
twentieth,union,direct_tracker,2019-01,-3.250313146339092,-0.6,-2.650313146339092,2.650313146339092,7.024159773657818,2018-12,2019-01-24T01:30:00+00:00,0.0,pseudo_real_time,
twentieth,union,direct_tracker,2019-02,-0.345047205211512,-0.1,-0.245047205211512,0.245047205211512,0.0600481327819728,2019-01,2019-02-25T01:30:00+00:00,0.0,pseudo_real_time,
twentieth,union,direct_tracker,2019-03,1.0601955942617398,0.1,0.9601955942617398,0.9601955942617398,0.9219755792396556,2019-02,2019-03-25T01:30:00+00:00,0.0,pseudo_real_time,
twentieth,union,direct_tracker,2019-04,-0.721010191987195,0.3,-1.021010191987195,1.021010191987195,1.0424618121417288,2019-03,2019-04-24T01:30:00+00:00,0.0,pseudo_real_time,
twentieth,union,direct_tracker,2019-07,-0.4407664609059123,-0.2,-0.2407664609059123,0.2407664609059123,0.0579684886971582,2019-04,2019-07-24T01:30:00+00:00,0.0,pseudo_real_time,
twentieth,union,direct_tracker,2019-08,-0.832687461947771,-0.1,-0.732687461947771,0.732687461947771,0.5368309168954664,2019-07,2019-08-26T01:30:00+00:00,0.0,pseudo_real_time,
twentieth,union,direct_tracker,2019-09,1.3050380237436183,0.1,1.2050380237436182,1.2050380237436182,1.452116638667925,2019-08,2019-09-24T01:30:00+00:00,0.0,pseudo_real_time,
twentieth,union,direct_tracker,2019-10,-0.104522978129098,0.1,-0.204522978129098,0.204522978129098,0.0418296485827955,2019-09,2019-10-24T01:30:00+00:00,0.0,pseudo_real_time,
twentieth,union,direct_tracker,2019-11,-1.764876540132666,-0.1,-1.664876540132666,1.664876540132666,2.7718138938841164,2019-10,2019-11-25T01:30:00+00:00,0.0,pseudo_real_time,
twentieth,union,direct_tracker,2019-12,0.677267703508546,0.0,0.677267703508546,0.677267703508546,0.4586915422157398,2019-11,2019-12-24T01:30:00+00:00,0.0,pseudo_real_time,
twentieth,union,direct_tracker,2020-01,-0.7992055622244544,0.0,-0.7992055622244544,0.7992055622244544,0.6387295306905062,2019-12,2020-01-23T01:30:00+00:00,0.0,pseudo_real_time,
twentieth,union,direct_tracker,2020-02,-2.8501061752575323,-0.5,-2.3501061752575323,2.3501061752575323,5.522999034983587,2020-01,2020-02-24T01:30:00+00:00,0.0,pseudo_real_time,
twentieth,union,direct_tracker,2020-03,-3.964287226627275,-1.0,-2.964287226627275,2.964287226627275,8.78699876194562,2020-02,2020-03-24T01:30:00+00:00,0.0,pseudo_real_time,
twentieth,union,direct_tracker,2020-04,-3.544523983373592,-1.3,-2.2445239833735924,2.2445239833735924,5.037887911939259,2020-03,2020-04-24T01:30:00+00:00,0.0,pseudo_real_time,
twentieth,union,direct_tracker,2020-05,-1.3323237758265718,-0.4,-0.9323237758265718,0.9323237758265718,0.8692276229715157,2020-04,2020-05-25T01:30:00+00:00,0.0,pseudo_real_time,
twentieth,union,direct_tracker,2020-06,1.6026823963565886,0.4,1.2026823963565887,1.2026823963565887,1.4464449465060267,2020-05,2020-06-24T01:30:00+00:00,0.0,pseudo_real_time,
twentieth,union,direct_tracker,2020-07,1.165242187150381,0.4,0.7652421871503811,0.7652421871503811,0.5855956049946989,2020-06,2020-07-24T01:30:00+00:00,0.0,pseudo_real_time,
twentieth,union,direct_tracker,2020-08,1.4229684849932405,0.3,1.1229684849932404,1.1229684849932404,1.2610582182880137,2020-07,2020-08-24T01:30:00+00:00,0.0,pseudo_real_time,
twentieth,union,direct_tracker,2020-09,2.1144760642343394,0.1,2.01447606423434,2.01447606423434,4.058113813373074,2020-08,2020-09-24T01:30:00+00:00,0.0,pseudo_real_time,
twentieth,union,direct_tracker,2020-10,2.530103840973186,0.0,2.530103840973186,2.530103840973186,6.40142544610727,2020-09,2020-10-26T01:30:00+00:00,0.0,pseudo_real_time,
twentieth,union,direct_tracker,2020-11,4.711715653564547,0.5,4.211715653564547,4.211715653564547,17.738548746480642,2020-10,2020-11-24T01:30:00+00:00,0.0,pseudo_real_time,
twentieth,union,direct_tracker,2020-12,5.933045180784628,1.1,4.833045180784628,4.833045180784628,23.35832571950552,2020-11,2020-12-24T01:30:00+00:00,0.0,pseudo_real_time,
twentieth,union,direct_tracker,2021-01,5.5271500033522205,1.0,4.5271500033522205,4.5271500033522205,20.49508715285201,2020-12,2021-01-25T01:30:00+00:00,0.0,pseudo_real_time,
twentieth,union,direct_tracker,2021-04,1.8561077899864835,0.9,0.9561077899864836,0.9561077899864836,0.9141421060728376,2021-01,2021-04-25T01:30:00+00:00,0.0,pseudo_real_time,
twentieth,union,direct_tracker,2021-05,7.573531527841255,1.6,5.973531527841255,5.973531527841255,35.68307891411347,2021-04,2021-05-24T01:30:00+00:00,0.0,pseudo_real_time,
twentieth,union,direct_tracker,2021-06,-2.3928708497706856,0.3,-2.692870849770685,2.692870849770685,7.251553413544694,2021-05,2021-06-24T01:30:00+00:00,0.0,pseudo_real_time,
twentieth,union,direct_tracker,2021-07,3.159255836572145,0.5,2.659255836572145,2.659255836572145,7.071641604343018,2021-06,2021-07-26T01:30:00+00:00,0.0,pseudo_real_time,
twentieth,union,direct_tracker,2021-08,2.635967116065148,0.7,1.935967116065148,1.935967116065148,3.747968674485607,2021-07,2021-08-24T01:30:00+00:00,0.0,pseudo_real_time,
twentieth,union,direct_tracker,2021-09,6.108467987688137,1.2,4.9084679876881365,4.9084679876881365,24.093057986159224,2021-08,2021-09-24T01:30:00+00:00,0.0,pseudo_real_time,
twentieth,union,direct_tracker,2021-10,13.68955047581459,2.5,11.18955047581459,11.18955047581459,125.20603985080253,2021-09,2021-10-25T01:30:00+00:00,0.0,pseudo_real_time,
twentieth,union,direct_tracker,2021-11,-11.562377570929588,0.0,-11.562377570929588,11.562377570929588,133.6885750927356,2021-10,2021-11-24T01:30:00+00:00,0.0,pseudo_real_time,
twentieth,union,direct_tracker,2021-12,-5.555963874500706,-1.2,-4.355963874500706,4.355963874500706,18.9744212759552,2021-11,2021-12-24T01:30:00+00:00,0.0,pseudo_real_time,
twentieth,union,direct_tracker,2022-01,-1.0305243475321813,-0.2,-0.8305243475321813,0.8305243475321813,0.6897706918437555,2021-12,2022-01-24T01:30:00+00:00,0.0,pseudo_real_time,
twentieth,union,direct_tracker,2022-02,3.7290597529986327,0.5,3.2290597529986327,3.2290597529986327,10.42682688843559,2022-01,2022-02-24T01:30:00+00:00,0.0,pseudo_real_time,
twentieth,union,direct_tracker,2022-03,7.057861931482959,1.1,5.95786193148296,5.95786193148296,35.496118794613864,2022-02,2022-03-24T01:30:00+00:00,0.0,pseudo_real_time,
twentieth,union,direct_tracker,2022-04,-0.8228516490705556,0.6,-1.4228516490705556,1.4228516490705556,2.0245068152628,2022-03,2022-04-24T01:30:00+00:00,0.0,pseudo_real_time,
twentieth,union,direct_tracker,2022-05,0.4266926566686365,0.1,0.3266926566686365,0.3266926566686365,0.1067280919212116,2022-04,2022-05-24T01:30:00+00:00,0.0,pseudo_real_time,
twentieth,union,direct_tracker,2022-06,-0.2154759113484605,0.0,-0.2154759113484605,0.2154759113484605,0.0464298683714496,2022-05,2022-06-24T01:30:00+00:00,0.0,pseudo_real_time,
twentieth,union,direct_tracker,2022-07,-7.305052790067585,-1.3,-6.005052790067585,6.005052790067585,36.06065901149849,2022-06,2022-07-24T01:30:00+00:00,0.0,pseudo_real_time,
twentieth,union,direct_tracker,2022-08,-3.5697849213496538,-1.2,-2.3697849213496536,2.3697849213496536,5.615880573456184,2022-07,2022-08-24T01:30:00+00:00,0.0,pseudo_real_time,
twentieth,union,direct_tracker,2022-09,2.130403980815816,-0.1,2.230403980815816,2.230403980815816,4.974701917639039,2022-08,2022-09-24T01:30:00+00:00,0.0,pseudo_real_time,
twentieth,union,direct_tracker,2022-10,2.0805298993429293,0.2,1.8805298993429291,1.8805298993429291,3.536392702322728,2022-09,2022-10-24T01:30:00+00:00,0.0,pseudo_real_time,
twentieth,union,direct_tracker,2022-11,-3.342507709212232,0.1,-3.442507709212232,3.442507709212232,11.85085932798565,2022-10,2022-11-24T01:30:00+00:00,0.0,pseudo_real_time,
twentieth,union,direct_tracker,2022-12,-1.34326529880934,-0.5,-0.8432652988093401,0.8432652988093401,0.7110963641760056,2022-11,2022-12-24T01:30:00+00:00,0.0,pseudo_real_time,
twentieth,union,direct_tracker,2023-01,-1.8728213367798725,-0.4,-1.4728213367798726,1.4728213367798726,2.169202690074051,2022-12,2023-01-24T01:30:00+00:00,0.0,pseudo_real_time,
twentieth,union,direct_tracker,2023-02,-2.4691202066021325,0.0,-2.4691202066021325,2.4691202066021325,6.096554594650957,2023-01,2023-02-24T01:30:00+00:00,0.0,pseudo_real_time,
twentieth,union,direct_tracker,2023-03,-0.238662792726018,0.0,-0.238662792726018,0.238662792726018,0.0569599286317822,2023-02,2023-03-24T01:30:00+00:00,0.0,pseudo_real_time,
twentieth,union,direct_tracker,2023-04,-2.8120411710387394,-0.5,-2.3120411710387394,2.3120411710387394,5.345534376578185,2023-03,2023-04-24T01:30:00+00:00,0.0,pseudo_real_time,
twentieth,union,direct_tracker,2023-05,-5.249791888425819,-0.9,-4.349791888425819,4.349791888425819,18.92068947261505,2023-04,2023-05-24T01:30:00+00:00,0.0,pseudo_real_time,
twentieth,union,direct_tracker,2023-06,-4.58309597740284,-0.8,-3.78309597740284,3.78309597740284,14.311815174241548,2023-05,2023-06-24T01:30:00+00:00,0.0,pseudo_real_time,
twentieth,union,direct_tracker,2023-07,2.3169474037693845,-0.2,2.5169474037693846,2.5169474037693846,6.3350242333414455,2023-06,2023-07-24T01:30:00+00:00,0.0,pseudo_real_time,
twentieth,union,direct_tracker,2023-08,4.048038171445785,0.2,3.848038171445785,3.848038171445785,14.807397768903815,2023-07,2023-08-24T01:30:00+00:00,0.0,pseudo_real_time,
twentieth,union,direct_tracker,2023-09,4.786223108679501,0.4,4.3862231086795,4.3862231086795,19.23895315911406,2023-08,2023-09-24T01:30:00+00:00,0.0,pseudo_real_time,
twentieth,union,direct_tracker,2023-10,-0.7050174714395356,0.0,-0.7050174714395356,0.7050174714395356,0.4970496350349964,2023-09,2023-10-24T01:30:00+00:00,0.0,pseudo_real_time,
twentieth,union,direct_tracker,2023-11,-1.6895543406616045,-0.3,-1.3895543406616042,1.3895543406616042,1.9308612656515056,2023-10,2023-11-24T01:30:00+00:00,0.0,pseudo_real_time,
twentieth,union,direct_tracker,2023-12,-0.8207314636869865,-0.3,-0.5207314636869864,0.5207314636869864,0.2711612572735912,2023-11,2023-12-24T01:30:00+00:00,0.0,pseudo_real_time,
twentieth,union,direct_tracker,2024-01,-2.22582778443589,-0.2,-2.0258277844358896,2.0258277844358896,4.103978212192425,2023-12,2024-01-24T01:30:00+00:00,0.0,pseudo_real_time,
twentieth,union,direct_tracker,2024-04,-0.4534825121723688,-0.2,-0.2534825121723688,0.2534825121723688,0.0642533839772151,2024-01,2024-04-24T01:30:00+00:00,0.0,pseudo_real_time,
twentieth,union,direct_tracker,2024-05,1.388712071916102,0.2,1.1887120719161022,1.1887120719161022,1.4130363899190723,2024-04,2024-05-24T01:30:00+00:00,0.0,pseudo_real_time,
twentieth,union,direct_tracker,2024-06,1.1311129674632685,0.1,1.0311129674632682,1.0311129674632682,1.0631939516709068,2024-05,2024-06-24T01:30:00+00:00,0.0,pseudo_real_time,
twentieth,union,direct_tracker,2024-07,-0.9525203208418708,-0.2,-0.7525203208418707,0.7525203208418707,0.566286833279952,2024-06,2024-07-24T01:30:00+00:00,0.0,pseudo_real_time,
twentieth,union,direct_tracker,2024-08,-2.8510708899811616,-0.7,-2.151070889981161,2.151070889981161,4.627105973724346,2024-07,2024-08-24T01:30:00+00:00,0.0,pseudo_real_time,
twentieth,union,direct_tracker,2024-09,-1.1596746310355632,-0.6,-0.5596746310355633,0.5596746310355633,0.3132356926247938,2024-08,2024-09-24T01:30:00+00:00,0.0,pseudo_real_time,
twentieth,union,direct_tracker,2024-10,1.7827761396180233,-0.1,1.8827761396180236,1.8827761396180236,3.544845991914946,2024-09,2024-10-24T01:30:00+00:00,0.0,pseudo_real_time,
twentieth,union,direct_tracker,2024-11,-1.6594192520825743,-0.1,-1.5594192520825745,1.5594192520825745,2.431788403765775,2024-10,2024-11-24T01:30:00+00:00,0.0,pseudo_real_time,
twentieth,union,direct_tracker,2024-12,-0.6981663923791093,-0.1,-0.5981663923791093,0.5981663923791093,0.3578030329718385,2024-11,2024-12-24T01:30:00+00:00,0.0,pseudo_real_time,
twentieth,union,direct_tracker,2025-01,-0.7622281368512459,-0.2,-0.5622281368512458,0.5622281368512458,0.3161004778672232,2024-12,2025-01-24T01:30:00+00:00,0.0,pseudo_real_time,
twentieth,union,direct_tracker,2025-02,-0.2294167837759054,-0.1,-0.1294167837759054,0.1294167837759054,0.0167487039228994,2025-01,2025-02-24T01:30:00+00:00,0.0,pseudo_real_time,
twentieth,union,direct_tracker,2025-03,-1.1036526636040551,-0.4,-0.7036526636040551,0.7036526636040551,0.4951270709970815,2025-02,2025-03-24T01:30:00+00:00,0.0,pseudo_real_time,
twentieth,union,direct_tracker,2025-04,-2.5313105931102675,-0.4,-2.131310593110268,2.131310593110268,4.542484844304041,2025-03,2025-04-24T01:30:00+00:00,0.0,pseudo_real_time,
twentieth,union,direct_tracker,2025-05,-1.2024506961422377,-0.4,-0.8024506961422376,0.8024506961422376,0.6439271197391618,2025-04,2025-05-24T01:30:00+00:00,0.0,pseudo_real_time,
twentieth,union,direct_tracker,2025-06,-1.5105618917930737,-0.4,-1.1105618917930735,1.1105618917930735,1.2333477155030108,2025-05,2025-06-24T01:30:00+00:00,0.0,pseudo_real_time,
twentieth,union,direct_tracker,2025-07,0.2427951588036478,-0.2,0.4427951588036478,0.4427951588036478,0.1960675526599477,2025-06,2025-07-24T01:30:00+00:00,0.0,pseudo_real_time,
twentieth,union,direct_tracker,2025-08,2.1246596705787444,0.0,2.1246596705787444,2.1246596705787444,4.514178715783778,2025-07,2025-08-24T01:30:00+00:00,0.0,pseudo_real_time,
twentieth,union,direct_tracker,2025-09,-1.1364302885817346,0.0,-1.1364302885817346,1.1364302885817346,1.2914738008059643,2025-08,2025-09-24T01:30:00+00:00,0.0,pseudo_real_time,
twentieth,union,direct_tracker,2025-10,-1.1142852724464152,0.1,-1.2142852724464153,1.2142852724464153,1.474488722880265,2025-09,2025-10-24T01:30:00+00:00,0.0,pseudo_real_time,
twentieth,union,direct_tracker,2025-11,2.2270344882491537,0.1,2.1270344882491536,2.1270344882491536,4.524275714201339,2025-10,2025-11-24T01:30:00+00:00,0.0,pseudo_real_time,
twentieth,union,direct_tracker,2025-12,-1.181684701601707,0.2,-1.3816847016017066,1.3816847016017066,1.9090526146401967,2025-11,2025-12-24T01:30:00+00:00,0.0,pseudo_real_time,
twentieth,union,direct_tracker,2026-01,0.2127911023848378,0.4,-0.1872088976151621,0.1872088976151621,0.0350471713462842,2025-12,2026-01-24T01:30:00+00:00,0.0,pseudo_real_time,
twentieth,union,direct_tracker,2026-04,3.5531861911114277,1.7,1.8531861911114276,1.8531861911114276,3.43429905892608,2026-01,2026-04-24T01:30:00+00:00,0.0,pseudo_real_time,
twentieth,union,direct_tracker,2026-05,-0.3091129197475205,0.5,-0.8091129197475205,0.8091129197475205,0.6546637169023576,2026-04,2026-05-24T01:30:00+00:00,0.0,pseudo_real_time,
twentieth,union,direct_tracker,2026-06,-0.9944191151189092,-0.3,-0.6944191151189092,0.6944191151189092,0.4822179074425288,2026-05,2026-06-24T01:30:00+00:00,0.0,pseudo_real_time,
twentieth,union,direct_tracker,2026-07,-0.9877317464425852,-0.7,-0.2877317464425852,0.2877317464425852,0.0827895579109001,2026-06,2026-07-24T01:30:00+00:00,0.0,pseudo_real_time,
twentieth,union,direct_tracker,2026-08,0.9281450270690672,0.4,0.5281450270690671,0.5281450270690671,0.2789371696177856,2026-07,2026-08-24T01:30:00+00:00,0.0,pseudo_real_time,
twentieth,stable,histgb,2016-04,-0.1451749695854322,0.7,-0.8451749695854323,0.8451749695854323,0.7143207292137363,2016-03,2016-04-25T01:30:00+00:00,5.0,pseudo_real_time,
twentieth,stable,histgb,2016-05,-0.0897037495784644,0.5,-0.5897037495784645,0.5897037495784645,0.3477505122669003,2016-04,2016-05-24T01:30:00+00:00,5.0,pseudo_real_time,
twentieth,stable,histgb,2016-06,-0.14882860454386,-0.2,0.0511713954561399,0.0511713954561399,0.0026185117129286,2016-05,2016-06-24T01:30:00+00:00,5.0,pseudo_real_time,
twentieth,stable,histgb,2016-07,-0.0122503310943865,0.2,-0.2122503310943865,0.2122503310943865,0.0450502030496767,2016-06,2016-07-25T01:30:00+00:00,5.0,pseudo_real_time,
twentieth,stable,histgb,2016-08,-0.1375566547311158,0.2,-0.3375566547311158,0.3375566547311158,0.1139444951532617,2016-07,2016-08-24T01:30:00+00:00,25.0,pseudo_real_time,
twentieth,stable,histgb,2016-09,0.2455852893184201,0.5,-0.2544147106815799,0.2544147106815799,0.064726845011192,2016-08,2016-09-26T01:30:00+00:00,5.0,pseudo_real_time,
twentieth,stable,histgb,2016-10,0.2567167932679524,0.7,-0.4432832067320476,0.4432832067320476,0.1965000013706472,2016-09,2016-10-24T01:30:00+00:00,5.0,pseudo_real_time,
twentieth,stable,histgb,2016-11,0.4776691729125112,1.5,-1.022330827087489,1.022330827087489,1.0451603200133892,2016-10,2016-11-24T01:30:00+00:00,5.0,pseudo_real_time,
twentieth,stable,histgb,2016-12,0.3773731055409959,1.6,-1.2226268944590042,1.2226268944590042,1.494816523054469,2016-11,2016-12-26T01:30:00+00:00,5.0,pseudo_real_time,
twentieth,stable,histgb,2017-01,-0.4116501862438963,0.8,-1.2116501862438964,1.2116501862438964,1.4680961738248688,2016-12,2017-01-24T01:30:00+00:00,5.0,pseudo_real_time,
twentieth,stable,histgb,2017-02,0.2686707395729428,0.6,-0.3313292604270572,0.3313292604270572,0.1097790788151406,2017-01,2017-02-24T01:30:00+00:00,25.0,pseudo_real_time,
twentieth,stable,histgb,2017-03,0.3537747868076447,0.3,0.0537747868076446,0.0537747868076446,0.0028917276962076,2017-02,2017-03-24T01:30:00+00:00,5.0,pseudo_real_time,
twentieth,stable,histgb,2017-04,-0.6100709352185604,-0.4,-0.2100709352185603,0.2100709352185603,0.0441297978236005,2017-03,2017-04-24T01:30:00+00:00,5.0,pseudo_real_time,
twentieth,stable,histgb,2017-05,-0.3100316548643983,-0.3,-0.0100316548643983,0.0100316548643983,0.0001006340993184,2017-04,2017-05-24T01:30:00+00:00,5.0,pseudo_real_time,
twentieth,stable,histgb,2017-06,-0.2083672762479504,-0.2,-0.0083672762479504,0.0083672762479504,7.001131180951613e-05,2017-05,2017-06-26T01:30:00+00:00,5.0,pseudo_real_time,
twentieth,stable,histgb,2017-07,0.583965623478085,0.2,0.383965623478085,0.383965623478085,0.1474296000129145,2017-06,2017-07-24T01:30:00+00:00,5.0,pseudo_real_time,
twentieth,stable,histgb,2017-08,0.5064748461347258,0.9,-0.3935251538652742,0.3935251538652742,0.1548620467246877,2017-07,2017-08-24T01:30:00+00:00,5.0,pseudo_real_time,
twentieth,stable,histgb,2017-09,0.9345402400292412,1.0,-0.0654597599707588,0.0654597599707588,0.0042849801754293,2017-08,2017-09-25T01:30:00+00:00,5.0,pseudo_real_time,
twentieth,stable,histgb,2017-10,0.0878758994272244,0.7,-0.6121241005727754,0.6121241005727754,0.3746959145020293,2017-09,2017-10-24T01:30:00+00:00,5.0,pseudo_real_time,
twentieth,stable,histgb,2017-11,0.3541773934926574,0.5,-0.1458226065073425,0.1458226065073425,0.0212642325685952,2017-10,2017-11-24T01:30:00+00:00,5.0,pseudo_real_time,
twentieth,stable,histgb,2017-12,0.3446285909406014,0.8,-0.4553714090593986,0.4553714090593986,0.2073631201887421,2017-11,2017-12-25T01:30:00+00:00,5.0,pseudo_real_time,
twentieth,stable,histgb,2018-01,-0.0340920240071231,0.3,-0.334092024007123,0.334092024007123,0.1116174805051761,2017-12,2018-01-24T01:30:00+00:00,5.0,pseudo_real_time,
twentieth,stable,histgb,2018-04,-0.3140650443022154,-0.2,-0.1140650443022153,0.1140650443022153,0.0130108343316663,2018-01,2018-04-24T01:30:00+00:00,5.0,pseudo_real_time,
twentieth,stable,histgb,2018-05,0.5682120197991636,0.4,0.1682120197991635,0.1682120197991635,0.0282952836049141,2018-04,2018-05-24T01:30:00+00:00,5.0,pseudo_real_time,
twentieth,stable,histgb,2018-06,-0.1348596550956904,0.3,-0.4348596550956904,0.4348596550956904,0.1891029196299428,2018-05,2018-06-25T01:30:00+00:00,5.0,pseudo_real_time,
twentieth,stable,histgb,2018-07,-0.3036832535006685,0.1,-0.4036832535006686,0.4036832535006686,0.162960169156885,2018-06,2018-07-24T01:30:00+00:00,5.0,pseudo_real_time,
twentieth,stable,histgb,2018-08,0.4613980333299387,0.4,0.0613980333299386,0.0613980333299386,0.0037697184967842,2018-07,2018-08-24T01:30:00+00:00,5.0,pseudo_real_time,
twentieth,stable,histgb,2018-09,0.4395225914542039,0.6,-0.160477408545796,0.160477408545796,0.0257529986535743,2018-08,2018-09-25T01:30:00+00:00,5.0,pseudo_real_time,
twentieth,stable,histgb,2018-10,0.2540956588389465,0.4,-0.1459043411610535,0.1459043411610535,0.021288076769641,2018-09,2018-10-24T01:30:00+00:00,5.0,pseudo_real_time,
twentieth,stable,histgb,2018-11,-0.461956402850736,-0.2,-0.261956402850736,0.261956402850736,0.0686211569944971,2018-10,2018-11-26T01:30:00+00:00,5.0,pseudo_real_time,
twentieth,stable,histgb,2018-12,-0.4781885050763504,-1.0,0.5218114949236496,0.5218114949236496,0.272287236234454,2018-11,2018-12-24T01:30:00+00:00,5.0,pseudo_real_time,
twentieth,stable,histgb,2019-01,-0.4039790323783416,-0.6,0.1960209676216583,0.1960209676216583,0.0384242197473312,2018-12,2019-01-24T01:30:00+00:00,5.0,pseudo_real_time,
twentieth,stable,histgb,2019-02,0.1999119606615268,-0.1,0.2999119606615268,0.2999119606615268,0.0899471841478412,2019-01,2019-02-25T01:30:00+00:00,5.0,pseudo_real_time,
twentieth,stable,histgb,2019-03,0.0249098469404801,0.1,-0.0750901530595198,0.0750901530595198,0.0056385310865021,2019-02,2019-03-25T01:30:00+00:00,5.0,pseudo_real_time,
twentieth,stable,histgb,2019-04,0.0611355244499254,0.3,-0.2388644755500745,0.2388644755500745,0.0570562376798121,2019-03,2019-04-24T01:30:00+00:00,5.0,pseudo_real_time,
twentieth,stable,histgb,2019-07,0.1371661467795367,-0.2,0.3371661467795367,0.3371661467795367,0.1136810105341601,2019-04,2019-07-24T01:30:00+00:00,5.0,pseudo_real_time,
twentieth,stable,histgb,2019-08,0.1174407786373162,-0.1,0.2174407786373162,0.2174407786373162,0.0472804922144023,2019-07,2019-08-26T01:30:00+00:00,5.0,pseudo_real_time,
twentieth,stable,histgb,2019-09,0.1539842933603755,0.1,0.0539842933603755,0.0539842933603755,0.002914303929619,2019-08,2019-09-24T01:30:00+00:00,5.0,pseudo_real_time,
twentieth,stable,histgb,2019-10,-0.2807064909184869,0.1,-0.3807064909184868,0.3807064909184868,0.1449374322274679,2019-09,2019-10-24T01:30:00+00:00,5.0,pseudo_real_time,
twentieth,stable,histgb,2019-11,-0.4111412968706976,-0.1,-0.3111412968706976,0.3111412968706976,0.0968089066183795,2019-10,2019-11-25T01:30:00+00:00,5.0,pseudo_real_time,
twentieth,stable,histgb,2019-12,0.1430238708041149,0.0,0.1430238708041149,0.1430238708041149,0.0204558276197921,2019-11,2019-12-24T01:30:00+00:00,5.0,pseudo_real_time,
twentieth,stable,histgb,2020-01,-0.1859535555882017,0.0,-0.1859535555882017,0.1859535555882017,0.0345787248358944,2019-12,2020-01-23T01:30:00+00:00,5.0,pseudo_real_time,
twentieth,stable,histgb,2020-02,-0.1448678102218006,-0.5,0.3551321897781994,0.3551321897781994,0.126118872216659,2020-01,2020-02-24T01:30:00+00:00,25.0,pseudo_real_time,
twentieth,stable,histgb,2020-03,-0.1215132557970254,-1.0,0.8784867442029746,0.8784867442029746,0.7717389597403425,2020-02,2020-03-24T01:30:00+00:00,25.0,pseudo_real_time,
twentieth,stable,histgb,2020-04,-0.1941906000260484,-1.3,1.1058093999739516,1.1058093999739516,1.2228144290707508,2020-03,2020-04-24T01:30:00+00:00,5.0,pseudo_real_time,
twentieth,stable,histgb,2020-05,-0.1001555151357167,-0.4,0.2998444848642832,0.2998444848642832,0.0899067151035273,2020-04,2020-05-25T01:30:00+00:00,25.0,pseudo_real_time,
twentieth,stable,histgb,2020-06,-0.0858791527617316,0.4,-0.4858791527617316,0.4858791527617316,0.2360785510884581,2020-05,2020-06-24T01:30:00+00:00,5.0,pseudo_real_time,
twentieth,stable,histgb,2020-07,0.0543172751359784,0.4,-0.3456827248640216,0.3456827248640216,0.1194965462694148,2020-06,2020-07-24T01:30:00+00:00,5.0,pseudo_real_time,
twentieth,stable,histgb,2020-08,0.5544221002915231,0.3,0.254422100291523,0.254422100291523,0.0647306051167498,2020-07,2020-08-24T01:30:00+00:00,5.0,pseudo_real_time,
twentieth,stable,histgb,2020-09,0.354037578070106,0.1,0.2540375780701061,0.2540375780701061,0.0645350910717252,2020-08,2020-09-24T01:30:00+00:00,5.0,pseudo_real_time,
twentieth,stable,histgb,2020-10,0.2803428990164793,0.0,0.2803428990164793,0.2803428990164793,0.0785921410289639,2020-09,2020-10-26T01:30:00+00:00,5.0,pseudo_real_time,
twentieth,stable,histgb,2020-11,0.6047059901687531,0.5,0.1047059901687531,0.1047059901687531,0.010963344377219,2020-10,2020-11-24T01:30:00+00:00,5.0,pseudo_real_time,
twentieth,stable,histgb,2020-12,0.7304668648951431,1.1,-0.3695331351048569,0.3695331351048569,0.1365547379404244,2020-11,2020-12-24T01:30:00+00:00,5.0,pseudo_real_time,
twentieth,stable,histgb,2021-01,0.8751726680195666,1.0,-0.1248273319804333,0.1248273319804333,0.0155818628093533,2020-12,2021-01-25T01:30:00+00:00,5.0,pseudo_real_time,
twentieth,stable,histgb,2021-04,0.6411005119977075,0.9,-0.2588994880022925,0.2588994880022925,0.0670289448878492,2021-01,2021-04-25T01:30:00+00:00,5.0,pseudo_real_time,
twentieth,stable,histgb,2021-05,0.7988779603310787,1.6,-0.8011220396689214,0.8011220396689214,0.6417965224432928,2021-04,2021-05-24T01:30:00+00:00,5.0,pseudo_real_time,
twentieth,stable,histgb,2021-06,-0.0658233070093268,0.3,-0.3658233070093268,0.3658233070093268,0.1338266919512401,2021-05,2021-06-24T01:30:00+00:00,5.0,pseudo_real_time,
twentieth,stable,histgb,2021-07,0.0442036675063582,0.5,-0.4557963324936417,0.4557963324936417,0.2077502967146544,2021-06,2021-07-26T01:30:00+00:00,5.0,pseudo_real_time,
twentieth,stable,histgb,2021-08,0.3992554284939411,0.7,-0.3007445715060589,0.3007445715060589,0.0904472972903629,2021-07,2021-08-24T01:30:00+00:00,5.0,pseudo_real_time,
twentieth,stable,histgb,2021-09,0.7075853321490403,1.2,-0.4924146678509596,0.4924146678509596,0.2424722051147709,2021-08,2021-09-24T01:30:00+00:00,5.0,pseudo_real_time,
twentieth,stable,histgb,2021-10,1.0387511215108192,2.5,-1.4612488784891808,1.4612488784891808,2.135248284885889,2021-09,2021-10-25T01:30:00+00:00,5.0,pseudo_real_time,
twentieth,stable,histgb,2021-11,-0.5595978899745995,0.0,-0.5595978899745995,0.5595978899745995,0.3131497984640239,2021-10,2021-11-24T01:30:00+00:00,5.0,pseudo_real_time,
twentieth,stable,histgb,2021-12,-0.5758972132893281,-1.2,0.6241027867106719,0.6241027867106719,0.3895042883800264,2021-11,2021-12-24T01:30:00+00:00,5.0,pseudo_real_time,
twentieth,stable,histgb,2022-01,-0.2682750118266043,-0.2,-0.0682750118266042,0.0682750118266042,0.0046614772399229,2021-12,2022-01-24T01:30:00+00:00,5.0,pseudo_real_time,
twentieth,stable,histgb,2022-02,0.5120889245395766,0.5,0.0120889245395765,0.0120889245395765,0.0001461420965235,2022-01,2022-02-24T01:30:00+00:00,5.0,pseudo_real_time,
twentieth,stable,histgb,2022-03,0.6039088499321409,1.1,-0.4960911500678592,0.4960911500678592,0.2461064291756512,2022-02,2022-03-24T01:30:00+00:00,5.0,pseudo_real_time,
twentieth,stable,histgb,2022-04,0.4100742364410195,0.6,-0.1899257635589804,0.1899257635589804,0.0360717956634617,2022-03,2022-04-24T01:30:00+00:00,5.0,pseudo_real_time,
twentieth,stable,histgb,2022-05,-0.275525795482096,0.1,-0.3755257954820961,0.3755257954820961,0.141019623072461,2022-04,2022-05-24T01:30:00+00:00,5.0,pseudo_real_time,
twentieth,stable,histgb,2022-06,-0.0235073940000197,0.0,-0.0235073940000197,0.0235073940000197,0.0005525975726721,2022-05,2022-06-24T01:30:00+00:00,5.0,pseudo_real_time,
twentieth,stable,histgb,2022-07,-0.6047411070039647,-1.3,0.6952588929960354,0.6952588929960354,0.4833849282900725,2022-06,2022-07-24T01:30:00+00:00,5.0,pseudo_real_time,
twentieth,stable,histgb,2022-08,-0.8325670834814347,-1.2,0.3674329165185652,0.3674329165185652,0.1350069481413389,2022-07,2022-08-24T01:30:00+00:00,5.0,pseudo_real_time,
twentieth,stable,histgb,2022-09,-0.1069779774226256,-0.1,-0.0069779774226256,0.0069779774226256,4.869216891067355e-05,2022-08,2022-09-24T01:30:00+00:00,5.0,pseudo_real_time,
twentieth,stable,histgb,2022-10,0.1647337088810088,0.2,-0.0352662911189911,0.0352662911189911,0.0012437112892894,2022-09,2022-10-24T01:30:00+00:00,5.0,pseudo_real_time,
twentieth,stable,histgb,2022-11,-0.7783124605859537,0.1,-0.8783124605859537,0.8783124605859537,0.7714327784205525,2022-10,2022-11-24T01:30:00+00:00,5.0,pseudo_real_time,
twentieth,stable,histgb,2022-12,-0.3696198459636311,-0.5,0.1303801540363688,0.1303801540363688,0.0169989845665472,2022-11,2022-12-24T01:30:00+00:00,5.0,pseudo_real_time,
twentieth,stable,histgb,2023-01,0.1979679877024115,-0.4,0.5979679877024116,0.5979679877024116,0.3575657143168714,2022-12,2023-01-24T01:30:00+00:00,5.0,pseudo_real_time,
twentieth,stable,histgb,2023-02,-0.1141383336723561,0.0,-0.1141383336723561,0.1141383336723561,0.0130275592135021,2023-01,2023-02-24T01:30:00+00:00,5.0,pseudo_real_time,
twentieth,stable,histgb,2023-03,0.2947139597824958,0.0,0.2947139597824958,0.2947139597824958,0.0868563180906785,2023-02,2023-03-24T01:30:00+00:00,5.0,pseudo_real_time,
twentieth,stable,histgb,2023-04,-0.1482952223305302,-0.5,0.3517047776694697,0.3517047776694697,0.1236962506355311,2023-03,2023-04-24T01:30:00+00:00,5.0,pseudo_real_time,
twentieth,stable,histgb,2023-05,-0.5863386279495911,-0.9,0.3136613720504089,0.3136613720504089,0.098383456316545,2023-04,2023-05-24T01:30:00+00:00,5.0,pseudo_real_time,
twentieth,stable,histgb,2023-06,-0.2611435658563138,-0.8,0.5388564341436862,0.5388564341436862,0.2903662566180488,2023-05,2023-06-24T01:30:00+00:00,5.0,pseudo_real_time,
twentieth,stable,histgb,2023-07,0.4091859543692179,-0.2,0.609185954369218,0.609185954369218,0.3711075270007349,2023-06,2023-07-24T01:30:00+00:00,5.0,pseudo_real_time,
twentieth,stable,histgb,2023-08,0.2568383036265237,0.2,0.0568383036265237,0.0568383036265237,0.0032305927591408,2023-07,2023-08-24T01:30:00+00:00,5.0,pseudo_real_time,
twentieth,stable,histgb,2023-09,0.3491231854756764,0.4,-0.0508768145243235,0.0508768145243235,0.0025884502561424,2023-08,2023-09-24T01:30:00+00:00,5.0,pseudo_real_time,
twentieth,stable,histgb,2023-10,-0.3858745442360586,0.0,-0.3858745442360586,0.3858745442360586,0.1488991638893859,2023-09,2023-10-24T01:30:00+00:00,5.0,pseudo_real_time,
twentieth,stable,histgb,2023-11,-0.3254629314246871,-0.3,-0.0254629314246871,0.0254629314246871,0.0006483608767383,2023-10,2023-11-24T01:30:00+00:00,5.0,pseudo_real_time,
twentieth,stable,histgb,2023-12,-0.1455368503796844,-0.3,0.1544631496203155,0.1544631496203155,0.0238588645906279,2023-11,2023-12-24T01:30:00+00:00,5.0,pseudo_real_time,
twentieth,stable,histgb,2024-01,-0.3421557012687034,-0.2,-0.1421557012687034,0.1421557012687034,0.0202082434031968,2023-12,2024-01-24T01:30:00+00:00,5.0,pseudo_real_time,
twentieth,stable,histgb,2024-04,-0.074364245746424,-0.2,0.1256357542535759,0.1256357542535759,0.0157843427468649,2024-01,2024-04-24T01:30:00+00:00,5.0,pseudo_real_time,
twentieth,stable,histgb,2024-05,0.2209575147583077,0.2,0.0209575147583077,0.0209575147583077,0.0004392174248446,2024-04,2024-05-24T01:30:00+00:00,5.0,pseudo_real_time,
twentieth,stable,histgb,2024-06,0.0961078856270698,0.1,-0.0038921143729301,0.0038921143729301,1.5148554291969431e-05,2024-05,2024-06-24T01:30:00+00:00,5.0,pseudo_real_time,
twentieth,stable,histgb,2024-07,-0.3853071011225923,-0.2,-0.1853071011225923,0.1853071011225923,0.0343387217264586,2024-06,2024-07-24T01:30:00+00:00,5.0,pseudo_real_time,
twentieth,stable,histgb,2024-08,-0.3179820620859352,-0.7,0.3820179379140647,0.3820179379140647,0.1459377048881142,2024-07,2024-08-24T01:30:00+00:00,5.0,pseudo_real_time,
twentieth,stable,histgb,2024-09,-0.1261253606159442,-0.6,0.4738746393840557,0.4738746393840557,0.2245571738513688,2024-08,2024-09-24T01:30:00+00:00,5.0,pseudo_real_time,
twentieth,stable,histgb,2024-10,0.4442893315959453,-0.1,0.5442893315959453,0.5442893315959453,0.2962508764891609,2024-09,2024-10-24T01:30:00+00:00,5.0,pseudo_real_time,
twentieth,stable,histgb,2024-11,-0.2865042061529346,-0.1,-0.1865042061529346,0.1865042061529346,0.0347838189127363,2024-10,2024-11-24T01:30:00+00:00,5.0,pseudo_real_time,
twentieth,stable,histgb,2024-12,-0.1953947543956333,-0.1,-0.0953947543956333,0.0953947543956333,0.0091001591662032,2024-11,2024-12-24T01:30:00+00:00,5.0,pseudo_real_time,
twentieth,stable,histgb,2025-01,-0.156880146712401,-0.2,0.043119853287599,0.043119853287599,0.001859321747544,2024-12,2025-01-24T01:30:00+00:00,5.0,pseudo_real_time,
twentieth,stable,histgb,2025-02,-0.1090492778074038,-0.1,-0.0090492778074038,0.0090492778074038,8.188942883557102e-05,2025-01,2025-02-24T01:30:00+00:00,5.0,pseudo_real_time,
twentieth,stable,histgb,2025-03,-0.1435693542069421,-0.4,0.2564306457930578,0.2564306457930578,0.0657566761018447,2025-02,2025-03-24T01:30:00+00:00,5.0,pseudo_real_time,
twentieth,stable,histgb,2025-04,-0.7287935636333794,-0.4,-0.3287935636333794,0.3287935636333794,0.1081052074867371,2025-03,2025-04-24T01:30:00+00:00,5.0,pseudo_real_time,
twentieth,stable,histgb,2025-05,-0.3740559856456882,-0.4,0.0259440143543118,0.0259440143543118,0.0006730918808167,2025-04,2025-05-24T01:30:00+00:00,5.0,pseudo_real_time,
twentieth,stable,histgb,2025-06,-0.2240605459200602,-0.4,0.1759394540799398,0.1759394540799398,0.0309546915019472,2025-05,2025-06-24T01:30:00+00:00,5.0,pseudo_real_time,
twentieth,stable,histgb,2025-07,0.3092202574107002,-0.2,0.5092202574107003,0.5092202574107003,0.2593052705574198,2025-06,2025-07-24T01:30:00+00:00,5.0,pseudo_real_time,
twentieth,stable,histgb,2025-08,0.1250689987731271,0.0,0.1250689987731271,0.1250689987731271,0.0156422544541124,2025-07,2025-08-24T01:30:00+00:00,5.0,pseudo_real_time,
twentieth,stable,histgb,2025-09,-0.1851718932196844,0.0,-0.1851718932196844,0.1851718932196844,0.0342886300385622,2025-08,2025-09-24T01:30:00+00:00,5.0,pseudo_real_time,
twentieth,stable,histgb,2025-10,-0.3650860649886282,0.1,-0.4650860649886282,0.4650860649886282,0.2163050478466065,2025-09,2025-10-24T01:30:00+00:00,5.0,pseudo_real_time,
twentieth,stable,histgb,2025-11,0.0879459666386432,0.1,-0.0120540333613567,0.0120540333613567,0.0001452997202767,2025-10,2025-11-24T01:30:00+00:00,5.0,pseudo_real_time,
twentieth,stable,histgb,2025-12,-0.0780746714754589,0.2,-0.2780746714754589,0.2780746714754589,0.0773255229161844,2025-11,2025-12-24T01:30:00+00:00,5.0,pseudo_real_time,
twentieth,stable,histgb,2026-01,0.0069105994560371,0.4,-0.3930894005439629,0.3930894005439629,0.1545192768200121,2025-12,2026-01-24T01:30:00+00:00,5.0,pseudo_real_time,
twentieth,stable,histgb,2026-04,0.5229829296560723,1.7,-1.1770170703439278,1.1770170703439278,1.3853691838810027,2026-01,2026-04-24T01:30:00+00:00,5.0,pseudo_real_time,
twentieth,stable,histgb,2026-05,-0.0413748035689757,0.5,-0.5413748035689757,0.5413748035689757,0.293086677939347,2026-04,2026-05-24T01:30:00+00:00,5.0,pseudo_real_time,
twentieth,stable,histgb,2026-06,-0.2601974860879832,-0.3,0.0398025139120167,0.0398025139120167,0.0015842401137162,2026-05,2026-06-24T01:30:00+00:00,5.0,pseudo_real_time,
twentieth,stable,histgb,2026-07,-0.0041691722517578,-0.7,0.6958308277482421,0.6958308277482421,0.4841805408448038,2026-06,2026-07-24T01:30:00+00:00,5.0,pseudo_real_time,
twentieth,stable,histgb,2026-08,0.1408486076350638,0.4,-0.2591513923649362,0.2591513923649362,0.0671594441646851,2026-07,2026-08-24T01:30:00+00:00,5.0,pseudo_real_time,
twentieth,stable,xgboost,2016-04,-0.2373604774475097,0.7,-0.9373604774475096,0.9373604774475096,0.8786446646806234,2016-03,2016-04-25T01:30:00+00:00,25.0,pseudo_real_time,
twentieth,stable,xgboost,2016-05,-0.292684406042099,0.5,-0.792684406042099,0.792684406042099,0.6283485675823153,2016-04,2016-05-24T01:30:00+00:00,25.0,pseudo_real_time,
twentieth,stable,xgboost,2016-06,-0.1696734726428985,-0.2,0.0303265273571014,0.0303265273571014,0.000919698261541,2016-05,2016-06-24T01:30:00+00:00,5.0,pseudo_real_time,
twentieth,stable,xgboost,2016-07,-0.2138405442237854,0.2,-0.4138405442237854,0.4138405442237854,0.1712639960434389,2016-06,2016-07-25T01:30:00+00:00,5.0,pseudo_real_time,
twentieth,stable,xgboost,2016-08,-0.0582897327840328,0.2,-0.2582897327840328,0.2582897327840328,0.066713586061647,2016-07,2016-08-24T01:30:00+00:00,5.0,pseudo_real_time,
twentieth,stable,xgboost,2016-09,0.2301712483167648,0.5,-0.2698287516832351,0.2698287516832351,0.0728075552349329,2016-08,2016-09-26T01:30:00+00:00,5.0,pseudo_real_time,
twentieth,stable,xgboost,2016-10,0.2696284055709839,0.7,-0.430371594429016,0.430371594429016,0.1852197092913735,2016-09,2016-10-24T01:30:00+00:00,5.0,pseudo_real_time,
twentieth,stable,xgboost,2016-11,0.3655911684036255,1.5,-1.1344088315963743,1.1344088315963743,1.2868833972038516,2016-10,2016-11-24T01:30:00+00:00,5.0,pseudo_real_time,
twentieth,stable,xgboost,2016-12,0.2609409689903259,1.6,-1.3390590310096742,1.3390590310096742,1.7930790885285677,2016-11,2016-12-26T01:30:00+00:00,25.0,pseudo_real_time,
twentieth,stable,xgboost,2017-01,-0.2365818470716476,0.8,-1.0365818470716477,1.0365818470716477,1.0745019256784687,2016-12,2017-01-24T01:30:00+00:00,25.0,pseudo_real_time,
twentieth,stable,xgboost,2017-02,0.158473253250122,0.6,-0.4415267467498779,0.4415267467498779,0.1949458680955308,2017-01,2017-02-24T01:30:00+00:00,25.0,pseudo_real_time,
twentieth,stable,xgboost,2017-03,0.140990525484085,0.3,-0.1590094745159149,0.1590094745159149,0.0252840129858273,2017-02,2017-03-24T01:30:00+00:00,5.0,pseudo_real_time,
twentieth,stable,xgboost,2017-04,-0.3962442278861999,-0.4,0.0037557721138,0.0037557721138,1.4105824170798251e-05,2017-03,2017-04-24T01:30:00+00:00,5.0,pseudo_real_time,
twentieth,stable,xgboost,2017-05,-0.2294954061508178,-0.3,0.0705045938491821,0.0705045938491821,0.0049708977538381,2017-04,2017-05-24T01:30:00+00:00,5.0,pseudo_real_time,
twentieth,stable,xgboost,2017-06,-0.1320501714944839,-0.2,0.067949828505516,0.067949828505516,0.004617179193929,2017-05,2017-06-26T01:30:00+00:00,5.0,pseudo_real_time,
twentieth,stable,xgboost,2017-07,0.4142272770404815,0.2,0.2142272770404815,0.2142272770404815,0.0458933262281792,2017-06,2017-07-24T01:30:00+00:00,5.0,pseudo_real_time,
twentieth,stable,xgboost,2017-08,0.5726451277732849,0.9,-0.3273548722267151,0.3273548722267151,0.1071612123705689,2017-07,2017-08-24T01:30:00+00:00,5.0,pseudo_real_time,
twentieth,stable,xgboost,2017-09,0.8432437181472778,1.0,-0.1567562818527221,0.1567562818527221,0.02457253190029,2017-08,2017-09-25T01:30:00+00:00,5.0,pseudo_real_time,
twentieth,stable,xgboost,2017-10,0.0446258410811424,0.7,-0.6553741589188575,0.6553741589188575,0.4295152881785999,2017-09,2017-10-24T01:30:00+00:00,5.0,pseudo_real_time,
twentieth,stable,xgboost,2017-11,0.2386607378721237,0.5,-0.2613392621278763,0.2613392621278763,0.0682982099295428,2017-10,2017-11-24T01:30:00+00:00,5.0,pseudo_real_time,
twentieth,stable,xgboost,2017-12,0.3401206433773041,0.8,-0.4598793566226959,0.4598793566226959,0.2114890226477047,2017-11,2017-12-25T01:30:00+00:00,5.0,pseudo_real_time,
twentieth,stable,xgboost,2018-01,0.0421060323715209,0.3,-0.257893967628479,0.257893967628479,0.0665092985391589,2017-12,2018-01-24T01:30:00+00:00,5.0,pseudo_real_time,
twentieth,stable,xgboost,2018-04,-0.2010304778814315,-0.2,-0.0010304778814315,0.0010304778814315,1.0618846641196938e-06,2018-01,2018-04-24T01:30:00+00:00,5.0,pseudo_real_time,
twentieth,stable,xgboost,2018-05,0.3954320847988128,0.4,-0.0045679152011871,0.0045679152011871,2.086584928523669e-05,2018-04,2018-05-24T01:30:00+00:00,5.0,pseudo_real_time,
twentieth,stable,xgboost,2018-06,-0.1748744249343872,0.3,-0.4748744249343872,0.4748744249343872,0.2255057194567649,2018-05,2018-06-25T01:30:00+00:00,5.0,pseudo_real_time,
twentieth,stable,xgboost,2018-07,-0.1978635638952255,0.1,-0.2978635638952255,0.2978635638952255,0.088722702696365,2018-06,2018-07-24T01:30:00+00:00,5.0,pseudo_real_time,
twentieth,stable,xgboost,2018-08,0.3823426365852356,0.4,-0.0176573634147644,0.0176573634147644,0.000311782482761,2018-07,2018-08-24T01:30:00+00:00,5.0,pseudo_real_time,
twentieth,stable,xgboost,2018-09,0.5918287634849548,0.6,-0.0081712365150451,0.0081712365150451,6.67691061848071e-05,2018-08,2018-09-25T01:30:00+00:00,5.0,pseudo_real_time,
twentieth,stable,xgboost,2018-10,0.2446634322404861,0.4,-0.1553365677595138,0.1553365677595138,0.024129449283306,2018-09,2018-10-24T01:30:00+00:00,5.0,pseudo_real_time,
twentieth,stable,xgboost,2018-11,-0.396805852651596,-0.2,-0.196805852651596,0.196805852651596,0.0387325436379217,2018-10,2018-11-26T01:30:00+00:00,5.0,pseudo_real_time,
twentieth,stable,xgboost,2018-12,-0.4425171017646789,-1.0,0.557482898235321,0.557482898235321,0.3107871818248533,2018-11,2018-12-24T01:30:00+00:00,5.0,pseudo_real_time,
twentieth,stable,xgboost,2019-01,-0.3169365227222442,-0.6,0.2830634772777557,0.2830634772777557,0.0801249321685745,2018-12,2019-01-24T01:30:00+00:00,5.0,pseudo_real_time,
twentieth,stable,xgboost,2019-02,0.0813976228237152,-0.1,0.1813976228237152,0.1813976228237152,0.0329050975660948,2019-01,2019-02-25T01:30:00+00:00,5.0,pseudo_real_time,
twentieth,stable,xgboost,2019-03,0.1252912133932113,0.1,0.0252912133932113,0.0252912133932113,0.0006396454749009,2019-02,2019-03-25T01:30:00+00:00,5.0,pseudo_real_time,
twentieth,stable,xgboost,2019-04,0.0429224111139774,0.3,-0.2570775888860225,0.2570775888860225,0.0660888867074508,2019-03,2019-04-24T01:30:00+00:00,5.0,pseudo_real_time,
twentieth,stable,xgboost,2019-07,0.0689587891101837,-0.2,0.2689587891101837,0.2689587891101837,0.0723388302396162,2019-04,2019-07-24T01:30:00+00:00,5.0,pseudo_real_time,
twentieth,stable,xgboost,2019-08,-0.0797542929649353,-0.1,0.0202457070350647,0.0202457070350647,0.0004098886533496,2019-07,2019-08-26T01:30:00+00:00,5.0,pseudo_real_time,
twentieth,stable,xgboost,2019-09,0.1120134219527244,0.1,0.0120134219527244,0.0120134219527244,0.0001443223070142,2019-08,2019-09-24T01:30:00+00:00,5.0,pseudo_real_time,
twentieth,stable,xgboost,2019-10,-0.2953222990036011,0.1,-0.395322299003601,0.395322299003601,0.1562797200894925,2019-09,2019-10-24T01:30:00+00:00,5.0,pseudo_real_time,
twentieth,stable,xgboost,2019-11,-0.3482533097267151,-0.1,-0.248253309726715,0.248253309726715,0.0616297057902683,2019-10,2019-11-25T01:30:00+00:00,5.0,pseudo_real_time,
twentieth,stable,xgboost,2019-12,0.1519763022661209,0.0,0.1519763022661209,0.1519763022661209,0.0230967964504833,2019-11,2019-12-24T01:30:00+00:00,5.0,pseudo_real_time,
twentieth,stable,xgboost,2020-01,-0.1707484126091003,0.0,-0.1707484126091003,0.1707484126091003,0.0291550204085275,2019-12,2020-01-23T01:30:00+00:00,5.0,pseudo_real_time,
twentieth,stable,xgboost,2020-02,-0.2441381514072418,-0.5,0.2558618485927582,0.2558618485927582,0.0654652855653035,2020-01,2020-02-24T01:30:00+00:00,5.0,pseudo_real_time,
twentieth,stable,xgboost,2020-03,0.0272705499082803,-1.0,1.0272705499082804,1.0272705499082804,1.0552847827088607,2020-02,2020-03-24T01:30:00+00:00,5.0,pseudo_real_time,
twentieth,stable,xgboost,2020-04,-0.3195636868476867,-1.3,0.9804363131523132,0.9804363131523132,0.9612553641477009,2020-03,2020-04-24T01:30:00+00:00,5.0,pseudo_real_time,
twentieth,stable,xgboost,2020-05,-0.0734602063894271,-0.4,0.3265397936105728,0.3265397936105728,0.1066282368112355,2020-04,2020-05-25T01:30:00+00:00,5.0,pseudo_real_time,
twentieth,stable,xgboost,2020-06,-0.0529042594134807,0.4,-0.4529042594134808,0.4529042594134808,0.2051222681948735,2020-05,2020-06-24T01:30:00+00:00,5.0,pseudo_real_time,
twentieth,stable,xgboost,2020-07,0.1670434027910232,0.4,-0.2329565972089767,0.2329565972089767,0.0542687761831854,2020-06,2020-07-24T01:30:00+00:00,5.0,pseudo_real_time,
twentieth,stable,xgboost,2020-08,0.5020182132720947,0.3,0.2020182132720947,0.2020182132720947,0.0408113584936495,2020-07,2020-08-24T01:30:00+00:00,5.0,pseudo_real_time,
twentieth,stable,xgboost,2020-09,0.3041235506534576,0.1,0.2041235506534576,0.2041235506534576,0.0416664239313746,2020-08,2020-09-24T01:30:00+00:00,5.0,pseudo_real_time,
twentieth,stable,xgboost,2020-10,0.3244485259056091,0.0,0.3244485259056091,0.3244485259056091,0.1052668459623227,2020-09,2020-10-26T01:30:00+00:00,5.0,pseudo_real_time,
twentieth,stable,xgboost,2020-11,0.561006486415863,0.5,0.061006486415863,0.061006486415863,0.0037217913848088,2020-10,2020-11-24T01:30:00+00:00,5.0,pseudo_real_time,
twentieth,stable,xgboost,2020-12,0.7869260311126709,1.1,-0.3130739688873292,0.3130739688873292,0.0980153099948643,2020-11,2020-12-24T01:30:00+00:00,5.0,pseudo_real_time,
twentieth,stable,xgboost,2021-01,0.8613764643669128,1.0,-0.1386235356330871,0.1386235356330871,0.0192164846314177,2020-12,2021-01-25T01:30:00+00:00,5.0,pseudo_real_time,
twentieth,stable,xgboost,2021-04,0.5733497142791748,0.9,-0.3266502857208252,0.3266502857208252,0.1067004091614967,2021-01,2021-04-25T01:30:00+00:00,5.0,pseudo_real_time,
twentieth,stable,xgboost,2021-05,0.80693519115448,1.6,-0.7930648088455201,0.7930648088455201,0.6289517910291813,2021-04,2021-05-24T01:30:00+00:00,5.0,pseudo_real_time,
twentieth,stable,xgboost,2021-06,-0.1683637052774429,0.3,-0.4683637052774429,0.4683637052774429,0.2193645604212154,2021-05,2021-06-24T01:30:00+00:00,5.0,pseudo_real_time,
twentieth,stable,xgboost,2021-07,0.088655799627304,0.5,-0.4113442003726959,0.4113442003726959,0.1692040511802526,2021-06,2021-07-26T01:30:00+00:00,5.0,pseudo_real_time,
twentieth,stable,xgboost,2021-08,0.2933137118816376,0.7,-0.4066862881183624,0.4066862881183624,0.1653937369434916,2021-07,2021-08-24T01:30:00+00:00,5.0,pseudo_real_time,
twentieth,stable,xgboost,2021-09,0.7910991907119751,1.2,-0.4089008092880248,0.4089008092880248,0.1671998718364016,2021-08,2021-09-24T01:30:00+00:00,5.0,pseudo_real_time,
twentieth,stable,xgboost,2021-10,1.089035153388977,2.5,-1.410964846611023,1.410964846611023,1.9908217983720675,2021-09,2021-10-25T01:30:00+00:00,5.0,pseudo_real_time,
twentieth,stable,xgboost,2021-11,-0.4675226807594299,0.0,-0.4675226807594299,0.4675226807594299,0.2185774570244838,2021-10,2021-11-24T01:30:00+00:00,5.0,pseudo_real_time,
twentieth,stable,xgboost,2021-12,-0.4781543910503387,-1.2,0.7218456089496612,0.7218456089496612,0.5210610831599072,2021-11,2021-12-24T01:30:00+00:00,5.0,pseudo_real_time,
twentieth,stable,xgboost,2022-01,-0.1239387392997741,-0.2,0.0760612607002258,0.0760612607002258,0.0057853153793077,2021-12,2022-01-24T01:30:00+00:00,5.0,pseudo_real_time,
twentieth,stable,xgboost,2022-02,0.7895002961158752,0.5,0.2895002961158752,0.2895002961158752,0.0838104214511794,2022-01,2022-02-24T01:30:00+00:00,5.0,pseudo_real_time,
twentieth,stable,xgboost,2022-03,0.3873959481716156,1.1,-0.7126040518283845,0.7126040518283845,0.5078045346822309,2022-02,2022-03-24T01:30:00+00:00,5.0,pseudo_real_time,
twentieth,stable,xgboost,2022-04,0.327524721622467,0.6,-0.2724752783775329,0.2724752783775329,0.074242777326914,2022-03,2022-04-24T01:30:00+00:00,5.0,pseudo_real_time,
twentieth,stable,xgboost,2022-05,-0.1631869226694107,0.1,-0.2631869226694107,0.2631869226694107,0.0692673562641943,2022-04,2022-05-24T01:30:00+00:00,5.0,pseudo_real_time,
twentieth,stable,xgboost,2022-06,-0.0500067248940467,0.0,-0.0500067248940467,0.0500067248940467,0.0025006725346288,2022-05,2022-06-24T01:30:00+00:00,5.0,pseudo_real_time,
twentieth,stable,xgboost,2022-07,-0.6349228620529175,-1.3,0.6650771379470826,0.6650771379470826,0.4423275994198827,2022-06,2022-07-24T01:30:00+00:00,5.0,pseudo_real_time,
twentieth,stable,xgboost,2022-08,-0.7375264167785645,-1.2,0.4624735832214355,0.4624735832214355,0.213881815177674,2022-07,2022-08-24T01:30:00+00:00,5.0,pseudo_real_time,
twentieth,stable,xgboost,2022-09,-0.1243532821536064,-0.1,-0.0243532821536064,0.0243532821536064,0.0005930823516531,2022-08,2022-09-24T01:30:00+00:00,5.0,pseudo_real_time,
twentieth,stable,xgboost,2022-10,0.1343216001987457,0.2,-0.0656783998012542,0.0656783998012542,0.0043136522004533,2022-09,2022-10-24T01:30:00+00:00,5.0,pseudo_real_time,
twentieth,stable,xgboost,2022-11,-0.743601381778717,0.1,-0.843601381778717,0.843601381778717,0.7116632913389607,2022-10,2022-11-24T01:30:00+00:00,5.0,pseudo_real_time,
twentieth,stable,xgboost,2022-12,-0.4505171477794647,-0.5,0.0494828522205352,0.0494828522205352,0.0024485526638793,2022-11,2022-12-24T01:30:00+00:00,5.0,pseudo_real_time,
twentieth,stable,xgboost,2023-01,0.132156416773796,-0.4,0.5321564167737961,0.5321564167737961,0.2831904519135261,2022-12,2023-01-24T01:30:00+00:00,5.0,pseudo_real_time,
twentieth,stable,xgboost,2023-02,-0.0526137575507164,0.0,-0.0526137575507164,0.0526137575507164,0.0027682074836055,2023-01,2023-02-24T01:30:00+00:00,5.0,pseudo_real_time,
twentieth,stable,xgboost,2023-03,0.2566782832145691,0.0,0.2566782832145691,0.2566782832145691,0.0658837410739785,2023-02,2023-03-24T01:30:00+00:00,5.0,pseudo_real_time,
twentieth,stable,xgboost,2023-04,-0.1694544851779937,-0.5,0.3305455148220062,0.3305455148220062,0.1092603373689451,2023-03,2023-04-24T01:30:00+00:00,5.0,pseudo_real_time,
twentieth,stable,xgboost,2023-05,-0.591808021068573,-0.9,0.308191978931427,0.308191978931427,0.0949822958776691,2023-04,2023-05-24T01:30:00+00:00,5.0,pseudo_real_time,
twentieth,stable,xgboost,2023-06,-0.3356387317180633,-0.8,0.4643612682819367,0.4643612682819367,0.2156313874804087,2023-05,2023-06-24T01:30:00+00:00,5.0,pseudo_real_time,
twentieth,stable,xgboost,2023-07,0.3364076316356659,-0.2,0.5364076316356658,0.5364076316356658,0.2877331472769842,2023-06,2023-07-24T01:30:00+00:00,5.0,pseudo_real_time,
twentieth,stable,xgboost,2023-08,0.3810053765773773,0.2,0.1810053765773773,0.1810053765773773,0.0327629463499181,2023-07,2023-08-24T01:30:00+00:00,5.0,pseudo_real_time,
twentieth,stable,xgboost,2023-09,0.2457061111927032,0.4,-0.1542938888072967,0.1542938888072967,0.0238066041232784,2023-08,2023-09-24T01:30:00+00:00,5.0,pseudo_real_time,
twentieth,stable,xgboost,2023-10,-0.4351232945919037,0.0,-0.4351232945919037,0.4351232945919037,0.1893322814965126,2023-09,2023-10-24T01:30:00+00:00,5.0,pseudo_real_time,
twentieth,stable,xgboost,2023-11,-0.2644105553627014,-0.3,0.0355894446372985,0.0355894446372985,0.0012666085695913,2023-10,2023-11-24T01:30:00+00:00,5.0,pseudo_real_time,
twentieth,stable,xgboost,2023-12,-0.2120573073625564,-0.3,0.0879426926374435,0.0879426926374435,0.0077339171883238,2023-11,2023-12-24T01:30:00+00:00,5.0,pseudo_real_time,
twentieth,stable,xgboost,2024-01,-0.2740724980831146,-0.2,-0.0740724980831146,0.0740724980831146,0.005486734972273,2023-12,2024-01-24T01:30:00+00:00,5.0,pseudo_real_time,
twentieth,stable,xgboost,2024-04,-0.0601906515657901,-0.2,0.1398093484342098,0.1398093484342098,0.0195466539095982,2024-01,2024-04-24T01:30:00+00:00,5.0,pseudo_real_time,
twentieth,stable,xgboost,2024-05,0.1639605164527893,0.2,-0.0360394835472107,0.0360394835472107,0.0012988443743496,2024-04,2024-05-24T01:30:00+00:00,5.0,pseudo_real_time,
twentieth,stable,xgboost,2024-06,0.0947764813899993,0.1,-0.0052235186100006,0.0052235186100006,2.728514666902277e-05,2024-05,2024-06-24T01:30:00+00:00,5.0,pseudo_real_time,
twentieth,stable,xgboost,2024-07,-0.3407949209213257,-0.2,-0.1407949209213256,0.1407949209213256,0.0198232097572423,2024-06,2024-07-24T01:30:00+00:00,5.0,pseudo_real_time,
twentieth,stable,xgboost,2024-08,-0.3567719757556915,-0.7,0.3432280242443084,0.3432280242443084,0.1178054766266515,2024-07,2024-08-24T01:30:00+00:00,5.0,pseudo_real_time,
twentieth,stable,xgboost,2024-09,-0.0896532535552978,-0.6,0.5103467464447021,0.5103467464447021,0.260453801606693,2024-08,2024-09-24T01:30:00+00:00,5.0,pseudo_real_time,
twentieth,stable,xgboost,2024-10,0.3434597551822662,-0.1,0.4434597551822662,0.4434597551822662,0.1966565544663155,2024-09,2024-10-24T01:30:00+00:00,5.0,pseudo_real_time,
twentieth,stable,xgboost,2024-11,-0.3891476988792419,-0.1,-0.2891476988792419,0.2891476988792419,0.0836063917671607,2024-10,2024-11-24T01:30:00+00:00,5.0,pseudo_real_time,
twentieth,stable,xgboost,2024-12,-0.1769413203001022,-0.1,-0.0769413203001022,0.0769413203001022,0.0059199667695229,2024-11,2024-12-24T01:30:00+00:00,5.0,pseudo_real_time,
twentieth,stable,xgboost,2025-01,-0.20045967400074,-0.2,-0.00045967400074,0.00045967400074,2.1130018695635447e-07,2024-12,2025-01-24T01:30:00+00:00,5.0,pseudo_real_time,
twentieth,stable,xgboost,2025-02,-0.1261492818593979,-0.1,-0.0261492818593978,0.0261492818593978,0.0006837849417622,2025-01,2025-02-24T01:30:00+00:00,5.0,pseudo_real_time,
twentieth,stable,xgboost,2025-03,-0.1159357577562332,-0.4,0.2840642422437668,0.2840642422437668,0.0806924937215254,2025-02,2025-03-24T01:30:00+00:00,5.0,pseudo_real_time,
twentieth,stable,xgboost,2025-04,-0.6432836055755615,-0.4,-0.2432836055755615,0.2432836055755615,0.0591869127418453,2025-03,2025-04-24T01:30:00+00:00,5.0,pseudo_real_time,
twentieth,stable,xgboost,2025-05,-0.2610002756118774,-0.4,0.1389997243881225,0.1389997243881225,0.019320923379974,2025-04,2025-05-24T01:30:00+00:00,5.0,pseudo_real_time,
twentieth,stable,xgboost,2025-06,-0.0894663333892822,-0.4,0.3105336666107178,0.3105336666107178,0.0964311580986964,2025-05,2025-06-24T01:30:00+00:00,5.0,pseudo_real_time,
twentieth,stable,xgboost,2025-07,0.065832681953907,-0.2,0.265832681953907,0.265832681953907,0.070667014794807,2025-06,2025-07-24T01:30:00+00:00,5.0,pseudo_real_time,
twentieth,stable,xgboost,2025-08,0.1831738501787185,0.0,0.1831738501787185,0.1831738501787185,0.0335526593892956,2025-07,2025-08-24T01:30:00+00:00,5.0,pseudo_real_time,
twentieth,stable,xgboost,2025-09,-0.2425202876329422,0.0,-0.2425202876329422,0.2425202876329422,0.058816089913565,2025-08,2025-09-24T01:30:00+00:00,5.0,pseudo_real_time,
twentieth,stable,xgboost,2025-10,-0.3783923387527466,0.1,-0.4783923387527465,0.4783923387527465,0.2288592297773226,2025-09,2025-10-24T01:30:00+00:00,25.0,pseudo_real_time,
twentieth,stable,xgboost,2025-11,-0.0126847987994551,0.1,-0.1126847987994551,0.1126847987994551,0.0126978638804736,2025-10,2025-11-24T01:30:00+00:00,25.0,pseudo_real_time,
twentieth,stable,xgboost,2025-12,-0.0377399735152721,0.2,-0.2377399735152721,0.2377399735152721,0.0565202950070423,2025-11,2025-12-24T01:30:00+00:00,5.0,pseudo_real_time,
twentieth,stable,xgboost,2026-01,0.0291465185582637,0.4,-0.3708534814417362,0.3708534814417362,0.1375323046974562,2025-12,2026-01-24T01:30:00+00:00,5.0,pseudo_real_time,
twentieth,stable,xgboost,2026-04,0.4448660910129547,1.7,-1.2551339089870452,1.2551339089870452,1.5753611294891003,2026-01,2026-04-24T01:30:00+00:00,5.0,pseudo_real_time,
twentieth,stable,xgboost,2026-05,-0.1066163331270217,0.5,-0.6066163331270218,0.6066163331270218,0.3679833756164739,2026-04,2026-05-24T01:30:00+00:00,5.0,pseudo_real_time,
twentieth,stable,xgboost,2026-06,-0.268327385187149,-0.3,0.0316726148128509,0.0316726148128509,0.0010031545290832,2026-05,2026-06-24T01:30:00+00:00,5.0,pseudo_real_time,
twentieth,stable,xgboost,2026-07,-0.0945546478033065,-0.7,0.6054453521966934,0.6054453521966934,0.3665640744965781,2026-06,2026-07-24T01:30:00+00:00,5.0,pseudo_real_time,
twentieth,stable,xgboost,2026-08,0.1178628578782081,0.4,-0.2821371421217918,0.2821371421217918,0.0796013669646521,2026-07,2026-08-24T01:30:00+00:00,5.0,pseudo_real_time,
twentieth,stable,catboost,2016-04,-0.137319021152329,0.7,-0.837319021152329,0.837319021152329,0.7011031431834944,2016-03,2016-04-25T01:30:00+00:00,5.0,pseudo_real_time,
twentieth,stable,catboost,2016-05,-0.2261169289606169,0.5,-0.7261169289606169,0.7261169289606169,0.5272457945231975,2016-04,2016-05-24T01:30:00+00:00,5.0,pseudo_real_time,
twentieth,stable,catboost,2016-06,-0.240192369578183,-0.2,-0.040192369578183,0.040192369578183,0.0016154265723092,2016-05,2016-06-24T01:30:00+00:00,5.0,pseudo_real_time,
twentieth,stable,catboost,2016-07,-0.0278428066048027,0.2,-0.2278428066048027,0.2278428066048027,0.0519123445215535,2016-06,2016-07-25T01:30:00+00:00,5.0,pseudo_real_time,
twentieth,stable,catboost,2016-08,0.1583582812422835,0.2,-0.0416417187577164,0.0416417187577164,0.0017340327410967,2016-07,2016-08-24T01:30:00+00:00,5.0,pseudo_real_time,
twentieth,stable,catboost,2016-09,0.2982261739471394,0.5,-0.2017738260528605,0.2017738260528605,0.04071267688001,2016-08,2016-09-26T01:30:00+00:00,5.0,pseudo_real_time,
twentieth,stable,catboost,2016-10,0.3494613349011795,0.7,-0.3505386650988205,0.3505386650988205,0.122877355729263,2016-09,2016-10-24T01:30:00+00:00,5.0,pseudo_real_time,
twentieth,stable,catboost,2016-11,0.4412668059013819,1.5,-1.0587331940986182,1.0587331940986182,1.1209159762862624,2016-10,2016-11-24T01:30:00+00:00,5.0,pseudo_real_time,
twentieth,stable,catboost,2016-12,0.3203817743444223,1.6,-1.279618225655578,1.279618225655578,1.6374228034299296,2016-11,2016-12-26T01:30:00+00:00,5.0,pseudo_real_time,
twentieth,stable,catboost,2017-01,-0.3408642400307334,0.8,-1.1408642400307334,1.1408642400307334,1.3015712141809028,2016-12,2017-01-24T01:30:00+00:00,5.0,pseudo_real_time,
twentieth,stable,catboost,2017-02,0.118611257549379,0.6,-0.4813887424506209,0.4813887424506209,0.2317351213581902,2017-01,2017-02-24T01:30:00+00:00,5.0,pseudo_real_time,
twentieth,stable,catboost,2017-03,-0.0599847334166128,0.3,-0.3599847334166128,0.3599847334166128,0.1295890082930298,2017-02,2017-03-24T01:30:00+00:00,5.0,pseudo_real_time,
twentieth,stable,catboost,2017-04,-0.3701679851260392,-0.4,0.0298320148739607,0.0298320148739607,0.0008899491114402,2017-03,2017-04-24T01:30:00+00:00,5.0,pseudo_real_time,
twentieth,stable,catboost,2017-05,-0.0926459135167486,-0.3,0.2073540864832513,0.2073540864832513,0.0429957171813036,2017-04,2017-05-24T01:30:00+00:00,5.0,pseudo_real_time,
twentieth,stable,catboost,2017-06,0.0297759414817139,-0.2,0.2297759414817139,0.2297759414817139,0.052796983283808,2017-05,2017-06-26T01:30:00+00:00,5.0,pseudo_real_time,
twentieth,stable,catboost,2017-07,0.3397367027493727,0.2,0.1397367027493727,0.1397367027493727,0.0195263460952665,2017-06,2017-07-24T01:30:00+00:00,5.0,pseudo_real_time,
twentieth,stable,catboost,2017-08,0.6826465642132015,0.9,-0.2173534357867985,0.2173534357867985,0.0472425160483259,2017-07,2017-08-24T01:30:00+00:00,5.0,pseudo_real_time,
twentieth,stable,catboost,2017-09,0.6593064307813367,1.0,-0.3406935692186633,0.3406935692186633,0.1160721081069521,2017-08,2017-09-25T01:30:00+00:00,5.0,pseudo_real_time,
twentieth,stable,catboost,2017-10,0.1318319016505566,0.7,-0.5681680983494433,0.5681680983494433,0.3228149879820226,2017-09,2017-10-24T01:30:00+00:00,5.0,pseudo_real_time,
twentieth,stable,catboost,2017-11,0.1971824397258182,0.5,-0.3028175602741818,0.3028175602741818,0.0916984748104077,2017-10,2017-11-24T01:30:00+00:00,5.0,pseudo_real_time,
twentieth,stable,catboost,2017-12,0.2621463449386832,0.8,-0.5378536550613169,0.5378536550613169,0.289286554262818,2017-11,2017-12-25T01:30:00+00:00,5.0,pseudo_real_time,
twentieth,stable,catboost,2018-01,0.0244515560779993,0.3,-0.2755484439220006,0.2755484439220006,0.0759269449478359,2017-12,2018-01-24T01:30:00+00:00,5.0,pseudo_real_time,
twentieth,stable,catboost,2018-04,-0.1429511965392088,-0.2,0.0570488034607911,0.0570488034607911,0.0032545659763079,2018-01,2018-04-24T01:30:00+00:00,5.0,pseudo_real_time,
twentieth,stable,catboost,2018-05,0.187414201884771,0.4,-0.212585798115229,0.212585798115229,0.0451927215602889,2018-04,2018-05-24T01:30:00+00:00,25.0,pseudo_real_time,
twentieth,stable,catboost,2018-06,0.0427042669176273,0.3,-0.2572957330823726,0.2572957330823726,0.0662010942623955,2018-05,2018-06-25T01:30:00+00:00,25.0,pseudo_real_time,
twentieth,stable,catboost,2018-07,-0.1264363616649129,0.1,-0.2264363616649129,0.2264363616649129,0.0512734258840432,2018-06,2018-07-24T01:30:00+00:00,5.0,pseudo_real_time,
twentieth,stable,catboost,2018-08,0.1987277125500907,0.4,-0.2012722874499092,0.2012722874499092,0.0405105336953188,2018-07,2018-08-24T01:30:00+00:00,5.0,pseudo_real_time,
twentieth,stable,catboost,2018-09,0.3599347832103208,0.6,-0.2400652167896791,0.2400652167896791,0.0576313083122756,2018-08,2018-09-25T01:30:00+00:00,5.0,pseudo_real_time,
twentieth,stable,catboost,2018-10,0.0396044227188604,0.4,-0.3603955772811396,0.3603955772811396,0.1298849721238058,2018-09,2018-10-24T01:30:00+00:00,5.0,pseudo_real_time,
twentieth,stable,catboost,2018-11,-0.3019149049133362,-0.2,-0.1019149049133362,0.1019149049133362,0.0103866478434943,2018-10,2018-11-26T01:30:00+00:00,5.0,pseudo_real_time,
twentieth,stable,catboost,2018-12,-0.3849174437214931,-1.0,0.6150825562785068,0.6150825562785068,0.3783265510381025,2018-11,2018-12-24T01:30:00+00:00,5.0,pseudo_real_time,
twentieth,stable,catboost,2019-01,-0.2797020020292796,-0.6,0.3202979979707204,0.3202979979707204,0.1025908075040516,2018-12,2019-01-24T01:30:00+00:00,5.0,pseudo_real_time,
twentieth,stable,catboost,2019-02,0.0155247911075915,-0.1,0.1155247911075915,0.1155247911075915,0.0133459773604526,2019-01,2019-02-25T01:30:00+00:00,5.0,pseudo_real_time,
twentieth,stable,catboost,2019-03,0.0815124820824745,0.1,-0.0184875179175255,0.0184875179175255,0.0003417883187508,2019-02,2019-03-25T01:30:00+00:00,5.0,pseudo_real_time,
twentieth,stable,catboost,2019-04,-0.0523464028200219,0.3,-0.3523464028200219,0.3523464028200219,0.1241479875802091,2019-03,2019-04-24T01:30:00+00:00,5.0,pseudo_real_time,
twentieth,stable,catboost,2019-07,0.1182857999738902,-0.2,0.3182857999738903,0.3182857999738903,0.1013058504650192,2019-04,2019-07-24T01:30:00+00:00,5.0,pseudo_real_time,
twentieth,stable,catboost,2019-08,-0.0581035523288028,-0.1,0.0418964476711971,0.0418964476711971,0.0017553123274653,2019-07,2019-08-26T01:30:00+00:00,5.0,pseudo_real_time,
twentieth,stable,catboost,2019-09,0.1495960476898789,0.1,0.0495960476898789,0.0495960476898789,0.0024597679464567,2019-08,2019-09-24T01:30:00+00:00,5.0,pseudo_real_time,
twentieth,stable,catboost,2019-10,-0.1662330083670953,0.1,-0.2662330083670953,0.2662330083670953,0.0708800147441938,2019-09,2019-10-24T01:30:00+00:00,5.0,pseudo_real_time,
twentieth,stable,catboost,2019-11,-0.3318536299695513,-0.1,-0.2318536299695513,0.2318536299695513,0.0537561057300576,2019-10,2019-11-25T01:30:00+00:00,5.0,pseudo_real_time,
twentieth,stable,catboost,2019-12,0.0483002036840279,0.0,0.0483002036840279,0.0483002036840279,0.0023329096759185,2019-11,2019-12-24T01:30:00+00:00,25.0,pseudo_real_time,
twentieth,stable,catboost,2020-01,-0.1132418761284305,0.0,-0.1132418761284305,0.1132418761284305,0.0128237225090868,2019-12,2020-01-23T01:30:00+00:00,25.0,pseudo_real_time,
twentieth,stable,catboost,2020-02,-0.1800732076849437,-0.5,0.3199267923150563,0.3199267923150563,0.1023531524410011,2020-01,2020-02-24T01:30:00+00:00,25.0,pseudo_real_time,
twentieth,stable,catboost,2020-03,-0.0804847733147243,-1.0,0.9195152266852756,0.9195152266852756,0.845508252106074,2020-02,2020-03-24T01:30:00+00:00,25.0,pseudo_real_time,
twentieth,stable,catboost,2020-04,-0.2866872232434005,-1.3,1.0133127767565997,1.0133127767565997,1.02680278353817,2020-03,2020-04-24T01:30:00+00:00,25.0,pseudo_real_time,
twentieth,stable,catboost,2020-05,-0.0928607456396112,-0.4,0.3071392543603888,0.3071392543603888,0.0943345215690556,2020-04,2020-05-25T01:30:00+00:00,25.0,pseudo_real_time,
twentieth,stable,catboost,2020-06,0.1233460464208448,0.4,-0.2766539535791552,0.2766539535791552,0.0765374100309773,2020-05,2020-06-24T01:30:00+00:00,25.0,pseudo_real_time,
twentieth,stable,catboost,2020-07,0.0132507447833621,0.4,-0.3867492552166379,0.3867492552166379,0.1495749864106241,2020-06,2020-07-24T01:30:00+00:00,5.0,pseudo_real_time,
twentieth,stable,catboost,2020-08,0.3366423644704188,0.3,0.0366423644704188,0.0366423644704188,0.001342662873983,2020-07,2020-08-24T01:30:00+00:00,25.0,pseudo_real_time,
twentieth,stable,catboost,2020-09,0.3092039687650386,0.1,0.2092039687650386,0.2092039687650386,0.0437663005470432,2020-08,2020-09-24T01:30:00+00:00,5.0,pseudo_real_time,
twentieth,stable,catboost,2020-10,0.251722707679724,0.0,0.251722707679724,0.251722707679724,0.0633643215616118,2020-09,2020-10-26T01:30:00+00:00,5.0,pseudo_real_time,
twentieth,stable,catboost,2020-11,0.5662702126865504,0.5,0.0662702126865504,0.0662702126865504,0.0043917410895206,2020-10,2020-11-24T01:30:00+00:00,5.0,pseudo_real_time,
twentieth,stable,catboost,2020-12,0.6309526968834035,1.1,-0.4690473031165966,0.4690473031165966,0.2200053725609524,2020-11,2020-12-24T01:30:00+00:00,5.0,pseudo_real_time,
twentieth,stable,catboost,2021-01,0.7535386325692457,1.0,-0.2464613674307543,0.2464613674307543,0.0607432056358372,2020-12,2021-01-25T01:30:00+00:00,5.0,pseudo_real_time,
twentieth,stable,catboost,2021-04,0.5016406673726523,0.9,-0.3983593326273477,0.3983593326273477,0.1586901578913058,2021-01,2021-04-25T01:30:00+00:00,5.0,pseudo_real_time,
twentieth,stable,catboost,2021-05,0.8003658663565447,1.6,-0.7996341336434554,0.7996341336434554,0.6394147476877194,2021-04,2021-05-24T01:30:00+00:00,5.0,pseudo_real_time,
twentieth,stable,catboost,2021-06,-0.134092007679936,0.3,-0.434092007679936,0.434092007679936,0.1884358711315976,2021-05,2021-06-24T01:30:00+00:00,5.0,pseudo_real_time,
twentieth,stable,catboost,2021-07,0.0735924604020919,0.5,-0.426407539597908,0.426407539597908,0.1818233898259414,2021-06,2021-07-26T01:30:00+00:00,5.0,pseudo_real_time,
twentieth,stable,catboost,2021-08,0.2916622569268041,0.7,-0.4083377430731958,0.4083377430731958,0.1667397124181112,2021-07,2021-08-24T01:30:00+00:00,5.0,pseudo_real_time,
twentieth,stable,catboost,2021-09,0.7044068329865519,1.2,-0.495593167013448,0.495593167013448,0.2456125871904194,2021-08,2021-09-24T01:30:00+00:00,5.0,pseudo_real_time,
twentieth,stable,catboost,2021-10,0.9485105904127356,2.5,-1.5514894095872644,1.5514894095872644,2.4071193880614383,2021-09,2021-10-25T01:30:00+00:00,5.0,pseudo_real_time,
twentieth,stable,catboost,2021-11,-0.376834676515201,0.0,-0.376834676515201,0.376834676515201,0.1420043734243161,2021-10,2021-11-24T01:30:00+00:00,5.0,pseudo_real_time,
twentieth,stable,catboost,2021-12,-0.3547090587193542,-1.2,0.8452909412806457,0.8452909412806457,0.7145167754111201,2021-11,2021-12-24T01:30:00+00:00,5.0,pseudo_real_time,
twentieth,stable,catboost,2022-01,-0.1876149298084168,-0.2,0.0123850701915831,0.0123850701915831,0.0001533899636504,2021-12,2022-01-24T01:30:00+00:00,5.0,pseudo_real_time,
twentieth,stable,catboost,2022-02,0.5187376836802812,0.5,0.0187376836802811,0.0187376836802811,0.0003511007897022,2022-01,2022-02-24T01:30:00+00:00,5.0,pseudo_real_time,
twentieth,stable,catboost,2022-03,0.5437583560777917,1.1,-0.5562416439222084,0.5562416439222084,0.3094047664332809,2022-02,2022-03-24T01:30:00+00:00,5.0,pseudo_real_time,
twentieth,stable,catboost,2022-04,0.424467559083899,0.6,-0.1755324409161009,0.1755324409161009,0.0308116378139644,2022-03,2022-04-24T01:30:00+00:00,5.0,pseudo_real_time,
twentieth,stable,catboost,2022-05,-0.077851376885591,0.1,-0.177851376885591,0.177851376885591,0.0316311122601005,2022-04,2022-05-24T01:30:00+00:00,5.0,pseudo_real_time,
twentieth,stable,catboost,2022-06,-0.1116173359801316,0.0,-0.1116173359801316,0.1116173359801316,0.0124584296913015,2022-05,2022-06-24T01:30:00+00:00,25.0,pseudo_real_time,
twentieth,stable,catboost,2022-07,-0.5267934499863874,-1.3,0.7732065500136126,0.7732065500136126,0.5978483689839532,2022-06,2022-07-24T01:30:00+00:00,5.0,pseudo_real_time,
twentieth,stable,catboost,2022-08,-0.2583196220879019,-1.2,0.941680377912098,0.941680377912098,0.886761934144672,2022-07,2022-08-24T01:30:00+00:00,25.0,pseudo_real_time,
twentieth,stable,catboost,2022-09,-0.0313829138938787,-0.1,0.0686170861061213,0.0686170861061213,0.0047083045056948,2022-08,2022-09-24T01:30:00+00:00,5.0,pseudo_real_time,
twentieth,stable,catboost,2022-10,0.1981936374837693,0.2,-0.0018063625162306,0.0018063625162306,3.262945540043216e-06,2022-09,2022-10-24T01:30:00+00:00,5.0,pseudo_real_time,
twentieth,stable,catboost,2022-11,-0.5943487330775209,0.1,-0.6943487330775209,0.6943487330775209,0.4821201631263583,2022-10,2022-11-24T01:30:00+00:00,5.0,pseudo_real_time,
twentieth,stable,catboost,2022-12,-0.2325218737374026,-0.5,0.2674781262625973,0.2674781262625973,0.0715445480289499,2022-11,2022-12-24T01:30:00+00:00,5.0,pseudo_real_time,
twentieth,stable,catboost,2023-01,0.0440837752754288,-0.4,0.4440837752754288,0.4440837752754288,0.1972103994628776,2022-12,2023-01-24T01:30:00+00:00,5.0,pseudo_real_time,
twentieth,stable,catboost,2023-02,-0.1168545048145117,0.0,-0.1168545048145117,0.1168545048145117,0.0136549752954447,2023-01,2023-02-24T01:30:00+00:00,5.0,pseudo_real_time,
twentieth,stable,catboost,2023-03,0.208321400210736,0.0,0.208321400210736,0.208321400210736,0.0433978057857616,2023-02,2023-03-24T01:30:00+00:00,5.0,pseudo_real_time,
twentieth,stable,catboost,2023-04,-0.239643994311834,-0.5,0.2603560056881659,0.2603560056881659,0.0677852496978963,2023-03,2023-04-24T01:30:00+00:00,5.0,pseudo_real_time,
twentieth,stable,catboost,2023-05,-0.5244991679969566,-0.9,0.3755008320030434,0.3755008320030434,0.1410008748349778,2023-04,2023-05-24T01:30:00+00:00,5.0,pseudo_real_time,
twentieth,stable,catboost,2023-06,-0.3202985051136551,-0.8,0.4797014948863449,0.4797014948863449,0.230113524196194,2023-05,2023-06-24T01:30:00+00:00,5.0,pseudo_real_time,
twentieth,stable,catboost,2023-07,0.5253729377632397,-0.2,0.7253729377632396,0.7253729377632396,0.5261658988392727,2023-06,2023-07-24T01:30:00+00:00,5.0,pseudo_real_time,
twentieth,stable,catboost,2023-08,0.3224298307118243,0.2,0.1224298307118243,0.1224298307118243,0.0149890634481259,2023-07,2023-08-24T01:30:00+00:00,5.0,pseudo_real_time,
twentieth,stable,catboost,2023-09,0.2122447863389445,0.4,-0.1877552136610554,0.1877552136610554,0.0352520202569085,2023-08,2023-09-24T01:30:00+00:00,5.0,pseudo_real_time,
twentieth,stable,catboost,2023-10,-0.2983262655277292,0.0,-0.2983262655277292,0.2983262655277292,0.0889985607037212,2023-09,2023-10-24T01:30:00+00:00,5.0,pseudo_real_time,
twentieth,stable,catboost,2023-11,-0.3525660320881375,-0.3,-0.0525660320881375,0.0525660320881375,0.0027631877294911,2023-10,2023-11-24T01:30:00+00:00,5.0,pseudo_real_time,
twentieth,stable,catboost,2023-12,-0.1374396318507552,-0.3,0.1625603681492447,0.1625603681492447,0.0264258732928179,2023-11,2023-12-24T01:30:00+00:00,5.0,pseudo_real_time,
twentieth,stable,catboost,2024-01,-0.2474722400499573,-0.2,-0.0474722400499573,0.0474722400499573,0.0022536135753607,2023-12,2024-01-24T01:30:00+00:00,5.0,pseudo_real_time,
twentieth,stable,catboost,2024-04,-0.0898354945790124,-0.2,0.1101645054209875,0.1101645054209875,0.0121362182546507,2024-01,2024-04-24T01:30:00+00:00,5.0,pseudo_real_time,
twentieth,stable,catboost,2024-05,0.1390562175819423,0.2,-0.0609437824180577,0.0609437824180577,0.0037141446154195,2024-04,2024-05-24T01:30:00+00:00,5.0,pseudo_real_time,
twentieth,stable,catboost,2024-06,-0.013800203393788,0.1,-0.113800203393788,0.113800203393788,0.0129504862924675,2024-05,2024-06-24T01:30:00+00:00,5.0,pseudo_real_time,
twentieth,stable,catboost,2024-07,-0.2838662872519656,-0.2,-0.0838662872519656,0.0838662872519656,0.0070335541374292,2024-06,2024-07-24T01:30:00+00:00,5.0,pseudo_real_time,
twentieth,stable,catboost,2024-08,-0.3160834008851459,-0.7,0.383916599114854,0.383916599114854,0.1473919550759155,2024-07,2024-08-24T01:30:00+00:00,5.0,pseudo_real_time,
twentieth,stable,catboost,2024-09,-0.1022856575658532,-0.6,0.4977143424341468,0.4977143424341468,0.2477195666646551,2024-08,2024-09-24T01:30:00+00:00,5.0,pseudo_real_time,
twentieth,stable,catboost,2024-10,0.2455283396485892,-0.1,0.3455283396485893,0.3455283396485893,0.1193898335003108,2024-09,2024-10-24T01:30:00+00:00,5.0,pseudo_real_time,
twentieth,stable,catboost,2024-11,-0.2737457403545525,-0.1,-0.1737457403545525,0.1737457403545525,0.0301875822913515,2024-10,2024-11-24T01:30:00+00:00,5.0,pseudo_real_time,
twentieth,stable,catboost,2024-12,-0.1634889671836062,-0.1,-0.0634889671836062,0.0634889671836062,0.004030848954041,2024-11,2024-12-24T01:30:00+00:00,5.0,pseudo_real_time,
twentieth,stable,catboost,2025-01,-0.2113330565298664,-0.2,-0.0113330565298664,0.0113330565298664,0.0001284381703091,2024-12,2025-01-24T01:30:00+00:00,5.0,pseudo_real_time,
twentieth,stable,catboost,2025-02,-0.1333577003897444,-0.1,-0.0333577003897444,0.0333577003897444,0.0011127361752919,2025-01,2025-02-24T01:30:00+00:00,5.0,pseudo_real_time,
twentieth,stable,catboost,2025-03,-0.2003898737513557,-0.4,0.1996101262486443,0.1996101262486443,0.0398442025009997,2025-02,2025-03-24T01:30:00+00:00,5.0,pseudo_real_time,
twentieth,stable,catboost,2025-04,-0.3844646790754398,-0.4,0.0155353209245601,0.0155353209245601,0.000241346196229,2025-03,2025-04-24T01:30:00+00:00,5.0,pseudo_real_time,
twentieth,stable,catboost,2025-05,-0.2791181031738002,-0.4,0.1208818968261998,0.1208818968261998,0.0146124329803,2025-04,2025-05-24T01:30:00+00:00,5.0,pseudo_real_time,
twentieth,stable,catboost,2025-06,-0.0668086734912665,-0.4,0.3331913265087334,0.3331913265087334,0.1110164600606494,2025-05,2025-06-24T01:30:00+00:00,5.0,pseudo_real_time,
twentieth,stable,catboost,2025-07,0.0756480211340903,-0.2,0.2756480211340903,0.2756480211340903,0.0759818315551399,2025-06,2025-07-24T01:30:00+00:00,5.0,pseudo_real_time,
twentieth,stable,catboost,2025-08,0.1843909173671336,0.0,0.1843909173671336,0.1843909173671336,0.0340000104074931,2025-07,2025-08-24T01:30:00+00:00,5.0,pseudo_real_time,
twentieth,stable,catboost,2025-09,-0.2163652921724571,0.0,-0.2163652921724571,0.2163652921724571,0.0468139396568727,2025-08,2025-09-24T01:30:00+00:00,5.0,pseudo_real_time,
twentieth,stable,catboost,2025-10,-0.2693828736501316,0.1,-0.3693828736501315,0.3693828736501315,0.136443707346029,2025-09,2025-10-24T01:30:00+00:00,5.0,pseudo_real_time,
twentieth,stable,catboost,2025-11,0.0626017668741723,0.1,-0.0373982331258276,0.0373982331258276,0.0013986278409337,2025-10,2025-11-24T01:30:00+00:00,5.0,pseudo_real_time,
twentieth,stable,catboost,2025-12,-0.0748644323870188,0.2,-0.2748644323870188,0.2748644323870188,0.075550456191438,2025-11,2025-12-24T01:30:00+00:00,5.0,pseudo_real_time,
twentieth,stable,catboost,2026-01,-0.0833655256551236,0.4,-0.4833655256551236,0.4833655256551236,0.233642231391854,2025-12,2026-01-24T01:30:00+00:00,5.0,pseudo_real_time,
twentieth,stable,catboost,2026-04,0.5394673383106267,1.7,-1.1605326616893734,1.1605326616893734,1.3468360588478216,2026-01,2026-04-24T01:30:00+00:00,5.0,pseudo_real_time,
twentieth,stable,catboost,2026-05,-0.0134230587236233,0.5,-0.5134230587236234,0.5134230587236234,0.2636032372291212,2026-04,2026-05-24T01:30:00+00:00,5.0,pseudo_real_time,
twentieth,stable,catboost,2026-06,-0.2580857910647623,-0.3,0.0419142089352376,0.0419142089352376,0.0017568009106667,2026-05,2026-06-24T01:30:00+00:00,5.0,pseudo_real_time,
twentieth,stable,catboost,2026-07,-0.1433798672872335,-0.7,0.5566201327127664,0.5566201327127664,0.3098259721411777,2026-06,2026-07-24T01:30:00+00:00,5.0,pseudo_real_time,
twentieth,stable,catboost,2026-08,0.0116806271599641,0.4,-0.3883193728400358,0.3883193728400358,0.1507919353228787,2026-07,2026-08-24T01:30:00+00:00,5.0,pseudo_real_time,
twentieth,stable,lightgbm,2016-04,-0.1927713980297155,0.7,-0.8927713980297155,0.8927713980297155,0.7970407691399327,2016-03,2016-04-25T01:30:00+00:00,25.0,pseudo_real_time,
twentieth,stable,lightgbm,2016-05,-0.1131755442628086,0.5,-0.6131755442628086,0.6131755442628086,0.3759842480819916,2016-04,2016-05-24T01:30:00+00:00,5.0,pseudo_real_time,
twentieth,stable,lightgbm,2016-06,-0.1568288366408169,-0.2,0.043171163359183,0.043171163359183,0.0018637493457852,2016-05,2016-06-24T01:30:00+00:00,5.0,pseudo_real_time,
twentieth,stable,lightgbm,2016-07,-0.1044748020189549,0.2,-0.304474802018955,0.304474802018955,0.0927049050644818,2016-06,2016-07-25T01:30:00+00:00,5.0,pseudo_real_time,
twentieth,stable,lightgbm,2016-08,-0.0807601742267882,0.2,-0.2807601742267882,0.2807601742267882,0.0788262754318564,2016-07,2016-08-24T01:30:00+00:00,5.0,pseudo_real_time,
twentieth,stable,lightgbm,2016-09,0.2165138992947126,0.5,-0.2834861007052874,0.2834861007052874,0.0803643692930883,2016-08,2016-09-26T01:30:00+00:00,5.0,pseudo_real_time,
twentieth,stable,lightgbm,2016-10,0.2356973799867028,0.7,-0.4643026200132971,0.4643026200132971,0.2155769229512122,2016-09,2016-10-24T01:30:00+00:00,5.0,pseudo_real_time,
twentieth,stable,lightgbm,2016-11,0.3751477217470829,1.5,-1.1248522782529171,1.1248522782529171,1.265292647890778,2016-10,2016-11-24T01:30:00+00:00,5.0,pseudo_real_time,
twentieth,stable,lightgbm,2016-12,0.5334811511132788,1.6,-1.0665188488867212,1.0665188488867212,1.137462455030657,2016-11,2016-12-26T01:30:00+00:00,5.0,pseudo_real_time,
twentieth,stable,lightgbm,2017-01,-0.1898771997147885,0.8,-0.9898771997147886,0.9898771997147886,0.9798568705151914,2016-12,2017-01-24T01:30:00+00:00,5.0,pseudo_real_time,
twentieth,stable,lightgbm,2017-02,0.3073368094000402,0.6,-0.2926631905999597,0.2926631905999597,0.0856517431321483,2017-01,2017-02-24T01:30:00+00:00,5.0,pseudo_real_time,
twentieth,stable,lightgbm,2017-03,0.2333534688846978,0.3,-0.0666465311153021,0.0666465311153021,0.0044417601097029,2017-02,2017-03-24T01:30:00+00:00,5.0,pseudo_real_time,
twentieth,stable,lightgbm,2017-04,-0.3264422130574087,-0.4,0.0735577869425913,0.0735577869425913,0.0054107480198916,2017-03,2017-04-24T01:30:00+00:00,5.0,pseudo_real_time,
twentieth,stable,lightgbm,2017-05,-0.2106369441157352,-0.3,0.0893630558842647,0.0893630558842647,0.0079857557569742,2017-04,2017-05-24T01:30:00+00:00,5.0,pseudo_real_time,
twentieth,stable,lightgbm,2017-06,0.3740156034817528,-0.2,0.5740156034817528,0.5740156034817528,0.3294939130405209,2017-05,2017-06-26T01:30:00+00:00,5.0,pseudo_real_time,
twentieth,stable,lightgbm,2017-07,0.4281610378132858,0.2,0.2281610378132857,0.2281610378132857,0.0520574591760356,2017-06,2017-07-24T01:30:00+00:00,5.0,pseudo_real_time,
twentieth,stable,lightgbm,2017-08,0.5820915554302258,0.9,-0.3179084445697742,0.3179084445697742,0.1010657791287731,2017-07,2017-08-24T01:30:00+00:00,5.0,pseudo_real_time,
twentieth,stable,lightgbm,2017-09,0.9036331249406524,1.0,-0.0963668750593476,0.0963668750593476,0.0092865746087039,2017-08,2017-09-25T01:30:00+00:00,5.0,pseudo_real_time,
twentieth,stable,lightgbm,2017-10,0.0900747238955653,0.7,-0.6099252761044346,0.6099252761044346,0.3720088424310707,2017-09,2017-10-24T01:30:00+00:00,5.0,pseudo_real_time,
twentieth,stable,lightgbm,2017-11,0.3683011924380774,0.5,-0.1316988075619225,0.1316988075619225,0.0173445759132323,2017-10,2017-11-24T01:30:00+00:00,5.0,pseudo_real_time,
twentieth,stable,lightgbm,2017-12,0.2553374024572221,0.8,-0.5446625975427779,0.5446625975427779,0.296657345162046,2017-11,2017-12-25T01:30:00+00:00,5.0,pseudo_real_time,
twentieth,stable,lightgbm,2018-01,-0.0801030852397525,0.3,-0.3801030852397525,0.3801030852397525,0.1444783554087785,2017-12,2018-01-24T01:30:00+00:00,5.0,pseudo_real_time,
twentieth,stable,lightgbm,2018-04,-0.2250313892567872,-0.2,-0.0250313892567872,0.0250313892567872,0.0006265704481248,2018-01,2018-04-24T01:30:00+00:00,5.0,pseudo_real_time,
twentieth,stable,lightgbm,2018-05,0.5720470638627674,0.4,0.1720470638627673,0.1720470638627673,0.0296001921837991,2018-04,2018-05-24T01:30:00+00:00,5.0,pseudo_real_time,
twentieth,stable,lightgbm,2018-06,-0.0512306152719322,0.3,-0.3512306152719322,0.3512306152719322,0.1233629451043,2018-05,2018-06-25T01:30:00+00:00,5.0,pseudo_real_time,
twentieth,stable,lightgbm,2018-07,-0.2049953484800817,0.1,-0.3049953484800818,0.3049953484800818,0.0930221625944865,2018-06,2018-07-24T01:30:00+00:00,5.0,pseudo_real_time,
twentieth,stable,lightgbm,2018-08,0.427587921137822,0.4,0.0275879211378219,0.0275879211378219,0.0007610933927066,2018-07,2018-08-24T01:30:00+00:00,5.0,pseudo_real_time,
twentieth,stable,lightgbm,2018-09,0.5836500631276406,0.6,-0.0163499368723594,0.0163499368723594,0.0002673204357301,2018-08,2018-09-25T01:30:00+00:00,5.0,pseudo_real_time,
twentieth,stable,lightgbm,2018-10,0.0975454986359451,0.4,-0.3024545013640549,0.3024545013640549,0.091478725395379,2018-09,2018-10-24T01:30:00+00:00,5.0,pseudo_real_time,
twentieth,stable,lightgbm,2018-11,-0.2722024341921823,-0.2,-0.0722024341921823,0.0722024341921823,0.0052131915032764,2018-10,2018-11-26T01:30:00+00:00,5.0,pseudo_real_time,
twentieth,stable,lightgbm,2018-12,-0.4305216881261313,-1.0,0.5694783118738687,0.5694783118738687,0.3243055476947112,2018-11,2018-12-24T01:30:00+00:00,5.0,pseudo_real_time,
twentieth,stable,lightgbm,2019-01,-0.2601676482672733,-0.6,0.3398323517327267,0.3398323517327267,0.1154860272841956,2018-12,2019-01-24T01:30:00+00:00,5.0,pseudo_real_time,
twentieth,stable,lightgbm,2019-02,0.1021127310818182,-0.1,0.2021127310818182,0.2021127310818182,0.0408495560653513,2019-01,2019-02-25T01:30:00+00:00,5.0,pseudo_real_time,
twentieth,stable,lightgbm,2019-03,0.1625533573989935,0.1,0.0625533573989935,0.0625533573989935,0.0039129225218862,2019-02,2019-03-25T01:30:00+00:00,5.0,pseudo_real_time,
twentieth,stable,lightgbm,2019-04,-0.0190484062673452,0.3,-0.3190484062673452,0.3190484062673452,0.1017918855417329,2019-03,2019-04-24T01:30:00+00:00,5.0,pseudo_real_time,
twentieth,stable,lightgbm,2019-07,0.0119766837542545,-0.2,0.2119766837542545,0.2119766837542545,0.0449341144554512,2019-04,2019-07-24T01:30:00+00:00,5.0,pseudo_real_time,
twentieth,stable,lightgbm,2019-08,0.0997558843367014,-0.1,0.1997558843367014,0.1997558843367014,0.0399024133271376,2019-07,2019-08-26T01:30:00+00:00,5.0,pseudo_real_time,
twentieth,stable,lightgbm,2019-09,0.0817940749245009,0.1,-0.018205925075499,0.018205925075499,0.0003314557078546,2019-08,2019-09-24T01:30:00+00:00,5.0,pseudo_real_time,
twentieth,stable,lightgbm,2019-10,-0.2387172337906945,0.1,-0.3387172337906945,0.3387172337906945,0.11472936446682,2019-09,2019-10-24T01:30:00+00:00,5.0,pseudo_real_time,
twentieth,stable,lightgbm,2019-11,-0.4418113362563933,-0.1,-0.3418113362563932,0.3418113362563932,0.1168349895933811,2019-10,2019-11-25T01:30:00+00:00,5.0,pseudo_real_time,
twentieth,stable,lightgbm,2019-12,0.1737485593703759,0.0,0.1737485593703759,0.1737485593703759,0.030188561883281,2019-11,2019-12-24T01:30:00+00:00,5.0,pseudo_real_time,
twentieth,stable,lightgbm,2020-01,-0.0840354717591044,0.0,-0.0840354717591044,0.0840354717591044,0.0070619605137752,2019-12,2020-01-23T01:30:00+00:00,5.0,pseudo_real_time,
twentieth,stable,lightgbm,2020-02,-0.1971156065370359,-0.5,0.302884393462964,0.302884393462964,0.0917389558034276,2020-01,2020-02-24T01:30:00+00:00,5.0,pseudo_real_time,
twentieth,stable,lightgbm,2020-03,-0.0476258519856949,-1.0,0.9523741480143052,0.9523741480143052,0.9070165178059736,2020-02,2020-03-24T01:30:00+00:00,5.0,pseudo_real_time,
twentieth,stable,lightgbm,2020-04,-0.3487424233277102,-1.3,0.9512575766722896,0.9512575766722896,0.9048909771764372,2020-03,2020-04-24T01:30:00+00:00,5.0,pseudo_real_time,
twentieth,stable,lightgbm,2020-05,-0.0011900107172713,-0.4,0.3988099892827287,0.3988099892827287,0.1590494075516902,2020-04,2020-05-25T01:30:00+00:00,5.0,pseudo_real_time,
twentieth,stable,lightgbm,2020-06,-0.0397635921791803,0.4,-0.4397635921791804,0.4397635921791804,0.1933920170063365,2020-05,2020-06-24T01:30:00+00:00,5.0,pseudo_real_time,
twentieth,stable,lightgbm,2020-07,0.2285816576409924,0.4,-0.1714183423590076,0.1714183423590076,0.0293842480971099,2020-06,2020-07-24T01:30:00+00:00,5.0,pseudo_real_time,
twentieth,stable,lightgbm,2020-08,0.5803730638370657,0.3,0.2803730638370657,0.2803730638370657,0.0786090549253833,2020-07,2020-08-24T01:30:00+00:00,5.0,pseudo_real_time,
twentieth,stable,lightgbm,2020-09,0.2936896938083543,0.1,0.1936896938083543,0.1936896938083543,0.037515697487574,2020-08,2020-09-24T01:30:00+00:00,5.0,pseudo_real_time,
twentieth,stable,lightgbm,2020-10,0.3126174703944477,0.0,0.3126174703944477,0.3126174703944477,0.0977296827958233,2020-09,2020-10-26T01:30:00+00:00,5.0,pseudo_real_time,
twentieth,stable,lightgbm,2020-11,0.6194554641169597,0.5,0.1194554641169597,0.1194554641169597,0.0142696079073982,2020-10,2020-11-24T01:30:00+00:00,5.0,pseudo_real_time,
twentieth,stable,lightgbm,2020-12,0.7654625725647892,1.1,-0.3345374274352108,0.3345374274352108,0.1119152903549689,2020-11,2020-12-24T01:30:00+00:00,5.0,pseudo_real_time,
twentieth,stable,lightgbm,2021-01,0.8497074257677171,1.0,-0.1502925742322829,0.1502925742322829,0.0225878578693662,2020-12,2021-01-25T01:30:00+00:00,5.0,pseudo_real_time,
twentieth,stable,lightgbm,2021-04,0.5669234285124736,0.9,-0.3330765714875264,0.3330765714875264,0.1109400024738853,2021-01,2021-04-25T01:30:00+00:00,5.0,pseudo_real_time,
twentieth,stable,lightgbm,2021-05,0.7678885616550681,1.6,-0.832111438344932,0.832111438344932,0.6924094458244715,2021-04,2021-05-24T01:30:00+00:00,5.0,pseudo_real_time,
twentieth,stable,lightgbm,2021-06,-0.1418236246199978,0.3,-0.4418236246199978,0.4418236246199978,0.1952081152723527,2021-05,2021-06-24T01:30:00+00:00,5.0,pseudo_real_time,
twentieth,stable,lightgbm,2021-07,0.1485660312835883,0.5,-0.3514339687164116,0.3514339687164116,0.1235058343677678,2021-06,2021-07-26T01:30:00+00:00,5.0,pseudo_real_time,
twentieth,stable,lightgbm,2021-08,0.4064525041225675,0.7,-0.2935474958774324,0.2935474958774324,0.0861701323359112,2021-07,2021-08-24T01:30:00+00:00,5.0,pseudo_real_time,
twentieth,stable,lightgbm,2021-09,0.762633426335127,1.2,-0.4373665736648729,0.4373665736648729,0.1912895197593507,2021-08,2021-09-24T01:30:00+00:00,5.0,pseudo_real_time,
twentieth,stable,lightgbm,2021-10,1.0254626705275616,2.5,-1.4745373294724384,1.4745373294724384,2.1742603360077104,2021-09,2021-10-25T01:30:00+00:00,5.0,pseudo_real_time,
twentieth,stable,lightgbm,2021-11,-0.4644041093703908,0.0,-0.4644041093703908,0.4644041093703908,0.2156711768001059,2021-10,2021-11-24T01:30:00+00:00,5.0,pseudo_real_time,
twentieth,stable,lightgbm,2021-12,-0.524714474034672,-1.2,0.675285525965328,0.675285525965328,0.4560105415782696,2021-11,2021-12-24T01:30:00+00:00,5.0,pseudo_real_time,
twentieth,stable,lightgbm,2022-01,-0.1636882770902532,-0.2,0.0363117229097467,0.0363117229097467,0.0013185412206742,2021-12,2022-01-24T01:30:00+00:00,5.0,pseudo_real_time,
twentieth,stable,lightgbm,2022-02,0.550653456300748,0.5,0.050653456300748,0.050653456300748,0.0025657726352117,2022-01,2022-02-24T01:30:00+00:00,5.0,pseudo_real_time,
twentieth,stable,lightgbm,2022-03,0.4923906109379141,1.1,-0.607609389062086,0.607609389062086,0.3691891696764013,2022-02,2022-03-24T01:30:00+00:00,5.0,pseudo_real_time,
twentieth,stable,lightgbm,2022-04,0.3397101879744635,0.6,-0.2602898120255364,0.2602898120255364,0.0677507862442891,2022-03,2022-04-24T01:30:00+00:00,5.0,pseudo_real_time,
twentieth,stable,lightgbm,2022-05,-0.063964972590619,0.1,-0.1639649725906189,0.1639649725906189,0.0268845122366424,2022-04,2022-05-24T01:30:00+00:00,5.0,pseudo_real_time,
twentieth,stable,lightgbm,2022-06,-0.0124349104064135,0.0,-0.0124349104064135,0.0124349104064135,0.0001546269968155,2022-05,2022-06-24T01:30:00+00:00,5.0,pseudo_real_time,
twentieth,stable,lightgbm,2022-07,-0.6214748334180181,-1.3,0.6785251665819819,0.6785251665819819,0.4603964016851063,2022-06,2022-07-24T01:30:00+00:00,5.0,pseudo_real_time,
twentieth,stable,lightgbm,2022-08,-0.6685187609394456,-1.2,0.5314812390605543,0.5314812390605543,0.2824723074733421,2022-07,2022-08-24T01:30:00+00:00,5.0,pseudo_real_time,
twentieth,stable,lightgbm,2022-09,-0.1536619445675222,-0.1,-0.0536619445675222,0.0536619445675222,0.0028796042947678,2022-08,2022-09-24T01:30:00+00:00,5.0,pseudo_real_time,
twentieth,stable,lightgbm,2022-10,0.094811723806312,0.2,-0.1051882761936879,0.1051882761936879,0.0110645734485995,2022-09,2022-10-24T01:30:00+00:00,5.0,pseudo_real_time,
twentieth,stable,lightgbm,2022-11,-0.8020736884480557,0.1,-0.9020736884480556,0.9020736884480556,0.8137369393902798,2022-10,2022-11-24T01:30:00+00:00,5.0,pseudo_real_time,
twentieth,stable,lightgbm,2022-12,-0.4309715185651726,-0.5,0.0690284814348274,0.0690284814348274,0.0047649312491983,2022-11,2022-12-24T01:30:00+00:00,5.0,pseudo_real_time,
twentieth,stable,lightgbm,2023-01,0.0715548462541063,-0.4,0.4715548462541064,0.4715548462541064,0.2223639730257339,2022-12,2023-01-24T01:30:00+00:00,5.0,pseudo_real_time,
twentieth,stable,lightgbm,2023-02,-0.0685610350222287,0.0,-0.0685610350222287,0.0685610350222287,0.0047006155233192,2023-01,2023-02-24T01:30:00+00:00,5.0,pseudo_real_time,
twentieth,stable,lightgbm,2023-03,0.260233515507855,0.0,0.260233515507855,0.260233515507855,0.067721482593577,2023-02,2023-03-24T01:30:00+00:00,5.0,pseudo_real_time,
twentieth,stable,lightgbm,2023-04,-0.2831227802420784,-0.5,0.2168772197579215,0.2168772197579215,0.0470357284499258,2023-03,2023-04-24T01:30:00+00:00,5.0,pseudo_real_time,
twentieth,stable,lightgbm,2023-05,-0.6260409926250402,-0.9,0.2739590073749598,0.2739590073749598,0.0750535377218732,2023-04,2023-05-24T01:30:00+00:00,5.0,pseudo_real_time,
twentieth,stable,lightgbm,2023-06,-0.3654477415698253,-0.8,0.4345522584301747,0.4345522584301747,0.1888356653067653,2023-05,2023-06-24T01:30:00+00:00,5.0,pseudo_real_time,
twentieth,stable,lightgbm,2023-07,0.3874799675739729,-0.2,0.587479967573973,0.587479967573973,0.3451327123007164,2023-06,2023-07-24T01:30:00+00:00,5.0,pseudo_real_time,
twentieth,stable,lightgbm,2023-08,0.4163104900205507,0.2,0.2163104900205507,0.2163104900205507,0.0467902280929307,2023-07,2023-08-24T01:30:00+00:00,5.0,pseudo_real_time,
twentieth,stable,lightgbm,2023-09,0.2246433611914655,0.4,-0.1753566388085345,0.1753566388085345,0.0307499507742268,2023-08,2023-09-24T01:30:00+00:00,5.0,pseudo_real_time,
twentieth,stable,lightgbm,2023-10,-0.3246852212673029,0.0,-0.3246852212673029,0.3246852212673029,0.1054204929093974,2023-09,2023-10-24T01:30:00+00:00,5.0,pseudo_real_time,
twentieth,stable,lightgbm,2023-11,-0.4102548823635041,-0.3,-0.1102548823635041,0.1102548823635041,0.0121561390849901,2023-10,2023-11-24T01:30:00+00:00,5.0,pseudo_real_time,
twentieth,stable,lightgbm,2023-12,-0.1445213659518678,-0.3,0.1554786340481321,0.1554786340481321,0.024173605645473,2023-11,2023-12-24T01:30:00+00:00,5.0,pseudo_real_time,
twentieth,stable,lightgbm,2024-01,-0.2483412615648877,-0.2,-0.0483412615648876,0.0483412615648876,0.0023368775696848,2023-12,2024-01-24T01:30:00+00:00,5.0,pseudo_real_time,
twentieth,stable,lightgbm,2024-04,-0.0836853746915967,-0.2,0.1163146253084032,0.1163146253084032,0.0135290920606342,2024-01,2024-04-24T01:30:00+00:00,5.0,pseudo_real_time,
twentieth,stable,lightgbm,2024-05,0.2098085188828388,0.2,0.0098085188828388,0.0098085188828388,9.620704267500674e-05,2024-04,2024-05-24T01:30:00+00:00,5.0,pseudo_real_time,
twentieth,stable,lightgbm,2024-06,0.0830827166928148,0.1,-0.0169172833071851,0.0169172833071851,0.0002861944744955,2024-05,2024-06-24T01:30:00+00:00,5.0,pseudo_real_time,
twentieth,stable,lightgbm,2024-07,-0.3539670845860644,-0.2,-0.1539670845860644,0.1539670845860644,0.0237058631359323,2024-06,2024-07-24T01:30:00+00:00,5.0,pseudo_real_time,
twentieth,stable,lightgbm,2024-08,-0.2484525510029919,-0.7,0.451547448997008,0.451547448997008,0.2038950986957055,2024-07,2024-08-24T01:30:00+00:00,5.0,pseudo_real_time,
twentieth,stable,lightgbm,2024-09,-0.0650538966819975,-0.6,0.5349461033180024,0.5349461033180024,0.2861673334551149,2024-08,2024-09-24T01:30:00+00:00,5.0,pseudo_real_time,
twentieth,stable,lightgbm,2024-10,0.2732679886140471,-0.1,0.3732679886140472,0.3732679886140472,0.1393289913239764,2024-09,2024-10-24T01:30:00+00:00,5.0,pseudo_real_time,
twentieth,stable,lightgbm,2024-11,-0.3142212029616659,-0.1,-0.2142212029616658,0.2142212029616658,0.0458907237983432,2024-10,2024-11-24T01:30:00+00:00,5.0,pseudo_real_time,
twentieth,stable,lightgbm,2024-12,-0.3094620042600297,-0.1,-0.2094620042600296,0.2094620042600296,0.0438743312286286,2024-11,2024-12-24T01:30:00+00:00,5.0,pseudo_real_time,
twentieth,stable,lightgbm,2025-01,-0.2379219290869683,-0.2,-0.0379219290869683,0.0379219290869683,0.001438072705677,2024-12,2025-01-24T01:30:00+00:00,5.0,pseudo_real_time,
twentieth,stable,lightgbm,2025-02,-0.0938937342754441,-0.1,0.0061062657245559,0.0061062657245559,3.72864810988862e-05,2025-01,2025-02-24T01:30:00+00:00,5.0,pseudo_real_time,
twentieth,stable,lightgbm,2025-03,-0.166044905619621,-0.4,0.2339550943803789,0.2339550943803789,0.054734986186532,2025-02,2025-03-24T01:30:00+00:00,5.0,pseudo_real_time,
twentieth,stable,lightgbm,2025-04,-0.6106558519087418,-0.4,-0.2106558519087418,0.2106558519087418,0.0443758879433977,2025-03,2025-04-24T01:30:00+00:00,5.0,pseudo_real_time,
twentieth,stable,lightgbm,2025-05,-0.279559668426692,-0.4,0.120440331573308,0.120440331573308,0.0145058734694883,2025-04,2025-05-24T01:30:00+00:00,5.0,pseudo_real_time,
twentieth,stable,lightgbm,2025-06,-0.1494881189825006,-0.4,0.2505118810174993,0.2505118810174993,0.0627562025309257,2025-05,2025-06-24T01:30:00+00:00,5.0,pseudo_real_time,
twentieth,stable,lightgbm,2025-07,0.1973114388939829,-0.2,0.3973114388939829,0.3973114388939829,0.1578563794760071,2025-06,2025-07-24T01:30:00+00:00,5.0,pseudo_real_time,
twentieth,stable,lightgbm,2025-08,0.0685303398522854,0.0,0.0685303398522854,0.0685303398522854,0.0046964074802697,2025-07,2025-08-24T01:30:00+00:00,5.0,pseudo_real_time,
twentieth,stable,lightgbm,2025-09,-0.1719815925138547,0.0,-0.1719815925138547,0.1719815925138547,0.0295776681636015,2025-08,2025-09-24T01:30:00+00:00,5.0,pseudo_real_time,
twentieth,stable,lightgbm,2025-10,-0.3838779987016673,0.1,-0.4838779987016673,0.4838779987016673,0.2341379176275308,2025-09,2025-10-24T01:30:00+00:00,5.0,pseudo_real_time,
twentieth,stable,lightgbm,2025-11,0.0969559495829205,0.1,-0.0030440504170794,0.0030440504170794,9.266242941721808e-06,2025-10,2025-11-24T01:30:00+00:00,5.0,pseudo_real_time,
twentieth,stable,lightgbm,2025-12,-0.0482761086725827,0.2,-0.2482761086725827,0.2482761086725827,0.0616410261376001,2025-11,2025-12-24T01:30:00+00:00,5.0,pseudo_real_time,
twentieth,stable,lightgbm,2026-01,0.0703032038836509,0.4,-0.329696796116349,0.329696796116349,0.1086999773693854,2025-12,2026-01-24T01:30:00+00:00,5.0,pseudo_real_time,
twentieth,stable,lightgbm,2026-04,0.3726867240784719,1.7,-1.327313275921528,1.327313275921528,1.7617605324375385,2026-01,2026-04-24T01:30:00+00:00,5.0,pseudo_real_time,
twentieth,stable,lightgbm,2026-05,-0.0491976945970635,0.5,-0.5491976945970636,0.5491976945970636,0.3016181077507295,2026-04,2026-05-24T01:30:00+00:00,5.0,pseudo_real_time,
twentieth,stable,lightgbm,2026-06,-0.2467964198521658,-0.3,0.0532035801478341,0.0532035801478341,0.002830620940547,2026-05,2026-06-24T01:30:00+00:00,5.0,pseudo_real_time,
twentieth,stable,lightgbm,2026-07,-0.0801232014152327,-0.7,0.6198767985847672,0.6198767985847672,0.3842472454237,2026-06,2026-07-24T01:30:00+00:00,5.0,pseudo_real_time,
twentieth,stable,lightgbm,2026-08,0.2005166250690144,0.4,-0.1994833749309855,0.1994833749309855,0.0397936168738561,2026-07,2026-08-24T01:30:00+00:00,5.0,pseudo_real_time,
twentieth,union,no_change,2016-04,0.0,0.7,-0.7,0.7,0.4899999999999999,2016-03,2016-04-25T01:30:00+00:00,,pseudo_real_time,
twentieth,union,historical_mean,2016-04,-0.3666666666666667,0.7,-1.0666666666666669,1.0666666666666669,1.1377777777777778,2016-03,2016-04-25T01:30:00+00:00,,pseudo_real_time,
twentieth,union,last_available_actual,2016-04,0.5,0.7,-0.1999999999999999,0.1999999999999999,0.0399999999999999,2016-03,2016-04-25T01:30:00+00:00,,pseudo_real_time,
twentieth,union,no_change,2016-05,0.0,0.5,-0.5,0.5,0.25,2016-04,2016-05-24T01:30:00+00:00,,pseudo_real_time,
twentieth,union,historical_mean,2016-05,-0.324,0.5,-0.8240000000000001,0.8240000000000001,0.6789760000000001,2016-04,2016-05-24T01:30:00+00:00,,pseudo_real_time,
twentieth,union,last_available_actual,2016-05,0.7,0.5,0.1999999999999999,0.1999999999999999,0.0399999999999999,2016-04,2016-05-24T01:30:00+00:00,,pseudo_real_time,
twentieth,union,no_change,2016-06,0.0,-0.2,0.2,0.2,0.04,2016-05,2016-06-24T01:30:00+00:00,,pseudo_real_time,
twentieth,union,historical_mean,2016-06,-0.2923076923076924,-0.2,-0.0923076923076923,0.0923076923076923,0.0085207100591716,2016-05,2016-06-24T01:30:00+00:00,,pseudo_real_time,
twentieth,union,last_available_actual,2016-06,0.5,-0.2,0.7,0.7,0.4899999999999999,2016-05,2016-06-24T01:30:00+00:00,,pseudo_real_time,
twentieth,union,no_change,2016-07,0.0,0.2,-0.2,0.2,0.04,2016-06,2016-07-25T01:30:00+00:00,,pseudo_real_time,
twentieth,union,historical_mean,2016-07,-0.288888888888889,0.2,-0.488888888888889,0.488888888888889,0.2390123456790124,2016-06,2016-07-25T01:30:00+00:00,,pseudo_real_time,
twentieth,union,last_available_actual,2016-07,-0.2,0.2,-0.4,0.4,0.16,2016-06,2016-07-25T01:30:00+00:00,,pseudo_real_time,
twentieth,union,no_change,2016-08,0.0,0.2,-0.2,0.2,0.04,2016-07,2016-08-24T01:30:00+00:00,,pseudo_real_time,
twentieth,union,historical_mean,2016-08,-0.2714285714285714,0.2,-0.4714285714285715,0.4714285714285715,0.2222448979591837,2016-07,2016-08-24T01:30:00+00:00,,pseudo_real_time,
twentieth,union,last_available_actual,2016-08,0.2,0.2,0.0,0.0,0.0,2016-07,2016-08-24T01:30:00+00:00,,pseudo_real_time,
twentieth,union,no_change,2016-09,0.0,0.5,-0.5,0.5,0.25,2016-08,2016-09-26T01:30:00+00:00,,pseudo_real_time,
twentieth,union,historical_mean,2016-09,-0.2551724137931035,0.5,-0.7551724137931035,0.7551724137931035,0.5702853745541023,2016-08,2016-09-26T01:30:00+00:00,,pseudo_real_time,
twentieth,union,last_available_actual,2016-09,0.2,0.5,-0.3,0.3,0.09,2016-08,2016-09-26T01:30:00+00:00,,pseudo_real_time,
twentieth,union,no_change,2016-10,0.0,0.7,-0.7,0.7,0.4899999999999999,2016-09,2016-10-24T01:30:00+00:00,,pseudo_real_time,
twentieth,union,historical_mean,2016-10,-0.23,0.7,-0.93,0.93,0.8648999999999999,2016-09,2016-10-24T01:30:00+00:00,,pseudo_real_time,
twentieth,union,last_available_actual,2016-10,0.5,0.7,-0.1999999999999999,0.1999999999999999,0.0399999999999999,2016-09,2016-10-24T01:30:00+00:00,,pseudo_real_time,
twentieth,union,no_change,2016-11,0.0,1.5,-1.5,1.5,2.25,2016-10,2016-11-24T01:30:00+00:00,,pseudo_real_time,
twentieth,union,historical_mean,2016-11,-0.2,1.5,-1.7,1.7,2.89,2016-10,2016-11-24T01:30:00+00:00,,pseudo_real_time,
twentieth,union,last_available_actual,2016-11,0.7,1.5,-0.8,0.8,0.6400000000000001,2016-10,2016-11-24T01:30:00+00:00,,pseudo_real_time,
twentieth,union,no_change,2016-12,0.0,1.6,-1.6,1.6,2.5600000000000005,2016-11,2016-12-26T01:30:00+00:00,,pseudo_real_time,
twentieth,union,historical_mean,2016-12,-0.146875,1.6,-1.7468750000000002,1.7468750000000002,3.051572265625001,2016-11,2016-12-26T01:30:00+00:00,,pseudo_real_time,
twentieth,union,last_available_actual,2016-12,1.5,1.6,-0.1,0.1,0.01,2016-11,2016-12-26T01:30:00+00:00,,pseudo_real_time,
twentieth,union,no_change,2017-01,0.0,0.8,-0.8,0.8,0.6400000000000001,2016-12,2017-01-24T01:30:00+00:00,,pseudo_real_time,
twentieth,union,historical_mean,2017-01,-0.0939393939393939,0.8,-0.893939393939394,0.893939393939394,0.7991276400367311,2016-12,2017-01-24T01:30:00+00:00,,pseudo_real_time,
twentieth,union,last_available_actual,2017-01,1.6,0.8,0.8,0.8,0.6400000000000001,2016-12,2017-01-24T01:30:00+00:00,,pseudo_real_time,
twentieth,union,no_change,2017-02,0.0,0.6,-0.6,0.6,0.36,2017-01,2017-02-24T01:30:00+00:00,,pseudo_real_time,
twentieth,union,historical_mean,2017-02,-0.0676470588235294,0.6,-0.6676470588235294,0.6676470588235294,0.4457525951557093,2017-01,2017-02-24T01:30:00+00:00,,pseudo_real_time,
twentieth,union,last_available_actual,2017-02,0.8,0.6,0.2,0.2,0.04,2017-01,2017-02-24T01:30:00+00:00,,pseudo_real_time,
twentieth,union,no_change,2017-03,0.0,0.3,-0.3,0.3,0.09,2017-02,2017-03-24T01:30:00+00:00,,pseudo_real_time,
twentieth,union,historical_mean,2017-03,-0.0485714285714285,0.3,-0.3485714285714286,0.3485714285714286,0.1215020408163265,2017-02,2017-03-24T01:30:00+00:00,,pseudo_real_time,
twentieth,union,last_available_actual,2017-03,0.6,0.3,0.3,0.3,0.09,2017-02,2017-03-24T01:30:00+00:00,,pseudo_real_time,
twentieth,union,no_change,2017-04,0.0,-0.4,0.4,0.4,0.16,2017-03,2017-04-24T01:30:00+00:00,,pseudo_real_time,
twentieth,union,historical_mean,2017-04,-0.0388888888888889,-0.4,0.3611111111111111,0.3611111111111111,0.1304012345679012,2017-03,2017-04-24T01:30:00+00:00,,pseudo_real_time,
twentieth,union,last_available_actual,2017-04,0.3,-0.4,0.7,0.7,0.4899999999999999,2017-03,2017-04-24T01:30:00+00:00,,pseudo_real_time,
twentieth,union,no_change,2017-05,0.0,-0.3,0.3,0.3,0.09,2017-04,2017-05-24T01:30:00+00:00,,pseudo_real_time,
twentieth,union,historical_mean,2017-05,-0.0486486486486486,-0.3,0.2513513513513513,0.2513513513513513,0.0631775018261504,2017-04,2017-05-24T01:30:00+00:00,,pseudo_real_time,
twentieth,union,last_available_actual,2017-05,-0.4,-0.3,-0.1,0.1,0.01,2017-04,2017-05-24T01:30:00+00:00,,pseudo_real_time,
twentieth,union,no_change,2017-06,0.0,-0.2,0.2,0.2,0.04,2017-05,2017-06-26T01:30:00+00:00,,pseudo_real_time,
twentieth,union,historical_mean,2017-06,-0.0552631578947368,-0.2,0.1447368421052631,0.1447368421052631,0.0209487534626038,2017-05,2017-06-26T01:30:00+00:00,,pseudo_real_time,
twentieth,union,last_available_actual,2017-06,-0.3,-0.2,-0.0999999999999999,0.0999999999999999,0.0099999999999999,2017-05,2017-06-26T01:30:00+00:00,,pseudo_real_time,
twentieth,union,no_change,2017-07,0.0,0.2,-0.2,0.2,0.04,2017-06,2017-07-24T01:30:00+00:00,,pseudo_real_time,
twentieth,union,historical_mean,2017-07,-0.0589743589743589,0.2,-0.258974358974359,0.258974358974359,0.0670677186061801,2017-06,2017-07-24T01:30:00+00:00,,pseudo_real_time,
twentieth,union,last_available_actual,2017-07,-0.2,0.2,-0.4,0.4,0.16,2017-06,2017-07-24T01:30:00+00:00,,pseudo_real_time,
twentieth,union,no_change,2017-08,0.0,0.9,-0.9,0.9,0.81,2017-07,2017-08-24T01:30:00+00:00,,pseudo_real_time,
twentieth,union,historical_mean,2017-08,-0.0525,0.9,-0.9525,0.9525,0.90725625,2017-07,2017-08-24T01:30:00+00:00,,pseudo_real_time,
twentieth,union,last_available_actual,2017-08,0.2,0.9,-0.7,0.7,0.4899999999999999,2017-07,2017-08-24T01:30:00+00:00,,pseudo_real_time,
twentieth,union,no_change,2017-09,0.0,1.0,-1.0,1.0,1.0,2017-08,2017-09-25T01:30:00+00:00,,pseudo_real_time,
twentieth,union,historical_mean,2017-09,-0.0292682926829268,1.0,-1.0292682926829269,1.0292682926829269,1.0593932183224273,2017-08,2017-09-25T01:30:00+00:00,,pseudo_real_time,
twentieth,union,last_available_actual,2017-09,0.9,1.0,-0.0999999999999999,0.0999999999999999,0.0099999999999999,2017-08,2017-09-25T01:30:00+00:00,,pseudo_real_time,
twentieth,union,no_change,2017-10,0.0,0.7,-0.7,0.7,0.4899999999999999,2017-09,2017-10-24T01:30:00+00:00,,pseudo_real_time,
twentieth,union,historical_mean,2017-10,-0.0047619047619047,0.7,-0.7047619047619047,0.7047619047619047,0.496689342403628,2017-09,2017-10-24T01:30:00+00:00,,pseudo_real_time,
twentieth,union,last_available_actual,2017-10,1.0,0.7,0.3,0.3,0.09,2017-09,2017-10-24T01:30:00+00:00,,pseudo_real_time,
twentieth,union,no_change,2017-11,0.0,0.5,-0.5,0.5,0.25,2017-10,2017-11-24T01:30:00+00:00,,pseudo_real_time,
twentieth,union,historical_mean,2017-11,0.0116279069767441,0.5,-0.4883720930232558,0.4883720930232558,0.2385073012439156,2017-10,2017-11-24T01:30:00+00:00,,pseudo_real_time,
twentieth,union,last_available_actual,2017-11,0.7,0.5,0.1999999999999999,0.1999999999999999,0.0399999999999999,2017-10,2017-11-24T01:30:00+00:00,,pseudo_real_time,
twentieth,union,no_change,2017-12,0.0,0.8,-0.8,0.8,0.6400000000000001,2017-11,2017-12-25T01:30:00+00:00,,pseudo_real_time,
twentieth,union,historical_mean,2017-12,0.0227272727272726,0.8,-0.7772727272727273,0.7772727272727273,0.6041528925619836,2017-11,2017-12-25T01:30:00+00:00,,pseudo_real_time,
twentieth,union,last_available_actual,2017-12,0.5,0.8,-0.3,0.3,0.09,2017-11,2017-12-25T01:30:00+00:00,,pseudo_real_time,
twentieth,union,no_change,2018-01,0.0,0.3,-0.3,0.3,0.09,2017-12,2018-01-24T01:30:00+00:00,,pseudo_real_time,
twentieth,union,historical_mean,2018-01,0.0399999999999999,0.3,-0.26,0.26,0.0676,2017-12,2018-01-24T01:30:00+00:00,,pseudo_real_time,
twentieth,union,last_available_actual,2018-01,0.8,0.3,0.5,0.5,0.25,2017-12,2018-01-24T01:30:00+00:00,,pseudo_real_time,
twentieth,union,no_change,2018-04,0.0,-0.2,0.2,0.2,0.04,2018-01,2018-04-24T01:30:00+00:00,,pseudo_real_time,
twentieth,union,historical_mean,2018-04,0.0456521739130434,-0.2,0.2456521739130434,0.2456521739130434,0.0603449905482041,2018-01,2018-04-24T01:30:00+00:00,,pseudo_real_time,
twentieth,union,last_available_actual,2018-04,0.3,-0.2,0.5,0.5,0.25,2018-01,2018-04-24T01:30:00+00:00,,pseudo_real_time,
twentieth,union,no_change,2018-05,0.0,0.4,-0.4,0.4,0.16,2018-04,2018-05-24T01:30:00+00:00,,pseudo_real_time,
twentieth,union,historical_mean,2018-05,0.0404255319148935,0.4,-0.3595744680851064,0.3595744680851064,0.1292937980986872,2018-04,2018-05-24T01:30:00+00:00,,pseudo_real_time,
twentieth,union,last_available_actual,2018-05,-0.2,0.4,-0.6000000000000001,0.6000000000000001,0.3600000000000001,2018-04,2018-05-24T01:30:00+00:00,,pseudo_real_time,
twentieth,union,no_change,2018-06,0.0,0.3,-0.3,0.3,0.09,2018-05,2018-06-25T01:30:00+00:00,,pseudo_real_time,
twentieth,union,historical_mean,2018-06,0.0479166666666666,0.3,-0.2520833333333333,0.2520833333333333,0.0635460069444444,2018-05,2018-06-25T01:30:00+00:00,,pseudo_real_time,
twentieth,union,last_available_actual,2018-06,0.4,0.3,0.1,0.1,0.01,2018-05,2018-06-25T01:30:00+00:00,,pseudo_real_time,
twentieth,union,no_change,2018-07,0.0,0.1,-0.1,0.1,0.01,2018-06,2018-07-24T01:30:00+00:00,,pseudo_real_time,
twentieth,union,historical_mean,2018-07,0.0530612244897958,0.1,-0.0469387755102041,0.0469387755102041,0.0022032486463973,2018-06,2018-07-24T01:30:00+00:00,,pseudo_real_time,
twentieth,union,last_available_actual,2018-07,0.3,0.1,0.1999999999999999,0.1999999999999999,0.0399999999999999,2018-06,2018-07-24T01:30:00+00:00,,pseudo_real_time,
twentieth,union,no_change,2018-08,0.0,0.4,-0.4,0.4,0.16,2018-07,2018-08-24T01:30:00+00:00,,pseudo_real_time,
twentieth,union,historical_mean,2018-08,0.0539999999999999,0.4,-0.346,0.346,0.119716,2018-07,2018-08-24T01:30:00+00:00,,pseudo_real_time,
twentieth,union,last_available_actual,2018-08,0.1,0.4,-0.3,0.3,0.09,2018-07,2018-08-24T01:30:00+00:00,,pseudo_real_time,
twentieth,union,no_change,2018-09,0.0,0.6,-0.6,0.6,0.36,2018-08,2018-09-25T01:30:00+00:00,,pseudo_real_time,
twentieth,union,historical_mean,2018-09,0.0607843137254901,0.6,-0.5392156862745098,0.5392156862745098,0.2907535563244905,2018-08,2018-09-25T01:30:00+00:00,,pseudo_real_time,
twentieth,union,last_available_actual,2018-09,0.4,0.6,-0.1999999999999999,0.1999999999999999,0.0399999999999999,2018-08,2018-09-25T01:30:00+00:00,,pseudo_real_time,
twentieth,union,no_change,2018-10,0.0,0.4,-0.4,0.4,0.16,2018-09,2018-10-24T01:30:00+00:00,,pseudo_real_time,
twentieth,union,historical_mean,2018-10,0.0711538461538461,0.4,-0.3288461538461539,0.3288461538461539,0.1081397928994083,2018-09,2018-10-24T01:30:00+00:00,,pseudo_real_time,
twentieth,union,last_available_actual,2018-10,0.6,0.4,0.1999999999999999,0.1999999999999999,0.0399999999999999,2018-09,2018-10-24T01:30:00+00:00,,pseudo_real_time,
twentieth,union,no_change,2018-11,0.0,-0.2,0.2,0.2,0.04,2018-10,2018-11-26T01:30:00+00:00,,pseudo_real_time,
twentieth,union,historical_mean,2018-11,0.0773584905660377,-0.2,0.2773584905660377,0.2773584905660377,0.0769277322890708,2018-10,2018-11-26T01:30:00+00:00,,pseudo_real_time,
twentieth,union,last_available_actual,2018-11,0.4,-0.2,0.6000000000000001,0.6000000000000001,0.3600000000000001,2018-10,2018-11-26T01:30:00+00:00,,pseudo_real_time,
twentieth,union,no_change,2018-12,0.0,-1.0,1.0,1.0,1.0,2018-11,2018-12-24T01:30:00+00:00,,pseudo_real_time,
twentieth,union,historical_mean,2018-12,0.0722222222222222,-1.0,1.0722222222222222,1.0722222222222222,1.1496604938271604,2018-11,2018-12-24T01:30:00+00:00,,pseudo_real_time,
twentieth,union,last_available_actual,2018-12,-0.2,-1.0,0.8,0.8,0.6400000000000001,2018-11,2018-12-24T01:30:00+00:00,,pseudo_real_time,
twentieth,union,no_change,2019-01,0.0,-0.6,0.6,0.6,0.36,2018-12,2019-01-24T01:30:00+00:00,,pseudo_real_time,
twentieth,union,historical_mean,2019-01,0.0527272727272727,-0.6,0.6527272727272727,0.6527272727272727,0.4260528925619835,2018-12,2019-01-24T01:30:00+00:00,,pseudo_real_time,
twentieth,union,last_available_actual,2019-01,-1.0,-0.6,-0.4,0.4,0.16,2018-12,2019-01-24T01:30:00+00:00,,pseudo_real_time,
twentieth,union,no_change,2019-02,0.0,-0.1,0.1,0.1,0.01,2019-01,2019-02-25T01:30:00+00:00,,pseudo_real_time,
twentieth,union,historical_mean,2019-02,0.0410714285714285,-0.1,0.1410714285714285,0.1410714285714285,0.0199011479591836,2019-01,2019-02-25T01:30:00+00:00,,pseudo_real_time,
twentieth,union,last_available_actual,2019-02,-0.6,-0.1,-0.5,0.5,0.25,2019-01,2019-02-25T01:30:00+00:00,,pseudo_real_time,
twentieth,union,no_change,2019-03,0.0,0.1,-0.1,0.1,0.01,2019-02,2019-03-25T01:30:00+00:00,,pseudo_real_time,
twentieth,union,historical_mean,2019-03,0.0385964912280701,0.1,-0.0614035087719298,0.0614035087719298,0.0037703908895044,2019-02,2019-03-25T01:30:00+00:00,,pseudo_real_time,
twentieth,union,last_available_actual,2019-03,-0.1,0.1,-0.2,0.2,0.04,2019-02,2019-03-25T01:30:00+00:00,,pseudo_real_time,
twentieth,union,no_change,2019-04,0.0,0.3,-0.3,0.3,0.09,2019-03,2019-04-24T01:30:00+00:00,,pseudo_real_time,
twentieth,union,historical_mean,2019-04,0.039655172413793,0.3,-0.2603448275862069,0.2603448275862069,0.0677794292508918,2019-03,2019-04-24T01:30:00+00:00,,pseudo_real_time,
twentieth,union,last_available_actual,2019-04,0.1,0.3,-0.1999999999999999,0.1999999999999999,0.0399999999999999,2019-03,2019-04-24T01:30:00+00:00,,pseudo_real_time,
twentieth,union,no_change,2019-07,0.0,-0.2,0.2,0.2,0.04,2019-04,2019-07-24T01:30:00+00:00,,pseudo_real_time,
twentieth,union,historical_mean,2019-07,0.0440677966101694,-0.2,0.2440677966101694,0.2440677966101694,0.059569089342143,2019-04,2019-07-24T01:30:00+00:00,,pseudo_real_time,
twentieth,union,last_available_actual,2019-07,0.3,-0.2,0.5,0.5,0.25,2019-04,2019-07-24T01:30:00+00:00,,pseudo_real_time,
twentieth,union,no_change,2019-08,0.0,-0.1,0.1,0.1,0.01,2019-07,2019-08-26T01:30:00+00:00,,pseudo_real_time,
twentieth,union,historical_mean,2019-08,0.0399999999999999,-0.1,0.1399999999999999,0.1399999999999999,0.0195999999999999,2019-07,2019-08-26T01:30:00+00:00,,pseudo_real_time,
twentieth,union,last_available_actual,2019-08,-0.2,-0.1,-0.1,0.1,0.01,2019-07,2019-08-26T01:30:00+00:00,,pseudo_real_time,
twentieth,union,no_change,2019-09,0.0,0.1,-0.1,0.1,0.01,2019-08,2019-09-24T01:30:00+00:00,,pseudo_real_time,
twentieth,union,historical_mean,2019-09,0.0377049180327868,0.1,-0.0622950819672131,0.0622950819672131,0.0038806772373018,2019-08,2019-09-24T01:30:00+00:00,,pseudo_real_time,
twentieth,union,last_available_actual,2019-09,-0.1,0.1,-0.2,0.2,0.04,2019-08,2019-09-24T01:30:00+00:00,,pseudo_real_time,
twentieth,union,no_change,2019-10,0.0,0.1,-0.1,0.1,0.01,2019-09,2019-10-24T01:30:00+00:00,,pseudo_real_time,
twentieth,union,historical_mean,2019-10,0.0387096774193548,0.1,-0.0612903225806451,0.0612903225806451,0.0037565036420395,2019-09,2019-10-24T01:30:00+00:00,,pseudo_real_time,
twentieth,union,last_available_actual,2019-10,0.1,0.1,0.0,0.0,0.0,2019-09,2019-10-24T01:30:00+00:00,,pseudo_real_time,
twentieth,union,no_change,2019-11,0.0,-0.1,0.1,0.1,0.01,2019-10,2019-11-25T01:30:00+00:00,,pseudo_real_time,
twentieth,union,historical_mean,2019-11,0.0396825396825396,-0.1,0.1396825396825396,0.1396825396825396,0.0195112118921642,2019-10,2019-11-25T01:30:00+00:00,,pseudo_real_time,
twentieth,union,last_available_actual,2019-11,0.1,-0.1,0.2,0.2,0.04,2019-10,2019-11-25T01:30:00+00:00,,pseudo_real_time,
twentieth,union,no_change,2019-12,0.0,0.0,0.0,0.0,0.0,2019-11,2019-12-24T01:30:00+00:00,,pseudo_real_time,
twentieth,union,historical_mean,2019-12,0.0374999999999999,0.0,0.0374999999999999,0.0374999999999999,0.0014062499999999,2019-11,2019-12-24T01:30:00+00:00,,pseudo_real_time,
twentieth,union,last_available_actual,2019-12,-0.1,0.0,-0.1,0.1,0.01,2019-11,2019-12-24T01:30:00+00:00,,pseudo_real_time,
twentieth,union,no_change,2020-01,0.0,0.0,0.0,0.0,0.0,2019-12,2020-01-23T01:30:00+00:00,,pseudo_real_time,
twentieth,union,historical_mean,2020-01,0.0369230769230769,0.0,0.0369230769230769,0.0369230769230769,0.0013633136094674,2019-12,2020-01-23T01:30:00+00:00,,pseudo_real_time,
twentieth,union,last_available_actual,2020-01,0.0,0.0,0.0,0.0,0.0,2019-12,2020-01-23T01:30:00+00:00,,pseudo_real_time,
twentieth,union,no_change,2020-02,0.0,-0.5,0.5,0.5,0.25,2020-01,2020-02-24T01:30:00+00:00,,pseudo_real_time,
twentieth,union,historical_mean,2020-02,0.0363636363636363,-0.5,0.5363636363636364,0.5363636363636364,0.2876859504132231,2020-01,2020-02-24T01:30:00+00:00,,pseudo_real_time,
twentieth,union,last_available_actual,2020-02,0.0,-0.5,0.5,0.5,0.25,2020-01,2020-02-24T01:30:00+00:00,,pseudo_real_time,
twentieth,union,no_change,2020-03,0.0,-1.0,1.0,1.0,1.0,2020-02,2020-03-24T01:30:00+00:00,,pseudo_real_time,
twentieth,union,historical_mean,2020-03,0.0283582089552238,-1.0,1.028358208955224,1.028358208955224,1.057520605925596,2020-02,2020-03-24T01:30:00+00:00,,pseudo_real_time,
twentieth,union,last_available_actual,2020-03,-0.5,-1.0,0.5,0.5,0.25,2020-02,2020-03-24T01:30:00+00:00,,pseudo_real_time,
twentieth,union,no_change,2020-04,0.0,-1.3,1.3,1.3,1.6900000000000002,2020-03,2020-04-24T01:30:00+00:00,,pseudo_real_time,
twentieth,union,historical_mean,2020-04,0.013235294117647,-1.3,1.313235294117647,1.313235294117647,1.724586937716263,2020-03,2020-04-24T01:30:00+00:00,,pseudo_real_time,
twentieth,union,last_available_actual,2020-04,-1.0,-1.3,0.3,0.3,0.09,2020-03,2020-04-24T01:30:00+00:00,,pseudo_real_time,
twentieth,union,no_change,2020-05,0.0,-0.4,0.4,0.4,0.16,2020-04,2020-05-25T01:30:00+00:00,,pseudo_real_time,
twentieth,union,historical_mean,2020-05,-0.0057971014492753,-0.4,0.3942028985507246,0.3942028985507246,0.1553959252257929,2020-04,2020-05-25T01:30:00+00:00,,pseudo_real_time,
twentieth,union,last_available_actual,2020-05,-1.3,-0.4,-0.9,0.9,0.81,2020-04,2020-05-25T01:30:00+00:00,,pseudo_real_time,
twentieth,union,no_change,2020-06,0.0,0.4,-0.4,0.4,0.16,2020-05,2020-06-24T01:30:00+00:00,,pseudo_real_time,
twentieth,union,historical_mean,2020-06,-0.0114285714285714,0.4,-0.4114285714285715,0.4114285714285715,0.1692734693877551,2020-05,2020-06-24T01:30:00+00:00,,pseudo_real_time,
twentieth,union,last_available_actual,2020-06,-0.4,0.4,-0.8,0.8,0.6400000000000001,2020-05,2020-06-24T01:30:00+00:00,,pseudo_real_time,
twentieth,union,no_change,2020-07,0.0,0.4,-0.4,0.4,0.16,2020-06,2020-07-24T01:30:00+00:00,,pseudo_real_time,
twentieth,union,historical_mean,2020-07,-0.0056338028169014,0.4,-0.4056338028169014,0.4056338028169014,0.1645387819877008,2020-06,2020-07-24T01:30:00+00:00,,pseudo_real_time,
twentieth,union,last_available_actual,2020-07,0.4,0.4,0.0,0.0,0.0,2020-06,2020-07-24T01:30:00+00:00,,pseudo_real_time,
twentieth,union,no_change,2020-08,0.0,0.3,-0.3,0.3,0.09,2020-07,2020-08-24T01:30:00+00:00,,pseudo_real_time,
twentieth,union,historical_mean,2020-08,-6.167905692361981e-18,0.3,-0.3,0.3,0.09,2020-07,2020-08-24T01:30:00+00:00,,pseudo_real_time,
twentieth,union,last_available_actual,2020-08,0.4,0.3,0.1,0.1,0.01,2020-07,2020-08-24T01:30:00+00:00,,pseudo_real_time,
twentieth,union,no_change,2020-09,0.0,0.1,-0.1,0.1,0.01,2020-08,2020-09-24T01:30:00+00:00,,pseudo_real_time,
twentieth,union,historical_mean,2020-09,0.0041095890410958,0.1,-0.0958904109589041,0.0958904109589041,0.0091949709138675,2020-08,2020-09-24T01:30:00+00:00,,pseudo_real_time,
twentieth,union,last_available_actual,2020-09,0.3,0.1,0.1999999999999999,0.1999999999999999,0.0399999999999999,2020-08,2020-09-24T01:30:00+00:00,,pseudo_real_time,
twentieth,union,no_change,2020-10,0.0,0.0,0.0,0.0,0.0,2020-09,2020-10-26T01:30:00+00:00,,pseudo_real_time,
twentieth,union,historical_mean,2020-10,0.0054054054054054,0.0,0.0054054054054054,0.0054054054054054,2.9218407596785917e-05,2020-09,2020-10-26T01:30:00+00:00,,pseudo_real_time,
twentieth,union,last_available_actual,2020-10,0.1,0.0,0.1,0.1,0.01,2020-09,2020-10-26T01:30:00+00:00,,pseudo_real_time,
twentieth,union,no_change,2020-11,0.0,0.5,-0.5,0.5,0.25,2020-10,2020-11-24T01:30:00+00:00,,pseudo_real_time,
twentieth,union,historical_mean,2020-11,0.0053333333333333,0.5,-0.4946666666666667,0.4946666666666667,0.2446951111111111,2020-10,2020-11-24T01:30:00+00:00,,pseudo_real_time,
twentieth,union,last_available_actual,2020-11,0.0,0.5,-0.5,0.5,0.25,2020-10,2020-11-24T01:30:00+00:00,,pseudo_real_time,
twentieth,union,no_change,2020-12,0.0,1.1,-1.1,1.1,1.2100000000000002,2020-11,2020-12-24T01:30:00+00:00,,pseudo_real_time,
twentieth,union,historical_mean,2020-12,0.0118421052631578,1.1,-1.0881578947368422,1.0881578947368422,1.1840876038781163,2020-11,2020-12-24T01:30:00+00:00,,pseudo_real_time,
twentieth,union,last_available_actual,2020-12,0.5,1.1,-0.6000000000000001,0.6000000000000001,0.3600000000000001,2020-11,2020-12-24T01:30:00+00:00,,pseudo_real_time,
twentieth,union,no_change,2021-01,0.0,1.0,-1.0,1.0,1.0,2020-12,2021-01-25T01:30:00+00:00,,pseudo_real_time,
twentieth,union,historical_mean,2021-01,0.0259740259740259,1.0,-0.974025974025974,0.974025974025974,0.9487265980772476,2020-12,2021-01-25T01:30:00+00:00,,pseudo_real_time,
twentieth,union,last_available_actual,2021-01,1.1,1.0,0.1,0.1,0.01,2020-12,2021-01-25T01:30:00+00:00,,pseudo_real_time,
twentieth,union,no_change,2021-04,0.0,0.9,-0.9,0.9,0.81,2021-01,2021-04-25T01:30:00+00:00,,pseudo_real_time,
twentieth,union,historical_mean,2021-04,0.0384615384615384,0.9,-0.8615384615384616,0.8615384615384616,0.7422485207100592,2021-01,2021-04-25T01:30:00+00:00,,pseudo_real_time,
twentieth,union,last_available_actual,2021-04,1.0,0.9,0.0999999999999999,0.0999999999999999,0.0099999999999999,2021-01,2021-04-25T01:30:00+00:00,,pseudo_real_time,
twentieth,union,no_change,2021-05,0.0,1.6,-1.6,1.6,2.5600000000000005,2021-04,2021-05-24T01:30:00+00:00,,pseudo_real_time,
twentieth,union,historical_mean,2021-05,0.0493670886075949,1.6,-1.5506329113924051,1.5506329113924051,2.4044624258932865,2021-04,2021-05-24T01:30:00+00:00,,pseudo_real_time,
twentieth,union,last_available_actual,2021-05,0.9,1.6,-0.7000000000000001,0.7000000000000001,0.4900000000000001,2021-04,2021-05-24T01:30:00+00:00,,pseudo_real_time,
twentieth,union,no_change,2021-06,0.0,0.3,-0.3,0.3,0.09,2021-05,2021-06-24T01:30:00+00:00,,pseudo_real_time,
twentieth,union,historical_mean,2021-06,0.0687499999999999,0.3,-0.23125,0.23125,0.0534765625,2021-05,2021-06-24T01:30:00+00:00,,pseudo_real_time,
twentieth,union,last_available_actual,2021-06,1.6,0.3,1.3,1.3,1.6900000000000002,2021-05,2021-06-24T01:30:00+00:00,,pseudo_real_time,
twentieth,union,no_change,2021-07,0.0,0.5,-0.5,0.5,0.25,2021-06,2021-07-26T01:30:00+00:00,,pseudo_real_time,
twentieth,union,historical_mean,2021-07,0.0716049382716049,0.5,-0.4283950617283951,0.4283950617283951,0.1835223289132754,2021-06,2021-07-26T01:30:00+00:00,,pseudo_real_time,
twentieth,union,last_available_actual,2021-07,0.3,0.5,-0.2,0.2,0.04,2021-06,2021-07-26T01:30:00+00:00,,pseudo_real_time,
twentieth,union,no_change,2021-08,0.0,0.7,-0.7,0.7,0.4899999999999999,2021-07,2021-08-24T01:30:00+00:00,,pseudo_real_time,
twentieth,union,historical_mean,2021-08,0.0768292682926829,0.7,-0.6231707317073171,0.6231707317073171,0.3883417608566329,2021-07,2021-08-24T01:30:00+00:00,,pseudo_real_time,
twentieth,union,last_available_actual,2021-08,0.5,0.7,-0.1999999999999999,0.1999999999999999,0.0399999999999999,2021-07,2021-08-24T01:30:00+00:00,,pseudo_real_time,
twentieth,union,no_change,2021-09,0.0,1.2,-1.2,1.2,1.44,2021-08,2021-09-24T01:30:00+00:00,,pseudo_real_time,
twentieth,union,historical_mean,2021-09,0.0843373493975903,1.2,-1.1156626506024097,1.1156626506024097,1.2447031499491945,2021-08,2021-09-24T01:30:00+00:00,,pseudo_real_time,
twentieth,union,last_available_actual,2021-09,0.7,1.2,-0.5,0.5,0.25,2021-08,2021-09-24T01:30:00+00:00,,pseudo_real_time,
twentieth,union,no_change,2021-10,0.0,2.5,-2.5,2.5,6.25,2021-09,2021-10-25T01:30:00+00:00,,pseudo_real_time,
twentieth,union,historical_mean,2021-10,0.0976190476190476,2.5,-2.4023809523809523,2.4023809523809523,5.771434240362812,2021-09,2021-10-25T01:30:00+00:00,,pseudo_real_time,
twentieth,union,last_available_actual,2021-10,1.2,2.5,-1.3,1.3,1.6900000000000002,2021-09,2021-10-25T01:30:00+00:00,,pseudo_real_time,
twentieth,union,no_change,2021-11,0.0,0.0,0.0,0.0,0.0,2021-10,2021-11-24T01:30:00+00:00,,pseudo_real_time,
twentieth,union,historical_mean,2021-11,0.1258823529411764,0.0,0.1258823529411764,0.1258823529411764,0.0158463667820069,2021-10,2021-11-24T01:30:00+00:00,,pseudo_real_time,
twentieth,union,last_available_actual,2021-11,2.5,0.0,2.5,2.5,6.25,2021-10,2021-11-24T01:30:00+00:00,,pseudo_real_time,
twentieth,union,no_change,2021-12,0.0,-1.2,1.2,1.2,1.44,2021-11,2021-12-24T01:30:00+00:00,,pseudo_real_time,
twentieth,union,historical_mean,2021-12,0.1244186046511627,-1.2,1.3244186046511628,1.3244186046511628,1.754084640346133,2021-11,2021-12-24T01:30:00+00:00,,pseudo_real_time,
twentieth,union,last_available_actual,2021-12,0.0,-1.2,1.2,1.2,1.44,2021-11,2021-12-24T01:30:00+00:00,,pseudo_real_time,
twentieth,union,no_change,2022-01,0.0,-0.2,0.2,0.2,0.04,2021-12,2022-01-24T01:30:00+00:00,,pseudo_real_time,
twentieth,union,historical_mean,2022-01,0.1091954022988505,-0.2,0.3091954022988505,0.3091954022988505,0.095601796802748,2021-12,2022-01-24T01:30:00+00:00,,pseudo_real_time,
twentieth,union,last_available_actual,2022-01,-1.2,-0.2,-1.0,1.0,1.0,2021-12,2022-01-24T01:30:00+00:00,,pseudo_real_time,
twentieth,union,no_change,2022-02,0.0,0.5,-0.5,0.5,0.25,2022-01,2022-02-24T01:30:00+00:00,,pseudo_real_time,
twentieth,union,historical_mean,2022-02,0.1056818181818181,0.5,-0.3943181818181818,0.3943181818181818,0.1554868285123967,2022-01,2022-02-24T01:30:00+00:00,,pseudo_real_time,
twentieth,union,last_available_actual,2022-02,-0.2,0.5,-0.7,0.7,0.4899999999999999,2022-01,2022-02-24T01:30:00+00:00,,pseudo_real_time,
twentieth,union,no_change,2022-03,0.0,1.1,-1.1,1.1,1.2100000000000002,2022-02,2022-03-24T01:30:00+00:00,,pseudo_real_time,
twentieth,union,historical_mean,2022-03,0.1101123595505617,1.1,-0.9898876404494384,0.9898876404494384,0.9798775407145563,2022-02,2022-03-24T01:30:00+00:00,,pseudo_real_time,
twentieth,union,last_available_actual,2022-03,0.5,1.1,-0.6000000000000001,0.6000000000000001,0.3600000000000001,2022-02,2022-03-24T01:30:00+00:00,,pseudo_real_time,
twentieth,union,no_change,2022-04,0.0,0.6,-0.6,0.6,0.36,2022-03,2022-04-24T01:30:00+00:00,,pseudo_real_time,
twentieth,union,historical_mean,2022-04,0.121111111111111,0.6,-0.4788888888888889,0.4788888888888889,0.2293345679012346,2022-03,2022-04-24T01:30:00+00:00,,pseudo_real_time,
twentieth,union,last_available_actual,2022-04,1.1,0.6,0.5000000000000001,0.5000000000000001,0.2500000000000001,2022-03,2022-04-24T01:30:00+00:00,,pseudo_real_time,
twentieth,union,no_change,2022-05,0.0,0.1,-0.1,0.1,0.01,2022-04,2022-05-24T01:30:00+00:00,,pseudo_real_time,
twentieth,union,historical_mean,2022-05,0.1263736263736263,0.1,0.0263736263736263,0.0263736263736263,0.0006955681680956,2022-04,2022-05-24T01:30:00+00:00,,pseudo_real_time,
twentieth,union,last_available_actual,2022-05,0.6,0.1,0.5,0.5,0.25,2022-04,2022-05-24T01:30:00+00:00,,pseudo_real_time,
twentieth,union,no_change,2022-06,0.0,0.0,0.0,0.0,0.0,2022-05,2022-06-24T01:30:00+00:00,,pseudo_real_time,
twentieth,union,historical_mean,2022-06,0.1260869565217391,0.0,0.1260869565217391,0.1260869565217391,0.0158979206049149,2022-05,2022-06-24T01:30:00+00:00,,pseudo_real_time,
twentieth,union,last_available_actual,2022-06,0.1,0.0,0.1,0.1,0.01,2022-05,2022-06-24T01:30:00+00:00,,pseudo_real_time,
twentieth,union,no_change,2022-07,0.0,-1.3,1.3,1.3,1.6900000000000002,2022-06,2022-07-24T01:30:00+00:00,,pseudo_real_time,
twentieth,union,historical_mean,2022-07,0.1247311827956988,-1.3,1.424731182795699,1.424731182795699,2.0298589432304315,2022-06,2022-07-24T01:30:00+00:00,,pseudo_real_time,
twentieth,union,last_available_actual,2022-07,0.0,-1.3,1.3,1.3,1.6900000000000002,2022-06,2022-07-24T01:30:00+00:00,,pseudo_real_time,
twentieth,union,no_change,2022-08,0.0,-1.2,1.2,1.2,1.44,2022-07,2022-08-24T01:30:00+00:00,,pseudo_real_time,
twentieth,union,historical_mean,2022-08,0.1095744680851063,-1.2,1.3095744680851062,1.3095744680851062,1.714985287460389,2022-07,2022-08-24T01:30:00+00:00,,pseudo_real_time,
twentieth,union,last_available_actual,2022-08,-1.3,-1.2,-0.1,0.1,0.01,2022-07,2022-08-24T01:30:00+00:00,,pseudo_real_time,
twentieth,union,no_change,2022-09,0.0,-0.1,0.1,0.1,0.01,2022-08,2022-09-24T01:30:00+00:00,,pseudo_real_time,
twentieth,union,historical_mean,2022-09,0.0957894736842104,-0.1,0.1957894736842104,0.1957894736842104,0.0383335180055401,2022-08,2022-09-24T01:30:00+00:00,,pseudo_real_time,
twentieth,union,last_available_actual,2022-09,-1.2,-0.1,-1.1,1.1,1.2099999999999995,2022-08,2022-09-24T01:30:00+00:00,,pseudo_real_time,
twentieth,union,no_change,2022-10,0.0,0.2,-0.2,0.2,0.04,2022-09,2022-10-24T01:30:00+00:00,,pseudo_real_time,
twentieth,union,historical_mean,2022-10,0.09375,0.2,-0.10625,0.10625,0.0112890625,2022-09,2022-10-24T01:30:00+00:00,,pseudo_real_time,
twentieth,union,last_available_actual,2022-10,-0.1,0.2,-0.3,0.3,0.09,2022-09,2022-10-24T01:30:00+00:00,,pseudo_real_time,
twentieth,union,no_change,2022-11,0.0,0.1,-0.1,0.1,0.01,2022-10,2022-11-24T01:30:00+00:00,,pseudo_real_time,
twentieth,union,historical_mean,2022-11,0.0948453608247422,0.1,-0.0051546391752577,0.0051546391752577,2.6570305027101808e-05,2022-10,2022-11-24T01:30:00+00:00,,pseudo_real_time,
twentieth,union,last_available_actual,2022-11,0.2,0.1,0.1,0.1,0.01,2022-10,2022-11-24T01:30:00+00:00,,pseudo_real_time,
twentieth,union,no_change,2022-12,0.0,-0.5,0.5,0.5,0.25,2022-11,2022-12-24T01:30:00+00:00,,pseudo_real_time,
twentieth,union,historical_mean,2022-12,0.0948979591836734,-0.5,0.5948979591836735,0.5948979591836735,0.3539035818408996,2022-11,2022-12-24T01:30:00+00:00,,pseudo_real_time,
twentieth,union,last_available_actual,2022-12,0.1,-0.5,0.6,0.6,0.36,2022-11,2022-12-24T01:30:00+00:00,,pseudo_real_time,
twentieth,union,no_change,2023-01,0.0,-0.4,0.4,0.4,0.16,2022-12,2023-01-24T01:30:00+00:00,,pseudo_real_time,
twentieth,union,historical_mean,2023-01,0.0888888888888888,-0.4,0.4888888888888889,0.4888888888888889,0.2390123456790124,2022-12,2023-01-24T01:30:00+00:00,,pseudo_real_time,
twentieth,union,last_available_actual,2023-01,-0.5,-0.4,-0.0999999999999999,0.0999999999999999,0.0099999999999999,2022-12,2023-01-24T01:30:00+00:00,,pseudo_real_time,
twentieth,union,no_change,2023-02,0.0,0.0,0.0,0.0,0.0,2023-01,2023-02-24T01:30:00+00:00,,pseudo_real_time,
twentieth,union,historical_mean,2023-02,0.0839999999999999,0.0,0.0839999999999999,0.0839999999999999,0.0070559999999999,2023-01,2023-02-24T01:30:00+00:00,,pseudo_real_time,
twentieth,union,last_available_actual,2023-02,-0.4,0.0,-0.4,0.4,0.16,2023-01,2023-02-24T01:30:00+00:00,,pseudo_real_time,
twentieth,union,no_change,2023-03,0.0,0.0,0.0,0.0,0.0,2023-02,2023-03-24T01:30:00+00:00,,pseudo_real_time,
twentieth,union,historical_mean,2023-03,0.0831683168316831,0.0,0.0831683168316831,0.0831683168316831,0.0069169689246152,2023-02,2023-03-24T01:30:00+00:00,,pseudo_real_time,
twentieth,union,last_available_actual,2023-03,0.0,0.0,0.0,0.0,0.0,2023-02,2023-03-24T01:30:00+00:00,,pseudo_real_time,
twentieth,union,no_change,2023-04,0.0,-0.5,0.5,0.5,0.25,2023-03,2023-04-24T01:30:00+00:00,,pseudo_real_time,
twentieth,union,historical_mean,2023-04,0.0823529411764705,-0.5,0.5823529411764705,0.5823529411764705,0.3391349480968857,2023-03,2023-04-24T01:30:00+00:00,,pseudo_real_time,
twentieth,union,last_available_actual,2023-04,0.0,-0.5,0.5,0.5,0.25,2023-03,2023-04-24T01:30:00+00:00,,pseudo_real_time,
twentieth,union,no_change,2023-05,0.0,-0.9,0.9,0.9,0.81,2023-04,2023-05-24T01:30:00+00:00,,pseudo_real_time,
twentieth,union,historical_mean,2023-05,0.0766990291262135,-0.9,0.9766990291262136,0.9766990291262136,0.9539409934960884,2023-04,2023-05-24T01:30:00+00:00,,pseudo_real_time,
twentieth,union,last_available_actual,2023-05,-0.5,-0.9,0.4,0.4,0.16,2023-04,2023-05-24T01:30:00+00:00,,pseudo_real_time,
twentieth,union,no_change,2023-06,0.0,-0.8,0.8,0.8,0.6400000000000001,2023-05,2023-06-24T01:30:00+00:00,,pseudo_real_time,
twentieth,union,historical_mean,2023-06,0.0673076923076922,-0.8,0.8673076923076923,0.8673076923076923,0.7522226331360947,2023-05,2023-06-24T01:30:00+00:00,,pseudo_real_time,
twentieth,union,last_available_actual,2023-06,-0.9,-0.8,-0.0999999999999999,0.0999999999999999,0.0099999999999999,2023-05,2023-06-24T01:30:00+00:00,,pseudo_real_time,
twentieth,union,no_change,2023-07,0.0,-0.2,0.2,0.2,0.04,2023-06,2023-07-24T01:30:00+00:00,,pseudo_real_time,
twentieth,union,historical_mean,2023-07,0.059047619047619,-0.2,0.259047619047619,0.259047619047619,0.0671056689342403,2023-06,2023-07-24T01:30:00+00:00,,pseudo_real_time,
twentieth,union,last_available_actual,2023-07,-0.8,-0.2,-0.6000000000000001,0.6000000000000001,0.3600000000000001,2023-06,2023-07-24T01:30:00+00:00,,pseudo_real_time,
twentieth,union,no_change,2023-08,0.0,0.2,-0.2,0.2,0.04,2023-07,2023-08-24T01:30:00+00:00,,pseudo_real_time,
twentieth,union,historical_mean,2023-08,0.0566037735849056,0.2,-0.1433962264150943,0.1433962264150943,0.020562477750089,2023-07,2023-08-24T01:30:00+00:00,,pseudo_real_time,
twentieth,union,last_available_actual,2023-08,-0.2,0.2,-0.4,0.4,0.16,2023-07,2023-08-24T01:30:00+00:00,,pseudo_real_time,
twentieth,union,no_change,2023-09,0.0,0.4,-0.4,0.4,0.16,2023-08,2023-09-24T01:30:00+00:00,,pseudo_real_time,
twentieth,union,historical_mean,2023-09,0.0579439252336448,0.4,-0.3420560747663552,0.3420560747663552,0.1170023582845663,2023-08,2023-09-24T01:30:00+00:00,,pseudo_real_time,
twentieth,union,last_available_actual,2023-09,0.2,0.4,-0.2,0.2,0.04,2023-08,2023-09-24T01:30:00+00:00,,pseudo_real_time,
twentieth,union,no_change,2023-10,0.0,0.0,0.0,0.0,0.0,2023-09,2023-10-24T01:30:00+00:00,,pseudo_real_time,
twentieth,union,historical_mean,2023-10,0.0611111111111111,0.0,0.0611111111111111,0.0611111111111111,0.0037345679012345,2023-09,2023-10-24T01:30:00+00:00,,pseudo_real_time,
twentieth,union,last_available_actual,2023-10,0.4,0.0,0.4,0.4,0.16,2023-09,2023-10-24T01:30:00+00:00,,pseudo_real_time,
twentieth,union,no_change,2023-11,0.0,-0.3,0.3,0.3,0.09,2023-10,2023-11-24T01:30:00+00:00,,pseudo_real_time,
twentieth,union,historical_mean,2023-11,0.0605504587155963,-0.3,0.3605504587155963,0.3605504587155963,0.1299966332800269,2023-10,2023-11-24T01:30:00+00:00,,pseudo_real_time,
twentieth,union,last_available_actual,2023-11,0.0,-0.3,0.3,0.3,0.09,2023-10,2023-11-24T01:30:00+00:00,,pseudo_real_time,
twentieth,union,no_change,2023-12,0.0,-0.3,0.3,0.3,0.09,2023-11,2023-12-24T01:30:00+00:00,,pseudo_real_time,
twentieth,union,historical_mean,2023-12,0.0572727272727272,-0.3,0.3572727272727272,0.3572727272727272,0.1276438016528925,2023-11,2023-12-24T01:30:00+00:00,,pseudo_real_time,
twentieth,union,last_available_actual,2023-12,-0.3,-0.3,0.0,0.0,0.0,2023-11,2023-12-24T01:30:00+00:00,,pseudo_real_time,
twentieth,union,no_change,2024-01,0.0,-0.2,0.2,0.2,0.04,2023-12,2024-01-24T01:30:00+00:00,,pseudo_real_time,
twentieth,union,historical_mean,2024-01,0.054054054054054,-0.2,0.254054054054054,0.254054054054054,0.0645434623813002,2023-12,2024-01-24T01:30:00+00:00,,pseudo_real_time,
twentieth,union,last_available_actual,2024-01,-0.3,-0.2,-0.0999999999999999,0.0999999999999999,0.0099999999999999,2023-12,2024-01-24T01:30:00+00:00,,pseudo_real_time,
twentieth,union,no_change,2024-04,0.0,-0.2,0.2,0.2,0.04,2024-01,2024-04-24T01:30:00+00:00,,pseudo_real_time,
twentieth,union,historical_mean,2024-04,0.0517857142857142,-0.2,0.2517857142857143,0.2517857142857143,0.0633960459183673,2024-01,2024-04-24T01:30:00+00:00,,pseudo_real_time,
twentieth,union,last_available_actual,2024-04,-0.2,-0.2,0.0,0.0,0.0,2024-01,2024-04-24T01:30:00+00:00,,pseudo_real_time,
twentieth,union,no_change,2024-05,0.0,0.2,-0.2,0.2,0.04,2024-04,2024-05-24T01:30:00+00:00,,pseudo_real_time,
twentieth,union,historical_mean,2024-05,0.0495575221238938,0.2,-0.1504424778761062,0.1504424778761062,0.0226329391495027,2024-04,2024-05-24T01:30:00+00:00,,pseudo_real_time,
twentieth,union,last_available_actual,2024-05,-0.2,0.2,-0.4,0.4,0.16,2024-04,2024-05-24T01:30:00+00:00,,pseudo_real_time,
twentieth,union,no_change,2024-06,0.0,0.1,-0.1,0.1,0.01,2024-05,2024-06-24T01:30:00+00:00,,pseudo_real_time,
twentieth,union,historical_mean,2024-06,0.0508771929824561,0.1,-0.0491228070175438,0.0491228070175438,0.0024130501692828,2024-05,2024-06-24T01:30:00+00:00,,pseudo_real_time,
twentieth,union,last_available_actual,2024-06,0.2,0.1,0.1,0.1,0.01,2024-05,2024-06-24T01:30:00+00:00,,pseudo_real_time,
twentieth,union,no_change,2024-07,0.0,-0.2,0.2,0.2,0.04,2024-06,2024-07-24T01:30:00+00:00,,pseudo_real_time,
twentieth,union,historical_mean,2024-07,0.0513043478260869,-0.2,0.2513043478260869,0.2513043478260869,0.0631538752362949,2024-06,2024-07-24T01:30:00+00:00,,pseudo_real_time,
twentieth,union,last_available_actual,2024-07,0.1,-0.2,0.3,0.3,0.09,2024-06,2024-07-24T01:30:00+00:00,,pseudo_real_time,
twentieth,union,no_change,2024-08,0.0,-0.7,0.7,0.7,0.4899999999999999,2024-07,2024-08-24T01:30:00+00:00,,pseudo_real_time,
twentieth,union,historical_mean,2024-08,0.0491379310344827,-0.7,0.7491379310344827,0.7491379310344827,0.5612076397146253,2024-07,2024-08-24T01:30:00+00:00,,pseudo_real_time,
twentieth,union,last_available_actual,2024-08,-0.2,-0.7,0.4999999999999999,0.4999999999999999,0.2499999999999999,2024-07,2024-08-24T01:30:00+00:00,,pseudo_real_time,
twentieth,union,no_change,2024-09,0.0,-0.6,0.6,0.6,0.36,2024-08,2024-09-24T01:30:00+00:00,,pseudo_real_time,
twentieth,union,historical_mean,2024-09,0.0427350427350427,-0.6,0.6427350427350427,0.6427350427350427,0.4131083351596171,2024-08,2024-09-24T01:30:00+00:00,,pseudo_real_time,
twentieth,union,last_available_actual,2024-09,-0.7,-0.6,-0.0999999999999999,0.0999999999999999,0.0099999999999999,2024-08,2024-09-24T01:30:00+00:00,,pseudo_real_time,
twentieth,union,no_change,2024-10,0.0,-0.1,0.1,0.1,0.01,2024-09,2024-10-24T01:30:00+00:00,,pseudo_real_time,
twentieth,union,historical_mean,2024-10,0.0372881355932203,-0.1,0.1372881355932203,0.1372881355932203,0.0188480321746624,2024-09,2024-10-24T01:30:00+00:00,,pseudo_real_time,
twentieth,union,last_available_actual,2024-10,-0.6,-0.1,-0.5,0.5,0.25,2024-09,2024-10-24T01:30:00+00:00,,pseudo_real_time,
twentieth,union,no_change,2024-11,0.0,-0.1,0.1,0.1,0.01,2024-10,2024-11-24T01:30:00+00:00,,pseudo_real_time,
twentieth,union,historical_mean,2024-11,0.0361344537815125,-0.1,0.1361344537815126,0.1361344537815126,0.0185325895063907,2024-10,2024-11-24T01:30:00+00:00,,pseudo_real_time,
twentieth,union,last_available_actual,2024-11,-0.1,-0.1,0.0,0.0,0.0,2024-10,2024-11-24T01:30:00+00:00,,pseudo_real_time,
twentieth,union,no_change,2024-12,0.0,-0.1,0.1,0.1,0.01,2024-11,2024-12-24T01:30:00+00:00,,pseudo_real_time,
twentieth,union,historical_mean,2024-12,0.0349999999999999,-0.1,0.135,0.135,0.018225,2024-11,2024-12-24T01:30:00+00:00,,pseudo_real_time,
twentieth,union,last_available_actual,2024-12,-0.1,-0.1,0.0,0.0,0.0,2024-11,2024-12-24T01:30:00+00:00,,pseudo_real_time,
twentieth,union,no_change,2025-01,0.0,-0.2,0.2,0.2,0.04,2024-12,2025-01-24T01:30:00+00:00,,pseudo_real_time,
twentieth,union,historical_mean,2025-01,0.0338842975206611,-0.2,0.2338842975206611,0.2338842975206611,0.0547018646267331,2024-12,2025-01-24T01:30:00+00:00,,pseudo_real_time,
twentieth,union,last_available_actual,2025-01,-0.1,-0.2,0.1,0.1,0.01,2024-12,2025-01-24T01:30:00+00:00,,pseudo_real_time,
twentieth,union,no_change,2025-02,0.0,-0.1,0.1,0.1,0.01,2025-01,2025-02-24T01:30:00+00:00,,pseudo_real_time,
twentieth,union,historical_mean,2025-02,0.031967213114754,-0.1,0.1319672131147541,0.1319672131147541,0.0174153453372749,2025-01,2025-02-24T01:30:00+00:00,,pseudo_real_time,
twentieth,union,last_available_actual,2025-02,-0.2,-0.1,-0.1,0.1,0.01,2025-01,2025-02-24T01:30:00+00:00,,pseudo_real_time,
twentieth,union,no_change,2025-03,0.0,-0.4,0.4,0.4,0.16,2025-02,2025-03-24T01:30:00+00:00,,pseudo_real_time,
twentieth,union,historical_mean,2025-03,0.0308943089430894,-0.4,0.4308943089430894,0.4308943089430894,0.1856699054795426,2025-02,2025-03-24T01:30:00+00:00,,pseudo_real_time,
twentieth,union,last_available_actual,2025-03,-0.1,-0.4,0.3,0.3,0.09,2025-02,2025-03-24T01:30:00+00:00,,pseudo_real_time,
twentieth,union,no_change,2025-04,0.0,-0.4,0.4,0.4,0.16,2025-03,2025-04-24T01:30:00+00:00,,pseudo_real_time,
twentieth,union,historical_mean,2025-04,0.0274193548387096,-0.4,0.4274193548387097,0.4274193548387097,0.1826873048907388,2025-03,2025-04-24T01:30:00+00:00,,pseudo_real_time,
twentieth,union,last_available_actual,2025-04,-0.4,-0.4,0.0,0.0,0.0,2025-03,2025-04-24T01:30:00+00:00,,pseudo_real_time,
twentieth,union,no_change,2025-05,0.0,-0.4,0.4,0.4,0.16,2025-04,2025-05-24T01:30:00+00:00,,pseudo_real_time,
twentieth,union,historical_mean,2025-05,0.0239999999999999,-0.4,0.424,0.424,0.179776,2025-04,2025-05-24T01:30:00+00:00,,pseudo_real_time,
twentieth,union,last_available_actual,2025-05,-0.4,-0.4,0.0,0.0,0.0,2025-04,2025-05-24T01:30:00+00:00,,pseudo_real_time,
twentieth,union,no_change,2025-06,0.0,-0.4,0.4,0.4,0.16,2025-05,2025-06-24T01:30:00+00:00,,pseudo_real_time,
twentieth,union,historical_mean,2025-06,0.0206349206349206,-0.4,0.4206349206349206,0.4206349206349206,0.1769337364575459,2025-05,2025-06-24T01:30:00+00:00,,pseudo_real_time,
twentieth,union,last_available_actual,2025-06,-0.4,-0.4,0.0,0.0,0.0,2025-05,2025-06-24T01:30:00+00:00,,pseudo_real_time,
twentieth,union,no_change,2025-07,0.0,-0.2,0.2,0.2,0.04,2025-06,2025-07-24T01:30:00+00:00,,pseudo_real_time,
twentieth,union,historical_mean,2025-07,0.0173228346456692,-0.2,0.2173228346456693,0.2173228346456693,0.0472292144584289,2025-06,2025-07-24T01:30:00+00:00,,pseudo_real_time,
twentieth,union,last_available_actual,2025-07,-0.4,-0.2,-0.2,0.2,0.04,2025-06,2025-07-24T01:30:00+00:00,,pseudo_real_time,
twentieth,union,no_change,2025-08,0.0,0.0,0.0,0.0,0.0,2025-07,2025-08-24T01:30:00+00:00,,pseudo_real_time,
twentieth,union,historical_mean,2025-08,0.0156249999999999,0.0,0.0156249999999999,0.0156249999999999,0.0002441406249999,2025-07,2025-08-24T01:30:00+00:00,,pseudo_real_time,
twentieth,union,last_available_actual,2025-08,-0.2,0.0,-0.2,0.2,0.04,2025-07,2025-08-24T01:30:00+00:00,,pseudo_real_time,
twentieth,union,no_change,2025-09,0.0,0.0,0.0,0.0,0.0,2025-08,2025-09-24T01:30:00+00:00,,pseudo_real_time,
twentieth,union,historical_mean,2025-09,0.0155038759689922,0.0,0.0155038759689922,0.0155038759689922,0.0002403701700618,2025-08,2025-09-24T01:30:00+00:00,,pseudo_real_time,
twentieth,union,last_available_actual,2025-09,0.0,0.0,0.0,0.0,0.0,2025-08,2025-09-24T01:30:00+00:00,,pseudo_real_time,
twentieth,union,no_change,2025-10,0.0,0.1,-0.1,0.1,0.01,2025-09,2025-10-24T01:30:00+00:00,,pseudo_real_time,
twentieth,union,historical_mean,2025-10,0.0153846153846153,0.1,-0.0846153846153846,0.0846153846153846,0.0071597633136094,2025-09,2025-10-24T01:30:00+00:00,,pseudo_real_time,
twentieth,union,last_available_actual,2025-10,0.0,0.1,-0.1,0.1,0.01,2025-09,2025-10-24T01:30:00+00:00,,pseudo_real_time,
twentieth,union,no_change,2025-11,0.0,0.1,-0.1,0.1,0.01,2025-10,2025-11-24T01:30:00+00:00,,pseudo_real_time,
twentieth,union,historical_mean,2025-11,0.016030534351145,0.1,-0.0839694656488549,0.0839694656488549,0.0070508711613542,2025-10,2025-11-24T01:30:00+00:00,,pseudo_real_time,
twentieth,union,last_available_actual,2025-11,0.1,0.1,0.0,0.0,0.0,2025-10,2025-11-24T01:30:00+00:00,,pseudo_real_time,
twentieth,union,no_change,2025-12,0.0,0.2,-0.2,0.2,0.04,2025-11,2025-12-24T01:30:00+00:00,,pseudo_real_time,
twentieth,union,historical_mean,2025-12,0.0166666666666666,0.2,-0.1833333333333333,0.1833333333333333,0.0336111111111111,2025-11,2025-12-24T01:30:00+00:00,,pseudo_real_time,
twentieth,union,last_available_actual,2025-12,0.1,0.2,-0.1,0.1,0.01,2025-11,2025-12-24T01:30:00+00:00,,pseudo_real_time,
twentieth,union,no_change,2026-01,0.0,0.4,-0.4,0.4,0.16,2025-12,2026-01-24T01:30:00+00:00,,pseudo_real_time,
twentieth,union,historical_mean,2026-01,0.0180451127819548,0.4,-0.3819548872180451,0.3819548872180451,0.1458895358697496,2025-12,2026-01-24T01:30:00+00:00,,pseudo_real_time,
twentieth,union,last_available_actual,2026-01,0.2,0.4,-0.2,0.2,0.04,2025-12,2026-01-24T01:30:00+00:00,,pseudo_real_time,
twentieth,union,no_change,2026-04,0.0,1.7,-1.7,1.7,2.89,2026-01,2026-04-24T01:30:00+00:00,,pseudo_real_time,
twentieth,union,historical_mean,2026-04,0.0208955223880596,1.7,-1.6791044776119404,1.6791044776119404,2.819391846736467,2026-01,2026-04-24T01:30:00+00:00,,pseudo_real_time,
twentieth,union,last_available_actual,2026-04,0.4,1.7,-1.2999999999999998,1.2999999999999998,1.6899999999999995,2026-01,2026-04-24T01:30:00+00:00,,pseudo_real_time,
twentieth,union,no_change,2026-05,0.0,0.5,-0.5,0.5,0.25,2026-04,2026-05-24T01:30:00+00:00,,pseudo_real_time,
twentieth,union,historical_mean,2026-05,0.0333333333333333,0.5,-0.4666666666666667,0.4666666666666667,0.2177777777777778,2026-04,2026-05-24T01:30:00+00:00,,pseudo_real_time,
twentieth,union,last_available_actual,2026-05,1.7,0.5,1.2,1.2,1.44,2026-04,2026-05-24T01:30:00+00:00,,pseudo_real_time,
twentieth,union,no_change,2026-06,0.0,-0.3,0.3,0.3,0.09,2026-05,2026-06-24T01:30:00+00:00,,pseudo_real_time,
twentieth,union,historical_mean,2026-06,0.0367647058823529,-0.3,0.3367647058823529,0.3367647058823529,0.1134104671280276,2026-05,2026-06-24T01:30:00+00:00,,pseudo_real_time,
twentieth,union,last_available_actual,2026-06,0.5,-0.3,0.8,0.8,0.6400000000000001,2026-05,2026-06-24T01:30:00+00:00,,pseudo_real_time,
twentieth,union,no_change,2026-07,0.0,-0.7,0.7,0.7,0.4899999999999999,2026-06,2026-07-24T01:30:00+00:00,,pseudo_real_time,
twentieth,union,historical_mean,2026-07,0.0343065693430656,-0.7,0.7343065693430656,0.7343065693430656,0.5392061377803824,2026-06,2026-07-24T01:30:00+00:00,,pseudo_real_time,
twentieth,union,last_available_actual,2026-07,-0.3,-0.7,0.3999999999999999,0.3999999999999999,0.1599999999999999,2026-06,2026-07-24T01:30:00+00:00,,pseudo_real_time,
twentieth,union,no_change,2026-08,0.0,0.4,-0.4,0.4,0.16,2026-07,2026-08-24T01:30:00+00:00,,pseudo_real_time,
twentieth,union,historical_mean,2026-08,0.0289855072463768,0.4,-0.3710144927536232,0.3710144927536232,0.1376517538332283,2026-07,2026-08-24T01:30:00+00:00,,pseudo_real_time,
twentieth,union,last_available_actual,2026-08,-0.7,0.4,-1.1,1.1,1.2100000000000002,2026-07,2026-08-24T01:30:00+00:00,,pseudo_real_time,
final,union,histgb,2016-06,-0.2179638748791525,-0.2,-0.0179638748791525,0.0179638748791525,0.0003227008006738,2016-05,2016-06-24T01:30:00+00:00,5.0,pseudo_real_time,
final,union,histgb,2016-07,0.0913866208106214,0.2,-0.1086133791893785,0.1086133791893785,0.0117968661389357,2016-06,2016-07-25T01:30:00+00:00,5.0,pseudo_real_time,
final,union,histgb,2016-08,-0.1845137603204288,0.2,-0.3845137603204288,0.3845137603204288,0.1478508318757561,2016-07,2016-08-24T01:30:00+00:00,5.0,pseudo_real_time,
final,union,histgb,2016-09,0.2556131374044078,0.5,-0.2443868625955921,0.2443868625955921,0.0597249386093168,2016-08,2016-09-26T01:30:00+00:00,5.0,pseudo_real_time,
final,union,histgb,2016-10,0.1424435718275349,0.7,-0.557556428172465,0.557556428172465,0.3108691705964371,2016-09,2016-10-24T01:30:00+00:00,5.0,pseudo_real_time,
final,union,histgb,2016-11,0.3307726722630438,1.5,-1.169227327736956,1.169227327736956,1.3670925439269033,2016-10,2016-11-24T01:30:00+00:00,5.0,pseudo_real_time,
final,union,histgb,2016-12,0.4956650049445891,1.6,-1.104334995055411,1.104334995055411,1.219555781304035,2016-11,2016-12-26T01:30:00+00:00,5.0,pseudo_real_time,
final,union,histgb,2017-01,0.4402334401710239,0.8,-0.3597665598289761,0.3597665598289761,0.1294319775711762,2016-12,2017-01-24T01:30:00+00:00,5.0,pseudo_real_time,
final,union,histgb,2017-02,0.6108473404162819,0.6,0.0108473404162818,0.0108473404162818,0.0001176647941067,2017-01,2017-02-24T01:30:00+00:00,5.0,pseudo_real_time,
final,union,histgb,2017-03,0.5332759817441196,0.3,0.2332759817441196,0.2332759817441196,0.0544176836586828,2017-02,2017-03-24T01:30:00+00:00,5.0,pseudo_real_time,
final,union,histgb,2017-04,-0.3767232755787161,-0.4,0.0232767244212839,0.0232767244212839,0.0005418058997843,2017-03,2017-04-24T01:30:00+00:00,5.0,pseudo_real_time,
final,union,histgb,2017-05,-0.4879402303516721,-0.3,-0.1879402303516721,0.1879402303516721,0.0353215301846396,2017-04,2017-05-24T01:30:00+00:00,5.0,pseudo_real_time,
final,union,histgb,2017-06,0.0570007970101259,-0.2,0.2570007970101259,0.2570007970101259,0.0660494096638399,2017-05,2017-06-26T01:30:00+00:00,5.0,pseudo_real_time,
final,union,histgb,2017-07,0.5252596206028676,0.2,0.3252596206028675,0.3252596206028675,0.1057938207947213,2017-06,2017-07-24T01:30:00+00:00,5.0,pseudo_real_time,
final,union,histgb,2017-08,0.6584440518723177,0.9,-0.2415559481276823,0.2415559481276823,0.0583492760758635,2017-07,2017-08-24T01:30:00+00:00,5.0,pseudo_real_time,
final,union,histgb,2017-09,0.7873958628658444,1.0,-0.2126041371341556,0.2126041371341556,0.0452005191265588,2017-08,2017-09-25T01:30:00+00:00,5.0,pseudo_real_time,
final,union,histgb,2017-10,0.6634689475219816,0.7,-0.0365310524780183,0.0365310524780183,0.0013345177951517,2017-09,2017-10-24T01:30:00+00:00,5.0,pseudo_real_time,
final,union,histgb,2017-11,0.6904799564742112,0.5,0.1904799564742112,0.1904799564742112,0.0362826138184174,2017-10,2017-11-24T01:30:00+00:00,5.0,pseudo_real_time,
final,union,histgb,2017-12,0.3386654063301816,0.8,-0.4613345936698184,0.4613345936698184,0.2128296073164964,2017-11,2017-12-25T01:30:00+00:00,5.0,pseudo_real_time,
final,union,histgb,2018-01,-0.2384823071912423,0.3,-0.5384823071912423,0.5384823071912423,0.2899631951580035,2017-12,2018-01-24T01:30:00+00:00,5.0,pseudo_real_time,
final,union,histgb,2018-04,-0.2772350318108678,-0.2,-0.0772350318108678,0.0772350318108678,0.0059652501388257,2018-01,2018-04-24T01:30:00+00:00,5.0,pseudo_real_time,
final,union,histgb,2018-05,0.7716219187736968,0.4,0.3716219187736967,0.3716219187736967,0.138102850513044,2018-04,2018-05-24T01:30:00+00:00,5.0,pseudo_real_time,
final,union,histgb,2018-06,-0.1056909937380887,0.3,-0.4056909937380887,0.4056909937380887,0.1645851824001979,2018-05,2018-06-25T01:30:00+00:00,5.0,pseudo_real_time,
final,union,histgb,2018-07,-0.0636956902619955,0.1,-0.1636956902619954,0.1636956902619954,0.0267962790103511,2018-06,2018-07-24T01:30:00+00:00,5.0,pseudo_real_time,
final,union,histgb,2018-08,0.6521810565305849,0.4,0.2521810565305848,0.2521810565305848,0.063595285272882,2018-07,2018-08-24T01:30:00+00:00,5.0,pseudo_real_time,
final,union,histgb,2018-09,0.6251907552689194,0.6,0.0251907552689194,0.0251907552689194,0.0006345741510185,2018-08,2018-09-25T01:30:00+00:00,5.0,pseudo_real_time,
final,union,histgb,2018-10,0.3441663025805451,0.4,-0.0558336974194548,0.0558336974194548,0.0031174017675272,2018-09,2018-10-24T01:30:00+00:00,5.0,pseudo_real_time,
final,union,histgb,2018-11,-0.2253866462687983,-0.2,-0.0253866462687983,0.0253866462687983,0.000644481808777,2018-10,2018-11-26T01:30:00+00:00,5.0,pseudo_real_time,
final,union,histgb,2018-12,-0.2647428743166278,-1.0,0.7352571256833722,0.7352571256833722,0.5406030408681742,2018-11,2018-12-24T01:30:00+00:00,5.0,pseudo_real_time,
final,union,histgb,2019-01,0.0620314956897702,-0.6,0.6620314956897703,0.6620314956897703,0.4382857012852343,2018-12,2019-01-24T01:30:00+00:00,5.0,pseudo_real_time,
final,union,histgb,2019-04,0.1621797643956581,0.3,-0.1378202356043418,0.1378202356043418,0.0189944173420363,2019-01,2019-04-24T01:30:00+00:00,5.0,pseudo_real_time,
final,union,histgb,2019-07,-0.1552686595652482,-0.2,0.0447313404347517,0.0447313404347517,0.0020008928170896,2019-04,2019-07-24T01:30:00+00:00,5.0,pseudo_real_time,
final,union,histgb,2019-08,0.2051518013812858,-0.1,0.3051518013812858,0.3051518013812858,0.0931176218862437,2019-07,2019-08-26T01:30:00+00:00,5.0,pseudo_real_time,
final,union,histgb,2019-09,0.274909731588815,0.1,0.174909731588815,0.174909731588815,0.0305934142044713,2019-08,2019-09-24T01:30:00+00:00,5.0,pseudo_real_time,
final,union,histgb,2019-10,-0.0810839551031101,0.1,-0.1810839551031101,0.1810839551031101,0.0327913987957852,2019-09,2019-10-24T01:30:00+00:00,5.0,pseudo_real_time,
final,union,histgb,2019-11,-0.5300342389353044,-0.1,-0.4300342389353044,0.4300342389353044,0.1849294466566665,2019-10,2019-11-25T01:30:00+00:00,5.0,pseudo_real_time,
final,union,histgb,2019-12,0.0084581254957089,0.0,0.0084581254957089,0.0084581254957089,7.153988690116119e-05,2019-11,2019-12-24T01:30:00+00:00,5.0,pseudo_real_time,
final,union,histgb,2020-01,-0.1337878882234174,0.0,-0.1337878882234174,0.1337878882234174,0.0178991990352816,2019-12,2020-01-23T01:30:00+00:00,5.0,pseudo_real_time,
final,union,histgb,2020-02,-0.2916431743975928,-0.5,0.2083568256024072,0.2083568256024072,0.0434125667751119,2020-01,2020-02-24T01:30:00+00:00,5.0,pseudo_real_time,
final,union,histgb,2020-03,0.0346709528846733,-1.0,1.0346709528846734,1.0346709528846734,1.070543980743278,2020-02,2020-03-24T01:30:00+00:00,5.0,pseudo_real_time,
final,union,histgb,2020-04,-0.7444875823652387,-1.3,0.5555124176347613,0.5555124176347613,0.3085940461464175,2020-03,2020-04-24T01:30:00+00:00,5.0,pseudo_real_time,
final,union,histgb,2020-05,-0.0321666332337712,-0.4,0.3678333667662288,0.3678333667662288,0.1353013857065789,2020-04,2020-05-25T01:30:00+00:00,5.0,pseudo_real_time,
final,union,histgb,2020-06,-0.0856718444614422,0.4,-0.4856718444614423,0.4856718444614423,0.2358771405025794,2020-05,2020-06-24T01:30:00+00:00,5.0,pseudo_real_time,
final,union,histgb,2020-07,0.0759821171507053,0.4,-0.3240178828492946,0.3240178828492946,0.1049875884061392,2020-06,2020-07-24T01:30:00+00:00,5.0,pseudo_real_time,
final,union,histgb,2020-08,0.5622389453605534,0.3,0.2622389453605534,0.2622389453605534,0.0687692644638153,2020-07,2020-08-24T01:30:00+00:00,5.0,pseudo_real_time,
final,union,histgb,2020-09,0.3108809602507998,0.1,0.2108809602507998,0.2108809602507998,0.0444707793962994,2020-08,2020-09-24T01:30:00+00:00,5.0,pseudo_real_time,
final,union,histgb,2020-10,-0.0155346891047272,0.0,-0.0155346891047272,0.0155346891047272,0.0002413265655805,2020-09,2020-10-26T01:30:00+00:00,5.0,pseudo_real_time,
final,union,histgb,2020-11,0.6049723782250392,0.5,0.1049723782250392,0.1049723782250392,0.0110192001902206,2020-10,2020-11-24T01:30:00+00:00,5.0,pseudo_real_time,
final,union,histgb,2020-12,0.6918022590744743,1.1,-0.4081977409255257,0.4081977409255257,0.1666253956967026,2020-11,2020-12-24T01:30:00+00:00,5.0,pseudo_real_time,
final,union,histgb,2021-01,0.7180164816528105,1.0,-0.2819835183471895,0.2819835183471895,0.0795147046194597,2020-12,2021-01-25T01:30:00+00:00,5.0,pseudo_real_time,
final,union,histgb,2021-04,0.5934075322248287,0.9,-0.3065924677751713,0.3065924677751713,0.0939989412964694,2021-01,2021-04-25T01:30:00+00:00,5.0,pseudo_real_time,
final,union,histgb,2021-05,0.9151062266746772,1.6,-0.6848937733253228,0.6848937733253228,0.4690794807397986,2021-04,2021-05-24T01:30:00+00:00,5.0,pseudo_real_time,
final,union,histgb,2021-06,-0.4689810921826773,0.3,-0.7689810921826773,0.7689810921826773,0.5913319201344632,2021-05,2021-06-24T01:30:00+00:00,5.0,pseudo_real_time,
final,union,histgb,2021-07,0.0591124434486369,0.5,-0.4408875565513631,0.4408875565513631,0.1943818375218313,2021-06,2021-07-26T01:30:00+00:00,5.0,pseudo_real_time,
final,union,histgb,2021-08,0.6334280111954715,0.7,-0.0665719888045284,0.0665719888045284,0.0044318296933902,2021-07,2021-08-24T01:30:00+00:00,5.0,pseudo_real_time,
final,union,histgb,2021-09,0.5209184581805202,1.2,-0.6790815418194798,0.6790815418194798,0.4611517404399218,2021-08,2021-09-24T01:30:00+00:00,5.0,pseudo_real_time,
final,union,histgb,2021-10,0.9970113071198358,2.5,-1.502988692880164,1.502988692880164,2.2589750109256244,2021-09,2021-10-25T01:30:00+00:00,5.0,pseudo_real_time,
final,union,histgb,2021-11,-0.3939996152620905,0.0,-0.3939996152620905,0.3939996152620905,0.1552356968266753,2021-10,2021-11-24T01:30:00+00:00,5.0,pseudo_real_time,
final,union,histgb,2021-12,-0.7180879068405571,-1.2,0.4819120931594428,0.4819120931594428,0.2322392655333155,2021-11,2021-12-24T01:30:00+00:00,5.0,pseudo_real_time,
final,union,histgb,2022-01,0.0301051147168734,-0.2,0.2301051147168735,0.2301051147168735,0.0529483638188655,2021-12,2022-01-24T01:30:00+00:00,5.0,pseudo_real_time,
final,union,histgb,2022-04,0.2163415849133024,0.6,-0.3836584150866975,0.3836584150866975,0.1471937794668366,2022-01,2022-04-24T01:30:00+00:00,5.0,pseudo_real_time,
final,union,histgb,2022-05,-0.1517578804528284,0.1,-0.2517578804528285,0.2517578804528285,0.0633820303701006,2022-04,2022-05-24T01:30:00+00:00,5.0,pseudo_real_time,
final,union,histgb,2022-06,-0.0344824984768287,0.0,-0.0344824984768287,0.0344824984768287,0.0011890427012044,2022-05,2022-06-24T01:30:00+00:00,5.0,pseudo_real_time,
final,union,histgb,2022-07,-0.475286294043552,-1.3,0.824713705956448,0.824713705956448,0.6801526967924185,2022-06,2022-07-24T01:30:00+00:00,5.0,pseudo_real_time,
final,union,histgb,2022-08,-0.6833783375308224,-1.2,0.5166216624691775,0.5166216624691775,0.2668979421324168,2022-07,2022-08-24T01:30:00+00:00,5.0,pseudo_real_time,
final,union,histgb,2022-09,0.1102450352471002,-0.1,0.2102450352471002,0.2102450352471002,0.0442029748460544,2022-08,2022-09-24T01:30:00+00:00,5.0,pseudo_real_time,
final,union,histgb,2022-10,-0.1105313922132876,0.2,-0.3105313922132877,0.3105313922132877,0.0964297455499227,2022-09,2022-10-24T01:30:00+00:00,5.0,pseudo_real_time,
final,union,histgb,2022-11,-0.6357609191877692,0.1,-0.7357609191877692,0.7357609191877692,0.541344130204031,2022-10,2022-11-24T01:30:00+00:00,5.0,pseudo_real_time,
final,union,histgb,2022-12,-0.2888194284496198,-0.5,0.2111805715503801,0.2111805715503801,0.0445972338003452,2022-11,2022-12-24T01:30:00+00:00,5.0,pseudo_real_time,
final,union,histgb,2023-01,0.1625604398612681,-0.4,0.5625604398612681,0.5625604398612681,0.3164742484969035,2022-12,2023-01-24T01:30:00+00:00,5.0,pseudo_real_time,
final,union,histgb,2023-02,0.3678388048310331,0.0,0.3678388048310331,0.3678388048310331,0.1353053863395228,2023-01,2023-02-24T01:30:00+00:00,5.0,pseudo_real_time,
final,union,histgb,2023-03,0.0062395139480133,0.0,0.0062395139480133,0.0062395139480133,3.893153430745272e-05,2023-02,2023-03-24T01:30:00+00:00,5.0,pseudo_real_time,
final,union,histgb,2023-04,-0.3590933690300552,-0.5,0.1409066309699447,0.1409066309699447,0.0198546786513002,2023-03,2023-04-24T01:30:00+00:00,5.0,pseudo_real_time,
final,union,histgb,2023-05,-0.7544722257173168,-0.9,0.1455277742826832,0.1455277742826832,0.0211783330876716,2023-04,2023-05-24T01:30:00+00:00,5.0,pseudo_real_time,
final,union,histgb,2023-06,-0.5749873019283939,-0.8,0.2250126980716061,0.2250126980716061,0.0506307142934638,2023-05,2023-06-24T01:30:00+00:00,5.0,pseudo_real_time,
final,union,histgb,2023-07,0.3130580145442336,-0.2,0.5130580145442336,0.5130580145442336,0.263228526288071,2023-06,2023-07-24T01:30:00+00:00,5.0,pseudo_real_time,
final,union,histgb,2023-08,0.3394010161775025,0.2,0.1394010161775025,0.1394010161775025,0.0194326433113203,2023-07,2023-08-24T01:30:00+00:00,5.0,pseudo_real_time,
final,union,histgb,2023-09,-0.0193041983780215,0.4,-0.4193041983780216,0.4193041983780216,0.1758160107774353,2023-08,2023-09-24T01:30:00+00:00,5.0,pseudo_real_time,
final,union,histgb,2023-10,-0.5601961728978231,0.0,-0.5601961728978231,0.5601961728978231,0.3138197521293677,2023-09,2023-10-24T01:30:00+00:00,5.0,pseudo_real_time,
final,union,histgb,2023-11,-0.3340830425408775,-0.3,-0.0340830425408775,0.0340830425408775,0.0011616537888432,2023-10,2023-11-24T01:30:00+00:00,5.0,pseudo_real_time,
final,union,histgb,2023-12,0.1892081363275341,-0.3,0.4892081363275341,0.4892081363275341,0.2393246006490592,2023-11,2023-12-24T01:30:00+00:00,5.0,pseudo_real_time,
final,union,histgb,2024-01,-0.34468623337649,-0.2,-0.14468623337649,0.14468623337649,0.0209341061286761,2023-12,2024-01-24T01:30:00+00:00,5.0,pseudo_real_time,
final,union,histgb,2024-04,0.038920065264739,-0.2,0.2389200652647391,0.2389200652647391,0.0570827975861071,2024-01,2024-04-24T01:30:00+00:00,5.0,pseudo_real_time,
final,union,histgb,2024-05,-0.0273130919737983,0.2,-0.2273130919737983,0.2273130919737983,0.0516712417826885,2024-04,2024-05-24T01:30:00+00:00,5.0,pseudo_real_time,
final,union,histgb,2024-06,-0.0498273589025833,0.1,-0.1498273589025833,0.1498273589025833,0.0224482374757235,2024-05,2024-06-24T01:30:00+00:00,5.0,pseudo_real_time,
final,union,histgb,2024-07,-0.2621145686518655,-0.2,-0.0621145686518655,0.0621145686518655,0.0038582196388073,2024-06,2024-07-24T01:30:00+00:00,5.0,pseudo_real_time,
final,union,histgb,2024-08,-0.1597424001601128,-0.7,0.5402575998398871,0.5402575998398871,0.2918782741847555,2024-07,2024-08-24T01:30:00+00:00,5.0,pseudo_real_time,
final,union,histgb,2024-09,-0.4123258722028511,-0.6,0.1876741277971488,0.1876741277971488,0.0352215782444205,2024-08,2024-09-24T01:30:00+00:00,5.0,pseudo_real_time,
final,union,histgb,2024-10,0.1954694053154391,-0.1,0.2954694053154391,0.2954694053154391,0.0873021694774592,2024-09,2024-10-24T01:30:00+00:00,5.0,pseudo_real_time,
final,union,histgb,2024-11,-0.421216551875229,-0.1,-0.321216551875229,0.321216551875229,0.1031800731986117,2024-10,2024-11-24T01:30:00+00:00,5.0,pseudo_real_time,
final,union,histgb,2024-12,0.0128463248741048,-0.1,0.1128463248741048,0.1128463248741048,0.012734293037592,2024-11,2024-12-24T01:30:00+00:00,5.0,pseudo_real_time,
final,union,histgb,2025-01,-0.153650147470011,-0.2,0.0463498525299889,0.0463498525299889,0.0021483088295517,2024-12,2025-01-24T01:30:00+00:00,5.0,pseudo_real_time,
final,union,histgb,2025-02,-0.1080892671284948,-0.1,-0.0080892671284948,0.0080892671284948,6.543624267614688e-05,2025-01,2025-02-24T01:30:00+00:00,5.0,pseudo_real_time,
final,union,histgb,2025-03,-0.2252641062799061,-0.4,0.1747358937200939,0.1747358937200939,0.0305326325541599,2025-02,2025-03-24T01:30:00+00:00,5.0,pseudo_real_time,
final,union,histgb,2025-04,-0.4370858163826133,-0.4,-0.0370858163826132,0.0370858163826132,0.0013753577767649,2025-03,2025-04-24T01:30:00+00:00,5.0,pseudo_real_time,
final,union,histgb,2025-05,-0.5637716761887084,-0.4,-0.1637716761887083,0.1637716761887083,0.0268211619216591,2025-04,2025-05-24T01:30:00+00:00,5.0,pseudo_real_time,
final,union,histgb,2025-06,-0.1222798037850097,-0.4,0.2777201962149903,0.2777201962149903,0.0771285073856927,2025-05,2025-06-24T01:30:00+00:00,5.0,pseudo_real_time,
final,union,histgb,2025-07,0.0071704546269589,-0.2,0.2071704546269589,0.2071704546269589,0.0429195972703408,2025-06,2025-07-24T01:30:00+00:00,5.0,pseudo_real_time,
final,union,histgb,2025-08,0.1265035181640176,0.0,0.1265035181640176,0.1265035181640176,0.0160031401078739,2025-07,2025-08-24T01:30:00+00:00,5.0,pseudo_real_time,
final,union,histgb,2025-09,-0.2196832833414584,0.0,-0.2196832833414584,0.2196832833414584,0.0482607449796835,2025-08,2025-09-24T01:30:00+00:00,5.0,pseudo_real_time,
final,union,histgb,2025-12,-0.1131435707057893,0.2,-0.3131435707057893,0.3131435707057893,0.0980588958743716,2025-09,2025-12-24T01:30:00+00:00,5.0,pseudo_real_time,
final,union,histgb,2026-01,-0.1324758311582217,0.4,-0.5324758311582217,0.5324758311582217,0.2835305107676391,2025-12,2026-01-24T01:30:00+00:00,5.0,pseudo_real_time,
final,union,histgb,2026-04,0.4615782160539521,1.7,-1.2384217839460478,1.2384217839460478,1.5336885149521116,2026-01,2026-04-24T01:30:00+00:00,5.0,pseudo_real_time,
final,union,histgb,2026-05,0.0538546146937331,0.5,-0.4461453853062668,0.4461453853062668,0.1990457048300773,2026-04,2026-05-24T01:30:00+00:00,5.0,pseudo_real_time,
final,union,histgb,2026-06,0.0722652515513853,-0.3,0.3722652515513853,0.3722652515513853,0.1385814175126162,2026-05,2026-06-24T01:30:00+00:00,5.0,pseudo_real_time,
final,union,histgb,2026-07,0.0477641242114163,-0.7,0.7477641242114162,0.7477641242114162,0.5591511854576664,2026-06,2026-07-24T01:30:00+00:00,5.0,pseudo_real_time,
final,union,histgb,2026-08,0.2855849370509687,0.4,-0.1144150629490312,0.1144150629490312,0.0130908066296307,2026-07,2026-08-24T01:30:00+00:00,5.0,pseudo_real_time,
final,union,xgboost,2016-06,-0.2787047624588012,-0.2,-0.0787047624588012,0.0787047624588012,0.0061944396336963,2016-05,2016-06-24T01:30:00+00:00,25.0,pseudo_real_time,
final,union,xgboost,2016-07,-0.2404504865407943,0.2,-0.4404504865407944,0.4404504865407944,0.1939966310940225,2016-06,2016-07-25T01:30:00+00:00,25.0,pseudo_real_time,
final,union,xgboost,2016-08,-0.1389485299587249,0.2,-0.338948529958725,0.338948529958725,0.1148861059611806,2016-07,2016-08-24T01:30:00+00:00,5.0,pseudo_real_time,
final,union,xgboost,2016-09,0.1698067039251327,0.5,-0.3301932960748672,0.3301932960748672,0.1090276127727849,2016-08,2016-09-26T01:30:00+00:00,5.0,pseudo_real_time,
final,union,xgboost,2016-10,0.1000856682658195,0.7,-0.5999143317341804,0.5999143317341804,0.3598972054200682,2016-09,2016-10-24T01:30:00+00:00,5.0,pseudo_real_time,
final,union,xgboost,2016-11,0.2012394964694976,1.5,-1.2987605035305023,1.2987605035305023,1.686778845530804,2016-10,2016-11-24T01:30:00+00:00,5.0,pseudo_real_time,
final,union,xgboost,2016-12,0.5069007873535156,1.6,-1.0930992126464845,1.0930992126464845,1.1948658886883643,2016-11,2016-12-26T01:30:00+00:00,5.0,pseudo_real_time,
final,union,xgboost,2017-01,0.3310636281967163,0.8,-0.4689363718032837,0.4689363718032837,0.2199013208000275,2016-12,2017-01-24T01:30:00+00:00,5.0,pseudo_real_time,
final,union,xgboost,2017-02,0.553345799446106,0.6,-0.046654200553894,0.046654200553894,0.0021766144293229,2017-01,2017-02-24T01:30:00+00:00,5.0,pseudo_real_time,
final,union,xgboost,2017-03,0.4656092822551727,0.3,0.1656092822551727,0.1656092822551727,0.0274264343690734,2017-02,2017-03-24T01:30:00+00:00,5.0,pseudo_real_time,
final,union,xgboost,2017-04,-0.1964759975671768,-0.4,0.2035240024328232,0.2035240024328232,0.0414220195662758,2017-03,2017-04-24T01:30:00+00:00,5.0,pseudo_real_time,
final,union,xgboost,2017-05,-0.3667164742946625,-0.3,-0.0667164742946624,0.0667164742946624,0.0044510879423103,2017-04,2017-05-24T01:30:00+00:00,5.0,pseudo_real_time,
final,union,xgboost,2017-06,0.1075787469744682,-0.2,0.3075787469744682,0.3075787469744682,0.0946046855903839,2017-05,2017-06-26T01:30:00+00:00,5.0,pseudo_real_time,
final,union,xgboost,2017-07,0.3651913702487945,0.2,0.1651913702487945,0.1651913702487945,0.0272881888046743,2017-06,2017-07-24T01:30:00+00:00,5.0,pseudo_real_time,
final,union,xgboost,2017-08,0.6053357124328613,0.9,-0.2946642875671387,0.2946642875671387,0.0868270423674494,2017-07,2017-08-24T01:30:00+00:00,5.0,pseudo_real_time,
final,union,xgboost,2017-09,0.6898232698440552,1.0,-0.3101767301559448,0.3101767301559448,0.0962096039302338,2017-08,2017-09-25T01:30:00+00:00,5.0,pseudo_real_time,
final,union,xgboost,2017-10,0.4226157367229461,0.7,-0.2773842632770538,0.2773842632770538,0.0769420295137539,2017-09,2017-10-24T01:30:00+00:00,5.0,pseudo_real_time,
final,union,xgboost,2017-11,0.5574858784675598,0.5,0.0574858784675598,0.0574858784675598,0.003304626223187,2017-10,2017-11-24T01:30:00+00:00,5.0,pseudo_real_time,
final,union,xgboost,2017-12,0.3378896415233612,0.8,-0.4621103584766388,0.4621103584766388,0.2135459834114076,2017-11,2017-12-25T01:30:00+00:00,5.0,pseudo_real_time,
final,union,xgboost,2018-01,-0.1549671590328216,0.3,-0.4549671590328216,0.4549671590328216,0.2069951157983968,2017-12,2018-01-24T01:30:00+00:00,5.0,pseudo_real_time,
final,union,xgboost,2018-04,-0.2757770121097564,-0.2,-0.0757770121097564,0.0757770121097564,0.0057421555642821,2018-01,2018-04-24T01:30:00+00:00,5.0,pseudo_real_time,
final,union,xgboost,2018-05,0.0580538436770439,0.4,-0.3419461563229561,0.3419461563229561,0.1169271738240435,2018-04,2018-05-24T01:30:00+00:00,5.0,pseudo_real_time,
final,union,xgboost,2018-06,-0.0409428067505359,0.3,-0.3409428067505359,0.3409428067505359,0.1162419974749333,2018-05,2018-06-25T01:30:00+00:00,5.0,pseudo_real_time,
final,union,xgboost,2018-07,-0.0789917334914207,0.1,-0.1789917334914207,0.1789917334914207,0.0320380406582637,2018-06,2018-07-24T01:30:00+00:00,5.0,pseudo_real_time,
final,union,xgboost,2018-08,0.5157508254051208,0.4,0.1157508254051208,0.1157508254051208,0.0133982535819667,2018-07,2018-08-24T01:30:00+00:00,5.0,pseudo_real_time,
final,union,xgboost,2018-09,0.5114590525627136,0.6,-0.0885409474372863,0.0885409474372863,0.0078394993730923,2018-08,2018-09-25T01:30:00+00:00,5.0,pseudo_real_time,
final,union,xgboost,2018-10,0.2293346524238586,0.4,-0.1706653475761413,0.1706653475761413,0.0291266608632851,2018-09,2018-10-24T01:30:00+00:00,5.0,pseudo_real_time,
final,union,xgboost,2018-11,-0.1815218031406402,-0.2,0.0184781968593597,0.0184781968593597,0.0003414437591732,2018-10,2018-11-26T01:30:00+00:00,5.0,pseudo_real_time,
final,union,xgboost,2018-12,-0.3401773273944855,-1.0,0.6598226726055145,0.6598226726055145,0.435365959284284,2018-11,2018-12-24T01:30:00+00:00,5.0,pseudo_real_time,
final,union,xgboost,2019-01,0.0458479896187782,-0.6,0.6458479896187782,0.6458479896187782,0.4171196256946174,2018-12,2019-01-24T01:30:00+00:00,5.0,pseudo_real_time,
final,union,xgboost,2019-04,0.1301242560148239,0.3,-0.169875743985176,0.169875743985176,0.028857768394517,2019-01,2019-04-24T01:30:00+00:00,5.0,pseudo_real_time,
final,union,xgboost,2019-07,-0.108577013015747,-0.2,0.0914229869842529,0.0914229869842529,0.0083581625491228,2019-04,2019-07-24T01:30:00+00:00,5.0,pseudo_real_time,
final,union,xgboost,2019-08,0.1771814823150634,-0.1,0.2771814823150634,0.2771814823150634,0.0768295741383758,2019-07,2019-08-26T01:30:00+00:00,5.0,pseudo_real_time,
final,union,xgboost,2019-09,0.2240471839904785,0.1,0.1240471839904785,0.1240471839904785,0.0153877038559676,2019-08,2019-09-24T01:30:00+00:00,5.0,pseudo_real_time,
final,union,xgboost,2019-10,-0.1081127375364303,0.1,-0.2081127375364303,0.2081127375364303,0.0433109115249071,2019-09,2019-10-24T01:30:00+00:00,5.0,pseudo_real_time,
final,union,xgboost,2019-11,-0.4730770587921142,-0.1,-0.3730770587921143,0.3730770587921143,0.1391864917969747,2019-10,2019-11-25T01:30:00+00:00,5.0,pseudo_real_time,
final,union,xgboost,2019-12,0.1283896118402481,0.0,0.1283896118402481,0.1283896118402481,0.0164838924284895,2019-11,2019-12-24T01:30:00+00:00,5.0,pseudo_real_time,
final,union,xgboost,2020-01,-0.1458283513784408,0.0,-0.1458283513784408,0.1458283513784408,0.021265908065754,2019-12,2020-01-23T01:30:00+00:00,5.0,pseudo_real_time,
final,union,xgboost,2020-02,-0.2693915367126465,-0.5,0.2306084632873535,0.2306084632873535,0.0531802633397546,2020-01,2020-02-24T01:30:00+00:00,5.0,pseudo_real_time,
final,union,xgboost,2020-03,-0.0921632573008537,-1.0,0.9078367426991464,0.9078367426991464,0.8241675513945959,2020-02,2020-03-24T01:30:00+00:00,5.0,pseudo_real_time,
final,union,xgboost,2020-04,-0.639697790145874,-1.3,0.660302209854126,0.660302209854126,0.4359990083382423,2020-03,2020-04-24T01:30:00+00:00,5.0,pseudo_real_time,
final,union,xgboost,2020-05,-0.1166290566325187,-0.4,0.2833709433674812,0.2833709433674812,0.0802990915449762,2020-04,2020-05-25T01:30:00+00:00,5.0,pseudo_real_time,
final,union,xgboost,2020-06,-0.1622141301631927,0.4,-0.5622141301631928,0.5622141301631928,0.3160847281551555,2020-05,2020-06-24T01:30:00+00:00,5.0,pseudo_real_time,
final,union,xgboost,2020-07,0.1587785333395004,0.4,-0.2412214666604996,0.2412214666604996,0.0581877959778425,2020-06,2020-07-24T01:30:00+00:00,5.0,pseudo_real_time,
final,union,xgboost,2020-08,0.4560710787773132,0.3,0.1560710787773132,0.1560710787773132,0.0243581816307143,2020-07,2020-08-24T01:30:00+00:00,5.0,pseudo_real_time,
final,union,xgboost,2020-09,0.2206465601921081,0.1,0.1206465601921081,0.1206465601921081,0.0145555924861879,2020-08,2020-09-24T01:30:00+00:00,5.0,pseudo_real_time,
final,union,xgboost,2020-10,0.0035777161829173,0.0,0.0035777161829173,0.0035777161829173,1.280005308550874e-05,2020-09,2020-10-26T01:30:00+00:00,5.0,pseudo_real_time,
final,union,xgboost,2020-11,0.5340275764465332,0.5,0.0340275764465332,0.0340275764465332,0.0011578759588246,2020-10,2020-11-24T01:30:00+00:00,5.0,pseudo_real_time,
final,union,xgboost,2020-12,0.5921851396560669,1.1,-0.5078148603439332,0.5078148603439332,0.2578759323861284,2020-11,2020-12-24T01:30:00+00:00,5.0,pseudo_real_time,
final,union,xgboost,2021-01,0.6808233857154846,1.0,-0.3191766142845154,0.3191766142845154,0.1018737111061263,2020-12,2021-01-25T01:30:00+00:00,5.0,pseudo_real_time,
final,union,xgboost,2021-04,0.5611857771873474,0.9,-0.3388142228126526,0.3388142228126526,0.1147950775801418,2021-01,2021-04-25T01:30:00+00:00,5.0,pseudo_real_time,
final,union,xgboost,2021-05,0.8656430244445801,1.6,-0.73435697555542,0.73435697555542,0.5392801675469038,2021-04,2021-05-24T01:30:00+00:00,5.0,pseudo_real_time,
final,union,xgboost,2021-06,-0.4348169565200805,0.3,-0.7348169565200806,0.7348169565200806,0.539955959589434,2021-05,2021-06-24T01:30:00+00:00,5.0,pseudo_real_time,
final,union,xgboost,2021-07,0.1001453921198844,0.5,-0.3998546078801155,0.3998546078801155,0.1598837074429609,2021-06,2021-07-26T01:30:00+00:00,5.0,pseudo_real_time,
final,union,xgboost,2021-08,0.7329607605934143,0.7,0.0329607605934143,0.0329607605934143,0.0010864117388963,2021-07,2021-08-24T01:30:00+00:00,5.0,pseudo_real_time,
final,union,xgboost,2021-09,0.5718687772750854,1.2,-0.6281312227249145,0.6281312227249145,0.3945488329618961,2021-08,2021-09-24T01:30:00+00:00,5.0,pseudo_real_time,
final,union,xgboost,2021-10,0.901230812072754,2.5,-1.598769187927246,1.598769187927246,2.556062916265546,2021-09,2021-10-25T01:30:00+00:00,5.0,pseudo_real_time,
final,union,xgboost,2021-11,-0.4501700103282928,0.0,-0.4501700103282928,0.4501700103282928,0.2026530381989753,2021-10,2021-11-24T01:30:00+00:00,5.0,pseudo_real_time,
final,union,xgboost,2021-12,-0.6803749799728394,-1.2,0.5196250200271606,0.5196250200271606,0.270010161438227,2021-11,2021-12-24T01:30:00+00:00,5.0,pseudo_real_time,
final,union,xgboost,2022-01,0.0841457769274711,-0.2,0.2841457769274711,0.2841457769274711,0.0807388225457162,2021-12,2022-01-24T01:30:00+00:00,5.0,pseudo_real_time,
final,union,xgboost,2022-04,0.3460727632045746,0.6,-0.2539272367954254,0.2539272367954254,0.06447904158656,2022-01,2022-04-24T01:30:00+00:00,5.0,pseudo_real_time,
final,union,xgboost,2022-05,-0.2474260926246643,0.1,-0.3474260926246643,0.3474260926246643,0.1207048898364418,2022-04,2022-05-24T01:30:00+00:00,5.0,pseudo_real_time,
final,union,xgboost,2022-06,-0.0893623530864715,0.0,-0.0893623530864715,0.0893623530864715,0.0079856301491512,2022-05,2022-06-24T01:30:00+00:00,5.0,pseudo_real_time,
final,union,xgboost,2022-07,-0.4515374600887298,-1.3,0.8484625399112702,0.8484625399112702,0.7198886816326837,2022-06,2022-07-24T01:30:00+00:00,5.0,pseudo_real_time,
final,union,xgboost,2022-08,-0.49809530377388,-1.2,0.70190469622612,0.70190469622612,0.4926702025842817,2022-07,2022-08-24T01:30:00+00:00,5.0,pseudo_real_time,
final,union,xgboost,2022-09,-0.0145764434710145,-0.1,0.0854235565289855,0.0854235565289855,0.0072971840100607,2022-08,2022-09-24T01:30:00+00:00,5.0,pseudo_real_time,
final,union,xgboost,2022-10,-0.1334162056446075,0.2,-0.3334162056446075,0.3334162056446075,0.1111663661864472,2022-09,2022-10-24T01:30:00+00:00,5.0,pseudo_real_time,
final,union,xgboost,2022-11,-0.728279709815979,0.1,-0.828279709815979,0.828279709815979,0.6860472776928423,2022-10,2022-11-24T01:30:00+00:00,5.0,pseudo_real_time,
final,union,xgboost,2022-12,-0.2960601150989532,-0.5,0.2039398849010467,0.2039398849010467,0.0415914766534522,2022-11,2022-12-24T01:30:00+00:00,5.0,pseudo_real_time,
final,union,xgboost,2023-01,0.2760827839374542,-0.4,0.6760827839374542,0.6760827839374542,0.4570879307366184,2022-12,2023-01-24T01:30:00+00:00,5.0,pseudo_real_time,
final,union,xgboost,2023-02,0.3428647518157959,0.0,0.3428647518157959,0.3428647518157959,0.1175562380377073,2023-01,2023-02-24T01:30:00+00:00,5.0,pseudo_real_time,
final,union,xgboost,2023-03,0.2005489915609359,0.0,0.2005489915609359,0.2005489915609359,0.0402198980161083,2023-02,2023-03-24T01:30:00+00:00,5.0,pseudo_real_time,
final,union,xgboost,2023-04,-0.3146004676818847,-0.5,0.1853995323181152,0.1853995323181152,0.0343729865837758,2023-03,2023-04-24T01:30:00+00:00,5.0,pseudo_real_time,
final,union,xgboost,2023-05,-0.8398975133895874,-0.9,0.0601024866104126,0.0601024866104126,0.0036123088967548,2023-04,2023-05-24T01:30:00+00:00,5.0,pseudo_real_time,
final,union,xgboost,2023-06,-0.6523221731185913,-0.8,0.1476778268814087,0.1476778268814087,0.0218087405524153,2023-05,2023-06-24T01:30:00+00:00,5.0,pseudo_real_time,
final,union,xgboost,2023-07,0.307496041059494,-0.2,0.507496041059494,0.507496041059494,0.2575522316910596,2023-06,2023-07-24T01:30:00+00:00,5.0,pseudo_real_time,
final,union,xgboost,2023-08,0.3263257443904876,0.2,0.1263257443904876,0.1263257443904876,0.0159581936958108,2023-07,2023-08-24T01:30:00+00:00,5.0,pseudo_real_time,
final,union,xgboost,2023-09,0.0437992587685585,0.4,-0.3562007412314415,0.3562007412314415,0.1268789680538283,2023-08,2023-09-24T01:30:00+00:00,5.0,pseudo_real_time,
final,union,xgboost,2023-10,-0.5274204611778259,0.0,-0.5274204611778259,0.5274204611778259,0.2781723428690306,2023-09,2023-10-24T01:30:00+00:00,5.0,pseudo_real_time,
final,union,xgboost,2023-11,-0.3057926595211029,-0.3,-0.0057926595211029,0.0057926595211029,3.355490432742427e-05,2023-10,2023-11-24T01:30:00+00:00,5.0,pseudo_real_time,
final,union,xgboost,2023-12,-0.0191476922482252,-0.3,0.2808523077517748,0.2808523077517748,0.0788780187694976,2023-11,2023-12-24T01:30:00+00:00,5.0,pseudo_real_time,
final,union,xgboost,2024-01,-0.1655212044715881,-0.2,0.0344787955284118,0.0344787955284118,0.00118878734109,2023-12,2024-01-24T01:30:00+00:00,5.0,pseudo_real_time,
final,union,xgboost,2024-04,0.0628220289945602,-0.2,0.2628220289945602,0.2628220289945602,0.0690754189248174,2024-01,2024-04-24T01:30:00+00:00,5.0,pseudo_real_time,
final,union,xgboost,2024-05,-0.0030354128684848,0.2,-0.2030354128684848,0.2030354128684848,0.0412233788786761,2024-04,2024-05-24T01:30:00+00:00,5.0,pseudo_real_time,
final,union,xgboost,2024-06,-0.0140865184366703,0.1,-0.1140865184366703,0.1140865184366703,0.0130157336890007,2024-05,2024-06-24T01:30:00+00:00,5.0,pseudo_real_time,
final,union,xgboost,2024-07,-0.2894104719161987,-0.2,-0.0894104719161987,0.0894104719161987,0.0079942324882773,2024-06,2024-07-24T01:30:00+00:00,5.0,pseudo_real_time,
final,union,xgboost,2024-08,-0.2404251098632812,-0.7,0.4595748901367187,0.4595748901367187,0.211209079644177,2024-07,2024-08-24T01:30:00+00:00,5.0,pseudo_real_time,
final,union,xgboost,2024-09,-0.3837839066982269,-0.6,0.216216093301773,0.216216093301773,0.046749399002681,2024-08,2024-09-24T01:30:00+00:00,5.0,pseudo_real_time,
final,union,xgboost,2024-10,0.1795910447835922,-0.1,0.2795910447835922,0.2795910447835922,0.0781711523231806,2024-09,2024-10-24T01:30:00+00:00,5.0,pseudo_real_time,
final,union,xgboost,2024-11,-0.4380625486373901,-0.1,-0.3380625486373901,0.3380625486373901,0.1142862867912077,2024-10,2024-11-24T01:30:00+00:00,5.0,pseudo_real_time,
final,union,xgboost,2024-12,-0.1116687506437301,-0.1,-0.0116687506437301,0.0116687506437301,0.0001361597415855,2024-11,2024-12-24T01:30:00+00:00,5.0,pseudo_real_time,
final,union,xgboost,2025-01,-0.2047035247087478,-0.2,-0.0047035247087478,0.0047035247087478,2.2123144685801573e-05,2024-12,2025-01-24T01:30:00+00:00,5.0,pseudo_real_time,
final,union,xgboost,2025-02,-0.1208295300602912,-0.1,-0.0208295300602912,0.0208295300602912,0.0004338693225325,2025-01,2025-02-24T01:30:00+00:00,5.0,pseudo_real_time,
final,union,xgboost,2025-03,-0.2070982605218887,-0.4,0.1929017394781113,0.1929017394781113,0.0372110810936811,2025-02,2025-03-24T01:30:00+00:00,5.0,pseudo_real_time,
final,union,xgboost,2025-04,-0.4146888554096222,-0.4,-0.0146888554096221,0.0146888554096221,0.0002157624732447,2025-03,2025-04-24T01:30:00+00:00,5.0,pseudo_real_time,
final,union,xgboost,2025-05,-0.5495591759681702,-0.4,-0.1495591759681701,0.1495591759681701,0.022367947116278,2025-04,2025-05-24T01:30:00+00:00,5.0,pseudo_real_time,
final,union,xgboost,2025-06,-0.1359314173460006,-0.4,0.2640685826539993,0.2640685826539993,0.069732216344892,2025-05,2025-06-24T01:30:00+00:00,5.0,pseudo_real_time,
final,union,xgboost,2025-07,0.0328748524188995,-0.2,0.2328748524188995,0.2328748524188995,0.0542306968891242,2025-06,2025-07-24T01:30:00+00:00,5.0,pseudo_real_time,
final,union,xgboost,2025-08,0.0423888936638832,0.0,0.0423888936638832,0.0423888936638832,0.0017968183060479,2025-07,2025-08-24T01:30:00+00:00,5.0,pseudo_real_time,
final,union,xgboost,2025-09,-0.1831598877906799,0.0,-0.1831598877906799,0.1831598877906799,0.0335475444954944,2025-08,2025-09-24T01:30:00+00:00,5.0,pseudo_real_time,
final,union,xgboost,2025-12,-0.1205924078822135,0.2,-0.3205924078822136,0.3205924078822136,0.1027794919917156,2025-09,2025-12-24T01:30:00+00:00,5.0,pseudo_real_time,
final,union,xgboost,2026-01,-0.0165736488997936,0.4,-0.4165736488997936,0.4165736488997936,0.1735336049576885,2025-12,2026-01-24T01:30:00+00:00,5.0,pseudo_real_time,
final,union,xgboost,2026-04,0.472393274307251,1.7,-1.227606725692749,1.227606725692749,1.5070182729660722,2026-01,2026-04-24T01:30:00+00:00,5.0,pseudo_real_time,
final,union,xgboost,2026-05,0.0811167955398559,0.5,-0.418883204460144,0.418883204460144,0.1754631389787988,2026-04,2026-05-24T01:30:00+00:00,5.0,pseudo_real_time,
final,union,xgboost,2026-06,0.0244600903242826,-0.3,0.3244600903242826,0.3244600903242826,0.1052743502132416,2026-05,2026-06-24T01:30:00+00:00,5.0,pseudo_real_time,
final,union,xgboost,2026-07,0.0041733859106898,-0.7,0.7041733859106898,0.7041733859106898,0.4958601574249252,2026-06,2026-07-24T01:30:00+00:00,5.0,pseudo_real_time,
final,union,xgboost,2026-08,0.2472241073846817,0.4,-0.1527758926153183,0.1527758926153183,0.0233404733644072,2026-07,2026-08-24T01:30:00+00:00,5.0,pseudo_real_time,
final,union,catboost,2016-06,-0.1811561370102226,-0.2,0.0188438629897773,0.0188438629897773,0.0003550911723775,2016-05,2016-06-24T01:30:00+00:00,5.0,pseudo_real_time,
final,union,catboost,2016-07,-0.0935862162793612,0.2,-0.2935862162793612,0.2935862162793612,0.0861928663892318,2016-06,2016-07-25T01:30:00+00:00,5.0,pseudo_real_time,
final,union,catboost,2016-08,-0.0169396530505714,0.2,-0.2169396530505715,0.2169396530505715,0.0470628130657023,2016-07,2016-08-24T01:30:00+00:00,5.0,pseudo_real_time,
final,union,catboost,2016-09,0.2552583200249617,0.5,-0.2447416799750382,0.2447416799750382,0.059898489917004,2016-08,2016-09-26T01:30:00+00:00,5.0,pseudo_real_time,
final,union,catboost,2016-10,0.2184397063591414,0.7,-0.4815602936408585,0.4815602936408585,0.2319003164114699,2016-09,2016-10-24T01:30:00+00:00,5.0,pseudo_real_time,
final,union,catboost,2016-11,0.4138165343921304,1.5,-1.0861834656078695,1.0861834656078695,1.1797945209599223,2016-10,2016-11-24T01:30:00+00:00,5.0,pseudo_real_time,
final,union,catboost,2016-12,0.4003849918377551,1.6,-1.199615008162245,1.199615008162245,1.439076167808103,2016-11,2016-12-26T01:30:00+00:00,5.0,pseudo_real_time,
final,union,catboost,2017-01,-0.1887948841783891,0.8,-0.9887948841783892,0.9887948841783892,0.977715322977354,2016-12,2017-01-24T01:30:00+00:00,5.0,pseudo_real_time,
final,union,catboost,2017-02,0.1362885505411354,0.6,-0.4637114494588645,0.4637114494588645,0.2150283083592411,2017-01,2017-02-24T01:30:00+00:00,5.0,pseudo_real_time,
final,union,catboost,2017-03,0.1680319644951521,0.3,-0.1319680355048479,0.1319680355048479,0.0174155623950087,2017-02,2017-03-24T01:30:00+00:00,5.0,pseudo_real_time,
final,union,catboost,2017-04,-0.170449818044168,-0.4,0.229550181955832,0.229550181955832,0.0526932860359555,2017-03,2017-04-24T01:30:00+00:00,5.0,pseudo_real_time,
final,union,catboost,2017-05,-0.3386665336226228,-0.3,-0.0386665336226227,0.0386665336226227,0.0014951008223894,2017-04,2017-05-24T01:30:00+00:00,5.0,pseudo_real_time,
final,union,catboost,2017-06,0.0558666184965948,-0.2,0.2558666184965948,0.2558666184965948,0.065467726460882,2017-05,2017-06-26T01:30:00+00:00,5.0,pseudo_real_time,
final,union,catboost,2017-07,0.1937017648799722,0.2,-0.0062982351200277,0.0062982351200277,3.966776562715098e-05,2017-06,2017-07-24T01:30:00+00:00,5.0,pseudo_real_time,
final,union,catboost,2017-08,0.5498347785936926,0.9,-0.3501652214063074,0.3501652214063074,0.1226156822825283,2017-07,2017-08-24T01:30:00+00:00,5.0,pseudo_real_time,
final,union,catboost,2017-09,0.8025273488874844,1.0,-0.1974726511125155,0.1974726511125155,0.0389954479374052,2017-08,2017-09-25T01:30:00+00:00,5.0,pseudo_real_time,
final,union,catboost,2017-10,0.326755440295823,0.7,-0.3732445597041769,0.3732445597041769,0.1393115013487649,2017-09,2017-10-24T01:30:00+00:00,5.0,pseudo_real_time,
final,union,catboost,2017-11,0.3573152142736751,0.5,-0.1426847857263249,0.1426847857263249,0.0203589480777672,2017-10,2017-11-24T01:30:00+00:00,5.0,pseudo_real_time,
final,union,catboost,2017-12,0.4554400386605278,0.8,-0.3445599613394722,0.3445599613394722,0.1187215669582585,2017-11,2017-12-25T01:30:00+00:00,5.0,pseudo_real_time,
final,union,catboost,2018-01,-0.1413199068052506,0.3,-0.4413199068052506,0.4413199068052506,0.1947632601425951,2017-12,2018-01-24T01:30:00+00:00,25.0,pseudo_real_time,
final,union,catboost,2018-04,-0.125232626725737,-0.2,0.0747673732742629,0.0747673732742629,0.0055901601063329,2018-01,2018-04-24T01:30:00+00:00,25.0,pseudo_real_time,
final,union,catboost,2018-05,0.3126950116091113,0.4,-0.0873049883908886,0.0873049883908886,0.0076221609979332,2018-04,2018-05-24T01:30:00+00:00,25.0,pseudo_real_time,
final,union,catboost,2018-06,0.0479088596201155,0.3,-0.2520911403798844,0.2520911403798844,0.0635499430580306,2018-05,2018-06-25T01:30:00+00:00,5.0,pseudo_real_time,
final,union,catboost,2018-07,-0.0923464795708331,0.1,-0.1923464795708331,0.1923464795708331,0.0369971682032929,2018-06,2018-07-24T01:30:00+00:00,5.0,pseudo_real_time,
final,union,catboost,2018-08,0.3578973032405885,0.4,-0.0421026967594114,0.0421026967594114,0.0017726370744149,2018-07,2018-08-24T01:30:00+00:00,5.0,pseudo_real_time,
final,union,catboost,2018-09,0.3955579042257197,0.6,-0.2044420957742803,0.2044420957742803,0.0417965705245799,2018-08,2018-09-25T01:30:00+00:00,5.0,pseudo_real_time,
final,union,catboost,2018-10,0.2834828906313792,0.4,-0.1165171093686208,0.1165171093686208,0.0135762367756191,2018-09,2018-10-24T01:30:00+00:00,5.0,pseudo_real_time,
final,union,catboost,2018-11,-0.2160371860704279,-0.2,-0.0160371860704279,0.0160371860704279,0.0002571913370575,2018-10,2018-11-26T01:30:00+00:00,5.0,pseudo_real_time,
final,union,catboost,2018-12,-0.3912412740704873,-1.0,0.6087587259295126,0.6087587259295126,0.3705871863953234,2018-11,2018-12-24T01:30:00+00:00,5.0,pseudo_real_time,
final,union,catboost,2019-01,-0.1168504391467766,-0.6,0.4831495608532233,0.4831495608532233,0.2334334981526626,2018-12,2019-01-24T01:30:00+00:00,5.0,pseudo_real_time,
final,union,catboost,2019-04,0.0156527651080782,0.3,-0.2843472348919217,0.2843472348919217,0.0808533499906817,2019-01,2019-04-24T01:30:00+00:00,5.0,pseudo_real_time,
final,union,catboost,2019-07,-0.1328408605279118,-0.2,0.0671591394720881,0.0671591394720881,0.0045103500146313,2019-04,2019-07-24T01:30:00+00:00,5.0,pseudo_real_time,
final,union,catboost,2019-08,-0.0402229173672061,-0.1,0.0597770826327938,0.0597770826327938,0.0035732996080878,2019-07,2019-08-26T01:30:00+00:00,5.0,pseudo_real_time,
final,union,catboost,2019-09,0.1931067154151249,0.1,0.0931067154151249,0.0931067154151249,0.008668860455393,2019-08,2019-09-24T01:30:00+00:00,5.0,pseudo_real_time,
final,union,catboost,2019-10,-0.1035290972094586,0.1,-0.2035290972094586,0.2035290972094586,0.0414240934108972,2019-09,2019-10-24T01:30:00+00:00,5.0,pseudo_real_time,
final,union,catboost,2019-11,-0.3736324701777753,-0.1,-0.2736324701777753,0.2736324701777753,0.0748747287355911,2019-10,2019-11-25T01:30:00+00:00,5.0,pseudo_real_time,
final,union,catboost,2019-12,0.2171094657985688,0.0,0.2171094657985688,0.2171094657985688,0.0471365201393399,2019-11,2019-12-24T01:30:00+00:00,25.0,pseudo_real_time,
final,union,catboost,2020-01,-0.095254769045981,0.0,-0.095254769045981,0.095254769045981,0.0090734710260031,2019-12,2020-01-23T01:30:00+00:00,5.0,pseudo_real_time,
final,union,catboost,2020-02,-0.2298988571901263,-0.5,0.2701011428098736,0.2701011428098736,0.0729546273471997,2020-01,2020-02-24T01:30:00+00:00,25.0,pseudo_real_time,
final,union,catboost,2020-03,-0.1773485574496041,-1.0,0.8226514425503959,0.8226514425503959,0.6767553959302474,2020-02,2020-03-24T01:30:00+00:00,25.0,pseudo_real_time,
final,union,catboost,2020-04,-0.3879696681057017,-1.3,0.9120303318942984,0.9120303318942984,0.8317993262952239,2020-03,2020-04-24T01:30:00+00:00,25.0,pseudo_real_time,
final,union,catboost,2020-05,-0.2339152182356881,-0.4,0.1660847817643119,0.1660847817643119,0.0275841547336991,2020-04,2020-05-25T01:30:00+00:00,5.0,pseudo_real_time,
final,union,catboost,2020-06,-0.084228683189667,0.4,-0.484228683189667,0.484228683189667,0.2344774176235989,2020-05,2020-06-24T01:30:00+00:00,25.0,pseudo_real_time,
final,union,catboost,2020-07,0.158341088847691,0.4,-0.241658911152309,0.241658911152309,0.0583990293393195,2020-06,2020-07-24T01:30:00+00:00,5.0,pseudo_real_time,
final,union,catboost,2020-08,0.4485652273994751,0.3,0.1485652273994751,0.1485652273994751,0.0220716267922577,2020-07,2020-08-24T01:30:00+00:00,5.0,pseudo_real_time,
final,union,catboost,2020-09,0.364835582271122,0.1,0.264835582271122,0.264835582271122,0.0701378856368842,2020-08,2020-09-24T01:30:00+00:00,5.0,pseudo_real_time,
final,union,catboost,2020-10,0.0720047061431524,0.0,0.0720047061431524,0.0720047061431524,0.0051846777067617,2020-09,2020-10-26T01:30:00+00:00,5.0,pseudo_real_time,
final,union,catboost,2020-11,0.5061573115916089,0.5,0.0061573115916089,0.0061573115916089,3.791248603616166e-05,2020-10,2020-11-24T01:30:00+00:00,5.0,pseudo_real_time,
final,union,catboost,2020-12,0.5678745342267328,1.1,-0.5321254657732672,0.5321254657732672,0.2831575113244166,2020-11,2020-12-24T01:30:00+00:00,5.0,pseudo_real_time,
final,union,catboost,2021-01,0.641226385821564,1.0,-0.358773614178436,0.358773614178436,0.1287185062306572,2020-12,2021-01-25T01:30:00+00:00,5.0,pseudo_real_time,
final,union,catboost,2021-04,0.5408650819807193,0.9,-0.3591349180192807,0.3591349180192807,0.1289778893407155,2021-01,2021-04-25T01:30:00+00:00,5.0,pseudo_real_time,
final,union,catboost,2021-05,0.7980205931947169,1.6,-0.8019794068052832,0.8019794068052832,0.643170968939754,2021-04,2021-05-24T01:30:00+00:00,5.0,pseudo_real_time,
final,union,catboost,2021-06,-0.360272645578628,0.3,-0.6602726455786281,0.6602726455786281,0.4359599664994006,2021-05,2021-06-24T01:30:00+00:00,5.0,pseudo_real_time,
final,union,catboost,2021-07,0.0359894690072672,0.5,-0.4640105309927327,0.4640105309927327,0.2153057728721578,2021-06,2021-07-26T01:30:00+00:00,5.0,pseudo_real_time,
final,union,catboost,2021-08,0.5456303464609186,0.7,-0.1543696535390814,0.1543696535390814,0.023829989933776,2021-07,2021-08-24T01:30:00+00:00,5.0,pseudo_real_time,
final,union,catboost,2021-09,0.6773075559336904,1.2,-0.5226924440663095,0.5226924440663095,0.2732073910840121,2021-08,2021-09-24T01:30:00+00:00,5.0,pseudo_real_time,
final,union,catboost,2021-10,0.9391043670597292,2.5,-1.5608956329402708,1.5608956329402708,2.4363951769320087,2021-09,2021-10-25T01:30:00+00:00,5.0,pseudo_real_time,
final,union,catboost,2021-11,-0.4769873123775678,0.0,-0.4769873123775678,0.4769873123775678,0.2275168961691755,2021-10,2021-11-24T01:30:00+00:00,5.0,pseudo_real_time,
final,union,catboost,2021-12,-0.3357638174017439,-1.2,0.8642361825982561,0.8642361825982561,0.7469041793120063,2021-11,2021-12-24T01:30:00+00:00,25.0,pseudo_real_time,
final,union,catboost,2022-01,-0.1422186250415448,-0.2,0.0577813749584551,0.0577813749584551,0.0033386872920895,2021-12,2022-01-24T01:30:00+00:00,25.0,pseudo_real_time,
final,union,catboost,2022-04,0.096847118707301,0.6,-0.503152881292699,0.503152881292699,0.2531628219531448,2022-01,2022-04-24T01:30:00+00:00,25.0,pseudo_real_time,
final,union,catboost,2022-05,-0.1851524377658016,0.1,-0.2851524377658017,0.2851524377658017,0.0813119127637794,2022-04,2022-05-24T01:30:00+00:00,25.0,pseudo_real_time,
final,union,catboost,2022-06,-0.1907675511524709,0.0,-0.1907675511524709,0.1907675511524709,0.0363922585727106,2022-05,2022-06-24T01:30:00+00:00,25.0,pseudo_real_time,
final,union,catboost,2022-07,-0.4170633437558257,-1.3,0.8829366562441743,0.8829366562441743,0.7795771389396432,2022-06,2022-07-24T01:30:00+00:00,25.0,pseudo_real_time,
final,union,catboost,2022-08,-0.3481112713448256,-1.2,0.8518887286551744,0.8518887286551744,0.7257144060097294,2022-07,2022-08-24T01:30:00+00:00,25.0,pseudo_real_time,
final,union,catboost,2022-09,-0.0465329446594245,-0.1,0.0534670553405754,0.0534670553405754,0.0028587260067921,2022-08,2022-09-24T01:30:00+00:00,25.0,pseudo_real_time,
final,union,catboost,2022-10,-0.0700651359445615,0.2,-0.2700651359445616,0.2700651359445616,0.0729351776527545,2022-09,2022-10-24T01:30:00+00:00,25.0,pseudo_real_time,
final,union,catboost,2022-11,-0.4916140497295075,0.1,-0.5916140497295075,0.5916140497295075,0.3500071838373481,2022-10,2022-11-24T01:30:00+00:00,5.0,pseudo_real_time,
final,union,catboost,2022-12,-0.1411298692670835,-0.5,0.3588701307329165,0.3588701307329165,0.1287877707322605,2022-11,2022-12-24T01:30:00+00:00,5.0,pseudo_real_time,
final,union,catboost,2023-01,0.1071859449860285,-0.4,0.5071859449860285,0.5071859449860285,0.2572375827913707,2022-12,2023-01-24T01:30:00+00:00,25.0,pseudo_real_time,
final,union,catboost,2023-02,0.1896745187639275,0.0,0.1896745187639275,0.1896745187639275,0.0359764230683275,2023-01,2023-02-24T01:30:00+00:00,5.0,pseudo_real_time,
final,union,catboost,2023-03,0.1450684416085931,0.0,0.1450684416085931,0.1450684416085931,0.0210448527507458,2023-02,2023-03-24T01:30:00+00:00,5.0,pseudo_real_time,
final,union,catboost,2023-04,-0.2554953929544775,-0.5,0.2445046070455225,0.2445046070455225,0.0597825028664853,2023-03,2023-04-24T01:30:00+00:00,5.0,pseudo_real_time,
final,union,catboost,2023-05,-0.5580243575092303,-0.9,0.3419756424907697,0.3419756424907697,0.1169473400569747,2023-04,2023-05-24T01:30:00+00:00,5.0,pseudo_real_time,
final,union,catboost,2023-06,-0.4890221433822149,-0.8,0.3109778566177851,0.3109778566177851,0.0967072273065917,2023-05,2023-06-24T01:30:00+00:00,5.0,pseudo_real_time,
final,union,catboost,2023-07,0.3171982802578669,-0.2,0.517198280257867,0.517198280257867,0.2674940611016951,2023-06,2023-07-24T01:30:00+00:00,5.0,pseudo_real_time,
final,union,catboost,2023-08,0.2062712313695512,0.2,0.0062712313695512,0.0062712313695512,3.9328342890443856e-05,2023-07,2023-08-24T01:30:00+00:00,5.0,pseudo_real_time,
final,union,catboost,2023-09,0.025659810172938,0.4,-0.3743401898270619,0.3743401898270619,0.1401305777197607,2023-08,2023-09-24T01:30:00+00:00,5.0,pseudo_real_time,
final,union,catboost,2023-10,-0.2766744875779989,0.0,-0.2766744875779989,0.2766744875779989,0.0765487720765483,2023-09,2023-10-24T01:30:00+00:00,5.0,pseudo_real_time,
final,union,catboost,2023-11,-0.2818360649818909,-0.3,0.018163935018109,0.018163935018109,0.000329928535342,2023-10,2023-11-24T01:30:00+00:00,5.0,pseudo_real_time,
final,union,catboost,2023-12,-0.0187857646874489,-0.3,0.2812142353125511,0.2812142353125511,0.0790814461424228,2023-11,2023-12-24T01:30:00+00:00,5.0,pseudo_real_time,
final,union,catboost,2024-01,-0.233884120446754,-0.2,-0.0338841204467539,0.0338841204467539,0.0011481336184501,2023-12,2024-01-24T01:30:00+00:00,5.0,pseudo_real_time,
final,union,catboost,2024-04,-0.0829544692298143,-0.2,0.1170455307701857,0.1170455307701857,0.0136996562732744,2024-01,2024-04-24T01:30:00+00:00,5.0,pseudo_real_time,
final,union,catboost,2024-05,0.1653207022038089,0.2,-0.034679297796191,0.034679297796191,0.0012026536956369,2024-04,2024-05-24T01:30:00+00:00,5.0,pseudo_real_time,
final,union,catboost,2024-06,-0.0719359043590077,0.1,-0.1719359043590078,0.1719359043590078,0.0295619552077498,2024-05,2024-06-24T01:30:00+00:00,5.0,pseudo_real_time,
final,union,catboost,2024-07,-0.286563927206039,-0.2,-0.086563927206039,0.086563927206039,0.0074933134933324,2024-06,2024-07-24T01:30:00+00:00,5.0,pseudo_real_time,
final,union,catboost,2024-08,-0.350312299359741,-0.7,0.3496877006402589,0.3496877006402589,0.1222814879790713,2024-07,2024-08-24T01:30:00+00:00,5.0,pseudo_real_time,
final,union,catboost,2024-09,-0.3064757025611772,-0.6,0.2935242974388228,0.2935242974388228,0.0861565131869545,2024-08,2024-09-24T01:30:00+00:00,5.0,pseudo_real_time,
final,union,catboost,2024-10,0.1277562256814402,-0.1,0.2277562256814402,0.2277562256814402,0.0518728983366551,2024-09,2024-10-24T01:30:00+00:00,5.0,pseudo_real_time,
final,union,catboost,2024-11,-0.3581400501420813,-0.1,-0.2581400501420813,0.2581400501420813,0.0666362854873562,2024-10,2024-11-24T01:30:00+00:00,5.0,pseudo_real_time,
final,union,catboost,2024-12,-0.0565548302015142,-0.1,0.0434451697984857,0.0434451697984857,0.0018874827788192,2024-11,2024-12-24T01:30:00+00:00,5.0,pseudo_real_time,
final,union,catboost,2025-01,-0.2083750537759403,-0.2,-0.0083750537759403,0.0083750537759403,7.01415257498929e-05,2024-12,2025-01-24T01:30:00+00:00,5.0,pseudo_real_time,
final,union,catboost,2025-02,-0.0727251640059714,-0.1,0.0272748359940285,0.0272748359940285,0.0007439166785011,2025-01,2025-02-24T01:30:00+00:00,5.0,pseudo_real_time,
final,union,catboost,2025-03,-0.2056901853876842,-0.4,0.1943098146123157,0.1943098146123157,0.0377563040546725,2025-02,2025-03-24T01:30:00+00:00,5.0,pseudo_real_time,
final,union,catboost,2025-04,-0.2875472187938027,-0.4,0.1124527812061972,0.1124527812061972,0.0126456280010088,2025-03,2025-04-24T01:30:00+00:00,5.0,pseudo_real_time,
final,union,catboost,2025-05,-0.4663919984180782,-0.4,-0.0663919984180782,0.0663919984180782,0.0044078974539461,2025-04,2025-05-24T01:30:00+00:00,5.0,pseudo_real_time,
final,union,catboost,2025-06,-0.0931319222673914,-0.4,0.3068680777326086,0.3068680777326086,0.0941680171313063,2025-05,2025-06-24T01:30:00+00:00,5.0,pseudo_real_time,
final,union,catboost,2025-07,0.0556771488979891,-0.2,0.2556771488979892,0.2556771488979892,0.0653708044686045,2025-06,2025-07-24T01:30:00+00:00,5.0,pseudo_real_time,
final,union,catboost,2025-08,0.1622644676595124,0.0,0.1622644676595124,0.1622644676595124,0.0263297574648249,2025-07,2025-08-24T01:30:00+00:00,5.0,pseudo_real_time,
final,union,catboost,2025-09,-0.0847719085415832,0.0,-0.0847719085415832,0.0847719085415832,0.0071862764777825,2025-08,2025-09-24T01:30:00+00:00,5.0,pseudo_real_time,
final,union,catboost,2025-12,-0.1093156328302136,0.2,-0.3093156328302137,0.3093156328302137,0.0956761607131555,2025-09,2025-12-24T01:30:00+00:00,5.0,pseudo_real_time,
final,union,catboost,2026-01,-0.1635837289595884,0.4,-0.5635837289595884,0.5635837289595884,0.3176266195479948,2025-12,2026-01-24T01:30:00+00:00,5.0,pseudo_real_time,
final,union,catboost,2026-04,0.3780491538763808,1.7,-1.3219508461236191,1.3219508461236191,1.7475540395669524,2026-01,2026-04-24T01:30:00+00:00,5.0,pseudo_real_time,
final,union,catboost,2026-05,-0.0606422850596642,0.5,-0.5606422850596643,0.5606422850596643,0.3143197717969219,2026-04,2026-05-24T01:30:00+00:00,5.0,pseudo_real_time,
final,union,catboost,2026-06,-0.0579990440186158,-0.3,0.2420009559813841,0.2420009559813841,0.0585644626959038,2026-05,2026-06-24T01:30:00+00:00,5.0,pseudo_real_time,
final,union,catboost,2026-07,-0.2353418523963898,-0.7,0.4646581476036101,0.4646581476036101,0.2159071941344183,2026-06,2026-07-24T01:30:00+00:00,5.0,pseudo_real_time,
final,union,catboost,2026-08,0.0706464202399078,0.4,-0.3293535797600921,0.3293535797600921,0.1084737805007873,2026-07,2026-08-24T01:30:00+00:00,5.0,pseudo_real_time,
final,union,lightgbm,2016-06,-0.2680679008695064,-0.2,-0.0680679008695064,0.0680679008695064,0.0046332391287809,2016-05,2016-06-24T01:30:00+00:00,25.0,pseudo_real_time,
final,union,lightgbm,2016-07,-0.1781845041653551,0.2,-0.3781845041653551,0.3781845041653551,0.1430235191907954,2016-06,2016-07-25T01:30:00+00:00,5.0,pseudo_real_time,
final,union,lightgbm,2016-08,-0.1060147398369702,0.2,-0.3060147398369703,0.3060147398369703,0.0936450209974886,2016-07,2016-08-24T01:30:00+00:00,5.0,pseudo_real_time,
final,union,lightgbm,2016-09,0.183153446104369,0.5,-0.316846553895631,0.316846553895631,0.100391738715537,2016-08,2016-09-26T01:30:00+00:00,5.0,pseudo_real_time,
final,union,lightgbm,2016-10,0.2594193563666661,0.7,-0.4405806436333338,0.4405806436333338,0.1941113035443627,2016-09,2016-10-24T01:30:00+00:00,5.0,pseudo_real_time,
final,union,lightgbm,2016-11,0.2339048593815657,1.5,-1.2660951406184342,1.2660951406184342,1.6029969050976127,2016-10,2016-11-24T01:30:00+00:00,5.0,pseudo_real_time,
final,union,lightgbm,2016-12,0.465231281377115,1.6,-1.134768718622885,1.134768718622885,1.2877000447650242,2016-11,2016-12-26T01:30:00+00:00,5.0,pseudo_real_time,
final,union,lightgbm,2017-01,0.2179470426836686,0.8,-0.5820529573163314,0.5820529573163314,0.3387856451206871,2016-12,2017-01-24T01:30:00+00:00,5.0,pseudo_real_time,
final,union,lightgbm,2017-02,0.4821348383634252,0.6,-0.1178651616365747,0.1178651616365747,0.0138921963276158,2017-01,2017-02-24T01:30:00+00:00,5.0,pseudo_real_time,
final,union,lightgbm,2017-03,0.3893243532374048,0.3,0.0893243532374048,0.0893243532374048,0.0079788400812806,2017-02,2017-03-24T01:30:00+00:00,5.0,pseudo_real_time,
final,union,lightgbm,2017-04,-0.0993756969971565,-0.4,0.3006243030028435,0.3006243030028435,0.0903749715559454,2017-03,2017-04-24T01:30:00+00:00,5.0,pseudo_real_time,
final,union,lightgbm,2017-05,-0.387960599625528,-0.3,-0.087960599625528,0.087960599625528,0.0077370670864824,2017-04,2017-05-24T01:30:00+00:00,5.0,pseudo_real_time,
final,union,lightgbm,2017-06,0.0458657314900587,-0.2,0.2458657314900587,0.2458657314900587,0.0604499579211416,2017-05,2017-06-26T01:30:00+00:00,5.0,pseudo_real_time,
final,union,lightgbm,2017-07,0.4616165265473919,0.2,0.2616165265473919,0.2616165265473919,0.0684432069627222,2017-06,2017-07-24T01:30:00+00:00,5.0,pseudo_real_time,
final,union,lightgbm,2017-08,0.5806810354374131,0.9,-0.3193189645625869,0.3193189645625869,0.1019646011293226,2017-07,2017-08-24T01:30:00+00:00,5.0,pseudo_real_time,
final,union,lightgbm,2017-09,0.7774324267060934,1.0,-0.2225675732939066,0.2225675732939066,0.0495363246819385,2017-08,2017-09-25T01:30:00+00:00,5.0,pseudo_real_time,
final,union,lightgbm,2017-10,0.5023241591451658,0.7,-0.1976758408548341,0.1976758408548341,0.0390757380576657,2017-09,2017-10-24T01:30:00+00:00,5.0,pseudo_real_time,
final,union,lightgbm,2017-11,0.5391802406620457,0.5,0.0391802406620457,0.0391802406620457,0.0015350912583358,2017-10,2017-11-24T01:30:00+00:00,5.0,pseudo_real_time,
final,union,lightgbm,2017-12,0.3918045102033927,0.8,-0.4081954897966073,0.4081954897966073,0.1666235578902921,2017-11,2017-12-25T01:30:00+00:00,5.0,pseudo_real_time,
final,union,lightgbm,2018-01,-0.2040943842908669,0.3,-0.504094384290867,0.504094384290867,0.2541111482735882,2017-12,2018-01-24T01:30:00+00:00,5.0,pseudo_real_time,
final,union,lightgbm,2018-04,-0.187190983618815,-0.2,0.0128090163811849,0.0128090163811849,0.0001640709006534,2018-01,2018-04-24T01:30:00+00:00,5.0,pseudo_real_time,
final,union,lightgbm,2018-05,0.2136236083240858,0.4,-0.1863763916759142,0.1863763916759142,0.0347361593741337,2018-04,2018-05-24T01:30:00+00:00,5.0,pseudo_real_time,
final,union,lightgbm,2018-06,-0.0053592245664391,0.3,-0.3053592245664391,0.3053592245664391,0.093244256027817,2018-05,2018-06-25T01:30:00+00:00,5.0,pseudo_real_time,
final,union,lightgbm,2018-07,-0.0627927890360067,0.1,-0.1627927890360067,0.1627927890360067,0.0265014921621217,2018-06,2018-07-24T01:30:00+00:00,5.0,pseudo_real_time,
final,union,lightgbm,2018-08,0.5536680696901579,0.4,0.1536680696901579,0.1536680696901579,0.0236138756422992,2018-07,2018-08-24T01:30:00+00:00,5.0,pseudo_real_time,
final,union,lightgbm,2018-09,0.4608322553836266,0.6,-0.1391677446163733,0.1391677446163733,0.0193676611416081,2018-08,2018-09-25T01:30:00+00:00,5.0,pseudo_real_time,
final,union,lightgbm,2018-10,0.2297517008075049,0.4,-0.170248299192495,0.170248299192495,0.0289844833779373,2018-09,2018-10-24T01:30:00+00:00,5.0,pseudo_real_time,
final,union,lightgbm,2018-11,-0.2381908298385415,-0.2,-0.0381908298385415,0.0381908298385415,0.0014585394837564,2018-10,2018-11-26T01:30:00+00:00,5.0,pseudo_real_time,
final,union,lightgbm,2018-12,-0.3248772838151699,-1.0,0.6751227161848301,0.6751227161848301,0.4557906819087827,2018-11,2018-12-24T01:30:00+00:00,5.0,pseudo_real_time,
final,union,lightgbm,2019-01,-0.2113839278543696,-0.6,0.3886160721456304,0.3886160721456304,0.1510224515298978,2018-12,2019-01-24T01:30:00+00:00,5.0,pseudo_real_time,
final,union,lightgbm,2019-04,0.0855680128601158,0.3,-0.2144319871398841,0.2144319871398841,0.0459810771087594,2019-01,2019-04-24T01:30:00+00:00,5.0,pseudo_real_time,
final,union,lightgbm,2019-07,-0.1243171852145678,-0.2,0.0756828147854321,0.0756828147854321,0.005727888453846,2019-04,2019-07-24T01:30:00+00:00,5.0,pseudo_real_time,
final,union,lightgbm,2019-08,0.16701457122581,-0.1,0.26701457122581,0.26701457122581,0.0712967812469031,2019-07,2019-08-26T01:30:00+00:00,5.0,pseudo_real_time,
final,union,lightgbm,2019-09,0.246893719708333,0.1,0.146893719708333,0.146893719708333,0.0215777648897503,2019-08,2019-09-24T01:30:00+00:00,5.0,pseudo_real_time,
final,union,lightgbm,2019-10,-0.0705363448110497,0.1,-0.1705363448110497,0.1705363448110497,0.0290826449015132,2019-09,2019-10-24T01:30:00+00:00,5.0,pseudo_real_time,
final,union,lightgbm,2019-11,-0.5115680497746685,-0.1,-0.4115680497746685,0.4115680497746685,0.169388259595324,2019-10,2019-11-25T01:30:00+00:00,5.0,pseudo_real_time,
final,union,lightgbm,2019-12,0.0752123533114255,0.0,0.0752123533114255,0.0752123533114255,0.0056568980906427,2019-11,2019-12-24T01:30:00+00:00,5.0,pseudo_real_time,
final,union,lightgbm,2020-01,-0.2542499606709907,0.0,-0.2542499606709907,0.2542499606709907,0.0646430425012003,2019-12,2020-01-23T01:30:00+00:00,5.0,pseudo_real_time,
final,union,lightgbm,2020-02,-0.3158391946074969,-0.5,0.1841608053925031,0.1841608053925031,0.0339152022428154,2020-01,2020-02-24T01:30:00+00:00,5.0,pseudo_real_time,
final,union,lightgbm,2020-03,-0.1307509260360506,-1.0,0.8692490739639493,0.8692490739639493,0.7555939525871835,2020-02,2020-03-24T01:30:00+00:00,5.0,pseudo_real_time,
final,union,lightgbm,2020-04,-0.6735494123286884,-1.3,0.6264505876713117,0.6264505876713117,0.3924403387937317,2020-03,2020-04-24T01:30:00+00:00,5.0,pseudo_real_time,
final,union,lightgbm,2020-05,-0.1208083081937712,-0.4,0.2791916918062288,0.2791916918062288,0.0779480007736242,2020-04,2020-05-25T01:30:00+00:00,5.0,pseudo_real_time,
final,union,lightgbm,2020-06,-0.1120099801007037,0.4,-0.5120099801007038,0.5120099801007038,0.262154219722723,2020-05,2020-06-24T01:30:00+00:00,5.0,pseudo_real_time,
final,union,lightgbm,2020-07,0.1725111465359345,0.4,-0.2274888534640655,0.2274888534640655,0.051751178450395,2020-06,2020-07-24T01:30:00+00:00,5.0,pseudo_real_time,
final,union,lightgbm,2020-08,0.5942518257729537,0.3,0.2942518257729536,0.2942518257729536,0.0865841369707166,2020-07,2020-08-24T01:30:00+00:00,5.0,pseudo_real_time,
final,union,lightgbm,2020-09,0.2071508749241598,0.1,0.1071508749241597,0.1071508749241597,0.0114813099970129,2020-08,2020-09-24T01:30:00+00:00,5.0,pseudo_real_time,
final,union,lightgbm,2020-10,0.0348490794624103,0.0,0.0348490794624103,0.0348490794624103,0.0012144583393773,2020-09,2020-10-26T01:30:00+00:00,5.0,pseudo_real_time,
final,union,lightgbm,2020-11,0.6268719790783164,0.5,0.1268719790783163,0.1268719790783163,0.0160964990752487,2020-10,2020-11-24T01:30:00+00:00,5.0,pseudo_real_time,
final,union,lightgbm,2020-12,0.5400862658410385,1.1,-0.5599137341589616,0.5599137341589616,0.3135033896998323,2020-11,2020-12-24T01:30:00+00:00,5.0,pseudo_real_time,
final,union,lightgbm,2021-01,0.6985828721085354,1.0,-0.3014171278914646,0.3014171278914646,0.0908522849863395,2020-12,2021-01-25T01:30:00+00:00,5.0,pseudo_real_time,
final,union,lightgbm,2021-04,0.5470061456032176,0.9,-0.3529938543967824,0.3529938543967824,0.1246046612418968,2021-01,2021-04-25T01:30:00+00:00,5.0,pseudo_real_time,
final,union,lightgbm,2021-05,0.8211529110109421,1.6,-0.778847088989058,0.778847088989058,0.6066027880267296,2021-04,2021-05-24T01:30:00+00:00,5.0,pseudo_real_time,
final,union,lightgbm,2021-06,-0.4808604581966388,0.3,-0.7808604581966389,0.7808604581966389,0.6097430551750648,2021-05,2021-06-24T01:30:00+00:00,5.0,pseudo_real_time,
final,union,lightgbm,2021-07,0.1563858546056539,0.5,-0.3436141453943461,0.3436141453943461,0.1180706809150868,2021-06,2021-07-26T01:30:00+00:00,5.0,pseudo_real_time,
final,union,lightgbm,2021-08,0.7762018536223946,0.7,0.0762018536223946,0.0762018536223946,0.0058067224954888,2021-07,2021-08-24T01:30:00+00:00,5.0,pseudo_real_time,
final,union,lightgbm,2021-09,0.543940001599111,1.2,-0.6560599984008889,0.6560599984008889,0.4304147215017743,2021-08,2021-09-24T01:30:00+00:00,5.0,pseudo_real_time,
final,union,lightgbm,2021-10,0.8414212244432785,2.5,-1.6585787755567214,1.6585787755567214,2.750883554727233,2021-09,2021-10-25T01:30:00+00:00,5.0,pseudo_real_time,
final,union,lightgbm,2021-11,-0.4708243285692028,0.0,-0.4708243285692028,0.4708243285692028,0.2216755483726406,2021-10,2021-11-24T01:30:00+00:00,5.0,pseudo_real_time,
final,union,lightgbm,2021-12,-0.6820841527129623,-1.2,0.5179158472870377,0.5179158472870377,0.2682368248710501,2021-11,2021-12-24T01:30:00+00:00,5.0,pseudo_real_time,
final,union,lightgbm,2022-01,-0.0557020513454635,-0.2,0.1442979486545365,0.1442979486545365,0.0208218979859072,2021-12,2022-01-24T01:30:00+00:00,5.0,pseudo_real_time,
final,union,lightgbm,2022-04,0.0067781267644585,0.6,-0.5932218732355414,0.5932218732355414,0.3519121908850848,2022-01,2022-04-24T01:30:00+00:00,5.0,pseudo_real_time,
final,union,lightgbm,2022-05,-0.0831973042269354,0.1,-0.1831973042269354,0.1831973042269354,0.0335612522760163,2022-04,2022-05-24T01:30:00+00:00,5.0,pseudo_real_time,
final,union,lightgbm,2022-06,-0.0715082301914027,0.0,-0.0715082301914027,0.0715082301914027,0.0051134269851066,2022-05,2022-06-24T01:30:00+00:00,5.0,pseudo_real_time,
final,union,lightgbm,2022-07,-0.429715626411169,-1.3,0.870284373588831,0.870284373588831,0.757394890912904,2022-06,2022-07-24T01:30:00+00:00,5.0,pseudo_real_time,
final,union,lightgbm,2022-08,-0.4705389910799428,-1.2,0.729461008920057,0.729461008920057,0.5321133635346675,2022-07,2022-08-24T01:30:00+00:00,5.0,pseudo_real_time,
final,union,lightgbm,2022-09,0.0659484050941517,-0.1,0.1659484050941518,0.1659484050941518,0.0275388731532927,2022-08,2022-09-24T01:30:00+00:00,5.0,pseudo_real_time,
final,union,lightgbm,2022-10,-0.1165677766220712,0.2,-0.3165677766220712,0.3165677766220712,0.1002151571954415,2022-09,2022-10-24T01:30:00+00:00,5.0,pseudo_real_time,
final,union,lightgbm,2022-11,-0.6059658127824743,0.1,-0.7059658127824743,0.7059658127824743,0.4983877288176195,2022-10,2022-11-24T01:30:00+00:00,5.0,pseudo_real_time,
final,union,lightgbm,2022-12,-0.3027978757619121,-0.5,0.1972021242380878,0.1972021242380878,0.0388886778040142,2022-11,2022-12-24T01:30:00+00:00,5.0,pseudo_real_time,
final,union,lightgbm,2023-01,0.213721168595884,-0.4,0.6137211685958841,0.6137211685958841,0.3766536727826976,2022-12,2023-01-24T01:30:00+00:00,5.0,pseudo_real_time,
final,union,lightgbm,2023-02,0.3683371645277406,0.0,0.3683371645277406,0.3683371645277406,0.1356722667723358,2023-01,2023-02-24T01:30:00+00:00,5.0,pseudo_real_time,
final,union,lightgbm,2023-03,0.1502041574027181,0.0,0.1502041574027181,0.1502041574027181,0.0225612889010605,2023-02,2023-03-24T01:30:00+00:00,5.0,pseudo_real_time,
final,union,lightgbm,2023-04,-0.2568639591076582,-0.5,0.2431360408923418,0.2431360408923418,0.0591151343808025,2023-03,2023-04-24T01:30:00+00:00,5.0,pseudo_real_time,
final,union,lightgbm,2023-05,-0.7891821651411185,-0.9,0.1108178348588815,0.1108178348588815,0.0122805925228103,2023-04,2023-05-24T01:30:00+00:00,5.0,pseudo_real_time,
final,union,lightgbm,2023-06,-0.6300026670469793,-0.8,0.1699973329530207,0.1699973329530207,0.0288990932111402,2023-05,2023-06-24T01:30:00+00:00,5.0,pseudo_real_time,
final,union,lightgbm,2023-07,0.2001680012355693,-0.2,0.4001680012355693,0.4001680012355693,0.1601344292128706,2023-06,2023-07-24T01:30:00+00:00,5.0,pseudo_real_time,
final,union,lightgbm,2023-08,0.3605346030650895,0.2,0.1605346030650895,0.1605346030650895,0.0257713587812658,2023-07,2023-08-24T01:30:00+00:00,5.0,pseudo_real_time,
final,union,lightgbm,2023-09,0.0084418098033892,0.4,-0.3915581901966107,0.3915581901966107,0.1533178163100452,2023-08,2023-09-24T01:30:00+00:00,5.0,pseudo_real_time,
final,union,lightgbm,2023-10,-0.3280530922992551,0.0,-0.3280530922992551,0.3280530922992551,0.1076188313671036,2023-09,2023-10-24T01:30:00+00:00,5.0,pseudo_real_time,
final,union,lightgbm,2023-11,-0.3760624312591186,-0.3,-0.0760624312591186,0.0760624312591186,0.0057854934490481,2023-10,2023-11-24T01:30:00+00:00,5.0,pseudo_real_time,
final,union,lightgbm,2023-12,0.0944588438054868,-0.3,0.3944588438054868,0.3944588438054868,0.1555977794563614,2023-11,2023-12-24T01:30:00+00:00,5.0,pseudo_real_time,
final,union,lightgbm,2024-01,-0.2975794667338901,-0.2,-0.09757946673389,0.09757946673389,0.0095217523280703,2023-12,2024-01-24T01:30:00+00:00,5.0,pseudo_real_time,
final,union,lightgbm,2024-04,0.0033710264216411,-0.2,0.2033710264216411,0.2033710264216411,0.0413597743877918,2024-01,2024-04-24T01:30:00+00:00,5.0,pseudo_real_time,
final,union,lightgbm,2024-05,0.0302828901530166,0.2,-0.1697171098469833,0.1697171098469833,0.028803897374813,2024-04,2024-05-24T01:30:00+00:00,5.0,pseudo_real_time,
final,union,lightgbm,2024-06,-0.0147500568984574,0.1,-0.1147500568984574,0.1147500568984574,0.0131675755581992,2024-05,2024-06-24T01:30:00+00:00,5.0,pseudo_real_time,
final,union,lightgbm,2024-07,-0.4052844355498629,-0.2,-0.2052844355498629,0.2052844355498629,0.0421416994790258,2024-06,2024-07-24T01:30:00+00:00,5.0,pseudo_real_time,
final,union,lightgbm,2024-08,-0.2916955198167434,-0.7,0.4083044801832565,0.4083044801832565,0.1667125485377193,2024-07,2024-08-24T01:30:00+00:00,5.0,pseudo_real_time,
final,union,lightgbm,2024-09,-0.3667722731650284,-0.6,0.2332277268349715,0.2332277268349715,0.0543951725646081,2024-08,2024-09-24T01:30:00+00:00,5.0,pseudo_real_time,
final,union,lightgbm,2024-10,0.265780542307117,-0.1,0.3657805423071171,0.3657805423071171,0.1337954051304886,2024-09,2024-10-24T01:30:00+00:00,5.0,pseudo_real_time,
final,union,lightgbm,2024-11,-0.3889651503507589,-0.1,-0.288965150350759,0.288965150350759,0.0835008581172367,2024-10,2024-11-24T01:30:00+00:00,5.0,pseudo_real_time,
final,union,lightgbm,2024-12,-0.0693139448760744,-0.1,0.0306860551239255,0.0306860551239255,0.0009416339790685,2024-11,2024-12-24T01:30:00+00:00,5.0,pseudo_real_time,
final,union,lightgbm,2025-01,-0.2301563455808519,-0.2,-0.0301563455808519,0.0301563455808519,0.0009094051787917,2024-12,2025-01-24T01:30:00+00:00,5.0,pseudo_real_time,
final,union,lightgbm,2025-02,-0.0941233416213034,-0.1,0.0058766583786965,0.0058766583786965,3.45351136999044e-05,2025-01,2025-02-24T01:30:00+00:00,5.0,pseudo_real_time,
final,union,lightgbm,2025-03,-0.223218471214632,-0.4,0.176781528785368,0.176781528785368,0.0312517089196919,2025-02,2025-03-24T01:30:00+00:00,5.0,pseudo_real_time,
final,union,lightgbm,2025-04,-0.4471626833490019,-0.4,-0.0471626833490019,0.0471626833490019,0.0022243187006782,2025-03,2025-04-24T01:30:00+00:00,5.0,pseudo_real_time,
final,union,lightgbm,2025-05,-0.5802695277225431,-0.4,-0.1802695277225431,0.1802695277225431,0.0324971026253087,2025-04,2025-05-24T01:30:00+00:00,5.0,pseudo_real_time,
final,union,lightgbm,2025-06,-0.1308821445094508,-0.4,0.2691178554905492,0.2691178554905492,0.0724244201438321,2025-05,2025-06-24T01:30:00+00:00,5.0,pseudo_real_time,
final,union,lightgbm,2025-07,0.0073457588683851,-0.2,0.2073457588683851,0.2073457588683851,0.0429922637207065,2025-06,2025-07-24T01:30:00+00:00,5.0,pseudo_real_time,
final,union,lightgbm,2025-08,0.0742718074369658,0.0,0.0742718074369658,0.0742718074369658,0.0055163013799537,2025-07,2025-08-24T01:30:00+00:00,5.0,pseudo_real_time,
final,union,lightgbm,2025-09,-0.230045374961378,0.0,-0.230045374961378,0.230045374961378,0.052920874541121,2025-08,2025-09-24T01:30:00+00:00,5.0,pseudo_real_time,
final,union,lightgbm,2025-12,-0.019377166395059,0.2,-0.219377166395059,0.219377166395059,0.0481263411355254,2025-09,2025-12-24T01:30:00+00:00,5.0,pseudo_real_time,
final,union,lightgbm,2026-01,-0.0505045060404181,0.4,-0.4505045060404182,0.4505045060404182,0.2029543099627212,2025-12,2026-01-24T01:30:00+00:00,5.0,pseudo_real_time,
final,union,lightgbm,2026-04,0.5021918321772273,1.7,-1.1978081678227728,1.1978081678227728,1.4347444069029478,2026-01,2026-04-24T01:30:00+00:00,5.0,pseudo_real_time,
final,union,lightgbm,2026-05,0.0325428812201963,0.5,-0.4674571187798036,0.4674571187798036,0.2185161578979154,2026-04,2026-05-24T01:30:00+00:00,5.0,pseudo_real_time,
final,union,lightgbm,2026-06,0.0071819247338491,-0.3,0.3071819247338492,0.3071819247338492,0.0943607348831921,2026-05,2026-06-24T01:30:00+00:00,5.0,pseudo_real_time,
final,union,lightgbm,2026-07,0.0039613339005328,-0.7,0.7039613339005328,0.7039613339005328,0.4955615596270175,2026-06,2026-07-24T01:30:00+00:00,5.0,pseudo_real_time,
final,union,lightgbm,2026-08,0.1201638115420952,0.4,-0.2798361884579047,0.2798361884579047,0.0783082923706479,2026-07,2026-08-24T01:30:00+00:00,5.0,pseudo_real_time,
final,union,no_change,2016-06,0.0,-0.2,0.2,0.2,0.04,2016-05,2016-06-24T01:30:00+00:00,,pseudo_real_time,
final,union,historical_mean,2016-06,-0.325,-0.2,-0.125,0.125,0.015625,2016-05,2016-06-24T01:30:00+00:00,,pseudo_real_time,
final,union,last_available_actual,2016-06,0.5,-0.2,0.7,0.7,0.4899999999999999,2016-05,2016-06-24T01:30:00+00:00,,pseudo_real_time,
final,union,no_change,2016-07,0.0,0.2,-0.2,0.2,0.04,2016-06,2016-07-25T01:30:00+00:00,,pseudo_real_time,
final,union,historical_mean,2016-07,-0.32,0.2,-0.52,0.52,0.2704,2016-06,2016-07-25T01:30:00+00:00,,pseudo_real_time,
final,union,last_available_actual,2016-07,-0.2,0.2,-0.4,0.4,0.16,2016-06,2016-07-25T01:30:00+00:00,,pseudo_real_time,
final,union,no_change,2016-08,0.0,0.2,-0.2,0.2,0.04,2016-07,2016-08-24T01:30:00+00:00,,pseudo_real_time,
final,union,historical_mean,2016-08,-0.3,0.2,-0.5,0.5,0.25,2016-07,2016-08-24T01:30:00+00:00,,pseudo_real_time,
final,union,last_available_actual,2016-08,0.2,0.2,0.0,0.0,0.0,2016-07,2016-08-24T01:30:00+00:00,,pseudo_real_time,
final,union,no_change,2016-09,0.0,0.5,-0.5,0.5,0.25,2016-08,2016-09-26T01:30:00+00:00,,pseudo_real_time,
final,union,historical_mean,2016-09,-0.2814814814814814,0.5,-0.7814814814814814,0.7814814814814814,0.610713305898491,2016-08,2016-09-26T01:30:00+00:00,,pseudo_real_time,
final,union,last_available_actual,2016-09,0.2,0.5,-0.3,0.3,0.09,2016-08,2016-09-26T01:30:00+00:00,,pseudo_real_time,
final,union,no_change,2016-10,0.0,0.7,-0.7,0.7,0.4899999999999999,2016-09,2016-10-24T01:30:00+00:00,,pseudo_real_time,
final,union,historical_mean,2016-10,-0.2535714285714285,0.7,-0.9535714285714284,0.9535714285714284,0.909298469387755,2016-09,2016-10-24T01:30:00+00:00,,pseudo_real_time,
final,union,last_available_actual,2016-10,0.5,0.7,-0.1999999999999999,0.1999999999999999,0.0399999999999999,2016-09,2016-10-24T01:30:00+00:00,,pseudo_real_time,
final,union,no_change,2016-11,0.0,1.5,-1.5,1.5,2.25,2016-10,2016-11-24T01:30:00+00:00,,pseudo_real_time,
final,union,historical_mean,2016-11,-0.2206896551724137,1.5,-1.7206896551724138,1.7206896551724138,2.96077288941736,2016-10,2016-11-24T01:30:00+00:00,,pseudo_real_time,
final,union,last_available_actual,2016-11,0.7,1.5,-0.8,0.8,0.6400000000000001,2016-10,2016-11-24T01:30:00+00:00,,pseudo_real_time,
final,union,no_change,2016-12,0.0,1.6,-1.6,1.6,2.5600000000000005,2016-11,2016-12-26T01:30:00+00:00,,pseudo_real_time,
final,union,historical_mean,2016-12,-0.1633333333333333,1.6,-1.7633333333333334,1.7633333333333334,3.109344444444445,2016-11,2016-12-26T01:30:00+00:00,,pseudo_real_time,
final,union,last_available_actual,2016-12,1.5,1.6,-0.1,0.1,0.01,2016-11,2016-12-26T01:30:00+00:00,,pseudo_real_time,
final,union,no_change,2017-01,0.0,0.8,-0.8,0.8,0.6400000000000001,2016-12,2017-01-24T01:30:00+00:00,,pseudo_real_time,
final,union,historical_mean,2017-01,-0.1064516129032257,0.8,-0.9064516129032258,0.9064516129032258,0.8216545265348596,2016-12,2017-01-24T01:30:00+00:00,,pseudo_real_time,
final,union,last_available_actual,2017-01,1.6,0.8,0.8,0.8,0.6400000000000001,2016-12,2017-01-24T01:30:00+00:00,,pseudo_real_time,
final,union,no_change,2017-02,0.0,0.6,-0.6,0.6,0.36,2017-01,2017-02-24T01:30:00+00:00,,pseudo_real_time,
final,union,historical_mean,2017-02,-0.078125,0.6,-0.678125,0.678125,0.459853515625,2017-01,2017-02-24T01:30:00+00:00,,pseudo_real_time,
final,union,last_available_actual,2017-02,0.8,0.6,0.2,0.2,0.04,2017-01,2017-02-24T01:30:00+00:00,,pseudo_real_time,
final,union,no_change,2017-03,0.0,0.3,-0.3,0.3,0.09,2017-02,2017-03-24T01:30:00+00:00,,pseudo_real_time,
final,union,historical_mean,2017-03,-0.0575757575757576,0.3,-0.3575757575757576,0.3575757575757576,0.1278604224058769,2017-02,2017-03-24T01:30:00+00:00,,pseudo_real_time,
final,union,last_available_actual,2017-03,0.6,0.3,0.3,0.3,0.09,2017-02,2017-03-24T01:30:00+00:00,,pseudo_real_time,
final,union,no_change,2017-04,0.0,-0.4,0.4,0.4,0.16,2017-03,2017-04-24T01:30:00+00:00,,pseudo_real_time,
final,union,historical_mean,2017-04,-0.0470588235294117,-0.4,0.3529411764705882,0.3529411764705882,0.1245674740484429,2017-03,2017-04-24T01:30:00+00:00,,pseudo_real_time,
final,union,last_available_actual,2017-04,0.3,-0.4,0.7,0.7,0.4899999999999999,2017-03,2017-04-24T01:30:00+00:00,,pseudo_real_time,
final,union,no_change,2017-05,0.0,-0.3,0.3,0.3,0.09,2017-04,2017-05-24T01:30:00+00:00,,pseudo_real_time,
final,union,historical_mean,2017-05,-0.0571428571428571,-0.3,0.2428571428571428,0.2428571428571428,0.0589795918367346,2017-04,2017-05-24T01:30:00+00:00,,pseudo_real_time,
final,union,last_available_actual,2017-05,-0.4,-0.3,-0.1,0.1,0.01,2017-04,2017-05-24T01:30:00+00:00,,pseudo_real_time,
final,union,no_change,2017-06,0.0,-0.2,0.2,0.2,0.04,2017-05,2017-06-26T01:30:00+00:00,,pseudo_real_time,
final,union,historical_mean,2017-06,-0.0638888888888889,-0.2,0.1361111111111111,0.1361111111111111,0.0185262345679012,2017-05,2017-06-26T01:30:00+00:00,,pseudo_real_time,
final,union,last_available_actual,2017-06,-0.3,-0.2,-0.0999999999999999,0.0999999999999999,0.0099999999999999,2017-05,2017-06-26T01:30:00+00:00,,pseudo_real_time,
final,union,no_change,2017-07,0.0,0.2,-0.2,0.2,0.04,2017-06,2017-07-24T01:30:00+00:00,,pseudo_real_time,
final,union,historical_mean,2017-07,-0.0675675675675675,0.2,-0.2675675675675676,0.2675675675675676,0.0715924032140248,2017-06,2017-07-24T01:30:00+00:00,,pseudo_real_time,
final,union,last_available_actual,2017-07,-0.2,0.2,-0.4,0.4,0.16,2017-06,2017-07-24T01:30:00+00:00,,pseudo_real_time,
final,union,no_change,2017-08,0.0,0.9,-0.9,0.9,0.81,2017-07,2017-08-24T01:30:00+00:00,,pseudo_real_time,
final,union,historical_mean,2017-08,-0.0605263157894737,0.9,-0.9605263157894736,0.9605263157894736,0.9226108033240996,2017-07,2017-08-24T01:30:00+00:00,,pseudo_real_time,
final,union,last_available_actual,2017-08,0.2,0.9,-0.7,0.7,0.4899999999999999,2017-07,2017-08-24T01:30:00+00:00,,pseudo_real_time,
final,union,no_change,2017-09,0.0,1.0,-1.0,1.0,1.0,2017-08,2017-09-25T01:30:00+00:00,,pseudo_real_time,
final,union,historical_mean,2017-09,-0.0358974358974359,1.0,-1.035897435897436,1.035897435897436,1.0730834976988826,2017-08,2017-09-25T01:30:00+00:00,,pseudo_real_time,
final,union,last_available_actual,2017-09,0.9,1.0,-0.0999999999999999,0.0999999999999999,0.0099999999999999,2017-08,2017-09-25T01:30:00+00:00,,pseudo_real_time,
final,union,no_change,2017-10,0.0,0.7,-0.7,0.7,0.4899999999999999,2017-09,2017-10-24T01:30:00+00:00,,pseudo_real_time,
final,union,historical_mean,2017-10,-0.01,0.7,-0.71,0.71,0.5041,2017-09,2017-10-24T01:30:00+00:00,,pseudo_real_time,
final,union,last_available_actual,2017-10,1.0,0.7,0.3,0.3,0.09,2017-09,2017-10-24T01:30:00+00:00,,pseudo_real_time,
final,union,no_change,2017-11,0.0,0.5,-0.5,0.5,0.25,2017-10,2017-11-24T01:30:00+00:00,,pseudo_real_time,
final,union,historical_mean,2017-11,0.0073170731707316,0.5,-0.4926829268292683,0.4926829268292683,0.2427364663890542,2017-10,2017-11-24T01:30:00+00:00,,pseudo_real_time,
final,union,last_available_actual,2017-11,0.7,0.5,0.1999999999999999,0.1999999999999999,0.0399999999999999,2017-10,2017-11-24T01:30:00+00:00,,pseudo_real_time,
final,union,no_change,2017-12,0.0,0.8,-0.8,0.8,0.6400000000000001,2017-11,2017-12-25T01:30:00+00:00,,pseudo_real_time,
final,union,historical_mean,2017-12,0.019047619047619,0.8,-0.7809523809523811,0.7809523809523811,0.6098866213151929,2017-11,2017-12-25T01:30:00+00:00,,pseudo_real_time,
final,union,last_available_actual,2017-12,0.5,0.8,-0.3,0.3,0.09,2017-11,2017-12-25T01:30:00+00:00,,pseudo_real_time,
final,union,no_change,2018-01,0.0,0.3,-0.3,0.3,0.09,2017-12,2018-01-24T01:30:00+00:00,,pseudo_real_time,
final,union,historical_mean,2018-01,0.0372093023255813,0.3,-0.2627906976744186,0.2627906976744186,0.0690589507842077,2017-12,2018-01-24T01:30:00+00:00,,pseudo_real_time,
final,union,last_available_actual,2018-01,0.8,0.3,0.5,0.5,0.25,2017-12,2018-01-24T01:30:00+00:00,,pseudo_real_time,
final,union,no_change,2018-04,0.0,-0.2,0.2,0.2,0.04,2018-01,2018-04-24T01:30:00+00:00,,pseudo_real_time,
final,union,historical_mean,2018-04,0.0431818181818181,-0.2,0.2431818181818181,0.2431818181818181,0.0591373966942148,2018-01,2018-04-24T01:30:00+00:00,,pseudo_real_time,
final,union,last_available_actual,2018-04,0.3,-0.2,0.5,0.5,0.25,2018-01,2018-04-24T01:30:00+00:00,,pseudo_real_time,
final,union,no_change,2018-05,0.0,0.4,-0.4,0.4,0.16,2018-04,2018-05-24T01:30:00+00:00,,pseudo_real_time,
final,union,historical_mean,2018-05,0.0377777777777777,0.4,-0.3622222222222223,0.3622222222222223,0.1312049382716049,2018-04,2018-05-24T01:30:00+00:00,,pseudo_real_time,
final,union,last_available_actual,2018-05,-0.2,0.4,-0.6000000000000001,0.6000000000000001,0.3600000000000001,2018-04,2018-05-24T01:30:00+00:00,,pseudo_real_time,
final,union,no_change,2018-06,0.0,0.3,-0.3,0.3,0.09,2018-05,2018-06-25T01:30:00+00:00,,pseudo_real_time,
final,union,historical_mean,2018-06,0.0456521739130434,0.3,-0.2543478260869565,0.2543478260869565,0.0646928166351607,2018-05,2018-06-25T01:30:00+00:00,,pseudo_real_time,
final,union,last_available_actual,2018-06,0.4,0.3,0.1,0.1,0.01,2018-05,2018-06-25T01:30:00+00:00,,pseudo_real_time,
final,union,no_change,2018-07,0.0,0.1,-0.1,0.1,0.01,2018-06,2018-07-24T01:30:00+00:00,,pseudo_real_time,
final,union,historical_mean,2018-07,0.051063829787234,0.1,-0.0489361702127659,0.0489361702127659,0.0023947487550928,2018-06,2018-07-24T01:30:00+00:00,,pseudo_real_time,
final,union,last_available_actual,2018-07,0.3,0.1,0.1999999999999999,0.1999999999999999,0.0399999999999999,2018-06,2018-07-24T01:30:00+00:00,,pseudo_real_time,
final,union,no_change,2018-08,0.0,0.4,-0.4,0.4,0.16,2018-07,2018-08-24T01:30:00+00:00,,pseudo_real_time,
final,union,historical_mean,2018-08,0.0520833333333333,0.4,-0.3479166666666667,0.3479166666666667,0.1210460069444444,2018-07,2018-08-24T01:30:00+00:00,,pseudo_real_time,
final,union,last_available_actual,2018-08,0.1,0.4,-0.3,0.3,0.09,2018-07,2018-08-24T01:30:00+00:00,,pseudo_real_time,
final,union,no_change,2018-09,0.0,0.6,-0.6,0.6,0.36,2018-08,2018-09-25T01:30:00+00:00,,pseudo_real_time,
final,union,historical_mean,2018-09,0.0591836734693877,0.6,-0.5408163265306123,0.5408163265306123,0.2924822990420658,2018-08,2018-09-25T01:30:00+00:00,,pseudo_real_time,
final,union,last_available_actual,2018-09,0.4,0.6,-0.1999999999999999,0.1999999999999999,0.0399999999999999,2018-08,2018-09-25T01:30:00+00:00,,pseudo_real_time,
final,union,no_change,2018-10,0.0,0.4,-0.4,0.4,0.16,2018-09,2018-10-24T01:30:00+00:00,,pseudo_real_time,
final,union,historical_mean,2018-10,0.0699999999999999,0.4,-0.33,0.33,0.1089,2018-09,2018-10-24T01:30:00+00:00,,pseudo_real_time,
final,union,last_available_actual,2018-10,0.6,0.4,0.1999999999999999,0.1999999999999999,0.0399999999999999,2018-09,2018-10-24T01:30:00+00:00,,pseudo_real_time,
final,union,no_change,2018-11,0.0,-0.2,0.2,0.2,0.04,2018-10,2018-11-26T01:30:00+00:00,,pseudo_real_time,
final,union,historical_mean,2018-11,0.0764705882352941,-0.2,0.2764705882352941,0.2764705882352941,0.0764359861591695,2018-10,2018-11-26T01:30:00+00:00,,pseudo_real_time,
final,union,last_available_actual,2018-11,0.4,-0.2,0.6000000000000001,0.6000000000000001,0.3600000000000001,2018-10,2018-11-26T01:30:00+00:00,,pseudo_real_time,
final,union,no_change,2018-12,0.0,-1.0,1.0,1.0,1.0,2018-11,2018-12-24T01:30:00+00:00,,pseudo_real_time,
final,union,historical_mean,2018-12,0.0711538461538461,-1.0,1.071153846153846,1.071153846153846,1.1473705621301775,2018-11,2018-12-24T01:30:00+00:00,,pseudo_real_time,
final,union,last_available_actual,2018-12,-0.2,-1.0,0.8,0.8,0.6400000000000001,2018-11,2018-12-24T01:30:00+00:00,,pseudo_real_time,
final,union,no_change,2019-01,0.0,-0.6,0.6,0.6,0.36,2018-12,2019-01-24T01:30:00+00:00,,pseudo_real_time,
final,union,historical_mean,2019-01,0.050943396226415,-0.6,0.6509433962264151,0.6509433962264151,0.4237273050907796,2018-12,2019-01-24T01:30:00+00:00,,pseudo_real_time,
final,union,last_available_actual,2019-01,-1.0,-0.6,-0.4,0.4,0.16,2018-12,2019-01-24T01:30:00+00:00,,pseudo_real_time,
final,union,no_change,2019-04,0.0,0.3,-0.3,0.3,0.09,2019-01,2019-04-24T01:30:00+00:00,,pseudo_real_time,
final,union,historical_mean,2019-04,0.0388888888888888,0.3,-0.2611111111111111,0.2611111111111111,0.068179012345679,2019-01,2019-04-24T01:30:00+00:00,,pseudo_real_time,
final,union,last_available_actual,2019-04,-0.6,0.3,-0.8999999999999999,0.8999999999999999,0.8099999999999998,2019-01,2019-04-24T01:30:00+00:00,,pseudo_real_time,
final,union,no_change,2019-07,0.0,-0.2,0.2,0.2,0.04,2019-04,2019-07-24T01:30:00+00:00,,pseudo_real_time,
final,union,historical_mean,2019-07,0.0436363636363636,-0.2,0.2436363636363636,0.2436363636363636,0.0593586776859504,2019-04,2019-07-24T01:30:00+00:00,,pseudo_real_time,
final,union,last_available_actual,2019-07,0.3,-0.2,0.5,0.5,0.25,2019-04,2019-07-24T01:30:00+00:00,,pseudo_real_time,
final,union,no_change,2019-08,0.0,-0.1,0.1,0.1,0.01,2019-07,2019-08-26T01:30:00+00:00,,pseudo_real_time,
final,union,historical_mean,2019-08,0.0392857142857142,-0.1,0.1392857142857143,0.1392857142857143,0.0194005102040816,2019-07,2019-08-26T01:30:00+00:00,,pseudo_real_time,
final,union,last_available_actual,2019-08,-0.2,-0.1,-0.1,0.1,0.01,2019-07,2019-08-26T01:30:00+00:00,,pseudo_real_time,
final,union,no_change,2019-09,0.0,0.1,-0.1,0.1,0.01,2019-08,2019-09-24T01:30:00+00:00,,pseudo_real_time,
final,union,historical_mean,2019-09,0.0368421052631578,0.1,-0.0631578947368421,0.0631578947368421,0.00398891966759,2019-08,2019-09-24T01:30:00+00:00,,pseudo_real_time,
final,union,last_available_actual,2019-09,-0.1,0.1,-0.2,0.2,0.04,2019-08,2019-09-24T01:30:00+00:00,,pseudo_real_time,
final,union,no_change,2019-10,0.0,0.1,-0.1,0.1,0.01,2019-09,2019-10-24T01:30:00+00:00,,pseudo_real_time,
final,union,historical_mean,2019-10,0.0379310344827586,0.1,-0.0620689655172414,0.0620689655172414,0.0038525564803805,2019-09,2019-10-24T01:30:00+00:00,,pseudo_real_time,
final,union,last_available_actual,2019-10,0.1,0.1,0.0,0.0,0.0,2019-09,2019-10-24T01:30:00+00:00,,pseudo_real_time,
final,union,no_change,2019-11,0.0,-0.1,0.1,0.1,0.01,2019-10,2019-11-25T01:30:00+00:00,,pseudo_real_time,
final,union,historical_mean,2019-11,0.0389830508474576,-0.1,0.1389830508474576,0.1389830508474576,0.0193162884228669,2019-10,2019-11-25T01:30:00+00:00,,pseudo_real_time,
final,union,last_available_actual,2019-11,0.1,-0.1,0.2,0.2,0.04,2019-10,2019-11-25T01:30:00+00:00,,pseudo_real_time,
final,union,no_change,2019-12,0.0,0.0,0.0,0.0,0.0,2019-11,2019-12-24T01:30:00+00:00,,pseudo_real_time,
final,union,historical_mean,2019-12,0.0366666666666666,0.0,0.0366666666666666,0.0366666666666666,0.0013444444444444,2019-11,2019-12-24T01:30:00+00:00,,pseudo_real_time,
final,union,last_available_actual,2019-12,-0.1,0.0,-0.1,0.1,0.01,2019-11,2019-12-24T01:30:00+00:00,,pseudo_real_time,
final,union,no_change,2020-01,0.0,0.0,0.0,0.0,0.0,2019-12,2020-01-23T01:30:00+00:00,,pseudo_real_time,
final,union,historical_mean,2020-01,0.0360655737704917,0.0,0.0360655737704917,0.0360655737704917,0.0013007256113947,2019-12,2020-01-23T01:30:00+00:00,,pseudo_real_time,
final,union,last_available_actual,2020-01,0.0,0.0,0.0,0.0,0.0,2019-12,2020-01-23T01:30:00+00:00,,pseudo_real_time,
final,union,no_change,2020-02,0.0,-0.5,0.5,0.5,0.25,2020-01,2020-02-24T01:30:00+00:00,,pseudo_real_time,
final,union,historical_mean,2020-02,0.0354838709677419,-0.5,0.535483870967742,0.535483870967742,0.2867429760665973,2020-01,2020-02-24T01:30:00+00:00,,pseudo_real_time,
final,union,last_available_actual,2020-02,0.0,-0.5,0.5,0.5,0.25,2020-01,2020-02-24T01:30:00+00:00,,pseudo_real_time,
final,union,no_change,2020-03,0.0,-1.0,1.0,1.0,1.0,2020-02,2020-03-24T01:30:00+00:00,,pseudo_real_time,
final,union,historical_mean,2020-03,0.0269841269841269,-1.0,1.0269841269841269,1.0269841269841269,1.0546963970773493,2020-02,2020-03-24T01:30:00+00:00,,pseudo_real_time,
final,union,last_available_actual,2020-03,-0.5,-1.0,0.5,0.5,0.25,2020-02,2020-03-24T01:30:00+00:00,,pseudo_real_time,
final,union,no_change,2020-04,0.0,-1.3,1.3,1.3,1.6900000000000002,2020-03,2020-04-24T01:30:00+00:00,,pseudo_real_time,
final,union,historical_mean,2020-04,0.0109374999999999,-1.3,1.3109375,1.3109375,1.7185571289062502,2020-03,2020-04-24T01:30:00+00:00,,pseudo_real_time,
final,union,last_available_actual,2020-04,-1.0,-1.3,0.3,0.3,0.09,2020-03,2020-04-24T01:30:00+00:00,,pseudo_real_time,
final,union,no_change,2020-05,0.0,-0.4,0.4,0.4,0.16,2020-04,2020-05-25T01:30:00+00:00,,pseudo_real_time,
final,union,historical_mean,2020-05,-0.0092307692307692,-0.4,0.3907692307692307,0.3907692307692307,0.1527005917159763,2020-04,2020-05-25T01:30:00+00:00,,pseudo_real_time,
final,union,last_available_actual,2020-05,-1.3,-0.4,-0.9,0.9,0.81,2020-04,2020-05-25T01:30:00+00:00,,pseudo_real_time,
final,union,no_change,2020-06,0.0,0.4,-0.4,0.4,0.16,2020-05,2020-06-24T01:30:00+00:00,,pseudo_real_time,
final,union,historical_mean,2020-06,-0.0151515151515151,0.4,-0.4151515151515151,0.4151515151515151,0.1723507805325987,2020-05,2020-06-24T01:30:00+00:00,,pseudo_real_time,
final,union,last_available_actual,2020-06,-0.4,0.4,-0.8,0.8,0.6400000000000001,2020-05,2020-06-24T01:30:00+00:00,,pseudo_real_time,
final,union,no_change,2020-07,0.0,0.4,-0.4,0.4,0.16,2020-06,2020-07-24T01:30:00+00:00,,pseudo_real_time,
final,union,historical_mean,2020-07,-0.008955223880597,0.4,-0.4089552238805971,0.4089552238805971,0.1672443751392292,2020-06,2020-07-24T01:30:00+00:00,,pseudo_real_time,
final,union,last_available_actual,2020-07,0.4,0.4,0.0,0.0,0.0,2020-06,2020-07-24T01:30:00+00:00,,pseudo_real_time,
final,union,no_change,2020-08,0.0,0.3,-0.3,0.3,0.09,2020-07,2020-08-24T01:30:00+00:00,,pseudo_real_time,
final,union,historical_mean,2020-08,-0.0029411764705882,0.3,-0.3029411764705882,0.3029411764705882,0.091773356401384,2020-07,2020-08-24T01:30:00+00:00,,pseudo_real_time,
final,union,last_available_actual,2020-08,0.4,0.3,0.1,0.1,0.01,2020-07,2020-08-24T01:30:00+00:00,,pseudo_real_time,
final,union,no_change,2020-09,0.0,0.1,-0.1,0.1,0.01,2020-08,2020-09-24T01:30:00+00:00,,pseudo_real_time,
final,union,historical_mean,2020-09,0.0014492753623188,0.1,-0.0985507246376811,0.0985507246376811,0.009712245326612,2020-08,2020-09-24T01:30:00+00:00,,pseudo_real_time,
final,union,last_available_actual,2020-09,0.3,0.1,0.1999999999999999,0.1999999999999999,0.0399999999999999,2020-08,2020-09-24T01:30:00+00:00,,pseudo_real_time,
final,union,no_change,2020-10,0.0,0.0,0.0,0.0,0.0,2020-09,2020-10-26T01:30:00+00:00,,pseudo_real_time,
final,union,historical_mean,2020-10,0.0028571428571428,0.0,0.0028571428571428,0.0028571428571428,8.163265306122379e-06,2020-09,2020-10-26T01:30:00+00:00,,pseudo_real_time,
final,union,last_available_actual,2020-10,0.1,0.0,0.1,0.1,0.01,2020-09,2020-10-26T01:30:00+00:00,,pseudo_real_time,
final,union,no_change,2020-11,0.0,0.5,-0.5,0.5,0.25,2020-10,2020-11-24T01:30:00+00:00,,pseudo_real_time,
final,union,historical_mean,2020-11,0.0028169014084506,0.5,-0.4971830985915493,0.4971830985915493,0.2471910335250942,2020-10,2020-11-24T01:30:00+00:00,,pseudo_real_time,
final,union,last_available_actual,2020-11,0.0,0.5,-0.5,0.5,0.25,2020-10,2020-11-24T01:30:00+00:00,,pseudo_real_time,
final,union,no_change,2020-12,0.0,1.1,-1.1,1.1,1.2100000000000002,2020-11,2020-12-24T01:30:00+00:00,,pseudo_real_time,
final,union,historical_mean,2020-12,0.0097222222222222,1.1,-1.090277777777778,1.090277777777778,1.1887056327160497,2020-11,2020-12-24T01:30:00+00:00,,pseudo_real_time,
final,union,last_available_actual,2020-12,0.5,1.1,-0.6000000000000001,0.6000000000000001,0.3600000000000001,2020-11,2020-12-24T01:30:00+00:00,,pseudo_real_time,
final,union,no_change,2021-01,0.0,1.0,-1.0,1.0,1.0,2020-12,2021-01-25T01:30:00+00:00,,pseudo_real_time,
final,union,historical_mean,2021-01,0.0246575342465753,1.0,-0.9753424657534246,0.9753424657534246,0.9512929255019704,2020-12,2021-01-25T01:30:00+00:00,,pseudo_real_time,
final,union,last_available_actual,2021-01,1.1,1.0,0.1,0.1,0.01,2020-12,2021-01-25T01:30:00+00:00,,pseudo_real_time,
final,union,no_change,2021-04,0.0,0.9,-0.9,0.9,0.81,2021-01,2021-04-25T01:30:00+00:00,,pseudo_real_time,
final,union,historical_mean,2021-04,0.0378378378378378,0.9,-0.8621621621621622,0.8621621621621622,0.7433235938641345,2021-01,2021-04-25T01:30:00+00:00,,pseudo_real_time,
final,union,last_available_actual,2021-04,1.0,0.9,0.0999999999999999,0.0999999999999999,0.0099999999999999,2021-01,2021-04-25T01:30:00+00:00,,pseudo_real_time,
final,union,no_change,2021-05,0.0,1.6,-1.6,1.6,2.5600000000000005,2021-04,2021-05-24T01:30:00+00:00,,pseudo_real_time,
final,union,historical_mean,2021-05,0.0493333333333333,1.6,-1.5506666666666669,1.5506666666666669,2.4045671111111115,2021-04,2021-05-24T01:30:00+00:00,,pseudo_real_time,
final,union,last_available_actual,2021-05,0.9,1.6,-0.7000000000000001,0.7000000000000001,0.4900000000000001,2021-04,2021-05-24T01:30:00+00:00,,pseudo_real_time,
final,union,no_change,2021-06,0.0,0.3,-0.3,0.3,0.09,2021-05,2021-06-24T01:30:00+00:00,,pseudo_real_time,
final,union,historical_mean,2021-06,0.0697368421052631,0.3,-0.2302631578947368,0.2302631578947368,0.0530211218836565,2021-05,2021-06-24T01:30:00+00:00,,pseudo_real_time,
final,union,last_available_actual,2021-06,1.6,0.3,1.3,1.3,1.6900000000000002,2021-05,2021-06-24T01:30:00+00:00,,pseudo_real_time,
final,union,no_change,2021-07,0.0,0.5,-0.5,0.5,0.25,2021-06,2021-07-26T01:30:00+00:00,,pseudo_real_time,
final,union,historical_mean,2021-07,0.0727272727272727,0.5,-0.4272727272727273,0.4272727272727273,0.1825619834710744,2021-06,2021-07-26T01:30:00+00:00,,pseudo_real_time,
final,union,last_available_actual,2021-07,0.3,0.5,-0.2,0.2,0.04,2021-06,2021-07-26T01:30:00+00:00,,pseudo_real_time,
final,union,no_change,2021-08,0.0,0.7,-0.7,0.7,0.4899999999999999,2021-07,2021-08-24T01:30:00+00:00,,pseudo_real_time,
final,union,historical_mean,2021-08,0.0782051282051281,0.7,-0.6217948717948718,0.6217948717948718,0.3866288625904011,2021-07,2021-08-24T01:30:00+00:00,,pseudo_real_time,
final,union,last_available_actual,2021-08,0.5,0.7,-0.1999999999999999,0.1999999999999999,0.0399999999999999,2021-07,2021-08-24T01:30:00+00:00,,pseudo_real_time,
final,union,no_change,2021-09,0.0,1.2,-1.2,1.2,1.44,2021-08,2021-09-24T01:30:00+00:00,,pseudo_real_time,
final,union,historical_mean,2021-09,0.0860759493670886,1.2,-1.1139240506329111,1.1139240506329111,1.2408267905784327,2021-08,2021-09-24T01:30:00+00:00,,pseudo_real_time,
final,union,last_available_actual,2021-09,0.7,1.2,-0.5,0.5,0.25,2021-08,2021-09-24T01:30:00+00:00,,pseudo_real_time,
final,union,no_change,2021-10,0.0,2.5,-2.5,2.5,6.25,2021-09,2021-10-25T01:30:00+00:00,,pseudo_real_time,
final,union,historical_mean,2021-10,0.0999999999999999,2.5,-2.4,2.4,5.76,2021-09,2021-10-25T01:30:00+00:00,,pseudo_real_time,
final,union,last_available_actual,2021-10,1.2,2.5,-1.3,1.3,1.6900000000000002,2021-09,2021-10-25T01:30:00+00:00,,pseudo_real_time,
final,union,no_change,2021-11,0.0,0.0,0.0,0.0,0.0,2021-10,2021-11-24T01:30:00+00:00,,pseudo_real_time,
final,union,historical_mean,2021-11,0.1296296296296296,0.0,0.1296296296296296,0.1296296296296296,0.0168038408779149,2021-10,2021-11-24T01:30:00+00:00,,pseudo_real_time,
final,union,last_available_actual,2021-11,2.5,0.0,2.5,2.5,6.25,2021-10,2021-11-24T01:30:00+00:00,,pseudo_real_time,
final,union,no_change,2021-12,0.0,-1.2,1.2,1.2,1.44,2021-11,2021-12-24T01:30:00+00:00,,pseudo_real_time,
final,union,historical_mean,2021-12,0.1280487804878048,-1.2,1.328048780487805,1.328048780487805,1.763713563355146,2021-11,2021-12-24T01:30:00+00:00,,pseudo_real_time,
final,union,last_available_actual,2021-12,0.0,-1.2,1.2,1.2,1.44,2021-11,2021-12-24T01:30:00+00:00,,pseudo_real_time,
final,union,no_change,2022-01,0.0,-0.2,0.2,0.2,0.04,2021-12,2022-01-24T01:30:00+00:00,,pseudo_real_time,
final,union,historical_mean,2022-01,0.1120481927710843,-0.2,0.3120481927710843,0.3120481927710843,0.0973740746116998,2021-12,2022-01-24T01:30:00+00:00,,pseudo_real_time,
final,union,last_available_actual,2022-01,-1.2,-0.2,-1.0,1.0,1.0,2021-12,2022-01-24T01:30:00+00:00,,pseudo_real_time,
final,union,no_change,2022-04,0.0,0.6,-0.6,0.6,0.36,2022-01,2022-04-24T01:30:00+00:00,,pseudo_real_time,
final,union,historical_mean,2022-04,0.1083333333333333,0.6,-0.4916666666666666,0.4916666666666666,0.2417361111111111,2022-01,2022-04-24T01:30:00+00:00,,pseudo_real_time,
final,union,last_available_actual,2022-04,-0.2,0.6,-0.8,0.8,0.6400000000000001,2022-01,2022-04-24T01:30:00+00:00,,pseudo_real_time,
final,union,no_change,2022-05,0.0,0.1,-0.1,0.1,0.01,2022-04,2022-05-24T01:30:00+00:00,,pseudo_real_time,
final,union,historical_mean,2022-05,0.1141176470588235,0.1,0.0141176470588235,0.0141176470588235,0.0001993079584775,2022-04,2022-05-24T01:30:00+00:00,,pseudo_real_time,
final,union,last_available_actual,2022-05,0.6,0.1,0.5,0.5,0.25,2022-04,2022-05-24T01:30:00+00:00,,pseudo_real_time,
final,union,no_change,2022-06,0.0,0.0,0.0,0.0,0.0,2022-05,2022-06-24T01:30:00+00:00,,pseudo_real_time,
final,union,historical_mean,2022-06,0.113953488372093,0.0,0.113953488372093,0.113953488372093,0.0129853975121687,2022-05,2022-06-24T01:30:00+00:00,,pseudo_real_time,
final,union,last_available_actual,2022-06,0.1,0.0,0.1,0.1,0.01,2022-05,2022-06-24T01:30:00+00:00,,pseudo_real_time,
final,union,no_change,2022-07,0.0,-1.3,1.3,1.3,1.6900000000000002,2022-06,2022-07-24T01:30:00+00:00,,pseudo_real_time,
final,union,historical_mean,2022-07,0.1126436781609195,-1.3,1.4126436781609195,1.4126436781609195,1.9955621614480117,2022-06,2022-07-24T01:30:00+00:00,,pseudo_real_time,
final,union,last_available_actual,2022-07,0.0,-1.3,1.3,1.3,1.6900000000000002,2022-06,2022-07-24T01:30:00+00:00,,pseudo_real_time,
final,union,no_change,2022-08,0.0,-1.2,1.2,1.2,1.44,2022-07,2022-08-24T01:30:00+00:00,,pseudo_real_time,
final,union,historical_mean,2022-08,0.096590909090909,-1.2,1.2965909090909091,1.2965909090909091,1.6811479855371902,2022-07,2022-08-24T01:30:00+00:00,,pseudo_real_time,
final,union,last_available_actual,2022-08,-1.3,-1.2,-0.1,0.1,0.01,2022-07,2022-08-24T01:30:00+00:00,,pseudo_real_time,
final,union,no_change,2022-09,0.0,-0.1,0.1,0.1,0.01,2022-08,2022-09-24T01:30:00+00:00,,pseudo_real_time,
final,union,historical_mean,2022-09,0.0820224719101123,-0.1,0.1820224719101123,0.1820224719101123,0.0331321802802676,2022-08,2022-09-24T01:30:00+00:00,,pseudo_real_time,
final,union,last_available_actual,2022-09,-1.2,-0.1,-1.1,1.1,1.2099999999999995,2022-08,2022-09-24T01:30:00+00:00,,pseudo_real_time,
final,union,no_change,2022-10,0.0,0.2,-0.2,0.2,0.04,2022-09,2022-10-24T01:30:00+00:00,,pseudo_real_time,
final,union,historical_mean,2022-10,0.08,0.2,-0.12,0.12,0.0144,2022-09,2022-10-24T01:30:00+00:00,,pseudo_real_time,
final,union,last_available_actual,2022-10,-0.1,0.2,-0.3,0.3,0.09,2022-09,2022-10-24T01:30:00+00:00,,pseudo_real_time,
final,union,no_change,2022-11,0.0,0.1,-0.1,0.1,0.01,2022-10,2022-11-24T01:30:00+00:00,,pseudo_real_time,
final,union,historical_mean,2022-11,0.0813186813186813,0.1,-0.0186813186813186,0.0186813186813186,0.0003489916676729,2022-10,2022-11-24T01:30:00+00:00,,pseudo_real_time,
final,union,last_available_actual,2022-11,0.2,0.1,0.1,0.1,0.01,2022-10,2022-11-24T01:30:00+00:00,,pseudo_real_time,
final,union,no_change,2022-12,0.0,-0.5,0.5,0.5,0.25,2022-11,2022-12-24T01:30:00+00:00,,pseudo_real_time,
final,union,historical_mean,2022-12,0.0815217391304347,-0.5,0.5815217391304348,0.5815217391304348,0.3381675330812855,2022-11,2022-12-24T01:30:00+00:00,,pseudo_real_time,
final,union,last_available_actual,2022-12,0.1,-0.5,0.6,0.6,0.36,2022-11,2022-12-24T01:30:00+00:00,,pseudo_real_time,
final,union,no_change,2023-01,0.0,-0.4,0.4,0.4,0.16,2022-12,2023-01-24T01:30:00+00:00,,pseudo_real_time,
final,union,historical_mean,2023-01,0.075268817204301,-0.4,0.4752688172043011,0.4752688172043011,0.2258804486067753,2022-12,2023-01-24T01:30:00+00:00,,pseudo_real_time,
final,union,last_available_actual,2023-01,-0.5,-0.4,-0.0999999999999999,0.0999999999999999,0.0099999999999999,2022-12,2023-01-24T01:30:00+00:00,,pseudo_real_time,
final,union,no_change,2023-02,0.0,0.0,0.0,0.0,0.0,2023-01,2023-02-24T01:30:00+00:00,,pseudo_real_time,
final,union,historical_mean,2023-02,0.0702127659574468,0.0,0.0702127659574468,0.0702127659574468,0.0049298325033952,2023-01,2023-02-24T01:30:00+00:00,,pseudo_real_time,
final,union,last_available_actual,2023-02,-0.4,0.0,-0.4,0.4,0.16,2023-01,2023-02-24T01:30:00+00:00,,pseudo_real_time,
final,union,no_change,2023-03,0.0,0.0,0.0,0.0,0.0,2023-02,2023-03-24T01:30:00+00:00,,pseudo_real_time,
final,union,historical_mean,2023-03,0.0694736842105263,0.0,0.0694736842105263,0.0694736842105263,0.0048265927977839,2023-02,2023-03-24T01:30:00+00:00,,pseudo_real_time,
final,union,last_available_actual,2023-03,0.0,0.0,0.0,0.0,0.0,2023-02,2023-03-24T01:30:00+00:00,,pseudo_real_time,
final,union,no_change,2023-04,0.0,-0.5,0.5,0.5,0.25,2023-03,2023-04-24T01:30:00+00:00,,pseudo_real_time,
final,union,historical_mean,2023-04,0.0687499999999999,-0.5,0.56875,0.56875,0.3234765624999999,2023-03,2023-04-24T01:30:00+00:00,,pseudo_real_time,
final,union,last_available_actual,2023-04,0.0,-0.5,0.5,0.5,0.25,2023-03,2023-04-24T01:30:00+00:00,,pseudo_real_time,
final,union,no_change,2023-05,0.0,-0.9,0.9,0.9,0.81,2023-04,2023-05-24T01:30:00+00:00,,pseudo_real_time,
final,union,historical_mean,2023-05,0.0628865979381443,-0.9,0.9628865979381444,0.9628865979381444,0.9271506004888936,2023-04,2023-05-24T01:30:00+00:00,,pseudo_real_time,
final,union,last_available_actual,2023-05,-0.5,-0.9,0.4,0.4,0.16,2023-04,2023-05-24T01:30:00+00:00,,pseudo_real_time,
final,union,no_change,2023-06,0.0,-0.8,0.8,0.8,0.6400000000000001,2023-05,2023-06-24T01:30:00+00:00,,pseudo_real_time,
final,union,historical_mean,2023-06,0.0530612244897959,-0.8,0.8530612244897959,0.8530612244897959,0.72771345272803,2023-05,2023-06-24T01:30:00+00:00,,pseudo_real_time,
final,union,last_available_actual,2023-06,-0.9,-0.8,-0.0999999999999999,0.0999999999999999,0.0099999999999999,2023-05,2023-06-24T01:30:00+00:00,,pseudo_real_time,
final,union,no_change,2023-07,0.0,-0.2,0.2,0.2,0.04,2023-06,2023-07-24T01:30:00+00:00,,pseudo_real_time,
final,union,historical_mean,2023-07,0.0444444444444444,-0.2,0.2444444444444444,0.2444444444444444,0.059753086419753,2023-06,2023-07-24T01:30:00+00:00,,pseudo_real_time,
final,union,last_available_actual,2023-07,-0.8,-0.2,-0.6000000000000001,0.6000000000000001,0.3600000000000001,2023-06,2023-07-24T01:30:00+00:00,,pseudo_real_time,
final,union,no_change,2023-08,0.0,0.2,-0.2,0.2,0.04,2023-07,2023-08-24T01:30:00+00:00,,pseudo_real_time,
final,union,historical_mean,2023-08,0.0419999999999999,0.2,-0.158,0.158,0.024964,2023-07,2023-08-24T01:30:00+00:00,,pseudo_real_time,
final,union,last_available_actual,2023-08,-0.2,0.2,-0.4,0.4,0.16,2023-07,2023-08-24T01:30:00+00:00,,pseudo_real_time,
final,union,no_change,2023-09,0.0,0.4,-0.4,0.4,0.16,2023-08,2023-09-24T01:30:00+00:00,,pseudo_real_time,
final,union,historical_mean,2023-09,0.0435643564356435,0.4,-0.3564356435643565,0.3564356435643565,0.1270463680031369,2023-08,2023-09-24T01:30:00+00:00,,pseudo_real_time,
final,union,last_available_actual,2023-09,0.2,0.4,-0.2,0.2,0.04,2023-08,2023-09-24T01:30:00+00:00,,pseudo_real_time,
final,union,no_change,2023-10,0.0,0.0,0.0,0.0,0.0,2023-09,2023-10-24T01:30:00+00:00,,pseudo_real_time,
final,union,historical_mean,2023-10,0.0470588235294117,0.0,0.0470588235294117,0.0470588235294117,0.0022145328719723,2023-09,2023-10-24T01:30:00+00:00,,pseudo_real_time,
final,union,last_available_actual,2023-10,0.4,0.0,0.4,0.4,0.16,2023-09,2023-10-24T01:30:00+00:00,,pseudo_real_time,
final,union,no_change,2023-11,0.0,-0.3,0.3,0.3,0.09,2023-10,2023-11-24T01:30:00+00:00,,pseudo_real_time,
final,union,historical_mean,2023-11,0.0466019417475728,-0.3,0.3466019417475728,0.3466019417475728,0.1201329060231878,2023-10,2023-11-24T01:30:00+00:00,,pseudo_real_time,
final,union,last_available_actual,2023-11,0.0,-0.3,0.3,0.3,0.09,2023-10,2023-11-24T01:30:00+00:00,,pseudo_real_time,
final,union,no_change,2023-12,0.0,-0.3,0.3,0.3,0.09,2023-11,2023-12-24T01:30:00+00:00,,pseudo_real_time,
final,union,historical_mean,2023-12,0.0432692307692307,-0.3,0.3432692307692307,0.3432692307692307,0.1178337647928994,2023-11,2023-12-24T01:30:00+00:00,,pseudo_real_time,
final,union,last_available_actual,2023-12,-0.3,-0.3,0.0,0.0,0.0,2023-11,2023-12-24T01:30:00+00:00,,pseudo_real_time,
final,union,no_change,2024-01,0.0,-0.2,0.2,0.2,0.04,2023-12,2024-01-24T01:30:00+00:00,,pseudo_real_time,
final,union,historical_mean,2024-01,0.0399999999999999,-0.2,0.24,0.24,0.0576,2023-12,2024-01-24T01:30:00+00:00,,pseudo_real_time,
final,union,last_available_actual,2024-01,-0.3,-0.2,-0.0999999999999999,0.0999999999999999,0.0099999999999999,2023-12,2024-01-24T01:30:00+00:00,,pseudo_real_time,
final,union,no_change,2024-04,0.0,-0.2,0.2,0.2,0.04,2024-01,2024-04-24T01:30:00+00:00,,pseudo_real_time,
final,union,historical_mean,2024-04,0.0377358490566037,-0.2,0.2377358490566037,0.2377358490566037,0.0565183339266643,2024-01,2024-04-24T01:30:00+00:00,,pseudo_real_time,
final,union,last_available_actual,2024-04,-0.2,-0.2,0.0,0.0,0.0,2024-01,2024-04-24T01:30:00+00:00,,pseudo_real_time,
final,union,no_change,2024-05,0.0,0.2,-0.2,0.2,0.04,2024-04,2024-05-24T01:30:00+00:00,,pseudo_real_time,
final,union,historical_mean,2024-05,0.0355140186915887,0.2,-0.1644859813084112,0.1644859813084112,0.027055638046991,2024-04,2024-05-24T01:30:00+00:00,,pseudo_real_time,
final,union,last_available_actual,2024-05,-0.2,0.2,-0.4,0.4,0.16,2024-04,2024-05-24T01:30:00+00:00,,pseudo_real_time,
final,union,no_change,2024-06,0.0,0.1,-0.1,0.1,0.01,2024-05,2024-06-24T01:30:00+00:00,,pseudo_real_time,
final,union,historical_mean,2024-06,0.037037037037037,0.1,-0.0629629629629629,0.0629629629629629,0.0039643347050754,2024-05,2024-06-24T01:30:00+00:00,,pseudo_real_time,
final,union,last_available_actual,2024-06,0.2,0.1,0.1,0.1,0.01,2024-05,2024-06-24T01:30:00+00:00,,pseudo_real_time,
final,union,no_change,2024-07,0.0,-0.2,0.2,0.2,0.04,2024-06,2024-07-24T01:30:00+00:00,,pseudo_real_time,
final,union,historical_mean,2024-07,0.0376146788990825,-0.2,0.2376146788990825,0.2376146788990825,0.0564607356283141,2024-06,2024-07-24T01:30:00+00:00,,pseudo_real_time,
final,union,last_available_actual,2024-07,0.1,-0.2,0.3,0.3,0.09,2024-06,2024-07-24T01:30:00+00:00,,pseudo_real_time,
final,union,no_change,2024-08,0.0,-0.7,0.7,0.7,0.4899999999999999,2024-07,2024-08-24T01:30:00+00:00,,pseudo_real_time,
final,union,historical_mean,2024-08,0.0354545454545454,-0.7,0.7354545454545454,0.7354545454545454,0.5408933884297519,2024-07,2024-08-24T01:30:00+00:00,,pseudo_real_time,
final,union,last_available_actual,2024-08,-0.2,-0.7,0.4999999999999999,0.4999999999999999,0.2499999999999999,2024-07,2024-08-24T01:30:00+00:00,,pseudo_real_time,
final,union,no_change,2024-09,0.0,-0.6,0.6,0.6,0.36,2024-08,2024-09-24T01:30:00+00:00,,pseudo_real_time,
final,union,historical_mean,2024-09,0.0288288288288288,-0.6,0.6288288288288287,0.6288288288288287,0.3954256959662364,2024-08,2024-09-24T01:30:00+00:00,,pseudo_real_time,
final,union,last_available_actual,2024-09,-0.7,-0.6,-0.0999999999999999,0.0999999999999999,0.0099999999999999,2024-08,2024-09-24T01:30:00+00:00,,pseudo_real_time,
final,union,no_change,2024-10,0.0,-0.1,0.1,0.1,0.01,2024-09,2024-10-24T01:30:00+00:00,,pseudo_real_time,
final,union,historical_mean,2024-10,0.0232142857142857,-0.1,0.1232142857142857,0.1232142857142857,0.0151817602040816,2024-09,2024-10-24T01:30:00+00:00,,pseudo_real_time,
final,union,last_available_actual,2024-10,-0.6,-0.1,-0.5,0.5,0.25,2024-09,2024-10-24T01:30:00+00:00,,pseudo_real_time,
final,union,no_change,2024-11,0.0,-0.1,0.1,0.1,0.01,2024-10,2024-11-24T01:30:00+00:00,,pseudo_real_time,
final,union,historical_mean,2024-11,0.0221238938053097,-0.1,0.1221238938053097,0.1221238938053097,0.0149142454381705,2024-10,2024-11-24T01:30:00+00:00,,pseudo_real_time,
final,union,last_available_actual,2024-11,-0.1,-0.1,0.0,0.0,0.0,2024-10,2024-11-24T01:30:00+00:00,,pseudo_real_time,
final,union,no_change,2024-12,0.0,-0.1,0.1,0.1,0.01,2024-11,2024-12-24T01:30:00+00:00,,pseudo_real_time,
final,union,historical_mean,2024-12,0.0210526315789473,-0.1,0.1210526315789473,0.1210526315789473,0.0146537396121883,2024-11,2024-12-24T01:30:00+00:00,,pseudo_real_time,
final,union,last_available_actual,2024-12,-0.1,-0.1,0.0,0.0,0.0,2024-11,2024-12-24T01:30:00+00:00,,pseudo_real_time,
final,union,no_change,2025-01,0.0,-0.2,0.2,0.2,0.04,2024-12,2025-01-24T01:30:00+00:00,,pseudo_real_time,
final,union,historical_mean,2025-01,0.0199999999999999,-0.2,0.22,0.22,0.0484,2024-12,2025-01-24T01:30:00+00:00,,pseudo_real_time,
final,union,last_available_actual,2025-01,-0.1,-0.2,0.1,0.1,0.01,2024-12,2025-01-24T01:30:00+00:00,,pseudo_real_time,
final,union,no_change,2025-02,0.0,-0.1,0.1,0.1,0.01,2025-01,2025-02-24T01:30:00+00:00,,pseudo_real_time,
final,union,historical_mean,2025-02,0.018103448275862,-0.1,0.118103448275862,0.118103448275862,0.0139484244946492,2025-01,2025-02-24T01:30:00+00:00,,pseudo_real_time,
final,union,last_available_actual,2025-02,-0.2,-0.1,-0.1,0.1,0.01,2025-01,2025-02-24T01:30:00+00:00,,pseudo_real_time,
final,union,no_change,2025-03,0.0,-0.4,0.4,0.4,0.16,2025-02,2025-03-24T01:30:00+00:00,,pseudo_real_time,
final,union,historical_mean,2025-03,0.017094017094017,-0.4,0.4170940170940171,0.4170940170940171,0.1739674190956242,2025-02,2025-03-24T01:30:00+00:00,,pseudo_real_time,
final,union,last_available_actual,2025-03,-0.1,-0.4,0.3,0.3,0.09,2025-02,2025-03-24T01:30:00+00:00,,pseudo_real_time,
final,union,no_change,2025-04,0.0,-0.4,0.4,0.4,0.16,2025-03,2025-04-24T01:30:00+00:00,,pseudo_real_time,
final,union,historical_mean,2025-04,0.0135593220338982,-0.4,0.4135593220338983,0.4135593220338983,0.1710313128411376,2025-03,2025-04-24T01:30:00+00:00,,pseudo_real_time,
final,union,last_available_actual,2025-04,-0.4,-0.4,0.0,0.0,0.0,2025-03,2025-04-24T01:30:00+00:00,,pseudo_real_time,
final,union,no_change,2025-05,0.0,-0.4,0.4,0.4,0.16,2025-04,2025-05-24T01:30:00+00:00,,pseudo_real_time,
final,union,historical_mean,2025-05,0.0100840336134453,-0.4,0.4100840336134453,0.4100840336134453,0.1681689146246734,2025-04,2025-05-24T01:30:00+00:00,,pseudo_real_time,
final,union,last_available_actual,2025-05,-0.4,-0.4,0.0,0.0,0.0,2025-04,2025-05-24T01:30:00+00:00,,pseudo_real_time,
final,union,no_change,2025-06,0.0,-0.4,0.4,0.4,0.16,2025-05,2025-06-24T01:30:00+00:00,,pseudo_real_time,
final,union,historical_mean,2025-06,0.0066666666666666,-0.4,0.4066666666666667,0.4066666666666667,0.1653777777777778,2025-05,2025-06-24T01:30:00+00:00,,pseudo_real_time,
final,union,last_available_actual,2025-06,-0.4,-0.4,0.0,0.0,0.0,2025-05,2025-06-24T01:30:00+00:00,,pseudo_real_time,
final,union,no_change,2025-07,0.0,-0.2,0.2,0.2,0.04,2025-06,2025-07-24T01:30:00+00:00,,pseudo_real_time,
final,union,historical_mean,2025-07,0.0033057851239669,-0.2,0.2033057851239669,0.2033057851239669,0.0413332422648726,2025-06,2025-07-24T01:30:00+00:00,,pseudo_real_time,
final,union,last_available_actual,2025-07,-0.4,-0.2,-0.2,0.2,0.04,2025-06,2025-07-24T01:30:00+00:00,,pseudo_real_time,
final,union,no_change,2025-08,0.0,0.0,0.0,0.0,0.0,2025-07,2025-08-24T01:30:00+00:00,,pseudo_real_time,
final,union,historical_mean,2025-08,0.001639344262295,0.0,0.001639344262295,0.001639344262295,2.687449610319765e-06,2025-07,2025-08-24T01:30:00+00:00,,pseudo_real_time,
final,union,last_available_actual,2025-08,-0.2,0.0,-0.2,0.2,0.04,2025-07,2025-08-24T01:30:00+00:00,,pseudo_real_time,
final,union,no_change,2025-09,0.0,0.0,0.0,0.0,0.0,2025-08,2025-09-24T01:30:00+00:00,,pseudo_real_time,
final,union,historical_mean,2025-09,0.0016260162601625,0.0,0.0016260162601625,0.0016260162601625,2.643928878313133e-06,2025-08,2025-09-24T01:30:00+00:00,,pseudo_real_time,
final,union,last_available_actual,2025-09,0.0,0.0,0.0,0.0,0.0,2025-08,2025-09-24T01:30:00+00:00,,pseudo_real_time,
final,union,no_change,2025-12,0.0,0.2,-0.2,0.2,0.04,2025-09,2025-12-24T01:30:00+00:00,,pseudo_real_time,
final,union,historical_mean,2025-12,0.0016129032258064,0.2,-0.1983870967741935,0.1983870967741935,0.0393574401664932,2025-09,2025-12-24T01:30:00+00:00,,pseudo_real_time,
final,union,last_available_actual,2025-12,0.0,0.2,-0.2,0.2,0.04,2025-09,2025-12-24T01:30:00+00:00,,pseudo_real_time,
final,union,no_change,2026-01,0.0,0.4,-0.4,0.4,0.16,2025-12,2026-01-24T01:30:00+00:00,,pseudo_real_time,
final,union,historical_mean,2026-01,0.0031999999999999,0.4,-0.3968,0.3968,0.15745024,2025-12,2026-01-24T01:30:00+00:00,,pseudo_real_time,
final,union,last_available_actual,2026-01,0.2,0.4,-0.2,0.2,0.04,2025-12,2026-01-24T01:30:00+00:00,,pseudo_real_time,
final,union,no_change,2026-04,0.0,1.7,-1.7,1.7,2.89,2026-01,2026-04-24T01:30:00+00:00,,pseudo_real_time,
final,union,historical_mean,2026-04,0.0063492063492063,1.7,-1.6936507936507936,1.6936507936507936,2.868453010833963,2026-01,2026-04-24T01:30:00+00:00,,pseudo_real_time,
final,union,last_available_actual,2026-04,0.4,1.7,-1.2999999999999998,1.2999999999999998,1.6899999999999995,2026-01,2026-04-24T01:30:00+00:00,,pseudo_real_time,
final,union,no_change,2026-05,0.0,0.5,-0.5,0.5,0.25,2026-04,2026-05-24T01:30:00+00:00,,pseudo_real_time,
final,union,historical_mean,2026-05,0.0196850393700787,0.5,-0.4803149606299213,0.4803149606299213,0.2307024614049228,2026-04,2026-05-24T01:30:00+00:00,,pseudo_real_time,
final,union,last_available_actual,2026-05,1.7,0.5,1.2,1.2,1.44,2026-04,2026-05-24T01:30:00+00:00,,pseudo_real_time,
final,union,no_change,2026-06,0.0,-0.3,0.3,0.3,0.09,2026-05,2026-06-24T01:30:00+00:00,,pseudo_real_time,
final,union,historical_mean,2026-06,0.0234374999999999,-0.3,0.3234375,0.3234375,0.1046118164062499,2026-05,2026-06-24T01:30:00+00:00,,pseudo_real_time,
final,union,last_available_actual,2026-06,0.5,-0.3,0.8,0.8,0.6400000000000001,2026-05,2026-06-24T01:30:00+00:00,,pseudo_real_time,
final,union,no_change,2026-07,0.0,-0.7,0.7,0.7,0.4899999999999999,2026-06,2026-07-24T01:30:00+00:00,,pseudo_real_time,
final,union,historical_mean,2026-07,0.0209302325581395,-0.7,0.7209302325581395,0.7209302325581395,0.519740400216333,2026-06,2026-07-24T01:30:00+00:00,,pseudo_real_time,
final,union,last_available_actual,2026-07,-0.3,-0.7,0.3999999999999999,0.3999999999999999,0.1599999999999999,2026-06,2026-07-24T01:30:00+00:00,,pseudo_real_time,
final,union,no_change,2026-08,0.0,0.4,-0.4,0.4,0.16,2026-07,2026-08-24T01:30:00+00:00,,pseudo_real_time,
final,union,historical_mean,2026-08,0.0153846153846153,0.4,-0.3846153846153846,0.3846153846153846,0.1479289940828402,2026-07,2026-08-24T01:30:00+00:00,,pseudo_real_time,
final,union,last_available_actual,2026-08,-0.7,0.4,-1.1,1.1,1.2100000000000002,2026-07,2026-08-24T01:30:00+00:00,,pseudo_real_time,
early,union,histgb,2016-04,-0.34028241400158,0.7,-1.04028241400158,1.04028241400158,1.0821875008809547,2016-01,2016-04-14T01:30:00+00:00,25.0,pseudo_real_time,
early,union,histgb,2016-05,-0.2964691063829546,0.5,-0.7964691063829547,0.7964691063829547,0.6343630374224624,2016-04,2016-05-16T01:30:00+00:00,25.0,pseudo_real_time,
early,union,histgb,2016-06,-0.2074303090187304,-0.2,-0.0074303090187304,0.0074303090187304,5.520949211382635e-05,2016-05,2016-06-14T01:30:00+00:00,5.0,pseudo_real_time,
early,union,histgb,2016-07,-0.0751081322162999,0.2,-0.2751081322163,0.2751081322163,0.0756844844115411,2016-06,2016-07-14T01:30:00+00:00,5.0,pseudo_real_time,
early,union,histgb,2016-08,-0.1731371157949396,0.2,-0.3731371157949397,0.3731371157949397,0.1392313071837662,2016-07,2016-08-15T01:30:00+00:00,25.0,pseudo_real_time,
early,union,histgb,2016-09,-0.0943511908787758,0.5,-0.5943511908787759,0.5943511908787759,0.353253338099019,2016-08,2016-09-14T01:30:00+00:00,25.0,pseudo_real_time,
early,union,histgb,2016-10,-0.0093688998768804,0.7,-0.7093688998768803,0.7093688998768803,0.5032042361125355,2016-08,2016-10-14T01:30:00+00:00,25.0,pseudo_real_time,
early,union,histgb,2016-11,0.3327161401261558,1.5,-1.1672838598738442,1.1672838598738442,1.3625516095219803,2016-10,2016-11-14T01:30:00+00:00,5.0,pseudo_real_time,
early,union,histgb,2016-12,0.5446028730709513,1.6,-1.0553971269290487,1.0553971269290487,1.1138630955300906,2016-11,2016-12-14T01:30:00+00:00,5.0,pseudo_real_time,
early,union,histgb,2017-01,0.7069847157306296,0.8,-0.0930152842693704,0.0930152842693704,0.0086518431077117,2016-12,2017-01-16T01:30:00+00:00,5.0,pseudo_real_time,
early,union,histgb,2017-02,0.4215896397242465,0.6,-0.1784103602757534,0.1784103602757534,0.0318302566537241,2016-12,2017-02-14T01:30:00+00:00,5.0,pseudo_real_time,
early,union,histgb,2017-03,0.5335241075173038,0.3,0.2335241075173038,0.2335241075173038,0.0545335087917532,2017-02,2017-03-14T01:30:00+00:00,25.0,pseudo_real_time,
early,union,histgb,2017-04,-0.1366596642297212,-0.4,0.2633403357702787,0.2633403357702787,0.0693481324436031,2017-03,2017-04-14T01:30:00+00:00,25.0,pseudo_real_time,
early,union,histgb,2017-05,-0.3802039028513327,-0.3,-0.0802039028513327,0.0802039028513327,0.006432666032586,2017-04,2017-05-15T01:30:00+00:00,5.0,pseudo_real_time,
early,union,histgb,2017-06,-0.1129869765643834,-0.2,0.0870130234356165,0.0870130234356165,0.0075712662474071,2017-05,2017-06-14T01:30:00+00:00,5.0,pseudo_real_time,
early,union,histgb,2017-07,0.4841575558685001,0.2,0.2841575558685001,0.2841575558685001,0.0807455165571597,2017-06,2017-07-14T01:30:00+00:00,5.0,pseudo_real_time,
early,union,histgb,2017-08,0.6470288906091886,0.9,-0.2529711093908114,0.2529711093908114,0.0639943821864179,2017-07,2017-08-14T01:30:00+00:00,5.0,pseudo_real_time,
early,union,histgb,2017-09,0.7141989303530647,1.0,-0.2858010696469353,0.2858010696469353,0.0816822514113323,2017-08,2017-09-14T01:30:00+00:00,5.0,pseudo_real_time,
early,union,histgb,2017-10,0.3554977854250444,0.7,-0.3445022145749555,0.3445022145749555,0.1186817758470486,2017-08,2017-10-16T01:30:00+00:00,5.0,pseudo_real_time,
early,union,histgb,2017-11,0.1789966850965789,0.5,-0.321003314903421,0.321003314903421,0.1030431281789849,2017-10,2017-11-14T01:30:00+00:00,5.0,pseudo_real_time,
early,union,histgb,2017-12,0.3729945432979734,0.8,-0.4270054567020266,0.4270054567020266,0.1823336600533063,2017-11,2017-12-14T01:30:00+00:00,5.0,pseudo_real_time,
early,union,histgb,2018-01,-0.1640529155267888,0.3,-0.4640529155267888,0.4640529155267888,0.215345108408913,2017-12,2018-01-15T01:30:00+00:00,5.0,pseudo_real_time,
early,union,histgb,2018-02,-0.2786770146667338,-0.1,-0.1786770146667338,0.1786770146667338,0.0319254755702162,2018-01,2018-02-14T01:30:00+00:00,5.0,pseudo_real_time,
early,union,histgb,2018-03,0.4111459970449322,-0.2,0.6111459970449322,0.6111459970449322,0.3734994297040443,2018-02,2018-03-14T01:30:00+00:00,5.0,pseudo_real_time,
early,union,histgb,2018-04,-0.3160211287162147,-0.2,-0.1160211287162147,0.1160211287162147,0.0134609023085844,2018-03,2018-04-16T01:30:00+00:00,5.0,pseudo_real_time,
early,union,histgb,2018-05,-0.0521808956885305,0.4,-0.4521808956885306,0.4521808956885306,0.2044675624256818,2018-04,2018-05-14T01:30:00+00:00,5.0,pseudo_real_time,
early,union,histgb,2018-06,0.0845095102706356,0.3,-0.2154904897293643,0.2154904897293643,0.0464361511638012,2018-05,2018-06-14T01:30:00+00:00,5.0,pseudo_real_time,
early,union,histgb,2018-07,0.0362025765339776,0.1,-0.0637974234660223,0.0637974234660223,0.0040701112409029,2018-06,2018-07-16T01:30:00+00:00,5.0,pseudo_real_time,
early,union,histgb,2018-08,0.7108590412528316,0.4,0.3108590412528316,0.3108590412528316,0.0966333435286296,2018-07,2018-08-14T01:30:00+00:00,5.0,pseudo_real_time,
early,union,histgb,2018-09,0.3866005183941747,0.6,-0.2133994816058252,0.2133994816058252,0.0455393387496349,2018-08,2018-09-14T01:30:00+00:00,5.0,pseudo_real_time,
early,union,histgb,2018-10,0.3869616903661161,0.4,-0.0130383096338838,0.0130383096338838,0.000169997518109,2018-08,2018-10-15T01:30:00+00:00,5.0,pseudo_real_time,
early,union,histgb,2018-11,-0.264971625901707,-0.2,-0.0649716259017069,0.0649716259017069,0.0042213121723113,2018-10,2018-11-14T01:30:00+00:00,5.0,pseudo_real_time,
early,union,histgb,2018-12,-0.3370886199881626,-1.0,0.6629113800118374,0.6629113800118374,0.4394514977491986,2018-11,2018-12-14T01:30:00+00:00,5.0,pseudo_real_time,
early,union,histgb,2019-01,-0.2618029909316458,-0.6,0.3381970090683542,0.3381970090683542,0.1143772169427804,2018-12,2019-01-14T01:30:00+00:00,5.0,pseudo_real_time,
early,union,histgb,2019-04,-0.0843654232741182,0.3,-0.3843654232741182,0.3843654232741182,0.1477367786086921,2019-01,2019-04-15T01:30:00+00:00,5.0,pseudo_real_time,
early,union,histgb,2019-05,-0.0814545639435188,0.2,-0.2814545639435188,0.2814545639435188,0.0792166715646363,2019-04,2019-05-14T01:30:00+00:00,5.0,pseudo_real_time,
early,union,histgb,2019-06,-0.4077361466668604,-0.3,-0.1077361466668604,0.1077361466668604,0.0116070772986232,2019-05,2019-06-14T01:30:00+00:00,5.0,pseudo_real_time,
early,union,histgb,2019-07,-0.2118389240260658,-0.2,-0.0118389240260657,0.0118389240260657,0.0001401601220949,2019-06,2019-07-15T01:30:00+00:00,5.0,pseudo_real_time,
early,union,histgb,2019-08,0.3128171928087648,-0.1,0.4128171928087648,0.4128171928087648,0.1704180346785089,2019-07,2019-08-14T01:30:00+00:00,5.0,pseudo_real_time,
early,union,histgb,2019-09,0.2337628443225265,0.1,0.1337628443225265,0.1337628443225265,0.0178924985212524,2019-08,2019-09-16T01:30:00+00:00,5.0,pseudo_real_time,
early,union,histgb,2019-10,-0.0388133069895393,0.1,-0.1388133069895393,0.1388133069895393,0.019269134197372,2019-08,2019-10-14T01:30:00+00:00,5.0,pseudo_real_time,
early,union,histgb,2019-11,-0.3671128417579322,-0.1,-0.2671128417579321,0.2671128417579321,0.0713492702319981,2019-10,2019-11-14T01:30:00+00:00,25.0,pseudo_real_time,
early,union,histgb,2019-12,0.228124054454975,0.0,0.228124054454975,0.228124054454975,0.0520405842209764,2019-11,2019-12-16T01:30:00+00:00,25.0,pseudo_real_time,
early,union,histgb,2020-01,-0.2840951044134548,0.0,-0.2840951044134548,0.2840951044134548,0.0807100283516917,2019-12,2020-01-14T01:30:00+00:00,25.0,pseudo_real_time,
early,union,histgb,2020-02,-0.102411691768662,-0.5,0.3975883082313379,0.3975883082313379,0.1580764628422574,2020-01,2020-02-14T01:30:00+00:00,25.0,pseudo_real_time,
early,union,histgb,2020-03,0.0289595244446463,-1.0,1.0289595244446463,1.0289595244446463,1.0587577029453528,2020-02,2020-03-16T01:30:00+00:00,5.0,pseudo_real_time,
early,union,histgb,2020-04,-0.4961253077074956,-1.3,0.8038746922925044,0.8038746922925044,0.6462145209083686,2020-03,2020-04-14T01:30:00+00:00,25.0,pseudo_real_time,
early,union,histgb,2020-05,0.0026886441568545,-0.4,0.4026886441568545,0.4026886441568545,0.1621581441328858,2020-04,2020-05-14T01:30:00+00:00,5.0,pseudo_real_time,
early,union,histgb,2020-06,-0.1073185894363244,0.4,-0.5073185894363245,0.5073185894363245,0.2573721511876619,2020-05,2020-06-15T01:30:00+00:00,25.0,pseudo_real_time,
early,union,histgb,2020-07,0.0502201012423303,0.4,-0.3497798987576697,0.3497798987576697,0.1223459775749256,2020-06,2020-07-14T01:30:00+00:00,5.0,pseudo_real_time,
early,union,histgb,2020-08,0.1988498785837984,0.3,-0.1011501214162015,0.1011501214162015,0.0102313470625123,2020-07,2020-08-14T01:30:00+00:00,5.0,pseudo_real_time,
early,union,histgb,2020-09,0.5479601575840791,0.1,0.4479601575840791,0.4479601575840791,0.200668302782753,2020-08,2020-09-14T01:30:00+00:00,5.0,pseudo_real_time,
early,union,histgb,2020-10,-0.0443676412608812,0.0,-0.0443676412608812,0.0443676412608812,0.0019684875910542,2020-08,2020-10-14T01:30:00+00:00,5.0,pseudo_real_time,
early,union,histgb,2020-11,0.5818295813251462,0.5,0.0818295813251461,0.0818295813251461,0.0066960803798487,2020-10,2020-11-16T01:30:00+00:00,5.0,pseudo_real_time,
early,union,histgb,2020-12,0.7897905999858786,1.1,-0.3102094000141214,0.3102094000141214,0.0962298718571212,2020-11,2020-12-14T01:30:00+00:00,5.0,pseudo_real_time,
early,union,histgb,2021-01,0.609492353370744,1.0,-0.3905076466292559,0.3905076466292559,0.1524962220759198,2020-12,2021-01-14T01:30:00+00:00,5.0,pseudo_real_time,
early,union,histgb,2021-02,-0.0636201528524657,0.8,-0.8636201528524657,0.8636201528524657,0.7458397684129163,2021-01,2021-02-19T01:30:00+00:00,5.0,pseudo_real_time,
early,union,histgb,2021-03,0.6586126292264559,1.6,-0.9413873707735442,0.9413873707735442,0.8862101818519263,2021-02,2021-03-15T01:30:00+00:00,5.0,pseudo_real_time,
early,union,histgb,2021-04,0.4435987526547007,0.9,-0.4564012473452993,0.4564012473452993,0.208302098578345,2021-03,2021-04-14T01:30:00+00:00,5.0,pseudo_real_time,
early,union,histgb,2021-05,1.0740644295890598,1.6,-0.5259355704109403,0.5259355704109403,0.2766082242234811,2021-04,2021-05-14T01:30:00+00:00,5.0,pseudo_real_time,
early,union,histgb,2021-06,0.2469430531368119,0.3,-0.053056946863188,0.053056946863188,0.0028150396104431,2021-05,2021-06-15T01:30:00+00:00,5.0,pseudo_real_time,
early,union,histgb,2021-07,-0.0460621635883764,0.5,-0.5460621635883764,0.5460621635883764,0.2981838865028188,2021-06,2021-07-14T01:30:00+00:00,5.0,pseudo_real_time,
early,union,histgb,2021-08,0.6445511877775483,0.7,-0.0554488122224516,0.0554488122224516,0.0030745707768807,2021-07,2021-08-16T01:30:00+00:00,5.0,pseudo_real_time,
early,union,histgb,2021-09,0.4014572598680343,1.2,-0.7985427401319656,0.7985427401319656,0.6376705078174679,2021-08,2021-09-14T01:30:00+00:00,5.0,pseudo_real_time,
early,union,histgb,2021-10,0.7710650662494279,2.5,-1.7289349337505722,1.7289349337505722,2.989216005143095,2021-08,2021-10-14T01:30:00+00:00,5.0,pseudo_real_time,
early,union,histgb,2021-11,-0.1282841164184336,0.0,-0.1282841164184336,0.1282841164184336,0.0164568145252582,2021-10,2021-11-15T01:30:00+00:00,5.0,pseudo_real_time,
early,union,histgb,2021-12,-0.6971981825320123,-1.2,0.5028018174679877,0.5028018174679877,0.2528096676491116,2021-11,2021-12-14T01:30:00+00:00,5.0,pseudo_real_time,
early,union,histgb,2022-01,-0.1071800675088595,-0.2,0.0928199324911404,0.0928199324911404,0.0086155398676598,2021-12,2022-01-14T01:30:00+00:00,5.0,pseudo_real_time,
early,union,histgb,2022-04,0.3228730120996635,0.6,-0.2771269879003364,0.2771269879003364,0.0767993674227132,2022-01,2022-04-14T01:30:00+00:00,5.0,pseudo_real_time,
early,union,histgb,2022-05,0.1186149240609741,0.1,0.0186149240609741,0.0186149240609741,0.0003465153977958,2022-04,2022-05-14T01:30:00+00:00,5.0,pseudo_real_time,
early,union,histgb,2022-06,-0.424184752922729,0.0,-0.424184752922729,0.424184752922729,0.1799327046121167,2022-05,2022-06-14T01:30:00+00:00,5.0,pseudo_real_time,
early,union,histgb,2022-07,-0.6400325508805383,-1.3,0.6599674491194617,0.6599674491194617,0.4355570338972492,2022-06,2022-07-14T01:30:00+00:00,5.0,pseudo_real_time,
early,union,histgb,2022-08,-0.9575187302369276,-1.2,0.2424812697630722,0.2424812697630722,0.0587971661859118,2022-07,2022-08-14T01:30:00+00:00,5.0,pseudo_real_time,
early,union,histgb,2022-09,-0.1188239397977669,-0.1,-0.0188239397977668,0.0188239397977668,0.0003543407095099,2022-08,2022-09-14T01:30:00+00:00,5.0,pseudo_real_time,
early,union,histgb,2022-10,-0.0536514945833992,0.2,-0.2536514945833992,0.2536514945833992,0.0643390807043921,2022-08,2022-10-14T01:30:00+00:00,5.0,pseudo_real_time,
early,union,histgb,2022-11,-0.8464836674661298,0.1,-0.9464836674661298,0.9464836674661298,0.8958313327801354,2022-10,2022-11-14T01:30:00+00:00,5.0,pseudo_real_time,
early,union,histgb,2022-12,-0.3113419536166257,-0.5,0.1886580463833742,0.1886580463833742,0.0355918584651913,2022-11,2022-12-14T01:30:00+00:00,5.0,pseudo_real_time,
early,union,histgb,2023-01,0.1561509737714092,-0.4,0.5561509737714092,0.5561509737714092,0.3093039056268867,2022-12,2023-01-14T01:30:00+00:00,5.0,pseudo_real_time,
early,union,histgb,2023-02,0.3700239977981527,0.0,0.3700239977981527,0.3700239977981527,0.1369177589465273,2023-01,2023-02-14T01:30:00+00:00,5.0,pseudo_real_time,
early,union,histgb,2023-03,-0.2903308656604453,0.0,-0.2903308656604453,0.2903308656604453,0.0842920115551435,2023-02,2023-03-14T01:30:00+00:00,5.0,pseudo_real_time,
early,union,histgb,2023-04,-0.1431030356151478,-0.5,0.3568969643848522,0.3568969643848522,0.1273754431871224,2023-03,2023-04-14T01:30:00+00:00,5.0,pseudo_real_time,
early,union,histgb,2023-05,-0.4740954932274933,-0.9,0.4259045067725067,0.4259045067725067,0.1813946488891322,2023-04,2023-05-14T01:30:00+00:00,5.0,pseudo_real_time,
early,union,histgb,2023-06,-0.62051396921398,-0.8,0.17948603078602,0.17948603078602,0.0322152352473201,2023-05,2023-06-14T01:30:00+00:00,5.0,pseudo_real_time,
early,union,histgb,2023-07,-0.0896700860703198,-0.2,0.1103299139296802,0.1103299139296802,0.0121726899077306,2023-06,2023-07-14T01:30:00+00:00,5.0,pseudo_real_time,
early,union,histgb,2023-08,0.6629827394100861,0.2,0.4629827394100861,0.4629827394100861,0.2143530169916677,2023-07,2023-08-14T01:30:00+00:00,5.0,pseudo_real_time,
early,union,histgb,2023-09,0.175038696282086,0.4,-0.2249613037179139,0.2249613037179139,0.0506075881704635,2023-08,2023-09-14T01:30:00+00:00,5.0,pseudo_real_time,
early,union,histgb,2023-10,-0.1118180219117926,0.0,-0.1118180219117926,0.1118180219117926,0.0125032700242661,2023-09,2023-10-14T01:30:00+00:00,5.0,pseudo_real_time,
early,union,histgb,2023-11,-0.342805455149189,-0.3,-0.042805455149189,0.042805455149189,0.0018323069905292,2023-10,2023-11-14T01:30:00+00:00,5.0,pseudo_real_time,
early,union,histgb,2023-12,-0.2444587589305108,-0.3,0.0555412410694891,0.0555412410694891,0.0030848294595391,2023-11,2023-12-14T01:30:00+00:00,5.0,pseudo_real_time,
early,union,histgb,2024-01,-0.1613730308179091,-0.2,0.0386269691820908,0.0386269691820908,0.0014920427481941,2023-12,2024-01-14T01:30:00+00:00,5.0,pseudo_real_time,
early,union,histgb,2024-02,-0.0967008828167785,-0.2,0.1032991171832214,0.1032991171832214,0.0106707076108329,2024-01,2024-02-14T01:30:00+00:00,5.0,pseudo_real_time,
early,union,histgb,2024-03,0.1768043874116467,-0.1,0.2768043874116467,0.2768043874116467,0.076620668890337,2024-02,2024-03-14T01:30:00+00:00,5.0,pseudo_real_time,
early,union,histgb,2024-04,-0.1595426495558653,-0.2,0.0404573504441346,0.0404573504441346,0.0016367972049595,2024-03,2024-04-14T01:30:00+00:00,5.0,pseudo_real_time,
early,union,histgb,2024-05,-0.0041217459737913,0.2,-0.2041217459737913,0.2041217459737913,0.041665687179389,2024-04,2024-05-14T01:30:00+00:00,5.0,pseudo_real_time,
early,union,histgb,2024-06,0.1557323906619983,0.1,0.0557323906619983,0.0557323906619983,0.0031060993689015,2024-05,2024-06-14T01:30:00+00:00,5.0,pseudo_real_time,
early,union,histgb,2024-07,-0.3290904062354942,-0.2,-0.1290904062354942,0.1290904062354942,0.0166643329820449,2024-06,2024-07-14T01:30:00+00:00,5.0,pseudo_real_time,
early,union,histgb,2024-08,-0.4814036827805334,-0.7,0.2185963172194664,0.2185963172194664,0.0477843499019136,2024-07,2024-08-14T01:30:00+00:00,5.0,pseudo_real_time,
early,union,histgb,2024-09,-0.5536662325093388,-0.6,0.0463337674906612,0.0463337674906612,0.0021468180098786,2024-08,2024-09-14T01:30:00+00:00,5.0,pseudo_real_time,
early,union,histgb,2024-10,0.3641695717011785,-0.1,0.4641695717011785,0.4641695717011785,0.2154533912932555,2024-09,2024-10-14T01:30:00+00:00,5.0,pseudo_real_time,
early,union,histgb,2024-11,-0.473370761012916,-0.1,-0.373370761012916,0.373370761012916,0.139405725179364,2024-10,2024-11-14T01:30:00+00:00,5.0,pseudo_real_time,
early,union,histgb,2024-12,-0.0594364558189577,-0.1,0.0405635441810423,0.0405635441810423,0.0016454011165273,2024-11,2024-12-14T01:30:00+00:00,5.0,pseudo_real_time,
early,union,histgb,2025-01,-0.4487552158812282,-0.2,-0.2487552158812282,0.2487552158812282,0.0618791574281164,2024-12,2025-01-14T01:30:00+00:00,5.0,pseudo_real_time,
early,union,histgb,2025-02,-0.0235118335524483,-0.1,0.0764881664475516,0.0764881664475516,0.0058504396065083,2025-01,2025-02-14T01:30:00+00:00,5.0,pseudo_real_time,
early,union,histgb,2025-03,-0.1604459882911234,-0.4,0.2395540117088765,0.2395540117088765,0.0573861245258165,2025-02,2025-03-14T01:30:00+00:00,5.0,pseudo_real_time,
early,union,histgb,2025-04,-0.2557916868219227,-0.4,0.1442083131780772,0.1442083131780772,0.0207960375896664,2025-03,2025-04-14T01:30:00+00:00,5.0,pseudo_real_time,
early,union,histgb,2025-05,-0.7726831391275429,-0.4,-0.3726831391275429,0.3726831391275429,0.1388927221899595,2025-04,2025-05-14T01:30:00+00:00,5.0,pseudo_real_time,
early,union,histgb,2025-06,-0.0185891823449318,-0.4,0.3814108176550682,0.3814108176550682,0.1454742118243077,2025-05,2025-06-14T01:30:00+00:00,5.0,pseudo_real_time,
early,union,histgb,2025-07,0.1396356859540875,-0.2,0.3396356859540875,0.3396356859540875,0.1153523991735035,2025-06,2025-07-14T01:30:00+00:00,5.0,pseudo_real_time,
early,union,histgb,2025-08,-0.0777660487753318,0.0,-0.0777660487753318,0.0777660487753318,0.0060475583421272,2025-07,2025-08-14T01:30:00+00:00,5.0,pseudo_real_time,
early,union,histgb,2025-09,-0.186971994006812,0.0,-0.186971994006812,0.186971994006812,0.0349585265428833,2025-08,2025-09-14T01:30:00+00:00,5.0,pseudo_real_time,
early,union,histgb,2025-12,-0.0757641435338302,0.2,-0.2757641435338303,0.2757641435338303,0.0760458628589469,2025-09,2025-12-14T01:30:00+00:00,5.0,pseudo_real_time,
early,union,histgb,2026-01,-0.212890907675932,0.4,-0.6128909076759321,0.6128909076759321,0.3756352647118279,2025-12,2026-01-14T01:30:00+00:00,5.0,pseudo_real_time,
early,union,histgb,2026-02,0.0730222741881045,0.4,-0.3269777258118954,0.3269777258118954,0.106914433177119,2026-01,2026-02-14T01:30:00+00:00,5.0,pseudo_real_time,
early,union,histgb,2026-03,0.366193717709925,1.0,-0.633806282290075,0.633806282290075,0.4017104034703662,2026-02,2026-03-14T01:30:00+00:00,5.0,pseudo_real_time,
early,union,histgb,2026-04,0.7805082288667832,1.7,-0.9194917711332168,0.9194917711332168,0.8454651171816999,2026-03,2026-04-14T01:30:00+00:00,5.0,pseudo_real_time,
early,union,histgb,2026-05,0.4502351719804148,0.5,-0.0497648280195852,0.0497648280195852,0.0024765381078188,2026-04,2026-05-14T01:30:00+00:00,5.0,pseudo_real_time,
early,union,histgb,2026-06,0.1261886257947222,-0.3,0.4261886257947221,0.4261886257947221,0.1816367447567937,2026-05,2026-06-14T01:30:00+00:00,5.0,pseudo_real_time,
early,union,histgb,2026-07,-0.0529296568754121,-0.7,0.6470703431245878,0.6470703431245878,0.4187000289513717,2026-06,2026-07-14T01:30:00+00:00,5.0,pseudo_real_time,
early,union,histgb,2026-08,0.3873169755279201,0.4,-0.0126830244720799,0.0126830244720799,0.0001608591097593,2026-07,2026-08-14T01:30:00+00:00,5.0,pseudo_real_time,
early,union,xgboost,2016-04,-0.3052459955215454,0.7,-1.0052459955215454,1.0052459955215454,1.0105195115121028,2016-01,2016-04-14T01:30:00+00:00,25.0,pseudo_real_time,
early,union,xgboost,2016-05,-0.2987752258777618,0.5,-0.7987752258777618,0.7987752258777618,0.6380418614760694,2016-04,2016-05-16T01:30:00+00:00,25.0,pseudo_real_time,
early,union,xgboost,2016-06,-0.3940139412879944,-0.2,-0.1940139412879943,0.1940139412879943,0.0376414094141013,2016-05,2016-06-14T01:30:00+00:00,5.0,pseudo_real_time,
early,union,xgboost,2016-07,-0.1637067794799804,0.2,-0.3637067794799805,0.3637067794799805,0.1322826214396991,2016-06,2016-07-14T01:30:00+00:00,5.0,pseudo_real_time,
early,union,xgboost,2016-08,-0.1216514408588409,0.2,-0.3216514408588409,0.3216514408588409,0.1034596494065684,2016-07,2016-08-15T01:30:00+00:00,5.0,pseudo_real_time,
early,union,xgboost,2016-09,0.1163883134722709,0.5,-0.383611686527729,0.383611686527729,0.1471579260406486,2016-08,2016-09-14T01:30:00+00:00,5.0,pseudo_real_time,
early,union,xgboost,2016-10,0.0194370560348033,0.7,-0.6805629439651966,0.6805629439651966,0.4631659206985752,2016-08,2016-10-14T01:30:00+00:00,5.0,pseudo_real_time,
early,union,xgboost,2016-11,0.2789778113365173,1.5,-1.2210221886634829,1.2210221886634829,1.4908951852085617,2016-10,2016-11-14T01:30:00+00:00,5.0,pseudo_real_time,
early,union,xgboost,2016-12,0.4267637133598327,1.6,-1.173236286640167,1.173236286640167,1.3764833842892088,2016-11,2016-12-14T01:30:00+00:00,5.0,pseudo_real_time,
early,union,xgboost,2017-01,0.4805653393268585,0.8,-0.3194346606731415,0.3194346606731415,0.102038502439365,2016-12,2017-01-16T01:30:00+00:00,5.0,pseudo_real_time,
early,union,xgboost,2017-02,0.3664954900741577,0.6,-0.2335045099258422,0.2335045099258422,0.0545243561557077,2016-12,2017-02-14T01:30:00+00:00,5.0,pseudo_real_time,
early,union,xgboost,2017-03,0.4570625126361847,0.3,0.1570625126361847,0.1570625126361847,0.0246686328755916,2017-02,2017-03-14T01:30:00+00:00,5.0,pseudo_real_time,
early,union,xgboost,2017-04,-0.1723065674304962,-0.4,0.2276934325695038,0.2276934325695038,0.0518442992352831,2017-03,2017-04-14T01:30:00+00:00,5.0,pseudo_real_time,
early,union,xgboost,2017-05,-0.3225798010826111,-0.3,-0.022579801082611,0.022579801082611,0.0005098474169302,2017-04,2017-05-15T01:30:00+00:00,5.0,pseudo_real_time,
early,union,xgboost,2017-06,-0.0186890419572591,-0.2,0.1813109580427408,0.1813109580427408,0.0328736635063765,2017-05,2017-06-14T01:30:00+00:00,5.0,pseudo_real_time,
early,union,xgboost,2017-07,0.36151984333992,0.2,0.16151984333992,0.16151984333992,0.0260886597925523,2017-06,2017-07-14T01:30:00+00:00,5.0,pseudo_real_time,
early,union,xgboost,2017-08,0.6549229025840759,0.9,-0.2450770974159241,0.2450770974159241,0.0600627836778143,2017-07,2017-08-14T01:30:00+00:00,5.0,pseudo_real_time,
early,union,xgboost,2017-09,0.7038114666938782,1.0,-0.2961885333061218,0.2961885333061218,0.0877276472620316,2017-08,2017-09-14T01:30:00+00:00,5.0,pseudo_real_time,
early,union,xgboost,2017-10,0.2012223005294799,0.7,-0.49877769947052,0.49877769947052,0.2487791934891043,2017-08,2017-10-16T01:30:00+00:00,5.0,pseudo_real_time,
early,union,xgboost,2017-11,0.1571165770292282,0.5,-0.3428834229707718,0.3428834229707718,0.1175690417481531,2017-10,2017-11-14T01:30:00+00:00,5.0,pseudo_real_time,
early,union,xgboost,2017-12,0.4750740826129913,0.8,-0.3249259173870087,0.3249259173870087,0.1055768517897892,2017-11,2017-12-14T01:30:00+00:00,5.0,pseudo_real_time,
early,union,xgboost,2018-01,-0.1764717400074005,0.3,-0.4764717400074005,0.4764717400074005,0.2270253190256798,2017-12,2018-01-15T01:30:00+00:00,5.0,pseudo_real_time,
early,union,xgboost,2018-02,-0.3334179222583771,-0.1,-0.233417922258377,0.233417922258377,0.0544839264314177,2018-01,2018-02-14T01:30:00+00:00,5.0,pseudo_real_time,
early,union,xgboost,2018-03,0.397634208202362,-0.2,0.597634208202362,0.597634208202362,0.3571666468136641,2018-02,2018-03-14T01:30:00+00:00,5.0,pseudo_real_time,
early,union,xgboost,2018-04,-0.2684929966926574,-0.2,-0.0684929966926574,0.0684929966926574,0.0046912905959403,2018-03,2018-04-16T01:30:00+00:00,5.0,pseudo_real_time,
early,union,xgboost,2018-05,0.1531436294317245,0.4,-0.2468563705682754,0.2468563705682754,0.0609380676901417,2018-04,2018-05-14T01:30:00+00:00,5.0,pseudo_real_time,
early,union,xgboost,2018-06,0.0669161155819892,0.3,-0.2330838844180107,0.2330838844180107,0.0543280971753885,2018-05,2018-06-14T01:30:00+00:00,5.0,pseudo_real_time,
early,union,xgboost,2018-07,0.1308780163526535,0.1,0.0308780163526534,0.0308780163526534,0.0009534518938747,2018-06,2018-07-16T01:30:00+00:00,5.0,pseudo_real_time,
early,union,xgboost,2018-08,0.5646240711212158,0.4,0.1646240711212158,0.1646240711212158,0.0271010847925231,2018-07,2018-08-14T01:30:00+00:00,5.0,pseudo_real_time,
early,union,xgboost,2018-09,0.4695002734661102,0.6,-0.1304997265338897,0.1304997265338897,0.01703017862542,2018-08,2018-09-14T01:30:00+00:00,5.0,pseudo_real_time,
early,union,xgboost,2018-10,0.3549106419086456,0.4,-0.0450893580913543,0.0450893580913543,0.0020330502130903,2018-08,2018-10-15T01:30:00+00:00,5.0,pseudo_real_time,
early,union,xgboost,2018-11,-0.1945816129446029,-0.2,0.005418387055397,0.005418387055397,2.9358918282094257e-05,2018-10,2018-11-14T01:30:00+00:00,5.0,pseudo_real_time,
early,union,xgboost,2018-12,-0.335253357887268,-1.0,0.6647466421127319,0.6647466421127319,0.4418880982001525,2018-11,2018-12-14T01:30:00+00:00,5.0,pseudo_real_time,
early,union,xgboost,2019-01,-0.2433101683855056,-0.6,0.3566898316144943,0.3566898316144943,0.1272276359771763,2018-12,2019-01-14T01:30:00+00:00,5.0,pseudo_real_time,
early,union,xgboost,2019-04,-0.0043222326785326,0.3,-0.3043222326785326,0.3043222326785326,0.0926120213024469,2019-01,2019-04-15T01:30:00+00:00,5.0,pseudo_real_time,
early,union,xgboost,2019-05,-0.0843428820371627,0.2,-0.2843428820371628,0.2843428820371628,0.0808508745651998,2019-04,2019-05-14T01:30:00+00:00,5.0,pseudo_real_time,
early,union,xgboost,2019-06,-0.3408183157444,-0.3,-0.0408183157444,0.0408183157444,0.0016661349002095,2019-05,2019-06-14T01:30:00+00:00,5.0,pseudo_real_time,
early,union,xgboost,2019-07,-0.1661025881767273,-0.2,0.0338974118232727,0.0338974118232727,0.0011490345283165,2019-06,2019-07-15T01:30:00+00:00,5.0,pseudo_real_time,
early,union,xgboost,2019-08,0.1571351587772369,-0.1,0.2571351587772369,0.2571351587772369,0.0661184898793948,2019-07,2019-08-14T01:30:00+00:00,5.0,pseudo_real_time,
early,union,xgboost,2019-09,0.0871697515249252,0.1,-0.0128302484750747,0.0128302484750747,0.0001646152759321,2019-08,2019-09-16T01:30:00+00:00,5.0,pseudo_real_time,
early,union,xgboost,2019-10,-0.1256181895732879,0.1,-0.2256181895732879,0.2256181895732879,0.0509035674663281,2019-08,2019-10-14T01:30:00+00:00,5.0,pseudo_real_time,
early,union,xgboost,2019-11,-0.3525506258010864,-0.1,-0.2525506258010864,0.2525506258010864,0.0637818185925204,2019-10,2019-11-14T01:30:00+00:00,5.0,pseudo_real_time,
early,union,xgboost,2019-12,0.1719893962144851,0.0,0.1719893962144851,0.1719893962144851,0.0295803524102231,2019-11,2019-12-16T01:30:00+00:00,5.0,pseudo_real_time,
early,union,xgboost,2020-01,-0.2605260908603668,0.0,-0.2605260908603668,0.2605260908603668,0.0678738440189841,2019-12,2020-01-14T01:30:00+00:00,5.0,pseudo_real_time,
early,union,xgboost,2020-02,-0.2878969311714172,-0.5,0.2121030688285827,0.2121030688285827,0.0449877118065025,2020-01,2020-02-14T01:30:00+00:00,5.0,pseudo_real_time,
early,union,xgboost,2020-03,-0.0105775762349367,-1.0,0.9894224237650632,0.9894224237650632,0.9789567326491324,2020-02,2020-03-16T01:30:00+00:00,5.0,pseudo_real_time,
early,union,xgboost,2020-04,-0.6230089664459229,-1.3,0.6769910335540772,0.6769910335540772,0.4583168595126177,2020-03,2020-04-14T01:30:00+00:00,5.0,pseudo_real_time,
early,union,xgboost,2020-05,-0.0729910284280777,-0.4,0.3270089715719223,0.3270089715719223,0.1069348674885263,2020-04,2020-05-14T01:30:00+00:00,5.0,pseudo_real_time,
early,union,xgboost,2020-06,-0.0823503881692886,0.4,-0.4823503881692886,0.4823503881692886,0.2326618969670634,2020-05,2020-06-15T01:30:00+00:00,5.0,pseudo_real_time,
early,union,xgboost,2020-07,0.1801777184009552,0.4,-0.2198222815990448,0.2198222815990448,0.0483218354874097,2020-06,2020-07-14T01:30:00+00:00,5.0,pseudo_real_time,
early,union,xgboost,2020-08,0.2811136543750763,0.3,-0.0188863456249236,0.0188863456249236,0.000356694051064,2020-07,2020-08-14T01:30:00+00:00,5.0,pseudo_real_time,
early,union,xgboost,2020-09,0.4461348354816437,0.1,0.3461348354816437,0.3461348354816437,0.1198093243339045,2020-08,2020-09-14T01:30:00+00:00,5.0,pseudo_real_time,
early,union,xgboost,2020-10,-0.1060433387756347,0.0,-0.1060433387756347,0.1060433387756347,0.011245189698684,2020-08,2020-10-14T01:30:00+00:00,5.0,pseudo_real_time,
early,union,xgboost,2020-11,0.670316755771637,0.5,0.1703167557716369,0.1703167557716369,0.0290077972965754,2020-10,2020-11-16T01:30:00+00:00,5.0,pseudo_real_time,
early,union,xgboost,2020-12,0.64168381690979,1.1,-0.45831618309021,0.45831618309021,0.2100537236823789,2020-11,2020-12-14T01:30:00+00:00,5.0,pseudo_real_time,
early,union,xgboost,2021-01,0.5090720057487488,1.0,-0.4909279942512512,0.4909279942512512,0.2410102955395565,2020-12,2021-01-14T01:30:00+00:00,5.0,pseudo_real_time,
early,union,xgboost,2021-02,-0.0420005023479461,0.8,-0.8420005023479462,0.8420005023479462,0.7089648459541937,2021-01,2021-02-19T01:30:00+00:00,5.0,pseudo_real_time,
early,union,xgboost,2021-03,0.5768218040466309,1.6,-1.0231781959533692,1.0231781959533692,1.0468936206743913,2021-02,2021-03-15T01:30:00+00:00,5.0,pseudo_real_time,
early,union,xgboost,2021-04,0.4664264321327209,0.9,-0.4335735678672791,0.4335735678672791,0.187986038753162,2021-03,2021-04-14T01:30:00+00:00,5.0,pseudo_real_time,
early,union,xgboost,2021-05,1.0075058937072754,1.6,-0.5924941062927247,0.5924941062927247,0.3510492659916145,2021-04,2021-05-14T01:30:00+00:00,5.0,pseudo_real_time,
early,union,xgboost,2021-06,0.2345646172761917,0.3,-0.0654353827238082,0.0654353827238082,0.0042817893122112,2021-05,2021-06-15T01:30:00+00:00,5.0,pseudo_real_time,
early,union,xgboost,2021-07,-0.0902505367994308,0.5,-0.5902505367994308,0.5902505367994308,0.3483956961920162,2021-06,2021-07-14T01:30:00+00:00,5.0,pseudo_real_time,
early,union,xgboost,2021-08,0.681699812412262,0.7,-0.0183001875877379,0.0183001875877379,0.0003348968657463,2021-07,2021-08-16T01:30:00+00:00,5.0,pseudo_real_time,
early,union,xgboost,2021-09,0.4702539145946502,1.2,-0.7297460854053497,0.7297460854053497,0.532529349164432,2021-08,2021-09-14T01:30:00+00:00,5.0,pseudo_real_time,
early,union,xgboost,2021-10,0.9874789118766784,2.5,-1.5125210881233215,1.5125210881233215,2.2877200420177566,2021-08,2021-10-14T01:30:00+00:00,5.0,pseudo_real_time,
early,union,xgboost,2021-11,-0.1952206492424011,0.0,-0.1952206492424011,0.1952206492424011,0.0381111018906246,2021-10,2021-11-15T01:30:00+00:00,5.0,pseudo_real_time,
early,union,xgboost,2021-12,-0.6719450354576111,-1.2,0.5280549645423889,0.5280549645423889,0.2788420455778636,2021-11,2021-12-14T01:30:00+00:00,5.0,pseudo_real_time,
early,union,xgboost,2022-01,0.0521317534148693,-0.2,0.2521317534148693,0.2521317534148693,0.0635704210800564,2021-12,2022-01-14T01:30:00+00:00,5.0,pseudo_real_time,
early,union,xgboost,2022-04,0.4129020273685455,0.6,-0.1870979726314544,0.1870979726314544,0.0350056513628004,2022-01,2022-04-14T01:30:00+00:00,5.0,pseudo_real_time,
early,union,xgboost,2022-05,0.2160075604915619,0.1,0.1160075604915618,0.1160075604915618,0.0134577540912033,2022-04,2022-05-14T01:30:00+00:00,5.0,pseudo_real_time,
early,union,xgboost,2022-06,-0.2810522317886352,0.0,-0.2810522317886352,0.2810522317886352,0.0789903569933727,2022-05,2022-06-14T01:30:00+00:00,5.0,pseudo_real_time,
early,union,xgboost,2022-07,-0.4474209249019623,-1.3,0.8525790750980378,0.8525790750980378,0.7268910792950255,2022-06,2022-07-14T01:30:00+00:00,5.0,pseudo_real_time,
early,union,xgboost,2022-08,-0.7066888809204102,-1.2,0.4933111190795898,0.4933111190795898,0.2433558602075572,2022-07,2022-08-14T01:30:00+00:00,5.0,pseudo_real_time,
early,union,xgboost,2022-09,-0.0643442273139953,-0.1,0.0356557726860046,0.0356557726860046,0.001271334125836,2022-08,2022-09-14T01:30:00+00:00,5.0,pseudo_real_time,
early,union,xgboost,2022-10,0.0084156729280948,0.2,-0.1915843270719051,0.1915843270719051,0.0367045543795947,2022-08,2022-10-14T01:30:00+00:00,5.0,pseudo_real_time,
early,union,xgboost,2022-11,-0.7214267253875732,0.1,-0.8214267253875732,0.8214267253875732,0.6747418651809516,2022-10,2022-11-14T01:30:00+00:00,5.0,pseudo_real_time,
early,union,xgboost,2022-12,-0.2379300147294998,-0.5,0.2620699852705002,0.2620699852705002,0.0686806771796801,2022-11,2022-12-14T01:30:00+00:00,5.0,pseudo_real_time,
early,union,xgboost,2023-01,0.3543824255466461,-0.4,0.7543824255466461,0.7543824255466461,0.5690928439736411,2022-12,2023-01-14T01:30:00+00:00,5.0,pseudo_real_time,
early,union,xgboost,2023-02,0.2829993665218353,0.0,0.2829993665218353,0.2829993665218353,0.08008864145176,2023-01,2023-02-14T01:30:00+00:00,5.0,pseudo_real_time,
early,union,xgboost,2023-03,-0.083074040710926,0.0,-0.083074040710926,0.083074040710926,0.0069012962400406,2023-02,2023-03-14T01:30:00+00:00,5.0,pseudo_real_time,
early,union,xgboost,2023-04,-0.159769982099533,-0.5,0.3402300179004669,0.3402300179004669,0.115756465080552,2023-03,2023-04-14T01:30:00+00:00,5.0,pseudo_real_time,
early,union,xgboost,2023-05,-0.6381398439407349,-0.9,0.2618601560592651,0.2618601560592651,0.0685707413313827,2023-04,2023-05-14T01:30:00+00:00,5.0,pseudo_real_time,
early,union,xgboost,2023-06,-0.6248502135276794,-0.8,0.1751497864723206,0.1751497864723206,0.0306774477012995,2023-05,2023-06-14T01:30:00+00:00,5.0,pseudo_real_time,
early,union,xgboost,2023-07,-0.0151949552819132,-0.2,0.1848050447180867,0.1848050447180867,0.034152904553254,2023-06,2023-07-14T01:30:00+00:00,5.0,pseudo_real_time,
early,union,xgboost,2023-08,0.5972245931625366,0.2,0.3972245931625366,0.3972245931625366,0.1577873774131427,2023-07,2023-08-14T01:30:00+00:00,5.0,pseudo_real_time,
early,union,xgboost,2023-09,0.1133143529295921,0.4,-0.2866856470704079,0.2866856470704079,0.0821886602361784,2023-08,2023-09-14T01:30:00+00:00,5.0,pseudo_real_time,
early,union,xgboost,2023-10,-0.0667231455445289,0.0,-0.0667231455445289,0.0667231455445289,0.0044519781513563,2023-09,2023-10-14T01:30:00+00:00,5.0,pseudo_real_time,
early,union,xgboost,2023-11,-0.4382999241352081,-0.3,-0.1382999241352081,0.1382999241352081,0.0191268690158043,2023-10,2023-11-14T01:30:00+00:00,5.0,pseudo_real_time,
early,union,xgboost,2023-12,-0.2031767964363098,-0.3,0.0968232035636901,0.0968232035636901,0.0093747327483357,2023-11,2023-12-14T01:30:00+00:00,5.0,pseudo_real_time,
early,union,xgboost,2024-01,-0.2017891407012939,-0.2,-0.0017891407012939,0.0017891407012939,3.2010244490265507e-06,2023-12,2024-01-14T01:30:00+00:00,5.0,pseudo_real_time,
early,union,xgboost,2024-02,-0.1810429096221923,-0.2,0.0189570903778076,0.0189570903778076,0.0003593712755923,2024-01,2024-02-14T01:30:00+00:00,5.0,pseudo_real_time,
early,union,xgboost,2024-03,0.0697675719857215,-0.1,0.1697675719857216,0.1697675719857216,0.0288210284979271,2024-02,2024-03-14T01:30:00+00:00,5.0,pseudo_real_time,
early,union,xgboost,2024-04,-0.2227638959884643,-0.2,-0.0227638959884643,0.0227638959884643,0.0005181949605736,2024-03,2024-04-14T01:30:00+00:00,5.0,pseudo_real_time,
early,union,xgboost,2024-05,0.0162586104124784,0.2,-0.1837413895875215,0.1837413895875215,0.0337608982475533,2024-04,2024-05-14T01:30:00+00:00,5.0,pseudo_real_time,
early,union,xgboost,2024-06,0.0465588457882404,0.1,-0.0534411542117595,0.0534411542117595,0.002855956963485,2024-05,2024-06-14T01:30:00+00:00,5.0,pseudo_real_time,
early,union,xgboost,2024-07,-0.4485324323177337,-0.2,-0.2485324323177337,0.2485324323177337,0.0617683699137689,2024-06,2024-07-14T01:30:00+00:00,5.0,pseudo_real_time,
early,union,xgboost,2024-08,-0.4577479660511017,-0.7,0.2422520339488982,0.2422520339488982,0.0586860479523781,2024-07,2024-08-14T01:30:00+00:00,5.0,pseudo_real_time,
early,union,xgboost,2024-09,-0.5535707473754883,-0.6,0.0464292526245117,0.0464292526245117,0.0021556754992707,2024-08,2024-09-14T01:30:00+00:00,5.0,pseudo_real_time,
early,union,xgboost,2024-10,0.2541281282901764,-0.1,0.3541281282901763,0.3541281282901763,0.1254067312463036,2024-09,2024-10-14T01:30:00+00:00,5.0,pseudo_real_time,
early,union,xgboost,2024-11,-0.5513592958450317,-0.1,-0.4513592958450317,0.4513592958450317,0.2037252139457229,2024-10,2024-11-14T01:30:00+00:00,5.0,pseudo_real_time,
early,union,xgboost,2024-12,-0.1492348313331604,-0.1,-0.0492348313331603,0.0492348313331603,0.0024240686164047,2024-11,2024-12-14T01:30:00+00:00,5.0,pseudo_real_time,
early,union,xgboost,2025-01,-0.4002802670001983,-0.2,-0.2002802670001983,0.2002802670001983,0.0401121853496707,2024-12,2025-01-14T01:30:00+00:00,25.0,pseudo_real_time,
early,union,xgboost,2025-02,0.0695393234491348,-0.1,0.1695393234491348,0.1695393234491348,0.0287435821955903,2025-01,2025-02-14T01:30:00+00:00,5.0,pseudo_real_time,
early,union,xgboost,2025-03,-0.2275809943675995,-0.4,0.1724190056324005,0.1724190056324005,0.0297283135032657,2025-02,2025-03-14T01:30:00+00:00,25.0,pseudo_real_time,
early,union,xgboost,2025-04,-0.347213864326477,-0.4,0.0527861356735229,0.0527861356735229,0.0027863761193435,2025-03,2025-04-14T01:30:00+00:00,5.0,pseudo_real_time,
early,union,xgboost,2025-05,-0.6385358572006226,-0.4,-0.2385358572006225,0.2385358572006225,0.0568993551704357,2025-04,2025-05-14T01:30:00+00:00,5.0,pseudo_real_time,
early,union,xgboost,2025-06,-0.1671550124883651,-0.4,0.2328449875116348,0.2328449875116348,0.0542167882092933,2025-05,2025-06-14T01:30:00+00:00,5.0,pseudo_real_time,
early,union,xgboost,2025-07,0.0568450577557086,-0.2,0.2568450577557087,0.2568450577557087,0.0659693836935333,2025-06,2025-07-14T01:30:00+00:00,5.0,pseudo_real_time,
early,union,xgboost,2025-08,0.0619690157473087,0.0,0.0619690157473087,0.0619690157473087,0.0038401589126901,2025-07,2025-08-14T01:30:00+00:00,5.0,pseudo_real_time,
early,union,xgboost,2025-09,-0.2754818499088287,0.0,-0.2754818499088287,0.2754818499088287,0.0758902496291904,2025-08,2025-09-14T01:30:00+00:00,25.0,pseudo_real_time,
early,union,xgboost,2025-12,-0.0336761176586151,0.2,-0.2336761176586151,0.2336761176586151,0.0546045279640029,2025-09,2025-12-14T01:30:00+00:00,25.0,pseudo_real_time,
early,union,xgboost,2026-01,-0.1280782967805862,0.4,-0.5280782967805863,0.5280782967805863,0.2788666875306849,2025-12,2026-01-14T01:30:00+00:00,25.0,pseudo_real_time,
early,union,xgboost,2026-02,0.0276827961206436,0.4,-0.3723172038793564,0.3723172038793564,0.1386201003045422,2026-01,2026-02-14T01:30:00+00:00,25.0,pseudo_real_time,
early,union,xgboost,2026-03,0.2648651897907257,1.0,-0.7351348102092743,0.7351348102092743,0.5404231891814257,2026-02,2026-03-14T01:30:00+00:00,25.0,pseudo_real_time,
early,union,xgboost,2026-04,0.5849113464355469,1.7,-1.115088653564453,1.115088653564453,1.2434227053081848,2026-03,2026-04-14T01:30:00+00:00,25.0,pseudo_real_time,
early,union,xgboost,2026-05,0.2567168176174164,0.5,-0.2432831823825836,0.2432831823825836,0.0591867068301974,2026-04,2026-05-14T01:30:00+00:00,5.0,pseudo_real_time,
early,union,xgboost,2026-06,0.0077093001455068,-0.3,0.3077093001455068,0.3077093001455068,0.0946850133960376,2026-05,2026-06-14T01:30:00+00:00,5.0,pseudo_real_time,
early,union,xgboost,2026-07,-0.1113711893558502,-0.7,0.5886288106441497,0.5886288106441497,0.3464838767203463,2026-06,2026-07-14T01:30:00+00:00,5.0,pseudo_real_time,
early,union,xgboost,2026-08,0.3822265565395355,0.4,-0.0177734434604645,0.0177734434604645,0.0003158952924423,2026-07,2026-08-14T01:30:00+00:00,5.0,pseudo_real_time,
early,union,catboost,2016-04,-0.2839138336924219,0.7,-0.983913833692422,0.983913833692422,0.9680864321313188,2016-01,2016-04-14T01:30:00+00:00,5.0,pseudo_real_time,
early,union,catboost,2016-05,0.0360060899670993,0.5,-0.4639939100329007,0.4639939100329007,0.2152903485476195,2016-04,2016-05-16T01:30:00+00:00,5.0,pseudo_real_time,
early,union,catboost,2016-06,-0.2908811623211561,-0.2,-0.090881162321156,0.090881162321156,0.0082593856648443,2016-05,2016-06-14T01:30:00+00:00,5.0,pseudo_real_time,
early,union,catboost,2016-07,-0.2095411875927823,0.2,-0.4095411875927823,0.4095411875927823,0.1677239843349065,2016-06,2016-07-14T01:30:00+00:00,5.0,pseudo_real_time,
early,union,catboost,2016-08,0.0193436534778935,0.2,-0.1806563465221064,0.1806563465221064,0.0326367155387153,2016-07,2016-08-15T01:30:00+00:00,5.0,pseudo_real_time,
early,union,catboost,2016-09,0.1989035566807196,0.5,-0.3010964433192803,0.3010964433192803,0.0906590681795205,2016-08,2016-09-14T01:30:00+00:00,5.0,pseudo_real_time,
early,union,catboost,2016-10,0.0167236602899841,0.7,-0.6832763397100158,0.6832763397100158,0.4668665564075169,2016-08,2016-10-14T01:30:00+00:00,5.0,pseudo_real_time,
early,union,catboost,2016-11,0.3641896918907511,1.5,-1.135810308109249,1.135810308109249,1.290065056007227,2016-10,2016-11-14T01:30:00+00:00,5.0,pseudo_real_time,
early,union,catboost,2016-12,0.40424462454784,1.6,-1.1957553754521602,1.1957553754521602,1.4298309179227364,2016-11,2016-12-14T01:30:00+00:00,5.0,pseudo_real_time,
early,union,catboost,2017-01,0.0049649090872802,0.8,-0.7950350909127197,0.7950350909127197,0.6320807957825966,2016-12,2017-01-16T01:30:00+00:00,5.0,pseudo_real_time,
early,union,catboost,2017-02,-0.2205306512710497,0.6,-0.8205306512710497,0.8205306512710497,0.673270549675293,2016-12,2017-02-14T01:30:00+00:00,5.0,pseudo_real_time,
early,union,catboost,2017-03,0.1926574804251151,0.3,-0.1073425195748848,0.1073425195748848,0.0115224165086845,2017-02,2017-03-14T01:30:00+00:00,5.0,pseudo_real_time,
early,union,catboost,2017-04,-0.1577849943835579,-0.4,0.242215005616442,0.242215005616442,0.058668108945773,2017-03,2017-04-14T01:30:00+00:00,5.0,pseudo_real_time,
early,union,catboost,2017-05,-0.2989567007556319,-0.3,0.001043299244368,0.001043299244368,1.0884733132988884e-06,2017-04,2017-05-15T01:30:00+00:00,5.0,pseudo_real_time,
early,union,catboost,2017-06,0.0144051056253002,-0.2,0.2144051056253002,0.2144051056253002,0.0459695493181961,2017-05,2017-06-14T01:30:00+00:00,5.0,pseudo_real_time,
early,union,catboost,2017-07,0.1794379511100342,0.2,-0.0205620488899657,0.0205620488899657,0.0004227978545533,2017-06,2017-07-14T01:30:00+00:00,5.0,pseudo_real_time,
early,union,catboost,2017-08,0.7284186650192028,0.9,-0.1715813349807972,0.1715813349807972,0.0294401545137925,2017-07,2017-08-14T01:30:00+00:00,5.0,pseudo_real_time,
early,union,catboost,2017-09,0.9674125338166986,1.0,-0.0325874661833014,0.0325874661833014,0.0010619429522478,2017-08,2017-09-14T01:30:00+00:00,5.0,pseudo_real_time,
early,union,catboost,2017-10,0.3210799995180873,0.7,-0.3789200004819126,0.3789200004819126,0.1435803667652126,2017-08,2017-10-16T01:30:00+00:00,5.0,pseudo_real_time,
early,union,catboost,2017-11,0.3801759287156924,0.5,-0.1198240712843076,0.1198240712843076,0.0143578080591468,2017-10,2017-11-14T01:30:00+00:00,5.0,pseudo_real_time,
early,union,catboost,2017-12,0.3450624980113794,0.8,-0.4549375019886206,0.4549375019886206,0.2069681307156462,2017-11,2017-12-14T01:30:00+00:00,5.0,pseudo_real_time,
early,union,catboost,2018-01,-0.071404505803604,0.3,-0.371404505803604,0.371404505803604,0.1379413069312193,2017-12,2018-01-15T01:30:00+00:00,5.0,pseudo_real_time,
early,union,catboost,2018-02,-0.2586268026896528,-0.1,-0.1586268026896528,0.1586268026896528,0.025162462531542,2018-01,2018-02-14T01:30:00+00:00,5.0,pseudo_real_time,
early,union,catboost,2018-03,0.2594296922004018,-0.2,0.4594296922004018,0.4594296922004018,0.211075642075356,2018-02,2018-03-14T01:30:00+00:00,5.0,pseudo_real_time,
early,union,catboost,2018-04,-0.1413052029399235,-0.2,0.0586947970600764,0.0586947970600764,0.0034450792019235,2018-03,2018-04-16T01:30:00+00:00,5.0,pseudo_real_time,
early,union,catboost,2018-05,0.2061933039442171,0.4,-0.1938066960557828,0.1938066960557828,0.0375610354360586,2018-04,2018-05-14T01:30:00+00:00,5.0,pseudo_real_time,
early,union,catboost,2018-06,0.1862292287126544,0.3,-0.1137707712873455,0.1137707712873455,0.0129437883993174,2018-05,2018-06-14T01:30:00+00:00,5.0,pseudo_real_time,
early,union,catboost,2018-07,0.117073749691335,0.1,0.017073749691335,0.017073749691335,0.0002915129285223,2018-06,2018-07-16T01:30:00+00:00,5.0,pseudo_real_time,
early,union,catboost,2018-08,0.4024533855537268,0.4,0.0024533855537267,0.0024533855537267,6.019100675235167e-06,2018-07,2018-08-14T01:30:00+00:00,5.0,pseudo_real_time,
early,union,catboost,2018-09,0.4911995389544361,0.6,-0.1088004610455638,0.1088004610455638,0.0118375403237272,2018-08,2018-09-14T01:30:00+00:00,5.0,pseudo_real_time,
early,union,catboost,2018-10,0.3591265665914886,0.4,-0.0408734334085113,0.0408734334085113,0.0016706375586,2018-08,2018-10-15T01:30:00+00:00,5.0,pseudo_real_time,
early,union,catboost,2018-11,-0.1114175026774464,-0.2,0.0885824973225535,0.0885824973225535,0.0078468588319002,2018-10,2018-11-14T01:30:00+00:00,5.0,pseudo_real_time,
early,union,catboost,2018-12,-0.4218911545031367,-1.0,0.5781088454968633,0.5781088454968633,0.3342098372417161,2018-11,2018-12-14T01:30:00+00:00,5.0,pseudo_real_time,
early,union,catboost,2019-01,-0.2174700364918627,-0.6,0.3825299635081373,0.3825299635081373,0.1463291729815368,2018-12,2019-01-14T01:30:00+00:00,5.0,pseudo_real_time,
early,union,catboost,2019-04,-0.0118620186758061,0.3,-0.3118620186758061,0.3118620186758061,0.0972579186925488,2019-01,2019-04-15T01:30:00+00:00,5.0,pseudo_real_time,
early,union,catboost,2019-05,-0.0807669823712939,0.2,-0.2807669823712939,0.2807669823712939,0.0788300983898824,2019-04,2019-05-14T01:30:00+00:00,5.0,pseudo_real_time,
early,union,catboost,2019-06,-0.2786211294590763,-0.3,0.0213788705409236,0.0213788705409236,0.0004570561056055,2019-05,2019-06-14T01:30:00+00:00,5.0,pseudo_real_time,
early,union,catboost,2019-07,-0.1331354635378381,-0.2,0.0668645364621619,0.0668645364621619,0.0044708662362997,2019-06,2019-07-15T01:30:00+00:00,5.0,pseudo_real_time,
early,union,catboost,2019-08,0.0466596529921612,-0.1,0.1466596529921612,0.1466596529921612,0.0215090538157811,2019-07,2019-08-14T01:30:00+00:00,5.0,pseudo_real_time,
early,union,catboost,2019-09,0.1255479593553042,0.1,0.0255479593553042,0.0255479593553042,0.0006526982272202,2019-08,2019-09-16T01:30:00+00:00,5.0,pseudo_real_time,
early,union,catboost,2019-10,0.038646874690796,0.1,-0.0613531253092039,0.0613531253092039,0.0037642059852068,2019-08,2019-10-14T01:30:00+00:00,5.0,pseudo_real_time,
early,union,catboost,2019-11,-0.2745607597052585,-0.1,-0.1745607597052585,0.1745607597052585,0.030471458828877,2019-10,2019-11-14T01:30:00+00:00,5.0,pseudo_real_time,
early,union,catboost,2019-12,0.1875458866234517,0.0,0.1875458866234517,0.1875458866234517,0.0351734595893766,2019-11,2019-12-16T01:30:00+00:00,5.0,pseudo_real_time,
early,union,catboost,2020-01,-0.2329265038830431,0.0,-0.2329265038830431,0.2329265038830431,0.0542547562111772,2019-12,2020-01-14T01:30:00+00:00,5.0,pseudo_real_time,
early,union,catboost,2020-02,-0.1617353898377769,-0.5,0.3382646101622231,0.3382646101622231,0.1144229464882007,2020-01,2020-02-14T01:30:00+00:00,25.0,pseudo_real_time,
early,union,catboost,2020-03,-0.0589981495678749,-1.0,0.941001850432125,0.941001850432125,0.8854844825166834,2020-02,2020-03-16T01:30:00+00:00,5.0,pseudo_real_time,
early,union,catboost,2020-04,-0.4902280370474289,-1.3,0.8097719629525711,0.8097719629525711,0.6557306319840602,2020-03,2020-04-14T01:30:00+00:00,5.0,pseudo_real_time,
early,union,catboost,2020-05,-0.1711266391167672,-0.4,0.2288733608832327,0.2288733608832327,0.0523830153219865,2020-04,2020-05-14T01:30:00+00:00,5.0,pseudo_real_time,
early,union,catboost,2020-06,-0.1203935632006311,0.4,-0.5203935632006311,0.5203935632006311,0.2708094606206492,2020-05,2020-06-15T01:30:00+00:00,25.0,pseudo_real_time,
early,union,catboost,2020-07,0.0409420372042641,0.4,-0.3590579627957358,0.3590579627957358,0.128922620647024,2020-06,2020-07-14T01:30:00+00:00,5.0,pseudo_real_time,
early,union,catboost,2020-08,0.2677680546123935,0.3,-0.0322319453876064,0.0322319453876064,0.0010388983034696,2020-07,2020-08-14T01:30:00+00:00,5.0,pseudo_real_time,
early,union,catboost,2020-09,0.2838167527508117,0.1,0.1838167527508117,0.1838167527508117,0.033788598591853,2020-08,2020-09-14T01:30:00+00:00,5.0,pseudo_real_time,
early,union,catboost,2020-10,-0.1384000690248892,0.0,-0.1384000690248892,0.1384000690248892,0.0191545791060941,2020-08,2020-10-14T01:30:00+00:00,5.0,pseudo_real_time,
early,union,catboost,2020-11,0.4488736683702204,0.5,-0.0511263316297795,0.0511263316297795,0.0026139017859182,2020-10,2020-11-16T01:30:00+00:00,5.0,pseudo_real_time,
early,union,catboost,2020-12,0.5712992099728709,1.1,-0.5287007900271292,0.5287007900271292,0.2795245253753106,2020-11,2020-12-14T01:30:00+00:00,5.0,pseudo_real_time,
early,union,catboost,2021-01,0.4442860887901256,1.0,-0.5557139112098743,0.5557139112098743,0.3088179511121761,2020-12,2021-01-14T01:30:00+00:00,5.0,pseudo_real_time,
early,union,catboost,2021-02,0.080918509014578,0.8,-0.719081490985422,0.719081490985422,0.5170781906778175,2021-01,2021-02-19T01:30:00+00:00,5.0,pseudo_real_time,
early,union,catboost,2021-03,0.5582974041745217,1.6,-1.0417025958254784,1.0417025958254784,1.08514429814954,2021-02,2021-03-15T01:30:00+00:00,5.0,pseudo_real_time,
early,union,catboost,2021-04,0.4587345276186499,0.9,-0.44126547238135,0.44126547238135,0.194715217115936,2021-03,2021-04-14T01:30:00+00:00,5.0,pseudo_real_time,
early,union,catboost,2021-05,0.9976129731456256,1.6,-0.6023870268543744,0.6023870268543744,0.3628701301224528,2021-04,2021-05-14T01:30:00+00:00,5.0,pseudo_real_time,
early,union,catboost,2021-06,0.1468894748343444,0.3,-0.1531105251656555,0.1531105251656555,0.0234428329165028,2021-05,2021-06-15T01:30:00+00:00,5.0,pseudo_real_time,
early,union,catboost,2021-07,-0.0715480204204926,0.5,-0.5715480204204927,0.5715480204204927,0.3266671396465839,2021-06,2021-07-14T01:30:00+00:00,5.0,pseudo_real_time,
early,union,catboost,2021-08,0.5557903348002383,0.7,-0.1442096651997616,0.1442096651997616,0.0207964275370273,2021-07,2021-08-16T01:30:00+00:00,5.0,pseudo_real_time,
early,union,catboost,2021-09,0.4820720160724447,1.2,-0.7179279839275552,0.7179279839275552,0.5154205901062839,2021-08,2021-09-14T01:30:00+00:00,5.0,pseudo_real_time,
early,union,catboost,2021-10,0.9844184280647592,2.5,-1.5155815719352408,1.5155815719352408,2.296987501189696,2021-08,2021-10-14T01:30:00+00:00,5.0,pseudo_real_time,
early,union,catboost,2021-11,-0.1279606294257197,0.0,-0.1279606294257197,0.1279606294257197,0.0163739226830263,2021-10,2021-11-15T01:30:00+00:00,25.0,pseudo_real_time,
early,union,catboost,2021-12,-0.5193443131500788,-1.2,0.6806556868499212,0.6806556868499212,0.4632921640411379,2021-11,2021-12-14T01:30:00+00:00,5.0,pseudo_real_time,
early,union,catboost,2022-01,-0.2079926977108372,-0.2,-0.0079926977108372,0.0079926977108372,6.388321669682335e-05,2021-12,2022-01-14T01:30:00+00:00,5.0,pseudo_real_time,
early,union,catboost,2022-04,0.1817992099945689,0.6,-0.4182007900054311,0.4182007900054311,0.1748919007611666,2022-01,2022-04-14T01:30:00+00:00,5.0,pseudo_real_time,
early,union,catboost,2022-05,-0.0573005284194108,0.1,-0.1573005284194109,0.1573005284194109,0.0247434562410258,2022-04,2022-05-14T01:30:00+00:00,5.0,pseudo_real_time,
early,union,catboost,2022-06,-0.2577960654214897,0.0,-0.2577960654214897,0.2577960654214897,0.066458811346801,2022-05,2022-06-14T01:30:00+00:00,25.0,pseudo_real_time,
early,union,catboost,2022-07,-0.4315270956167629,-1.3,0.8684729043832371,0.8684729043832371,0.7542451856478553,2022-06,2022-07-14T01:30:00+00:00,25.0,pseudo_real_time,
early,union,catboost,2022-08,-0.4264299505816188,-1.2,0.7735700494183811,0.7735700494183811,0.5984106213571566,2022-07,2022-08-14T01:30:00+00:00,25.0,pseudo_real_time,
early,union,catboost,2022-09,-0.0874476228261749,-0.1,0.012552377173825,0.012552377173825,0.0001575621727139,2022-08,2022-09-14T01:30:00+00:00,5.0,pseudo_real_time,
early,union,catboost,2022-10,0.061317180351156,0.2,-0.1386828196488439,0.1386828196488439,0.0192329244657537,2022-08,2022-10-14T01:30:00+00:00,5.0,pseudo_real_time,
early,union,catboost,2022-11,-0.4419991337618458,0.1,-0.5419991337618458,0.5419991337618458,0.2937630609985912,2022-10,2022-11-14T01:30:00+00:00,25.0,pseudo_real_time,
early,union,catboost,2022-12,-0.1462523832750481,-0.5,0.3537476167249519,0.3537476167249519,0.1251373763385835,2022-11,2022-12-14T01:30:00+00:00,25.0,pseudo_real_time,
early,union,catboost,2023-01,0.1339542218391901,-0.4,0.5339542218391902,0.5339542218391902,0.2851071110198951,2022-12,2023-01-14T01:30:00+00:00,5.0,pseudo_real_time,
early,union,catboost,2023-02,0.2341829485283216,0.0,0.2341829485283216,0.2341829485283216,0.0548416533814185,2023-01,2023-02-14T01:30:00+00:00,5.0,pseudo_real_time,
early,union,catboost,2023-03,-0.0456349121427438,0.0,-0.0456349121427438,0.0456349121427438,0.0020825452062759,2023-02,2023-03-14T01:30:00+00:00,5.0,pseudo_real_time,
early,union,catboost,2023-04,-0.2088914206871658,-0.5,0.2911085793128342,0.2911085793128342,0.0847442049495366,2023-03,2023-04-14T01:30:00+00:00,5.0,pseudo_real_time,
early,union,catboost,2023-05,-0.4876312315893745,-0.9,0.4123687684106255,0.4123687684106255,0.1700480011604961,2023-04,2023-05-14T01:30:00+00:00,5.0,pseudo_real_time,
early,union,catboost,2023-06,-0.5401903925912002,-0.8,0.2598096074087999,0.2598096074087999,0.0675010321019147,2023-05,2023-06-14T01:30:00+00:00,5.0,pseudo_real_time,
early,union,catboost,2023-07,0.0182536984577724,-0.2,0.2182536984577724,0.2182536984577724,0.0476346768904962,2023-06,2023-07-14T01:30:00+00:00,5.0,pseudo_real_time,
early,union,catboost,2023-08,0.5278461186093579,0.2,0.3278461186093579,0.3278461186093579,0.1074830774872211,2023-07,2023-08-14T01:30:00+00:00,5.0,pseudo_real_time,
early,union,catboost,2023-09,0.1870390587908,0.4,-0.2129609412092,0.2129609412092,0.0453523624807083,2023-08,2023-09-14T01:30:00+00:00,5.0,pseudo_real_time,
early,union,catboost,2023-10,-0.2215246892757854,0.0,-0.2215246892757854,0.2215246892757854,0.0490731879587332,2023-09,2023-10-14T01:30:00+00:00,5.0,pseudo_real_time,
early,union,catboost,2023-11,-0.3511535638983923,-0.3,-0.0511535638983923,0.0511535638983923,0.0026166870995069,2023-10,2023-11-14T01:30:00+00:00,5.0,pseudo_real_time,
early,union,catboost,2023-12,-0.1742980475685059,-0.3,0.125701952431494,0.125701952431494,0.0158009808450895,2023-11,2023-12-14T01:30:00+00:00,5.0,pseudo_real_time,
early,union,catboost,2024-01,-0.1312508611417462,-0.2,0.0687491388582537,0.0687491388582537,0.0047264440937514,2023-12,2024-01-14T01:30:00+00:00,5.0,pseudo_real_time,
early,union,catboost,2024-02,-0.1134422346573693,-0.2,0.0865577653426307,0.0865577653426307,0.0074922467411099,2024-01,2024-02-14T01:30:00+00:00,5.0,pseudo_real_time,
early,union,catboost,2024-03,-0.0189604314159207,-0.1,0.0810395685840792,0.0810395685840792,0.0065674116762936,2024-02,2024-03-14T01:30:00+00:00,5.0,pseudo_real_time,
early,union,catboost,2024-04,-0.0859473422506091,-0.2,0.1140526577493908,0.1140526577493908,0.0130080087396996,2024-03,2024-04-14T01:30:00+00:00,5.0,pseudo_real_time,
early,union,catboost,2024-05,0.0223907218040478,0.2,-0.1776092781959521,0.1776092781959521,0.0315450557012871,2024-04,2024-05-14T01:30:00+00:00,5.0,pseudo_real_time,
early,union,catboost,2024-06,0.0152791994380215,0.1,-0.0847208005619784,0.0847208005619784,0.0071776140478625,2024-05,2024-06-14T01:30:00+00:00,5.0,pseudo_real_time,
early,union,catboost,2024-07,-0.3859806722767464,-0.2,-0.1859806722767463,0.1859806722767463,0.0345888104605105,2024-06,2024-07-14T01:30:00+00:00,5.0,pseudo_real_time,
early,union,catboost,2024-08,-0.4079515321702656,-0.7,0.2920484678297343,0.2920484678297343,0.0852923075616953,2024-07,2024-08-14T01:30:00+00:00,5.0,pseudo_real_time,
early,union,catboost,2024-09,-0.3699377725018726,-0.6,0.2300622274981273,0.2300622274981273,0.0529286285214,2024-08,2024-09-14T01:30:00+00:00,5.0,pseudo_real_time,
early,union,catboost,2024-10,0.1962894991850905,-0.1,0.2962894991850905,0.2962894991850905,0.0877874673273517,2024-09,2024-10-14T01:30:00+00:00,5.0,pseudo_real_time,
early,union,catboost,2024-11,-0.4260590938589764,-0.1,-0.3260590938589763,0.3260590938589763,0.1063145326881367,2024-10,2024-11-14T01:30:00+00:00,5.0,pseudo_real_time,
early,union,catboost,2024-12,-0.1510966392263209,-0.1,-0.0510966392263209,0.0510966392263209,0.0026108665402247,2024-11,2024-12-14T01:30:00+00:00,5.0,pseudo_real_time,
early,union,catboost,2025-01,-0.3727134696976267,-0.2,-0.1727134696976267,0.1727134696976267,0.029829942614993,2024-12,2025-01-14T01:30:00+00:00,5.0,pseudo_real_time,
early,union,catboost,2025-02,0.0415514529592555,-0.1,0.1415514529592555,0.1415514529592555,0.0200368138348763,2025-01,2025-02-14T01:30:00+00:00,5.0,pseudo_real_time,
early,union,catboost,2025-03,-0.2135295303181748,-0.4,0.1864704696818251,0.1864704696818251,0.0347712360633604,2025-02,2025-03-14T01:30:00+00:00,5.0,pseudo_real_time,
early,union,catboost,2025-04,-0.3372508371402232,-0.4,0.0627491628597767,0.0627491628597767,0.0039374574396027,2025-03,2025-04-14T01:30:00+00:00,5.0,pseudo_real_time,
early,union,catboost,2025-05,-0.5491316684664899,-0.4,-0.1491316684664898,0.1491316684664898,0.022240254539599,2025-04,2025-05-14T01:30:00+00:00,5.0,pseudo_real_time,
early,union,catboost,2025-06,-0.1480025055967537,-0.4,0.2519974944032462,0.2519974944032462,0.0635027371855141,2025-05,2025-06-14T01:30:00+00:00,5.0,pseudo_real_time,
early,union,catboost,2025-07,0.1813538652344443,-0.2,0.3813538652344443,0.3813538652344443,0.1454307705292507,2025-06,2025-07-14T01:30:00+00:00,5.0,pseudo_real_time,
early,union,catboost,2025-08,0.0705098370422286,0.0,0.0705098370422286,0.0705098370422286,0.0049716371197216,2025-07,2025-08-14T01:30:00+00:00,5.0,pseudo_real_time,
early,union,catboost,2025-09,-0.2351938888325113,0.0,-0.2351938888325113,0.2351938888325113,0.0553161653441597,2025-08,2025-09-14T01:30:00+00:00,5.0,pseudo_real_time,
early,union,catboost,2025-12,-0.077961466737432,0.2,-0.277961466737432,0.277961466737432,0.0772625769908245,2025-09,2025-12-14T01:30:00+00:00,5.0,pseudo_real_time,
early,union,catboost,2026-01,-0.2581906451473366,0.4,-0.6581906451473366,0.6581906451473366,0.4332149253594671,2025-12,2026-01-14T01:30:00+00:00,5.0,pseudo_real_time,
early,union,catboost,2026-02,-0.1385898758043493,0.4,-0.5385898758043494,0.5385898758043494,0.2900790543189445,2026-01,2026-02-14T01:30:00+00:00,5.0,pseudo_real_time,
early,union,catboost,2026-03,0.1841538368357053,1.0,-0.8158461631642947,0.8158461631642947,0.6656049619499009,2026-02,2026-03-14T01:30:00+00:00,5.0,pseudo_real_time,
early,union,catboost,2026-04,0.5173198458943433,1.7,-1.1826801541056566,1.1826801541056566,1.3987323469153796,2026-03,2026-04-14T01:30:00+00:00,5.0,pseudo_real_time,
early,union,catboost,2026-05,0.1493815449216418,0.5,-0.3506184550783582,0.3506184550783582,0.1229333010415346,2026-04,2026-05-14T01:30:00+00:00,5.0,pseudo_real_time,
early,union,catboost,2026-06,-0.1176141375513653,-0.3,0.1823858624486346,0.1823858624486346,0.0332646028211322,2026-05,2026-06-14T01:30:00+00:00,5.0,pseudo_real_time,
early,union,catboost,2026-07,-0.2847702601775668,-0.7,0.4152297398224331,0.4152297398224331,0.1724157368330055,2026-06,2026-07-14T01:30:00+00:00,5.0,pseudo_real_time,
early,union,catboost,2026-08,0.1120572358260967,0.4,-0.2879427641739033,0.2879427641739033,0.082911035440108,2026-07,2026-08-14T01:30:00+00:00,5.0,pseudo_real_time,
early,union,lightgbm,2016-04,-0.2881119318446911,0.7,-0.988111931844691,0.988111931844691,0.9763651898538472,2016-01,2016-04-14T01:30:00+00:00,25.0,pseudo_real_time,
early,union,lightgbm,2016-05,-0.1646196971023983,0.5,-0.6646196971023983,0.6646196971023983,0.4417193417764837,2016-04,2016-05-16T01:30:00+00:00,5.0,pseudo_real_time,
early,union,lightgbm,2016-06,-0.3197029990522664,-0.2,-0.1197029990522663,0.1197029990522663,0.0143288079821068,2016-05,2016-06-14T01:30:00+00:00,5.0,pseudo_real_time,
early,union,lightgbm,2016-07,-0.0970441261085123,0.2,-0.2970441261085123,0.2970441261085123,0.0882352128555697,2016-06,2016-07-14T01:30:00+00:00,5.0,pseudo_real_time,
early,union,lightgbm,2016-08,-0.0480606485341592,0.2,-0.2480606485341593,0.2480606485341593,0.0615340853511877,2016-07,2016-08-15T01:30:00+00:00,5.0,pseudo_real_time,
early,union,lightgbm,2016-09,0.2086826406761185,0.5,-0.2913173593238815,0.2913173593238815,0.0848658038434394,2016-08,2016-09-14T01:30:00+00:00,5.0,pseudo_real_time,
early,union,lightgbm,2016-10,0.0226838132358504,0.7,-0.6773161867641495,0.6773161867641495,0.4587572168527282,2016-08,2016-10-14T01:30:00+00:00,5.0,pseudo_real_time,
early,union,lightgbm,2016-11,0.2392245221644297,1.5,-1.2607754778355702,1.2607754778355702,1.5895548055115103,2016-10,2016-11-14T01:30:00+00:00,5.0,pseudo_real_time,
early,union,lightgbm,2016-12,0.4510850968068069,1.6,-1.1489149031931931,1.1489149031931931,1.3200054547794242,2016-11,2016-12-14T01:30:00+00:00,5.0,pseudo_real_time,
early,union,lightgbm,2017-01,0.5445255686453013,0.8,-0.2554744313546987,0.2554744313546987,0.0652671850760066,2016-12,2017-01-16T01:30:00+00:00,5.0,pseudo_real_time,
early,union,lightgbm,2017-02,0.2852088912470098,0.6,-0.3147911087529901,0.3147911087529901,0.0990934421499368,2016-12,2017-02-14T01:30:00+00:00,5.0,pseudo_real_time,
early,union,lightgbm,2017-03,0.4300068567073927,0.3,0.1300068567073927,0.1300068567073927,0.0169017827909365,2017-02,2017-03-14T01:30:00+00:00,5.0,pseudo_real_time,
early,union,lightgbm,2017-04,-0.1566951116201211,-0.4,0.2433048883798789,0.2433048883798789,0.0591972687095453,2017-03,2017-04-14T01:30:00+00:00,5.0,pseudo_real_time,
early,union,lightgbm,2017-05,-0.1529676926848001,-0.3,0.1470323073151998,0.1470323073151998,0.0216184993944313,2017-04,2017-05-15T01:30:00+00:00,5.0,pseudo_real_time,
early,union,lightgbm,2017-06,-0.0705977543739534,-0.2,0.1294022456260465,0.1294022456260465,0.0167449411730636,2017-05,2017-06-14T01:30:00+00:00,5.0,pseudo_real_time,
early,union,lightgbm,2017-07,0.3963040443705553,0.2,0.1963040443705552,0.1963040443705552,0.0385352778362369,2017-06,2017-07-14T01:30:00+00:00,5.0,pseudo_real_time,
early,union,lightgbm,2017-08,0.5790479755892989,0.9,-0.3209520244107011,0.3209520244107011,0.1030102019733273,2017-07,2017-08-14T01:30:00+00:00,5.0,pseudo_real_time,
early,union,lightgbm,2017-09,0.7270252692536263,1.0,-0.2729747307463737,0.2729747307463737,0.0745152036260552,2017-08,2017-09-14T01:30:00+00:00,5.0,pseudo_real_time,
early,union,lightgbm,2017-10,0.332140934477399,0.7,-0.3678590655226009,0.3678590655226009,0.1353202920871612,2017-08,2017-10-16T01:30:00+00:00,5.0,pseudo_real_time,
early,union,lightgbm,2017-11,0.1204450793501305,0.5,-0.3795549206498694,0.3795549206498694,0.1440619377895286,2017-10,2017-11-14T01:30:00+00:00,5.0,pseudo_real_time,
early,union,lightgbm,2017-12,0.3837911216769652,0.8,-0.4162088783230348,0.4162088783230348,0.1732298303949188,2017-11,2017-12-14T01:30:00+00:00,5.0,pseudo_real_time,
early,union,lightgbm,2018-01,-0.0924564884515151,0.3,-0.3924564884515151,0.3924564884515151,0.1540220953276942,2017-12,2018-01-15T01:30:00+00:00,5.0,pseudo_real_time,
early,union,lightgbm,2018-02,-0.2310535124596541,-0.1,-0.1310535124596541,0.1310535124596541,0.0171750231280127,2018-01,2018-02-14T01:30:00+00:00,5.0,pseudo_real_time,
early,union,lightgbm,2018-03,0.3960854866222758,-0.2,0.5960854866222758,0.5960854866222758,0.3553179073617153,2018-02,2018-03-14T01:30:00+00:00,5.0,pseudo_real_time,
early,union,lightgbm,2018-04,-0.3205202264081153,-0.2,-0.1205202264081153,0.1205202264081153,0.0145251249734633,2018-03,2018-04-16T01:30:00+00:00,5.0,pseudo_real_time,
early,union,lightgbm,2018-05,0.2635809019537991,0.4,-0.1364190980462009,0.1364190980462009,0.0186101703117389,2018-04,2018-05-14T01:30:00+00:00,5.0,pseudo_real_time,
early,union,lightgbm,2018-06,0.014821531738596,0.3,-0.2851784682614039,0.2851784682614039,0.0813267587599205,2018-05,2018-06-14T01:30:00+00:00,5.0,pseudo_real_time,
early,union,lightgbm,2018-07,0.1352390023283257,0.1,0.0352390023283256,0.0352390023283256,0.0012417872850957,2018-06,2018-07-16T01:30:00+00:00,5.0,pseudo_real_time,
early,union,lightgbm,2018-08,0.5826233307897094,0.4,0.1826233307897093,0.1826233307897093,0.0333512809487276,2018-07,2018-08-14T01:30:00+00:00,5.0,pseudo_real_time,
early,union,lightgbm,2018-09,0.4711514849765558,0.6,-0.1288485150234441,0.1288485150234441,0.0166019398237467,2018-08,2018-09-14T01:30:00+00:00,5.0,pseudo_real_time,
early,union,lightgbm,2018-10,0.3996828950176574,0.4,-0.0003171049823425,0.0003171049823425,1.0055556982647093e-07,2018-08,2018-10-15T01:30:00+00:00,5.0,pseudo_real_time,
early,union,lightgbm,2018-11,-0.1578400864432818,-0.2,0.0421599135567181,0.0421599135567181,0.0017774583111099,2018-10,2018-11-14T01:30:00+00:00,5.0,pseudo_real_time,
early,union,lightgbm,2018-12,-0.2928554844263703,-1.0,0.7071445155736297,0.7071445155736297,0.5000533659058634,2018-11,2018-12-14T01:30:00+00:00,5.0,pseudo_real_time,
early,union,lightgbm,2019-01,-0.315477990211053,-0.6,0.2845220097889469,0.2845220097889469,0.0809527740543416,2018-12,2019-01-14T01:30:00+00:00,5.0,pseudo_real_time,
early,union,lightgbm,2019-04,-0.0344760472866976,0.3,-0.3344760472866976,0.3344760472866976,0.1118742262085331,2019-01,2019-04-15T01:30:00+00:00,5.0,pseudo_real_time,
early,union,lightgbm,2019-05,-0.0946537269745357,0.2,-0.2946537269745358,0.2946537269745358,0.0868208188199842,2019-04,2019-05-14T01:30:00+00:00,5.0,pseudo_real_time,
early,union,lightgbm,2019-06,-0.331947822328333,-0.3,-0.031947822328333,0.031947822328333,0.0010206633515227,2019-05,2019-06-14T01:30:00+00:00,5.0,pseudo_real_time,
early,union,lightgbm,2019-07,-0.1173232128945817,-0.2,0.0826767871054183,0.0826767871054183,0.0068354511260746,2019-06,2019-07-15T01:30:00+00:00,5.0,pseudo_real_time,
early,union,lightgbm,2019-08,0.1151484556868663,-0.1,0.2151484556868663,0.2151484556868663,0.0462888579844434,2019-07,2019-08-14T01:30:00+00:00,5.0,pseudo_real_time,
early,union,lightgbm,2019-09,0.1648302246616211,0.1,0.0648302246616211,0.0648302246616211,0.0042029580296762,2019-08,2019-09-16T01:30:00+00:00,5.0,pseudo_real_time,
early,union,lightgbm,2019-10,-0.0559330058931522,0.1,-0.1559330058931522,0.1559330058931522,0.0243151023268738,2019-08,2019-10-14T01:30:00+00:00,5.0,pseudo_real_time,
early,union,lightgbm,2019-11,-0.3401922258481612,-0.1,-0.2401922258481612,0.2401922258481612,0.057692305357894,2019-10,2019-11-14T01:30:00+00:00,5.0,pseudo_real_time,
early,union,lightgbm,2019-12,0.2988672380248092,0.0,0.2988672380248092,0.2988672380248092,0.0893216259645779,2019-11,2019-12-16T01:30:00+00:00,5.0,pseudo_real_time,
early,union,lightgbm,2020-01,-0.2436235001587539,0.0,-0.2436235001587539,0.2436235001587539,0.0593524098296023,2019-12,2020-01-14T01:30:00+00:00,5.0,pseudo_real_time,
early,union,lightgbm,2020-02,-0.2712478362943789,-0.5,0.2287521637056211,0.2287521637056211,0.0523275524000032,2020-01,2020-02-14T01:30:00+00:00,5.0,pseudo_real_time,
early,union,lightgbm,2020-03,-0.047371504385338,-1.0,0.952628495614662,0.952628495614662,0.907501050657054,2020-02,2020-03-16T01:30:00+00:00,5.0,pseudo_real_time,
early,union,lightgbm,2020-04,-0.602146225563897,-1.3,0.6978537744361031,0.6978537744361031,0.4869998904947154,2020-03,2020-04-14T01:30:00+00:00,5.0,pseudo_real_time,
early,union,lightgbm,2020-05,-0.0745566878664311,-0.4,0.3254433121335688,0.3254433121335688,0.1059133494124675,2020-04,2020-05-14T01:30:00+00:00,5.0,pseudo_real_time,
early,union,lightgbm,2020-06,-0.1010243406691164,0.4,-0.5010243406691165,0.5010243406691165,0.2510253899429229,2020-05,2020-06-15T01:30:00+00:00,5.0,pseudo_real_time,
early,union,lightgbm,2020-07,0.1957048904274592,0.4,-0.2042951095725408,0.2042951095725408,0.0417364917952564,2020-06,2020-07-14T01:30:00+00:00,5.0,pseudo_real_time,
early,union,lightgbm,2020-08,0.2557578621475783,0.3,-0.0442421378524217,0.0442421378524217,0.0019573667617526,2020-07,2020-08-14T01:30:00+00:00,5.0,pseudo_real_time,
early,union,lightgbm,2020-09,0.4037205126029379,0.1,0.303720512602938,0.303720512602938,0.0922461497757914,2020-08,2020-09-14T01:30:00+00:00,5.0,pseudo_real_time,
early,union,lightgbm,2020-10,-0.1321317824719959,0.0,-0.1321317824719959,0.1321317824719959,0.0174588079392268,2020-08,2020-10-14T01:30:00+00:00,5.0,pseudo_real_time,
early,union,lightgbm,2020-11,0.6072310370693651,0.5,0.1072310370693651,0.1072310370693651,0.0114984953109715,2020-10,2020-11-16T01:30:00+00:00,5.0,pseudo_real_time,
early,union,lightgbm,2020-12,0.7350813095310406,1.1,-0.3649186904689595,0.3649186904689595,0.1331656506535803,2020-11,2020-12-14T01:30:00+00:00,5.0,pseudo_real_time,
early,union,lightgbm,2021-01,0.4876929494700353,1.0,-0.5123070505299647,0.5123070505299647,0.2624585140227118,2020-12,2021-01-14T01:30:00+00:00,5.0,pseudo_real_time,
early,union,lightgbm,2021-02,-0.1368832338150561,0.8,-0.9368832338150562,0.9368832338150562,0.8777501938037573,2021-01,2021-02-19T01:30:00+00:00,5.0,pseudo_real_time,
early,union,lightgbm,2021-03,0.5493810901624738,1.6,-1.0506189098375265,1.0506189098375265,1.1038000937081922,2021-02,2021-03-15T01:30:00+00:00,5.0,pseudo_real_time,
early,union,lightgbm,2021-04,0.4294643273202411,0.9,-0.4705356726797589,0.4705356726797589,0.2214038192641932,2021-03,2021-04-14T01:30:00+00:00,5.0,pseudo_real_time,
early,union,lightgbm,2021-05,1.006748142132762,1.6,-0.5932518578672381,0.5932518578672381,0.3519477668629296,2021-04,2021-05-14T01:30:00+00:00,5.0,pseudo_real_time,
early,union,lightgbm,2021-06,0.2904576728941925,0.3,-0.0095423271058074,0.0095423271058074,9.105600659422732e-05,2021-05,2021-06-15T01:30:00+00:00,5.0,pseudo_real_time,
early,union,lightgbm,2021-07,-0.0585266656262219,0.5,-0.5585266656262219,0.5585266656262219,0.3119520362155454,2021-06,2021-07-14T01:30:00+00:00,5.0,pseudo_real_time,
early,union,lightgbm,2021-08,0.652929761829425,0.7,-0.0470702381705749,0.0470702381705749,0.0022156073214346,2021-07,2021-08-16T01:30:00+00:00,5.0,pseudo_real_time,
early,union,lightgbm,2021-09,0.4235914684060053,1.2,-0.7764085315939946,0.7764085315939946,0.6028102079319428,2021-08,2021-09-14T01:30:00+00:00,5.0,pseudo_real_time,
early,union,lightgbm,2021-10,0.8682361574779837,2.5,-1.6317638425220164,1.6317638425220164,2.6626532377622163,2021-08,2021-10-14T01:30:00+00:00,5.0,pseudo_real_time,
early,union,lightgbm,2021-11,-0.2304048805911055,0.0,-0.2304048805911055,0.2304048805911055,0.0530864090002016,2021-10,2021-11-15T01:30:00+00:00,5.0,pseudo_real_time,
early,union,lightgbm,2021-12,-0.6926120688354382,-1.2,0.5073879311645617,0.5073879311645617,0.257442512691454,2021-11,2021-12-14T01:30:00+00:00,5.0,pseudo_real_time,
early,union,lightgbm,2022-01,-0.246904790270957,-0.2,-0.046904790270957,0.046904790270957,0.0022000593503624,2021-12,2022-01-14T01:30:00+00:00,5.0,pseudo_real_time,
early,union,lightgbm,2022-04,0.3620219950505057,0.6,-0.2379780049494942,0.2379780049494942,0.0566335308397415,2022-01,2022-04-14T01:30:00+00:00,5.0,pseudo_real_time,
early,union,lightgbm,2022-05,0.2851306203920948,0.1,0.1851306203920948,0.1851306203920948,0.0342733466067619,2022-04,2022-05-14T01:30:00+00:00,5.0,pseudo_real_time,
early,union,lightgbm,2022-06,-0.1655101371787861,0.0,-0.1655101371787861,0.1655101371787861,0.0273936055089406,2022-05,2022-06-14T01:30:00+00:00,5.0,pseudo_real_time,
early,union,lightgbm,2022-07,-0.4939338455840503,-1.3,0.8060661544159498,0.8060661544159498,0.6497426452949178,2022-06,2022-07-14T01:30:00+00:00,5.0,pseudo_real_time,
early,union,lightgbm,2022-08,-0.766983426406871,-1.2,0.4330165735931289,0.4330165735931289,0.1875033530063336,2022-07,2022-08-14T01:30:00+00:00,5.0,pseudo_real_time,
early,union,lightgbm,2022-09,-0.1524479022869341,-0.1,-0.0524479022869341,0.0524479022869341,0.0027507824542997,2022-08,2022-09-14T01:30:00+00:00,5.0,pseudo_real_time,
early,union,lightgbm,2022-10,-0.0717330382312834,0.2,-0.2717330382312834,0.2717330382312834,0.0738388440664041,2022-08,2022-10-14T01:30:00+00:00,5.0,pseudo_real_time,
early,union,lightgbm,2022-11,-0.7805264719417435,0.1,-0.8805264719417435,0.8805264719417435,0.775326867790174,2022-10,2022-11-14T01:30:00+00:00,5.0,pseudo_real_time,
early,union,lightgbm,2022-12,-0.2454763617569502,-0.5,0.2545236382430497,0.2545236382430497,0.0647822824244788,2022-11,2022-12-14T01:30:00+00:00,5.0,pseudo_real_time,
early,union,lightgbm,2023-01,0.1621561774625856,-0.4,0.5621561774625856,0.5621561774625856,0.316019567859346,2022-12,2023-01-14T01:30:00+00:00,5.0,pseudo_real_time,
early,union,lightgbm,2023-02,0.3111918726488087,0.0,0.3111918726488087,0.3111918726488087,0.0968403816026724,2023-01,2023-02-14T01:30:00+00:00,5.0,pseudo_real_time,
early,union,lightgbm,2023-03,-0.1724362872488361,0.0,-0.1724362872488361,0.1724362872488361,0.0297342731601631,2023-02,2023-03-14T01:30:00+00:00,5.0,pseudo_real_time,
early,union,lightgbm,2023-04,-0.0834159222642636,-0.5,0.4165840777357363,0.4165840777357363,0.173542293822934,2023-03,2023-04-14T01:30:00+00:00,5.0,pseudo_real_time,
early,union,lightgbm,2023-05,-0.4701391170684753,-0.9,0.4298608829315247,0.4298608829315247,0.1847803786746699,2023-04,2023-05-14T01:30:00+00:00,5.0,pseudo_real_time,
early,union,lightgbm,2023-06,-0.6111937955625596,-0.8,0.1888062044374404,0.1888062044374404,0.0356477828340725,2023-05,2023-06-14T01:30:00+00:00,5.0,pseudo_real_time,
early,union,lightgbm,2023-07,-0.0937246620690518,-0.2,0.1062753379309482,0.1062753379309482,0.0112944474523372,2023-06,2023-07-14T01:30:00+00:00,5.0,pseudo_real_time,
early,union,lightgbm,2023-08,0.5426585534212472,0.2,0.3426585534212472,0.3426585534212472,0.1174148842327417,2023-07,2023-08-14T01:30:00+00:00,5.0,pseudo_real_time,
early,union,lightgbm,2023-09,0.148679548849349,0.4,-0.2513204511506509,0.2513204511506509,0.0631619691665667,2023-08,2023-09-14T01:30:00+00:00,5.0,pseudo_real_time,
early,union,lightgbm,2023-10,-0.0971949497159961,0.0,-0.0971949497159961,0.0971949497159961,0.009446858250295,2023-09,2023-10-14T01:30:00+00:00,5.0,pseudo_real_time,
early,union,lightgbm,2023-11,-0.4560412580720211,-0.3,-0.1560412580720211,0.1560412580720211,0.0243488742206991,2023-10,2023-11-14T01:30:00+00:00,5.0,pseudo_real_time,
early,union,lightgbm,2023-12,-0.1890317688831897,-0.3,0.1109682311168102,0.1109682311168102,0.0123139483171938,2023-11,2023-12-14T01:30:00+00:00,5.0,pseudo_real_time,
early,union,lightgbm,2024-01,-0.1829798481074539,-0.2,0.017020151892546,0.017020151892546,0.0002896855704453,2023-12,2024-01-14T01:30:00+00:00,5.0,pseudo_real_time,
early,union,lightgbm,2024-02,-0.1471646066731091,-0.2,0.0528353933268909,0.0528353933268909,0.0027915787880072,2024-01,2024-02-14T01:30:00+00:00,5.0,pseudo_real_time,
early,union,lightgbm,2024-03,0.0930369461167983,-0.1,0.1930369461167983,0.1930369461167983,0.0372632625660997,2024-02,2024-03-14T01:30:00+00:00,5.0,pseudo_real_time,
early,union,lightgbm,2024-04,-0.1562077843549336,-0.2,0.0437922156450664,0.0437922156450664,0.0019177581511039,2024-03,2024-04-14T01:30:00+00:00,5.0,pseudo_real_time,
early,union,lightgbm,2024-05,-0.0163902897475393,0.2,-0.2163902897475393,0.2163902897475393,0.046824757497024,2024-04,2024-05-14T01:30:00+00:00,5.0,pseudo_real_time,
early,union,lightgbm,2024-06,0.0628732157407643,0.1,-0.0371267842592356,0.0371267842592356,0.0013783981094318,2024-05,2024-06-14T01:30:00+00:00,5.0,pseudo_real_time,
early,union,lightgbm,2024-07,-0.3476133132304106,-0.2,-0.1476133132304106,0.1476133132304106,0.0217896902428593,2024-06,2024-07-14T01:30:00+00:00,5.0,pseudo_real_time,
early,union,lightgbm,2024-08,-0.437785945148405,-0.7,0.2622140548515949,0.2622140548515949,0.0687562105617152,2024-07,2024-08-14T01:30:00+00:00,5.0,pseudo_real_time,
early,union,lightgbm,2024-09,-0.5216657948530576,-0.6,0.0783342051469423,0.0783342051469423,0.0061362476960032,2024-08,2024-09-14T01:30:00+00:00,5.0,pseudo_real_time,
early,union,lightgbm,2024-10,0.2248503311978378,-0.1,0.3248503311978378,0.3248503311978378,0.1055277376793449,2024-09,2024-10-14T01:30:00+00:00,5.0,pseudo_real_time,
early,union,lightgbm,2024-11,-0.4914175478145644,-0.1,-0.3914175478145644,0.3914175478145644,0.1532076967371668,2024-10,2024-11-14T01:30:00+00:00,5.0,pseudo_real_time,
early,union,lightgbm,2024-12,-0.0903941220554211,-0.1,0.0096058779445788,0.0096058779445788,9.227289108614602e-05,2024-11,2024-12-14T01:30:00+00:00,5.0,pseudo_real_time,
early,union,lightgbm,2025-01,-0.4344976398310212,-0.2,-0.2344976398310212,0.2344976398310212,0.0549891430863193,2024-12,2025-01-14T01:30:00+00:00,5.0,pseudo_real_time,
early,union,lightgbm,2025-02,0.0296890797439303,-0.1,0.1296890797439303,0.1296890797439303,0.0168192574048275,2025-01,2025-02-14T01:30:00+00:00,5.0,pseudo_real_time,
early,union,lightgbm,2025-03,-0.2769893526882367,-0.4,0.1230106473117632,0.1230106473117632,0.015131619352059,2025-02,2025-03-14T01:30:00+00:00,5.0,pseudo_real_time,
early,union,lightgbm,2025-04,-0.3381262231081518,-0.4,0.0618737768918482,0.0618737768918482,0.0038283642668622,2025-03,2025-04-14T01:30:00+00:00,5.0,pseudo_real_time,
early,union,lightgbm,2025-05,-0.7160187552383712,-0.4,-0.3160187552383712,0.3160187552383712,0.0998678536624095,2025-04,2025-05-14T01:30:00+00:00,5.0,pseudo_real_time,
early,union,lightgbm,2025-06,-0.1480371474571627,-0.4,0.2519628525428372,0.2519628525428372,0.0634852790615235,2025-05,2025-06-14T01:30:00+00:00,5.0,pseudo_real_time,
early,union,lightgbm,2025-07,0.1602618691788375,-0.2,0.3602618691788375,0.3602618691788375,0.1297886143842298,2025-06,2025-07-14T01:30:00+00:00,5.0,pseudo_real_time,
early,union,lightgbm,2025-08,0.0340090182615377,0.0,0.0340090182615377,0.0340090182615377,0.0011566133231136,2025-07,2025-08-14T01:30:00+00:00,5.0,pseudo_real_time,
early,union,lightgbm,2025-09,-0.1956463844514195,0.0,-0.1956463844514195,0.1956463844514195,0.0382775077489126,2025-08,2025-09-14T01:30:00+00:00,5.0,pseudo_real_time,
early,union,lightgbm,2025-12,-0.0077305012529135,0.2,-0.2077305012529135,0.2077305012529135,0.0431519611507867,2025-09,2025-12-14T01:30:00+00:00,5.0,pseudo_real_time,
early,union,lightgbm,2026-01,-0.1947020074561039,0.4,-0.594702007456104,0.594702007456104,0.35367047767232,2025-12,2026-01-14T01:30:00+00:00,5.0,pseudo_real_time,
early,union,lightgbm,2026-02,0.0387325610806129,0.4,-0.3612674389193871,0.3612674389193871,0.1305141624233731,2026-01,2026-02-14T01:30:00+00:00,5.0,pseudo_real_time,
early,union,lightgbm,2026-03,0.4637160662648192,1.0,-0.5362839337351808,0.5362839337351808,0.2876004575824797,2026-02,2026-03-14T01:30:00+00:00,5.0,pseudo_real_time,
early,union,lightgbm,2026-04,0.646027553682629,1.7,-1.053972446317371,1.053972446317371,1.1108579175962234,2026-03,2026-04-14T01:30:00+00:00,5.0,pseudo_real_time,
early,union,lightgbm,2026-05,0.2656458588643829,0.5,-0.2343541411356171,0.2343541411356171,0.0549218634674127,2026-04,2026-05-14T01:30:00+00:00,5.0,pseudo_real_time,
early,union,lightgbm,2026-06,0.0789706333475959,-0.3,0.3789706333475959,0.3789706333475959,0.1436187409398779,2026-05,2026-06-14T01:30:00+00:00,5.0,pseudo_real_time,
early,union,lightgbm,2026-07,-0.1772711443985339,-0.7,0.522728855601466,0.522728855601466,0.2732454564784182,2026-06,2026-07-14T01:30:00+00:00,5.0,pseudo_real_time,
early,union,lightgbm,2026-08,0.4108955117266082,0.4,0.0108955117266082,0.0108955117266082,0.0001187121757846,2026-07,2026-08-14T01:30:00+00:00,5.0,pseudo_real_time,
early,union,no_change,2016-04,0.0,0.7,-0.7,0.7,0.4899999999999999,2016-01,2016-04-14T01:30:00+00:00,,pseudo_real_time,
early,union,historical_mean,2016-04,-0.4083333333333334,0.7,-1.1083333333333334,1.1083333333333334,1.228402777777778,2016-01,2016-04-14T01:30:00+00:00,,pseudo_real_time,
early,union,last_available_actual,2016-04,-0.5,0.7,-1.2,1.2,1.44,2016-01,2016-04-14T01:30:00+00:00,,pseudo_real_time,
early,union,no_change,2016-05,0.0,0.5,-0.5,0.5,0.25,2016-04,2016-05-16T01:30:00+00:00,,pseudo_real_time,
early,union,historical_mean,2016-05,-0.364,0.5,-0.8640000000000001,0.8640000000000001,0.7464960000000002,2016-04,2016-05-16T01:30:00+00:00,,pseudo_real_time,
early,union,last_available_actual,2016-05,0.7,0.5,0.1999999999999999,0.1999999999999999,0.0399999999999999,2016-04,2016-05-16T01:30:00+00:00,,pseudo_real_time,
early,union,no_change,2016-06,0.0,-0.2,0.2,0.2,0.04,2016-05,2016-06-14T01:30:00+00:00,,pseudo_real_time,
early,union,historical_mean,2016-06,-0.3307692307692308,-0.2,-0.1307692307692308,0.1307692307692308,0.0171005917159763,2016-05,2016-06-14T01:30:00+00:00,,pseudo_real_time,
early,union,last_available_actual,2016-06,0.5,-0.2,0.7,0.7,0.4899999999999999,2016-05,2016-06-14T01:30:00+00:00,,pseudo_real_time,
early,union,no_change,2016-07,0.0,0.2,-0.2,0.2,0.04,2016-06,2016-07-14T01:30:00+00:00,,pseudo_real_time,
early,union,historical_mean,2016-07,-0.3259259259259259,0.2,-0.5259259259259259,0.5259259259259259,0.2765980795610425,2016-06,2016-07-14T01:30:00+00:00,,pseudo_real_time,
early,union,last_available_actual,2016-07,-0.2,0.2,-0.4,0.4,0.16,2016-06,2016-07-14T01:30:00+00:00,,pseudo_real_time,
early,union,no_change,2016-08,0.0,0.2,-0.2,0.2,0.04,2016-07,2016-08-15T01:30:00+00:00,,pseudo_real_time,
early,union,historical_mean,2016-08,-0.3071428571428572,0.2,-0.5071428571428572,0.5071428571428572,0.2571938775510205,2016-07,2016-08-15T01:30:00+00:00,,pseudo_real_time,
early,union,last_available_actual,2016-08,0.2,0.2,0.0,0.0,0.0,2016-07,2016-08-15T01:30:00+00:00,,pseudo_real_time,
early,union,no_change,2016-09,0.0,0.5,-0.5,0.5,0.25,2016-08,2016-09-14T01:30:00+00:00,,pseudo_real_time,
early,union,historical_mean,2016-09,-0.2896551724137932,0.5,-0.7896551724137932,0.7896551724137932,0.6235552913198575,2016-08,2016-09-14T01:30:00+00:00,,pseudo_real_time,
early,union,last_available_actual,2016-09,0.2,0.5,-0.3,0.3,0.09,2016-08,2016-09-14T01:30:00+00:00,,pseudo_real_time,
early,union,no_change,2016-10,0.0,0.7,-0.7,0.7,0.4899999999999999,2016-08,2016-10-14T01:30:00+00:00,,pseudo_real_time,
early,union,historical_mean,2016-10,-0.2896551724137932,0.7,-0.9896551724137932,0.9896551724137932,0.9794173602853748,2016-08,2016-10-14T01:30:00+00:00,,pseudo_real_time,
early,union,last_available_actual,2016-10,0.2,0.7,-0.4999999999999999,0.4999999999999999,0.2499999999999999,2016-08,2016-10-14T01:30:00+00:00,,pseudo_real_time,
early,union,no_change,2016-11,0.0,1.5,-1.5,1.5,2.25,2016-10,2016-11-14T01:30:00+00:00,,pseudo_real_time,
early,union,historical_mean,2016-11,-0.2322580645161291,1.5,-1.7322580645161292,1.7322580645161292,3.000718002081166,2016-10,2016-11-14T01:30:00+00:00,,pseudo_real_time,
early,union,last_available_actual,2016-11,0.7,1.5,-0.8,0.8,0.6400000000000001,2016-10,2016-11-14T01:30:00+00:00,,pseudo_real_time,
early,union,no_change,2016-12,0.0,1.6,-1.6,1.6,2.5600000000000005,2016-11,2016-12-14T01:30:00+00:00,,pseudo_real_time,
early,union,historical_mean,2016-12,-0.178125,1.6,-1.7781250000000002,1.7781250000000002,3.161728515625001,2016-11,2016-12-14T01:30:00+00:00,,pseudo_real_time,
early,union,last_available_actual,2016-12,1.5,1.6,-0.1,0.1,0.01,2016-11,2016-12-14T01:30:00+00:00,,pseudo_real_time,
early,union,no_change,2017-01,0.0,0.8,-0.8,0.8,0.6400000000000001,2016-12,2017-01-16T01:30:00+00:00,,pseudo_real_time,
early,union,historical_mean,2017-01,-0.1242424242424242,0.8,-0.9242424242424244,0.9242424242424244,0.8542240587695135,2016-12,2017-01-16T01:30:00+00:00,,pseudo_real_time,
early,union,last_available_actual,2017-01,1.6,0.8,0.8,0.8,0.6400000000000001,2016-12,2017-01-16T01:30:00+00:00,,pseudo_real_time,
early,union,no_change,2017-02,0.0,0.6,-0.6,0.6,0.36,2016-12,2017-02-14T01:30:00+00:00,,pseudo_real_time,
early,union,historical_mean,2017-02,-0.1242424242424242,0.6,-0.7242424242424242,0.7242424242424242,0.5245270890725436,2016-12,2017-02-14T01:30:00+00:00,,pseudo_real_time,
early,union,last_available_actual,2017-02,1.6,0.6,1.0,1.0,1.0,2016-12,2017-02-14T01:30:00+00:00,,pseudo_real_time,
early,union,no_change,2017-03,0.0,0.3,-0.3,0.3,0.09,2017-02,2017-03-14T01:30:00+00:00,,pseudo_real_time,
early,union,historical_mean,2017-03,-0.0771428571428571,0.3,-0.3771428571428571,0.3771428571428571,0.1422367346938775,2017-02,2017-03-14T01:30:00+00:00,,pseudo_real_time,
early,union,last_available_actual,2017-03,0.6,0.3,0.3,0.3,0.09,2017-02,2017-03-14T01:30:00+00:00,,pseudo_real_time,
early,union,no_change,2017-04,0.0,-0.4,0.4,0.4,0.16,2017-03,2017-04-14T01:30:00+00:00,,pseudo_real_time,
early,union,historical_mean,2017-04,-0.0666666666666666,-0.4,0.3333333333333333,0.3333333333333333,0.1111111111111111,2017-03,2017-04-14T01:30:00+00:00,,pseudo_real_time,
early,union,last_available_actual,2017-04,0.3,-0.4,0.7,0.7,0.4899999999999999,2017-03,2017-04-14T01:30:00+00:00,,pseudo_real_time,
early,union,no_change,2017-05,0.0,-0.3,0.3,0.3,0.09,2017-04,2017-05-15T01:30:00+00:00,,pseudo_real_time,
early,union,historical_mean,2017-05,-0.0756756756756756,-0.3,0.2243243243243243,0.2243243243243243,0.0503214024835646,2017-04,2017-05-15T01:30:00+00:00,,pseudo_real_time,
early,union,last_available_actual,2017-05,-0.4,-0.3,-0.1,0.1,0.01,2017-04,2017-05-15T01:30:00+00:00,,pseudo_real_time,
early,union,no_change,2017-06,0.0,-0.2,0.2,0.2,0.04,2017-05,2017-06-14T01:30:00+00:00,,pseudo_real_time,
early,union,historical_mean,2017-06,-0.081578947368421,-0.2,0.1184210526315789,0.1184210526315789,0.0140235457063711,2017-05,2017-06-14T01:30:00+00:00,,pseudo_real_time,
early,union,last_available_actual,2017-06,-0.3,-0.2,-0.0999999999999999,0.0999999999999999,0.0099999999999999,2017-05,2017-06-14T01:30:00+00:00,,pseudo_real_time,
early,union,no_change,2017-07,0.0,0.2,-0.2,0.2,0.04,2017-06,2017-07-14T01:30:00+00:00,,pseudo_real_time,
early,union,historical_mean,2017-07,-0.0846153846153846,0.2,-0.2846153846153846,0.2846153846153846,0.0810059171597633,2017-06,2017-07-14T01:30:00+00:00,,pseudo_real_time,
early,union,last_available_actual,2017-07,-0.2,0.2,-0.4,0.4,0.16,2017-06,2017-07-14T01:30:00+00:00,,pseudo_real_time,
early,union,no_change,2017-08,0.0,0.9,-0.9,0.9,0.81,2017-07,2017-08-14T01:30:00+00:00,,pseudo_real_time,
early,union,historical_mean,2017-08,-0.0775,0.9,-0.9775,0.9775,0.95550625,2017-07,2017-08-14T01:30:00+00:00,,pseudo_real_time,
early,union,last_available_actual,2017-08,0.2,0.9,-0.7,0.7,0.4899999999999999,2017-07,2017-08-14T01:30:00+00:00,,pseudo_real_time,
early,union,no_change,2017-09,0.0,1.0,-1.0,1.0,1.0,2017-08,2017-09-14T01:30:00+00:00,,pseudo_real_time,
early,union,historical_mean,2017-09,-0.0536585365853658,1.0,-1.053658536585366,1.053658536585366,1.1101963117192148,2017-08,2017-09-14T01:30:00+00:00,,pseudo_real_time,
early,union,last_available_actual,2017-09,0.9,1.0,-0.0999999999999999,0.0999999999999999,0.0099999999999999,2017-08,2017-09-14T01:30:00+00:00,,pseudo_real_time,
early,union,no_change,2017-10,0.0,0.7,-0.7,0.7,0.4899999999999999,2017-08,2017-10-16T01:30:00+00:00,,pseudo_real_time,
early,union,historical_mean,2017-10,-0.0536585365853658,0.7,-0.7536585365853659,0.7536585365853659,0.5680011897679953,2017-08,2017-10-16T01:30:00+00:00,,pseudo_real_time,
early,union,last_available_actual,2017-10,0.9,0.7,0.2,0.2,0.04,2017-08,2017-10-16T01:30:00+00:00,,pseudo_real_time,
early,union,no_change,2017-11,0.0,0.5,-0.5,0.5,0.25,2017-10,2017-11-14T01:30:00+00:00,,pseudo_real_time,
early,union,historical_mean,2017-11,-0.0116279069767442,0.5,-0.5116279069767442,0.5116279069767442,0.261763115197404,2017-10,2017-11-14T01:30:00+00:00,,pseudo_real_time,
early,union,last_available_actual,2017-11,0.7,0.5,0.1999999999999999,0.1999999999999999,0.0399999999999999,2017-10,2017-11-14T01:30:00+00:00,,pseudo_real_time,
early,union,no_change,2017-12,0.0,0.8,-0.8,0.8,0.6400000000000001,2017-11,2017-12-14T01:30:00+00:00,,pseudo_real_time,
early,union,historical_mean,2017-12,-1.5139404881252134e-17,0.8,-0.8,0.8,0.6400000000000001,2017-11,2017-12-14T01:30:00+00:00,,pseudo_real_time,
early,union,last_available_actual,2017-12,0.5,0.8,-0.3,0.3,0.09,2017-11,2017-12-14T01:30:00+00:00,,pseudo_real_time,
early,union,no_change,2018-01,0.0,0.3,-0.3,0.3,0.09,2017-12,2018-01-15T01:30:00+00:00,,pseudo_real_time,
early,union,historical_mean,2018-01,0.0177777777777777,0.3,-0.2822222222222222,0.2822222222222222,0.0796493827160493,2017-12,2018-01-15T01:30:00+00:00,,pseudo_real_time,
early,union,last_available_actual,2018-01,0.8,0.3,0.5,0.5,0.25,2017-12,2018-01-15T01:30:00+00:00,,pseudo_real_time,
early,union,no_change,2018-02,0.0,-0.1,0.1,0.1,0.01,2018-01,2018-02-14T01:30:00+00:00,,pseudo_real_time,
early,union,historical_mean,2018-02,0.0239130434782608,-0.1,0.1239130434782608,0.1239130434782608,0.0153544423440453,2018-01,2018-02-14T01:30:00+00:00,,pseudo_real_time,
early,union,last_available_actual,2018-02,0.3,-0.1,0.4,0.4,0.16,2018-01,2018-02-14T01:30:00+00:00,,pseudo_real_time,
early,union,no_change,2018-03,0.0,-0.2,0.2,0.2,0.04,2018-02,2018-03-14T01:30:00+00:00,,pseudo_real_time,
early,union,historical_mean,2018-03,0.0212765957446808,-0.2,0.2212765957446808,0.2212765957446808,0.0489633318243549,2018-02,2018-03-14T01:30:00+00:00,,pseudo_real_time,
early,union,last_available_actual,2018-03,-0.1,-0.2,0.1,0.1,0.01,2018-02,2018-03-14T01:30:00+00:00,,pseudo_real_time,
early,union,no_change,2018-04,0.0,-0.2,0.2,0.2,0.04,2018-03,2018-04-16T01:30:00+00:00,,pseudo_real_time,
early,union,historical_mean,2018-04,0.0166666666666666,-0.2,0.2166666666666666,0.2166666666666666,0.0469444444444444,2018-03,2018-04-16T01:30:00+00:00,,pseudo_real_time,
early,union,last_available_actual,2018-04,-0.2,-0.2,0.0,0.0,0.0,2018-03,2018-04-16T01:30:00+00:00,,pseudo_real_time,
early,union,no_change,2018-05,0.0,0.4,-0.4,0.4,0.16,2018-04,2018-05-14T01:30:00+00:00,,pseudo_real_time,
early,union,historical_mean,2018-05,0.0122448979591836,0.4,-0.3877551020408163,0.3877551020408163,0.1503540191586839,2018-04,2018-05-14T01:30:00+00:00,,pseudo_real_time,
early,union,last_available_actual,2018-05,-0.2,0.4,-0.6000000000000001,0.6000000000000001,0.3600000000000001,2018-04,2018-05-14T01:30:00+00:00,,pseudo_real_time,
early,union,no_change,2018-06,0.0,0.3,-0.3,0.3,0.09,2018-05,2018-06-14T01:30:00+00:00,,pseudo_real_time,
early,union,historical_mean,2018-06,0.0199999999999999,0.3,-0.2799999999999999,0.2799999999999999,0.0783999999999999,2018-05,2018-06-14T01:30:00+00:00,,pseudo_real_time,
early,union,last_available_actual,2018-06,0.4,0.3,0.1,0.1,0.01,2018-05,2018-06-14T01:30:00+00:00,,pseudo_real_time,
early,union,no_change,2018-07,0.0,0.1,-0.1,0.1,0.01,2018-06,2018-07-16T01:30:00+00:00,,pseudo_real_time,
early,union,historical_mean,2018-07,0.0254901960784313,0.1,-0.0745098039215686,0.0745098039215686,0.0055517108804306,2018-06,2018-07-16T01:30:00+00:00,,pseudo_real_time,
early,union,last_available_actual,2018-07,0.3,0.1,0.1999999999999999,0.1999999999999999,0.0399999999999999,2018-06,2018-07-16T01:30:00+00:00,,pseudo_real_time,
early,union,no_change,2018-08,0.0,0.4,-0.4,0.4,0.16,2018-07,2018-08-14T01:30:00+00:00,,pseudo_real_time,
early,union,historical_mean,2018-08,0.0269230769230769,0.4,-0.3730769230769231,0.3730769230769231,0.1391863905325444,2018-07,2018-08-14T01:30:00+00:00,,pseudo_real_time,
early,union,last_available_actual,2018-08,0.1,0.4,-0.3,0.3,0.09,2018-07,2018-08-14T01:30:00+00:00,,pseudo_real_time,
early,union,no_change,2018-09,0.0,0.6,-0.6,0.6,0.36,2018-08,2018-09-14T01:30:00+00:00,,pseudo_real_time,
early,union,historical_mean,2018-09,0.0339622641509433,0.6,-0.5660377358490566,0.5660377358490566,0.3203987184051263,2018-08,2018-09-14T01:30:00+00:00,,pseudo_real_time,
early,union,last_available_actual,2018-09,0.4,0.6,-0.1999999999999999,0.1999999999999999,0.0399999999999999,2018-08,2018-09-14T01:30:00+00:00,,pseudo_real_time,
early,union,no_change,2018-10,0.0,0.4,-0.4,0.4,0.16,2018-08,2018-10-15T01:30:00+00:00,,pseudo_real_time,
early,union,historical_mean,2018-10,0.0339622641509433,0.4,-0.3660377358490566,0.3660377358490566,0.1339836240655037,2018-08,2018-10-15T01:30:00+00:00,,pseudo_real_time,
early,union,last_available_actual,2018-10,0.4,0.4,0.0,0.0,0.0,2018-08,2018-10-15T01:30:00+00:00,,pseudo_real_time,
early,union,no_change,2018-11,0.0,-0.2,0.2,0.2,0.04,2018-10,2018-11-14T01:30:00+00:00,,pseudo_real_time,
early,union,historical_mean,2018-11,0.0509090909090909,-0.2,0.2509090909090909,0.2509090909090909,0.0629553719008264,2018-10,2018-11-14T01:30:00+00:00,,pseudo_real_time,
early,union,last_available_actual,2018-11,0.4,-0.2,0.6000000000000001,0.6000000000000001,0.3600000000000001,2018-10,2018-11-14T01:30:00+00:00,,pseudo_real_time,
early,union,no_change,2018-12,0.0,-1.0,1.0,1.0,1.0,2018-11,2018-12-14T01:30:00+00:00,,pseudo_real_time,
early,union,historical_mean,2018-12,0.0464285714285714,-1.0,1.0464285714285717,1.0464285714285717,1.095012755102041,2018-11,2018-12-14T01:30:00+00:00,,pseudo_real_time,
early,union,last_available_actual,2018-12,-0.2,-1.0,0.8,0.8,0.6400000000000001,2018-11,2018-12-14T01:30:00+00:00,,pseudo_real_time,
early,union,no_change,2019-01,0.0,-0.6,0.6,0.6,0.36,2018-12,2019-01-14T01:30:00+00:00,,pseudo_real_time,
early,union,historical_mean,2019-01,0.0280701754385964,-0.6,0.6280701754385964,0.6280701754385964,0.3944721452754693,2018-12,2019-01-14T01:30:00+00:00,,pseudo_real_time,
early,union,last_available_actual,2019-01,-1.0,-0.6,-0.4,0.4,0.16,2018-12,2019-01-14T01:30:00+00:00,,pseudo_real_time,
early,union,no_change,2019-04,0.0,0.3,-0.3,0.3,0.09,2019-01,2019-04-15T01:30:00+00:00,,pseudo_real_time,
early,union,historical_mean,2019-04,0.0172413793103448,0.3,-0.2827586206896552,0.2827586206896552,0.0799524375743162,2019-01,2019-04-15T01:30:00+00:00,,pseudo_real_time,
early,union,last_available_actual,2019-04,-0.6,0.3,-0.8999999999999999,0.8999999999999999,0.8099999999999998,2019-01,2019-04-15T01:30:00+00:00,,pseudo_real_time,
early,union,no_change,2019-05,0.0,0.2,-0.2,0.2,0.04,2019-04,2019-05-14T01:30:00+00:00,,pseudo_real_time,
early,union,historical_mean,2019-05,0.0220338983050847,0.2,-0.1779661016949152,0.1779661016949152,0.0316719333524849,2019-04,2019-05-14T01:30:00+00:00,,pseudo_real_time,
early,union,last_available_actual,2019-05,0.3,0.2,0.0999999999999999,0.0999999999999999,0.0099999999999999,2019-04,2019-05-14T01:30:00+00:00,,pseudo_real_time,
early,union,no_change,2019-06,0.0,-0.3,0.3,0.3,0.09,2019-05,2019-06-14T01:30:00+00:00,,pseudo_real_time,
early,union,historical_mean,2019-06,0.025,-0.3,0.325,0.325,0.105625,2019-05,2019-06-14T01:30:00+00:00,,pseudo_real_time,
early,union,last_available_actual,2019-06,0.2,-0.3,0.5,0.5,0.25,2019-05,2019-06-14T01:30:00+00:00,,pseudo_real_time,
early,union,no_change,2019-07,0.0,-0.2,0.2,0.2,0.04,2019-06,2019-07-15T01:30:00+00:00,,pseudo_real_time,
early,union,historical_mean,2019-07,0.0196721311475409,-0.2,0.219672131147541,0.219672131147541,0.0482558452029024,2019-06,2019-07-15T01:30:00+00:00,,pseudo_real_time,
early,union,last_available_actual,2019-07,-0.3,-0.2,-0.0999999999999999,0.0999999999999999,0.0099999999999999,2019-06,2019-07-15T01:30:00+00:00,,pseudo_real_time,
early,union,no_change,2019-08,0.0,-0.1,0.1,0.1,0.01,2019-07,2019-08-14T01:30:00+00:00,,pseudo_real_time,
early,union,historical_mean,2019-08,0.0161290322580645,-0.1,0.1161290322580645,0.1161290322580645,0.0134859521331945,2019-07,2019-08-14T01:30:00+00:00,,pseudo_real_time,
early,union,last_available_actual,2019-08,-0.2,-0.1,-0.1,0.1,0.01,2019-07,2019-08-14T01:30:00+00:00,,pseudo_real_time,
early,union,no_change,2019-09,0.0,0.1,-0.1,0.1,0.01,2019-08,2019-09-16T01:30:00+00:00,,pseudo_real_time,
early,union,historical_mean,2019-09,0.0142857142857142,0.1,-0.0857142857142857,0.0857142857142857,0.0073469387755102,2019-08,2019-09-16T01:30:00+00:00,,pseudo_real_time,
early,union,last_available_actual,2019-09,-0.1,0.1,-0.2,0.2,0.04,2019-08,2019-09-16T01:30:00+00:00,,pseudo_real_time,
early,union,no_change,2019-10,0.0,0.1,-0.1,0.1,0.01,2019-08,2019-10-14T01:30:00+00:00,,pseudo_real_time,
early,union,historical_mean,2019-10,0.0142857142857142,0.1,-0.0857142857142857,0.0857142857142857,0.0073469387755102,2019-08,2019-10-14T01:30:00+00:00,,pseudo_real_time,
early,union,last_available_actual,2019-10,-0.1,0.1,-0.2,0.2,0.04,2019-08,2019-10-14T01:30:00+00:00,,pseudo_real_time,
early,union,no_change,2019-11,0.0,-0.1,0.1,0.1,0.01,2019-10,2019-11-14T01:30:00+00:00,,pseudo_real_time,
early,union,historical_mean,2019-11,0.0169230769230769,-0.1,0.1169230769230769,0.1169230769230769,0.0136710059171597,2019-10,2019-11-14T01:30:00+00:00,,pseudo_real_time,
early,union,last_available_actual,2019-11,0.1,-0.1,0.2,0.2,0.04,2019-10,2019-11-14T01:30:00+00:00,,pseudo_real_time,
early,union,no_change,2019-12,0.0,0.0,0.0,0.0,0.0,2019-11,2019-12-16T01:30:00+00:00,,pseudo_real_time,
early,union,historical_mean,2019-12,0.0151515151515151,0.0,0.0151515151515151,0.0151515151515151,0.0002295684113865,2019-11,2019-12-16T01:30:00+00:00,,pseudo_real_time,
early,union,last_available_actual,2019-12,-0.1,0.0,-0.1,0.1,0.01,2019-11,2019-12-16T01:30:00+00:00,,pseudo_real_time,
early,union,no_change,2020-01,0.0,0.0,0.0,0.0,0.0,2019-12,2020-01-14T01:30:00+00:00,,pseudo_real_time,
early,union,historical_mean,2020-01,0.0149253731343283,0.0,0.0149253731343283,0.0149253731343283,0.0002227667631989,2019-12,2020-01-14T01:30:00+00:00,,pseudo_real_time,
early,union,last_available_actual,2020-01,0.0,0.0,0.0,0.0,0.0,2019-12,2020-01-14T01:30:00+00:00,,pseudo_real_time,
early,union,no_change,2020-02,0.0,-0.5,0.5,0.5,0.25,2020-01,2020-02-14T01:30:00+00:00,,pseudo_real_time,
early,union,historical_mean,2020-02,0.0147058823529411,-0.5,0.5147058823529411,0.5147058823529411,0.2649221453287196,2020-01,2020-02-14T01:30:00+00:00,,pseudo_real_time,
early,union,last_available_actual,2020-02,0.0,-0.5,0.5,0.5,0.25,2020-01,2020-02-14T01:30:00+00:00,,pseudo_real_time,
early,union,no_change,2020-03,0.0,-1.0,1.0,1.0,1.0,2020-02,2020-03-16T01:30:00+00:00,,pseudo_real_time,
early,union,historical_mean,2020-03,0.0072463768115942,-1.0,1.0072463768115942,1.0072463768115942,1.014545263600084,2020-02,2020-03-16T01:30:00+00:00,,pseudo_real_time,
early,union,last_available_actual,2020-03,-0.5,-1.0,0.5,0.5,0.25,2020-02,2020-03-16T01:30:00+00:00,,pseudo_real_time,
early,union,no_change,2020-04,0.0,-1.3,1.3,1.3,1.6900000000000002,2020-03,2020-04-14T01:30:00+00:00,,pseudo_real_time,
early,union,historical_mean,2020-04,-0.0071428571428571,-1.3,1.292857142857143,1.292857142857143,1.671479591836735,2020-03,2020-04-14T01:30:00+00:00,,pseudo_real_time,
early,union,last_available_actual,2020-04,-1.0,-1.3,0.3,0.3,0.09,2020-03,2020-04-14T01:30:00+00:00,,pseudo_real_time,
early,union,no_change,2020-05,0.0,-0.4,0.4,0.4,0.16,2020-04,2020-05-14T01:30:00+00:00,,pseudo_real_time,
early,union,historical_mean,2020-05,-0.0253521126760563,-0.4,0.3746478873239436,0.3746478873239436,0.1403610394762943,2020-04,2020-05-14T01:30:00+00:00,,pseudo_real_time,
early,union,last_available_actual,2020-05,-1.3,-0.4,-0.9,0.9,0.81,2020-04,2020-05-14T01:30:00+00:00,,pseudo_real_time,
early,union,no_change,2020-06,0.0,0.4,-0.4,0.4,0.16,2020-05,2020-06-15T01:30:00+00:00,,pseudo_real_time,
early,union,historical_mean,2020-06,-0.0305555555555555,0.4,-0.4305555555555556,0.4305555555555556,0.1853780864197531,2020-05,2020-06-15T01:30:00+00:00,,pseudo_real_time,
early,union,last_available_actual,2020-06,-0.4,0.4,-0.8,0.8,0.6400000000000001,2020-05,2020-06-15T01:30:00+00:00,,pseudo_real_time,
early,union,no_change,2020-07,0.0,0.4,-0.4,0.4,0.16,2020-06,2020-07-14T01:30:00+00:00,,pseudo_real_time,
early,union,historical_mean,2020-07,-0.0246575342465753,0.4,-0.4246575342465754,0.4246575342465754,0.1803340213923813,2020-06,2020-07-14T01:30:00+00:00,,pseudo_real_time,
early,union,last_available_actual,2020-07,0.4,0.4,0.0,0.0,0.0,2020-06,2020-07-14T01:30:00+00:00,,pseudo_real_time,
early,union,no_change,2020-08,0.0,0.3,-0.3,0.3,0.09,2020-07,2020-08-14T01:30:00+00:00,,pseudo_real_time,
early,union,historical_mean,2020-08,-0.0189189189189189,0.3,-0.3189189189189189,0.3189189189189189,0.1017092768444119,2020-07,2020-08-14T01:30:00+00:00,,pseudo_real_time,
early,union,last_available_actual,2020-08,0.4,0.3,0.1,0.1,0.01,2020-07,2020-08-14T01:30:00+00:00,,pseudo_real_time,
early,union,no_change,2020-09,0.0,0.1,-0.1,0.1,0.01,2020-08,2020-09-14T01:30:00+00:00,,pseudo_real_time,
early,union,historical_mean,2020-09,-0.0146666666666666,0.1,-0.1146666666666666,0.1146666666666666,0.0131484444444444,2020-08,2020-09-14T01:30:00+00:00,,pseudo_real_time,
early,union,last_available_actual,2020-09,0.3,0.1,0.1999999999999999,0.1999999999999999,0.0399999999999999,2020-08,2020-09-14T01:30:00+00:00,,pseudo_real_time,
early,union,no_change,2020-10,0.0,0.0,0.0,0.0,0.0,2020-08,2020-10-14T01:30:00+00:00,,pseudo_real_time,
early,union,historical_mean,2020-10,-0.0146666666666666,0.0,-0.0146666666666666,0.0146666666666666,0.0002151111111111,2020-08,2020-10-14T01:30:00+00:00,,pseudo_real_time,
early,union,last_available_actual,2020-10,0.3,0.0,0.3,0.3,0.09,2020-08,2020-10-14T01:30:00+00:00,,pseudo_real_time,
early,union,no_change,2020-11,0.0,0.5,-0.5,0.5,0.25,2020-10,2020-11-16T01:30:00+00:00,,pseudo_real_time,
early,union,historical_mean,2020-11,-0.0129870129870129,0.5,-0.512987012987013,0.512987012987013,0.2631556754933378,2020-10,2020-11-16T01:30:00+00:00,,pseudo_real_time,
early,union,last_available_actual,2020-11,0.0,0.5,-0.5,0.5,0.25,2020-10,2020-11-16T01:30:00+00:00,,pseudo_real_time,
early,union,no_change,2020-12,0.0,1.1,-1.1,1.1,1.2100000000000002,2020-11,2020-12-14T01:30:00+00:00,,pseudo_real_time,
early,union,historical_mean,2020-12,-0.0064102564102564,1.1,-1.1064102564102565,1.1064102564102565,1.2241436554898095,2020-11,2020-12-14T01:30:00+00:00,,pseudo_real_time,
early,union,last_available_actual,2020-12,0.5,1.1,-0.6000000000000001,0.6000000000000001,0.3600000000000001,2020-11,2020-12-14T01:30:00+00:00,,pseudo_real_time,
early,union,no_change,2021-01,0.0,1.0,-1.0,1.0,1.0,2020-12,2021-01-14T01:30:00+00:00,,pseudo_real_time,
early,union,historical_mean,2021-01,0.0075949367088607,1.0,-0.9924050632911392,0.9924050632911392,0.98486780964589,2020-12,2021-01-14T01:30:00+00:00,,pseudo_real_time,
early,union,last_available_actual,2021-01,1.1,1.0,0.1,0.1,0.01,2020-12,2021-01-14T01:30:00+00:00,,pseudo_real_time,
early,union,no_change,2021-02,0.0,0.8,-0.8,0.8,0.6400000000000001,2021-01,2021-02-19T01:30:00+00:00,,pseudo_real_time,
early,union,historical_mean,2021-02,0.02,0.8,-0.78,0.78,0.6084,2021-01,2021-02-19T01:30:00+00:00,,pseudo_real_time,
early,union,last_available_actual,2021-02,1.0,0.8,0.1999999999999999,0.1999999999999999,0.0399999999999999,2021-01,2021-02-19T01:30:00+00:00,,pseudo_real_time,
early,union,no_change,2021-03,0.0,1.6,-1.6,1.6,2.5600000000000005,2021-02,2021-03-15T01:30:00+00:00,,pseudo_real_time,
early,union,historical_mean,2021-03,0.0296296296296296,1.6,-1.5703703703703704,1.5703703703703704,2.4660631001371742,2021-02,2021-03-15T01:30:00+00:00,,pseudo_real_time,
early,union,last_available_actual,2021-03,0.8,1.6,-0.8,0.8,0.6400000000000001,2021-02,2021-03-15T01:30:00+00:00,,pseudo_real_time,
early,union,no_change,2021-04,0.0,0.9,-0.9,0.9,0.81,2021-03,2021-04-14T01:30:00+00:00,,pseudo_real_time,
early,union,historical_mean,2021-04,0.048780487804878,0.9,-0.8512195121951219,0.8512195121951219,0.7245746579417013,2021-03,2021-04-14T01:30:00+00:00,,pseudo_real_time,
early,union,last_available_actual,2021-04,1.6,0.9,0.7000000000000001,0.7000000000000001,0.4900000000000001,2021-03,2021-04-14T01:30:00+00:00,,pseudo_real_time,
early,union,no_change,2021-05,0.0,1.6,-1.6,1.6,2.5600000000000005,2021-04,2021-05-14T01:30:00+00:00,,pseudo_real_time,
early,union,historical_mean,2021-05,0.0590361445783132,1.6,-1.540963855421687,1.540963855421687,2.3745696037160697,2021-04,2021-05-14T01:30:00+00:00,,pseudo_real_time,
early,union,last_available_actual,2021-05,0.9,1.6,-0.7000000000000001,0.7000000000000001,0.4900000000000001,2021-04,2021-05-14T01:30:00+00:00,,pseudo_real_time,
early,union,no_change,2021-06,0.0,0.3,-0.3,0.3,0.09,2021-05,2021-06-15T01:30:00+00:00,,pseudo_real_time,
early,union,historical_mean,2021-06,0.0773809523809523,0.3,-0.2226190476190476,0.2226190476190476,0.0495592403628117,2021-05,2021-06-15T01:30:00+00:00,,pseudo_real_time,
early,union,last_available_actual,2021-06,1.6,0.3,1.3,1.3,1.6900000000000002,2021-05,2021-06-15T01:30:00+00:00,,pseudo_real_time,
early,union,no_change,2021-07,0.0,0.5,-0.5,0.5,0.25,2021-06,2021-07-14T01:30:00+00:00,,pseudo_real_time,
early,union,historical_mean,2021-07,0.08,0.5,-0.42,0.42,0.1763999999999999,2021-06,2021-07-14T01:30:00+00:00,,pseudo_real_time,
early,union,last_available_actual,2021-07,0.3,0.5,-0.2,0.2,0.04,2021-06,2021-07-14T01:30:00+00:00,,pseudo_real_time,
early,union,no_change,2021-08,0.0,0.7,-0.7,0.7,0.4899999999999999,2021-07,2021-08-16T01:30:00+00:00,,pseudo_real_time,
early,union,historical_mean,2021-08,0.0848837209302325,0.7,-0.6151162790697674,0.6151162790697674,0.378368036776636,2021-07,2021-08-16T01:30:00+00:00,,pseudo_real_time,
early,union,last_available_actual,2021-08,0.5,0.7,-0.1999999999999999,0.1999999999999999,0.0399999999999999,2021-07,2021-08-16T01:30:00+00:00,,pseudo_real_time,
early,union,no_change,2021-09,0.0,1.2,-1.2,1.2,1.44,2021-08,2021-09-14T01:30:00+00:00,,pseudo_real_time,
early,union,historical_mean,2021-09,0.0919540229885057,1.2,-1.108045977011494,1.108045977011494,1.2277658871713566,2021-08,2021-09-14T01:30:00+00:00,,pseudo_real_time,
early,union,last_available_actual,2021-09,0.7,1.2,-0.5,0.5,0.25,2021-08,2021-09-14T01:30:00+00:00,,pseudo_real_time,
early,union,no_change,2021-10,0.0,2.5,-2.5,2.5,6.25,2021-08,2021-10-14T01:30:00+00:00,,pseudo_real_time,
early,union,historical_mean,2021-10,0.0919540229885057,2.5,-2.4080459770114944,2.4080459770114944,5.798685427401242,2021-08,2021-10-14T01:30:00+00:00,,pseudo_real_time,
early,union,last_available_actual,2021-10,0.7,2.5,-1.8,1.8,3.24,2021-08,2021-10-14T01:30:00+00:00,,pseudo_real_time,
early,union,no_change,2021-11,0.0,0.0,0.0,0.0,0.0,2021-10,2021-11-15T01:30:00+00:00,,pseudo_real_time,
early,union,historical_mean,2021-11,0.1314606741573033,0.0,0.1314606741573033,0.1314606741573033,0.0172819088498926,2021-10,2021-11-15T01:30:00+00:00,,pseudo_real_time,
early,union,last_available_actual,2021-11,2.5,0.0,2.5,2.5,6.25,2021-10,2021-11-15T01:30:00+00:00,,pseudo_real_time,
early,union,no_change,2021-12,0.0,-1.2,1.2,1.2,1.44,2021-11,2021-12-14T01:30:00+00:00,,pseudo_real_time,
early,union,historical_mean,2021-12,0.13,-1.2,1.33,1.33,1.7689,2021-11,2021-12-14T01:30:00+00:00,,pseudo_real_time,
early,union,last_available_actual,2021-12,0.0,-1.2,1.2,1.2,1.44,2021-11,2021-12-14T01:30:00+00:00,,pseudo_real_time,
early,union,no_change,2022-01,0.0,-0.2,0.2,0.2,0.04,2021-12,2022-01-14T01:30:00+00:00,,pseudo_real_time,
early,union,historical_mean,2022-01,0.1153846153846153,-0.2,0.3153846153846154,0.3153846153846154,0.0994674556213017,2021-12,2022-01-14T01:30:00+00:00,,pseudo_real_time,
early,union,last_available_actual,2022-01,-1.2,-0.2,-1.0,1.0,1.0,2021-12,2022-01-14T01:30:00+00:00,,pseudo_real_time,
early,union,no_change,2022-04,0.0,0.6,-0.6,0.6,0.36,2022-01,2022-04-14T01:30:00+00:00,,pseudo_real_time,
early,union,historical_mean,2022-04,0.1119565217391304,0.6,-0.4880434782608695,0.4880434782608695,0.2381864366729678,2022-01,2022-04-14T01:30:00+00:00,,pseudo_real_time,
early,union,last_available_actual,2022-04,-0.2,0.6,-0.8,0.8,0.6400000000000001,2022-01,2022-04-14T01:30:00+00:00,,pseudo_real_time,
early,union,no_change,2022-05,0.0,0.1,-0.1,0.1,0.01,2022-04,2022-05-14T01:30:00+00:00,,pseudo_real_time,
early,union,historical_mean,2022-05,0.1172043010752688,0.1,0.0172043010752688,0.0172043010752688,0.0002959879754884,2022-04,2022-05-14T01:30:00+00:00,,pseudo_real_time,
early,union,last_available_actual,2022-05,0.6,0.1,0.5,0.5,0.25,2022-04,2022-05-14T01:30:00+00:00,,pseudo_real_time,
early,union,no_change,2022-06,0.0,0.0,0.0,0.0,0.0,2022-05,2022-06-14T01:30:00+00:00,,pseudo_real_time,
early,union,historical_mean,2022-06,0.1170212765957446,0.0,0.1170212765957446,0.1170212765957446,0.0136939791760977,2022-05,2022-06-14T01:30:00+00:00,,pseudo_real_time,
early,union,last_available_actual,2022-06,0.1,0.0,0.1,0.1,0.01,2022-05,2022-06-14T01:30:00+00:00,,pseudo_real_time,
early,union,no_change,2022-07,0.0,-1.3,1.3,1.3,1.6900000000000002,2022-06,2022-07-14T01:30:00+00:00,,pseudo_real_time,
early,union,historical_mean,2022-07,0.1157894736842105,-1.3,1.4157894736842105,1.4157894736842105,2.0044598337950137,2022-06,2022-07-14T01:30:00+00:00,,pseudo_real_time,
early,union,last_available_actual,2022-07,0.0,-1.3,1.3,1.3,1.6900000000000002,2022-06,2022-07-14T01:30:00+00:00,,pseudo_real_time,
early,union,no_change,2022-08,0.0,-1.2,1.2,1.2,1.44,2022-07,2022-08-14T01:30:00+00:00,,pseudo_real_time,
early,union,historical_mean,2022-08,0.1010416666666666,-1.2,1.3010416666666669,1.3010416666666669,1.6927094184027778,2022-07,2022-08-14T01:30:00+00:00,,pseudo_real_time,
early,union,last_available_actual,2022-08,-1.3,-1.2,-0.1,0.1,0.01,2022-07,2022-08-14T01:30:00+00:00,,pseudo_real_time,
early,union,no_change,2022-09,0.0,-0.1,0.1,0.1,0.01,2022-08,2022-09-14T01:30:00+00:00,,pseudo_real_time,
early,union,historical_mean,2022-09,0.0876288659793814,-0.1,0.1876288659793814,0.1876288659793814,0.0352045913487086,2022-08,2022-09-14T01:30:00+00:00,,pseudo_real_time,
early,union,last_available_actual,2022-09,-1.2,-0.1,-1.1,1.1,1.2099999999999995,2022-08,2022-09-14T01:30:00+00:00,,pseudo_real_time,
early,union,no_change,2022-10,0.0,0.2,-0.2,0.2,0.04,2022-08,2022-10-14T01:30:00+00:00,,pseudo_real_time,
early,union,historical_mean,2022-10,0.0876288659793814,0.2,-0.1123711340206185,0.1123711340206185,0.0126272717610798,2022-08,2022-10-14T01:30:00+00:00,,pseudo_real_time,
early,union,last_available_actual,2022-10,-1.2,0.2,-1.4,1.4,1.96,2022-08,2022-10-14T01:30:00+00:00,,pseudo_real_time,
early,union,no_change,2022-11,0.0,0.1,-0.1,0.1,0.01,2022-10,2022-11-14T01:30:00+00:00,,pseudo_real_time,
early,union,historical_mean,2022-11,0.0868686868686868,0.1,-0.0131313131313131,0.0131313131313131,0.0001724313845525,2022-10,2022-11-14T01:30:00+00:00,,pseudo_real_time,
early,union,last_available_actual,2022-11,0.2,0.1,0.1,0.1,0.01,2022-10,2022-11-14T01:30:00+00:00,,pseudo_real_time,
early,union,no_change,2022-12,0.0,-0.5,0.5,0.5,0.25,2022-11,2022-12-14T01:30:00+00:00,,pseudo_real_time,
early,union,historical_mean,2022-12,0.087,-0.5,0.587,0.587,0.3445689999999999,2022-11,2022-12-14T01:30:00+00:00,,pseudo_real_time,
early,union,last_available_actual,2022-12,0.1,-0.5,0.6,0.6,0.36,2022-11,2022-12-14T01:30:00+00:00,,pseudo_real_time,
early,union,no_change,2023-01,0.0,-0.4,0.4,0.4,0.16,2022-12,2023-01-14T01:30:00+00:00,,pseudo_real_time,
early,union,historical_mean,2023-01,0.0811881188118812,-0.4,0.4811881188118812,0.4811881188118812,0.2315420056857171,2022-12,2023-01-14T01:30:00+00:00,,pseudo_real_time,
early,union,last_available_actual,2023-01,-0.5,-0.4,-0.0999999999999999,0.0999999999999999,0.0099999999999999,2022-12,2023-01-14T01:30:00+00:00,,pseudo_real_time,
early,union,no_change,2023-02,0.0,0.0,0.0,0.0,0.0,2023-01,2023-02-14T01:30:00+00:00,,pseudo_real_time,
early,union,historical_mean,2023-02,0.0764705882352941,0.0,0.0764705882352941,0.0764705882352941,0.0058477508650519,2023-01,2023-02-14T01:30:00+00:00,,pseudo_real_time,
early,union,last_available_actual,2023-02,-0.4,0.0,-0.4,0.4,0.16,2023-01,2023-02-14T01:30:00+00:00,,pseudo_real_time,
early,union,no_change,2023-03,0.0,0.0,0.0,0.0,0.0,2023-02,2023-03-14T01:30:00+00:00,,pseudo_real_time,
early,union,historical_mean,2023-03,0.0757281553398058,0.0,0.0757281553398058,0.0757281553398058,0.0057347535111697,2023-02,2023-03-14T01:30:00+00:00,,pseudo_real_time,
early,union,last_available_actual,2023-03,0.0,0.0,0.0,0.0,0.0,2023-02,2023-03-14T01:30:00+00:00,,pseudo_real_time,
early,union,no_change,2023-04,0.0,-0.5,0.5,0.5,0.25,2023-03,2023-04-14T01:30:00+00:00,,pseudo_real_time,
early,union,historical_mean,2023-04,0.0749999999999999,-0.5,0.575,0.575,0.3306249999999999,2023-03,2023-04-14T01:30:00+00:00,,pseudo_real_time,
early,union,last_available_actual,2023-04,0.0,-0.5,0.5,0.5,0.25,2023-03,2023-04-14T01:30:00+00:00,,pseudo_real_time,
early,union,no_change,2023-05,0.0,-0.9,0.9,0.9,0.81,2023-04,2023-05-14T01:30:00+00:00,,pseudo_real_time,
early,union,historical_mean,2023-05,0.0695238095238095,-0.9,0.9695238095238096,0.9695238095238096,0.9399764172335602,2023-04,2023-05-14T01:30:00+00:00,,pseudo_real_time,
early,union,last_available_actual,2023-05,-0.5,-0.9,0.4,0.4,0.16,2023-04,2023-05-14T01:30:00+00:00,,pseudo_real_time,
early,union,no_change,2023-06,0.0,-0.8,0.8,0.8,0.6400000000000001,2023-05,2023-06-14T01:30:00+00:00,,pseudo_real_time,
early,union,historical_mean,2023-06,0.060377358490566,-0.8,0.8603773584905661,0.8603773584905661,0.7402491990032041,2023-05,2023-06-14T01:30:00+00:00,,pseudo_real_time,
early,union,last_available_actual,2023-06,-0.9,-0.8,-0.0999999999999999,0.0999999999999999,0.0099999999999999,2023-05,2023-06-14T01:30:00+00:00,,pseudo_real_time,
early,union,no_change,2023-07,0.0,-0.2,0.2,0.2,0.04,2023-06,2023-07-14T01:30:00+00:00,,pseudo_real_time,
early,union,historical_mean,2023-07,0.0523364485981308,-0.2,0.2523364485981308,0.2523364485981308,0.0636736832911171,2023-06,2023-07-14T01:30:00+00:00,,pseudo_real_time,
early,union,last_available_actual,2023-07,-0.8,-0.2,-0.6000000000000001,0.6000000000000001,0.3600000000000001,2023-06,2023-07-14T01:30:00+00:00,,pseudo_real_time,
early,union,no_change,2023-08,0.0,0.2,-0.2,0.2,0.04,2023-07,2023-08-14T01:30:00+00:00,,pseudo_real_time,
early,union,historical_mean,2023-08,0.0499999999999999,0.2,-0.15,0.15,0.0225,2023-07,2023-08-14T01:30:00+00:00,,pseudo_real_time,
early,union,last_available_actual,2023-08,-0.2,0.2,-0.4,0.4,0.16,2023-07,2023-08-14T01:30:00+00:00,,pseudo_real_time,
early,union,no_change,2023-09,0.0,0.4,-0.4,0.4,0.16,2023-08,2023-09-14T01:30:00+00:00,,pseudo_real_time,
early,union,historical_mean,2023-09,0.0513761467889908,0.4,-0.3486238532110092,0.3486238532110092,0.1215385910276912,2023-08,2023-09-14T01:30:00+00:00,,pseudo_real_time,
early,union,last_available_actual,2023-09,0.2,0.4,-0.2,0.2,0.04,2023-08,2023-09-14T01:30:00+00:00,,pseudo_real_time,
early,union,no_change,2023-10,0.0,0.0,0.0,0.0,0.0,2023-09,2023-10-14T01:30:00+00:00,,pseudo_real_time,
early,union,historical_mean,2023-10,0.0545454545454545,0.0,0.0545454545454545,0.0545454545454545,0.0029752066115702,2023-09,2023-10-14T01:30:00+00:00,,pseudo_real_time,
early,union,last_available_actual,2023-10,0.4,0.0,0.4,0.4,0.16,2023-09,2023-10-14T01:30:00+00:00,,pseudo_real_time,
early,union,no_change,2023-11,0.0,-0.3,0.3,0.3,0.09,2023-10,2023-11-14T01:30:00+00:00,,pseudo_real_time,
early,union,historical_mean,2023-11,0.054054054054054,-0.3,0.354054054054054,0.354054054054054,0.125354273192111,2023-10,2023-11-14T01:30:00+00:00,,pseudo_real_time,
early,union,last_available_actual,2023-11,0.0,-0.3,0.3,0.3,0.09,2023-10,2023-11-14T01:30:00+00:00,,pseudo_real_time,
early,union,no_change,2023-12,0.0,-0.3,0.3,0.3,0.09,2023-11,2023-12-14T01:30:00+00:00,,pseudo_real_time,
early,union,historical_mean,2023-12,0.0508928571428571,-0.3,0.3508928571428571,0.3508928571428571,0.1231257971938775,2023-11,2023-12-14T01:30:00+00:00,,pseudo_real_time,
early,union,last_available_actual,2023-12,-0.3,-0.3,0.0,0.0,0.0,2023-11,2023-12-14T01:30:00+00:00,,pseudo_real_time,
early,union,no_change,2024-01,0.0,-0.2,0.2,0.2,0.04,2023-12,2024-01-14T01:30:00+00:00,,pseudo_real_time,
early,union,historical_mean,2024-01,0.047787610619469,-0.2,0.247787610619469,0.247787610619469,0.0613986999765056,2023-12,2024-01-14T01:30:00+00:00,,pseudo_real_time,
early,union,last_available_actual,2024-01,-0.3,-0.2,-0.0999999999999999,0.0999999999999999,0.0099999999999999,2023-12,2024-01-14T01:30:00+00:00,,pseudo_real_time,
early,union,no_change,2024-02,0.0,-0.2,0.2,0.2,0.04,2024-01,2024-02-14T01:30:00+00:00,,pseudo_real_time,
early,union,historical_mean,2024-02,0.0456140350877192,-0.2,0.2456140350877193,0.2456140350877193,0.0603262542320714,2024-01,2024-02-14T01:30:00+00:00,,pseudo_real_time,
early,union,last_available_actual,2024-02,-0.2,-0.2,0.0,0.0,0.0,2024-01,2024-02-14T01:30:00+00:00,,pseudo_real_time,
early,union,no_change,2024-03,0.0,-0.1,0.1,0.1,0.01,2024-02,2024-03-14T01:30:00+00:00,,pseudo_real_time,
early,union,historical_mean,2024-03,0.0434782608695652,-0.1,0.1434782608695652,0.1434782608695652,0.020586011342155,2024-02,2024-03-14T01:30:00+00:00,,pseudo_real_time,
early,union,last_available_actual,2024-03,-0.2,-0.1,-0.1,0.1,0.01,2024-02,2024-03-14T01:30:00+00:00,,pseudo_real_time,
early,union,no_change,2024-04,0.0,-0.2,0.2,0.2,0.04,2024-03,2024-04-14T01:30:00+00:00,,pseudo_real_time,
early,union,historical_mean,2024-04,0.0422413793103448,-0.2,0.2422413793103448,0.2422413793103448,0.0586808858501783,2024-03,2024-04-14T01:30:00+00:00,,pseudo_real_time,
early,union,last_available_actual,2024-04,-0.1,-0.2,0.1,0.1,0.01,2024-03,2024-04-14T01:30:00+00:00,,pseudo_real_time,
early,union,no_change,2024-05,0.0,0.2,-0.2,0.2,0.04,2024-04,2024-05-14T01:30:00+00:00,,pseudo_real_time,
early,union,historical_mean,2024-05,0.0401709401709401,0.2,-0.1598290598290598,0.1598290598290598,0.0255453283658411,2024-04,2024-05-14T01:30:00+00:00,,pseudo_real_time,
early,union,last_available_actual,2024-05,-0.2,0.2,-0.4,0.4,0.16,2024-04,2024-05-14T01:30:00+00:00,,pseudo_real_time,
early,union,no_change,2024-06,0.0,0.1,-0.1,0.1,0.01,2024-05,2024-06-14T01:30:00+00:00,,pseudo_real_time,
early,union,historical_mean,2024-06,0.0415254237288135,0.1,-0.0584745762711864,0.0584745762711864,0.0034192760700948,2024-05,2024-06-14T01:30:00+00:00,,pseudo_real_time,
early,union,last_available_actual,2024-06,0.2,0.1,0.1,0.1,0.01,2024-05,2024-06-14T01:30:00+00:00,,pseudo_real_time,
early,union,no_change,2024-07,0.0,-0.2,0.2,0.2,0.04,2024-06,2024-07-14T01:30:00+00:00,,pseudo_real_time,
early,union,historical_mean,2024-07,0.042016806722689,-0.2,0.242016806722689,0.242016806722689,0.0585721347362474,2024-06,2024-07-14T01:30:00+00:00,,pseudo_real_time,
early,union,last_available_actual,2024-07,0.1,-0.2,0.3,0.3,0.09,2024-06,2024-07-14T01:30:00+00:00,,pseudo_real_time,
early,union,no_change,2024-08,0.0,-0.7,0.7,0.7,0.4899999999999999,2024-07,2024-08-14T01:30:00+00:00,,pseudo_real_time,
early,union,historical_mean,2024-08,0.04,-0.7,0.74,0.74,0.5476,2024-07,2024-08-14T01:30:00+00:00,,pseudo_real_time,
early,union,last_available_actual,2024-08,-0.2,-0.7,0.4999999999999999,0.4999999999999999,0.2499999999999999,2024-07,2024-08-14T01:30:00+00:00,,pseudo_real_time,
early,union,no_change,2024-09,0.0,-0.6,0.6,0.6,0.36,2024-08,2024-09-14T01:30:00+00:00,,pseudo_real_time,
early,union,historical_mean,2024-09,0.0338842975206611,-0.6,0.6338842975206611,0.6338842975206611,0.401809302643262,2024-08,2024-09-14T01:30:00+00:00,,pseudo_real_time,
early,union,last_available_actual,2024-09,-0.7,-0.6,-0.0999999999999999,0.0999999999999999,0.0099999999999999,2024-08,2024-09-14T01:30:00+00:00,,pseudo_real_time,
early,union,no_change,2024-10,0.0,-0.1,0.1,0.1,0.01,2024-09,2024-10-14T01:30:00+00:00,,pseudo_real_time,
early,union,historical_mean,2024-10,0.0286885245901639,-0.1,0.1286885245901639,0.1286885245901639,0.0165607363611932,2024-09,2024-10-14T01:30:00+00:00,,pseudo_real_time,
early,union,last_available_actual,2024-10,-0.6,-0.1,-0.5,0.5,0.25,2024-09,2024-10-14T01:30:00+00:00,,pseudo_real_time,
early,union,no_change,2024-11,0.0,-0.1,0.1,0.1,0.01,2024-10,2024-11-14T01:30:00+00:00,,pseudo_real_time,
early,union,historical_mean,2024-11,0.0276422764227642,-0.1,0.1276422764227642,0.1276422764227642,0.0162925507303853,2024-10,2024-11-14T01:30:00+00:00,,pseudo_real_time,
early,union,last_available_actual,2024-11,-0.1,-0.1,0.0,0.0,0.0,2024-10,2024-11-14T01:30:00+00:00,,pseudo_real_time,
early,union,no_change,2024-12,0.0,-0.1,0.1,0.1,0.01,2024-11,2024-12-14T01:30:00+00:00,,pseudo_real_time,
early,union,historical_mean,2024-12,0.0266129032258064,-0.1,0.1266129032258064,0.1266129032258064,0.0160308272632674,2024-11,2024-12-14T01:30:00+00:00,,pseudo_real_time,
early,union,last_available_actual,2024-12,-0.1,-0.1,0.0,0.0,0.0,2024-11,2024-12-14T01:30:00+00:00,,pseudo_real_time,
early,union,no_change,2025-01,0.0,-0.2,0.2,0.2,0.04,2024-12,2025-01-14T01:30:00+00:00,,pseudo_real_time,
early,union,historical_mean,2025-01,0.0255999999999999,-0.2,0.2256,0.2256,0.05089536,2024-12,2025-01-14T01:30:00+00:00,,pseudo_real_time,
early,union,last_available_actual,2025-01,-0.1,-0.2,0.1,0.1,0.01,2024-12,2025-01-14T01:30:00+00:00,,pseudo_real_time,
early,union,no_change,2025-02,0.0,-0.1,0.1,0.1,0.01,2025-01,2025-02-14T01:30:00+00:00,,pseudo_real_time,
early,union,historical_mean,2025-02,0.0238095238095238,-0.1,0.1238095238095238,0.1238095238095238,0.015328798185941,2025-01,2025-02-14T01:30:00+00:00,,pseudo_real_time,
early,union,last_available_actual,2025-02,-0.2,-0.1,-0.1,0.1,0.01,2025-01,2025-02-14T01:30:00+00:00,,pseudo_real_time,
early,union,no_change,2025-03,0.0,-0.4,0.4,0.4,0.16,2025-02,2025-03-14T01:30:00+00:00,,pseudo_real_time,
early,union,historical_mean,2025-03,0.0228346456692913,-0.4,0.4228346456692913,0.4228346456692913,0.1787891375782751,2025-02,2025-03-14T01:30:00+00:00,,pseudo_real_time,
early,union,last_available_actual,2025-03,-0.1,-0.4,0.3,0.3,0.09,2025-02,2025-03-14T01:30:00+00:00,,pseudo_real_time,
early,union,no_change,2025-04,0.0,-0.4,0.4,0.4,0.16,2025-03,2025-04-14T01:30:00+00:00,,pseudo_real_time,
early,union,historical_mean,2025-04,0.01953125,-0.4,0.41953125,0.41953125,0.1760064697265625,2025-03,2025-04-14T01:30:00+00:00,,pseudo_real_time,
early,union,last_available_actual,2025-04,-0.4,-0.4,0.0,0.0,0.0,2025-03,2025-04-14T01:30:00+00:00,,pseudo_real_time,
early,union,no_change,2025-05,0.0,-0.4,0.4,0.4,0.16,2025-04,2025-05-14T01:30:00+00:00,,pseudo_real_time,
early,union,historical_mean,2025-05,0.0162790697674418,-0.4,0.4162790697674419,0.4162790697674419,0.1732882639264467,2025-04,2025-05-14T01:30:00+00:00,,pseudo_real_time,
early,union,last_available_actual,2025-05,-0.4,-0.4,0.0,0.0,0.0,2025-04,2025-05-14T01:30:00+00:00,,pseudo_real_time,
early,union,no_change,2025-06,0.0,-0.4,0.4,0.4,0.16,2025-05,2025-06-14T01:30:00+00:00,,pseudo_real_time,
early,union,historical_mean,2025-06,0.013076923076923,-0.4,0.4130769230769231,0.4130769230769231,0.1706325443786982,2025-05,2025-06-14T01:30:00+00:00,,pseudo_real_time,
early,union,last_available_actual,2025-06,-0.4,-0.4,0.0,0.0,0.0,2025-05,2025-06-14T01:30:00+00:00,,pseudo_real_time,
early,union,no_change,2025-07,0.0,-0.2,0.2,0.2,0.04,2025-06,2025-07-14T01:30:00+00:00,,pseudo_real_time,
early,union,historical_mean,2025-07,0.0099236641221374,-0.2,0.2099236641221374,0.2099236641221374,0.0440679447584639,2025-06,2025-07-14T01:30:00+00:00,,pseudo_real_time,
early,union,last_available_actual,2025-07,-0.4,-0.2,-0.2,0.2,0.04,2025-06,2025-07-14T01:30:00+00:00,,pseudo_real_time,
early,union,no_change,2025-08,0.0,0.0,0.0,0.0,0.0,2025-07,2025-08-14T01:30:00+00:00,,pseudo_real_time,
early,union,historical_mean,2025-08,0.0083333333333333,0.0,0.0083333333333333,0.0083333333333333,6.944444444444439e-05,2025-07,2025-08-14T01:30:00+00:00,,pseudo_real_time,
early,union,last_available_actual,2025-08,-0.2,0.0,-0.2,0.2,0.04,2025-07,2025-08-14T01:30:00+00:00,,pseudo_real_time,
early,union,no_change,2025-09,0.0,0.0,0.0,0.0,0.0,2025-08,2025-09-14T01:30:00+00:00,,pseudo_real_time,
early,union,historical_mean,2025-09,0.0082706766917293,0.0,0.0082706766917293,0.0082706766917293,6.840409293911463e-05,2025-08,2025-09-14T01:30:00+00:00,,pseudo_real_time,
early,union,last_available_actual,2025-09,0.0,0.0,0.0,0.0,0.0,2025-08,2025-09-14T01:30:00+00:00,,pseudo_real_time,
early,union,no_change,2025-12,0.0,0.2,-0.2,0.2,0.04,2025-09,2025-12-14T01:30:00+00:00,,pseudo_real_time,
early,union,historical_mean,2025-12,0.0082089552238805,0.2,-0.1917910447761194,0.1917910447761194,0.0367838048563154,2025-09,2025-12-14T01:30:00+00:00,,pseudo_real_time,
early,union,last_available_actual,2025-12,0.0,0.2,-0.2,0.2,0.04,2025-09,2025-12-14T01:30:00+00:00,,pseudo_real_time,
early,union,no_change,2026-01,0.0,0.4,-0.4,0.4,0.16,2025-12,2026-01-14T01:30:00+00:00,,pseudo_real_time,
early,union,historical_mean,2026-01,0.0096296296296296,0.4,-0.3903703703703704,0.3903703703703704,0.1523890260631001,2025-12,2026-01-14T01:30:00+00:00,,pseudo_real_time,
early,union,last_available_actual,2026-01,0.2,0.4,-0.2,0.2,0.04,2025-12,2026-01-14T01:30:00+00:00,,pseudo_real_time,
early,union,no_change,2026-02,0.0,0.4,-0.4,0.4,0.16,2026-01,2026-02-14T01:30:00+00:00,,pseudo_real_time,
early,union,historical_mean,2026-02,0.0124999999999999,0.4,-0.3875,0.3875,0.15015625,2026-01,2026-02-14T01:30:00+00:00,,pseudo_real_time,
early,union,last_available_actual,2026-02,0.4,0.4,0.0,0.0,0.0,2026-01,2026-02-14T01:30:00+00:00,,pseudo_real_time,
early,union,no_change,2026-03,0.0,1.0,-1.0,1.0,1.0,2026-02,2026-03-14T01:30:00+00:00,,pseudo_real_time,
early,union,historical_mean,2026-03,0.0153284671532846,1.0,-0.9846715328467154,0.9846715328467154,0.9695780275987,2026-02,2026-03-14T01:30:00+00:00,,pseudo_real_time,
early,union,last_available_actual,2026-03,0.4,1.0,-0.6,0.6,0.36,2026-02,2026-03-14T01:30:00+00:00,,pseudo_real_time,
early,union,no_change,2026-04,0.0,1.7,-1.7,1.7,2.89,2026-03,2026-04-14T01:30:00+00:00,,pseudo_real_time,
early,union,historical_mean,2026-04,0.022463768115942,1.7,-1.677536231884058,1.677536231884058,2.814127809283764,2026-03,2026-04-14T01:30:00+00:00,,pseudo_real_time,
early,union,last_available_actual,2026-04,1.0,1.7,-0.7,0.7,0.4899999999999999,2026-03,2026-04-14T01:30:00+00:00,,pseudo_real_time,
early,union,no_change,2026-05,0.0,0.5,-0.5,0.5,0.25,2026-04,2026-05-14T01:30:00+00:00,,pseudo_real_time,
early,union,historical_mean,2026-05,0.0345323741007194,0.5,-0.4654676258992806,0.4654676258992806,0.2166601107603126,2026-04,2026-05-14T01:30:00+00:00,,pseudo_real_time,
early,union,last_available_actual,2026-05,1.7,0.5,1.2,1.2,1.44,2026-04,2026-05-14T01:30:00+00:00,,pseudo_real_time,
early,union,no_change,2026-06,0.0,-0.3,0.3,0.3,0.09,2026-05,2026-06-14T01:30:00+00:00,,pseudo_real_time,
early,union,historical_mean,2026-06,0.0378571428571428,-0.3,0.3378571428571428,0.3378571428571428,0.1141474489795918,2026-05,2026-06-14T01:30:00+00:00,,pseudo_real_time,
early,union,last_available_actual,2026-06,0.5,-0.3,0.8,0.8,0.6400000000000001,2026-05,2026-06-14T01:30:00+00:00,,pseudo_real_time,
early,union,no_change,2026-07,0.0,-0.7,0.7,0.7,0.4899999999999999,2026-06,2026-07-14T01:30:00+00:00,,pseudo_real_time,
early,union,historical_mean,2026-07,0.0354609929078014,-0.7,0.7354609929078014,0.7354609929078014,0.5409028720889292,2026-06,2026-07-14T01:30:00+00:00,,pseudo_real_time,
early,union,last_available_actual,2026-07,-0.3,-0.7,0.3999999999999999,0.3999999999999999,0.1599999999999999,2026-06,2026-07-14T01:30:00+00:00,,pseudo_real_time,
early,union,no_change,2026-08,0.0,0.4,-0.4,0.4,0.16,2026-07,2026-08-14T01:30:00+00:00,,pseudo_real_time,
early,union,historical_mean,2026-08,0.030281690140845,0.4,-0.3697183098591549,0.3697183098591549,0.1366916286451101,2026-07,2026-08-14T01:30:00+00:00,,pseudo_real_time,
early,union,last_available_actual,2026-08,-0.7,0.4,-1.1,1.1,1.2100000000000002,2026-07,2026-08-14T01:30:00+00:00,,pseudo_real_time,
early_carry,union,histgb,2016-04,-0.3523677000509923,0.7,-1.0523677000509923,1.0523677000509923,1.1074777761106154,2016-01,2016-04-14T01:30:00+00:00,25.0,pseudo_real_time,
early_carry,union,histgb,2016-05,-0.186932916453869,0.5,-0.686932916453869,0.686932916453869,0.4718768317078182,2016-04,2016-05-16T01:30:00+00:00,5.0,pseudo_real_time,
early_carry,union,histgb,2016-06,-0.3368014669036607,-0.2,-0.1368014669036606,0.1368014669036606,0.0187146413469933,2016-05,2016-06-14T01:30:00+00:00,25.0,pseudo_real_time,
early_carry,union,histgb,2016-07,-0.1275397291439592,0.2,-0.3275397291439593,0.3275397291439593,0.1072822741676982,2016-06,2016-07-14T01:30:00+00:00,25.0,pseudo_real_time,
early_carry,union,histgb,2016-08,-0.213661887179304,0.2,-0.4136618871793041,0.4136618871793041,0.1711161569047433,2016-07,2016-08-15T01:30:00+00:00,5.0,pseudo_real_time,
early_carry,union,histgb,2016-09,-0.0580318809017329,0.5,-0.558031880901733,0.558031880901733,0.3113995801027258,2016-08,2016-09-14T01:30:00+00:00,25.0,pseudo_real_time,
early_carry,union,histgb,2016-10,0.0257121381410084,0.7,-0.6742878618589915,0.6742878618589915,0.4546641206503704,2016-08,2016-10-14T01:30:00+00:00,25.0,pseudo_real_time,
early_carry,union,histgb,2016-11,0.3133623711216017,1.5,-1.1866376288783982,1.1866376288783982,1.408108862270147,2016-10,2016-11-14T01:30:00+00:00,5.0,pseudo_real_time,
early_carry,union,histgb,2016-12,0.4858622060166062,1.6,-1.114137793983394,1.114137793983394,1.2413030239821834,2016-11,2016-12-14T01:30:00+00:00,5.0,pseudo_real_time,
early_carry,union,histgb,2017-01,0.6348911016028863,0.8,-0.1651088983971137,0.1651088983971137,0.0272609483299084,2016-12,2017-01-16T01:30:00+00:00,5.0,pseudo_real_time,
early_carry,union,histgb,2017-03,0.5538936098441831,0.3,0.2538936098441831,0.2538936098441831,0.0644619651197102,2017-01,2017-03-14T01:30:00+00:00,25.0,pseudo_real_time,
early_carry,union,histgb,2017-04,0.1534152008799836,-0.4,0.5534152008799837,0.5534152008799837,0.3062683845650327,2017-03,2017-04-14T01:30:00+00:00,25.0,pseudo_real_time,
early_carry,union,histgb,2017-05,-0.1491507412226762,-0.3,0.1508492587773237,0.1508492587773237,0.0227554988736679,2017-04,2017-05-15T01:30:00+00:00,25.0,pseudo_real_time,
early_carry,union,histgb,2017-06,-0.0833627138917228,-0.2,0.1166372861082771,0.1166372861082771,0.0136042565107041,2017-05,2017-06-14T01:30:00+00:00,5.0,pseudo_real_time,
early_carry,union,histgb,2017-07,0.5791876964464666,0.2,0.3791876964464666,0.3791876964464666,0.1437833091363777,2017-06,2017-07-14T01:30:00+00:00,5.0,pseudo_real_time,
early_carry,union,histgb,2017-08,0.5946482082901013,0.9,-0.3053517917098987,0.3053517917098987,0.0932397167004453,2017-07,2017-08-14T01:30:00+00:00,5.0,pseudo_real_time,
early_carry,union,histgb,2017-09,0.8395641125018668,1.0,-0.1604358874981332,0.1604358874981332,0.0257396739973136,2017-08,2017-09-14T01:30:00+00:00,5.0,pseudo_real_time,
early_carry,union,histgb,2017-10,0.4707297657332799,0.7,-0.22927023426672,0.22927023426672,0.0525648403207166,2017-08,2017-10-16T01:30:00+00:00,5.0,pseudo_real_time,
early_carry,union,histgb,2017-11,0.1820764847873626,0.5,-0.3179235152126373,0.3179235152126373,0.10107536152516,2017-10,2017-11-14T01:30:00+00:00,5.0,pseudo_real_time,
early_carry,union,histgb,2017-12,0.3468416184850769,0.8,-0.4531583815149231,0.4531583815149231,0.2053525187372246,2017-11,2017-12-14T01:30:00+00:00,5.0,pseudo_real_time,
early_carry,union,histgb,2018-01,-0.220266884658562,0.3,-0.5202668846585621,0.5202668846585621,0.2706776312723255,2017-12,2018-01-15T01:30:00+00:00,5.0,pseudo_real_time,
early_carry,union,histgb,2018-02,-0.3831679114451821,-0.1,-0.2831679114451821,0.2831679114451821,0.0801840660722265,2018-01,2018-02-14T01:30:00+00:00,5.0,pseudo_real_time,
early_carry,union,histgb,2018-03,0.4005690513682045,-0.2,0.6005690513682045,0.6005690513682045,0.360683185461305,2018-02,2018-03-14T01:30:00+00:00,5.0,pseudo_real_time,
early_carry,union,histgb,2018-04,-0.2566760356095596,-0.2,-0.0566760356095595,0.0566760356095595,0.003212173012416,2018-03,2018-04-16T01:30:00+00:00,5.0,pseudo_real_time,
early_carry,union,histgb,2018-05,0.012777525192929,0.4,-0.3872224748070709,0.3872224748070709,0.1499412449957127,2018-04,2018-05-14T01:30:00+00:00,5.0,pseudo_real_time,
early_carry,union,histgb,2018-06,0.0619949440981217,0.3,-0.2380050559018782,0.2380050559018782,0.0566464066348561,2018-05,2018-06-14T01:30:00+00:00,5.0,pseudo_real_time,
early_carry,union,histgb,2018-07,0.0362384584827805,0.1,-0.0637615415172194,0.0637615415172194,0.004065534176652,2018-06,2018-07-16T01:30:00+00:00,5.0,pseudo_real_time,
early_carry,union,histgb,2018-08,0.5193231173746218,0.4,0.1193231173746217,0.1193231173746217,0.0142380063399977,2018-07,2018-08-14T01:30:00+00:00,5.0,pseudo_real_time,
early_carry,union,histgb,2018-09,0.3070446314057096,0.6,-0.2929553685942903,0.2929553685942903,0.0858228479882165,2018-08,2018-09-14T01:30:00+00:00,5.0,pseudo_real_time,
early_carry,union,histgb,2018-10,0.4088201057789253,0.4,0.0088201057789253,0.0088201057789253,7.779426595143211e-05,2018-08,2018-10-15T01:30:00+00:00,5.0,pseudo_real_time,
early_carry,union,histgb,2018-11,-0.3208853798803163,-0.2,-0.1208853798803163,0.1208853798803163,0.0146132750688083,2018-10,2018-11-14T01:30:00+00:00,5.0,pseudo_real_time,
early_carry,union,histgb,2018-12,-0.2483615513673982,-1.0,0.7516384486326018,0.7516384486326018,0.5649603574628244,2018-11,2018-12-14T01:30:00+00:00,5.0,pseudo_real_time,
early_carry,union,histgb,2019-01,-0.1049748432725558,-0.6,0.4950251567274441,0.4950251567274441,0.2450499057930306,2018-12,2019-01-14T01:30:00+00:00,5.0,pseudo_real_time,
early_carry,union,histgb,2019-04,-0.0650818011258922,0.3,-0.3650818011258923,0.3650818011258923,0.1332847215133255,2019-01,2019-04-15T01:30:00+00:00,5.0,pseudo_real_time,
early_carry,union,histgb,2019-05,-0.1319671892186204,0.2,-0.3319671892186204,0.3319671892186204,0.1102022147177113,2019-04,2019-05-14T01:30:00+00:00,5.0,pseudo_real_time,
early_carry,union,histgb,2019-06,-0.2734729345294153,-0.3,0.0265270654705846,0.0265270654705846,0.0007036852024806,2019-05,2019-06-14T01:30:00+00:00,5.0,pseudo_real_time,
early_carry,union,histgb,2019-07,-0.1800378507429502,-0.2,0.0199621492570497,0.0199621492570497,0.0003984874029607,2019-06,2019-07-15T01:30:00+00:00,5.0,pseudo_real_time,
early_carry,union,histgb,2019-08,0.3159861407279318,-0.1,0.4159861407279318,0.4159861407279318,0.1730444692777187,2019-07,2019-08-14T01:30:00+00:00,5.0,pseudo_real_time,
early_carry,union,histgb,2019-09,0.2265599272655915,0.1,0.1265599272655915,0.1265599272655915,0.0160174151894718,2019-08,2019-09-16T01:30:00+00:00,25.0,pseudo_real_time,
early_carry,union,histgb,2019-10,-0.1286025312827829,0.1,-0.2286025312827829,0.2286025312827829,0.0522591173088957,2019-08,2019-10-14T01:30:00+00:00,25.0,pseudo_real_time,
early_carry,union,histgb,2019-11,-0.2588656478507987,-0.1,-0.1588656478507987,0.1588656478507987,0.0252382940670539,2019-10,2019-11-14T01:30:00+00:00,5.0,pseudo_real_time,
early_carry,union,histgb,2019-12,0.1024502307679078,0.0,0.1024502307679078,0.1024502307679078,0.0104960497843975,2019-11,2019-12-16T01:30:00+00:00,5.0,pseudo_real_time,
early_carry,union,histgb,2020-01,-0.4190925920778439,0.0,-0.4190925920778439,0.4190925920778439,0.1756386007345261,2019-12,2020-01-14T01:30:00+00:00,5.0,pseudo_real_time,
early_carry,union,histgb,2020-02,-0.2741950845559823,-0.5,0.2258049154440176,0.2258049154440176,0.0509878598386799,2020-01,2020-02-14T01:30:00+00:00,5.0,pseudo_real_time,
early_carry,union,histgb,2020-03,-0.1387974477169608,-1.0,0.8612025522830392,0.8612025522830392,0.7416698360588209,2020-02,2020-03-16T01:30:00+00:00,25.0,pseudo_real_time,
early_carry,union,histgb,2020-04,-0.5485974068932737,-1.3,0.7514025931067263,0.7514025931067263,0.5646058569275125,2020-03,2020-04-14T01:30:00+00:00,5.0,pseudo_real_time,
early_carry,union,histgb,2020-05,0.0625375943152013,-0.4,0.4625375943152013,0.4625375943152013,0.2139410261548938,2020-04,2020-05-14T01:30:00+00:00,25.0,pseudo_real_time,
early_carry,union,histgb,2020-06,-0.1857531917207729,0.4,-0.585753191720773,0.585753191720773,0.3431068016110726,2020-05,2020-06-15T01:30:00+00:00,5.0,pseudo_real_time,
early_carry,union,histgb,2020-07,0.3190784725250485,0.4,-0.0809215274749514,0.0809215274749514,0.0065482936088793,2020-06,2020-07-14T01:30:00+00:00,25.0,pseudo_real_time,
early_carry,union,histgb,2020-08,0.215048592841541,0.3,-0.0849514071584589,0.0849514071584589,0.0072167415782022,2020-07,2020-08-14T01:30:00+00:00,5.0,pseudo_real_time,
early_carry,union,histgb,2020-09,0.3299353296052456,0.1,0.2299353296052456,0.2299353296052456,0.0528702558006729,2020-08,2020-09-14T01:30:00+00:00,5.0,pseudo_real_time,
early_carry,union,histgb,2020-10,-0.0639103590697493,0.0,-0.0639103590697493,0.0639103590697493,0.0040845339964242,2020-08,2020-10-14T01:30:00+00:00,5.0,pseudo_real_time,
early_carry,union,histgb,2020-11,0.4889942344528659,0.5,-0.0110057655471341,0.0110057655471341,0.0001211268752784,2020-10,2020-11-16T01:30:00+00:00,5.0,pseudo_real_time,
early_carry,union,histgb,2020-12,0.6537434718936446,1.1,-0.4462565281063555,0.4462565281063555,0.1991448888775384,2020-11,2020-12-14T01:30:00+00:00,5.0,pseudo_real_time,
early_carry,union,histgb,2021-01,0.6260371402150031,1.0,-0.3739628597849969,0.3739628597849969,0.1398482204985732,2020-12,2021-01-14T01:30:00+00:00,5.0,pseudo_real_time,
early_carry,union,histgb,2021-02,-0.0823037127797935,0.8,-0.8823037127797936,0.8823037127797936,0.7784598415850085,2021-01,2021-02-19T01:30:00+00:00,5.0,pseudo_real_time,
early_carry,union,histgb,2021-03,0.6667144021439443,1.6,-0.9332855978560558,0.9332855978560558,0.8710220071655355,2021-02,2021-03-15T01:30:00+00:00,5.0,pseudo_real_time,
early_carry,union,histgb,2021-04,0.7005127065541669,0.9,-0.1994872934458331,0.1994872934458331,0.0397951802463439,2021-03,2021-04-14T01:30:00+00:00,5.0,pseudo_real_time,
early_carry,union,histgb,2021-05,0.973739885388456,1.6,-0.6262601146115441,0.6262601146115441,0.3922017311532643,2021-04,2021-05-14T01:30:00+00:00,5.0,pseudo_real_time,
early_carry,union,histgb,2021-06,0.3994357041991833,0.3,0.0994357041991833,0.0994357041991833,0.0098874592695874,2021-05,2021-06-15T01:30:00+00:00,5.0,pseudo_real_time,
early_carry,union,histgb,2021-07,-0.0330525048832655,0.5,-0.5330525048832655,0.5330525048832655,0.2841449729623237,2021-06,2021-07-14T01:30:00+00:00,5.0,pseudo_real_time,
early_carry,union,histgb,2021-08,0.5292429759728092,0.7,-0.1707570240271907,0.1707570240271907,0.0291579612546225,2021-07,2021-08-16T01:30:00+00:00,5.0,pseudo_real_time,
early_carry,union,histgb,2021-09,0.4395544551801779,1.2,-0.760445544819822,0.760445544819822,0.5782774266363159,2021-08,2021-09-14T01:30:00+00:00,5.0,pseudo_real_time,
early_carry,union,histgb,2021-10,0.9440765381465324,2.5,-1.555923461853468,1.555923461853468,2.42089781914608,2021-08,2021-10-14T01:30:00+00:00,5.0,pseudo_real_time,
early_carry,union,histgb,2021-11,-0.2404553055291877,0.0,-0.2404553055291877,0.2404553055291877,0.057818753957135,2021-10,2021-11-15T01:30:00+00:00,5.0,pseudo_real_time,
early_carry,union,histgb,2021-12,-0.6731877099588099,-1.2,0.52681229004119,0.52681229004119,0.2775311889384429,2021-11,2021-12-14T01:30:00+00:00,5.0,pseudo_real_time,
early_carry,union,histgb,2022-01,-0.1075212996475562,-0.2,0.0924787003524438,0.0924787003524438,0.008552310018877,2021-12,2022-01-14T01:30:00+00:00,5.0,pseudo_real_time,
early_carry,union,histgb,2022-04,0.4687005559805871,0.6,-0.1312994440194128,0.1312994440194128,0.0172395439998069,2022-01,2022-04-14T01:30:00+00:00,5.0,pseudo_real_time,
early_carry,union,histgb,2022-05,0.0800883446965605,0.1,-0.0199116553034394,0.0199116553034394,0.0003964740169229,2022-04,2022-05-14T01:30:00+00:00,5.0,pseudo_real_time,
early_carry,union,histgb,2022-06,-0.3550135964855861,0.0,-0.3550135964855861,0.3550135964855861,0.1260346536896306,2022-05,2022-06-14T01:30:00+00:00,5.0,pseudo_real_time,
early_carry,union,histgb,2022-07,-0.6490307776994371,-1.3,0.650969222300563,0.650969222300563,0.4237609283825997,2022-06,2022-07-14T01:30:00+00:00,5.0,pseudo_real_time,
early_carry,union,histgb,2022-08,-0.7746664165645707,-1.2,0.4253335834354292,0.4253335834354292,0.1809086571980232,2022-07,2022-08-14T01:30:00+00:00,5.0,pseudo_real_time,
early_carry,union,histgb,2022-09,0.0652425826668706,-0.1,0.1652425826668707,0.1652425826668707,0.0273051111264175,2022-08,2022-09-14T01:30:00+00:00,5.0,pseudo_real_time,
early_carry,union,histgb,2022-10,-0.0905783327922793,0.2,-0.2905783327922793,0.2905783327922793,0.0844357674883406,2022-08,2022-10-14T01:30:00+00:00,5.0,pseudo_real_time,
early_carry,union,histgb,2022-11,-0.9152686681983596,0.1,-1.0152686681983598,1.0152686681983598,1.0307704686252712,2022-10,2022-11-14T01:30:00+00:00,5.0,pseudo_real_time,
early_carry,union,histgb,2022-12,-0.3071542163413667,-0.5,0.1928457836586332,0.1928457836586332,0.0371894962749123,2022-11,2022-12-14T01:30:00+00:00,5.0,pseudo_real_time,
early_carry,union,histgb,2023-01,0.1369461120955063,-0.4,0.5369461120955064,0.5369461120955064,0.28831112729448,2022-12,2023-01-14T01:30:00+00:00,5.0,pseudo_real_time,
early_carry,union,histgb,2023-03,-0.2410135328654967,0.0,-0.2410135328654967,0.2410135328654967,0.0580875230243078,2023-01,2023-03-14T01:30:00+00:00,5.0,pseudo_real_time,
early_carry,union,histgb,2023-04,-0.1268965488196849,-0.5,0.373103451180315,0.373103451180315,0.1392061852826617,2023-03,2023-04-14T01:30:00+00:00,5.0,pseudo_real_time,
early_carry,union,histgb,2023-05,-0.4749961160232891,-0.9,0.4250038839767108,0.4250038839767108,0.1806283013952895,2023-04,2023-05-14T01:30:00+00:00,5.0,pseudo_real_time,
early_carry,union,histgb,2023-06,-0.4703644289690426,-0.8,0.3296355710309574,0.3296355710309574,0.1086596096889053,2023-05,2023-06-14T01:30:00+00:00,5.0,pseudo_real_time,
early_carry,union,histgb,2023-07,-0.0049124915445852,-0.2,0.1950875084554147,0.1950875084554147,0.0380591359553415,2023-06,2023-07-14T01:30:00+00:00,5.0,pseudo_real_time,
early_carry,union,histgb,2023-08,0.6677746600600137,0.2,0.4677746600600137,0.4677746600600137,0.2188131325942614,2023-07,2023-08-14T01:30:00+00:00,5.0,pseudo_real_time,
early_carry,union,histgb,2023-09,0.0948568829484711,0.4,-0.3051431170515288,0.3051431170515288,0.093112321883923,2023-08,2023-09-14T01:30:00+00:00,5.0,pseudo_real_time,
early_carry,union,histgb,2023-10,-0.1312903953194817,0.0,-0.1312903953194817,0.1312903953194817,0.0172371679031457,2023-09,2023-10-14T01:30:00+00:00,5.0,pseudo_real_time,
early_carry,union,histgb,2023-11,-0.4111380148291632,-0.3,-0.1111380148291631,0.1111380148291631,0.0123516583401672,2023-10,2023-11-14T01:30:00+00:00,5.0,pseudo_real_time,
early_carry,union,histgb,2023-12,-0.2288781512990531,-0.3,0.0711218487009469,0.0711218487009469,0.0050583173626403,2023-11,2023-12-14T01:30:00+00:00,5.0,pseudo_real_time,
early_carry,union,histgb,2024-01,-0.2052434703263697,-0.2,-0.0052434703263697,0.0052434703263697,2.7493981063519664e-05,2023-12,2024-01-14T01:30:00+00:00,5.0,pseudo_real_time,
early_carry,union,histgb,2024-02,0.0763705421621271,-0.2,0.2763705421621271,0.2763705421621271,0.0763806765749881,2024-01,2024-02-14T01:30:00+00:00,5.0,pseudo_real_time,
early_carry,union,histgb,2024-03,0.2217533005509723,-0.1,0.3217533005509723,0.3217533005509723,0.1035251864154443,2024-02,2024-03-14T01:30:00+00:00,5.0,pseudo_real_time,
early_carry,union,histgb,2024-04,-0.1341369441444628,-0.2,0.0658630558555371,0.0658630558555371,0.0043379421266296,2024-03,2024-04-14T01:30:00+00:00,5.0,pseudo_real_time,
early_carry,union,histgb,2024-05,0.059232676853837,0.2,-0.140767323146163,0.140767323146163,0.0198154392657362,2024-04,2024-05-14T01:30:00+00:00,5.0,pseudo_real_time,
early_carry,union,histgb,2024-06,0.054741829487633,0.1,-0.045258170512367,0.045258170512367,0.0020483019981264,2024-05,2024-06-14T01:30:00+00:00,5.0,pseudo_real_time,
early_carry,union,histgb,2024-07,-0.3226792615570218,-0.2,-0.1226792615570218,0.1226792615570218,0.0150502012161761,2024-06,2024-07-14T01:30:00+00:00,5.0,pseudo_real_time,
early_carry,union,histgb,2024-08,-0.5005004770091649,-0.7,0.199499522990835,0.199499522990835,0.0398000596735707,2024-07,2024-08-14T01:30:00+00:00,5.0,pseudo_real_time,
early_carry,union,histgb,2024-09,-0.4332782980801453,-0.6,0.1667217019198546,0.1667217019198546,0.0277961258910528,2024-08,2024-09-14T01:30:00+00:00,5.0,pseudo_real_time,
early_carry,union,histgb,2024-10,0.3023158567957847,-0.1,0.4023158567957847,0.4023158567957847,0.1618580486293263,2024-09,2024-10-14T01:30:00+00:00,5.0,pseudo_real_time,
early_carry,union,histgb,2024-11,-0.4450712021747954,-0.1,-0.3450712021747953,0.3450712021747953,0.1190741345703585,2024-10,2024-11-14T01:30:00+00:00,5.0,pseudo_real_time,
early_carry,union,histgb,2024-12,0.0149484125089211,-0.1,0.1149484125089212,0.1149484125089212,0.0132131375383211,2024-11,2024-12-14T01:30:00+00:00,5.0,pseudo_real_time,
early_carry,union,histgb,2025-01,-0.4836188983247901,-0.2,-0.2836188983247901,0.2836188983247901,0.0804396794869676,2024-12,2025-01-14T01:30:00+00:00,5.0,pseudo_real_time,
early_carry,union,histgb,2025-03,-0.2455666815366166,-0.4,0.1544333184633833,0.1544333184633833,0.0238496498516127,2025-01,2025-03-14T01:30:00+00:00,5.0,pseudo_real_time,
early_carry,union,histgb,2025-04,-0.3098406144416395,-0.4,0.0901593855583605,0.0901593855583605,0.0081287148042611,2025-03,2025-04-14T01:30:00+00:00,5.0,pseudo_real_time,
early_carry,union,histgb,2025-05,-0.7708294922954134,-0.4,-0.3708294922954134,0.3708294922954134,0.137514512356074,2025-04,2025-05-14T01:30:00+00:00,5.0,pseudo_real_time,
early_carry,union,histgb,2025-06,-0.1469138186262757,-0.4,0.2530861813737242,0.2530861813737242,0.0640526152023336,2025-05,2025-06-14T01:30:00+00:00,5.0,pseudo_real_time,
early_carry,union,histgb,2025-07,0.1261563136284324,-0.2,0.3261563136284324,0.3261563136284324,0.1063779409196883,2025-06,2025-07-14T01:30:00+00:00,5.0,pseudo_real_time,
early_carry,union,histgb,2025-08,-0.0099253798296831,0.0,-0.0099253798296831,0.0099253798296831,9.85131647634812e-05,2025-07,2025-08-14T01:30:00+00:00,5.0,pseudo_real_time,
early_carry,union,histgb,2025-09,-0.1982354408603064,0.0,-0.1982354408603064,0.1982354408603064,0.03929729001308,2025-08,2025-09-14T01:30:00+00:00,5.0,pseudo_real_time,
early_carry,union,histgb,2025-12,-0.129756103095536,0.2,-0.329756103095536,0.329756103095536,0.1087390875287538,2025-09,2025-12-14T01:30:00+00:00,5.0,pseudo_real_time,
early_carry,union,histgb,2026-01,-0.215212063457375,0.4,-0.615212063457375,0.615212063457375,0.3784858830234812,2025-12,2026-01-14T01:30:00+00:00,5.0,pseudo_real_time,
early_carry,union,histgb,2026-02,0.0799933192542073,0.4,-0.3200066807457927,0.3200066807457927,0.1024042757219396,2026-01,2026-02-14T01:30:00+00:00,5.0,pseudo_real_time,
early_carry,union,histgb,2026-03,0.4096426252833203,1.0,-0.5903573747166797,0.5903573747166797,0.3485218298823702,2026-02,2026-03-14T01:30:00+00:00,5.0,pseudo_real_time,
early_carry,union,histgb,2026-04,0.7986885508108554,1.7,-0.9013114491891444,0.9013114491891444,0.8123623284394359,2026-03,2026-04-14T01:30:00+00:00,5.0,pseudo_real_time,
early_carry,union,histgb,2026-05,0.3241025846146226,0.5,-0.1758974153853773,0.1758974153853773,0.0309399007392559,2026-04,2026-05-14T01:30:00+00:00,5.0,pseudo_real_time,
early_carry,union,histgb,2026-06,-0.0140629547773983,-0.3,0.2859370452226016,0.2859370452226016,0.0817599938306321,2026-05,2026-06-14T01:30:00+00:00,5.0,pseudo_real_time,
early_carry,union,histgb,2026-07,-0.0646023308346595,-0.7,0.6353976691653404,0.6353976691653404,0.4037301979807473,2026-06,2026-07-14T01:30:00+00:00,5.0,pseudo_real_time,
early_carry,union,histgb,2026-08,0.3541597423455849,0.4,-0.0458402576544151,0.0458402576544151,0.0021013292218231,2026-07,2026-08-14T01:30:00+00:00,5.0,pseudo_real_time,
early_carry,union,xgboost,2016-04,-0.3268201053142547,0.7,-1.0268201053142547,1.0268201053142547,1.054359528677577,2016-01,2016-04-14T01:30:00+00:00,25.0,pseudo_real_time,
early_carry,union,xgboost,2016-05,-0.3128070831298828,0.5,-0.8128070831298828,0.8128070831298828,0.6606553543861082,2016-04,2016-05-16T01:30:00+00:00,25.0,pseudo_real_time,
early_carry,union,xgboost,2016-06,-0.3321132957935333,-0.2,-0.1321132957935333,0.1321132957935333,0.0174539229254296,2016-05,2016-06-14T01:30:00+00:00,5.0,pseudo_real_time,
early_carry,union,xgboost,2016-07,-0.1735241860151291,0.2,-0.3735241860151291,0.3735241860151291,0.1395203175382647,2016-06,2016-07-14T01:30:00+00:00,5.0,pseudo_real_time,
early_carry,union,xgboost,2016-08,-0.1084238067269325,0.2,-0.3084238067269325,0.3084238067269325,0.0951252445559322,2016-07,2016-08-15T01:30:00+00:00,5.0,pseudo_real_time,
early_carry,union,xgboost,2016-09,0.1058282330632209,0.5,-0.394171766936779,0.394171766936779,0.1553713818500624,2016-08,2016-09-14T01:30:00+00:00,5.0,pseudo_real_time,
early_carry,union,xgboost,2016-10,0.0321038700640201,0.7,-0.6678961299359798,0.6678961299359798,0.4460852403834592,2016-08,2016-10-14T01:30:00+00:00,5.0,pseudo_real_time,
early_carry,union,xgboost,2016-11,0.2726354598999023,1.5,-1.2273645401000977,1.2273645401000977,1.5064237142951242,2016-10,2016-11-14T01:30:00+00:00,5.0,pseudo_real_time,
early_carry,union,xgboost,2016-12,0.4029662013053894,1.6,-1.197033798694611,1.197033798694611,1.4328899152172498,2016-11,2016-12-14T01:30:00+00:00,5.0,pseudo_real_time,
early_carry,union,xgboost,2017-01,0.4511382579803467,0.8,-0.3488617420196533,0.3488617420196533,0.1217045150449871,2016-12,2017-01-16T01:30:00+00:00,5.0,pseudo_real_time,
early_carry,union,xgboost,2017-03,0.456414520740509,0.3,0.156414520740509,0.156414520740509,0.0244655022984831,2017-01,2017-03-14T01:30:00+00:00,5.0,pseudo_real_time,
early_carry,union,xgboost,2017-04,-0.068676471710205,-0.4,0.3313235282897949,0.3313235282897949,0.1097752803983985,2017-03,2017-04-14T01:30:00+00:00,5.0,pseudo_real_time,
early_carry,union,xgboost,2017-05,-0.1885255724191665,-0.3,0.1114744275808334,0.1114744275808334,0.0124265480044744,2017-04,2017-05-15T01:30:00+00:00,5.0,pseudo_real_time,
early_carry,union,xgboost,2017-06,-0.0582275614142417,-0.2,0.1417724385857582,0.1417724385857582,0.0200994243425525,2017-05,2017-06-14T01:30:00+00:00,5.0,pseudo_real_time,
early_carry,union,xgboost,2017-07,0.4377168416976928,0.2,0.2377168416976928,0.2377168416976928,0.0565092968267259,2017-06,2017-07-14T01:30:00+00:00,5.0,pseudo_real_time,
early_carry,union,xgboost,2017-08,0.5898891091346741,0.9,-0.3101108908653259,0.3101108908653259,0.0961687646332861,2017-07,2017-08-14T01:30:00+00:00,5.0,pseudo_real_time,
early_carry,union,xgboost,2017-09,0.6552702188491821,1.0,-0.3447297811508178,0.3447297811508178,0.1188386220122907,2017-08,2017-09-14T01:30:00+00:00,5.0,pseudo_real_time,
early_carry,union,xgboost,2017-10,-0.1036748215556144,0.7,-0.8036748215556144,0.8036748215556144,0.6458932188024487,2017-08,2017-10-16T01:30:00+00:00,5.0,pseudo_real_time,
early_carry,union,xgboost,2017-11,0.0927429124712944,0.5,-0.4072570875287056,0.4072570875287056,0.1658583353423637,2017-10,2017-11-14T01:30:00+00:00,5.0,pseudo_real_time,
early_carry,union,xgboost,2017-12,0.3821480274200439,0.8,-0.4178519725799561,0.4178519725799561,0.1746002709889604,2017-11,2017-12-14T01:30:00+00:00,5.0,pseudo_real_time,
early_carry,union,xgboost,2018-01,-0.1619546562433242,0.3,-0.4619546562433242,0.4619546562433242,0.2134021044248878,2017-12,2018-01-15T01:30:00+00:00,5.0,pseudo_real_time,
early_carry,union,xgboost,2018-02,-0.329250305891037,-0.1,-0.2292503058910369,0.2292503058910369,0.052555702751134,2018-01,2018-02-14T01:30:00+00:00,5.0,pseudo_real_time,
early_carry,union,xgboost,2018-03,0.4057557284832001,-0.2,0.6057557284832,0.6057557284832,0.3669400025902123,2018-02,2018-03-14T01:30:00+00:00,5.0,pseudo_real_time,
early_carry,union,xgboost,2018-04,-0.1260025203227996,-0.2,0.0739974796772003,0.0739974796772003,0.0054756269985776,2018-03,2018-04-16T01:30:00+00:00,5.0,pseudo_real_time,
early_carry,union,xgboost,2018-05,0.102480262517929,0.4,-0.2975197374820709,0.2975197374820709,0.0885179941914004,2018-04,2018-05-14T01:30:00+00:00,5.0,pseudo_real_time,
early_carry,union,xgboost,2018-06,0.0236417315900325,0.3,-0.2763582684099674,0.2763582684099674,0.0763738925185555,2018-05,2018-06-14T01:30:00+00:00,5.0,pseudo_real_time,
early_carry,union,xgboost,2018-07,0.0948157534003257,0.1,-0.0051842465996742,0.0051842465996742,2.6876412806233825e-05,2018-06,2018-07-16T01:30:00+00:00,5.0,pseudo_real_time,
early_carry,union,xgboost,2018-08,0.3951787650585174,0.4,-0.0048212349414825,0.0048212349414825,2.3244306360972405e-05,2018-07,2018-08-14T01:30:00+00:00,5.0,pseudo_real_time,
early_carry,union,xgboost,2018-09,0.4216431081295013,0.6,-0.1783568918704986,0.1783568918704986,0.0318111808777047,2018-08,2018-09-14T01:30:00+00:00,5.0,pseudo_real_time,
early_carry,union,xgboost,2018-10,0.4062862694263458,0.4,0.0062862694263458,0.0062862694263458,3.951718330060999e-05,2018-08,2018-10-15T01:30:00+00:00,5.0,pseudo_real_time,
early_carry,union,xgboost,2018-11,-0.2023223042488098,-0.2,-0.0023223042488098,0.0023223042488098,5.393097024040065e-06,2018-10,2018-11-14T01:30:00+00:00,5.0,pseudo_real_time,
early_carry,union,xgboost,2018-12,-0.3395129442214966,-1.0,0.6604870557785034,0.6604870557785034,0.4362431508509559,2018-11,2018-12-14T01:30:00+00:00,5.0,pseudo_real_time,
early_carry,union,xgboost,2019-01,-0.1712184697389602,-0.6,0.4287815302610397,0.4287815302610397,0.1838536006929989,2018-12,2019-01-14T01:30:00+00:00,5.0,pseudo_real_time,
early_carry,union,xgboost,2019-04,-0.142911285161972,0.3,-0.442911285161972,0.442911285161972,0.1961704065238297,2019-01,2019-04-15T01:30:00+00:00,5.0,pseudo_real_time,
early_carry,union,xgboost,2019-05,-0.1241160035133361,0.2,-0.3241160035133362,0.3241160035133362,0.1050511837334569,2019-04,2019-05-14T01:30:00+00:00,5.0,pseudo_real_time,
early_carry,union,xgboost,2019-06,-0.359894186258316,-0.3,-0.059894186258316,0.059894186258316,0.0035873135475458,2019-05,2019-06-14T01:30:00+00:00,5.0,pseudo_real_time,
early_carry,union,xgboost,2019-07,-0.1935304999351501,-0.2,0.0064695000648498,0.0064695000648498,4.18544310890924e-05,2019-06,2019-07-15T01:30:00+00:00,5.0,pseudo_real_time,
early_carry,union,xgboost,2019-08,0.0574188083410263,-0.1,0.1574188083410263,0.1574188083410263,0.0247806812195087,2019-07,2019-08-14T01:30:00+00:00,5.0,pseudo_real_time,
early_carry,union,xgboost,2019-09,0.1827183812856674,0.1,0.0827183812856674,0.0827183812856674,0.006842330602521,2019-08,2019-09-16T01:30:00+00:00,5.0,pseudo_real_time,
early_carry,union,xgboost,2019-10,-0.038193330168724,0.1,-0.138193330168724,0.138193330168724,0.0190973965031219,2019-08,2019-10-14T01:30:00+00:00,5.0,pseudo_real_time,
early_carry,union,xgboost,2019-11,-0.2705681324005127,-0.1,-0.1705681324005127,0.1705681324005127,0.0290934877905988,2019-10,2019-11-14T01:30:00+00:00,5.0,pseudo_real_time,
early_carry,union,xgboost,2019-12,0.0329972207546234,0.0,0.0329972207546234,0.0329972207546234,0.0010888165775293,2019-11,2019-12-16T01:30:00+00:00,5.0,pseudo_real_time,
early_carry,union,xgboost,2020-01,-0.1750952303409576,0.0,-0.1750952303409576,0.1750952303409576,0.030658339688153,2019-12,2020-01-14T01:30:00+00:00,5.0,pseudo_real_time,
early_carry,union,xgboost,2020-02,-0.3465380072593689,-0.5,0.1534619927406311,0.1534619927406311,0.0235505832159255,2020-01,2020-02-14T01:30:00+00:00,5.0,pseudo_real_time,
early_carry,union,xgboost,2020-03,-0.0039848810993134,-1.0,0.9960151189006864,0.9960151189006864,0.9920461170787488,2020-02,2020-03-16T01:30:00+00:00,5.0,pseudo_real_time,
early_carry,union,xgboost,2020-04,-0.5141475796699524,-1.3,0.7858524203300477,0.7858524203300477,0.6175640265385939,2020-03,2020-04-14T01:30:00+00:00,5.0,pseudo_real_time,
early_carry,union,xgboost,2020-05,-0.0869876965880394,-0.4,0.3130123034119606,0.3130123034119606,0.0979767020872613,2020-04,2020-05-14T01:30:00+00:00,5.0,pseudo_real_time,
early_carry,union,xgboost,2020-06,-0.185504600405693,0.4,-0.5855046004056931,0.5855046004056931,0.3428156370962303,2020-05,2020-06-15T01:30:00+00:00,5.0,pseudo_real_time,
early_carry,union,xgboost,2020-07,0.1237701326608657,0.4,-0.2762298673391342,0.2762298673391342,0.0763029396101957,2020-06,2020-07-14T01:30:00+00:00,5.0,pseudo_real_time,
early_carry,union,xgboost,2020-08,0.311304897069931,0.3,0.011304897069931,0.011304897069931,0.0001278006977617,2020-07,2020-08-14T01:30:00+00:00,5.0,pseudo_real_time,
early_carry,union,xgboost,2020-09,0.3633319735527038,0.1,0.2633319735527039,0.2633319735527039,0.0693437282951619,2020-08,2020-09-14T01:30:00+00:00,5.0,pseudo_real_time,
early_carry,union,xgboost,2020-10,0.0205709245055913,0.0,0.0205709245055913,0.0205709245055913,0.0004231629350147,2020-08,2020-10-14T01:30:00+00:00,5.0,pseudo_real_time,
early_carry,union,xgboost,2020-11,0.3790923953056335,0.5,-0.1209076046943664,0.1209076046943664,0.0146186488729291,2020-10,2020-11-16T01:30:00+00:00,5.0,pseudo_real_time,
early_carry,union,xgboost,2020-12,0.6192994713783264,1.1,-0.4807005286216737,0.4807005286216737,0.2310729982171565,2020-11,2020-12-14T01:30:00+00:00,5.0,pseudo_real_time,
early_carry,union,xgboost,2021-01,0.6187683343887329,1.0,-0.3812316656112671,0.3812316656112671,0.1453375828647409,2020-12,2021-01-14T01:30:00+00:00,5.0,pseudo_real_time,
early_carry,union,xgboost,2021-02,-0.0648620501160621,0.8,-0.8648620501160622,0.8648620501160622,0.7479863657309581,2021-01,2021-02-19T01:30:00+00:00,5.0,pseudo_real_time,
early_carry,union,xgboost,2021-03,0.5402771830558777,1.6,-1.0597228169441224,1.0597228169441224,1.123012448751986,2021-02,2021-03-15T01:30:00+00:00,5.0,pseudo_real_time,
early_carry,union,xgboost,2021-04,0.5055762529373169,0.9,-0.3944237470626831,0.3944237470626831,0.1555700922469674,2021-03,2021-04-14T01:30:00+00:00,5.0,pseudo_real_time,
early_carry,union,xgboost,2021-05,0.9482036232948304,1.6,-0.6517963767051698,0.6517963767051698,0.4248385166859876,2021-04,2021-05-14T01:30:00+00:00,5.0,pseudo_real_time,
early_carry,union,xgboost,2021-06,0.3065637946128845,0.3,0.0065637946128845,0.0065637946128845,4.308339972013201e-05,2021-05,2021-06-15T01:30:00+00:00,5.0,pseudo_real_time,
early_carry,union,xgboost,2021-07,-0.0550466179847717,0.5,-0.5550466179847717,0.5550466179847717,0.3080767481363331,2021-06,2021-07-14T01:30:00+00:00,5.0,pseudo_real_time,
early_carry,union,xgboost,2021-08,0.6090678572654724,0.7,-0.0909321427345275,0.0909321427345275,0.0082686545822924,2021-07,2021-08-16T01:30:00+00:00,5.0,pseudo_real_time,
early_carry,union,xgboost,2021-09,0.5415661931037903,1.2,-0.6584338068962097,0.6584338068962097,0.4335350780638351,2021-08,2021-09-14T01:30:00+00:00,5.0,pseudo_real_time,
early_carry,union,xgboost,2021-10,0.9095128774642944,2.5,-1.5904871225357056,1.5904871225357056,2.5296492869519085,2021-08,2021-10-14T01:30:00+00:00,5.0,pseudo_real_time,
early_carry,union,xgboost,2021-11,-0.3110946416854858,0.0,-0.3110946416854858,0.3110946416854858,0.0967798760854208,2021-10,2021-11-15T01:30:00+00:00,5.0,pseudo_real_time,
early_carry,union,xgboost,2021-12,-0.6531997919082642,-1.2,0.5468002080917358,0.5468002080917358,0.2989904675691656,2021-11,2021-12-14T01:30:00+00:00,5.0,pseudo_real_time,
early_carry,union,xgboost,2022-01,0.0484360121190547,-0.2,0.2484360121190548,0.2484360121190548,0.0617204521176191,2021-12,2022-01-14T01:30:00+00:00,5.0,pseudo_real_time,
early_carry,union,xgboost,2022-04,0.6440666913986206,0.6,0.0440666913986206,0.0440666913986206,0.0019418732908212,2022-01,2022-04-14T01:30:00+00:00,5.0,pseudo_real_time,
early_carry,union,xgboost,2022-05,0.2337504625320434,0.1,0.1337504625320434,0.1337504625320434,0.0178891862275355,2022-04,2022-05-14T01:30:00+00:00,5.0,pseudo_real_time,
early_carry,union,xgboost,2022-06,-0.1995139122009277,0.0,-0.1995139122009277,0.1995139122009277,0.0398058011617195,2022-05,2022-06-14T01:30:00+00:00,5.0,pseudo_real_time,
early_carry,union,xgboost,2022-07,-0.4810129702091217,-1.3,0.8189870297908783,0.8189870297908783,0.670739754965685,2022-06,2022-07-14T01:30:00+00:00,5.0,pseudo_real_time,
early_carry,union,xgboost,2022-08,-0.7214013934135437,-1.2,0.4785986065864562,0.4785986065864562,0.2290566262264975,2022-07,2022-08-14T01:30:00+00:00,5.0,pseudo_real_time,
early_carry,union,xgboost,2022-09,0.0732791572809219,-0.1,0.1732791572809219,0.1732791572809219,0.0300256663479864,2022-08,2022-09-14T01:30:00+00:00,5.0,pseudo_real_time,
early_carry,union,xgboost,2022-10,-0.0553553812205791,0.2,-0.2553553812205791,0.2553553812205791,0.0652063707183073,2022-08,2022-10-14T01:30:00+00:00,5.0,pseudo_real_time,
early_carry,union,xgboost,2022-11,-0.7605173587799072,0.1,-0.8605173587799072,0.8605173587799072,0.7404901247615475,2022-10,2022-11-14T01:30:00+00:00,5.0,pseudo_real_time,
early_carry,union,xgboost,2022-12,-0.3158158361911773,-0.5,0.1841841638088226,0.1841841638088226,0.0339238061979552,2022-11,2022-12-14T01:30:00+00:00,5.0,pseudo_real_time,
early_carry,union,xgboost,2023-01,0.2390024662017822,-0.4,0.6390024662017822,0.6390024662017822,0.4083241518119598,2022-12,2023-01-14T01:30:00+00:00,5.0,pseudo_real_time,
early_carry,union,xgboost,2023-03,-0.1593081802129745,0.0,-0.1593081802129745,0.1593081802129745,0.0253790962827695,2023-01,2023-03-14T01:30:00+00:00,5.0,pseudo_real_time,
early_carry,union,xgboost,2023-04,-0.1032632067799568,-0.5,0.3967367932200432,0.3967367932200432,0.1574000830945233,2023-03,2023-04-14T01:30:00+00:00,5.0,pseudo_real_time,
early_carry,union,xgboost,2023-05,-0.5883683562278748,-0.9,0.3116316437721252,0.3116316437721252,0.0971142814001167,2023-04,2023-05-14T01:30:00+00:00,5.0,pseudo_real_time,
early_carry,union,xgboost,2023-06,-0.6554584503173828,-0.8,0.1445415496826172,0.1445415496826172,0.0208922595846525,2023-05,2023-06-14T01:30:00+00:00,5.0,pseudo_real_time,
early_carry,union,xgboost,2023-07,0.0878994241356849,-0.2,0.287899424135685,0.287899424135685,0.082886078417659,2023-06,2023-07-14T01:30:00+00:00,5.0,pseudo_real_time,
early_carry,union,xgboost,2023-08,0.5419277548789978,0.2,0.3419277548789978,0.3419277548789978,0.116914589556592,2023-07,2023-08-14T01:30:00+00:00,5.0,pseudo_real_time,
early_carry,union,xgboost,2023-09,0.1234075054526329,0.4,-0.2765924945473671,0.2765924945473671,0.0765034080399353,2023-08,2023-09-14T01:30:00+00:00,5.0,pseudo_real_time,
early_carry,union,xgboost,2023-10,-0.1363305300474167,0.0,-0.1363305300474167,0.1363305300474167,0.0185860134230095,2023-09,2023-10-14T01:30:00+00:00,5.0,pseudo_real_time,
early_carry,union,xgboost,2023-11,-0.4749801456928253,-0.3,-0.1749801456928253,0.1749801456928253,0.0306180513866823,2023-10,2023-11-14T01:30:00+00:00,5.0,pseudo_real_time,
early_carry,union,xgboost,2023-12,-0.351087749004364,-0.3,-0.051087749004364,0.051087749004364,0.0026099580983328,2023-11,2023-12-14T01:30:00+00:00,5.0,pseudo_real_time,
early_carry,union,xgboost,2024-01,-0.2146097272634506,-0.2,-0.0146097272634506,0.0146097272634506,0.0002134441307124,2023-12,2024-01-14T01:30:00+00:00,5.0,pseudo_real_time,
early_carry,union,xgboost,2024-02,-0.0421907790005207,-0.2,0.1578092209994793,0.1578092209994793,0.0249037502324625,2024-01,2024-02-14T01:30:00+00:00,5.0,pseudo_real_time,
early_carry,union,xgboost,2024-03,0.0472769699990749,-0.1,0.1472769699990749,0.1472769699990749,0.0216905058921084,2024-02,2024-03-14T01:30:00+00:00,5.0,pseudo_real_time,
early_carry,union,xgboost,2024-04,-0.1969839930534362,-0.2,0.0030160069465637,0.0030160069465637,9.096297901720686e-06,2024-03,2024-04-14T01:30:00+00:00,5.0,pseudo_real_time,
early_carry,union,xgboost,2024-05,0.082405112683773,0.2,-0.1175948873162269,0.1175948873162269,0.0138285575229161,2024-04,2024-05-14T01:30:00+00:00,5.0,pseudo_real_time,
early_carry,union,xgboost,2024-06,0.0133001459762454,0.1,-0.0866998540237546,0.0866998540237546,0.0075168646877403,2024-05,2024-06-14T01:30:00+00:00,5.0,pseudo_real_time,
early_carry,union,xgboost,2024-07,-0.4054414629936218,-0.2,-0.2054414629936218,0.2054414629936218,0.0422061947169596,2024-06,2024-07-14T01:30:00+00:00,5.0,pseudo_real_time,
early_carry,union,xgboost,2024-08,-0.6015845537185669,-0.7,0.098415446281433,0.098415446281433,0.0096856000667736,2024-07,2024-08-14T01:30:00+00:00,5.0,pseudo_real_time,
early_carry,union,xgboost,2024-09,-0.5001082420349121,-0.6,0.0998917579650878,0.0998917579650878,0.0099783633093556,2024-08,2024-09-14T01:30:00+00:00,5.0,pseudo_real_time,
early_carry,union,xgboost,2024-10,0.2976804971694946,-0.1,0.3976804971694946,0.3976804971694946,0.1581497778289764,2024-09,2024-10-14T01:30:00+00:00,5.0,pseudo_real_time,
early_carry,union,xgboost,2024-11,-0.4939165115356445,-0.1,-0.3939165115356445,0.3939165115356445,0.1551702180604116,2024-10,2024-11-14T01:30:00+00:00,5.0,pseudo_real_time,
early_carry,union,xgboost,2024-12,-0.0727637931704521,-0.1,0.0272362068295478,0.0272362068295478,0.0007418109624619,2024-11,2024-12-14T01:30:00+00:00,25.0,pseudo_real_time,
early_carry,union,xgboost,2025-01,-0.4093658626079559,-0.2,-0.2093658626079559,0.2093658626079559,0.0438340644255734,2024-12,2025-01-14T01:30:00+00:00,5.0,pseudo_real_time,
early_carry,union,xgboost,2025-03,-0.2493448853492736,-0.4,0.1506551146507263,0.1506551146507263,0.0226969635704234,2025-01,2025-03-14T01:30:00+00:00,25.0,pseudo_real_time,
early_carry,union,xgboost,2025-04,-0.3258731663227081,-0.4,0.0741268336772918,0.0741268336772918,0.0054947874710208,2025-03,2025-04-14T01:30:00+00:00,5.0,pseudo_real_time,
early_carry,union,xgboost,2025-05,-0.6049919724464417,-0.4,-0.2049919724464416,0.2049919724464416,0.0420217087674826,2025-04,2025-05-14T01:30:00+00:00,25.0,pseudo_real_time,
early_carry,union,xgboost,2025-06,-0.1468904763460159,-0.4,0.2531095236539841,0.2531095236539841,0.0640644309643467,2025-05,2025-06-14T01:30:00+00:00,5.0,pseudo_real_time,
early_carry,union,xgboost,2025-07,0.0964774042367935,-0.2,0.2964774042367935,0.2964774042367935,0.087898851222987,2025-06,2025-07-14T01:30:00+00:00,5.0,pseudo_real_time,
early_carry,union,xgboost,2025-08,-0.0859944596886634,0.0,-0.0859944596886634,0.0859944596886634,0.0073950470971451,2025-07,2025-08-14T01:30:00+00:00,5.0,pseudo_real_time,
early_carry,union,xgboost,2025-09,-0.2303402721881866,0.0,-0.2303402721881866,0.2303402721881866,0.0530566409917279,2025-08,2025-09-14T01:30:00+00:00,5.0,pseudo_real_time,
early_carry,union,xgboost,2025-12,-0.1384570002555847,0.2,-0.3384570002555847,0.3384570002555847,0.1145531410220088,2025-09,2025-12-14T01:30:00+00:00,25.0,pseudo_real_time,
early_carry,union,xgboost,2026-01,-0.1158258542418479,0.4,-0.515825854241848,0.515825854241848,0.2660763119043322,2025-12,2026-01-14T01:30:00+00:00,25.0,pseudo_real_time,
early_carry,union,xgboost,2026-02,-0.0029462976381182,0.4,-0.4029462976381183,0.4029462976381183,0.162365718780267,2026-01,2026-02-14T01:30:00+00:00,25.0,pseudo_real_time,
early_carry,union,xgboost,2026-03,0.3713214993476867,1.0,-0.6286785006523132,0.6286785006523132,0.3952366571824406,2026-02,2026-03-14T01:30:00+00:00,25.0,pseudo_real_time,
early_carry,union,xgboost,2026-04,0.5887823700904846,1.7,-1.1112176299095151,1.1112176299095151,1.2348046210217205,2026-03,2026-04-14T01:30:00+00:00,25.0,pseudo_real_time,
early_carry,union,xgboost,2026-05,0.2490143477916717,0.5,-0.2509856522083282,0.2509856522083282,0.0629937976144399,2026-04,2026-05-14T01:30:00+00:00,25.0,pseudo_real_time,
early_carry,union,xgboost,2026-06,-0.0370537377893924,-0.3,0.2629462622106075,0.2629462622106075,0.0691407368105295,2026-05,2026-06-14T01:30:00+00:00,5.0,pseudo_real_time,
early_carry,union,xgboost,2026-07,-0.163491740822792,-0.7,0.5365082591772079,0.5365082591772079,0.287841112165358,2026-06,2026-07-14T01:30:00+00:00,5.0,pseudo_real_time,
early_carry,union,xgboost,2026-08,0.2886376976966858,0.4,-0.1113623023033142,0.1113623023033142,0.0124015623742947,2026-07,2026-08-14T01:30:00+00:00,5.0,pseudo_real_time,
early_carry,union,catboost,2016-04,-0.3024830847745891,0.7,-1.0024830847745891,1.0024830847745891,1.0049723352591762,2016-01,2016-04-14T01:30:00+00:00,5.0,pseudo_real_time,
early_carry,union,catboost,2016-05,-0.0248079593650596,0.5,-0.5248079593650596,0.5248079593650596,0.2754233942129181,2016-04,2016-05-16T01:30:00+00:00,5.0,pseudo_real_time,
early_carry,union,catboost,2016-06,-0.315311065595772,-0.2,-0.1153110655957719,0.1153110655957719,0.0132966418488324,2016-05,2016-06-14T01:30:00+00:00,5.0,pseudo_real_time,
early_carry,union,catboost,2016-07,-0.1610693332581166,0.2,-0.3610693332581166,0.3610693332581166,0.1303710634194609,2016-06,2016-07-14T01:30:00+00:00,5.0,pseudo_real_time,
early_carry,union,catboost,2016-08,-0.0172092079304301,0.2,-0.2172092079304301,0.2172092079304301,0.0471798400097648,2016-07,2016-08-15T01:30:00+00:00,5.0,pseudo_real_time,
early_carry,union,catboost,2016-09,0.2134139329237774,0.5,-0.2865860670762226,0.2865860670762226,0.0821315738422171,2016-08,2016-09-14T01:30:00+00:00,5.0,pseudo_real_time,
early_carry,union,catboost,2016-10,0.0743912348850979,0.7,-0.625608765114902,0.625608765114902,0.3913863269885926,2016-08,2016-10-14T01:30:00+00:00,5.0,pseudo_real_time,
early_carry,union,catboost,2016-11,0.3799340758137802,1.5,-1.12006592418622,1.12006592418622,1.2545476745231308,2016-10,2016-11-14T01:30:00+00:00,5.0,pseudo_real_time,
early_carry,union,catboost,2016-12,0.2697469030442331,1.6,-1.3302530969557669,1.3302530969557669,1.769573301960409,2016-11,2016-12-14T01:30:00+00:00,5.0,pseudo_real_time,
early_carry,union,catboost,2017-01,-0.0147666772328254,0.8,-0.8147666772328255,0.8147666772328255,0.6638447383290192,2016-12,2017-01-16T01:30:00+00:00,5.0,pseudo_real_time,
early_carry,union,catboost,2017-03,0.1290265816455184,0.3,-0.1709734183544816,0.1709734183544816,0.0292319097838165,2017-01,2017-03-14T01:30:00+00:00,5.0,pseudo_real_time,
early_carry,union,catboost,2017-04,-0.2639222268592446,-0.4,0.1360777731407554,0.1360777731407554,0.0185171603429468,2017-03,2017-04-14T01:30:00+00:00,5.0,pseudo_real_time,
early_carry,union,catboost,2017-05,-0.2299296701125713,-0.3,0.0700703298874286,0.0700703298874286,0.004909851130533,2017-04,2017-05-15T01:30:00+00:00,25.0,pseudo_real_time,
early_carry,union,catboost,2017-06,-0.1194730031239961,-0.2,0.0805269968760039,0.0805269968760039,0.0064845972258679,2017-05,2017-06-14T01:30:00+00:00,5.0,pseudo_real_time,
early_carry,union,catboost,2017-07,0.2105754786502357,0.2,0.0105754786502357,0.0105754786502357,0.0001118407486815,2017-06,2017-07-14T01:30:00+00:00,5.0,pseudo_real_time,
early_carry,union,catboost,2017-08,0.799458631988726,0.9,-0.100541368011274,0.100541368011274,0.0101085666815784,2017-07,2017-08-14T01:30:00+00:00,5.0,pseudo_real_time,
early_carry,union,catboost,2017-09,0.8387569025074486,1.0,-0.1612430974925514,0.1612430974925514,0.0259993364889924,2017-08,2017-09-14T01:30:00+00:00,5.0,pseudo_real_time,
early_carry,union,catboost,2017-10,0.1748528210592621,0.7,-0.5251471789407378,0.5251471789407378,0.2757795595494153,2017-08,2017-10-16T01:30:00+00:00,5.0,pseudo_real_time,
early_carry,union,catboost,2017-11,0.1588800604381565,0.5,-0.3411199395618434,0.3411199395618434,0.1163628131666756,2017-10,2017-11-14T01:30:00+00:00,5.0,pseudo_real_time,
early_carry,union,catboost,2017-12,0.3566717415813131,0.8,-0.4433282584186869,0.4433282584186869,0.196539944712546,2017-11,2017-12-14T01:30:00+00:00,5.0,pseudo_real_time,
early_carry,union,catboost,2018-01,-0.1071424118153786,0.3,-0.4071424118153786,0.4071424118153786,0.1657649434988433,2017-12,2018-01-15T01:30:00+00:00,5.0,pseudo_real_time,
early_carry,union,catboost,2018-02,-0.2917504052303626,-0.1,-0.1917504052303626,0.1917504052303626,0.0367682179060082,2018-01,2018-02-14T01:30:00+00:00,5.0,pseudo_real_time,
early_carry,union,catboost,2018-03,0.1586256604053632,-0.2,0.3586256604053632,0.3586256604053632,0.1286123643011829,2018-02,2018-03-14T01:30:00+00:00,5.0,pseudo_real_time,
early_carry,union,catboost,2018-04,-0.1644508860547325,-0.2,0.0355491139452674,0.0355491139452674,0.0012637395022936,2018-03,2018-04-16T01:30:00+00:00,5.0,pseudo_real_time,
early_carry,union,catboost,2018-05,0.1195112332458143,0.4,-0.2804887667541857,0.2804887667541857,0.078673948275284,2018-04,2018-05-14T01:30:00+00:00,5.0,pseudo_real_time,
early_carry,union,catboost,2018-06,-0.0021227767359383,0.3,-0.3021227767359383,0.3021227767359383,0.0912781722226336,2018-05,2018-06-14T01:30:00+00:00,5.0,pseudo_real_time,
early_carry,union,catboost,2018-07,0.1032243136143738,0.1,0.0032243136143738,0.0032243136143738,1.039619828383638e-05,2018-06,2018-07-16T01:30:00+00:00,5.0,pseudo_real_time,
early_carry,union,catboost,2018-08,0.1534877202544132,0.4,-0.2465122797455867,0.2465122797455867,0.0607683040653664,2018-07,2018-08-14T01:30:00+00:00,5.0,pseudo_real_time,
early_carry,union,catboost,2018-09,0.3413493299129655,0.6,-0.2586506700870344,0.2586506700870344,0.0669001691364719,2018-08,2018-09-14T01:30:00+00:00,5.0,pseudo_real_time,
early_carry,union,catboost,2018-10,0.3274824101745758,0.4,-0.0725175898254242,0.0725175898254242,0.0052588008340884,2018-08,2018-10-15T01:30:00+00:00,5.0,pseudo_real_time,
early_carry,union,catboost,2018-11,-0.1135921639315688,-0.2,0.0864078360684311,0.0864078360684311,0.0074663141340288,2018-10,2018-11-14T01:30:00+00:00,5.0,pseudo_real_time,
early_carry,union,catboost,2018-12,-0.348232895951842,-1.0,0.6517671040481581,0.6517671040481581,0.4248003579193225,2018-11,2018-12-14T01:30:00+00:00,5.0,pseudo_real_time,
early_carry,union,catboost,2019-01,-0.2460280526755008,-0.6,0.3539719473244991,0.3539719473244991,0.125296139492698,2018-12,2019-01-14T01:30:00+00:00,5.0,pseudo_real_time,
early_carry,union,catboost,2019-04,-0.0150150775162938,0.3,-0.3150150775162939,0.3150150775162939,0.0992344990625966,2019-01,2019-04-15T01:30:00+00:00,5.0,pseudo_real_time,
early_carry,union,catboost,2019-05,0.0232156612246201,0.2,-0.1767843387753798,0.1767843387753798,0.0312527024362482,2019-04,2019-05-14T01:30:00+00:00,5.0,pseudo_real_time,
early_carry,union,catboost,2019-06,-0.2764438813099289,-0.3,0.023556118690071,0.023556118690071,0.0005548907277407,2019-05,2019-06-14T01:30:00+00:00,5.0,pseudo_real_time,
early_carry,union,catboost,2019-07,-0.033412515139532,-0.2,0.1665874848604679,0.1665874848604679,0.0277513901121366,2019-06,2019-07-15T01:30:00+00:00,5.0,pseudo_real_time,
early_carry,union,catboost,2019-08,-0.0540396461646228,-0.1,0.0459603538353771,0.0459603538353771,0.002112354124673,2019-07,2019-08-14T01:30:00+00:00,5.0,pseudo_real_time,
early_carry,union,catboost,2019-09,0.0980490348461177,0.1,-0.0019509651538822,0.0019509651538822,3.806265031662696e-06,2019-08,2019-09-16T01:30:00+00:00,5.0,pseudo_real_time,
early_carry,union,catboost,2019-10,-0.07154249547585,0.1,-0.17154249547585,0.17154249547585,0.029426827754082,2019-08,2019-10-14T01:30:00+00:00,5.0,pseudo_real_time,
early_carry,union,catboost,2019-11,-0.2233753798722848,-0.1,-0.1233753798722848,0.1233753798722848,0.0152214843586305,2019-10,2019-11-14T01:30:00+00:00,5.0,pseudo_real_time,
early_carry,union,catboost,2019-12,0.0685848719080432,0.0,0.0685848719080432,0.0685848719080432,0.0047038846546427,2019-11,2019-12-16T01:30:00+00:00,25.0,pseudo_real_time,
early_carry,union,catboost,2020-01,-0.0967270652206085,0.0,-0.0967270652206085,0.0967270652206085,0.0093561251461918,2019-12,2020-01-14T01:30:00+00:00,25.0,pseudo_real_time,
early_carry,union,catboost,2020-02,-0.2647290533934597,-0.5,0.2352709466065402,0.2352709466065402,0.0553524183171375,2020-01,2020-02-14T01:30:00+00:00,25.0,pseudo_real_time,
early_carry,union,catboost,2020-03,-0.0832846292790392,-1.0,0.9167153707209608,0.9167153707209608,0.8403670709160685,2020-02,2020-03-16T01:30:00+00:00,25.0,pseudo_real_time,
early_carry,union,catboost,2020-04,-0.3383494378723382,-1.3,0.961650562127662,0.961650562127662,0.924771803640448,2020-03,2020-04-14T01:30:00+00:00,25.0,pseudo_real_time,
early_carry,union,catboost,2020-05,-0.120041856516844,-0.4,0.279958143483156,0.279958143483156,0.0783765621025353,2020-04,2020-05-14T01:30:00+00:00,25.0,pseudo_real_time,
early_carry,union,catboost,2020-06,-0.2100941976663544,0.4,-0.6100941976663545,0.6100941976663545,0.3722149300261528,2020-05,2020-06-15T01:30:00+00:00,5.0,pseudo_real_time,
early_carry,union,catboost,2020-07,0.0144946009891818,0.4,-0.3855053990108181,0.3855053990108181,0.1486144126664901,2020-06,2020-07-14T01:30:00+00:00,25.0,pseudo_real_time,
early_carry,union,catboost,2020-08,0.2285769028198649,0.3,-0.071423097180135,0.071423097180135,0.005101258810803,2020-07,2020-08-14T01:30:00+00:00,5.0,pseudo_real_time,
early_carry,union,catboost,2020-09,0.2115511238591722,0.1,0.1115511238591722,0.1115511238591722,0.0124436532342443,2020-08,2020-09-14T01:30:00+00:00,5.0,pseudo_real_time,
early_carry,union,catboost,2020-10,-0.0817117088330681,0.0,-0.0817117088330681,0.0817117088330681,0.0066768033604201,2020-08,2020-10-14T01:30:00+00:00,5.0,pseudo_real_time,
early_carry,union,catboost,2020-11,0.3021628944400222,0.5,-0.1978371055599778,0.1978371055599778,0.0391395203363498,2020-10,2020-11-16T01:30:00+00:00,5.0,pseudo_real_time,
early_carry,union,catboost,2020-12,0.4432073765110315,1.1,-0.6567926234889686,0.6567926234889686,0.4313765502695221,2020-11,2020-12-14T01:30:00+00:00,5.0,pseudo_real_time,
early_carry,union,catboost,2021-01,0.3236161471397119,1.0,-0.6763838528602881,0.6763838528602881,0.4574951164101279,2020-12,2021-01-14T01:30:00+00:00,5.0,pseudo_real_time,
early_carry,union,catboost,2021-02,-0.0375920063335901,0.8,-0.8375920063335901,0.8375920063335901,0.7015603690739288,2021-01,2021-02-19T01:30:00+00:00,5.0,pseudo_real_time,
early_carry,union,catboost,2021-03,0.5665941275828111,1.6,-1.0334058724171888,1.0334058724171888,1.0679276971463312,2021-02,2021-03-15T01:30:00+00:00,5.0,pseudo_real_time,
early_carry,union,catboost,2021-04,0.5272608465713693,0.9,-0.3727391534286307,0.3727391534286307,0.1389344764986923,2021-03,2021-04-14T01:30:00+00:00,5.0,pseudo_real_time,
early_carry,union,catboost,2021-05,0.9104137021915704,1.6,-0.6895862978084296,0.6895862978084296,0.4755292621251362,2021-04,2021-05-14T01:30:00+00:00,5.0,pseudo_real_time,
early_carry,union,catboost,2021-06,0.0687107671526377,0.3,-0.2312892328473622,0.2312892328473622,0.0534947092311213,2021-05,2021-06-15T01:30:00+00:00,5.0,pseudo_real_time,
early_carry,union,catboost,2021-07,0.0490162907038312,0.5,-0.4509837092961687,0.4509837092961687,0.2033863060505312,2021-06,2021-07-14T01:30:00+00:00,5.0,pseudo_real_time,
early_carry,union,catboost,2021-08,0.4746637319651494,0.7,-0.2253362680348505,0.2253362680348505,0.050776433691874,2021-07,2021-08-16T01:30:00+00:00,5.0,pseudo_real_time,
early_carry,union,catboost,2021-09,0.4628417116782553,1.2,-0.7371582883217447,0.7371582883217447,0.5434023420414444,2021-08,2021-09-14T01:30:00+00:00,5.0,pseudo_real_time,
early_carry,union,catboost,2021-10,0.980023865895216,2.5,-1.519976134104784,1.519976134104784,2.310327448248124,2021-08,2021-10-14T01:30:00+00:00,5.0,pseudo_real_time,
early_carry,union,catboost,2021-11,-0.3811077117933361,0.0,-0.3811077117933361,0.3811077117933361,0.1452430879883525,2021-10,2021-11-15T01:30:00+00:00,5.0,pseudo_real_time,
early_carry,union,catboost,2021-12,-0.3900944786401524,-1.2,0.8099055213598475,0.8099055213598475,0.6559469535291664,2021-11,2021-12-14T01:30:00+00:00,5.0,pseudo_real_time,
early_carry,union,catboost,2022-01,-0.2242597792959231,-0.2,-0.0242597792959231,0.0242597792959231,0.0005885368914868,2021-12,2022-01-14T01:30:00+00:00,5.0,pseudo_real_time,
early_carry,union,catboost,2022-04,0.2737999221610256,0.6,-0.3262000778389743,0.3262000778389743,0.1064064907821529,2022-01,2022-04-14T01:30:00+00:00,5.0,pseudo_real_time,
early_carry,union,catboost,2022-05,0.0573439701066119,0.1,-0.042656029893388,0.042656029893388,0.0018195368862656,2022-04,2022-05-14T01:30:00+00:00,25.0,pseudo_real_time,
early_carry,union,catboost,2022-06,-0.094109648276845,0.0,-0.094109648276845,0.094109648276845,0.0088566258987914,2022-05,2022-06-14T01:30:00+00:00,5.0,pseudo_real_time,
early_carry,union,catboost,2022-07,-0.3746089396843601,-1.3,0.92539106031564,0.92539106031564,0.8563486145121043,2022-06,2022-07-14T01:30:00+00:00,25.0,pseudo_real_time,
early_carry,union,catboost,2022-08,-0.4060997109964372,-1.2,0.7939002890035627,0.7939002890035627,0.6302776688799404,2022-07,2022-08-14T01:30:00+00:00,5.0,pseudo_real_time,
early_carry,union,catboost,2022-09,-0.2023726425507472,-0.1,-0.1023726425507472,0.1023726425507472,0.010480157942823,2022-08,2022-09-14T01:30:00+00:00,25.0,pseudo_real_time,
early_carry,union,catboost,2022-10,-0.016985877693719,0.2,-0.216985877693719,0.216985877693719,0.0470828711185135,2022-08,2022-10-14T01:30:00+00:00,25.0,pseudo_real_time,
early_carry,union,catboost,2022-11,-0.6125949918356819,0.1,-0.7125949918356819,0.7125949918356819,0.5077916223892955,2022-10,2022-11-14T01:30:00+00:00,5.0,pseudo_real_time,
early_carry,union,catboost,2022-12,-0.1365780356900007,-0.5,0.3634219643099993,0.3634219643099993,0.1320755241429384,2022-11,2022-12-14T01:30:00+00:00,5.0,pseudo_real_time,
early_carry,union,catboost,2023-01,0.2207364510264797,-0.4,0.6207364510264798,0.6207364510264798,0.3853137416329493,2022-12,2023-01-14T01:30:00+00:00,5.0,pseudo_real_time,
early_carry,union,catboost,2023-03,-0.1149199135017824,0.0,-0.1149199135017824,0.1149199135017824,0.0132065865192571,2023-01,2023-03-14T01:30:00+00:00,5.0,pseudo_real_time,
early_carry,union,catboost,2023-04,-0.2219079629353199,-0.5,0.27809203706468,0.27809203706468,0.0773351810787833,2023-03,2023-04-14T01:30:00+00:00,5.0,pseudo_real_time,
early_carry,union,catboost,2023-05,-0.4919377669899003,-0.9,0.4080622330100997,0.4080622330100997,0.1665147860091889,2023-04,2023-05-14T01:30:00+00:00,5.0,pseudo_real_time,
early_carry,union,catboost,2023-06,-0.5024163038944418,-0.8,0.2975836961055582,0.2975836961055582,0.0885560561878452,2023-05,2023-06-14T01:30:00+00:00,5.0,pseudo_real_time,
early_carry,union,catboost,2023-07,0.0580302172007308,-0.2,0.2580302172007308,0.2580302172007308,0.0665795929886563,2023-06,2023-07-14T01:30:00+00:00,5.0,pseudo_real_time,
early_carry,union,catboost,2023-08,0.396432279858612,0.2,0.196432279858612,0.196432279858612,0.038585640570452,2023-07,2023-08-14T01:30:00+00:00,5.0,pseudo_real_time,
early_carry,union,catboost,2023-09,0.0576642191876243,0.4,-0.3423357808123756,0.3423357808123756,0.1171937868244189,2023-08,2023-09-14T01:30:00+00:00,5.0,pseudo_real_time,
early_carry,union,catboost,2023-10,-0.2313182723692665,0.0,-0.2313182723692665,0.2313182723692665,0.0535081431319021,2023-09,2023-10-14T01:30:00+00:00,5.0,pseudo_real_time,
early_carry,union,catboost,2023-11,-0.3725355380207841,-0.3,-0.0725355380207841,0.0725355380207841,0.0052614042759646,2023-10,2023-11-14T01:30:00+00:00,5.0,pseudo_real_time,
early_carry,union,catboost,2023-12,-0.1864990641437599,-0.3,0.11350093585624,0.11350093585624,0.0128824624402423,2023-11,2023-12-14T01:30:00+00:00,5.0,pseudo_real_time,
early_carry,union,catboost,2024-01,-0.1986150137597628,-0.2,0.0013849862402371,0.0013849862402371,1.918186885646364e-06,2023-12,2024-01-14T01:30:00+00:00,5.0,pseudo_real_time,
early_carry,union,catboost,2024-02,-0.1389294244206522,-0.2,0.0610705755793477,0.0610705755793477,0.0037296152015928,2024-01,2024-02-14T01:30:00+00:00,5.0,pseudo_real_time,
early_carry,union,catboost,2024-03,-0.0421915243632269,-0.1,0.057808475636773,0.057808475636773,0.0033418198554473,2024-02,2024-03-14T01:30:00+00:00,5.0,pseudo_real_time,
early_carry,union,catboost,2024-04,-0.1242001439162764,-0.2,0.0757998560837235,0.0757998560837235,0.0057456181823132,2024-03,2024-04-14T01:30:00+00:00,5.0,pseudo_real_time,
early_carry,union,catboost,2024-05,0.1077892912507975,0.2,-0.0922107087492024,0.0922107087492024,0.0085028148080302,2024-04,2024-05-14T01:30:00+00:00,5.0,pseudo_real_time,
early_carry,union,catboost,2024-06,-0.0933083243101474,0.1,-0.1933083243101475,0.1933083243101475,0.0373681082475971,2024-05,2024-06-14T01:30:00+00:00,5.0,pseudo_real_time,
early_carry,union,catboost,2024-07,-0.3765438829443241,-0.2,-0.1765438829443241,0.1765438829443241,0.0311677426050592,2024-06,2024-07-14T01:30:00+00:00,5.0,pseudo_real_time,
early_carry,union,catboost,2024-08,-0.4425289972116611,-0.7,0.2574710027883388,0.2574710027883388,0.0662913172768327,2024-07,2024-08-14T01:30:00+00:00,5.0,pseudo_real_time,
early_carry,union,catboost,2024-09,-0.3999304120254907,-0.6,0.2000695879745093,0.2000695879745093,0.0400278400322899,2024-08,2024-09-14T01:30:00+00:00,5.0,pseudo_real_time,
early_carry,union,catboost,2024-10,0.4290535459225635,-0.1,0.5290535459225635,0.5290535459225635,0.279897654453238,2024-09,2024-10-14T01:30:00+00:00,5.0,pseudo_real_time,
early_carry,union,catboost,2024-11,-0.3797699984629622,-0.1,-0.2797699984629622,0.2797699984629622,0.0782712520399658,2024-10,2024-11-14T01:30:00+00:00,5.0,pseudo_real_time,
early_carry,union,catboost,2024-12,-0.0851753092684947,-0.1,0.0148246907315052,0.0148246907315052,0.0002197714552847,2024-11,2024-12-14T01:30:00+00:00,5.0,pseudo_real_time,
early_carry,union,catboost,2025-01,-0.202268025802991,-0.2,-0.0022680258029909,0.0022680258029909,5.143941043032907e-06,2024-12,2025-01-14T01:30:00+00:00,5.0,pseudo_real_time,
early_carry,union,catboost,2025-03,-0.2046908584322563,-0.4,0.1953091415677436,0.1953091415677436,0.0381456607799289,2025-01,2025-03-14T01:30:00+00:00,5.0,pseudo_real_time,
early_carry,union,catboost,2025-04,-0.2759433681151553,-0.4,0.1240566318848446,0.1240566318848446,0.0153900479146118,2025-03,2025-04-14T01:30:00+00:00,5.0,pseudo_real_time,
early_carry,union,catboost,2025-05,-0.4571798969568777,-0.4,-0.0571798969568776,0.0571798969568776,0.0032695406159991,2025-04,2025-05-14T01:30:00+00:00,5.0,pseudo_real_time,
early_carry,union,catboost,2025-06,-0.2071442671907118,-0.4,0.1928557328092882,0.1928557328092882,0.0371933336774075,2025-05,2025-06-14T01:30:00+00:00,5.0,pseudo_real_time,
early_carry,union,catboost,2025-07,0.1329729467215757,-0.2,0.3329729467215757,0.3329729467215757,0.1108709832484493,2025-06,2025-07-14T01:30:00+00:00,5.0,pseudo_real_time,
early_carry,union,catboost,2025-08,-0.089029069090819,0.0,-0.089029069090819,0.089029069090819,0.0079261751431778,2025-07,2025-08-14T01:30:00+00:00,5.0,pseudo_real_time,
early_carry,union,catboost,2025-09,-0.2409221295661887,0.0,-0.2409221295661887,0.2409221295661887,0.0580434725147074,2025-08,2025-09-14T01:30:00+00:00,5.0,pseudo_real_time,
early_carry,union,catboost,2025-12,-0.0937889343225987,0.2,-0.2937889343225987,0.2937889343225987,0.0863119379304082,2025-09,2025-12-14T01:30:00+00:00,5.0,pseudo_real_time,
early_carry,union,catboost,2026-01,-0.2376835765100344,0.4,-0.6376835765100345,0.6376835765100345,0.406640343750629,2025-12,2026-01-14T01:30:00+00:00,5.0,pseudo_real_time,
early_carry,union,catboost,2026-02,-0.1238171648665764,0.4,-0.5238171648665765,0.5238171648665765,0.2743844222088581,2026-01,2026-02-14T01:30:00+00:00,5.0,pseudo_real_time,
early_carry,union,catboost,2026-03,0.3442205215653637,1.0,-0.6557794784346362,0.6557794784346362,0.4300467243360035,2026-02,2026-03-14T01:30:00+00:00,5.0,pseudo_real_time,
early_carry,union,catboost,2026-04,0.6024654825998743,1.7,-1.0975345174001256,1.0975345174001256,1.2045820168847268,2026-03,2026-04-14T01:30:00+00:00,5.0,pseudo_real_time,
early_carry,union,catboost,2026-05,0.1648378075128884,0.5,-0.3351621924871116,0.3351621924871116,0.1123336952727676,2026-04,2026-05-14T01:30:00+00:00,5.0,pseudo_real_time,
early_carry,union,catboost,2026-06,-0.1658003991502462,-0.3,0.1341996008497537,0.1341996008497537,0.0180095328682332,2026-05,2026-06-14T01:30:00+00:00,5.0,pseudo_real_time,
early_carry,union,catboost,2026-07,-0.2494465253149598,-0.7,0.4505534746850401,0.4505534746850401,0.2029984335507631,2026-06,2026-07-14T01:30:00+00:00,5.0,pseudo_real_time,
early_carry,union,catboost,2026-08,0.2002154844431911,0.4,-0.1997845155568089,0.1997845155568089,0.0399138526562688,2026-07,2026-08-14T01:30:00+00:00,5.0,pseudo_real_time,
early_carry,union,lightgbm,2016-04,-0.2966732966412693,0.7,-0.9966732966412692,0.9966732966412692,0.9933576602377756,2016-01,2016-04-14T01:30:00+00:00,25.0,pseudo_real_time,
early_carry,union,lightgbm,2016-05,-0.1571531147315552,0.5,-0.6571531147315552,0.6571531147315552,0.4318502162013846,2016-04,2016-05-16T01:30:00+00:00,5.0,pseudo_real_time,
early_carry,union,lightgbm,2016-06,-0.3569147640071017,-0.2,-0.1569147640071017,0.1569147640071017,0.0246222431634044,2016-05,2016-06-14T01:30:00+00:00,25.0,pseudo_real_time,
early_carry,union,lightgbm,2016-07,-0.15861826969584,0.2,-0.35861826969584,0.35861826969584,0.1286070633596382,2016-06,2016-07-14T01:30:00+00:00,25.0,pseudo_real_time,
early_carry,union,lightgbm,2016-08,-0.0455060091591699,0.2,-0.2455060091591699,0.2455060091591699,0.0602732005332624,2016-07,2016-08-15T01:30:00+00:00,5.0,pseudo_real_time,
early_carry,union,lightgbm,2016-09,0.1863925869087385,0.5,-0.3136074130912614,0.3136074130912614,0.098349609545793,2016-08,2016-09-14T01:30:00+00:00,5.0,pseudo_real_time,
early_carry,union,lightgbm,2016-10,0.0439375698865788,0.7,-0.656062430113421,0.656062430113421,0.4304179122063274,2016-08,2016-10-14T01:30:00+00:00,5.0,pseudo_real_time,
early_carry,union,lightgbm,2016-11,0.2676960636393003,1.5,-1.2323039363606996,1.2323039363606996,1.5185729915700752,2016-10,2016-11-14T01:30:00+00:00,5.0,pseudo_real_time,
early_carry,union,lightgbm,2016-12,0.3785073435310969,1.6,-1.2214926564689033,1.2214926564689033,1.492044309807458,2016-11,2016-12-14T01:30:00+00:00,5.0,pseudo_real_time,
early_carry,union,lightgbm,2017-01,0.4685622684323802,0.8,-0.3314377315676198,0.3314377315676198,0.1098509699066896,2016-12,2017-01-16T01:30:00+00:00,5.0,pseudo_real_time,
early_carry,union,lightgbm,2017-03,0.3853042838377724,0.3,0.0853042838377723,0.0853042838377723,0.0072768208410752,2017-01,2017-03-14T01:30:00+00:00,5.0,pseudo_real_time,
early_carry,union,lightgbm,2017-04,-0.0783800539644692,-0.4,0.3216199460355308,0.3216199460355308,0.1034393896878977,2017-03,2017-04-14T01:30:00+00:00,5.0,pseudo_real_time,
early_carry,union,lightgbm,2017-05,-0.1297870813016772,-0.3,0.1702129186983227,0.1702129186983227,0.0289724376918018,2017-04,2017-05-15T01:30:00+00:00,5.0,pseudo_real_time,
early_carry,union,lightgbm,2017-06,-0.1051832606153295,-0.2,0.0948167393846705,0.0948167393846705,0.0089902140675405,2017-05,2017-06-14T01:30:00+00:00,5.0,pseudo_real_time,
early_carry,union,lightgbm,2017-07,0.3894175859658612,0.2,0.1894175859658612,0.1894175859658612,0.0358790218731344,2017-06,2017-07-14T01:30:00+00:00,5.0,pseudo_real_time,
early_carry,union,lightgbm,2017-08,0.5390216383405907,0.9,-0.3609783616594093,0.3609783616594093,0.1303053775863113,2017-07,2017-08-14T01:30:00+00:00,5.0,pseudo_real_time,
early_carry,union,lightgbm,2017-09,0.5868857712014068,1.0,-0.4131142287985931,0.4131142287985931,0.1706633660358563,2017-08,2017-09-14T01:30:00+00:00,5.0,pseudo_real_time,
early_carry,union,lightgbm,2017-10,0.2814187280090369,0.7,-0.418581271990963,0.418581271990963,0.1752102812615725,2017-08,2017-10-16T01:30:00+00:00,5.0,pseudo_real_time,
early_carry,union,lightgbm,2017-11,0.1083757919708675,0.5,-0.3916242080291324,0.3916242080291324,0.1533695203144452,2017-10,2017-11-14T01:30:00+00:00,5.0,pseudo_real_time,
early_carry,union,lightgbm,2017-12,0.3073220476919111,0.8,-0.4926779523080889,0.4926779523080889,0.2427315646904915,2017-11,2017-12-14T01:30:00+00:00,5.0,pseudo_real_time,
early_carry,union,lightgbm,2018-01,-0.148703331534833,0.3,-0.448703331534833,0.448703331534833,0.2013346797304583,2017-12,2018-01-15T01:30:00+00:00,5.0,pseudo_real_time,
early_carry,union,lightgbm,2018-02,-0.3217538684131624,-0.1,-0.2217538684131624,0.2217538684131624,0.0491747781562021,2018-01,2018-02-14T01:30:00+00:00,5.0,pseudo_real_time,
early_carry,union,lightgbm,2018-03,0.304849389688531,-0.2,0.5048493896885311,0.5048493896885311,0.2548729062688823,2018-02,2018-03-14T01:30:00+00:00,5.0,pseudo_real_time,
early_carry,union,lightgbm,2018-04,-0.1623378850063945,-0.2,0.0376621149936054,0.0376621149936054,0.0014184349057915,2018-03,2018-04-16T01:30:00+00:00,5.0,pseudo_real_time,
early_carry,union,lightgbm,2018-05,0.360852363150901,0.4,-0.039147636849099,0.039147636849099,0.0015325374708689,2018-04,2018-05-14T01:30:00+00:00,5.0,pseudo_real_time,
early_carry,union,lightgbm,2018-06,0.0244102632215263,0.3,-0.2755897367784736,0.2755897367784736,0.0759497030176283,2018-05,2018-06-14T01:30:00+00:00,5.0,pseudo_real_time,
early_carry,union,lightgbm,2018-07,0.0682265131151285,0.1,-0.0317734868848714,0.0317734868848714,0.001009554468823,2018-06,2018-07-16T01:30:00+00:00,5.0,pseudo_real_time,
early_carry,union,lightgbm,2018-08,0.4026137611992365,0.4,0.0026137611992364,0.0026137611992364,6.831747606633981e-06,2018-07,2018-08-14T01:30:00+00:00,5.0,pseudo_real_time,
early_carry,union,lightgbm,2018-09,0.4662850328016486,0.6,-0.1337149671983513,0.1337149671983513,0.0178796924528561,2018-08,2018-09-14T01:30:00+00:00,5.0,pseudo_real_time,
early_carry,union,lightgbm,2018-10,0.340634850994233,0.4,-0.059365149005767,0.059365149005767,0.0035242209164769,2018-08,2018-10-15T01:30:00+00:00,5.0,pseudo_real_time,
early_carry,union,lightgbm,2018-11,-0.0809721870604687,-0.2,0.1190278129395312,0.1190278129395312,0.014167620253168,2018-10,2018-11-14T01:30:00+00:00,5.0,pseudo_real_time,
early_carry,union,lightgbm,2018-12,-0.2393422548579977,-1.0,0.7606577451420022,0.7606577451420022,0.5786002052445153,2018-11,2018-12-14T01:30:00+00:00,5.0,pseudo_real_time,
early_carry,union,lightgbm,2019-01,-0.2891569278174896,-0.6,0.3108430721825104,0.3108430721825104,0.0966234155238613,2018-12,2019-01-14T01:30:00+00:00,5.0,pseudo_real_time,
early_carry,union,lightgbm,2019-04,-0.059538672307292,0.3,-0.359538672307292,0.359538672307292,0.1292680568844903,2019-01,2019-04-15T01:30:00+00:00,5.0,pseudo_real_time,
early_carry,union,lightgbm,2019-05,-0.0865052754182712,0.2,-0.2865052754182713,0.2865052754182713,0.0820852728424995,2019-04,2019-05-14T01:30:00+00:00,5.0,pseudo_real_time,
early_carry,union,lightgbm,2019-06,-0.2445131467207973,-0.3,0.0554868532792026,0.0554868532792026,0.0030787908868277,2019-05,2019-06-14T01:30:00+00:00,5.0,pseudo_real_time,
early_carry,union,lightgbm,2019-07,-0.2031627106257419,-0.2,-0.0031627106257419,0.0031627106257419,1.0002738502181173e-05,2019-06,2019-07-15T01:30:00+00:00,5.0,pseudo_real_time,
early_carry,union,lightgbm,2019-08,0.149588094228627,-0.1,0.249588094228627,0.249588094228627,0.062294216780678,2019-07,2019-08-14T01:30:00+00:00,5.0,pseudo_real_time,
early_carry,union,lightgbm,2019-09,0.2402542650143117,0.1,0.1402542650143117,0.1402542650143117,0.0196712588547047,2019-08,2019-09-16T01:30:00+00:00,5.0,pseudo_real_time,
early_carry,union,lightgbm,2019-10,-0.0488640051665834,0.1,-0.1488640051665835,0.1488640051665835,0.0221604920342365,2019-08,2019-10-14T01:30:00+00:00,5.0,pseudo_real_time,
early_carry,union,lightgbm,2019-11,-0.3032800871824993,-0.1,-0.2032800871824993,0.2032800871824993,0.0413227938449245,2019-10,2019-11-14T01:30:00+00:00,5.0,pseudo_real_time,
early_carry,union,lightgbm,2019-12,0.0961454438465397,0.0,0.0961454438465397,0.0961454438465397,0.0092439463724481,2019-11,2019-12-16T01:30:00+00:00,5.0,pseudo_real_time,
early_carry,union,lightgbm,2020-01,-0.1911099814276791,0.0,-0.1911099814276791,0.1911099814276791,0.0365230250012878,2019-12,2020-01-14T01:30:00+00:00,5.0,pseudo_real_time,
early_carry,union,lightgbm,2020-02,-0.4356885843992273,-0.5,0.0643114156007726,0.0643114156007726,0.0041359581765753,2020-01,2020-02-14T01:30:00+00:00,5.0,pseudo_real_time,
early_carry,union,lightgbm,2020-03,-0.0131025941685977,-1.0,0.9868974058314024,0.9868974058314024,0.9739664896367516,2020-02,2020-03-16T01:30:00+00:00,5.0,pseudo_real_time,
early_carry,union,lightgbm,2020-04,-0.4992049987862127,-1.3,0.8007950012137873,0.8007950012137873,0.6412726339689897,2020-03,2020-04-14T01:30:00+00:00,5.0,pseudo_real_time,
early_carry,union,lightgbm,2020-05,0.0343160392107438,-0.4,0.4343160392107439,0.4343160392107439,0.1886304219157084,2020-04,2020-05-14T01:30:00+00:00,5.0,pseudo_real_time,
early_carry,union,lightgbm,2020-06,-0.1283751355243975,0.4,-0.5283751355243975,0.5283751355243975,0.2791802838404254,2020-05,2020-06-15T01:30:00+00:00,5.0,pseudo_real_time,
early_carry,union,lightgbm,2020-07,0.2741773436518478,0.4,-0.1258226563481522,0.1258226563481522,0.0158313408505052,2020-06,2020-07-14T01:30:00+00:00,5.0,pseudo_real_time,
early_carry,union,lightgbm,2020-08,0.2509552309743501,0.3,-0.0490447690256499,0.0490447690256499,0.0024053893687793,2020-07,2020-08-14T01:30:00+00:00,5.0,pseudo_real_time,
early_carry,union,lightgbm,2020-09,0.3779793140329764,0.1,0.2779793140329764,0.2779793140329764,0.0772724990302441,2020-08,2020-09-14T01:30:00+00:00,5.0,pseudo_real_time,
early_carry,union,lightgbm,2020-10,-0.0624576743607448,0.0,-0.0624576743607448,0.0624576743607448,0.0039009610865528,2020-08,2020-10-14T01:30:00+00:00,5.0,pseudo_real_time,
early_carry,union,lightgbm,2020-11,0.3577770636974579,0.5,-0.1422229363025421,0.1422229363025421,0.0202273636105169,2020-10,2020-11-16T01:30:00+00:00,5.0,pseudo_real_time,
early_carry,union,lightgbm,2020-12,0.6008071296010066,1.1,-0.4991928703989935,0.4991928703989935,0.2491935218571863,2020-11,2020-12-14T01:30:00+00:00,5.0,pseudo_real_time,
early_carry,union,lightgbm,2021-01,0.4781315128501802,1.0,-0.5218684871498198,0.5218684871498198,0.2723467178800416,2020-12,2021-01-14T01:30:00+00:00,5.0,pseudo_real_time,
early_carry,union,lightgbm,2021-02,-0.1443339948342614,0.8,-0.9443339948342616,0.9443339948342616,0.891766693799635,2021-01,2021-02-19T01:30:00+00:00,5.0,pseudo_real_time,
early_carry,union,lightgbm,2021-03,0.5832973734173585,1.6,-1.0167026265826415,1.0167026265826415,1.0336842309000422,2021-02,2021-03-15T01:30:00+00:00,5.0,pseudo_real_time,
early_carry,union,lightgbm,2021-04,0.5262905533358634,0.9,-0.3737094466641366,0.3737094466641366,0.1396587505260151,2021-03,2021-04-14T01:30:00+00:00,5.0,pseudo_real_time,
early_carry,union,lightgbm,2021-05,0.9390376851285166,1.6,-0.6609623148714835,0.6609623148714835,0.43687118168027,2021-04,2021-05-14T01:30:00+00:00,5.0,pseudo_real_time,
early_carry,union,lightgbm,2021-06,0.2166145123123638,0.3,-0.0833854876876361,0.0833854876876361,0.0069531395569049,2021-05,2021-06-15T01:30:00+00:00,5.0,pseudo_real_time,
early_carry,union,lightgbm,2021-07,-0.0644299092524451,0.5,-0.5644299092524452,0.5644299092524452,0.3185811224587235,2021-06,2021-07-14T01:30:00+00:00,5.0,pseudo_real_time,
early_carry,union,lightgbm,2021-08,0.6591921248852155,0.7,-0.0408078751147844,0.0408078751147844,0.0016652826713838,2021-07,2021-08-16T01:30:00+00:00,5.0,pseudo_real_time,
early_carry,union,lightgbm,2021-09,0.5927819853216288,1.2,-0.6072180146783711,0.6072180146783711,0.3687137173499425,2021-08,2021-09-14T01:30:00+00:00,5.0,pseudo_real_time,
early_carry,union,lightgbm,2021-10,0.8834895891776552,2.5,-1.616510410822345,1.616510410822345,2.6131059082970265,2021-08,2021-10-14T01:30:00+00:00,5.0,pseudo_real_time,
early_carry,union,lightgbm,2021-11,-0.2827287016881626,0.0,-0.2827287016881626,0.2827287016881626,0.079935518758274,2021-10,2021-11-15T01:30:00+00:00,5.0,pseudo_real_time,
early_carry,union,lightgbm,2021-12,-0.619958063432346,-1.2,0.5800419365676539,0.5800419365676539,0.3364486481771542,2021-11,2021-12-14T01:30:00+00:00,5.0,pseudo_real_time,
early_carry,union,lightgbm,2022-01,-0.2073360790765761,-0.2,-0.0073360790765761,0.0073360790765761,5.381805621777767e-05,2021-12,2022-01-14T01:30:00+00:00,5.0,pseudo_real_time,
early_carry,union,lightgbm,2022-04,0.4682846917449345,0.6,-0.1317153082550654,0.1317153082550654,0.0173489224287269,2022-01,2022-04-14T01:30:00+00:00,5.0,pseudo_real_time,
early_carry,union,lightgbm,2022-05,0.0334068147426631,0.1,-0.0665931852573368,0.0665931852573368,0.0044346523227179,2022-04,2022-05-14T01:30:00+00:00,5.0,pseudo_real_time,
early_carry,union,lightgbm,2022-06,-0.2205360730452874,0.0,-0.2205360730452874,0.2205360730452874,0.0486361595142363,2022-05,2022-06-14T01:30:00+00:00,5.0,pseudo_real_time,
early_carry,union,lightgbm,2022-07,-0.4220130297882906,-1.3,0.8779869702117093,0.8779869702117093,0.770861119861537,2022-06,2022-07-14T01:30:00+00:00,5.0,pseudo_real_time,
early_carry,union,lightgbm,2022-08,-0.6007136006349302,-1.2,0.5992863993650698,0.5992863993650698,0.3591441884639499,2022-07,2022-08-14T01:30:00+00:00,5.0,pseudo_real_time,
early_carry,union,lightgbm,2022-09,-0.0204969230649041,-0.1,0.0795030769350958,0.0795030769350958,0.0063207392421477,2022-08,2022-09-14T01:30:00+00:00,5.0,pseudo_real_time,
early_carry,union,lightgbm,2022-10,-0.0284101270556194,0.2,-0.2284101270556195,0.2284101270556195,0.0521711861415642,2022-08,2022-10-14T01:30:00+00:00,5.0,pseudo_real_time,
early_carry,union,lightgbm,2022-11,-0.8317300753713729,0.1,-0.9317300753713728,0.9317300753713728,0.8681209333515442,2022-10,2022-11-14T01:30:00+00:00,5.0,pseudo_real_time,
early_carry,union,lightgbm,2022-12,-0.2548241326080852,-0.5,0.2451758673919147,0.2451758673919147,0.0601112059513777,2022-11,2022-12-14T01:30:00+00:00,5.0,pseudo_real_time,
early_carry,union,lightgbm,2023-01,0.1165893831248215,-0.4,0.5165893831248216,0.5165893831248216,0.2668645907572837,2022-12,2023-01-14T01:30:00+00:00,5.0,pseudo_real_time,
early_carry,union,lightgbm,2023-03,-0.2750628810844505,0.0,-0.2750628810844505,0.2750628810844505,0.0756595885504785,2023-01,2023-03-14T01:30:00+00:00,5.0,pseudo_real_time,
early_carry,union,lightgbm,2023-04,-0.1685844094032164,-0.5,0.3314155905967836,0.3314155905967836,0.1098362936906148,2023-03,2023-04-14T01:30:00+00:00,5.0,pseudo_real_time,
early_carry,union,lightgbm,2023-05,-0.5142045433193126,-0.9,0.3857954566806874,0.3857954566806874,0.1488381343954601,2023-04,2023-05-14T01:30:00+00:00,5.0,pseudo_real_time,
early_carry,union,lightgbm,2023-06,-0.4652134832801073,-0.8,0.3347865167198927,0.3347865167198927,0.1120820117774389,2023-05,2023-06-14T01:30:00+00:00,5.0,pseudo_real_time,
early_carry,union,lightgbm,2023-07,-0.0890793727018251,-0.2,0.1109206272981749,0.1109206272981749,0.0123033855602206,2023-06,2023-07-14T01:30:00+00:00,5.0,pseudo_real_time,
early_carry,union,lightgbm,2023-08,0.5214574683700708,0.2,0.3214574683700708,0.3214574683700708,0.103334903970895,2023-07,2023-08-14T01:30:00+00:00,5.0,pseudo_real_time,
early_carry,union,lightgbm,2023-09,0.1766584228365704,0.4,-0.2233415771634296,0.2233415771634296,0.0498814600898481,2023-08,2023-09-14T01:30:00+00:00,5.0,pseudo_real_time,
early_carry,union,lightgbm,2023-10,-0.2152264543756864,0.0,-0.2152264543756864,0.2152264543756864,0.0463224266631294,2023-09,2023-10-14T01:30:00+00:00,5.0,pseudo_real_time,
early_carry,union,lightgbm,2023-11,-0.4721592457199416,-0.3,-0.1721592457199416,0.1721592457199416,0.0296388058868592,2023-10,2023-11-14T01:30:00+00:00,5.0,pseudo_real_time,
early_carry,union,lightgbm,2023-12,-0.1131278022783127,-0.3,0.1868721977216872,0.1868721977216872,0.0349212182813333,2023-11,2023-12-14T01:30:00+00:00,5.0,pseudo_real_time,
early_carry,union,lightgbm,2024-01,-0.2634563985219287,-0.2,-0.0634563985219286,0.0634563985219286,0.0040267145133738,2023-12,2024-01-14T01:30:00+00:00,5.0,pseudo_real_time,
early_carry,union,lightgbm,2024-02,-0.100150284080115,-0.2,0.0998497159198849,0.0998497159198849,0.0099699657692817,2024-01,2024-02-14T01:30:00+00:00,5.0,pseudo_real_time,
early_carry,union,lightgbm,2024-03,0.1238804829393653,-0.1,0.2238804829393654,0.2238804829393654,0.0501224706411634,2024-02,2024-03-14T01:30:00+00:00,5.0,pseudo_real_time,
early_carry,union,lightgbm,2024-04,-0.1691841014613644,-0.2,0.0308158985386355,0.0308158985386355,0.0009496196027434,2024-03,2024-04-14T01:30:00+00:00,5.0,pseudo_real_time,
early_carry,union,lightgbm,2024-05,0.0810056740098461,0.2,-0.1189943259901538,0.1189943259901538,0.014159649617851,2024-04,2024-05-14T01:30:00+00:00,5.0,pseudo_real_time,
early_carry,union,lightgbm,2024-06,-0.0273534072432049,0.1,-0.1273534072432049,0.1273534072432049,0.0162188903364536,2024-05,2024-06-14T01:30:00+00:00,5.0,pseudo_real_time,
early_carry,union,lightgbm,2024-07,-0.3226783308230846,-0.2,-0.1226783308230846,0.1226783308230846,0.0150499728535382,2024-06,2024-07-14T01:30:00+00:00,5.0,pseudo_real_time,
early_carry,union,lightgbm,2024-08,-0.4319740979189359,-0.7,0.268025902081064,0.268025902081064,0.0718378841863681,2024-07,2024-08-14T01:30:00+00:00,5.0,pseudo_real_time,
early_carry,union,lightgbm,2024-09,-0.4864817105292826,-0.6,0.1135182894707173,0.1135182894707173,0.0128864020443575,2024-08,2024-09-14T01:30:00+00:00,5.0,pseudo_real_time,
early_carry,union,lightgbm,2024-10,0.2332735295074083,-0.1,0.3332735295074083,0.3332735295074083,0.1110712454703253,2024-09,2024-10-14T01:30:00+00:00,5.0,pseudo_real_time,
early_carry,union,lightgbm,2024-11,-0.5099425180097843,-0.1,-0.4099425180097843,0.4099425180097843,0.1680528680722023,2024-10,2024-11-14T01:30:00+00:00,5.0,pseudo_real_time,
early_carry,union,lightgbm,2024-12,-0.1179522938385145,-0.1,-0.0179522938385145,0.0179522938385145,0.0003222848540643,2024-11,2024-12-14T01:30:00+00:00,5.0,pseudo_real_time,
early_carry,union,lightgbm,2025-01,-0.439244042800712,-0.2,-0.239244042800712,0.239244042800712,0.0572377120156289,2024-12,2025-01-14T01:30:00+00:00,5.0,pseudo_real_time,
early_carry,union,lightgbm,2025-03,-0.1581356372952284,-0.4,0.2418643627047716,0.2418643627047716,0.0584983699465853,2025-01,2025-03-14T01:30:00+00:00,5.0,pseudo_real_time,
early_carry,union,lightgbm,2025-04,-0.3387221021799544,-0.4,0.0612778978200455,0.0612778978200455,0.0037549807612439,2025-03,2025-04-14T01:30:00+00:00,5.0,pseudo_real_time,
early_carry,union,lightgbm,2025-05,-0.6057786207131153,-0.4,-0.2057786207131152,0.2057786207131152,0.0423448407425921,2025-04,2025-05-14T01:30:00+00:00,5.0,pseudo_real_time,
early_carry,union,lightgbm,2025-06,-0.0912491208978941,-0.4,0.3087508791021059,0.3087508791021059,0.0953271053463232,2025-05,2025-06-14T01:30:00+00:00,5.0,pseudo_real_time,
early_carry,union,lightgbm,2025-07,0.090156336984329,-0.2,0.2901563369843291,0.2901563369843291,0.0841906998921635,2025-06,2025-07-14T01:30:00+00:00,5.0,pseudo_real_time,
early_carry,union,lightgbm,2025-08,-0.0737726763952761,0.0,-0.0737726763952761,0.0737726763952761,0.0054424077825221,2025-07,2025-08-14T01:30:00+00:00,5.0,pseudo_real_time,
early_carry,union,lightgbm,2025-09,-0.1978598815139809,0.0,-0.1978598815139809,0.1978598815139809,0.0391485327127265,2025-08,2025-09-14T01:30:00+00:00,5.0,pseudo_real_time,
early_carry,union,lightgbm,2025-12,-0.0676161745912857,0.2,-0.2676161745912857,0.2676161745912857,0.0716184169028735,2025-09,2025-12-14T01:30:00+00:00,5.0,pseudo_real_time,
early_carry,union,lightgbm,2026-01,-0.2228064071876919,0.4,-0.622806407187692,0.622806407187692,0.3878878208340411,2025-12,2026-01-14T01:30:00+00:00,5.0,pseudo_real_time,
early_carry,union,lightgbm,2026-02,-0.0001846818241619,0.4,-0.400184681824162,0.400184681824162,0.1601477795667057,2026-01,2026-02-14T01:30:00+00:00,5.0,pseudo_real_time,
early_carry,union,lightgbm,2026-03,0.4674718784315271,1.0,-0.532528121568473,0.532528121568473,0.2835862002612463,2026-02,2026-03-14T01:30:00+00:00,5.0,pseudo_real_time,
early_carry,union,lightgbm,2026-04,0.7679516712136112,1.7,-0.9320483287863888,0.9320483287863888,0.8687140871935003,2026-03,2026-04-14T01:30:00+00:00,5.0,pseudo_real_time,
early_carry,union,lightgbm,2026-05,0.3295434621207714,0.5,-0.1704565378792286,0.1704565378792286,0.0290554313057728,2026-04,2026-05-14T01:30:00+00:00,5.0,pseudo_real_time,
early_carry,union,lightgbm,2026-06,-0.0705478631132102,-0.3,0.2294521368867897,0.2294521368867897,0.052648283121914,2026-05,2026-06-14T01:30:00+00:00,5.0,pseudo_real_time,
early_carry,union,lightgbm,2026-07,-0.2634873100394609,-0.7,0.436512689960539,0.436512689960539,0.1905433284965856,2026-06,2026-07-14T01:30:00+00:00,5.0,pseudo_real_time,
early_carry,union,lightgbm,2026-08,0.291409183166569,0.4,-0.108590816833431,0.108590816833431,0.0117919655005517,2026-07,2026-08-14T01:30:00+00:00,5.0,pseudo_real_time,
early_carry,union,no_change,2016-04,0.0,0.7,-0.7,0.7,0.4899999999999999,2016-01,2016-04-14T01:30:00+00:00,,pseudo_real_time,
early_carry,union,historical_mean,2016-04,-0.4083333333333334,0.7,-1.1083333333333334,1.1083333333333334,1.228402777777778,2016-01,2016-04-14T01:30:00+00:00,,pseudo_real_time,
early_carry,union,last_available_actual,2016-04,-0.5,0.7,-1.2,1.2,1.44,2016-01,2016-04-14T01:30:00+00:00,,pseudo_real_time,
early_carry,union,no_change,2016-05,0.0,0.5,-0.5,0.5,0.25,2016-04,2016-05-16T01:30:00+00:00,,pseudo_real_time,
early_carry,union,historical_mean,2016-05,-0.364,0.5,-0.8640000000000001,0.8640000000000001,0.7464960000000002,2016-04,2016-05-16T01:30:00+00:00,,pseudo_real_time,
early_carry,union,last_available_actual,2016-05,0.7,0.5,0.1999999999999999,0.1999999999999999,0.0399999999999999,2016-04,2016-05-16T01:30:00+00:00,,pseudo_real_time,
early_carry,union,no_change,2016-06,0.0,-0.2,0.2,0.2,0.04,2016-05,2016-06-14T01:30:00+00:00,,pseudo_real_time,
early_carry,union,historical_mean,2016-06,-0.3307692307692308,-0.2,-0.1307692307692308,0.1307692307692308,0.0171005917159763,2016-05,2016-06-14T01:30:00+00:00,,pseudo_real_time,
early_carry,union,last_available_actual,2016-06,0.5,-0.2,0.7,0.7,0.4899999999999999,2016-05,2016-06-14T01:30:00+00:00,,pseudo_real_time,
early_carry,union,no_change,2016-07,0.0,0.2,-0.2,0.2,0.04,2016-06,2016-07-14T01:30:00+00:00,,pseudo_real_time,
early_carry,union,historical_mean,2016-07,-0.3259259259259259,0.2,-0.5259259259259259,0.5259259259259259,0.2765980795610425,2016-06,2016-07-14T01:30:00+00:00,,pseudo_real_time,
early_carry,union,last_available_actual,2016-07,-0.2,0.2,-0.4,0.4,0.16,2016-06,2016-07-14T01:30:00+00:00,,pseudo_real_time,
early_carry,union,no_change,2016-08,0.0,0.2,-0.2,0.2,0.04,2016-07,2016-08-15T01:30:00+00:00,,pseudo_real_time,
early_carry,union,historical_mean,2016-08,-0.3071428571428572,0.2,-0.5071428571428572,0.5071428571428572,0.2571938775510205,2016-07,2016-08-15T01:30:00+00:00,,pseudo_real_time,
early_carry,union,last_available_actual,2016-08,0.2,0.2,0.0,0.0,0.0,2016-07,2016-08-15T01:30:00+00:00,,pseudo_real_time,
early_carry,union,no_change,2016-09,0.0,0.5,-0.5,0.5,0.25,2016-08,2016-09-14T01:30:00+00:00,,pseudo_real_time,
early_carry,union,historical_mean,2016-09,-0.2896551724137932,0.5,-0.7896551724137932,0.7896551724137932,0.6235552913198575,2016-08,2016-09-14T01:30:00+00:00,,pseudo_real_time,
early_carry,union,last_available_actual,2016-09,0.2,0.5,-0.3,0.3,0.09,2016-08,2016-09-14T01:30:00+00:00,,pseudo_real_time,
early_carry,union,no_change,2016-10,0.0,0.7,-0.7,0.7,0.4899999999999999,2016-08,2016-10-14T01:30:00+00:00,,pseudo_real_time,
early_carry,union,historical_mean,2016-10,-0.2896551724137932,0.7,-0.9896551724137932,0.9896551724137932,0.9794173602853748,2016-08,2016-10-14T01:30:00+00:00,,pseudo_real_time,
early_carry,union,last_available_actual,2016-10,0.2,0.7,-0.4999999999999999,0.4999999999999999,0.2499999999999999,2016-08,2016-10-14T01:30:00+00:00,,pseudo_real_time,
early_carry,union,no_change,2016-11,0.0,1.5,-1.5,1.5,2.25,2016-10,2016-11-14T01:30:00+00:00,,pseudo_real_time,
early_carry,union,historical_mean,2016-11,-0.2322580645161291,1.5,-1.7322580645161292,1.7322580645161292,3.000718002081166,2016-10,2016-11-14T01:30:00+00:00,,pseudo_real_time,
early_carry,union,last_available_actual,2016-11,0.7,1.5,-0.8,0.8,0.6400000000000001,2016-10,2016-11-14T01:30:00+00:00,,pseudo_real_time,
early_carry,union,no_change,2016-12,0.0,1.6,-1.6,1.6,2.5600000000000005,2016-11,2016-12-14T01:30:00+00:00,,pseudo_real_time,
early_carry,union,historical_mean,2016-12,-0.178125,1.6,-1.7781250000000002,1.7781250000000002,3.161728515625001,2016-11,2016-12-14T01:30:00+00:00,,pseudo_real_time,
early_carry,union,last_available_actual,2016-12,1.5,1.6,-0.1,0.1,0.01,2016-11,2016-12-14T01:30:00+00:00,,pseudo_real_time,
early_carry,union,no_change,2017-01,0.0,0.8,-0.8,0.8,0.6400000000000001,2016-12,2017-01-16T01:30:00+00:00,,pseudo_real_time,
early_carry,union,historical_mean,2017-01,-0.1242424242424242,0.8,-0.9242424242424244,0.9242424242424244,0.8542240587695135,2016-12,2017-01-16T01:30:00+00:00,,pseudo_real_time,
early_carry,union,last_available_actual,2017-01,1.6,0.8,0.8,0.8,0.6400000000000001,2016-12,2017-01-16T01:30:00+00:00,,pseudo_real_time,
early_carry,union,no_change,2017-03,0.0,0.3,-0.3,0.3,0.09,2017-01,2017-03-14T01:30:00+00:00,,pseudo_real_time,
early_carry,union,historical_mean,2017-03,-0.0970588235294117,0.3,-0.3970588235294117,0.3970588235294117,0.1576557093425605,2017-01,2017-03-14T01:30:00+00:00,,pseudo_real_time,
early_carry,union,last_available_actual,2017-03,0.8,0.3,0.5,0.5,0.25,2017-01,2017-03-14T01:30:00+00:00,,pseudo_real_time,
early_carry,union,no_change,2017-04,0.0,-0.4,0.4,0.4,0.16,2017-03,2017-04-14T01:30:00+00:00,,pseudo_real_time,
early_carry,union,historical_mean,2017-04,-0.0857142857142857,-0.4,0.3142857142857143,0.3142857142857143,0.0987755102040816,2017-03,2017-04-14T01:30:00+00:00,,pseudo_real_time,
early_carry,union,last_available_actual,2017-04,0.3,-0.4,0.7,0.7,0.4899999999999999,2017-03,2017-04-14T01:30:00+00:00,,pseudo_real_time,
early_carry,union,no_change,2017-05,0.0,-0.3,0.3,0.3,0.09,2017-04,2017-05-15T01:30:00+00:00,,pseudo_real_time,
early_carry,union,historical_mean,2017-05,-0.0944444444444444,-0.3,0.2055555555555555,0.2055555555555555,0.042253086419753,2017-04,2017-05-15T01:30:00+00:00,,pseudo_real_time,
early_carry,union,last_available_actual,2017-05,-0.4,-0.3,-0.1,0.1,0.01,2017-04,2017-05-15T01:30:00+00:00,,pseudo_real_time,
early_carry,union,no_change,2017-06,0.0,-0.2,0.2,0.2,0.04,2017-05,2017-06-14T01:30:00+00:00,,pseudo_real_time,
early_carry,union,historical_mean,2017-06,-0.0999999999999999,-0.2,0.1,0.1,0.01,2017-05,2017-06-14T01:30:00+00:00,,pseudo_real_time,
early_carry,union,last_available_actual,2017-06,-0.3,-0.2,-0.0999999999999999,0.0999999999999999,0.0099999999999999,2017-05,2017-06-14T01:30:00+00:00,,pseudo_real_time,
early_carry,union,no_change,2017-07,0.0,0.2,-0.2,0.2,0.04,2017-06,2017-07-14T01:30:00+00:00,,pseudo_real_time,
early_carry,union,historical_mean,2017-07,-0.1026315789473684,0.2,-0.3026315789473684,0.3026315789473684,0.0915858725761772,2017-06,2017-07-14T01:30:00+00:00,,pseudo_real_time,
early_carry,union,last_available_actual,2017-07,-0.2,0.2,-0.4,0.4,0.16,2017-06,2017-07-14T01:30:00+00:00,,pseudo_real_time,
early_carry,union,no_change,2017-08,0.0,0.9,-0.9,0.9,0.81,2017-07,2017-08-14T01:30:00+00:00,,pseudo_real_time,
early_carry,union,historical_mean,2017-08,-0.0948717948717948,0.9,-0.9948717948717948,0.9948717948717948,0.9897698882314268,2017-07,2017-08-14T01:30:00+00:00,,pseudo_real_time,
early_carry,union,last_available_actual,2017-08,0.2,0.9,-0.7,0.7,0.4899999999999999,2017-07,2017-08-14T01:30:00+00:00,,pseudo_real_time,
early_carry,union,no_change,2017-09,0.0,1.0,-1.0,1.0,1.0,2017-08,2017-09-14T01:30:00+00:00,,pseudo_real_time,
early_carry,union,historical_mean,2017-09,-0.07,1.0,-1.07,1.07,1.1449,2017-08,2017-09-14T01:30:00+00:00,,pseudo_real_time,
early_carry,union,last_available_actual,2017-09,0.9,1.0,-0.0999999999999999,0.0999999999999999,0.0099999999999999,2017-08,2017-09-14T01:30:00+00:00,,pseudo_real_time,
early_carry,union,no_change,2017-10,0.0,0.7,-0.7,0.7,0.4899999999999999,2017-08,2017-10-16T01:30:00+00:00,,pseudo_real_time,
early_carry,union,historical_mean,2017-10,-0.07,0.7,-0.77,0.77,0.5929,2017-08,2017-10-16T01:30:00+00:00,,pseudo_real_time,
early_carry,union,last_available_actual,2017-10,0.9,0.7,0.2,0.2,0.04,2017-08,2017-10-16T01:30:00+00:00,,pseudo_real_time,
early_carry,union,no_change,2017-11,0.0,0.5,-0.5,0.5,0.25,2017-10,2017-11-14T01:30:00+00:00,,pseudo_real_time,
early_carry,union,historical_mean,2017-11,-0.0261904761904761,0.5,-0.5261904761904762,0.5261904761904762,0.2768764172335601,2017-10,2017-11-14T01:30:00+00:00,,pseudo_real_time,
early_carry,union,last_available_actual,2017-11,0.7,0.5,0.1999999999999999,0.1999999999999999,0.0399999999999999,2017-10,2017-11-14T01:30:00+00:00,,pseudo_real_time,
early_carry,union,no_change,2017-12,0.0,0.8,-0.8,0.8,0.6400000000000001,2017-11,2017-12-14T01:30:00+00:00,,pseudo_real_time,
early_carry,union,historical_mean,2017-12,-0.013953488372093,0.8,-0.813953488372093,0.813953488372093,0.662520281233099,2017-11,2017-12-14T01:30:00+00:00,,pseudo_real_time,
early_carry,union,last_available_actual,2017-12,0.5,0.8,-0.3,0.3,0.09,2017-11,2017-12-14T01:30:00+00:00,,pseudo_real_time,
early_carry,union,no_change,2018-01,0.0,0.3,-0.3,0.3,0.09,2017-12,2018-01-15T01:30:00+00:00,,pseudo_real_time,
early_carry,union,historical_mean,2018-01,0.0045454545454545,0.3,-0.2954545454545454,0.2954545454545454,0.087293388429752,2017-12,2018-01-15T01:30:00+00:00,,pseudo_real_time,
early_carry,union,last_available_actual,2018-01,0.8,0.3,0.5,0.5,0.25,2017-12,2018-01-15T01:30:00+00:00,,pseudo_real_time,
early_carry,union,no_change,2018-02,0.0,-0.1,0.1,0.1,0.01,2018-01,2018-02-14T01:30:00+00:00,,pseudo_real_time,
early_carry,union,historical_mean,2018-02,0.0111111111111111,-0.1,0.1111111111111111,0.1111111111111111,0.0123456790123456,2018-01,2018-02-14T01:30:00+00:00,,pseudo_real_time,
early_carry,union,last_available_actual,2018-02,0.3,-0.1,0.4,0.4,0.16,2018-01,2018-02-14T01:30:00+00:00,,pseudo_real_time,
early_carry,union,no_change,2018-03,0.0,-0.2,0.2,0.2,0.04,2018-02,2018-03-14T01:30:00+00:00,,pseudo_real_time,
early_carry,union,historical_mean,2018-03,0.008695652173913,-0.2,0.208695652173913,0.208695652173913,0.0435538752362949,2018-02,2018-03-14T01:30:00+00:00,,pseudo_real_time,
early_carry,union,last_available_actual,2018-03,-0.1,-0.2,0.1,0.1,0.01,2018-02,2018-03-14T01:30:00+00:00,,pseudo_real_time,
early_carry,union,no_change,2018-04,0.0,-0.2,0.2,0.2,0.04,2018-03,2018-04-16T01:30:00+00:00,,pseudo_real_time,
early_carry,union,historical_mean,2018-04,0.0042553191489361,-0.2,0.2042553191489362,0.2042553191489362,0.0417202354006337,2018-03,2018-04-16T01:30:00+00:00,,pseudo_real_time,
early_carry,union,last_available_actual,2018-04,-0.2,-0.2,0.0,0.0,0.0,2018-03,2018-04-16T01:30:00+00:00,,pseudo_real_time,
early_carry,union,no_change,2018-05,0.0,0.4,-0.4,0.4,0.16,2018-04,2018-05-14T01:30:00+00:00,,pseudo_real_time,
early_carry,union,historical_mean,2018-05,-4.625929269271485e-18,0.4,-0.4,0.4,0.16,2018-04,2018-05-14T01:30:00+00:00,,pseudo_real_time,
early_carry,union,last_available_actual,2018-05,-0.2,0.4,-0.6000000000000001,0.6000000000000001,0.3600000000000001,2018-04,2018-05-14T01:30:00+00:00,,pseudo_real_time,
early_carry,union,no_change,2018-06,0.0,0.3,-0.3,0.3,0.09,2018-05,2018-06-14T01:30:00+00:00,,pseudo_real_time,
early_carry,union,historical_mean,2018-06,0.0081632653061224,0.3,-0.2918367346938775,0.2918367346938775,0.0851686797167846,2018-05,2018-06-14T01:30:00+00:00,,pseudo_real_time,
early_carry,union,last_available_actual,2018-06,0.4,0.3,0.1,0.1,0.01,2018-05,2018-06-14T01:30:00+00:00,,pseudo_real_time,
early_carry,union,no_change,2018-07,0.0,0.1,-0.1,0.1,0.01,2018-06,2018-07-16T01:30:00+00:00,,pseudo_real_time,
early_carry,union,historical_mean,2018-07,0.0139999999999999,0.1,-0.086,0.086,0.007396,2018-06,2018-07-16T01:30:00+00:00,,pseudo_real_time,
early_carry,union,last_available_actual,2018-07,0.3,0.1,0.1999999999999999,0.1999999999999999,0.0399999999999999,2018-06,2018-07-16T01:30:00+00:00,,pseudo_real_time,
early_carry,union,no_change,2018-08,0.0,0.4,-0.4,0.4,0.16,2018-07,2018-08-14T01:30:00+00:00,,pseudo_real_time,
early_carry,union,historical_mean,2018-08,0.0156862745098039,0.4,-0.3843137254901961,0.3843137254901961,0.1476970396001538,2018-07,2018-08-14T01:30:00+00:00,,pseudo_real_time,
early_carry,union,last_available_actual,2018-08,0.1,0.4,-0.3,0.3,0.09,2018-07,2018-08-14T01:30:00+00:00,,pseudo_real_time,
early_carry,union,no_change,2018-09,0.0,0.6,-0.6,0.6,0.36,2018-08,2018-09-14T01:30:00+00:00,,pseudo_real_time,
early_carry,union,historical_mean,2018-09,0.023076923076923,0.6,-0.5769230769230769,0.5769230769230769,0.3328402366863904,2018-08,2018-09-14T01:30:00+00:00,,pseudo_real_time,
early_carry,union,last_available_actual,2018-09,0.4,0.6,-0.1999999999999999,0.1999999999999999,0.0399999999999999,2018-08,2018-09-14T01:30:00+00:00,,pseudo_real_time,
early_carry,union,no_change,2018-10,0.0,0.4,-0.4,0.4,0.16,2018-08,2018-10-15T01:30:00+00:00,,pseudo_real_time,
early_carry,union,historical_mean,2018-10,0.023076923076923,0.4,-0.3769230769230769,0.3769230769230769,0.1420710059171598,2018-08,2018-10-15T01:30:00+00:00,,pseudo_real_time,
early_carry,union,last_available_actual,2018-10,0.4,0.4,0.0,0.0,0.0,2018-08,2018-10-15T01:30:00+00:00,,pseudo_real_time,
early_carry,union,no_change,2018-11,0.0,-0.2,0.2,0.2,0.04,2018-10,2018-11-14T01:30:00+00:00,,pseudo_real_time,
early_carry,union,historical_mean,2018-11,0.0407407407407407,-0.2,0.2407407407407407,0.2407407407407407,0.0579561042524005,2018-10,2018-11-14T01:30:00+00:00,,pseudo_real_time,
early_carry,union,last_available_actual,2018-11,0.4,-0.2,0.6000000000000001,0.6000000000000001,0.3600000000000001,2018-10,2018-11-14T01:30:00+00:00,,pseudo_real_time,
early_carry,union,no_change,2018-12,0.0,-1.0,1.0,1.0,1.0,2018-11,2018-12-14T01:30:00+00:00,,pseudo_real_time,
early_carry,union,historical_mean,2018-12,0.0363636363636363,-1.0,1.0363636363636364,1.0363636363636364,1.0740495867768596,2018-11,2018-12-14T01:30:00+00:00,,pseudo_real_time,
early_carry,union,last_available_actual,2018-12,-0.2,-1.0,0.8,0.8,0.6400000000000001,2018-11,2018-12-14T01:30:00+00:00,,pseudo_real_time,
early_carry,union,no_change,2019-01,0.0,-0.6,0.6,0.6,0.36,2018-12,2019-01-14T01:30:00+00:00,,pseudo_real_time,
early_carry,union,historical_mean,2019-01,0.0178571428571428,-0.6,0.6178571428571429,0.6178571428571429,0.3817474489795918,2018-12,2019-01-14T01:30:00+00:00,,pseudo_real_time,
early_carry,union,last_available_actual,2019-01,-1.0,-0.6,-0.4,0.4,0.16,2018-12,2019-01-14T01:30:00+00:00,,pseudo_real_time,
early_carry,union,no_change,2019-04,0.0,0.3,-0.3,0.3,0.09,2019-01,2019-04-15T01:30:00+00:00,,pseudo_real_time,
early_carry,union,historical_mean,2019-04,0.0070175438596491,0.3,-0.2929824561403508,0.2929824561403508,0.0858387196060326,2019-01,2019-04-15T01:30:00+00:00,,pseudo_real_time,
early_carry,union,last_available_actual,2019-04,-0.6,0.3,-0.8999999999999999,0.8999999999999999,0.8099999999999998,2019-01,2019-04-15T01:30:00+00:00,,pseudo_real_time,
early_carry,union,no_change,2019-05,0.0,0.2,-0.2,0.2,0.04,2019-04,2019-05-14T01:30:00+00:00,,pseudo_real_time,
early_carry,union,historical_mean,2019-05,0.0120689655172413,0.2,-0.1879310344827586,0.1879310344827586,0.0353180737217598,2019-04,2019-05-14T01:30:00+00:00,,pseudo_real_time,
early_carry,union,last_available_actual,2019-05,0.3,0.2,0.0999999999999999,0.0999999999999999,0.0099999999999999,2019-04,2019-05-14T01:30:00+00:00,,pseudo_real_time,
early_carry,union,no_change,2019-06,0.0,-0.3,0.3,0.3,0.09,2019-05,2019-06-14T01:30:00+00:00,,pseudo_real_time,
early_carry,union,historical_mean,2019-06,0.0152542372881355,-0.3,0.3152542372881355,0.3152542372881355,0.099385234128124,2019-05,2019-06-14T01:30:00+00:00,,pseudo_real_time,
early_carry,union,last_available_actual,2019-06,0.2,-0.3,0.5,0.5,0.25,2019-05,2019-06-14T01:30:00+00:00,,pseudo_real_time,
early_carry,union,no_change,2019-07,0.0,-0.2,0.2,0.2,0.04,2019-06,2019-07-15T01:30:00+00:00,,pseudo_real_time,
early_carry,union,historical_mean,2019-07,0.0099999999999999,-0.2,0.21,0.21,0.0440999999999999,2019-06,2019-07-15T01:30:00+00:00,,pseudo_real_time,
early_carry,union,last_available_actual,2019-07,-0.3,-0.2,-0.0999999999999999,0.0999999999999999,0.0099999999999999,2019-06,2019-07-15T01:30:00+00:00,,pseudo_real_time,
early_carry,union,no_change,2019-08,0.0,-0.1,0.1,0.1,0.01,2019-07,2019-08-14T01:30:00+00:00,,pseudo_real_time,
early_carry,union,historical_mean,2019-08,0.0065573770491803,-0.1,0.1065573770491803,0.1065573770491803,0.0113544746036011,2019-07,2019-08-14T01:30:00+00:00,,pseudo_real_time,
early_carry,union,last_available_actual,2019-08,-0.2,-0.1,-0.1,0.1,0.01,2019-07,2019-08-14T01:30:00+00:00,,pseudo_real_time,
early_carry,union,no_change,2019-09,0.0,0.1,-0.1,0.1,0.01,2019-08,2019-09-16T01:30:00+00:00,,pseudo_real_time,
early_carry,union,historical_mean,2019-09,0.0048387096774193,0.1,-0.0951612903225806,0.0951612903225806,0.0090556711758584,2019-08,2019-09-16T01:30:00+00:00,,pseudo_real_time,
early_carry,union,last_available_actual,2019-09,-0.1,0.1,-0.2,0.2,0.04,2019-08,2019-09-16T01:30:00+00:00,,pseudo_real_time,
early_carry,union,no_change,2019-10,0.0,0.1,-0.1,0.1,0.01,2019-08,2019-10-14T01:30:00+00:00,,pseudo_real_time,
early_carry,union,historical_mean,2019-10,0.0048387096774193,0.1,-0.0951612903225806,0.0951612903225806,0.0090556711758584,2019-08,2019-10-14T01:30:00+00:00,,pseudo_real_time,
early_carry,union,last_available_actual,2019-10,-0.1,0.1,-0.2,0.2,0.04,2019-08,2019-10-14T01:30:00+00:00,,pseudo_real_time,
early_carry,union,no_change,2019-11,0.0,-0.1,0.1,0.1,0.01,2019-10,2019-11-14T01:30:00+00:00,,pseudo_real_time,
early_carry,union,historical_mean,2019-11,0.0078124999999999,-0.1,0.1078125,0.1078125,0.01162353515625,2019-10,2019-11-14T01:30:00+00:00,,pseudo_real_time,
early_carry,union,last_available_actual,2019-11,0.1,-0.1,0.2,0.2,0.04,2019-10,2019-11-14T01:30:00+00:00,,pseudo_real_time,
early_carry,union,no_change,2019-12,0.0,0.0,0.0,0.0,0.0,2019-11,2019-12-16T01:30:00+00:00,,pseudo_real_time,
early_carry,union,historical_mean,2019-12,0.0061538461538461,0.0,0.0061538461538461,0.0061538461538461,3.786982248520702e-05,2019-11,2019-12-16T01:30:00+00:00,,pseudo_real_time,
early_carry,union,last_available_actual,2019-12,-0.1,0.0,-0.1,0.1,0.01,2019-11,2019-12-16T01:30:00+00:00,,pseudo_real_time,
early_carry,union,no_change,2020-01,0.0,0.0,0.0,0.0,0.0,2019-12,2020-01-14T01:30:00+00:00,,pseudo_real_time,
early_carry,union,historical_mean,2020-01,0.006060606060606,0.0,0.006060606060606,0.006060606060606,3.673094582185484e-05,2019-12,2020-01-14T01:30:00+00:00,,pseudo_real_time,
early_carry,union,last_available_actual,2020-01,0.0,0.0,0.0,0.0,0.0,2019-12,2020-01-14T01:30:00+00:00,,pseudo_real_time,
early_carry,union,no_change,2020-02,0.0,-0.5,0.5,0.5,0.25,2020-01,2020-02-14T01:30:00+00:00,,pseudo_real_time,
early_carry,union,historical_mean,2020-02,0.0059701492537313,-0.5,0.5059701492537313,0.5059701492537313,0.2560057919358431,2020-01,2020-02-14T01:30:00+00:00,,pseudo_real_time,
early_carry,union,last_available_actual,2020-02,0.0,-0.5,0.5,0.5,0.25,2020-01,2020-02-14T01:30:00+00:00,,pseudo_real_time,
early_carry,union,no_change,2020-03,0.0,-1.0,1.0,1.0,1.0,2020-02,2020-03-16T01:30:00+00:00,,pseudo_real_time,
early_carry,union,historical_mean,2020-03,-0.0014705882352941,-1.0,0.998529411764706,0.998529411764706,0.9970609861591696,2020-02,2020-03-16T01:30:00+00:00,,pseudo_real_time,
early_carry,union,last_available_actual,2020-03,-0.5,-1.0,0.5,0.5,0.25,2020-02,2020-03-16T01:30:00+00:00,,pseudo_real_time,
early_carry,union,no_change,2020-04,0.0,-1.3,1.3,1.3,1.6900000000000002,2020-03,2020-04-14T01:30:00+00:00,,pseudo_real_time,
early_carry,union,historical_mean,2020-04,-0.0159420289855072,-1.3,1.2840579710144928,1.2840579710144928,1.648804872925856,2020-03,2020-04-14T01:30:00+00:00,,pseudo_real_time,
early_carry,union,last_available_actual,2020-04,-1.0,-1.3,0.3,0.3,0.09,2020-03,2020-04-14T01:30:00+00:00,,pseudo_real_time,
early_carry,union,no_change,2020-05,0.0,-0.4,0.4,0.4,0.16,2020-04,2020-05-14T01:30:00+00:00,,pseudo_real_time,
early_carry,union,historical_mean,2020-05,-0.0342857142857142,-0.4,0.3657142857142857,0.3657142857142857,0.1337469387755102,2020-04,2020-05-14T01:30:00+00:00,,pseudo_real_time,
early_carry,union,last_available_actual,2020-05,-1.3,-0.4,-0.9,0.9,0.81,2020-04,2020-05-14T01:30:00+00:00,,pseudo_real_time,
early_carry,union,no_change,2020-06,0.0,0.4,-0.4,0.4,0.16,2020-05,2020-06-15T01:30:00+00:00,,pseudo_real_time,
early_carry,union,historical_mean,2020-06,-0.0394366197183098,0.4,-0.4394366197183099,0.4394366197183099,0.1931045427494545,2020-05,2020-06-15T01:30:00+00:00,,pseudo_real_time,
early_carry,union,last_available_actual,2020-06,-0.4,0.4,-0.8,0.8,0.6400000000000001,2020-05,2020-06-15T01:30:00+00:00,,pseudo_real_time,
early_carry,union,no_change,2020-07,0.0,0.4,-0.4,0.4,0.16,2020-06,2020-07-14T01:30:00+00:00,,pseudo_real_time,
early_carry,union,historical_mean,2020-07,-0.0333333333333333,0.4,-0.4333333333333333,0.4333333333333333,0.1877777777777778,2020-06,2020-07-14T01:30:00+00:00,,pseudo_real_time,
early_carry,union,last_available_actual,2020-07,0.4,0.4,0.0,0.0,0.0,2020-06,2020-07-14T01:30:00+00:00,,pseudo_real_time,
early_carry,union,no_change,2020-08,0.0,0.3,-0.3,0.3,0.09,2020-07,2020-08-14T01:30:00+00:00,,pseudo_real_time,
early_carry,union,historical_mean,2020-08,-0.0273972602739726,0.3,-0.3273972602739726,0.3273972602739726,0.1071889660349033,2020-07,2020-08-14T01:30:00+00:00,,pseudo_real_time,
early_carry,union,last_available_actual,2020-08,0.4,0.3,0.1,0.1,0.01,2020-07,2020-08-14T01:30:00+00:00,,pseudo_real_time,
early_carry,union,no_change,2020-09,0.0,0.1,-0.1,0.1,0.01,2020-08,2020-09-14T01:30:00+00:00,,pseudo_real_time,
early_carry,union,historical_mean,2020-09,-0.0229729729729729,0.1,-0.122972972972973,0.122972972972973,0.0151223520818115,2020-08,2020-09-14T01:30:00+00:00,,pseudo_real_time,
early_carry,union,last_available_actual,2020-09,0.3,0.1,0.1999999999999999,0.1999999999999999,0.0399999999999999,2020-08,2020-09-14T01:30:00+00:00,,pseudo_real_time,
early_carry,union,no_change,2020-10,0.0,0.0,0.0,0.0,0.0,2020-08,2020-10-14T01:30:00+00:00,,pseudo_real_time,
early_carry,union,historical_mean,2020-10,-0.0229729729729729,0.0,-0.0229729729729729,0.0229729729729729,0.0005277574872169,2020-08,2020-10-14T01:30:00+00:00,,pseudo_real_time,
early_carry,union,last_available_actual,2020-10,0.3,0.0,0.3,0.3,0.09,2020-08,2020-10-14T01:30:00+00:00,,pseudo_real_time,
early_carry,union,no_change,2020-11,0.0,0.5,-0.5,0.5,0.25,2020-10,2020-11-16T01:30:00+00:00,,pseudo_real_time,
early_carry,union,historical_mean,2020-11,-0.0210526315789473,0.5,-0.5210526315789474,0.5210526315789474,0.2714958448753463,2020-10,2020-11-16T01:30:00+00:00,,pseudo_real_time,
early_carry,union,last_available_actual,2020-11,0.0,0.5,-0.5,0.5,0.25,2020-10,2020-11-16T01:30:00+00:00,,pseudo_real_time,
early_carry,union,no_change,2020-12,0.0,1.1,-1.1,1.1,1.2100000000000002,2020-11,2020-12-14T01:30:00+00:00,,pseudo_real_time,
early_carry,union,historical_mean,2020-12,-0.0142857142857142,1.1,-1.1142857142857143,1.1142857142857143,1.2416326530612245,2020-11,2020-12-14T01:30:00+00:00,,pseudo_real_time,
early_carry,union,last_available_actual,2020-12,0.5,1.1,-0.6000000000000001,0.6000000000000001,0.3600000000000001,2020-11,2020-12-14T01:30:00+00:00,,pseudo_real_time,
early_carry,union,no_change,2021-01,0.0,1.0,-1.0,1.0,1.0,2020-12,2021-01-14T01:30:00+00:00,,pseudo_real_time,
early_carry,union,historical_mean,2021-01,-8.540177112501206e-18,1.0,-1.0,1.0,1.0,2020-12,2021-01-14T01:30:00+00:00,,pseudo_real_time,
early_carry,union,last_available_actual,2021-01,1.1,1.0,0.1,0.1,0.01,2020-12,2021-01-14T01:30:00+00:00,,pseudo_real_time,
early_carry,union,no_change,2021-02,0.0,0.8,-0.8,0.8,0.6400000000000001,2021-01,2021-02-19T01:30:00+00:00,,pseudo_real_time,
early_carry,union,historical_mean,2021-02,0.0126582278481012,0.8,-0.7873417721518988,0.7873417721518988,0.6199070661752926,2021-01,2021-02-19T01:30:00+00:00,,pseudo_real_time,
early_carry,union,last_available_actual,2021-02,1.0,0.8,0.1999999999999999,0.1999999999999999,0.0399999999999999,2021-01,2021-02-19T01:30:00+00:00,,pseudo_real_time,
early_carry,union,no_change,2021-03,0.0,1.6,-1.6,1.6,2.5600000000000005,2021-02,2021-03-15T01:30:00+00:00,,pseudo_real_time,
early_carry,union,historical_mean,2021-03,0.0225,1.6,-1.5775,1.5775,2.4885062500000004,2021-02,2021-03-15T01:30:00+00:00,,pseudo_real_time,
early_carry,union,last_available_actual,2021-03,0.8,1.6,-0.8,0.8,0.6400000000000001,2021-02,2021-03-15T01:30:00+00:00,,pseudo_real_time,
early_carry,union,no_change,2021-04,0.0,0.9,-0.9,0.9,0.81,2021-03,2021-04-14T01:30:00+00:00,,pseudo_real_time,
early_carry,union,historical_mean,2021-04,0.0419753086419753,0.9,-0.8580246913580247,0.8580246913580247,0.7362063709800336,2021-03,2021-04-14T01:30:00+00:00,,pseudo_real_time,
early_carry,union,last_available_actual,2021-04,1.6,0.9,0.7000000000000001,0.7000000000000001,0.4900000000000001,2021-03,2021-04-14T01:30:00+00:00,,pseudo_real_time,
early_carry,union,no_change,2021-05,0.0,1.6,-1.6,1.6,2.5600000000000005,2021-04,2021-05-14T01:30:00+00:00,,pseudo_real_time,
early_carry,union,historical_mean,2021-05,0.0524390243902439,1.6,-1.547560975609756,1.547560975609756,2.39494497323022,2021-04,2021-05-14T01:30:00+00:00,,pseudo_real_time,
early_carry,union,last_available_actual,2021-05,0.9,1.6,-0.7000000000000001,0.7000000000000001,0.4900000000000001,2021-04,2021-05-14T01:30:00+00:00,,pseudo_real_time,
early_carry,union,no_change,2021-06,0.0,0.3,-0.3,0.3,0.09,2021-05,2021-06-15T01:30:00+00:00,,pseudo_real_time,
early_carry,union,historical_mean,2021-06,0.0710843373493975,0.3,-0.2289156626506024,0.2289156626506024,0.0524023806067644,2021-05,2021-06-15T01:30:00+00:00,,pseudo_real_time,
early_carry,union,last_available_actual,2021-06,1.6,0.3,1.3,1.3,1.6900000000000002,2021-05,2021-06-15T01:30:00+00:00,,pseudo_real_time,
early_carry,union,no_change,2021-07,0.0,0.5,-0.5,0.5,0.25,2021-06,2021-07-14T01:30:00+00:00,,pseudo_real_time,
early_carry,union,historical_mean,2021-07,0.0738095238095238,0.5,-0.4261904761904762,0.4261904761904762,0.1816383219954648,2021-06,2021-07-14T01:30:00+00:00,,pseudo_real_time,
early_carry,union,last_available_actual,2021-07,0.3,0.5,-0.2,0.2,0.04,2021-06,2021-07-14T01:30:00+00:00,,pseudo_real_time,
early_carry,union,no_change,2021-08,0.0,0.7,-0.7,0.7,0.4899999999999999,2021-07,2021-08-16T01:30:00+00:00,,pseudo_real_time,
early_carry,union,historical_mean,2021-08,0.0788235294117647,0.7,-0.6211764705882352,0.6211764705882352,0.3858602076124566,2021-07,2021-08-16T01:30:00+00:00,,pseudo_real_time,
early_carry,union,last_available_actual,2021-08,0.5,0.7,-0.1999999999999999,0.1999999999999999,0.0399999999999999,2021-07,2021-08-16T01:30:00+00:00,,pseudo_real_time,
early_carry,union,no_change,2021-09,0.0,1.2,-1.2,1.2,1.44,2021-08,2021-09-14T01:30:00+00:00,,pseudo_real_time,
early_carry,union,historical_mean,2021-09,0.0860465116279069,1.2,-1.113953488372093,1.113953488372093,1.240892374256355,2021-08,2021-09-14T01:30:00+00:00,,pseudo_real_time,
early_carry,union,last_available_actual,2021-09,0.7,1.2,-0.5,0.5,0.25,2021-08,2021-09-14T01:30:00+00:00,,pseudo_real_time,
early_carry,union,no_change,2021-10,0.0,2.5,-2.5,2.5,6.25,2021-08,2021-10-14T01:30:00+00:00,,pseudo_real_time,
early_carry,union,historical_mean,2021-10,0.0860465116279069,2.5,-2.413953488372093,2.413953488372093,5.827171444023798,2021-08,2021-10-14T01:30:00+00:00,,pseudo_real_time,
early_carry,union,last_available_actual,2021-10,0.7,2.5,-1.8,1.8,3.24,2021-08,2021-10-14T01:30:00+00:00,,pseudo_real_time,
early_carry,union,no_change,2021-11,0.0,0.0,0.0,0.0,0.0,2021-10,2021-11-15T01:30:00+00:00,,pseudo_real_time,
early_carry,union,historical_mean,2021-11,0.1261363636363636,0.0,0.1261363636363636,0.1261363636363636,0.0159103822314049,2021-10,2021-11-15T01:30:00+00:00,,pseudo_real_time,
early_carry,union,last_available_actual,2021-11,2.5,0.0,2.5,2.5,6.25,2021-10,2021-11-15T01:30:00+00:00,,pseudo_real_time,
early_carry,union,no_change,2021-12,0.0,-1.2,1.2,1.2,1.44,2021-11,2021-12-14T01:30:00+00:00,,pseudo_real_time,
early_carry,union,historical_mean,2021-12,0.1247191011235955,-1.2,1.3247191011235957,1.3247191011235957,1.7548806968817068,2021-11,2021-12-14T01:30:00+00:00,,pseudo_real_time,
early_carry,union,last_available_actual,2021-12,0.0,-1.2,1.2,1.2,1.44,2021-11,2021-12-14T01:30:00+00:00,,pseudo_real_time,
early_carry,union,no_change,2022-01,0.0,-0.2,0.2,0.2,0.04,2021-12,2022-01-14T01:30:00+00:00,,pseudo_real_time,
early_carry,union,historical_mean,2022-01,0.11,-0.2,0.31,0.31,0.0961,2021-12,2022-01-14T01:30:00+00:00,,pseudo_real_time,
early_carry,union,last_available_actual,2022-01,-1.2,-0.2,-1.0,1.0,1.0,2021-12,2022-01-14T01:30:00+00:00,,pseudo_real_time,
early_carry,union,no_change,2022-04,0.0,0.6,-0.6,0.6,0.36,2022-01,2022-04-14T01:30:00+00:00,,pseudo_real_time,
early_carry,union,historical_mean,2022-04,0.1065934065934066,0.6,-0.4934065934065934,0.4934065934065934,0.2434500664170993,2022-01,2022-04-14T01:30:00+00:00,,pseudo_real_time,
early_carry,union,last_available_actual,2022-04,-0.2,0.6,-0.8,0.8,0.6400000000000001,2022-01,2022-04-14T01:30:00+00:00,,pseudo_real_time,
early_carry,union,no_change,2022-05,0.0,0.1,-0.1,0.1,0.01,2022-04,2022-05-14T01:30:00+00:00,,pseudo_real_time,
early_carry,union,historical_mean,2022-05,0.1119565217391304,0.1,0.0119565217391304,0.0119565217391304,0.0001429584120982,2022-04,2022-05-14T01:30:00+00:00,,pseudo_real_time,
early_carry,union,last_available_actual,2022-05,0.6,0.1,0.5,0.5,0.25,2022-04,2022-05-14T01:30:00+00:00,,pseudo_real_time,
early_carry,union,no_change,2022-06,0.0,0.0,0.0,0.0,0.0,2022-05,2022-06-14T01:30:00+00:00,,pseudo_real_time,
early_carry,union,historical_mean,2022-06,0.1118279569892473,0.0,0.1118279569892473,0.1118279569892473,0.0125054919643889,2022-05,2022-06-14T01:30:00+00:00,,pseudo_real_time,
early_carry,union,last_available_actual,2022-06,0.1,0.0,0.1,0.1,0.01,2022-05,2022-06-14T01:30:00+00:00,,pseudo_real_time,
early_carry,union,no_change,2022-07,0.0,-1.3,1.3,1.3,1.6900000000000002,2022-06,2022-07-14T01:30:00+00:00,,pseudo_real_time,
early_carry,union,historical_mean,2022-07,0.1106382978723404,-1.3,1.4106382978723404,1.4106382978723404,1.9899004074241735,2022-06,2022-07-14T01:30:00+00:00,,pseudo_real_time,
early_carry,union,last_available_actual,2022-07,0.0,-1.3,1.3,1.3,1.6900000000000002,2022-06,2022-07-14T01:30:00+00:00,,pseudo_real_time,
early_carry,union,no_change,2022-08,0.0,-1.2,1.2,1.2,1.44,2022-07,2022-08-14T01:30:00+00:00,,pseudo_real_time,
early_carry,union,historical_mean,2022-08,0.0957894736842105,-1.2,1.2957894736842104,1.2957894736842104,1.679070360110803,2022-07,2022-08-14T01:30:00+00:00,,pseudo_real_time,
early_carry,union,last_available_actual,2022-08,-1.3,-1.2,-0.1,0.1,0.01,2022-07,2022-08-14T01:30:00+00:00,,pseudo_real_time,
early_carry,union,no_change,2022-09,0.0,-0.1,0.1,0.1,0.01,2022-08,2022-09-14T01:30:00+00:00,,pseudo_real_time,
early_carry,union,historical_mean,2022-09,0.0822916666666666,-0.1,0.1822916666666666,0.1822916666666666,0.0332302517361111,2022-08,2022-09-14T01:30:00+00:00,,pseudo_real_time,
early_carry,union,last_available_actual,2022-09,-1.2,-0.1,-1.1,1.1,1.2099999999999995,2022-08,2022-09-14T01:30:00+00:00,,pseudo_real_time,
early_carry,union,no_change,2022-10,0.0,0.2,-0.2,0.2,0.04,2022-08,2022-10-14T01:30:00+00:00,,pseudo_real_time,
early_carry,union,historical_mean,2022-10,0.0822916666666666,0.2,-0.1177083333333333,0.1177083333333333,0.0138552517361111,2022-08,2022-10-14T01:30:00+00:00,,pseudo_real_time,
early_carry,union,last_available_actual,2022-10,-1.2,0.2,-1.4,1.4,1.96,2022-08,2022-10-14T01:30:00+00:00,,pseudo_real_time,
early_carry,union,no_change,2022-11,0.0,0.1,-0.1,0.1,0.01,2022-10,2022-11-14T01:30:00+00:00,,pseudo_real_time,
early_carry,union,historical_mean,2022-11,0.0816326530612244,0.1,-0.0183673469387755,0.0183673469387755,0.0003373594335693,2022-10,2022-11-14T01:30:00+00:00,,pseudo_real_time,
early_carry,union,last_available_actual,2022-11,0.2,0.1,0.1,0.1,0.01,2022-10,2022-11-14T01:30:00+00:00,,pseudo_real_time,
early_carry,union,no_change,2022-12,0.0,-0.5,0.5,0.5,0.25,2022-11,2022-12-14T01:30:00+00:00,,pseudo_real_time,
early_carry,union,historical_mean,2022-12,0.0818181818181818,-0.5,0.5818181818181818,0.5818181818181818,0.3385123966942148,2022-11,2022-12-14T01:30:00+00:00,,pseudo_real_time,
early_carry,union,last_available_actual,2022-12,0.1,-0.5,0.6,0.6,0.36,2022-11,2022-12-14T01:30:00+00:00,,pseudo_real_time,
early_carry,union,no_change,2023-01,0.0,-0.4,0.4,0.4,0.16,2022-12,2023-01-14T01:30:00+00:00,,pseudo_real_time,
early_carry,union,historical_mean,2023-01,0.076,-0.4,0.476,0.476,0.226576,2022-12,2023-01-14T01:30:00+00:00,,pseudo_real_time,
early_carry,union,last_available_actual,2023-01,-0.5,-0.4,-0.0999999999999999,0.0999999999999999,0.0099999999999999,2022-12,2023-01-14T01:30:00+00:00,,pseudo_real_time,
early_carry,union,no_change,2023-03,0.0,0.0,0.0,0.0,0.0,2023-01,2023-03-14T01:30:00+00:00,,pseudo_real_time,
early_carry,union,historical_mean,2023-03,0.0712871287128712,0.0,0.0712871287128712,0.0712871287128712,0.0050818547201254,2023-01,2023-03-14T01:30:00+00:00,,pseudo_real_time,
early_carry,union,last_available_actual,2023-03,-0.4,0.0,-0.4,0.4,0.16,2023-01,2023-03-14T01:30:00+00:00,,pseudo_real_time,
early_carry,union,no_change,2023-04,0.0,-0.5,0.5,0.5,0.25,2023-03,2023-04-14T01:30:00+00:00,,pseudo_real_time,
early_carry,union,historical_mean,2023-04,0.0705882352941176,-0.5,0.5705882352941176,0.5705882352941176,0.3255709342560553,2023-03,2023-04-14T01:30:00+00:00,,pseudo_real_time,
early_carry,union,last_available_actual,2023-04,0.0,-0.5,0.5,0.5,0.25,2023-03,2023-04-14T01:30:00+00:00,,pseudo_real_time,
early_carry,union,no_change,2023-05,0.0,-0.9,0.9,0.9,0.81,2023-04,2023-05-14T01:30:00+00:00,,pseudo_real_time,
early_carry,union,historical_mean,2023-05,0.0650485436893203,-0.9,0.9650485436893204,0.9650485436893204,0.931318691676878,2023-04,2023-05-14T01:30:00+00:00,,pseudo_real_time,
early_carry,union,last_available_actual,2023-05,-0.5,-0.9,0.4,0.4,0.16,2023-04,2023-05-14T01:30:00+00:00,,pseudo_real_time,
early_carry,union,no_change,2023-06,0.0,-0.8,0.8,0.8,0.6400000000000001,2023-05,2023-06-14T01:30:00+00:00,,pseudo_real_time,
early_carry,union,historical_mean,2023-06,0.0557692307692307,-0.8,0.8557692307692308,0.8557692307692308,0.7323409763313611,2023-05,2023-06-14T01:30:00+00:00,,pseudo_real_time,
early_carry,union,last_available_actual,2023-06,-0.9,-0.8,-0.0999999999999999,0.0999999999999999,0.0099999999999999,2023-05,2023-06-14T01:30:00+00:00,,pseudo_real_time,
early_carry,union,no_change,2023-07,0.0,-0.2,0.2,0.2,0.04,2023-06,2023-07-14T01:30:00+00:00,,pseudo_real_time,
early_carry,union,historical_mean,2023-07,0.0476190476190476,-0.2,0.2476190476190476,0.2476190476190476,0.0613151927437641,2023-06,2023-07-14T01:30:00+00:00,,pseudo_real_time,
early_carry,union,last_available_actual,2023-07,-0.8,-0.2,-0.6000000000000001,0.6000000000000001,0.3600000000000001,2023-06,2023-07-14T01:30:00+00:00,,pseudo_real_time,
early_carry,union,no_change,2023-08,0.0,0.2,-0.2,0.2,0.04,2023-07,2023-08-14T01:30:00+00:00,,pseudo_real_time,
early_carry,union,historical_mean,2023-08,0.0452830188679245,0.2,-0.1547169811320755,0.1547169811320755,0.023937344250623,2023-07,2023-08-14T01:30:00+00:00,,pseudo_real_time,
early_carry,union,last_available_actual,2023-08,-0.2,0.2,-0.4,0.4,0.16,2023-07,2023-08-14T01:30:00+00:00,,pseudo_real_time,
early_carry,union,no_change,2023-09,0.0,0.4,-0.4,0.4,0.16,2023-08,2023-09-14T01:30:00+00:00,,pseudo_real_time,
early_carry,union,historical_mean,2023-09,0.0467289719626168,0.4,-0.3532710280373832,0.3532710280373832,0.1248004192505895,2023-08,2023-09-14T01:30:00+00:00,,pseudo_real_time,
early_carry,union,last_available_actual,2023-09,0.2,0.4,-0.2,0.2,0.04,2023-08,2023-09-14T01:30:00+00:00,,pseudo_real_time,
early_carry,union,no_change,2023-10,0.0,0.0,0.0,0.0,0.0,2023-09,2023-10-14T01:30:00+00:00,,pseudo_real_time,
early_carry,union,historical_mean,2023-10,0.0499999999999999,0.0,0.0499999999999999,0.0499999999999999,0.0024999999999999,2023-09,2023-10-14T01:30:00+00:00,,pseudo_real_time,
early_carry,union,last_available_actual,2023-10,0.4,0.0,0.4,0.4,0.16,2023-09,2023-10-14T01:30:00+00:00,,pseudo_real_time,
early_carry,union,no_change,2023-11,0.0,-0.3,0.3,0.3,0.09,2023-10,2023-11-14T01:30:00+00:00,,pseudo_real_time,
early_carry,union,historical_mean,2023-11,0.0495412844036697,-0.3,0.3495412844036697,0.3495412844036697,0.1221791095025671,2023-10,2023-11-14T01:30:00+00:00,,pseudo_real_time,
early_carry,union,last_available_actual,2023-11,0.0,-0.3,0.3,0.3,0.09,2023-10,2023-11-14T01:30:00+00:00,,pseudo_real_time,
early_carry,union,no_change,2023-12,0.0,-0.3,0.3,0.3,0.09,2023-11,2023-12-14T01:30:00+00:00,,pseudo_real_time,
early_carry,union,historical_mean,2023-12,0.0463636363636363,-0.3,0.3463636363636364,0.3463636363636364,0.1199677685950413,2023-11,2023-12-14T01:30:00+00:00,,pseudo_real_time,
early_carry,union,last_available_actual,2023-12,-0.3,-0.3,0.0,0.0,0.0,2023-11,2023-12-14T01:30:00+00:00,,pseudo_real_time,
early_carry,union,no_change,2024-01,0.0,-0.2,0.2,0.2,0.04,2023-12,2024-01-14T01:30:00+00:00,,pseudo_real_time,
early_carry,union,historical_mean,2024-01,0.0432432432432432,-0.2,0.2432432432432432,0.2432432432432432,0.0591672753834916,2023-12,2024-01-14T01:30:00+00:00,,pseudo_real_time,
early_carry,union,last_available_actual,2024-01,-0.3,-0.2,-0.0999999999999999,0.0999999999999999,0.0099999999999999,2023-12,2024-01-14T01:30:00+00:00,,pseudo_real_time,
early_carry,union,no_change,2024-02,0.0,-0.2,0.2,0.2,0.04,2024-01,2024-02-14T01:30:00+00:00,,pseudo_real_time,
early_carry,union,historical_mean,2024-02,0.0410714285714285,-0.2,0.2410714285714285,0.2410714285714285,0.0581154336734693,2024-01,2024-02-14T01:30:00+00:00,,pseudo_real_time,
early_carry,union,last_available_actual,2024-02,-0.2,-0.2,0.0,0.0,0.0,2024-01,2024-02-14T01:30:00+00:00,,pseudo_real_time,
early_carry,union,no_change,2024-03,0.0,-0.1,0.1,0.1,0.01,2024-02,2024-03-14T01:30:00+00:00,,pseudo_real_time,
early_carry,union,historical_mean,2024-03,0.0389380530973451,-0.1,0.1389380530973451,0.1389380530973451,0.0193037825984806,2024-02,2024-03-14T01:30:00+00:00,,pseudo_real_time,
early_carry,union,last_available_actual,2024-03,-0.2,-0.1,-0.1,0.1,0.01,2024-02,2024-03-14T01:30:00+00:00,,pseudo_real_time,
early_carry,union,no_change,2024-04,0.0,-0.2,0.2,0.2,0.04,2024-03,2024-04-14T01:30:00+00:00,,pseudo_real_time,
early_carry,union,historical_mean,2024-04,0.037719298245614,-0.2,0.237719298245614,0.237719298245614,0.0565104647583872,2024-03,2024-04-14T01:30:00+00:00,,pseudo_real_time,
early_carry,union,last_available_actual,2024-04,-0.1,-0.2,0.1,0.1,0.01,2024-03,2024-04-14T01:30:00+00:00,,pseudo_real_time,
early_carry,union,no_change,2024-05,0.0,0.2,-0.2,0.2,0.04,2024-04,2024-05-14T01:30:00+00:00,,pseudo_real_time,
early_carry,union,historical_mean,2024-05,0.0356521739130434,0.2,-0.1643478260869565,0.1643478260869565,0.0270102079395085,2024-04,2024-05-14T01:30:00+00:00,,pseudo_real_time,
early_carry,union,last_available_actual,2024-05,-0.2,0.2,-0.4,0.4,0.16,2024-04,2024-05-14T01:30:00+00:00,,pseudo_real_time,
early_carry,union,no_change,2024-06,0.0,0.1,-0.1,0.1,0.01,2024-05,2024-06-14T01:30:00+00:00,,pseudo_real_time,
early_carry,union,historical_mean,2024-06,0.0370689655172413,0.1,-0.0629310344827586,0.0629310344827586,0.0039603151010701,2024-05,2024-06-14T01:30:00+00:00,,pseudo_real_time,
early_carry,union,last_available_actual,2024-06,0.2,0.1,0.1,0.1,0.01,2024-05,2024-06-14T01:30:00+00:00,,pseudo_real_time,
early_carry,union,no_change,2024-07,0.0,-0.2,0.2,0.2,0.04,2024-06,2024-07-14T01:30:00+00:00,,pseudo_real_time,
early_carry,union,historical_mean,2024-07,0.0376068376068376,-0.2,0.2376068376068376,0.2376068376068376,0.0564570092775221,2024-06,2024-07-14T01:30:00+00:00,,pseudo_real_time,
early_carry,union,last_available_actual,2024-07,0.1,-0.2,0.3,0.3,0.09,2024-06,2024-07-14T01:30:00+00:00,,pseudo_real_time,
early_carry,union,no_change,2024-08,0.0,-0.7,0.7,0.7,0.4899999999999999,2024-07,2024-08-14T01:30:00+00:00,,pseudo_real_time,
early_carry,union,historical_mean,2024-08,0.035593220338983,-0.7,0.735593220338983,0.735593220338983,0.5410973858086756,2024-07,2024-08-14T01:30:00+00:00,,pseudo_real_time,
early_carry,union,last_available_actual,2024-08,-0.2,-0.7,0.4999999999999999,0.4999999999999999,0.2499999999999999,2024-07,2024-08-14T01:30:00+00:00,,pseudo_real_time,
early_carry,union,no_change,2024-09,0.0,-0.6,0.6,0.6,0.36,2024-08,2024-09-14T01:30:00+00:00,,pseudo_real_time,
early_carry,union,historical_mean,2024-09,0.0294117647058823,-0.6,0.6294117647058823,0.6294117647058823,0.396159169550173,2024-08,2024-09-14T01:30:00+00:00,,pseudo_real_time,
early_carry,union,last_available_actual,2024-09,-0.7,-0.6,-0.0999999999999999,0.0999999999999999,0.0099999999999999,2024-08,2024-09-14T01:30:00+00:00,,pseudo_real_time,
early_carry,union,no_change,2024-10,0.0,-0.1,0.1,0.1,0.01,2024-09,2024-10-14T01:30:00+00:00,,pseudo_real_time,
early_carry,union,historical_mean,2024-10,0.0241666666666666,-0.1,0.1241666666666666,0.1241666666666666,0.0154173611111111,2024-09,2024-10-14T01:30:00+00:00,,pseudo_real_time,
early_carry,union,last_available_actual,2024-10,-0.6,-0.1,-0.5,0.5,0.25,2024-09,2024-10-14T01:30:00+00:00,,pseudo_real_time,
early_carry,union,no_change,2024-11,0.0,-0.1,0.1,0.1,0.01,2024-10,2024-11-14T01:30:00+00:00,,pseudo_real_time,
early_carry,union,historical_mean,2024-11,0.0231404958677685,-0.1,0.1231404958677686,0.1231404958677686,0.0151635817225599,2024-10,2024-11-14T01:30:00+00:00,,pseudo_real_time,
early_carry,union,last_available_actual,2024-11,-0.1,-0.1,0.0,0.0,0.0,2024-10,2024-11-14T01:30:00+00:00,,pseudo_real_time,
early_carry,union,no_change,2024-12,0.0,-0.1,0.1,0.1,0.01,2024-11,2024-12-14T01:30:00+00:00,,pseudo_real_time,
early_carry,union,historical_mean,2024-12,0.0221311475409836,-0.1,0.1221311475409836,0.1221311475409836,0.0149160171996775,2024-11,2024-12-14T01:30:00+00:00,,pseudo_real_time,
early_carry,union,last_available_actual,2024-12,-0.1,-0.1,0.0,0.0,0.0,2024-11,2024-12-14T01:30:00+00:00,,pseudo_real_time,
early_carry,union,no_change,2025-01,0.0,-0.2,0.2,0.2,0.04,2024-12,2025-01-14T01:30:00+00:00,,pseudo_real_time,
early_carry,union,historical_mean,2025-01,0.0211382113821138,-0.2,0.2211382113821138,0.2211382113821138,0.0489021085332804,2024-12,2025-01-14T01:30:00+00:00,,pseudo_real_time,
early_carry,union,last_available_actual,2025-01,-0.1,-0.2,0.1,0.1,0.01,2024-12,2025-01-14T01:30:00+00:00,,pseudo_real_time,
early_carry,union,no_change,2025-03,0.0,-0.4,0.4,0.4,0.16,2025-01,2025-03-14T01:30:00+00:00,,pseudo_real_time,
early_carry,union,historical_mean,2025-03,0.0193548387096774,-0.4,0.4193548387096774,0.4193548387096774,0.1758584807492196,2025-01,2025-03-14T01:30:00+00:00,,pseudo_real_time,
early_carry,union,last_available_actual,2025-03,-0.2,-0.4,0.2,0.2,0.04,2025-01,2025-03-14T01:30:00+00:00,,pseudo_real_time,
early_carry,union,no_change,2025-04,0.0,-0.4,0.4,0.4,0.16,2025-03,2025-04-14T01:30:00+00:00,,pseudo_real_time,
early_carry,union,historical_mean,2025-04,0.0159999999999999,-0.4,0.416,0.416,0.173056,2025-03,2025-04-14T01:30:00+00:00,,pseudo_real_time,
early_carry,union,last_available_actual,2025-04,-0.4,-0.4,0.0,0.0,0.0,2025-03,2025-04-14T01:30:00+00:00,,pseudo_real_time,
early_carry,union,no_change,2025-05,0.0,-0.4,0.4,0.4,0.16,2025-04,2025-05-14T01:30:00+00:00,,pseudo_real_time,
early_carry,union,historical_mean,2025-05,0.0126984126984126,-0.4,0.4126984126984127,0.4126984126984127,0.1703199798437893,2025-04,2025-05-14T01:30:00+00:00,,pseudo_real_time,
early_carry,union,last_available_actual,2025-05,-0.4,-0.4,0.0,0.0,0.0,2025-04,2025-05-14T01:30:00+00:00,,pseudo_real_time,
early_carry,union,no_change,2025-06,0.0,-0.4,0.4,0.4,0.16,2025-05,2025-06-14T01:30:00+00:00,,pseudo_real_time,
early_carry,union,historical_mean,2025-06,0.0094488188976377,-0.4,0.4094488188976378,0.4094488188976378,0.1676483352966706,2025-05,2025-06-14T01:30:00+00:00,,pseudo_real_time,
early_carry,union,last_available_actual,2025-06,-0.4,-0.4,0.0,0.0,0.0,2025-05,2025-06-14T01:30:00+00:00,,pseudo_real_time,
early_carry,union,no_change,2025-07,0.0,-0.2,0.2,0.2,0.04,2025-06,2025-07-14T01:30:00+00:00,,pseudo_real_time,
early_carry,union,historical_mean,2025-07,0.0062499999999999,-0.2,0.20625,0.20625,0.0425390625,2025-06,2025-07-14T01:30:00+00:00,,pseudo_real_time,
early_carry,union,last_available_actual,2025-07,-0.4,-0.2,-0.2,0.2,0.04,2025-06,2025-07-14T01:30:00+00:00,,pseudo_real_time,
early_carry,union,no_change,2025-08,0.0,0.0,0.0,0.0,0.0,2025-07,2025-08-14T01:30:00+00:00,,pseudo_real_time,
early_carry,union,historical_mean,2025-08,0.0046511627906976,0.0,0.0046511627906976,0.0046511627906976,2.163331530557057e-05,2025-07,2025-08-14T01:30:00+00:00,,pseudo_real_time,
early_carry,union,last_available_actual,2025-08,-0.2,0.0,-0.2,0.2,0.04,2025-07,2025-08-14T01:30:00+00:00,,pseudo_real_time,
early_carry,union,no_change,2025-09,0.0,0.0,0.0,0.0,0.0,2025-08,2025-09-14T01:30:00+00:00,,pseudo_real_time,
early_carry,union,historical_mean,2025-09,0.0046153846153846,0.0,0.0046153846153846,0.0046153846153846,2.1301775147928983e-05,2025-08,2025-09-14T01:30:00+00:00,,pseudo_real_time,
early_carry,union,last_available_actual,2025-09,0.0,0.0,0.0,0.0,0.0,2025-08,2025-09-14T01:30:00+00:00,,pseudo_real_time,
early_carry,union,no_change,2025-12,0.0,0.2,-0.2,0.2,0.04,2025-09,2025-12-14T01:30:00+00:00,,pseudo_real_time,
early_carry,union,historical_mean,2025-12,0.0045801526717557,0.2,-0.1954198473282443,0.1954198473282443,0.0381889167297943,2025-09,2025-12-14T01:30:00+00:00,,pseudo_real_time,
early_carry,union,last_available_actual,2025-12,0.0,0.2,-0.2,0.2,0.04,2025-09,2025-12-14T01:30:00+00:00,,pseudo_real_time,
early_carry,union,no_change,2026-01,0.0,0.4,-0.4,0.4,0.16,2025-12,2026-01-14T01:30:00+00:00,,pseudo_real_time,
early_carry,union,historical_mean,2026-01,0.006060606060606,0.4,-0.393939393939394,0.393939393939394,0.155188246097337,2025-12,2026-01-14T01:30:00+00:00,,pseudo_real_time,
early_carry,union,last_available_actual,2026-01,0.2,0.4,-0.2,0.2,0.04,2025-12,2026-01-14T01:30:00+00:00,,pseudo_real_time,
early_carry,union,no_change,2026-02,0.0,0.4,-0.4,0.4,0.16,2026-01,2026-02-14T01:30:00+00:00,,pseudo_real_time,
early_carry,union,historical_mean,2026-02,0.0090225563909774,0.4,-0.3909774436090226,0.3909774436090226,0.1528633614110464,2026-01,2026-02-14T01:30:00+00:00,,pseudo_real_time,
early_carry,union,last_available_actual,2026-02,0.4,0.4,0.0,0.0,0.0,2026-01,2026-02-14T01:30:00+00:00,,pseudo_real_time,
early_carry,union,no_change,2026-03,0.0,1.0,-1.0,1.0,1.0,2026-02,2026-03-14T01:30:00+00:00,,pseudo_real_time,
early_carry,union,historical_mean,2026-03,0.0119402985074626,1.0,-0.9880597014925372,0.9880597014925372,0.976261973713522,2026-02,2026-03-14T01:30:00+00:00,,pseudo_real_time,
early_carry,union,last_available_actual,2026-03,0.4,1.0,-0.6,0.6,0.36,2026-02,2026-03-14T01:30:00+00:00,,pseudo_real_time,
early_carry,union,no_change,2026-04,0.0,1.7,-1.7,1.7,2.89,2026-03,2026-04-14T01:30:00+00:00,,pseudo_real_time,
early_carry,union,historical_mean,2026-04,0.0192592592592592,1.7,-1.6807407407407406,1.6807407407407406,2.8248894375857336,2026-03,2026-04-14T01:30:00+00:00,,pseudo_real_time,
early_carry,union,last_available_actual,2026-04,1.0,1.7,-0.7,0.7,0.4899999999999999,2026-03,2026-04-14T01:30:00+00:00,,pseudo_real_time,
early_carry,union,no_change,2026-05,0.0,0.5,-0.5,0.5,0.25,2026-04,2026-05-14T01:30:00+00:00,,pseudo_real_time,
early_carry,union,historical_mean,2026-05,0.0316176470588235,0.5,-0.4683823529411764,0.4683823529411764,0.2193820285467128,2026-04,2026-05-14T01:30:00+00:00,,pseudo_real_time,
early_carry,union,last_available_actual,2026-05,1.7,0.5,1.2,1.2,1.44,2026-04,2026-05-14T01:30:00+00:00,,pseudo_real_time,
early_carry,union,no_change,2026-06,0.0,-0.3,0.3,0.3,0.09,2026-05,2026-06-14T01:30:00+00:00,,pseudo_real_time,
early_carry,union,historical_mean,2026-06,0.0350364963503649,-0.3,0.3350364963503649,0.3350364963503649,0.112249453886728,2026-05,2026-06-14T01:30:00+00:00,,pseudo_real_time,
early_carry,union,last_available_actual,2026-06,0.5,-0.3,0.8,0.8,0.6400000000000001,2026-05,2026-06-14T01:30:00+00:00,,pseudo_real_time,
early_carry,union,no_change,2026-07,0.0,-0.7,0.7,0.7,0.4899999999999999,2026-06,2026-07-14T01:30:00+00:00,,pseudo_real_time,
early_carry,union,historical_mean,2026-07,0.0326086956521739,-0.7,0.7326086956521739,0.7326086956521739,0.5367155009451796,2026-06,2026-07-14T01:30:00+00:00,,pseudo_real_time,
early_carry,union,last_available_actual,2026-07,-0.3,-0.7,0.3999999999999999,0.3999999999999999,0.1599999999999999,2026-06,2026-07-14T01:30:00+00:00,,pseudo_real_time,
early_carry,union,no_change,2026-08,0.0,0.4,-0.4,0.4,0.16,2026-07,2026-08-14T01:30:00+00:00,,pseudo_real_time,
early_carry,union,historical_mean,2026-08,0.0273381294964028,0.4,-0.3726618705035971,0.3726618705035971,0.1388768697272398,2026-07,2026-08-14T01:30:00+00:00,,pseudo_real_time,
early_carry,union,last_available_actual,2026-08,-0.7,0.4,-1.1,1.1,1.2100000000000002,2026-07,2026-08-14T01:30:00+00:00,,pseudo_real_time,
twentieth,union,ridge,2016-04,0.03738186822818701,0.7,-0.662618131771813,0.662618131771813,0.43906278855276765,2016-03,2016-04-25T01:30:00+00:00,25.0,pseudo_real_time,2.0
twentieth,union,ridge,2016-05,0.11508268510693587,0.5,-0.38491731489306413,0.38491731489306413,0.1481613393044863,2016-04,2016-05-24T01:30:00+00:00,10.0,pseudo_real_time,2.0
twentieth,union,ridge,2016-06,-0.3563240868849675,-0.2,-0.15632408688496746,0.15632408688496746,0.024437220140418856,2016-05,2016-06-24T01:30:00+00:00,10.0,pseudo_real_time,2.0
twentieth,union,ridge,2016-07,-0.208602072288076,0.2,-0.408602072288076,0.408602072288076,0.1669556534781101,2016-06,2016-07-25T01:30:00+00:00,10.0,pseudo_real_time,2.0
twentieth,union,ridge,2016-08,0.3692916664353214,0.2,0.1692916664353214,0.1692916664353214,0.028659668324448124,2016-07,2016-08-24T01:30:00+00:00,10.0,pseudo_real_time,2.0
twentieth,union,ridge,2016-09,0.519773635512152,0.5,0.019773635512152055,0.019773635512152055,0.00039099666136744086,2016-08,2016-09-26T01:30:00+00:00,10.0,pseudo_real_time,2.0
twentieth,union,ridge,2016-10,0.7118809752640731,0.7,0.011880975264073168,0.011880975264073168,0.00014115757322551847,2016-09,2016-10-24T01:30:00+00:00,10.0,pseudo_real_time,2.0
twentieth,union,ridge,2016-11,1.1183218030322246,1.5,-0.3816781969677754,0.3816781969677754,0.14567824604057195,2016-10,2016-11-24T01:30:00+00:00,10.0,pseudo_real_time,2.0
twentieth,union,ridge,2016-12,0.8317511382649774,1.6,-0.7682488617350227,0.7682488617350227,0.590206313557158,2016-11,2016-12-26T01:30:00+00:00,10.0,pseudo_real_time,2.0
twentieth,union,ridge,2017-01,0.08800519527764454,0.8,-0.7119948047223555,0.7119948047223555,0.5069366019516252,2016-12,2017-01-24T01:30:00+00:00,10.0,pseudo_real_time,2.0
twentieth,union,ridge,2017-02,0.4878225269105144,0.6,-0.11217747308948556,0.11217747308948556,0.012583785468742257,2017-01,2017-02-24T01:30:00+00:00,10.0,pseudo_real_time,2.0
twentieth,union,ridge,2017-03,0.16850572551673293,0.3,-0.13149427448326706,0.13149427448326706,0.017290744221880778,2017-02,2017-03-24T01:30:00+00:00,10.0,pseudo_real_time,2.0
twentieth,union,ridge,2017-04,-0.46404334755369264,-0.4,-0.06404334755369262,0.06404334755369262,0.004101550365883067,2017-03,2017-04-24T01:30:00+00:00,10.0,pseudo_real_time,2.0
twentieth,union,ridge,2017-05,-0.10334885591022522,-0.3,0.19665114408977477,0.19665114408977477,0.03867167247181736,2017-04,2017-05-24T01:30:00+00:00,10.0,pseudo_real_time,2.0
twentieth,union,ridge,2017-06,-0.37695904036164973,-0.2,-0.17695904036164972,0.17695904036164972,0.031314501965715974,2017-05,2017-06-26T01:30:00+00:00,10.0,pseudo_real_time,2.0
twentieth,union,ridge,2017-07,0.03939914761616793,0.2,-0.1606008523838321,0.1606008523838321,0.025792633786413426,2017-06,2017-07-24T01:30:00+00:00,10.0,pseudo_real_time,2.0
twentieth,union,ridge,2017-08,0.7504417650181161,0.9,-0.14955823498188392,0.14955823498188392,0.022367665650896408,2017-07,2017-08-24T01:30:00+00:00,10.0,pseudo_real_time,2.0
twentieth,union,ridge,2017-09,1.1755946420055428,1.0,0.17559464200554276,0.17559464200554276,0.03083347830105472,2017-08,2017-09-25T01:30:00+00:00,10.0,pseudo_real_time,2.0
twentieth,union,ridge,2017-10,0.2824731846292007,0.7,-0.4175268153707993,0.4175268153707993,0.1743286415536815,2017-09,2017-10-24T01:30:00+00:00,10.0,pseudo_real_time,2.0
twentieth,union,ridge,2017-11,-0.034924661567221786,0.5,-0.5349246615672217,0.5349246615672217,0.2861443935528067,2017-10,2017-11-24T01:30:00+00:00,10.0,pseudo_real_time,12.0
twentieth,union,ridge,2017-12,0.6156687923757591,0.8,-0.18433120762424093,0.18433120762424093,0.03397799410421102,2017-11,2017-12-25T01:30:00+00:00,10.0,pseudo_real_time,2.0
twentieth,union,ridge,2018-01,-0.09358382377902036,0.3,-0.39358382377902035,0.39358382377902035,0.15490822634051493,2017-12,2018-01-24T01:30:00+00:00,10.0,pseudo_real_time,12.0
twentieth,union,ridge,2018-04,-0.09551488568535628,-0.2,0.10448511431464373,0.10448511431464373,0.010917139113344168,2018-01,2018-04-24T01:30:00+00:00,10.0,pseudo_real_time,12.0
twentieth,union,ridge,2018-05,0.09146375607423059,0.4,-0.30853624392576945,0.30853624392576945,0.09519461381582191,2018-04,2018-05-24T01:30:00+00:00,10.0,pseudo_real_time,12.0
twentieth,union,ridge,2018-06,0.06539625029029161,0.3,-0.23460374970970838,0.23460374970970838,0.055038919377855496,2018-05,2018-06-25T01:30:00+00:00,10.0,pseudo_real_time,2.0
twentieth,union,ridge,2018-07,-0.0043098076133790755,0.1,-0.10430980761337907,0.10430980761337907,0.010880535964340155,2018-06,2018-07-24T01:30:00+00:00,10.0,pseudo_real_time,12.0
twentieth,union,ridge,2018-08,0.42345259382878675,0.4,0.023452593828786727,0.023452593828786727,0.0005500241572980453,2018-07,2018-08-24T01:30:00+00:00,10.0,pseudo_real_time,2.0
twentieth,union,ridge,2018-09,0.4493384873479396,0.6,-0.1506615126520604,0.1506615126520604,0.022698891394606957,2018-08,2018-09-25T01:30:00+00:00,10.0,pseudo_real_time,2.0
twentieth,union,ridge,2018-10,0.2069652030455097,0.4,-0.19303479695449033,0.19303479695449033,0.03726243283526131,2018-09,2018-10-24T01:30:00+00:00,10.0,pseudo_real_time,2.0
twentieth,union,ridge,2018-11,-0.7318398818189583,-0.2,-0.5318398818189582,0.5318398818189582,0.2828536598932035,2018-10,2018-11-26T01:30:00+00:00,10.0,pseudo_real_time,2.0
twentieth,union,ridge,2018-12,-0.80836025476361,-1.0,0.19163974523639005,0.19163974523639005,0.036725791954268484,2018-11,2018-12-24T01:30:00+00:00,10.0,pseudo_real_time,2.0
twentieth,union,ridge,2019-01,-0.6425529843660457,-0.6,-0.04255298436604571,0.04255298436604571,0.0018107564784569305,2018-12,2019-01-24T01:30:00+00:00,10.0,pseudo_real_time,2.0
twentieth,union,ridge,2019-02,0.017313719782167843,-0.1,0.11731371978216784,0.11731371978216784,0.013762508849128998,2019-01,2019-02-25T01:30:00+00:00,10.0,pseudo_real_time,2.0
twentieth,union,ridge,2019-03,0.24565529518624152,0.1,0.1456552951862415,0.1456552951862415,0.02121546501579115,2019-02,2019-03-25T01:30:00+00:00,10.0,pseudo_real_time,2.0
twentieth,union,ridge,2019-04,0.07391792136492116,0.3,-0.22608207863507884,0.22608207863507884,0.05111310627995797,2019-03,2019-04-24T01:30:00+00:00,10.0,pseudo_real_time,2.0
twentieth,union,ridge,2019-07,-0.06343175925799334,-0.2,0.13656824074200669,0.13656824074200669,0.018650884379366694,2019-04,2019-07-24T01:30:00+00:00,10.0,pseudo_real_time,2.0
twentieth,union,ridge,2019-08,-0.3387860217774183,-0.1,-0.23878602177741828,0.23878602177741828,0.05701876419628568,2019-07,2019-08-26T01:30:00+00:00,10.0,pseudo_real_time,2.0
twentieth,union,ridge,2019-09,-0.25729641162898426,0.1,-0.3572964116289843,0.3572964116289843,0.12766072576294857,2019-08,2019-09-24T01:30:00+00:00,10.0,pseudo_real_time,2.0
twentieth,union,ridge,2019-10,-0.09066612655351704,0.1,-0.19066612655351706,0.19066612655351706,0.036353571814921784,2019-09,2019-10-24T01:30:00+00:00,10.0,pseudo_real_time,2.0
twentieth,union,ridge,2019-11,-0.17231555581626426,-0.1,-0.07231555581626425,0.07231555581626425,0.005229539613015231,2019-10,2019-11-25T01:30:00+00:00,10.0,pseudo_real_time,2.0
twentieth,union,ridge,2019-12,-0.020991621632976923,0.0,-0.020991621632976923,0.020991621632976923,0.00044064817878206475,2019-11,2019-12-24T01:30:00+00:00,10.0,pseudo_real_time,2.0
twentieth,union,ridge,2020-01,-0.023796640844895203,0.0,-0.023796640844895203,0.023796640844895203,0.0005662801155009347,2019-12,2020-01-23T01:30:00+00:00,10.0,pseudo_real_time,2.0
twentieth,union,ridge,2020-02,-0.2980435245988363,-0.5,0.20195647540116368,0.20195647540116368,0.04078641795646083,2020-01,2020-02-24T01:30:00+00:00,10.0,pseudo_real_time,12.0
twentieth,union,ridge,2020-03,-0.3042312178929765,-1.0,0.6957687821070235,0.6957687821070235,0.4840941981546908,2020-02,2020-03-24T01:30:00+00:00,10.0,pseudo_real_time,12.0
twentieth,union,ridge,2020-04,-0.4670916151194059,-1.3,0.8329083848805942,0.8329083848805942,0.6937363776044,2020-03,2020-04-24T01:30:00+00:00,10.0,pseudo_real_time,12.0
twentieth,union,ridge,2020-05,-0.4606459193353371,-0.4,-0.060645919335337084,0.060645919335337084,0.0036779275320282124,2020-04,2020-05-25T01:30:00+00:00,10.0,pseudo_real_time,12.0
twentieth,union,ridge,2020-06,0.12789414992726256,0.4,-0.27210585007273747,0.27210585007273747,0.07404159364380708,2020-05,2020-06-24T01:30:00+00:00,10.0,pseudo_real_time,2.0
twentieth,union,ridge,2020-07,0.3321097539918582,0.4,-0.06789024600814181,0.06789024600814181,0.004609085503046014,2020-06,2020-07-24T01:30:00+00:00,10.0,pseudo_real_time,12.0
twentieth,union,ridge,2020-08,0.6683217771540357,0.3,0.36832177715403575,0.36832177715403575,0.13566093152590716,2020-07,2020-08-24T01:30:00+00:00,10.0,pseudo_real_time,2.0
twentieth,union,ridge,2020-09,0.40186046156034805,0.1,0.30186046156034807,0.30186046156034807,0.09111973825342637,2020-08,2020-09-24T01:30:00+00:00,10.0,pseudo_real_time,12.0
twentieth,union,ridge,2020-10,0.5383438153452333,0.0,0.5383438153452333,0.5383438153452333,0.2898140635204627,2020-09,2020-10-26T01:30:00+00:00,10.0,pseudo_real_time,2.0
twentieth,union,ridge,2020-11,0.7565669764773312,0.5,0.2565669764773312,0.2565669764773312,0.06582661341871941,2020-10,2020-11-24T01:30:00+00:00,10.0,pseudo_real_time,2.0
twentieth,union,ridge,2020-12,1.5971370748297047,1.1,0.4971370748297046,0.4971370748297046,0.2471452711702353,2020-11,2020-12-24T01:30:00+00:00,10.0,pseudo_real_time,2.0
twentieth,union,ridge,2021-01,0.7782605230731284,1.0,-0.22173947692687157,0.22173947692687157,0.04916839562780261,2020-12,2021-01-25T01:30:00+00:00,10.0,pseudo_real_time,12.0
twentieth,union,ridge,2021-04,0.696308791629526,0.9,-0.20369120837047405,0.20369120837047405,0.04149010836742388,2021-01,2021-04-25T01:30:00+00:00,10.0,pseudo_real_time,2.0
twentieth,union,ridge,2021-05,1.3170089645095953,1.6,-0.28299103549040483,0.28299103549040483,0.08008392616793157,2021-04,2021-05-24T01:30:00+00:00,10.0,pseudo_real_time,2.0
twentieth,union,ridge,2021-06,-0.504428482604649,0.3,-0.804428482604649,0.804428482604649,0.6471051836256182,2021-05,2021-06-24T01:30:00+00:00,10.0,pseudo_real_time,2.0
twentieth,union,ridge,2021-07,0.5806182233888165,0.5,0.08061822338881652,0.08061822338881652,0.006499297942369124,2021-06,2021-07-26T01:30:00+00:00,10.0,pseudo_real_time,12.0
twentieth,union,ridge,2021-08,0.49883748779130105,0.7,-0.2011625122086989,0.2011625122086989,0.04046635631811494,2021-07,2021-08-24T01:30:00+00:00,10.0,pseudo_real_time,2.0
twentieth,union,ridge,2021-09,0.9079841082303332,1.2,-0.2920158917696668,0.2920158917696668,0.08527328104603375,2021-08,2021-09-24T01:30:00+00:00,10.0,pseudo_real_time,2.0
twentieth,union,ridge,2021-10,1.8917887270902312,2.5,-0.6082112729097688,0.6082112729097688,0.36992095249452134,2021-09,2021-10-25T01:30:00+00:00,10.0,pseudo_real_time,2.0
twentieth,union,ridge,2021-11,-1.320796213671445,0.0,-1.320796213671445,1.320796213671445,1.7445026380488255,2021-10,2021-11-24T01:30:00+00:00,10.0,pseudo_real_time,2.0
twentieth,union,ridge,2021-12,-0.9542469849139712,-1.2,0.24575301508602876,0.24575301508602876,0.06039454442387388,2021-11,2021-12-24T01:30:00+00:00,10.0,pseudo_real_time,12.0
twentieth,union,ridge,2022-01,-0.022534129152142424,-0.2,0.1774658708478576,0.1774658708478576,0.03149413531578847,2021-12,2022-01-24T01:30:00+00:00,10.0,pseudo_real_time,2.0
twentieth,union,ridge,2022-02,0.41726706764180443,0.5,-0.08273293235819557,0.08273293235819557,0.006844738096585763,2022-01,2022-02-24T01:30:00+00:00,10.0,pseudo_real_time,2.0
twentieth,union,ridge,2022-03,0.919452627548914,1.1,-0.1805473724510861,0.1805473724510861,0.0325973536989912,2022-02,2022-03-24T01:30:00+00:00,10.0,pseudo_real_time,2.0
twentieth,union,ridge,2022-04,0.08665961021025997,0.6,-0.51334038978974,0.51334038978974,0.26351835578948213,2022-03,2022-04-24T01:30:00+00:00,10.0,pseudo_real_time,12.0
twentieth,union,ridge,2022-05,0.1145357029068071,0.1,0.0145357029068071,0.0145357029068071,0.00021128665899496036,2022-04,2022-05-24T01:30:00+00:00,10.0,pseudo_real_time,2.0
twentieth,union,ridge,2022-06,-0.09312276015653026,0.0,-0.09312276015653026,0.09312276015653026,0.00867184845917066,2022-05,2022-06-24T01:30:00+00:00,10.0,pseudo_real_time,2.0
twentieth,union,ridge,2022-07,-1.3931401542246449,-1.3,-0.09314015422464483,0.09314015422464483,0.008675088328990626,2022-06,2022-07-24T01:30:00+00:00,10.0,pseudo_real_time,12.0
twentieth,union,ridge,2022-08,-0.5245430842005703,-1.2,0.6754569157994297,0.6754569157994297,0.45624204510127786,2022-07,2022-08-24T01:30:00+00:00,10.0,pseudo_real_time,12.0
twentieth,union,ridge,2022-09,-0.3030866060719191,-0.1,-0.2030866060719191,0.2030866060719191,0.041244169565810854,2022-08,2022-09-24T01:30:00+00:00,10.0,pseudo_real_time,12.0
twentieth,union,ridge,2022-10,0.10018091726380293,0.2,-0.09981908273619708,0.09981908273619708,0.009963849278295758,2022-09,2022-10-24T01:30:00+00:00,10.0,pseudo_real_time,12.0
twentieth,union,ridge,2022-11,-0.7987997067278753,0.1,-0.8987997067278752,0.8987997067278752,0.8078409128141145,2022-10,2022-11-24T01:30:00+00:00,10.0,pseudo_real_time,12.0
twentieth,union,ridge,2022-12,-0.5485351602637965,-0.5,-0.04853516026379645,0.04853516026379645,0.002355661781832406,2022-11,2022-12-24T01:30:00+00:00,10.0,pseudo_real_time,12.0
twentieth,union,ridge,2023-01,-0.5463806867436891,-0.4,-0.1463806867436891,0.1463806867436891,0.021427305451554034,2022-12,2023-01-24T01:30:00+00:00,10.0,pseudo_real_time,12.0
twentieth,union,ridge,2023-02,-0.002000528153169659,0.0,-0.002000528153169659,0.002000528153169659,4.002112891624406e-06,2023-01,2023-02-24T01:30:00+00:00,10.0,pseudo_real_time,12.0
twentieth,union,ridge,2023-03,0.1294327633463672,0.0,0.1294327633463672,0.1294327633463672,0.016752840227476695,2023-02,2023-03-24T01:30:00+00:00,10.0,pseudo_real_time,12.0
twentieth,union,ridge,2023-04,-0.403071873387886,-0.5,0.09692812661211397,0.09692812661211397,0.009395061728533997,2023-03,2023-04-24T01:30:00+00:00,25.0,pseudo_real_time,12.0
twentieth,union,ridge,2023-05,-1.1566570296175984,-0.9,-0.2566570296175984,0.2566570296175984,0.06587283085212878,2023-04,2023-05-24T01:30:00+00:00,25.0,pseudo_real_time,2.0
twentieth,union,ridge,2023-06,-0.6053773994450155,-0.8,0.1946226005549846,0.1946226005549846,0.03787795664678509,2023-05,2023-06-24T01:30:00+00:00,25.0,pseudo_real_time,12.0
twentieth,union,ridge,2023-07,0.05053333207698957,-0.2,0.2505333320769896,0.2505333320769896,0.06276695048159914,2023-06,2023-07-24T01:30:00+00:00,10.0,pseudo_real_time,24.0
twentieth,union,ridge,2023-08,0.5455578695985439,0.2,0.3455578695985439,0.3455578695985439,0.11941024124148426,2023-07,2023-08-24T01:30:00+00:00,10.0,pseudo_real_time,24.0
twentieth,union,ridge,2023-09,0.3613684006999535,0.4,-0.038631599300046504,0.038631599300046504,0.0014924004644793535,2023-08,2023-09-24T01:30:00+00:00,10.0,pseudo_real_time,2.0
twentieth,union,ridge,2023-10,-0.03845286757167262,0.0,-0.03845286757167262,0.03845286757167262,0.0014786230244845917,2023-09,2023-10-24T01:30:00+00:00,10.0,pseudo_real_time,12.0
twentieth,union,ridge,2023-11,-0.022036588870617962,-0.3,0.27796341112938205,0.27796341112938205,0.07726365792668187,2023-10,2023-11-24T01:30:00+00:00,10.0,pseudo_real_time,12.0
twentieth,union,ridge,2023-12,-0.019159863983034542,-0.3,0.28084013601696545,0.28084013601696545,0.07887118199802766,2023-11,2023-12-24T01:30:00+00:00,10.0,pseudo_real_time,2.0
twentieth,union,ridge,2024-01,-0.40803164077931786,-0.2,-0.20803164077931785,0.20803164077931785,0.04327716356533514,2023-12,2024-01-24T01:30:00+00:00,10.0,pseudo_real_time,24.0
twentieth,union,ridge,2024-04,0.2732173060349005,-0.2,0.47321730603490053,0.47321730603490053,0.2239346187309287,2024-01,2024-04-24T01:30:00+00:00,10.0,pseudo_real_time,24.0
twentieth,union,ridge,2024-05,-0.12188754979792955,0.2,-0.32188754979792955,0.32188754979792955,0.10361159471491457,2024-04,2024-05-24T01:30:00+00:00,10.0,pseudo_real_time,24.0
twentieth,union,ridge,2024-06,0.34259550558509255,0.1,0.24259550558509255,0.24259550558509255,0.05885257933008667,2024-05,2024-06-24T01:30:00+00:00,10.0,pseudo_real_time,2.0
twentieth,union,ridge,2024-07,0.011882088333845145,-0.2,0.21188208833384514,0.21188208833384514,0.044894019356711355,2024-06,2024-07-24T01:30:00+00:00,10.0,pseudo_real_time,2.0
twentieth,union,ridge,2024-08,-0.5472644367291429,-0.7,0.15273556327085702,0.15273556327085702,0.02332815228766597,2024-07,2024-08-24T01:30:00+00:00,10.0,pseudo_real_time,2.0
twentieth,union,ridge,2024-09,-0.1535189844753759,-0.6,0.44648101552462405,0.44648101552462405,0.19934529722389957,2024-08,2024-09-24T01:30:00+00:00,10.0,pseudo_real_time,2.0
twentieth,union,ridge,2024-10,0.46355263302240934,-0.1,0.5635526330224093,0.5635526330224093,0.31759157018649037,2024-09,2024-10-24T01:30:00+00:00,10.0,pseudo_real_time,2.0
twentieth,union,ridge,2024-11,0.04036307455169408,-0.1,0.14036307455169408,0.14036307455169408,0.019701792697604432,2024-10,2024-11-24T01:30:00+00:00,25.0,pseudo_real_time,12.0
twentieth,union,ridge,2024-12,0.2693920958694211,-0.1,0.3693920958694211,0.3693920958694211,0.1364505204908036,2024-11,2024-12-24T01:30:00+00:00,10.0,pseudo_real_time,2.0
twentieth,union,ridge,2025-01,-0.06335788875877564,-0.2,0.13664211124122438,0.13664211124122438,0.01867106656445914,2024-12,2025-01-24T01:30:00+00:00,25.0,pseudo_real_time,12.0
twentieth,union,ridge,2025-02,0.008126491898177126,-0.1,0.10812649189817714,0.10812649189817714,0.011691338250206566,2025-01,2025-02-24T01:30:00+00:00,10.0,pseudo_real_time,2.0
twentieth,union,ridge,2025-03,0.5295919527822673,-0.4,0.9295919527822674,0.9295919527822674,0.8641411986775492,2025-02,2025-03-24T01:30:00+00:00,10.0,pseudo_real_time,2.0
twentieth,union,ridge,2025-04,-0.43273208574009897,-0.4,-0.03273208574009895,0.03273208574009895,0.0010713894368971888,2025-03,2025-04-24T01:30:00+00:00,10.0,pseudo_real_time,2.0
twentieth,union,ridge,2025-05,-0.5616409131156817,-0.4,-0.16164091311568163,0.16164091311568163,0.026127784792871336,2025-04,2025-05-24T01:30:00+00:00,10.0,pseudo_real_time,2.0
twentieth,union,ridge,2025-06,-0.19293843105849573,-0.4,0.2070615689415043,0.2070615689415043,0.04287449333251733,2025-05,2025-06-24T01:30:00+00:00,10.0,pseudo_real_time,2.0
twentieth,union,ridge,2025-07,0.030692007994574097,-0.2,0.23069200799457412,0.23069200799457412,0.05321880255256865,2025-06,2025-07-24T01:30:00+00:00,25.0,pseudo_real_time,12.0
twentieth,union,ridge,2025-08,0.20836060947031831,0.0,0.20836060947031831,0.20836060947031831,0.043414143578842504,2025-07,2025-08-24T01:30:00+00:00,25.0,pseudo_real_time,12.0
twentieth,union,ridge,2025-09,-0.13259807700463383,0.0,-0.13259807700463383,0.13259807700463383,0.017582250025326804,2025-08,2025-09-24T01:30:00+00:00,10.0,pseudo_real_time,12.0
twentieth,union,ridge,2025-10,0.04596107915597211,0.1,-0.05403892084402789,0.05403892084402789,0.0029202049659871124,2025-09,2025-10-24T01:30:00+00:00,25.0,pseudo_real_time,12.0
twentieth,union,ridge,2025-11,0.40038186805002757,0.1,0.30038186805002753,0.30038186805002753,0.09022926665322416,2025-10,2025-11-24T01:30:00+00:00,25.0,pseudo_real_time,12.0
twentieth,union,ridge,2025-12,0.3201866801106755,0.2,0.12018668011067551,0.12018668011067551,0.014444838076025845,2025-11,2025-12-24T01:30:00+00:00,10.0,pseudo_real_time,12.0
twentieth,union,ridge,2026-01,-0.1947679009619771,0.4,-0.5947679009619771,0.5947679009619771,0.3537488560147162,2025-12,2026-01-24T01:30:00+00:00,25.0,pseudo_real_time,2.0
twentieth,union,ridge,2026-04,0.7784007713689949,1.7,-0.9215992286310051,0.9215992286310051,0.8493451382132635,2026-01,2026-04-24T01:30:00+00:00,25.0,pseudo_real_time,2.0
twentieth,union,ridge,2026-05,-0.22944715665917453,0.5,-0.7294471566591745,0.7294471566591745,0.5320931543581542,2026-04,2026-05-24T01:30:00+00:00,25.0,pseudo_real_time,2.0
twentieth,union,ridge,2026-06,-0.31303634428393584,-0.3,-0.013036344283935852,0.013036344283935852,0.00016994627228930696,2026-05,2026-06-24T01:30:00+00:00,25.0,pseudo_real_time,2.0
twentieth,union,ridge,2026-07,-0.30421567330156996,-0.7,0.39578432669843,0.39578432669843,0.15664523326012958,2026-06,2026-07-24T01:30:00+00:00,25.0,pseudo_real_time,2.0
twentieth,union,ridge,2026-08,0.3192705277650537,0.4,-0.08072947223494631,0.08072947223494631,0.006517247687332967,2026-07,2026-08-24T01:30:00+00:00,25.0,pseudo_real_time,2.0
twentieth,stable,ridge,2016-04,0.03582441504916051,0.7,-0.6641755849508395,0.6641755849508395,0.4411292076447898,2016-03,2016-04-25T01:30:00+00:00,25.0,pseudo_real_time,2.0
twentieth,stable,ridge,2016-05,0.12167920706931717,0.5,-0.3783207929306828,0.3783207929306828,0.14312662236370058,2016-04,2016-05-24T01:30:00+00:00,10.0,pseudo_real_time,2.0
twentieth,stable,ridge,2016-06,-0.3256698455082242,-0.2,-0.1256698455082242,0.1256698455082242,0.015792910070060937,2016-05,2016-06-24T01:30:00+00:00,10.0,pseudo_real_time,2.0
twentieth,stable,ridge,2016-07,-0.1922742449608718,0.2,-0.3922742449608718,0.3922742449608718,0.15387908325962207,2016-06,2016-07-25T01:30:00+00:00,10.0,pseudo_real_time,2.0
twentieth,stable,ridge,2016-08,0.3323128768626845,0.2,0.1323128768626845,0.1323128768626845,0.017506697383679912,2016-07,2016-08-24T01:30:00+00:00,10.0,pseudo_real_time,2.0
twentieth,stable,ridge,2016-09,0.5079059040285353,0.5,0.007905904028535304,0.007905904028535304,6.250331850841076e-05,2016-08,2016-09-26T01:30:00+00:00,10.0,pseudo_real_time,2.0
twentieth,stable,ridge,2016-10,0.6949488091638074,0.7,-0.005051190836192543,0.005051190836192543,2.551452886363552e-05,2016-09,2016-10-24T01:30:00+00:00,10.0,pseudo_real_time,2.0
twentieth,stable,ridge,2016-11,1.0793503079595672,1.5,-0.4206496920404328,0.4206496920404328,0.17694616341371094,2016-10,2016-11-24T01:30:00+00:00,10.0,pseudo_real_time,2.0
twentieth,stable,ridge,2016-12,0.795652399516608,1.6,-0.804347600483392,0.804347600483392,0.6469750624033904,2016-11,2016-12-26T01:30:00+00:00,10.0,pseudo_real_time,2.0
twentieth,stable,ridge,2017-01,0.025654283496102465,0.8,-0.7743457165038976,0.7743457165038976,0.5996112886679346,2016-12,2017-01-24T01:30:00+00:00,10.0,pseudo_real_time,2.0
twentieth,stable,ridge,2017-02,0.5019361067288225,0.6,-0.09806389327117748,0.09806389327117748,0.009616527163500888,2017-01,2017-02-24T01:30:00+00:00,10.0,pseudo_real_time,2.0
twentieth,stable,ridge,2017-03,0.004388049555953143,0.3,-0.29561195044404687,0.29561195044404687,0.08738642524533362,2017-02,2017-03-24T01:30:00+00:00,10.0,pseudo_real_time,2.0
twentieth,stable,ridge,2017-04,-0.5216181654827473,-0.4,-0.12161816548274729,0.12161816548274729,0.014790978175388903,2017-03,2017-04-24T01:30:00+00:00,10.0,pseudo_real_time,2.0
twentieth,stable,ridge,2017-05,-0.21864923516894902,-0.3,0.08135076483105097,0.08135076483105097,0.006617946938596959,2017-04,2017-05-24T01:30:00+00:00,10.0,pseudo_real_time,2.0
twentieth,stable,ridge,2017-06,-0.34763341916015433,-0.2,-0.14763341916015432,0.14763341916015432,0.02179562645291782,2017-05,2017-06-26T01:30:00+00:00,10.0,pseudo_real_time,2.0
twentieth,stable,ridge,2017-07,0.11594846255999589,0.2,-0.08405153744000413,0.08405153744000413,0.007064660946028416,2017-06,2017-07-24T01:30:00+00:00,10.0,pseudo_real_time,2.0
twentieth,stable,ridge,2017-08,0.6855042562292647,0.9,-0.21449574377073533,0.21449574377073533,0.04600842409576094,2017-07,2017-08-24T01:30:00+00:00,10.0,pseudo_real_time,2.0
twentieth,stable,ridge,2017-09,1.244990903286585,1.0,0.2449909032865849,0.2449909032865849,0.0600205426931768,2017-08,2017-09-25T01:30:00+00:00,10.0,pseudo_real_time,2.0
twentieth,stable,ridge,2017-10,0.23733843857384082,0.7,-0.4626615614261591,0.4626615614261591,0.2140557204212916,2017-09,2017-10-24T01:30:00+00:00,10.0,pseudo_real_time,2.0
twentieth,stable,ridge,2017-11,0.04978417453515268,0.5,-0.45021582546484734,0.45021582546484734,0.20269428949899387,2017-10,2017-11-24T01:30:00+00:00,10.0,pseudo_real_time,2.0
twentieth,stable,ridge,2017-12,0.7693395259883782,0.8,-0.030660474011621863,0.030660474011621863,0.0009400646666173397,2017-11,2017-12-25T01:30:00+00:00,10.0,pseudo_real_time,2.0
twentieth,stable,ridge,2018-01,-0.1415623943412992,0.3,-0.4415623943412992,0.4415623943412992,0.194977348096421,2017-12,2018-01-24T01:30:00+00:00,10.0,pseudo_real_time,2.0
twentieth,stable,ridge,2018-04,-0.03734587978561075,-0.2,0.16265412021438927,0.16265412021438927,0.026456362822716996,2018-01,2018-04-24T01:30:00+00:00,10.0,pseudo_real_time,2.0
twentieth,stable,ridge,2018-05,0.047476886124780036,0.4,-0.35252311387522,0.35252311387522,0.12427254581628133,2018-04,2018-05-24T01:30:00+00:00,10.0,pseudo_real_time,2.0
twentieth,stable,ridge,2018-06,0.0732240550247299,0.3,-0.2267759449752701,0.2267759449752701,0.05142732921942673,2018-05,2018-06-25T01:30:00+00:00,10.0,pseudo_real_time,2.0
twentieth,stable,ridge,2018-07,-0.07288589092020223,0.1,-0.17288589092020223,0.17288589092020223,0.029889531279272064,2018-06,2018-07-24T01:30:00+00:00,10.0,pseudo_real_time,2.0
twentieth,stable,ridge,2018-08,0.2966928752500253,0.4,-0.10330712474997472,0.10330712474997472,0.01067236202410684,2018-07,2018-08-24T01:30:00+00:00,10.0,pseudo_real_time,2.0
twentieth,stable,ridge,2018-09,0.4567711246258415,0.6,-0.14322887537415846,0.14322887537415846,0.020514510740946217,2018-08,2018-09-25T01:30:00+00:00,10.0,pseudo_real_time,2.0
twentieth,stable,ridge,2018-10,0.312127310145042,0.4,-0.087872689854958,0.087872689854958,0.0077216096223456385,2018-09,2018-10-24T01:30:00+00:00,10.0,pseudo_real_time,2.0
twentieth,stable,ridge,2018-11,-0.4790198739799427,-0.2,-0.2790198739799427,0.2790198739799427,0.07785209007578311,2018-10,2018-11-26T01:30:00+00:00,10.0,pseudo_real_time,2.0
twentieth,stable,ridge,2018-12,-0.7532599104644387,-1.0,0.24674008953556126,0.24674008953556126,0.060880671784016786,2018-11,2018-12-24T01:30:00+00:00,10.0,pseudo_real_time,2.0
twentieth,stable,ridge,2019-01,-0.6920919937977871,-0.6,-0.0920919937977871,0.0920919937977871,0.008480935321651657,2018-12,2019-01-24T01:30:00+00:00,10.0,pseudo_real_time,2.0
twentieth,stable,ridge,2019-02,0.05780704816735474,-0.1,0.15780704816735475,0.15780704816735475,0.02490306445129382,2019-01,2019-02-25T01:30:00+00:00,10.0,pseudo_real_time,2.0
twentieth,stable,ridge,2019-03,0.142388673781681,0.1,0.042388673781680986,0.042388673781680986,0.0017967996649697689,2019-02,2019-03-25T01:30:00+00:00,10.0,pseudo_real_time,2.0
twentieth,stable,ridge,2019-04,-0.016090845896488036,0.3,-0.316090845896488,0.316090845896488,0.09991342285955733,2019-03,2019-04-24T01:30:00+00:00,10.0,pseudo_real_time,2.0
twentieth,stable,ridge,2019-07,-0.07413199704353389,-0.2,0.1258680029564661,0.1258680029564661,0.01584275416824896,2019-04,2019-07-24T01:30:00+00:00,10.0,pseudo_real_time,2.0
twentieth,stable,ridge,2019-08,-0.32148854859125886,-0.1,-0.22148854859125885,0.22148854859125885,0.04905717715706243,2019-07,2019-08-26T01:30:00+00:00,25.0,pseudo_real_time,2.0
twentieth,stable,ridge,2019-09,0.01603616755737113,0.1,-0.08396383244262888,0.08396383244262888,0.007049925158453858,2019-08,2019-09-24T01:30:00+00:00,10.0,pseudo_real_time,2.0
twentieth,stable,ridge,2019-10,-0.007344213470701126,0.1,-0.10734421347070114,0.10734421347070114,0.011522780165643455,2019-09,2019-10-24T01:30:00+00:00,10.0,pseudo_real_time,2.0
twentieth,stable,ridge,2019-11,-0.23820878949833565,-0.1,-0.13820878949833565,0.13820878949833565,0.019101669494595255,2019-10,2019-11-25T01:30:00+00:00,10.0,pseudo_real_time,2.0
twentieth,stable,ridge,2019-12,-0.0035876724878943916,0.0,-0.0035876724878943916,0.0035876724878943916,1.2871393880394334e-05,2019-11,2019-12-24T01:30:00+00:00,10.0,pseudo_real_time,2.0
twentieth,stable,ridge,2020-01,-0.13250086376705394,0.0,-0.13250086376705394,0.13250086376705394,0.01755647889901539,2019-12,2020-01-23T01:30:00+00:00,10.0,pseudo_real_time,2.0
twentieth,stable,ridge,2020-02,-0.31323775369677803,-0.5,0.18676224630322197,0.18676224630322197,0.034880136644225346,2020-01,2020-02-24T01:30:00+00:00,10.0,pseudo_real_time,2.0
twentieth,stable,ridge,2020-03,-0.4451255174757905,-1.0,0.5548744825242096,0.5548744825242096,0.30788569135650934,2020-02,2020-03-24T01:30:00+00:00,10.0,pseudo_real_time,2.0
twentieth,stable,ridge,2020-04,-0.571711421764786,-1.3,0.7282885782352141,0.7282885782352141,0.5304042531878695,2020-03,2020-04-24T01:30:00+00:00,10.0,pseudo_real_time,2.0
twentieth,stable,ridge,2020-05,-0.4027609008287013,-0.4,-0.002760900828701285,0.002760900828701285,7.622573385923441e-06,2020-04,2020-05-25T01:30:00+00:00,10.0,pseudo_real_time,2.0
twentieth,stable,ridge,2020-06,0.052579382742029945,0.4,-0.3474206172579701,0.3474206172579701,0.12070108529590894,2020-05,2020-06-24T01:30:00+00:00,10.0,pseudo_real_time,2.0
twentieth,stable,ridge,2020-07,0.20521512606383147,0.4,-0.19478487393616856,0.19478487393616856,0.037941147114329075,2020-06,2020-07-24T01:30:00+00:00,10.0,pseudo_real_time,2.0
twentieth,stable,ridge,2020-08,0.5689567500261932,0.3,0.2689567500261932,0.2689567500261932,0.07233773338465217,2020-07,2020-08-24T01:30:00+00:00,10.0,pseudo_real_time,2.0
twentieth,stable,ridge,2020-09,0.6770842220300727,0.1,0.5770842220300727,0.5770842220300727,0.33302619931605426,2020-08,2020-09-24T01:30:00+00:00,10.0,pseudo_real_time,2.0
twentieth,stable,ridge,2020-10,0.45071866744393646,0.0,0.45071866744393646,0.45071866744393646,0.20314731718243778,2020-09,2020-10-26T01:30:00+00:00,10.0,pseudo_real_time,2.0
twentieth,stable,ridge,2020-11,0.534619550376154,0.5,0.03461955037615405,0.03461955037615405,0.001198513268247068,2020-10,2020-11-24T01:30:00+00:00,10.0,pseudo_real_time,2.0
twentieth,stable,ridge,2020-12,1.5715566494397906,1.1,0.4715566494397905,0.4715566494397905,0.22236567363088144,2020-11,2020-12-24T01:30:00+00:00,10.0,pseudo_real_time,2.0
twentieth,stable,ridge,2021-01,1.3160964801547645,1.0,0.31609648015476455,0.31609648015476455,0.09991698476623145,2020-12,2021-01-25T01:30:00+00:00,10.0,pseudo_real_time,2.0
twentieth,stable,ridge,2021-04,0.7190622744016639,0.9,-0.1809377255983361,0.1809377255983361,0.03273846054469877,2021-01,2021-04-25T01:30:00+00:00,10.0,pseudo_real_time,2.0
twentieth,stable,ridge,2021-05,1.4678392850061412,1.6,-0.13216071499385884,0.13216071499385884,0.017466454587687984,2021-04,2021-05-24T01:30:00+00:00,10.0,pseudo_real_time,2.0
twentieth,stable,ridge,2021-06,-0.45493272836154885,0.3,-0.7549327283615488,0.7549327283615488,0.569923424351412,2021-05,2021-06-24T01:30:00+00:00,10.0,pseudo_real_time,2.0
twentieth,stable,ridge,2021-07,0.05431180300234266,0.5,-0.4456881969976573,0.4456881969976573,0.1986379689430226,2021-06,2021-07-26T01:30:00+00:00,10.0,pseudo_real_time,2.0
twentieth,stable,ridge,2021-08,0.4387863128033222,0.7,-0.26121368719667776,0.26121368719667776,0.06823259037888381,2021-07,2021-08-24T01:30:00+00:00,10.0,pseudo_real_time,2.0
twentieth,stable,ridge,2021-09,0.816148374172314,1.2,-0.38385162582768595,0.38385162582768595,0.14734207065055782,2021-08,2021-09-24T01:30:00+00:00,10.0,pseudo_real_time,2.0
twentieth,stable,ridge,2021-10,2.3807478380202336,2.5,-0.1192521619797664,0.1192521619797664,0.014221078136848444,2021-09,2021-10-25T01:30:00+00:00,10.0,pseudo_real_time,2.0
twentieth,stable,ridge,2021-11,-1.410076658973471,0.0,-1.410076658973471,1.410076658973471,1.9883161841817865,2021-10,2021-11-24T01:30:00+00:00,10.0,pseudo_real_time,2.0
twentieth,stable,ridge,2021-12,-0.8354329497410338,-1.2,0.3645670502589662,0.3645670502589662,0.13290913413452357,2021-11,2021-12-24T01:30:00+00:00,10.0,pseudo_real_time,2.0
twentieth,stable,ridge,2022-01,-0.04059448766995105,-0.2,0.15940551233004896,0.15940551233004896,0.02541011736120539,2021-12,2022-01-24T01:30:00+00:00,25.0,pseudo_real_time,2.0
twentieth,stable,ridge,2022-02,0.367945029750295,0.5,-0.13205497024970497,0.13205497024970497,0.017438515167650465,2022-01,2022-02-24T01:30:00+00:00,10.0,pseudo_real_time,2.0
twentieth,stable,ridge,2022-03,0.23433880963153703,1.1,-0.865661190368463,0.865661190368463,0.7493692965101444,2022-02,2022-03-24T01:30:00+00:00,10.0,pseudo_real_time,2.0
twentieth,stable,ridge,2022-04,0.1984388086924367,0.6,-0.4015611913075633,0.4015611913075633,0.16125139036434943,2022-03,2022-04-24T01:30:00+00:00,25.0,pseudo_real_time,2.0
twentieth,stable,ridge,2022-05,-0.21174603120807692,0.1,-0.3117460312080769,0.3117460312080769,0.09718558797398727,2022-04,2022-05-24T01:30:00+00:00,25.0,pseudo_real_time,2.0
twentieth,stable,ridge,2022-06,-0.31714504900410645,0.0,-0.31714504900410645,0.31714504900410645,0.10058098210781709,2022-05,2022-06-24T01:30:00+00:00,10.0,pseudo_real_time,2.0
twentieth,stable,ridge,2022-07,-1.2838451088931295,-1.3,0.016154891106870517,0.016154891106870517,0.00026098050667484413,2022-06,2022-07-24T01:30:00+00:00,25.0,pseudo_real_time,2.0
twentieth,stable,ridge,2022-08,-0.3267503543354955,-1.2,0.8732496456645045,0.8732496456645045,0.7625649436531826,2022-07,2022-08-24T01:30:00+00:00,25.0,pseudo_real_time,2.0
twentieth,stable,ridge,2022-09,-0.5320231519164951,-0.1,-0.4320231519164951,0.4320231519164951,0.186644003791863,2022-08,2022-09-24T01:30:00+00:00,25.0,pseudo_real_time,2.0
twentieth,stable,ridge,2022-10,0.2848806607477933,0.2,0.08488066074779327,0.08488066074779327,0.0072047265689819725,2022-09,2022-10-24T01:30:00+00:00,25.0,pseudo_real_time,2.0
twentieth,stable,ridge,2022-11,-0.5206995675980948,0.1,-0.6206995675980947,0.6206995675980947,0.3852679532164618,2022-10,2022-11-24T01:30:00+00:00,25.0,pseudo_real_time,2.0
twentieth,stable,ridge,2022-12,-0.2939604457123928,-0.5,0.20603955428760717,0.20603955428760717,0.042452297931035825,2022-11,2022-12-24T01:30:00+00:00,25.0,pseudo_real_time,2.0
twentieth,stable,ridge,2023-01,-0.5242720628531201,-0.4,-0.12427206285312009,0.12427206285312009,0.01544354560576983,2022-12,2023-01-24T01:30:00+00:00,25.0,pseudo_real_time,2.0
twentieth,stable,ridge,2023-02,-0.22516863110417354,0.0,-0.22516863110417354,0.22516863110417354,0.05070091243332739,2023-01,2023-02-24T01:30:00+00:00,25.0,pseudo_real_time,2.0
twentieth,stable,ridge,2023-03,0.11292012812658897,0.0,0.11292012812658897,0.11292012812658897,0.01275095533612527,2023-02,2023-03-24T01:30:00+00:00,25.0,pseudo_real_time,2.0
twentieth,stable,ridge,2023-04,-0.3619324525505828,-0.5,0.13806754744941718,0.13806754744941718,0.019062647658697064,2023-03,2023-04-24T01:30:00+00:00,25.0,pseudo_real_time,2.0
twentieth,stable,ridge,2023-05,-0.9562798490342016,-0.9,-0.05627984903420158,0.05627984903420158,0.00316742140731252,2023-04,2023-05-24T01:30:00+00:00,25.0,pseudo_real_time,2.0
twentieth,stable,ridge,2023-06,-0.5082010425056009,-0.8,0.2917989574943991,0.2917989574943991,0.08514663159481814,2023-05,2023-06-24T01:30:00+00:00,25.0,pseudo_real_time,2.0
twentieth,stable,ridge,2023-07,0.5178109497114008,-0.2,0.7178109497114009,0.7178109497114009,0.5152525595255834,2023-06,2023-07-24T01:30:00+00:00,25.0,pseudo_real_time,2.0
twentieth,stable,ridge,2023-08,0.7099950422432,0.2,0.5099950422432,0.5099950422432,0.26009494311264336,2023-07,2023-08-24T01:30:00+00:00,25.0,pseudo_real_time,2.0
twentieth,stable,ridge,2023-09,0.5534914476756402,0.4,0.15349144767564016,0.15349144767564016,0.02355962450956378,2023-08,2023-09-24T01:30:00+00:00,25.0,pseudo_real_time,2.0
twentieth,stable,ridge,2023-10,0.008617835281262996,0.0,0.008617835281262996,0.008617835281262996,7.426708493498126e-05,2023-09,2023-10-24T01:30:00+00:00,25.0,pseudo_real_time,2.0
twentieth,stable,ridge,2023-11,-0.02346448348170832,-0.3,0.27653551651829167,0.27653551651829167,0.07647189189603837,2023-10,2023-11-24T01:30:00+00:00,25.0,pseudo_real_time,2.0
twentieth,stable,ridge,2023-12,-0.17109608100858847,-0.3,0.12890391899141151,0.12890391899141151,0.016616220331344383,2023-11,2023-12-24T01:30:00+00:00,25.0,pseudo_real_time,2.0
twentieth,stable,ridge,2024-01,-0.3432983473857479,-0.2,-0.14329834738574787,0.14329834738574787,0.020534416363486473,2023-12,2024-01-24T01:30:00+00:00,25.0,pseudo_real_time,2.0
twentieth,stable,ridge,2024-04,0.11546468702582305,-0.2,0.3154646870258231,0.3154646870258231,0.09951796876030052,2024-01,2024-04-24T01:30:00+00:00,25.0,pseudo_real_time,2.0
twentieth,stable,ridge,2024-05,0.053020601522981076,0.2,-0.14697939847701894,0.14697939847701894,0.021602943576666315,2024-04,2024-05-24T01:30:00+00:00,25.0,pseudo_real_time,2.0
twentieth,stable,ridge,2024-06,0.18281217331830313,0.1,0.08281217331830312,0.08281217331830312,0.006857856049700676,2024-05,2024-06-24T01:30:00+00:00,25.0,pseudo_real_time,2.0
twentieth,stable,ridge,2024-07,0.022142512585790527,-0.2,0.22214251258579054,0.22214251258579054,0.049347295897928106,2024-06,2024-07-24T01:30:00+00:00,100.0,pseudo_real_time,2.0
twentieth,stable,ridge,2024-08,-0.32124951526273915,-0.7,0.3787504847372608,0.3787504847372608,0.14345192968871004,2024-07,2024-08-24T01:30:00+00:00,25.0,pseudo_real_time,2.0
twentieth,stable,ridge,2024-09,0.04406580439979306,-0.6,0.644065804399793,0.644065804399793,0.41482076039715243,2024-08,2024-09-24T01:30:00+00:00,25.0,pseudo_real_time,2.0
twentieth,stable,ridge,2024-10,0.3934057906281822,-0.1,0.49340579062818224,0.49340579062818224,0.24344927422542162,2024-09,2024-10-24T01:30:00+00:00,100.0,pseudo_real_time,2.0
twentieth,stable,ridge,2024-11,-0.11539191473396684,-0.1,-0.015391914733966838,0.015391914733966838,0.00023691103917770545,2024-10,2024-11-24T01:30:00+00:00,25.0,pseudo_real_time,2.0
twentieth,stable,ridge,2024-12,-0.053823810703937075,-0.1,0.04617618929606293,0.04617618929606293,0.0021322404579058366,2024-11,2024-12-24T01:30:00+00:00,25.0,pseudo_real_time,2.0
twentieth,stable,ridge,2025-01,-0.15953319624706985,-0.2,0.04046680375293016,0.04046680375293016,0.0016375622059781624,2024-12,2025-01-24T01:30:00+00:00,25.0,pseudo_real_time,2.0
twentieth,stable,ridge,2025-02,0.06507349788854605,-0.1,0.16507349788854606,0.16507349788854606,0.02724925970515982,2025-01,2025-02-24T01:30:00+00:00,25.0,pseudo_real_time,2.0
twentieth,stable,ridge,2025-03,0.2924013582296867,-0.4,0.6924013582296867,0.6924013582296867,0.47941964087831496,2025-02,2025-03-24T01:30:00+00:00,25.0,pseudo_real_time,2.0
twentieth,stable,ridge,2025-04,-0.5906464209788652,-0.4,-0.1906464209788652,0.1906464209788652,0.03634605783205069,2025-03,2025-04-24T01:30:00+00:00,25.0,pseudo_real_time,2.0
twentieth,stable,ridge,2025-05,-0.35852083397012713,-0.4,0.041479166029872894,0.041479166029872894,0.0017205212145337614,2025-04,2025-05-24T01:30:00+00:00,25.0,pseudo_real_time,2.0
twentieth,stable,ridge,2025-06,-0.1196056586023672,-0.4,0.2803943413976328,0.2803943413976328,0.07862098668781226,2025-05,2025-06-24T01:30:00+00:00,100.0,pseudo_real_time,2.0
twentieth,stable,ridge,2025-07,0.07378711088713731,-0.2,0.2737871108871373,0.2737871108871373,0.07495938208792562,2025-06,2025-07-24T01:30:00+00:00,100.0,pseudo_real_time,2.0
twentieth,stable,ridge,2025-08,0.16594013191652937,0.0,0.16594013191652937,0.16594013191652937,0.02753612738047517,2025-07,2025-08-24T01:30:00+00:00,25.0,pseudo_real_time,2.0
twentieth,stable,ridge,2025-09,-0.14523324156949333,0.0,-0.14523324156949333,0.14523324156949333,0.021092694456782805,2025-08,2025-09-24T01:30:00+00:00,25.0,pseudo_real_time,2.0
twentieth,stable,ridge,2025-10,-0.11159665690403024,0.1,-0.21159665690403023,0.21159665690403023,0.044773145212961885,2025-09,2025-10-24T01:30:00+00:00,25.0,pseudo_real_time,2.0
twentieth,stable,ridge,2025-11,0.20773901363464325,0.1,0.10773901363464325,0.10773901363464325,0.011607695058965844,2025-10,2025-11-24T01:30:00+00:00,100.0,pseudo_real_time,2.0
twentieth,stable,ridge,2025-12,0.12246551574834294,0.2,-0.07753448425165707,0.07753448425165707,0.006011596248170458,2025-11,2025-12-24T01:30:00+00:00,25.0,pseudo_real_time,2.0
twentieth,stable,ridge,2026-01,-0.010604578689881912,0.4,-0.4106045786898819,0.4106045786898819,0.16859612004109545,2025-12,2026-01-24T01:30:00+00:00,100.0,pseudo_real_time,2.0
twentieth,stable,ridge,2026-04,0.788066180899802,1.7,-0.911933819100198,0.911933819100198,0.8316232904186727,2026-01,2026-04-24T01:30:00+00:00,100.0,pseudo_real_time,2.0
twentieth,stable,ridge,2026-05,-0.09597486352082443,0.5,-0.5959748635208244,0.5959748635208244,0.35518603794866527,2026-04,2026-05-24T01:30:00+00:00,100.0,pseudo_real_time,2.0
twentieth,stable,ridge,2026-06,-0.47428533057800226,-0.3,-0.17428533057800227,0.17428533057800227,0.030375376454683533,2026-05,2026-06-24T01:30:00+00:00,100.0,pseudo_real_time,2.0
twentieth,stable,ridge,2026-07,-0.3307185222499762,-0.7,0.36928147775002373,0.36928147775002373,0.13636880980924126,2026-06,2026-07-24T01:30:00+00:00,100.0,pseudo_real_time,2.0
twentieth,stable,ridge,2026-08,0.23409110096886637,0.4,-0.16590889903113365,0.16590889903113365,0.0275257627777229,2026-07,2026-08-24T01:30:00+00:00,100.0,pseudo_real_time,2.0
final,union,ridge,2016-06,-0.5323899586289731,-0.2,-0.3323899586289731,0.3323899586289731,0.11048308459737044,2016-05,2016-06-24T01:30:00+00:00,10.0,pseudo_real_time,2.0
final,union,ridge,2016-07,-0.1852125888434835,0.2,-0.3852125888434835,0.3852125888434835,0.1483887386034987,2016-06,2016-07-25T01:30:00+00:00,10.0,pseudo_real_time,2.0
final,union,ridge,2016-08,0.1803734042051347,0.2,-0.01962659579486531,0.01962659579486531,0.0003852032624950246,2016-07,2016-08-24T01:30:00+00:00,10.0,pseudo_real_time,2.0
final,union,ridge,2016-09,0.5613194795823269,0.5,0.06131947958232686,0.06131947958232686,0.003760078576247401,2016-08,2016-09-26T01:30:00+00:00,10.0,pseudo_real_time,2.0
final,union,ridge,2016-10,0.6487836763497453,0.7,-0.051216323650254636,0.051216323650254636,0.0026231118082476325,2016-09,2016-10-24T01:30:00+00:00,10.0,pseudo_real_time,2.0
final,union,ridge,2016-11,1.1137877171785173,1.5,-0.3862122828214827,0.3862122828214827,0.14915992740218093,2016-10,2016-11-24T01:30:00+00:00,10.0,pseudo_real_time,2.0
final,union,ridge,2016-12,1.0635945869313703,1.6,-0.5364054130686298,0.5364054130686298,0.28773076716932733,2016-11,2016-12-26T01:30:00+00:00,10.0,pseudo_real_time,2.0
final,union,ridge,2017-01,0.0845430511903268,0.8,-0.7154569488096733,0.7154569488096733,0.5118786456000474,2016-12,2017-01-24T01:30:00+00:00,10.0,pseudo_real_time,2.0
final,union,ridge,2017-02,0.408996173152123,0.6,-0.19100382684787698,0.19100382684787698,0.03648246187053377,2017-01,2017-02-24T01:30:00+00:00,10.0,pseudo_real_time,2.0
final,union,ridge,2017-03,0.3759837417410584,0.3,0.07598374174105843,0.07598374174105843,0.005773529008971865,2017-02,2017-03-24T01:30:00+00:00,10.0,pseudo_real_time,2.0
final,union,ridge,2017-04,-0.41653757840213146,-0.4,-0.016537578402131436,0.016537578402131436,0.00027349149940664413,2017-03,2017-04-24T01:30:00+00:00,10.0,pseudo_real_time,2.0
final,union,ridge,2017-05,-0.2959250036803772,-0.3,0.00407499631962277,0.00407499631962277,1.6605595004939122e-05,2017-04,2017-05-24T01:30:00+00:00,10.0,pseudo_real_time,2.0
final,union,ridge,2017-06,-0.22433817669610465,-0.2,-0.024338176696104635,0.024338176696104635,0.0005923468448908107,2017-05,2017-06-26T01:30:00+00:00,10.0,pseudo_real_time,2.0
final,union,ridge,2017-07,-0.004305614018931925,0.2,-0.20430561401893194,0.20430561401893194,0.041740783919652795,2017-06,2017-07-24T01:30:00+00:00,10.0,pseudo_real_time,2.0
final,union,ridge,2017-08,0.4200403520569461,0.9,-0.4799596479430539,0.4799596479430539,0.23036126365362025,2017-07,2017-08-24T01:30:00+00:00,10.0,pseudo_real_time,2.0
final,union,ridge,2017-09,1.285670408494132,1.0,0.28567040849413194,0.28567040849413194,0.08160758228920421,2017-08,2017-09-25T01:30:00+00:00,10.0,pseudo_real_time,2.0
final,union,ridge,2017-10,0.1601708750306221,0.7,-0.5398291249693778,0.5398291249693778,0.2914154841652042,2017-09,2017-10-24T01:30:00+00:00,10.0,pseudo_real_time,2.0
final,union,ridge,2017-11,0.29536390182067185,0.5,-0.20463609817932815,0.20463609817932815,0.041875932678059634,2017-10,2017-11-24T01:30:00+00:00,10.0,pseudo_real_time,2.0
final,union,ridge,2017-12,0.5254068320487782,0.8,-0.2745931679512218,0.2745931679512218,0.0754014078854879,2017-11,2017-12-25T01:30:00+00:00,10.0,pseudo_real_time,2.0
final,union,ridge,2018-01,0.029869878284568503,0.3,-0.2701301217154315,0.2701301217154315,0.07297028265799384,2017-12,2018-01-24T01:30:00+00:00,10.0,pseudo_real_time,12.0
final,union,ridge,2018-04,-0.15762038435413878,-0.2,0.042379615645861235,0.042379615645861235,0.0017960318222909263,2018-01,2018-04-24T01:30:00+00:00,10.0,pseudo_real_time,2.0
final,union,ridge,2018-05,0.2386896593032929,0.4,-0.16131034069670713,0.16131034069670713,0.026021026015687728,2018-04,2018-05-24T01:30:00+00:00,10.0,pseudo_real_time,2.0
final,union,ridge,2018-06,0.07958945218068503,0.3,-0.22041054781931496,0.22041054781931496,0.04858080959001053,2018-05,2018-06-25T01:30:00+00:00,10.0,pseudo_real_time,12.0
final,union,ridge,2018-07,0.06027358973873961,0.1,-0.0397264102612604,0.0397264102612604,0.0015781876722459755,2018-06,2018-07-24T01:30:00+00:00,10.0,pseudo_real_time,12.0
final,union,ridge,2018-08,0.39148219580622473,0.4,-0.008517804193775291,0.008517804193775291,7.255298828349594e-05,2018-07,2018-08-24T01:30:00+00:00,10.0,pseudo_real_time,12.0
final,union,ridge,2018-09,0.40936384587913427,0.6,-0.1906361541208657,0.1906361541208657,0.036342143257994466,2018-08,2018-09-25T01:30:00+00:00,10.0,pseudo_real_time,12.0
final,union,ridge,2018-10,0.38029516636620986,0.4,-0.019704833633790164,0.019704833633790164,0.00038828046853534807,2018-09,2018-10-24T01:30:00+00:00,10.0,pseudo_real_time,12.0
final,union,ridge,2018-11,-0.6661831939943671,-0.2,-0.4661831939943671,0.4661831939943671,0.2173267703627897,2018-10,2018-11-26T01:30:00+00:00,10.0,pseudo_real_time,2.0
final,union,ridge,2018-12,-0.8223304598406278,-1.0,0.1776695401593722,0.1776695401593722,0.03156646550044277,2018-11,2018-12-24T01:30:00+00:00,10.0,pseudo_real_time,2.0
final,union,ridge,2019-01,-0.6014856565930049,-0.6,-0.0014856565930049248,0.0014856565930049248,2.2071755123390007e-06,2018-12,2019-01-24T01:30:00+00:00,10.0,pseudo_real_time,2.0
final,union,ridge,2019-04,0.146480089780959,0.3,-0.153519910219041,0.153519910219041,0.023568362833662405,2019-01,2019-04-24T01:30:00+00:00,10.0,pseudo_real_time,2.0
final,union,ridge,2019-07,-0.05954712049031716,-0.2,0.14045287950968285,0.14045287950968285,0.01972701136256149,2019-04,2019-07-24T01:30:00+00:00,10.0,pseudo_real_time,2.0
final,union,ridge,2019-08,-0.285512684639221,-0.1,-0.18551268463922102,0.18551268463922102,0.03441495616205107,2019-07,2019-08-26T01:30:00+00:00,10.0,pseudo_real_time,2.0
final,union,ridge,2019-09,-0.07474000128235066,0.1,-0.17474000128235068,0.17474000128235068,0.030534068048155918,2019-08,2019-09-24T01:30:00+00:00,10.0,pseudo_real_time,2.0
final,union,ridge,2019-10,0.057484729260935945,0.1,-0.04251527073906406,0.04251527073906406,0.0018075482460159168,2019-09,2019-10-24T01:30:00+00:00,10.0,pseudo_real_time,2.0
final,union,ridge,2019-11,-0.2280846711605572,-0.1,-0.1280846711605572,0.1280846711605572,0.01640568298630807,2019-10,2019-11-25T01:30:00+00:00,10.0,pseudo_real_time,2.0
final,union,ridge,2019-12,0.0459989893322375,0.0,0.0459989893322375,0.0459989893322375,0.002115907019587299,2019-11,2019-12-24T01:30:00+00:00,10.0,pseudo_real_time,2.0
final,union,ridge,2020-01,-0.005862796179934057,0.0,-0.005862796179934057,0.005862796179934057,3.4372379047449375e-05,2019-12,2020-01-23T01:30:00+00:00,10.0,pseudo_real_time,12.0
final,union,ridge,2020-02,-0.4281971231200822,-0.5,0.07180287687991782,0.07180287687991782,0.005155653128232637,2020-01,2020-02-24T01:30:00+00:00,10.0,pseudo_real_time,12.0
final,union,ridge,2020-03,-0.22301774634039082,-1.0,0.7769822536596092,0.7769822536596092,0.6037014225019652,2020-02,2020-03-24T01:30:00+00:00,10.0,pseudo_real_time,12.0
final,union,ridge,2020-04,-0.8929740385893776,-1.3,0.4070259614106224,0.4070259614106224,0.16567013326224148,2020-03,2020-04-24T01:30:00+00:00,10.0,pseudo_real_time,12.0
final,union,ridge,2020-05,-0.11602546409339597,-0.4,0.28397453590660404,0.28397453590660404,0.08064153704337115,2020-04,2020-05-25T01:30:00+00:00,10.0,pseudo_real_time,12.0
final,union,ridge,2020-06,0.23715284218519542,0.4,-0.1628471578148046,0.1628471578148046,0.026519196808359877,2020-05,2020-06-24T01:30:00+00:00,10.0,pseudo_real_time,2.0
final,union,ridge,2020-07,0.23938789566902102,0.4,-0.160612104330979,0.160612104330979,0.025796248057625284,2020-06,2020-07-24T01:30:00+00:00,10.0,pseudo_real_time,12.0
final,union,ridge,2020-08,0.7070657002317805,0.3,0.4070657002317805,0.4070657002317805,0.1657024843051898,2020-07,2020-08-24T01:30:00+00:00,10.0,pseudo_real_time,2.0
final,union,ridge,2020-09,0.4376631429910358,0.1,0.33766314299103584,0.33766314299103584,0.11401639813458471,2020-08,2020-09-24T01:30:00+00:00,10.0,pseudo_real_time,12.0
final,union,ridge,2020-10,0.3092605044324977,0.0,0.3092605044324977,0.3092605044324977,0.09564205960184292,2020-09,2020-10-26T01:30:00+00:00,10.0,pseudo_real_time,12.0
final,union,ridge,2020-11,0.6648120549488563,0.5,0.1648120549488563,0.1648120549488563,0.02716301345646483,2020-10,2020-11-24T01:30:00+00:00,10.0,pseudo_real_time,12.0
final,union,ridge,2020-12,1.513324841345288,1.1,0.4133248413452879,0.4133248413452879,0.17083742447310743,2020-11,2020-12-24T01:30:00+00:00,10.0,pseudo_real_time,12.0
final,union,ridge,2021-01,0.8522684773108445,1.0,-0.14773152268915546,0.14773152268915546,0.021824602796056455,2020-12,2021-01-25T01:30:00+00:00,10.0,pseudo_real_time,12.0
final,union,ridge,2021-04,0.7476180917869886,0.9,-0.15238190821301145,0.15238190821301145,0.023220245950638648,2021-01,2021-04-25T01:30:00+00:00,10.0,pseudo_real_time,12.0
final,union,ridge,2021-05,1.1695539041435303,1.6,-0.43044609585646976,0.43044609585646976,0.18528384143807716,2021-04,2021-05-24T01:30:00+00:00,10.0,pseudo_real_time,2.0
final,union,ridge,2021-06,-0.38666773416043776,0.3,-0.6866677341604377,0.6866677341604377,0.47151257713702954,2021-05,2021-06-24T01:30:00+00:00,10.0,pseudo_real_time,12.0
final,union,ridge,2021-07,0.3704683030341176,0.5,-0.1295316969658824,0.1295316969658824,0.01677846051886119,2021-06,2021-07-26T01:30:00+00:00,10.0,pseudo_real_time,2.0
final,union,ridge,2021-08,0.4999927639602764,0.7,-0.20000723603972353,0.20000723603972353,0.040002894468249686,2021-07,2021-08-24T01:30:00+00:00,10.0,pseudo_real_time,2.0
final,union,ridge,2021-09,0.6812082859821573,1.2,-0.5187917140178426,0.5187917140178426,0.269144842533571,2021-08,2021-09-24T01:30:00+00:00,10.0,pseudo_real_time,2.0
final,union,ridge,2021-10,2.1459828758766157,2.5,-0.35401712412338426,0.35401712412338426,0.12532812417259165,2021-09,2021-10-25T01:30:00+00:00,10.0,pseudo_real_time,2.0
final,union,ridge,2021-11,-0.9674409803599248,0.0,-0.9674409803599248,0.9674409803599248,0.9359420504797723,2021-10,2021-11-24T01:30:00+00:00,10.0,pseudo_real_time,2.0
final,union,ridge,2021-12,-1.2247408000754745,-1.2,-0.024740800075474523,0.024740800075474523,0.0006121071883746002,2021-11,2021-12-24T01:30:00+00:00,10.0,pseudo_real_time,2.0
final,union,ridge,2022-01,-0.18145771172373176,-0.2,0.01854228827626825,0.01854228827626825,0.0003438164545202349,2021-12,2022-01-24T01:30:00+00:00,10.0,pseudo_real_time,2.0
final,union,ridge,2022-04,0.13573865806551208,0.6,-0.46426134193448787,0.46426134193448787,0.21553859361481145,2022-01,2022-04-24T01:30:00+00:00,10.0,pseudo_real_time,2.0
final,union,ridge,2022-05,-0.006452603018024389,0.1,-0.1064526030180244,0.1064526030180244,0.011332156689313096,2022-04,2022-05-24T01:30:00+00:00,10.0,pseudo_real_time,2.0
final,union,ridge,2022-06,0.03049426531826474,0.0,0.03049426531826474,0.03049426531826474,0.0009299002173007237,2022-05,2022-06-24T01:30:00+00:00,10.0,pseudo_real_time,12.0
final,union,ridge,2022-07,-1.1922151074767366,-1.3,0.1077848925232634,0.1077848925232634,0.011617583056251442,2022-06,2022-07-24T01:30:00+00:00,25.0,pseudo_real_time,24.0
final,union,ridge,2022-08,-0.6985164242686144,-1.2,0.5014835757313856,0.5014835757313856,0.25148577672833633,2022-07,2022-08-24T01:30:00+00:00,10.0,pseudo_real_time,12.0
final,union,ridge,2022-09,0.04282992512800961,-0.1,0.14282992512800963,0.14282992512800963,0.020400387512072835,2022-08,2022-09-24T01:30:00+00:00,25.0,pseudo_real_time,2.0
final,union,ridge,2022-10,0.084379732426306,0.2,-0.11562026757369401,0.11562026757369401,0.013368046273812597,2022-09,2022-10-24T01:30:00+00:00,25.0,pseudo_real_time,12.0
final,union,ridge,2022-11,-0.6853085718919402,0.1,-0.7853085718919401,0.7853085718919401,0.6167095530869585,2022-10,2022-11-24T01:30:00+00:00,10.0,pseudo_real_time,12.0
final,union,ridge,2022-12,-0.4986101507245846,-0.5,0.0013898492754154113,0.0013898492754154113,1.931681008372744e-06,2022-11,2022-12-24T01:30:00+00:00,10.0,pseudo_real_time,12.0
final,union,ridge,2023-01,-0.6472256692992386,-0.4,-0.24722566929923862,0.24722566929923862,0.06112053156045649,2022-12,2023-01-24T01:30:00+00:00,10.0,pseudo_real_time,12.0
final,union,ridge,2023-02,0.1631294003017545,0.0,0.1631294003017545,0.1631294003017545,0.026611201242810058,2023-01,2023-02-24T01:30:00+00:00,10.0,pseudo_real_time,12.0
final,union,ridge,2023-03,0.23836089405451888,0.0,0.23836089405451888,0.23836089405451888,0.05681591581446958,2023-02,2023-03-24T01:30:00+00:00,10.0,pseudo_real_time,12.0
final,union,ridge,2023-04,-0.6862814401393657,-0.5,-0.18628144013936565,0.18628144013936565,0.03470077494039607,2023-03,2023-04-24T01:30:00+00:00,10.0,pseudo_real_time,12.0
final,union,ridge,2023-05,-1.0617048934030884,-0.9,-0.16170489340308836,0.16170489340308836,0.02614847255050417,2023-04,2023-05-24T01:30:00+00:00,25.0,pseudo_real_time,12.0
final,union,ridge,2023-06,-0.8091994282886448,-0.8,-0.009199428288644729,0.009199428288644729,8.462948083791688e-05,2023-05,2023-06-24T01:30:00+00:00,25.0,pseudo_real_time,12.0
final,union,ridge,2023-07,0.10206453898420834,-0.2,0.3020645389842084,0.3020645389842084,0.09124298571174234,2023-06,2023-07-24T01:30:00+00:00,25.0,pseudo_real_time,24.0
final,union,ridge,2023-08,0.8206638154693191,0.2,0.6206638154693191,0.6206638154693191,0.38522357183293304,2023-07,2023-08-24T01:30:00+00:00,25.0,pseudo_real_time,24.0
final,union,ridge,2023-09,0.3087139761614505,0.4,-0.0912860238385495,0.0912860238385495,0.008333138148252229,2023-08,2023-09-24T01:30:00+00:00,25.0,pseudo_real_time,24.0
final,union,ridge,2023-10,0.08345059468048313,0.0,0.08345059468048313,0.08345059468048313,0.006964001752526279,2023-09,2023-10-24T01:30:00+00:00,25.0,pseudo_real_time,12.0
final,union,ridge,2023-11,-0.1768877390668566,-0.3,0.1231122609331434,0.1231122609331434,0.015156628792070385,2023-10,2023-11-24T01:30:00+00:00,25.0,pseudo_real_time,2.0
final,union,ridge,2023-12,0.046326926004288144,-0.3,0.34632692600428816,0.34632692600428816,0.11994233967557968,2023-11,2023-12-24T01:30:00+00:00,10.0,pseudo_real_time,12.0
final,union,ridge,2024-01,-0.30721931103103206,-0.2,-0.10721931103103205,0.10721931103103205,0.01149598065796919,2023-12,2024-01-24T01:30:00+00:00,25.0,pseudo_real_time,2.0
final,union,ridge,2024-04,0.1667427611267142,-0.2,0.3667427611267142,0.3667427611267142,0.13450025283884617,2024-01,2024-04-24T01:30:00+00:00,25.0,pseudo_real_time,2.0
final,union,ridge,2024-05,0.018207953622125683,0.2,-0.18179204637787433,0.18179204637787433,0.03304834812625521,2024-04,2024-05-24T01:30:00+00:00,25.0,pseudo_real_time,2.0
final,union,ridge,2024-06,0.15211488413492485,0.1,0.05211488413492485,0.05211488413492485,0.0027159611483966416,2024-05,2024-06-24T01:30:00+00:00,25.0,pseudo_real_time,2.0
final,union,ridge,2024-07,-0.08462698747323688,-0.2,0.11537301252676313,0.11537301252676313,0.013310932019500642,2024-06,2024-07-24T01:30:00+00:00,25.0,pseudo_real_time,2.0
final,union,ridge,2024-08,-0.39551230218377714,-0.7,0.3044876978162228,0.3044876978162228,0.09271275812142342,2024-07,2024-08-24T01:30:00+00:00,25.0,pseudo_real_time,2.0
final,union,ridge,2024-09,-0.1507327388570958,-0.6,0.44926726114290416,0.44926726114290416,0.20184107193484643,2024-08,2024-09-24T01:30:00+00:00,25.0,pseudo_real_time,2.0
final,union,ridge,2024-10,0.5996230176470548,-0.1,0.6996230176470548,0.6996230176470548,0.4894723668215712,2024-09,2024-10-24T01:30:00+00:00,25.0,pseudo_real_time,2.0
final,union,ridge,2024-11,-0.0032983223780408966,-0.1,0.09670167762195911,0.09670167762195911,0.009351214454901308,2024-10,2024-11-24T01:30:00+00:00,25.0,pseudo_real_time,2.0
final,union,ridge,2024-12,0.09056785203274002,-0.1,0.19056785203274001,0.19056785203274001,0.036316106228372294,2024-11,2024-12-24T01:30:00+00:00,25.0,pseudo_real_time,2.0
final,union,ridge,2025-01,-0.16427890988481653,-0.2,0.035721090115183485,0.035721090115183485,0.0012759962790170592,2024-12,2025-01-24T01:30:00+00:00,25.0,pseudo_real_time,2.0
final,union,ridge,2025-02,0.09395721339754236,-0.1,0.19395721339754235,0.19395721339754235,0.03761940062893978,2025-01,2025-02-24T01:30:00+00:00,25.0,pseudo_real_time,2.0
final,union,ridge,2025-03,0.20375819660691996,-0.4,0.60375819660692,0.60375819660692,0.3645239599700402,2025-02,2025-03-24T01:30:00+00:00,25.0,pseudo_real_time,2.0
final,union,ridge,2025-04,-0.20091256155087828,-0.4,0.19908743844912175,0.19908743844912175,0.03963580814823284,2025-03,2025-04-24T01:30:00+00:00,25.0,pseudo_real_time,2.0
final,union,ridge,2025-05,-0.534880955150514,-0.4,-0.13488095515051401,0.13488095515051401,0.01819287206231497,2025-04,2025-05-24T01:30:00+00:00,25.0,pseudo_real_time,2.0
final,union,ridge,2025-06,-0.1825953854740405,-0.4,0.21740461452595952,0.21740461452595952,0.04726476641718105,2025-05,2025-06-24T01:30:00+00:00,25.0,pseudo_real_time,2.0
final,union,ridge,2025-07,0.045750249951858515,-0.2,0.2457502499518585,0.2457502499518585,0.06039318535140094,2025-06,2025-07-24T01:30:00+00:00,25.0,pseudo_real_time,12.0
final,union,ridge,2025-08,0.21073854489204313,0.0,0.21073854489204313,0.21073854489204313,0.04441073430321568,2025-07,2025-08-24T01:30:00+00:00,25.0,pseudo_real_time,12.0
final,union,ridge,2025-09,-0.051337503036104445,0.0,-0.051337503036104445,0.051337503036104445,0.002635539217982033,2025-08,2025-09-24T01:30:00+00:00,25.0,pseudo_real_time,2.0
final,union,ridge,2025-12,0.2484227545652818,0.2,0.04842275456528178,0.04842275456528178,0.0023447631596895174,2025-09,2025-12-24T01:30:00+00:00,25.0,pseudo_real_time,2.0
final,union,ridge,2026-01,-0.16879527535138258,0.4,-0.5687952753513826,0.5687952753513826,0.3235280652620552,2025-12,2026-01-24T01:30:00+00:00,25.0,pseudo_real_time,2.0
final,union,ridge,2026-04,0.7798057295594454,1.7,-0.9201942704405546,0.9201942704405546,0.8467574953516245,2026-01,2026-04-24T01:30:00+00:00,25.0,pseudo_real_time,2.0
final,union,ridge,2026-05,-0.20987068662420544,0.5,-0.7098706866242055,0.7098706866242055,0.5039163917283209,2026-04,2026-05-24T01:30:00+00:00,100.0,pseudo_real_time,2.0
final,union,ridge,2026-06,-0.21332303082116166,-0.3,0.08667696917883833,0.08667696917883833,0.007512896986029289,2026-05,2026-06-24T01:30:00+00:00,25.0,pseudo_real_time,2.0
final,union,ridge,2026-07,-0.42738088660635987,-0.7,0.2726191133936401,0.2726191133936401,0.07432118098753439,2026-06,2026-07-24T01:30:00+00:00,100.0,pseudo_real_time,2.0
final,union,ridge,2026-08,0.4363159817599679,0.4,0.036315981759967864,0.036315981759967864,0.0013188505311903186,2026-07,2026-08-24T01:30:00+00:00,25.0,pseudo_real_time,24.0
early,union,ridge,2016-04,-0.12064908669454533,0.7,-0.8206490866945453,0.8206490866945453,0.6734649234925913,2016-01,2016-04-14T01:30:00+00:00,100.0,pseudo_real_time,2.0
early,union,ridge,2016-05,0.47228064331798175,0.5,-0.027719356682018248,0.027719356682018248,0.0007683627348649497,2016-04,2016-05-16T01:30:00+00:00,10.0,pseudo_real_time,2.0
early,union,ridge,2016-06,-0.8008148271088172,-0.2,-0.6008148271088172,0.6008148271088172,0.3609784564737979,2016-05,2016-06-14T01:30:00+00:00,10.0,pseudo_real_time,2.0
early,union,ridge,2016-07,-0.2409845009412619,0.2,-0.4409845009412619,0.4409845009412619,0.1944673300704138,2016-06,2016-07-14T01:30:00+00:00,10.0,pseudo_real_time,2.0
early,union,ridge,2016-08,0.042239243148950445,0.2,-0.15776075685104957,0.15776075685104957,0.024888456402215983,2016-07,2016-08-15T01:30:00+00:00,10.0,pseudo_real_time,2.0
early,union,ridge,2016-09,0.41580656523931186,0.5,-0.08419343476068814,0.08419343476068814,0.007088534456802249,2016-08,2016-09-14T01:30:00+00:00,10.0,pseudo_real_time,2.0
early,union,ridge,2016-10,0.6314064092945098,0.7,-0.0685935907054902,0.0685935907054902,0.0047050806858723124,2016-08,2016-10-14T01:30:00+00:00,10.0,pseudo_real_time,2.0
early,union,ridge,2016-11,0.9457035203387717,1.5,-0.5542964796612283,0.5542964796612283,0.30724458736483046,2016-10,2016-11-14T01:30:00+00:00,10.0,pseudo_real_time,2.0
early,union,ridge,2016-12,0.9277704163444719,1.6,-0.6722295836555282,0.6722295836555282,0.4518926131416848,2016-11,2016-12-14T01:30:00+00:00,10.0,pseudo_real_time,2.0
early,union,ridge,2017-01,0.039449778839215854,0.8,-0.7605502211607842,0.7605502211607842,0.5784366389077178,2016-12,2017-01-16T01:30:00+00:00,10.0,pseudo_real_time,2.0
early,union,ridge,2017-02,0.33247724382238586,0.6,-0.2675227561776141,0.2675227561776141,0.07156842507286718,2016-12,2017-02-14T01:30:00+00:00,10.0,pseudo_real_time,2.0
early,union,ridge,2017-03,0.1830930240893313,0.3,-0.11690697591066868,0.11690697591066868,0.013667241016577666,2017-02,2017-03-14T01:30:00+00:00,10.0,pseudo_real_time,2.0
early,union,ridge,2017-04,-0.3966227563842972,-0.4,0.0033772436157027963,0.0033772436157027963,1.1405774439805297e-05,2017-03,2017-04-14T01:30:00+00:00,10.0,pseudo_real_time,2.0
early,union,ridge,2017-05,-0.4292022030820811,-0.3,-0.12920220308208114,0.12920220308208114,0.016693209281263336,2017-04,2017-05-15T01:30:00+00:00,10.0,pseudo_real_time,2.0
early,union,ridge,2017-06,-0.12680986120674614,-0.2,0.07319013879325387,0.07319013879325387,0.005356796416575765,2017-05,2017-06-14T01:30:00+00:00,10.0,pseudo_real_time,2.0
early,union,ridge,2017-07,-0.137782251300009,0.2,-0.33778225130000905,0.33778225130000905,0.11409684929330247,2017-06,2017-07-14T01:30:00+00:00,10.0,pseudo_real_time,2.0
early,union,ridge,2017-08,0.4809025558526221,0.9,-0.41909744414737793,0.41909744414737793,0.17564266769086456,2017-07,2017-08-14T01:30:00+00:00,10.0,pseudo_real_time,2.0
early,union,ridge,2017-09,1.4975472988252334,1.0,0.4975472988252334,0.4975472988252334,0.2475533145682861,2017-08,2017-09-14T01:30:00+00:00,10.0,pseudo_real_time,2.0
early,union,ridge,2017-10,0.15255978230456924,0.7,-0.5474402176954307,0.5474402176954307,0.2996907919504206,2017-08,2017-10-16T01:30:00+00:00,10.0,pseudo_real_time,2.0
early,union,ridge,2017-11,0.2361019383989441,0.5,-0.2638980616010559,0.2638980616010559,0.06964218691679469,2017-10,2017-11-14T01:30:00+00:00,25.0,pseudo_real_time,2.0
early,union,ridge,2017-12,0.1951859687197804,0.8,-0.6048140312802197,0.6048140312802197,0.3658000124334306,2017-11,2017-12-14T01:30:00+00:00,10.0,pseudo_real_time,2.0
early,union,ridge,2018-01,0.13935182276631883,0.3,-0.16064817723368116,0.16064817723368116,0.025807836848504233,2017-12,2018-01-15T01:30:00+00:00,25.0,pseudo_real_time,2.0
early,union,ridge,2018-02,-0.1968267339507386,-0.1,-0.0968267339507386,0.0968267339507386,0.009375416407567115,2018-01,2018-02-14T01:30:00+00:00,100.0,pseudo_real_time,12.0
early,union,ridge,2018-03,-0.2761023139481222,-0.2,-0.07610231394812217,0.07610231394812217,0.00579156218825855,2018-02,2018-03-14T01:30:00+00:00,25.0,pseudo_real_time,2.0
early,union,ridge,2018-04,-0.24098193993182093,-0.2,-0.04098193993182092,0.04098193993182092,0.0016795194005753782,2018-03,2018-04-16T01:30:00+00:00,100.0,pseudo_real_time,2.0
early,union,ridge,2018-05,0.24115928392784727,0.4,-0.15884071607215275,0.15884071607215275,0.025230373082314246,2018-04,2018-05-14T01:30:00+00:00,25.0,pseudo_real_time,2.0
early,union,ridge,2018-06,0.13673054771048015,0.3,-0.16326945228951983,0.16326945228951983,0.026656914050919793,2018-05,2018-06-14T01:30:00+00:00,100.0,pseudo_real_time,12.0
early,union,ridge,2018-07,0.11189652988341003,0.1,0.011896529883410029,0.011896529883410029,0.00014152742326686783,2018-06,2018-07-16T01:30:00+00:00,25.0,pseudo_real_time,2.0
early,union,ridge,2018-08,0.1934992433576717,0.4,-0.2065007566423283,0.2065007566423283,0.0426425624938541,2018-07,2018-08-14T01:30:00+00:00,100.0,pseudo_real_time,12.0
early,union,ridge,2018-09,0.37432250883474527,0.6,-0.2256774911652547,0.2256774911652547,0.05093033001864362,2018-08,2018-09-14T01:30:00+00:00,25.0,pseudo_real_time,2.0
early,union,ridge,2018-10,0.49057986693449396,0.4,0.09057986693449394,0.09057986693449394,0.008204712293870629,2018-08,2018-10-15T01:30:00+00:00,25.0,pseudo_real_time,2.0
early,union,ridge,2018-11,-0.34791834037314884,-0.2,-0.14791834037314883,0.14791834037314883,0.02187983541874671,2018-10,2018-11-14T01:30:00+00:00,25.0,pseudo_real_time,2.0
early,union,ridge,2018-12,-0.9281793420333107,-1.0,0.07182065796668935,0.07182065796668935,0.005158206910768178,2018-11,2018-12-14T01:30:00+00:00,25.0,pseudo_real_time,2.0
early,union,ridge,2019-01,-0.6398800852420677,-0.6,-0.039880085242067764,0.039880085242067764,0.001590421198914591,2018-12,2019-01-14T01:30:00+00:00,25.0,pseudo_real_time,2.0
early,union,ridge,2019-04,-0.030676607994217175,0.3,-0.33067660799421716,0.33067660799421716,0.10934701907456117,2019-01,2019-04-15T01:30:00+00:00,25.0,pseudo_real_time,2.0
early,union,ridge,2019-05,-0.19196510480691384,0.2,-0.3919651048069138,0.3919651048069138,0.15363664338629493,2019-04,2019-05-14T01:30:00+00:00,25.0,pseudo_real_time,2.0
early,union,ridge,2019-06,-0.5622606940650005,-0.3,-0.26226069406500047,0.26226069406500047,0.06878067165145577,2019-05,2019-06-14T01:30:00+00:00,25.0,pseudo_real_time,2.0
early,union,ridge,2019-07,-0.00630758826672841,-0.2,0.1936924117332716,0.1936924117332716,0.03751675036305121,2019-06,2019-07-15T01:30:00+00:00,25.0,pseudo_real_time,2.0
early,union,ridge,2019-08,-0.16586751752304982,-0.1,-0.06586751752304981,0.06586751752304981,0.004338529864649274,2019-07,2019-08-14T01:30:00+00:00,25.0,pseudo_real_time,2.0
early,union,ridge,2019-09,-0.15440052213560776,0.1,-0.25440052213560777,0.25440052213560777,0.06471962566286986,2019-08,2019-09-16T01:30:00+00:00,25.0,pseudo_real_time,2.0
early,union,ridge,2019-10,0.05791319010830811,0.1,-0.0420868098916919,0.0420868098916919,0.001771299566859415,2019-08,2019-10-14T01:30:00+00:00,25.0,pseudo_real_time,2.0
early,union,ridge,2019-11,-0.14290618672155392,-0.1,-0.04290618672155391,0.04290618672155391,0.0018409408589848493,2019-10,2019-11-14T01:30:00+00:00,25.0,pseudo_real_time,2.0
early,union,ridge,2019-12,0.05426749773730544,0.0,0.05426749773730544,0.05426749773730544,0.002944961310668451,2019-11,2019-12-16T01:30:00+00:00,25.0,pseudo_real_time,2.0
early,union,ridge,2020-01,-0.021753612032440313,0.0,-0.021753612032440313,0.021753612032440313,0.00047321963645793197,2019-12,2020-01-14T01:30:00+00:00,25.0,pseudo_real_time,12.0
early,union,ridge,2020-02,-0.4613793952885272,-0.5,0.03862060471147277,0.03862060471147277,0.0014915511082798328,2020-01,2020-02-14T01:30:00+00:00,25.0,pseudo_real_time,2.0
early,union,ridge,2020-03,-0.013078107458980082,-1.0,0.9869218925410199,0.9869218925410199,0.9740148219767485,2020-02,2020-03-16T01:30:00+00:00,25.0,pseudo_real_time,2.0
early,union,ridge,2020-04,-1.355260076538086,-1.3,-0.055260076538085956,0.055260076538085956,0.0030536760589951178,2020-03,2020-04-14T01:30:00+00:00,25.0,pseudo_real_time,2.0
early,union,ridge,2020-05,0.06475623908932873,-0.4,0.4647562390893287,0.4647562390893287,0.2159983617724573,2020-04,2020-05-14T01:30:00+00:00,25.0,pseudo_real_time,2.0
early,union,ridge,2020-06,0.3101383402545204,0.4,-0.0898616597454796,0.0898616597454796,0.008075117892212349,2020-05,2020-06-15T01:30:00+00:00,25.0,pseudo_real_time,2.0
early,union,ridge,2020-07,0.01141890258045275,0.4,-0.38858109741954727,0.38858109741954727,0.1509952692717797,2020-06,2020-07-14T01:30:00+00:00,25.0,pseudo_real_time,2.0
early,union,ridge,2020-08,0.6041921300738399,0.3,0.3041921300738399,0.3041921300738399,0.09253285199885992,2020-07,2020-08-14T01:30:00+00:00,25.0,pseudo_real_time,2.0
early,union,ridge,2020-09,0.3985547229149824,0.1,0.2985547229149824,0.2985547229149824,0.08913492257484193,2020-08,2020-09-14T01:30:00+00:00,25.0,pseudo_real_time,2.0
early,union,ridge,2020-10,0.1348132267638883,0.0,0.1348132267638883,0.1348132267638883,0.018174606110491567,2020-08,2020-10-14T01:30:00+00:00,25.0,pseudo_real_time,2.0
early,union,ridge,2020-11,0.7221099836867652,0.5,0.22210998368676516,0.22210998368676516,0.049332844853335084,2020-10,2020-11-16T01:30:00+00:00,25.0,pseudo_real_time,2.0
early,union,ridge,2020-12,0.9900752931515154,1.1,-0.10992470684848465,0.10992470684848465,0.012083441175725289,2020-11,2020-12-14T01:30:00+00:00,25.0,pseudo_real_time,2.0
early,union,ridge,2021-01,0.8684912721714207,1.0,-0.13150872782857925,0.13150872782857925,0.017294545495091334,2020-12,2021-01-14T01:30:00+00:00,25.0,pseudo_real_time,2.0
early,union,ridge,2021-02,-0.18643907063044854,0.8,-0.9864390706304486,0.9864390706304486,0.9730620400662631,2021-01,2021-02-19T01:30:00+00:00,25.0,pseudo_real_time,2.0
early,union,ridge,2021-03,1.3504371356575422,1.6,-0.2495628643424579,0.2495628643424579,0.06228162325881204,2021-02,2021-03-15T01:30:00+00:00,25.0,pseudo_real_time,2.0
early,union,ridge,2021-04,0.48585770869541706,0.9,-0.41414229130458297,0.41414229130458297,0.17151383744701004,2021-03,2021-04-14T01:30:00+00:00,25.0,pseudo_real_time,2.0
early,union,ridge,2021-05,1.3107459070595144,1.6,-0.28925409294048565,0.28925409294048565,0.08366793028282311,2021-04,2021-05-14T01:30:00+00:00,25.0,pseudo_real_time,2.0
early,union,ridge,2021-06,0.19899678579587393,0.3,-0.10100321420412606,0.10100321420412606,0.010201649279564571,2021-05,2021-06-15T01:30:00+00:00,25.0,pseudo_real_time,2.0
early,union,ridge,2021-07,0.2603790140041357,0.5,-0.2396209859958643,0.2396209859958643,0.057418216929630186,2021-06,2021-07-14T01:30:00+00:00,25.0,pseudo_real_time,2.0
early,union,ridge,2021-08,0.5624378230271525,0.7,-0.13756217697284745,0.13756217697284745,0.018923352533509002,2021-07,2021-08-16T01:30:00+00:00,25.0,pseudo_real_time,12.0
early,union,ridge,2021-09,0.45354555742873137,1.2,-0.7464544425712686,0.7464544425712686,0.5571942348343834,2021-08,2021-09-14T01:30:00+00:00,25.0,pseudo_real_time,2.0
early,union,ridge,2021-10,1.945664456083882,2.5,-0.554335543916118,0.554335543916118,0.3072878952487783,2021-08,2021-10-14T01:30:00+00:00,25.0,pseudo_real_time,2.0
early,union,ridge,2021-11,-0.6062532073613687,0.0,-0.6062532073613687,0.6062532073613687,0.3675429514359467,2021-10,2021-11-15T01:30:00+00:00,25.0,pseudo_real_time,12.0
early,union,ridge,2021-12,-1.4339584531430725,-1.2,-0.2339584531430725,0.2339584531430725,0.05473655779709925,2021-11,2021-12-14T01:30:00+00:00,25.0,pseudo_real_time,12.0
early,union,ridge,2022-01,-0.28444967137095034,-0.2,-0.08444967137095033,0.08444967137095033,0.007131746994661508,2021-12,2022-01-14T01:30:00+00:00,25.0,pseudo_real_time,2.0
early,union,ridge,2022-04,0.2279527580308685,0.6,-0.37204724196913147,0.37204724196913147,0.13841915025683746,2022-01,2022-04-14T01:30:00+00:00,25.0,pseudo_real_time,2.0
early,union,ridge,2022-05,-0.11878316215511407,0.1,-0.21878316215511406,0.21878316215511406,0.04786607204259093,2022-04,2022-05-14T01:30:00+00:00,25.0,pseudo_real_time,2.0
early,union,ridge,2022-06,0.15440473823508133,0.0,0.15440473823508133,0.15440473823508133,0.023840823189443985,2022-05,2022-06-14T01:30:00+00:00,25.0,pseudo_real_time,24.0
early,union,ridge,2022-07,-1.0839347565735395,-1.3,0.2160652434264605,0.2160652434264605,0.04668418941693563,2022-06,2022-07-14T01:30:00+00:00,25.0,pseudo_real_time,24.0
early,union,ridge,2022-08,-1.0139823353787523,-1.2,0.1860176646212477,0.1860176646212477,0.034602571551142984,2022-07,2022-08-14T01:30:00+00:00,25.0,pseudo_real_time,24.0
early,union,ridge,2022-09,0.05135526527609455,-0.1,0.15135526527609455,0.15135526527609455,0.022908416326796955,2022-08,2022-09-14T01:30:00+00:00,25.0,pseudo_real_time,24.0
early,union,ridge,2022-10,0.16959922346980189,0.2,-0.030400776530198126,0.030400776530198126,0.0009242072136390452,2022-08,2022-10-14T01:30:00+00:00,25.0,pseudo_real_time,24.0
early,union,ridge,2022-11,-0.47434342586943345,0.1,-0.5743434258694334,0.5743434258694334,0.3298703708394374,2022-10,2022-11-14T01:30:00+00:00,25.0,pseudo_real_time,24.0
early,union,ridge,2022-12,-0.36951844319923355,-0.5,0.13048155680076645,0.13048155680076645,0.017025436665151644,2022-11,2022-12-14T01:30:00+00:00,25.0,pseudo_real_time,24.0
early,union,ridge,2023-01,-0.5218697679587077,-0.4,-0.12186976795870763,0.12186976795870763,0.014852240342309241,2022-12,2023-01-14T01:30:00+00:00,25.0,pseudo_real_time,24.0
early,union,ridge,2023-02,0.27000570690594045,0.0,0.27000570690594045,0.27000570690594045,0.07290308176177662,2023-01,2023-02-14T01:30:00+00:00,25.0,pseudo_real_time,12.0
early,union,ridge,2023-03,0.041002343033546274,0.0,0.041002343033546274,0.041002343033546274,0.0016811921342406006,2023-02,2023-03-14T01:30:00+00:00,25.0,pseudo_real_time,12.0
early,union,ridge,2023-04,-0.5700511234596676,-0.5,-0.07005112345966757,0.07005112345966757,0.004907159897961589,2023-03,2023-04-14T01:30:00+00:00,25.0,pseudo_real_time,12.0
early,union,ridge,2023-05,-1.0291792181337978,-0.9,-0.12917921813379774,0.12917921813379774,0.0166872703976593,2023-04,2023-05-14T01:30:00+00:00,25.0,pseudo_real_time,12.0
early,union,ridge,2023-06,-0.9369576104859989,-0.8,-0.13695761048599886,0.13695761048599886,0.018757387070034586,2023-05,2023-06-14T01:30:00+00:00,25.0,pseudo_real_time,12.0
early,union,ridge,2023-07,-0.027528933196306143,-0.2,0.17247106680369387,0.17247106680369387,0.029746268884404233,2023-06,2023-07-14T01:30:00+00:00,25.0,pseudo_real_time,2.0
early,union,ridge,2023-08,0.7993716703657787,0.2,0.5993716703657788,0.5993716703657788,0.35924639923706375,2023-07,2023-08-14T01:30:00+00:00,25.0,pseudo_real_time,12.0
early,union,ridge,2023-09,0.17130264019030175,0.4,-0.22869735980969827,0.22869735980969827,0.052302482383926596,2023-08,2023-09-14T01:30:00+00:00,25.0,pseudo_real_time,12.0
early,union,ridge,2023-10,0.03649869255118669,0.0,0.03649869255118669,0.03649869255118669,0.001332154557946051,2023-09,2023-10-14T01:30:00+00:00,25.0,pseudo_real_time,2.0
early,union,ridge,2023-11,-0.165759295132479,-0.3,0.134240704867521,0.134240704867521,0.018020566843328874,2023-10,2023-11-14T01:30:00+00:00,25.0,pseudo_real_time,2.0
early,union,ridge,2023-12,-0.01107281642702633,-0.3,0.28892718357297364,0.28892718357297364,0.08347891740741081,2023-11,2023-12-14T01:30:00+00:00,25.0,pseudo_real_time,12.0
early,union,ridge,2024-01,-0.28024512326414036,-0.2,-0.08024512326414035,0.08024512326414035,0.006439279807677079,2023-12,2024-01-14T01:30:00+00:00,25.0,pseudo_real_time,2.0
early,union,ridge,2024-02,-0.26817821972818895,-0.2,-0.06817821972818894,0.06817821972818894,0.004648269645305211,2024-01,2024-02-14T01:30:00+00:00,25.0,pseudo_real_time,2.0
early,union,ridge,2024-03,0.15859170978843334,-0.1,0.2585917097884334,0.2585917097884334,0.06686967237130535,2024-02,2024-03-14T01:30:00+00:00,25.0,pseudo_real_time,12.0
early,union,ridge,2024-04,0.005004202494381778,-0.2,0.20500420249438178,0.20500420249438178,0.04202672304035749,2024-03,2024-04-14T01:30:00+00:00,25.0,pseudo_real_time,2.0
early,union,ridge,2024-05,0.17543408071853442,0.2,-0.024565919281465592,0.024565919281465592,0.000603484390143483,2024-04,2024-05-14T01:30:00+00:00,25.0,pseudo_real_time,12.0
early,union,ridge,2024-06,0.1571504177346181,0.1,0.0571504177346181,0.0571504177346181,0.0032661702472413508,2024-05,2024-06-14T01:30:00+00:00,25.0,pseudo_real_time,12.0
early,union,ridge,2024-07,-0.20410602278928563,-0.2,-0.004106022789285624,0.004106022789285624,1.6859423146132895e-05,2024-06,2024-07-14T01:30:00+00:00,25.0,pseudo_real_time,12.0
early,union,ridge,2024-08,-0.2867050552935383,-0.7,0.41329494470646166,0.41329494470646166,0.1708127113199172,2024-07,2024-08-14T01:30:00+00:00,25.0,pseudo_real_time,12.0
early,union,ridge,2024-09,-0.2796496371780828,-0.6,0.3203503628219172,0.3203503628219172,0.10262435496013399,2024-08,2024-09-14T01:30:00+00:00,25.0,pseudo_real_time,12.0
early,union,ridge,2024-10,0.5906060876442796,-0.1,0.6906060876442796,0.6906060876442796,0.47693676829133835,2024-09,2024-10-14T01:30:00+00:00,25.0,pseudo_real_time,12.0
early,union,ridge,2024-11,0.042622390297561104,-0.1,0.1426223902975611,0.1426223902975611,0.02034114621418985,2024-10,2024-11-14T01:30:00+00:00,25.0,pseudo_real_time,2.0
early,union,ridge,2024-12,-0.006602381969364034,-0.1,0.09339761803063597,0.09339761803063597,0.008723115053796577,2024-11,2024-12-14T01:30:00+00:00,25.0,pseudo_real_time,2.0
early,union,ridge,2025-01,-0.21792895343484855,-0.2,-0.017928953434848544,0.017928953434848544,0.0003214473712689674,2024-12,2025-01-14T01:30:00+00:00,25.0,pseudo_real_time,2.0
early,union,ridge,2025-02,0.38549961786626347,-0.1,0.4854996178662635,0.4854996178662635,0.23570987894828788,2025-01,2025-02-14T01:30:00+00:00,25.0,pseudo_real_time,2.0
early,union,ridge,2025-03,0.07707678297756523,-0.4,0.4770767829775653,0.4770767829775653,0.22760225685622293,2025-02,2025-03-14T01:30:00+00:00,25.0,pseudo_real_time,12.0
early,union,ridge,2025-04,-0.08762208862524012,-0.4,0.3123779113747599,0.3123779113747599,0.09757995951485735,2025-03,2025-04-14T01:30:00+00:00,25.0,pseudo_real_time,12.0
early,union,ridge,2025-05,-0.558540678284872,-0.4,-0.15854067828487195,0.15854067828487195,0.02513514667102727,2025-04,2025-05-14T01:30:00+00:00,25.0,pseudo_real_time,12.0
early,union,ridge,2025-06,-0.31905886558810764,-0.4,0.08094113441189238,0.08094113441189238,0.0065514672398840285,2025-05,2025-06-14T01:30:00+00:00,25.0,pseudo_real_time,24.0
early,union,ridge,2025-07,0.09651514992981458,-0.2,0.2965151499298146,0.2965151499298146,0.08792123413790043,2025-06,2025-07-14T01:30:00+00:00,100.0,pseudo_real_time,12.0
early,union,ridge,2025-08,0.23333183977159339,0.0,0.23333183977159339,0.23333183977159339,0.05444374745119653,2025-07,2025-08-14T01:30:00+00:00,25.0,pseudo_real_time,24.0
early,union,ridge,2025-09,-0.024646901739267972,0.0,-0.024646901739267972,0.024646901739267972,0.0006074697653451306,2025-08,2025-09-14T01:30:00+00:00,25.0,pseudo_real_time,12.0
early,union,ridge,2025-12,0.15933664953990864,0.2,-0.04066335046009137,0.04066335046009137,0.001653508070640213,2025-09,2025-12-14T01:30:00+00:00,100.0,pseudo_real_time,12.0
early,union,ridge,2026-01,-0.14140546213384908,0.4,-0.5414054621338491,0.5414054621338491,0.29311987442836673,2025-12,2026-01-14T01:30:00+00:00,100.0,pseudo_real_time,2.0
early,union,ridge,2026-02,-0.02659266037164835,0.4,-0.4265926603716484,0.4265926603716484,0.18198129788296055,2026-01,2026-02-14T01:30:00+00:00,25.0,pseudo_real_time,12.0
early,union,ridge,2026-03,0.4582963386605892,1.0,-0.5417036613394108,0.5417036613394108,0.2934428567085231,2026-02,2026-03-14T01:30:00+00:00,100.0,pseudo_real_time,2.0
early,union,ridge,2026-04,1.2680592619806583,1.7,-0.43194073801934163,0.43194073801934163,0.18657280116069352,2026-03,2026-04-14T01:30:00+00:00,100.0,pseudo_real_time,2.0
early,union,ridge,2026-05,-0.22628070179410617,0.5,-0.7262807017941062,0.7262807017941062,0.5274836577985395,2026-04,2026-05-14T01:30:00+00:00,100.0,pseudo_real_time,24.0
early,union,ridge,2026-06,-0.2351205485230261,-0.3,0.06487945147697388,0.06487945147697388,0.004209343223953008,2026-05,2026-06-14T01:30:00+00:00,100.0,pseudo_real_time,2.0
early,union,ridge,2026-07,-0.5133752885503307,-0.7,0.1866247114496693,0.1866247114496693,0.03482878292367233,2026-06,2026-07-14T01:30:00+00:00,100.0,pseudo_real_time,24.0
early,union,ridge,2026-08,0.37873051514855044,0.4,-0.021269484851449583,0.021269484851449583,0.00045239098584604325,2026-07,2026-08-14T01:30:00+00:00,100.0,pseudo_real_time,24.0
early_carry,union,ridge,2016-04,-0.2750938974916368,0.7,-0.9750938974916368,0.9750938974916368,0.9508081089254307,2016-01,2016-04-14T01:30:00+00:00,400.0,pseudo_real_time,2.0
early_carry,union,ridge,2016-05,0.1301486607139019,0.5,-0.3698513392860981,0.3698513392860981,0.13679001317172043,2016-04,2016-05-16T01:30:00+00:00,100.0,pseudo_real_time,2.0
early_carry,union,ridge,2016-06,-0.6593336517625203,-0.2,-0.45933365176252033,0.45933365176252033,0.2109874036414923,2016-05,2016-06-14T01:30:00+00:00,10.0,pseudo_real_time,2.0
early_carry,union,ridge,2016-07,-0.24130091484342642,0.2,-0.44130091484342643,0.44130091484342643,0.1947464974416451,2016-06,2016-07-14T01:30:00+00:00,10.0,pseudo_real_time,2.0
early_carry,union,ridge,2016-08,0.12129821211404668,0.2,-0.07870178788595333,0.07870178788595333,0.006193971416445591,2016-07,2016-08-15T01:30:00+00:00,25.0,pseudo_real_time,2.0
early_carry,union,ridge,2016-09,0.41631625299851244,0.5,-0.08368374700148756,0.08368374700148756,0.007002969512208979,2016-08,2016-09-14T01:30:00+00:00,25.0,pseudo_real_time,2.0
early_carry,union,ridge,2016-10,0.6067842369781407,0.7,-0.0932157630218593,0.0932157630218593,0.008689178475747432,2016-08,2016-10-14T01:30:00+00:00,25.0,pseudo_real_time,2.0
early_carry,union,ridge,2016-11,0.8978979308633447,1.5,-0.6021020691366553,0.6021020691366553,0.36252690165864165,2016-10,2016-11-14T01:30:00+00:00,10.0,pseudo_real_time,2.0
early_carry,union,ridge,2016-12,0.35969091920439644,1.6,-1.2403090807956036,1.2403090807956036,1.5383666159040352,2016-11,2016-12-14T01:30:00+00:00,10.0,pseudo_real_time,2.0
early_carry,union,ridge,2017-01,0.16675733693047298,0.8,-0.633242663069527,0.633242663069527,0.4009962703313865,2016-12,2017-01-16T01:30:00+00:00,10.0,pseudo_real_time,2.0
early_carry,union,ridge,2017-03,0.12850726205155724,0.3,-0.17149273794844275,0.17149273794844275,0.029409759169053255,2017-01,2017-03-14T01:30:00+00:00,10.0,pseudo_real_time,2.0
early_carry,union,ridge,2017-04,-0.541048422068669,-0.4,-0.14104842206866897,0.14104842206866897,0.019894657368061383,2017-03,2017-04-14T01:30:00+00:00,10.0,pseudo_real_time,2.0
early_carry,union,ridge,2017-05,-0.42083932492795584,-0.3,-0.12083932492795585,0.12083932492795585,0.014602142449044092,2017-04,2017-05-15T01:30:00+00:00,10.0,pseudo_real_time,2.0
early_carry,union,ridge,2017-06,-0.5267990712058757,-0.2,-0.32679907120587565,0.32679907120587565,0.10679763294102299,2017-05,2017-06-14T01:30:00+00:00,10.0,pseudo_real_time,2.0
early_carry,union,ridge,2017-07,-0.06807288917051726,0.2,-0.2680728891705173,0.2680728891705173,0.07186307390822845,2017-06,2017-07-14T01:30:00+00:00,10.0,pseudo_real_time,2.0
early_carry,union,ridge,2017-08,0.4265551489752485,0.9,-0.47344485102475153,0.47344485102475153,0.22415002696184919,2017-07,2017-08-14T01:30:00+00:00,10.0,pseudo_real_time,2.0
early_carry,union,ridge,2017-09,1.2341316244758334,1.0,0.23413162447583336,0.23413162447583336,0.05481761757969265,2017-08,2017-09-14T01:30:00+00:00,10.0,pseudo_real_time,2.0
early_carry,union,ridge,2017-10,0.3275302235405793,0.7,-0.37246977645942064,0.37246977645942064,0.13873373437573078,2017-08,2017-10-16T01:30:00+00:00,10.0,pseudo_real_time,2.0
early_carry,union,ridge,2017-11,-0.04457212321367148,0.5,-0.5445721232136714,0.5445721232136714,0.29655879738144614,2017-10,2017-11-14T01:30:00+00:00,100.0,pseudo_real_time,12.0
early_carry,union,ridge,2017-12,0.4031632669463588,0.8,-0.39683673305364126,0.39683673305364126,0.15747939270068692,2017-11,2017-12-14T01:30:00+00:00,25.0,pseudo_real_time,2.0
early_carry,union,ridge,2018-01,-0.0721693193452781,0.3,-0.3721693193452781,0.3721693193452781,0.13851000226192758,2017-12,2018-01-15T01:30:00+00:00,10.0,pseudo_real_time,2.0
early_carry,union,ridge,2018-02,-0.09982694872068311,-0.1,0.00017305127931689646,0.00017305127931689646,2.994674527321451e-08,2018-01,2018-02-14T01:30:00+00:00,10.0,pseudo_real_time,2.0
early_carry,union,ridge,2018-03,-0.2059047126319208,-0.2,-0.0059047126319208,0.0059047126319208,3.486563126556506e-05,2018-02,2018-03-14T01:30:00+00:00,100.0,pseudo_real_time,2.0
early_carry,union,ridge,2018-04,-0.24426720640599137,-0.2,-0.044267206405991355,0.044267206405991355,0.001959585562990642,2018-03,2018-04-16T01:30:00+00:00,25.0,pseudo_real_time,12.0
early_carry,union,ridge,2018-05,0.13097606916373986,0.4,-0.2690239308362602,0.2690239308362602,0.0723738753625929,2018-04,2018-05-14T01:30:00+00:00,100.0,pseudo_real_time,2.0
early_carry,union,ridge,2018-06,0.08335552659777004,0.3,-0.21664447340222995,0.21664447340222995,0.04693482785572952,2018-05,2018-06-14T01:30:00+00:00,100.0,pseudo_real_time,12.0
early_carry,union,ridge,2018-07,0.02336853893107091,0.1,-0.0766314610689291,0.0766314610689291,0.005872380825558796,2018-06,2018-07-16T01:30:00+00:00,100.0,pseudo_real_time,12.0
early_carry,union,ridge,2018-08,0.2580986104234018,0.4,-0.1419013895765982,0.1419013895765982,0.020136004363769493,2018-07,2018-08-14T01:30:00+00:00,25.0,pseudo_real_time,12.0
early_carry,union,ridge,2018-09,0.4241662798549564,0.6,-0.17583372014504356,0.17583372014504356,0.030917497140045498,2018-08,2018-09-14T01:30:00+00:00,100.0,pseudo_real_time,12.0
early_carry,union,ridge,2018-10,0.32162435766540787,0.4,-0.07837564233459215,0.07837564233459215,0.006142741311359914,2018-08,2018-10-15T01:30:00+00:00,100.0,pseudo_real_time,12.0
early_carry,union,ridge,2018-11,-0.4636726730775462,-0.2,-0.2636726730775462,0.2636726730775462,0.06952327852785857,2018-10,2018-11-14T01:30:00+00:00,25.0,pseudo_real_time,2.0
early_carry,union,ridge,2018-12,-0.8781961716192942,-1.0,0.1218038283807058,0.1218038283807058,0.014836172608196432,2018-11,2018-12-14T01:30:00+00:00,25.0,pseudo_real_time,2.0
early_carry,union,ridge,2019-01,-0.8040501053593523,-0.6,-0.2040501053593523,0.2040501053593523,0.04163644549716278,2018-12,2019-01-14T01:30:00+00:00,25.0,pseudo_real_time,2.0
early_carry,union,ridge,2019-04,0.12866765351653534,0.3,-0.17133234648346465,0.17133234648346465,0.029354772951529984,2019-01,2019-04-15T01:30:00+00:00,25.0,pseudo_real_time,2.0
early_carry,union,ridge,2019-05,-0.2700010473484754,0.2,-0.4700010473484754,0.4700010473484754,0.22090098450866383,2019-04,2019-05-14T01:30:00+00:00,25.0,pseudo_real_time,2.0
early_carry,union,ridge,2019-06,-0.5993387753188218,-0.3,-0.29933877531882186,0.29933877531882186,0.08960370240937211,2019-05,2019-06-14T01:30:00+00:00,100.0,pseudo_real_time,2.0
early_carry,union,ridge,2019-07,-0.053499589381522356,-0.2,0.14650041061847766,0.14650041061847766,0.02146237031138256,2019-06,2019-07-15T01:30:00+00:00,100.0,pseudo_real_time,2.0
early_carry,union,ridge,2019-08,-0.24434643856375318,-0.1,-0.14434643856375318,0.14434643856375318,0.02083589432603937,2019-07,2019-08-14T01:30:00+00:00,100.0,pseudo_real_time,12.0
early_carry,union,ridge,2019-09,-0.08580676503798117,0.1,-0.18580676503798116,0.18580676503798116,0.03452415393387954,2019-08,2019-09-16T01:30:00+00:00,100.0,pseudo_real_time,2.0
early_carry,union,ridge,2019-10,0.06277279866777848,0.1,-0.03722720133222153,0.03722720133222153,0.0013858645190297563,2019-08,2019-10-14T01:30:00+00:00,100.0,pseudo_real_time,2.0
early_carry,union,ridge,2019-11,-0.17583257256183316,-0.1,-0.07583257256183315,0.07583257256183315,0.00575057906134569,2019-10,2019-11-14T01:30:00+00:00,100.0,pseudo_real_time,12.0
early_carry,union,ridge,2019-12,-0.006167884157340155,0.0,-0.006167884157340155,0.006167884157340155,3.8042794978367674e-05,2019-11,2019-12-16T01:30:00+00:00,25.0,pseudo_real_time,2.0
early_carry,union,ridge,2020-01,0.0015730328107818395,0.0,0.0015730328107818395,0.0015730328107818395,2.4744322237962144e-06,2019-12,2020-01-14T01:30:00+00:00,10.0,pseudo_real_time,2.0
early_carry,union,ridge,2020-02,-0.5915339448201474,-0.5,-0.09153394482014743,0.09153394482014743,0.008378463054337794,2020-01,2020-02-14T01:30:00+00:00,10.0,pseudo_real_time,2.0
early_carry,union,ridge,2020-03,0.0032577244056280577,-1.0,1.003257724405628,1.003257724405628,1.006526061579559,2020-02,2020-03-16T01:30:00+00:00,10.0,pseudo_real_time,2.0
early_carry,union,ridge,2020-04,-1.2290893835920553,-1.3,0.07091061640794472,0.07091061640794472,0.005028315519354678,2020-03,2020-04-14T01:30:00+00:00,25.0,pseudo_real_time,2.0
early_carry,union,ridge,2020-05,0.0397079893243633,-0.4,0.43970798932436334,0.43970798932436334,0.19334311587567443,2020-04,2020-05-14T01:30:00+00:00,10.0,pseudo_real_time,2.0
early_carry,union,ridge,2020-06,0.21135653888772282,0.4,-0.1886434611122772,0.1886434611122772,0.03558635542041924,2020-05,2020-06-15T01:30:00+00:00,10.0,pseudo_real_time,2.0
early_carry,union,ridge,2020-07,-0.19649285063863195,0.4,-0.596492850638632,0.596492850638632,0.3558037208630013,2020-06,2020-07-14T01:30:00+00:00,10.0,pseudo_real_time,2.0
early_carry,union,ridge,2020-08,0.5987448395717875,0.3,0.2987448395717875,0.2987448395717875,0.08924847917077304,2020-07,2020-08-14T01:30:00+00:00,10.0,pseudo_real_time,2.0
early_carry,union,ridge,2020-09,0.3921063345667385,0.1,0.2921063345667385,0.2921063345667385,0.08532611069401537,2020-08,2020-09-14T01:30:00+00:00,25.0,pseudo_real_time,2.0
early_carry,union,ridge,2020-10,0.21237521327454437,0.0,0.21237521327454437,0.21237521327454437,0.04510323121340821,2020-08,2020-10-14T01:30:00+00:00,25.0,pseudo_real_time,2.0
early_carry,union,ridge,2020-11,0.7137671789999286,0.5,0.2137671789999286,0.2137671789999286,0.04569640681758751,2020-10,2020-11-16T01:30:00+00:00,25.0,pseudo_real_time,2.0
early_carry,union,ridge,2020-12,1.1869641187737083,1.1,0.08696411877370824,0.08696411877370824,0.007562757954087634,2020-11,2020-12-14T01:30:00+00:00,25.0,pseudo_real_time,12.0
early_carry,union,ridge,2021-01,0.6479455329525821,1.0,-0.35205446704741794,0.35205446704741794,0.12394234776804149,2020-12,2021-01-14T01:30:00+00:00,10.0,pseudo_real_time,2.0
early_carry,union,ridge,2021-02,-0.2391567235583605,0.8,-1.0391567235583605,1.0391567235583605,1.079846696116547,2021-01,2021-02-19T01:30:00+00:00,25.0,pseudo_real_time,2.0
early_carry,union,ridge,2021-03,0.9577326503930816,1.6,-0.6422673496069184,0.6422673496069184,0.4125073483710956,2021-02,2021-03-15T01:30:00+00:00,25.0,pseudo_real_time,2.0
early_carry,union,ridge,2021-04,0.3726206173444273,0.9,-0.5273793826555727,0.5273793826555727,0.278129013250173,2021-03,2021-04-14T01:30:00+00:00,25.0,pseudo_real_time,2.0
early_carry,union,ridge,2021-05,1.6470542035389761,1.6,0.04705420353897605,0.04705420353897605,0.002214098070687386,2021-04,2021-05-14T01:30:00+00:00,25.0,pseudo_real_time,2.0
early_carry,union,ridge,2021-06,0.12964150084501586,0.3,-0.17035849915498413,0.17035849915498413,0.02902201823433873,2021-05,2021-06-15T01:30:00+00:00,25.0,pseudo_real_time,2.0
early_carry,union,ridge,2021-07,0.3113947370214408,0.5,-0.18860526297855917,0.18860526297855917,0.035571945223211464,2021-06,2021-07-14T01:30:00+00:00,25.0,pseudo_real_time,2.0
early_carry,union,ridge,2021-08,0.5374435985983387,0.7,-0.16255640140166128,0.16255640140166128,0.026424583636658023,2021-07,2021-08-16T01:30:00+00:00,25.0,pseudo_real_time,12.0
early_carry,union,ridge,2021-09,0.5266552338323117,1.2,-0.6733447661676882,0.6733447661676882,0.45339317412541874,2021-08,2021-09-14T01:30:00+00:00,25.0,pseudo_real_time,2.0
early_carry,union,ridge,2021-10,1.7019678331578352,2.5,-0.7980321668421648,0.7980321668421648,0.6368553393148008,2021-08,2021-10-14T01:30:00+00:00,25.0,pseudo_real_time,2.0
early_carry,union,ridge,2021-11,-0.4849172664231992,0.0,-0.4849172664231992,0.4849172664231992,0.23514475527534798,2021-10,2021-11-15T01:30:00+00:00,10.0,pseudo_real_time,12.0
early_carry,union,ridge,2021-12,-1.386452444046812,-1.2,-0.18645244404681205,0.18645244404681205,0.03476451389102958,2021-11,2021-12-14T01:30:00+00:00,25.0,pseudo_real_time,2.0
early_carry,union,ridge,2022-01,-0.18191435485262664,-0.2,0.018085645147373375,0.018085645147373375,0.0003270905603967101,2021-12,2022-01-14T01:30:00+00:00,10.0,pseudo_real_time,12.0
early_carry,union,ridge,2022-04,0.25793235011619486,0.6,-0.3420676498838051,0.3420676498838051,0.11701027709702948,2022-01,2022-04-14T01:30:00+00:00,25.0,pseudo_real_time,24.0
early_carry,union,ridge,2022-05,-0.2694191856370932,0.1,-0.3694191856370932,0.3694191856370932,0.13647053471677312,2022-04,2022-05-14T01:30:00+00:00,25.0,pseudo_real_time,12.0
early_carry,union,ridge,2022-06,0.19994306434690667,0.0,0.19994306434690667,0.19994306434690667,0.03997722898043126,2022-05,2022-06-14T01:30:00+00:00,25.0,pseudo_real_time,24.0
early_carry,union,ridge,2022-07,-1.0603375849608172,-1.3,0.23966241503918284,0.23966241503918284,0.057438073182413535,2022-06,2022-07-14T01:30:00+00:00,25.0,pseudo_real_time,24.0
early_carry,union,ridge,2022-08,-0.6725724829587171,-1.2,0.5274275170412829,0.5274275170412829,0.27817978573233276,2022-07,2022-08-14T01:30:00+00:00,25.0,pseudo_real_time,24.0
early_carry,union,ridge,2022-09,-0.11614604614410337,-0.1,-0.016146046144103365,0.016146046144103365,0.00026069480608751516,2022-08,2022-09-14T01:30:00+00:00,25.0,pseudo_real_time,24.0
early_carry,union,ridge,2022-10,0.24249699170353764,0.2,0.04249699170353763,0.04249699170353763,0.001805994303850546,2022-08,2022-10-14T01:30:00+00:00,25.0,pseudo_real_time,24.0
early_carry,union,ridge,2022-11,-0.7569061485959626,0.1,-0.8569061485959626,0.8569061485959626,0.7342881475015659,2022-10,2022-11-14T01:30:00+00:00,25.0,pseudo_real_time,12.0
early_carry,union,ridge,2022-12,-0.5801548957314632,-0.5,-0.08015489573146317,0.08015489573146317,0.006424807309721733,2022-11,2022-12-14T01:30:00+00:00,25.0,pseudo_real_time,12.0
early_carry,union,ridge,2023-01,-0.45695216880723505,-0.4,-0.056952168807235026,0.056952168807235026,0.003243549531847794,2022-12,2023-01-14T01:30:00+00:00,25.0,pseudo_real_time,12.0
early_carry,union,ridge,2023-03,0.23862271588068407,0.0,0.23862271588068407,0.23862271588068407,0.056940800534273674,2023-01,2023-03-14T01:30:00+00:00,25.0,pseudo_real_time,12.0
early_carry,union,ridge,2023-04,-0.36286042274465113,-0.5,0.13713957725534887,0.13713957725534887,0.0188072636497758,2023-03,2023-04-14T01:30:00+00:00,25.0,pseudo_real_time,12.0
early_carry,union,ridge,2023-05,-0.7666236853744778,-0.9,0.13337631462552224,0.13337631462552224,0.017789241303086296,2023-04,2023-05-14T01:30:00+00:00,25.0,pseudo_real_time,12.0
early_carry,union,ridge,2023-06,-0.8270989588332914,-0.8,-0.027098958833291387,0.027098958833291387,0.0007343535698484213,2023-05,2023-06-14T01:30:00+00:00,25.0,pseudo_real_time,12.0
early_carry,union,ridge,2023-07,0.06486419740746487,-0.2,0.26486419740746486,0.26486419740746486,0.07015304306830052,2023-06,2023-07-14T01:30:00+00:00,25.0,pseudo_real_time,12.0
early_carry,union,ridge,2023-08,0.8763693260435795,0.2,0.6763693260435795,0.6763693260435795,0.4574754652126459,2023-07,2023-08-14T01:30:00+00:00,25.0,pseudo_real_time,12.0
early_carry,union,ridge,2023-09,0.3439463733298943,0.4,-0.056053626670105716,0.056053626670105716,0.0031420090628715867,2023-08,2023-09-14T01:30:00+00:00,100.0,pseudo_real_time,12.0
early_carry,union,ridge,2023-10,0.007799608655064988,0.0,0.007799608655064988,0.007799608655064988,6.083389517216467e-05,2023-09,2023-10-14T01:30:00+00:00,100.0,pseudo_real_time,12.0
early_carry,union,ridge,2023-11,-0.18527057823582146,-0.3,0.11472942176417852,0.11472942176417852,0.01316284021834276,2023-10,2023-11-14T01:30:00+00:00,25.0,pseudo_real_time,12.0
early_carry,union,ridge,2023-12,-0.05308260901476766,-0.3,0.24691739098523233,0.24691739098523233,0.06096819797095409,2023-11,2023-12-14T01:30:00+00:00,100.0,pseudo_real_time,12.0
early_carry,union,ridge,2024-01,-0.2358490676735981,-0.2,-0.03584906767359808,0.03584906767359808,0.0012851556530662147,2023-12,2024-01-14T01:30:00+00:00,100.0,pseudo_real_time,2.0
early_carry,union,ridge,2024-02,-0.28030329435864343,-0.2,-0.08030329435864342,0.08030329435864342,0.006448619084850932,2024-01,2024-02-14T01:30:00+00:00,25.0,pseudo_real_time,12.0
early_carry,union,ridge,2024-03,0.1650143220439282,-0.1,0.2650143220439282,0.2650143220439282,0.0702325908884029,2024-02,2024-03-14T01:30:00+00:00,100.0,pseudo_real_time,2.0
early_carry,union,ridge,2024-04,-0.030764401178200375,-0.2,0.16923559882179964,0.16923559882179964,0.028640687908573114,2024-03,2024-04-14T01:30:00+00:00,100.0,pseudo_real_time,12.0
early_carry,union,ridge,2024-05,0.06122172366993081,0.2,-0.1387782763300692,0.1387782763300692,0.019259409981145045,2024-04,2024-05-14T01:30:00+00:00,100.0,pseudo_real_time,12.0
early_carry,union,ridge,2024-06,0.017247162753372024,0.1,-0.08275283724662798,0.08275283724662798,0.0068480320723668985,2024-05,2024-06-14T01:30:00+00:00,100.0,pseudo_real_time,12.0
early_carry,union,ridge,2024-07,-0.21327202227017464,-0.2,-0.013272022270174627,0.013272022270174627,0.00017614657514001126,2024-06,2024-07-14T01:30:00+00:00,25.0,pseudo_real_time,2.0
early_carry,union,ridge,2024-08,-0.33981698104658603,-0.7,0.3601830189534139,0.3601830189534139,0.12973180714239532,2024-07,2024-08-14T01:30:00+00:00,100.0,pseudo_real_time,12.0
early_carry,union,ridge,2024-09,-0.41421173243157144,-0.6,0.18578826756842853,0.18578826756842853,0.03451728036607799,2024-08,2024-09-14T01:30:00+00:00,25.0,pseudo_real_time,2.0
early_carry,union,ridge,2024-10,0.8417363098757941,-0.1,0.941736309875794,0.941736309875794,0.8868672773384776,2024-09,2024-10-14T01:30:00+00:00,25.0,pseudo_real_time,12.0
early_carry,union,ridge,2024-11,-0.0487174985165342,-0.1,0.0512825014834658,0.0512825014834658,0.0026298949584016725,2024-10,2024-11-14T01:30:00+00:00,25.0,pseudo_real_time,2.0
early_carry,union,ridge,2024-12,0.061581326128239605,-0.1,0.1615813261282396,0.1615813261282396,0.02610852495336053,2024-11,2024-12-14T01:30:00+00:00,25.0,pseudo_real_time,2.0
early_carry,union,ridge,2025-01,-0.2565599447655725,-0.2,-0.05655994476557247,0.05655994476557247,0.0031990273518846084,2024-12,2025-01-14T01:30:00+00:00,25.0,pseudo_real_time,12.0
early_carry,union,ridge,2025-03,0.04490216737179907,-0.4,0.4449021673717991,0.4449021673717991,0.19793793853212435,2025-01,2025-03-14T01:30:00+00:00,25.0,pseudo_real_time,12.0
early_carry,union,ridge,2025-04,-0.1898404240630651,-0.4,0.21015957593693493,0.21015957593693493,0.044167047357992324,2025-03,2025-04-14T01:30:00+00:00,25.0,pseudo_real_time,2.0
early_carry,union,ridge,2025-05,-0.7395011407601096,-0.4,-0.3395011407601096,0.3395011407601096,0.11526102457741577,2025-04,2025-05-14T01:30:00+00:00,25.0,pseudo_real_time,2.0
early_carry,union,ridge,2025-06,-0.33677924146272387,-0.4,0.06322075853727616,0.06322075853727616,0.003996864310028576,2025-05,2025-06-14T01:30:00+00:00,25.0,pseudo_real_time,12.0
early_carry,union,ridge,2025-07,0.03559906159382076,-0.2,0.23559906159382077,0.23559906159382077,0.05550691782388895,2025-06,2025-07-14T01:30:00+00:00,25.0,pseudo_real_time,12.0
early_carry,union,ridge,2025-08,0.06158886763398423,0.0,0.06158886763398423,0.06158886763398423,0.0037931886164364304,2025-07,2025-08-14T01:30:00+00:00,25.0,pseudo_real_time,12.0
early_carry,union,ridge,2025-09,-0.08889180853759603,0.0,-0.08889180853759603,0.08889180853759603,0.007901753625084629,2025-08,2025-09-14T01:30:00+00:00,25.0,pseudo_real_time,2.0
early_carry,union,ridge,2025-12,0.3168892698060207,0.2,0.11688926980602071,0.11688926980602071,0.013663101395784706,2025-09,2025-12-14T01:30:00+00:00,25.0,pseudo_real_time,2.0
early_carry,union,ridge,2026-01,-0.1422095932360819,0.4,-0.542209593236082,0.542209593236082,0.2939912429972375,2025-12,2026-01-14T01:30:00+00:00,25.0,pseudo_real_time,2.0
early_carry,union,ridge,2026-02,-0.14526557856742162,0.4,-0.5452655785674216,0.5452655785674216,0.29731455117046507,2026-01,2026-02-14T01:30:00+00:00,25.0,pseudo_real_time,2.0
early_carry,union,ridge,2026-03,0.4765405085973999,1.0,-0.5234594914026001,0.5234594914026001,0.27400983913946875,2026-02,2026-03-14T01:30:00+00:00,25.0,pseudo_real_time,12.0
early_carry,union,ridge,2026-04,1.1798596780309127,1.7,-0.5201403219690872,0.5201403219690872,0.2705459545381057,2026-03,2026-04-14T01:30:00+00:00,25.0,pseudo_real_time,24.0
early_carry,union,ridge,2026-05,-0.3439557999098322,0.5,-0.8439557999098322,0.8439557999098322,0.7122613922014447,2026-04,2026-05-14T01:30:00+00:00,25.0,pseudo_real_time,12.0
early_carry,union,ridge,2026-06,-0.17706132002191652,-0.3,0.12293867997808347,0.12293867997808347,0.015113919034753622,2026-05,2026-06-14T01:30:00+00:00,25.0,pseudo_real_time,24.0
early_carry,union,ridge,2026-07,-0.4121028917471812,-0.7,0.2878971082528188,0.2878971082528188,0.08288474494033525,2026-06,2026-07-14T01:30:00+00:00,25.0,pseudo_real_time,24.0
early_carry,union,ridge,2026-08,0.4222138670287237,0.4,0.02221386702872369,0.02221386702872369,0.0004934558883698173,2026-07,2026-08-14T01:30:00+00:00,25.0,pseudo_real_time,24.0
