variant,panel,model,target_month,prediction,actual,error,absolute_error,squared_error,training_end,feature_cutoff,selected_strength,realtime_status
twentieth,union,ridge,2016-04,0.1601981871966347,0.7,-0.5398018128033653,0.5398018128033653,0.2913859971057994,2016-03,2016-04-25T01:30:00+00:00,5.0,pseudo_real_time
twentieth,union,ridge,2016-05,0.18142939768649458,0.5,-0.3185706023135054,0.3185706023135054,0.10148722865838963,2016-04,2016-05-24T01:30:00+00:00,25.0,pseudo_real_time
twentieth,union,ridge,2016-06,-0.1275351346963502,-0.2,0.07246486530364982,0.07246486530364982,0.0052511567034761114,2016-05,2016-06-24T01:30:00+00:00,25.0,pseudo_real_time
twentieth,union,ridge,2016-07,-0.10294357845964355,0.2,-0.3029435784596436,0.3029435784596436,0.09177481172993424,2016-06,2016-07-25T01:30:00+00:00,25.0,pseudo_real_time
twentieth,union,ridge,2016-08,0.3802420216817528,0.2,0.1802420216817528,0.1802420216817528,0.032487186379925446,2016-07,2016-08-24T01:30:00+00:00,5.0,pseudo_real_time
twentieth,union,ridge,2016-09,0.4744176709715484,0.5,-0.02558232902845159,0.02558232902845159,0.0006544555585199568,2016-08,2016-09-26T01:30:00+00:00,5.0,pseudo_real_time
twentieth,union,ridge,2016-10,0.7100703067432291,0.7,0.010070306743229174,0.010070306743229174,0.00010141107790272696,2016-09,2016-10-24T01:30:00+00:00,5.0,pseudo_real_time
twentieth,union,ridge,2016-11,1.0432485881551457,1.5,-0.45675141184485435,0.45675141184485435,0.20862185222226776,2016-10,2016-11-24T01:30:00+00:00,5.0,pseudo_real_time
twentieth,union,ridge,2016-12,1.0554206449238155,1.6,-0.5445793550761846,0.5445793550761846,0.29656667397519315,2016-11,2016-12-26T01:30:00+00:00,5.0,pseudo_real_time
twentieth,union,ridge,2017-01,0.29483958217721185,0.8,-0.5051604178227882,0.5051604178227882,0.2551870477348939,2016-12,2017-01-24T01:30:00+00:00,5.0,pseudo_real_time
twentieth,union,ridge,2017-02,0.9307895762964107,0.6,0.3307895762964107,0.3307895762964107,0.10942174378635892,2017-01,2017-02-24T01:30:00+00:00,5.0,pseudo_real_time
twentieth,union,ridge,2017-03,0.285515834965104,0.3,-0.014484165034895968,0.014484165034895968,0.00020979103675810293,2017-02,2017-03-24T01:30:00+00:00,5.0,pseudo_real_time
twentieth,union,ridge,2017-04,-0.22208098420214306,-0.4,0.17791901579785696,0.17791901579785696,0.031655176182478074,2017-03,2017-04-24T01:30:00+00:00,5.0,pseudo_real_time
twentieth,union,ridge,2017-05,0.22069226902603237,-0.3,0.5206922690260324,0.5206922690260324,0.2711204390234781,2017-04,2017-05-24T01:30:00+00:00,5.0,pseudo_real_time
twentieth,union,ridge,2017-06,-0.2173628080777711,-0.2,-0.017362808077771102,0.017362808077771102,0.00030146710434551344,2017-05,2017-06-26T01:30:00+00:00,5.0,pseudo_real_time
twentieth,union,ridge,2017-07,0.01911722266700132,0.2,-0.18088277733299868,0.18088277733299868,0.03271857913569918,2017-06,2017-07-24T01:30:00+00:00,5.0,pseudo_real_time
twentieth,union,ridge,2017-08,0.739477312165668,0.9,-0.160522687834332,0.160522687834332,0.025767533309558395,2017-07,2017-08-24T01:30:00+00:00,5.0,pseudo_real_time
twentieth,union,ridge,2017-09,1.0708617485991616,1.0,0.07086174859916161,0.07086174859916161,0.0050213874145307825,2017-08,2017-09-25T01:30:00+00:00,5.0,pseudo_real_time
twentieth,union,ridge,2017-10,0.5721885167995513,0.7,-0.12781148320044866,0.12781148320044866,0.01633577523789857,2017-09,2017-10-24T01:30:00+00:00,5.0,pseudo_real_time
twentieth,union,ridge,2017-11,0.3319721972152177,0.5,-0.1680278027847823,0.1680278027847823,0.028233342508681696,2017-10,2017-11-24T01:30:00+00:00,5.0,pseudo_real_time
twentieth,union,ridge,2017-12,0.6846771766007694,0.8,-0.11532282339923061,0.11532282339923061,0.013299353596770131,2017-11,2017-12-25T01:30:00+00:00,5.0,pseudo_real_time
twentieth,union,ridge,2018-01,0.0710590430830617,0.3,-0.22894095691693828,0.22894095691693828,0.052413961754043385,2017-12,2018-01-24T01:30:00+00:00,5.0,pseudo_real_time
twentieth,union,ridge,2018-04,0.017286667326967337,-0.2,0.21728666732696736,0.21728666732696736,0.04721349579806018,2018-01,2018-04-24T01:30:00+00:00,5.0,pseudo_real_time
twentieth,union,ridge,2018-05,0.37699988021035125,0.4,-0.023000119789648776,0.023000119789648776,0.0005290055103381933,2018-04,2018-05-24T01:30:00+00:00,25.0,pseudo_real_time
twentieth,union,ridge,2018-06,0.23185411874874917,0.3,-0.06814588125125082,0.06814588125125082,0.0046438611315095775,2018-05,2018-06-25T01:30:00+00:00,5.0,pseudo_real_time
twentieth,union,ridge,2018-07,0.14385059788023086,0.1,0.04385059788023085,0.04385059788023085,0.0019228749344537065,2018-06,2018-07-24T01:30:00+00:00,5.0,pseudo_real_time
twentieth,union,ridge,2018-08,0.4581091669409193,0.4,0.05810916694091928,0.05810916694091928,0.003376675282567626,2018-07,2018-08-24T01:30:00+00:00,25.0,pseudo_real_time
twentieth,union,ridge,2018-09,0.5933582045649206,0.6,-0.006641795435079367,0.006641795435079367,4.411344660144112e-05,2018-08,2018-09-25T01:30:00+00:00,25.0,pseudo_real_time
twentieth,union,ridge,2018-10,0.30568276465888455,0.4,-0.09431723534111547,0.09431723534111547,0.00889574088239136,2018-09,2018-10-24T01:30:00+00:00,5.0,pseudo_real_time
twentieth,union,ridge,2018-11,-0.4917173932298089,-0.2,-0.2917173932298089,0.2917173932298089,0.08509903751279495,2018-10,2018-11-26T01:30:00+00:00,5.0,pseudo_real_time
twentieth,union,ridge,2018-12,-0.7151749953730353,-1.0,0.2848250046269647,0.2848250046269647,0.08112528326075046,2018-11,2018-12-24T01:30:00+00:00,5.0,pseudo_real_time
twentieth,union,ridge,2019-01,-0.22584372277482356,-0.6,0.3741562772251764,0.3741562772251764,0.13999291978700307,2018-12,2019-01-24T01:30:00+00:00,5.0,pseudo_real_time
twentieth,union,ridge,2019-02,0.08557574730203132,-0.1,0.18557574730203133,0.18557574730203133,0.034438357986707385,2019-01,2019-02-25T01:30:00+00:00,25.0,pseudo_real_time
twentieth,union,ridge,2019-03,0.19258004745454912,0.1,0.09258004745454912,0.09258004745454912,0.008571065186686566,2019-02,2019-03-25T01:30:00+00:00,25.0,pseudo_real_time
twentieth,union,ridge,2019-04,0.06828863952053518,0.3,-0.2317113604794648,0.2317113604794648,0.05369015457524449,2019-03,2019-04-24T01:30:00+00:00,25.0,pseudo_real_time
twentieth,union,ridge,2019-07,-0.2866190444017376,-0.2,-0.08661904440173757,0.08661904440173757,0.007502858853070184,2019-04,2019-07-24T01:30:00+00:00,5.0,pseudo_real_time
twentieth,union,ridge,2019-08,-0.17689652022090374,-0.1,-0.07689652022090374,0.07689652022090374,0.0059130748220838575,2019-07,2019-08-26T01:30:00+00:00,5.0,pseudo_real_time
twentieth,union,ridge,2019-09,-0.36205701968170123,0.1,-0.4620570196817012,0.4620570196817012,0.213496689437136,2019-08,2019-09-24T01:30:00+00:00,5.0,pseudo_real_time
twentieth,union,ridge,2019-10,-0.4257018597943366,0.1,-0.5257018597943366,0.5257018597943366,0.27636244539122434,2019-09,2019-10-24T01:30:00+00:00,5.0,pseudo_real_time
twentieth,union,ridge,2019-11,-0.11631200636027061,-0.1,-0.01631200636027061,0.01631200636027061,0.0002660815514975088,2019-10,2019-11-25T01:30:00+00:00,5.0,pseudo_real_time
twentieth,union,ridge,2019-12,-0.047575785277463846,0.0,-0.047575785277463846,0.047575785277463846,0.0022634553447673455,2019-11,2019-12-24T01:30:00+00:00,5.0,pseudo_real_time
twentieth,union,ridge,2020-01,0.007339339566342258,0.0,0.007339339566342258,0.007339339566342258,5.3865905270076966e-05,2019-12,2020-01-23T01:30:00+00:00,5.0,pseudo_real_time
twentieth,union,ridge,2020-02,-0.18885156238713557,-0.5,0.3111484376128644,0.3111484376128644,0.09681335022892659,2020-01,2020-02-24T01:30:00+00:00,5.0,pseudo_real_time
twentieth,union,ridge,2020-03,-0.34290439989991545,-1.0,0.6570956001000845,0.6570956001000845,0.43177462767089014,2020-02,2020-03-24T01:30:00+00:00,5.0,pseudo_real_time
twentieth,union,ridge,2020-04,0.2988361640306603,-1.3,1.5988361640306603,1.5988361640306603,2.5562770794122764,2020-03,2020-04-24T01:30:00+00:00,5.0,pseudo_real_time
twentieth,union,ridge,2020-05,-1.2360865574517446,-0.4,-0.8360865574517445,0.8360865574517445,0.6990407315515094,2020-04,2020-05-25T01:30:00+00:00,5.0,pseudo_real_time
twentieth,union,ridge,2020-06,-1.0013625080088815,0.4,-1.4013625080088814,1.4013625080088814,1.9638168788529422,2020-05,2020-06-24T01:30:00+00:00,5.0,pseudo_real_time
twentieth,union,ridge,2020-07,0.40253447119820257,0.4,0.002534471198202548,0.002534471198202548,6.42354425451826e-06,2020-06,2020-07-24T01:30:00+00:00,5.0,pseudo_real_time
twentieth,union,ridge,2020-08,1.0077424257615633,0.3,0.7077424257615632,0.7077424257615632,0.5008993412228618,2020-07,2020-08-24T01:30:00+00:00,5.0,pseudo_real_time
twentieth,union,ridge,2020-09,0.49596980437379345,0.1,0.3959698043737935,0.3959698043737935,0.15679208597582028,2020-08,2020-09-24T01:30:00+00:00,5.0,pseudo_real_time
twentieth,union,ridge,2020-10,0.6241794693542989,0.0,0.6241794693542989,0.6241794693542989,0.38960000996341415,2020-09,2020-10-26T01:30:00+00:00,5.0,pseudo_real_time
twentieth,union,ridge,2020-11,0.6730701968206396,0.5,0.17307019682063962,0.17307019682063962,0.02995329302753494,2020-10,2020-11-24T01:30:00+00:00,5.0,pseudo_real_time
twentieth,union,ridge,2020-12,1.0526534246005363,1.1,-0.04734657539946374,0.04734657539946374,0.0022416982020571053,2020-11,2020-12-24T01:30:00+00:00,25.0,pseudo_real_time
twentieth,union,ridge,2021-01,0.6248918700729823,1.0,-0.3751081299270177,0.3751081299270177,0.14070610913734438,2020-12,2021-01-25T01:30:00+00:00,5.0,pseudo_real_time
twentieth,union,ridge,2021-04,0.44361626752263134,0.9,-0.4563837324773687,0.4563837324773687,0.20828611126997443,2021-01,2021-04-25T01:30:00+00:00,5.0,pseudo_real_time
twentieth,union,ridge,2021-05,1.1861728903270283,1.6,-0.41382710967297176,0.41382710967297176,0.1712528767002858,2021-04,2021-05-24T01:30:00+00:00,5.0,pseudo_real_time
twentieth,union,ridge,2021-06,-0.45182260401728724,0.3,-0.7518226040172873,0.7518226040172873,0.5652372279113348,2021-05,2021-06-24T01:30:00+00:00,25.0,pseudo_real_time
twentieth,union,ridge,2021-07,0.6789306585078213,0.5,0.1789306585078213,0.1789306585078213,0.03201618055404257,2021-06,2021-07-26T01:30:00+00:00,25.0,pseudo_real_time
twentieth,union,ridge,2021-08,0.46035695767861395,0.7,-0.239643042321386,0.239643042321386,0.0574287877330496,2021-07,2021-08-24T01:30:00+00:00,25.0,pseudo_real_time
twentieth,union,ridge,2021-09,0.907732552569616,1.2,-0.2922674474303839,0.2922674474303839,0.08542026082747223,2021-08,2021-09-24T01:30:00+00:00,5.0,pseudo_real_time
twentieth,union,ridge,2021-10,1.7810847577904871,2.5,-0.7189152422095129,0.7189152422095129,0.5168391254811625,2021-09,2021-10-25T01:30:00+00:00,25.0,pseudo_real_time
twentieth,union,ridge,2021-11,-1.6922763373645393,0.0,-1.6922763373645393,1.6922763373645393,2.86379920200394,2021-10,2021-11-24T01:30:00+00:00,25.0,pseudo_real_time
twentieth,union,ridge,2021-12,-0.8829815262204359,-1.2,0.31701847377956405,0.31701847377956405,0.10050071271752414,2021-11,2021-12-24T01:30:00+00:00,25.0,pseudo_real_time
twentieth,union,ridge,2022-01,0.054427161893552685,-0.2,0.2544271618935527,0.2544271618935527,0.06473318070920807,2021-12,2022-01-24T01:30:00+00:00,25.0,pseudo_real_time
twentieth,union,ridge,2022-02,0.3912558589372609,0.5,-0.10874414106273911,0.10874414106273911,0.011825288215472901,2022-01,2022-02-24T01:30:00+00:00,25.0,pseudo_real_time
twentieth,union,ridge,2022-03,1.1093108881059701,1.1,0.009310888105970028,0.009310888105970028,8.669263732189413e-05,2022-02,2022-03-24T01:30:00+00:00,25.0,pseudo_real_time
twentieth,union,ridge,2022-04,0.019017994230807564,0.6,-0.5809820057691925,0.5809820057691925,0.33754009102759397,2022-03,2022-04-24T01:30:00+00:00,25.0,pseudo_real_time
twentieth,union,ridge,2022-05,0.21733746052774408,0.1,0.11733746052774408,0.11733746052774408,0.013768079643099899,2022-04,2022-05-24T01:30:00+00:00,5.0,pseudo_real_time
twentieth,union,ridge,2022-06,0.14120376358466172,0.0,0.14120376358466172,0.14120376358466172,0.01993850285047304,2022-05,2022-06-24T01:30:00+00:00,25.0,pseudo_real_time
twentieth,union,ridge,2022-07,-0.48839907196750953,-1.3,0.8116009280324905,0.8116009280324905,0.6586960663831999,2022-06,2022-07-24T01:30:00+00:00,25.0,pseudo_real_time
twentieth,union,ridge,2022-08,-0.4409359087872874,-1.2,0.7590640912127126,0.7590640912127126,0.5761782945685813,2022-07,2022-08-24T01:30:00+00:00,25.0,pseudo_real_time
twentieth,union,ridge,2022-09,0.011407728501812653,-0.1,0.11140772850181266,0.11140772850181266,0.012411681969933601,2022-08,2022-09-24T01:30:00+00:00,25.0,pseudo_real_time
twentieth,union,ridge,2022-10,0.2535486662890874,0.2,0.05354866628908739,0.05354866628908739,0.002867459661340044,2022-09,2022-10-24T01:30:00+00:00,25.0,pseudo_real_time
twentieth,union,ridge,2022-11,-0.7094036209607053,0.1,-0.8094036209607053,0.8094036209607053,0.655134221624301,2022-10,2022-11-24T01:30:00+00:00,25.0,pseudo_real_time
twentieth,union,ridge,2022-12,-0.29920308312672245,-0.5,0.20079691687327755,0.20079691687327755,0.040319401825813936,2022-11,2022-12-24T01:30:00+00:00,25.0,pseudo_real_time
twentieth,union,ridge,2023-01,-0.4417799155682785,-0.4,-0.04177991556827848,0.04177991556827848,0.0017455613448924786,2022-12,2023-01-24T01:30:00+00:00,25.0,pseudo_real_time
twentieth,union,ridge,2023-02,0.21638947329437092,0.0,0.21638947329437092,0.21638947329437092,0.04682440415261526,2023-01,2023-02-24T01:30:00+00:00,5.0,pseudo_real_time
twentieth,union,ridge,2023-03,-0.01104584932645579,0.0,-0.01104584932645579,0.01104584932645579,0.00012201078734276381,2023-02,2023-03-24T01:30:00+00:00,25.0,pseudo_real_time
twentieth,union,ridge,2023-04,-0.051134742799884766,-0.5,0.4488652572001152,0.4488652572001152,0.2014800191213256,2023-03,2023-04-24T01:30:00+00:00,25.0,pseudo_real_time
twentieth,union,ridge,2023-05,-1.1297515986028515,-0.9,-0.22975159860285144,0.22975159860285144,0.05278579706056576,2023-04,2023-05-24T01:30:00+00:00,25.0,pseudo_real_time
twentieth,union,ridge,2023-06,-0.6545413308962302,-0.8,0.1454586691037698,0.1454586691037698,0.02115822441744,2023-05,2023-06-24T01:30:00+00:00,25.0,pseudo_real_time
twentieth,union,ridge,2023-07,0.1945432972924579,-0.2,0.3945432972924579,0.3945432972924579,0.15566441343840481,2023-06,2023-07-24T01:30:00+00:00,25.0,pseudo_real_time
twentieth,union,ridge,2023-08,0.5411355208637358,0.2,0.34113552086373583,0.34113552086373583,0.11637344359497234,2023-07,2023-08-24T01:30:00+00:00,25.0,pseudo_real_time
twentieth,union,ridge,2023-09,0.32659485673445277,0.4,-0.07340514326554726,0.07340514326554726,0.005388315057835518,2023-08,2023-09-24T01:30:00+00:00,25.0,pseudo_real_time
twentieth,union,ridge,2023-10,-0.31610636731063424,0.0,-0.31610636731063424,0.31610636731063424,0.09992323545432562,2023-09,2023-10-24T01:30:00+00:00,25.0,pseudo_real_time
twentieth,union,ridge,2023-11,-0.16822724930579416,-0.3,0.13177275069420583,0.13177275069420583,0.017364057825517323,2023-10,2023-11-24T01:30:00+00:00,25.0,pseudo_real_time
twentieth,union,ridge,2023-12,-0.025101247612885978,-0.3,0.27489875238711403,0.27489875238711403,0.07556932406399183,2023-11,2023-12-24T01:30:00+00:00,25.0,pseudo_real_time
twentieth,union,ridge,2024-01,-0.4148254825106945,-0.2,-0.2148254825106945,0.2148254825106945,0.04614998793595271,2023-12,2024-01-24T01:30:00+00:00,25.0,pseudo_real_time
twentieth,union,ridge,2024-04,0.19473752487961188,-0.2,0.3947375248796119,0.3947375248796119,0.15581771354808222,2024-01,2024-04-24T01:30:00+00:00,25.0,pseudo_real_time
twentieth,union,ridge,2024-05,-0.4732739032236478,0.2,-0.6732739032236479,0.6732739032236479,0.45329774876200596,2024-04,2024-05-24T01:30:00+00:00,25.0,pseudo_real_time
twentieth,union,ridge,2024-06,0.08637773482869668,0.1,-0.013622265171303327,0.013622265171303327,0.00018556610839730366,2024-05,2024-06-24T01:30:00+00:00,25.0,pseudo_real_time
twentieth,union,ridge,2024-07,-0.0850959052040344,-0.2,0.11490409479596561,0.11490409479596561,0.013202951000880252,2024-06,2024-07-24T01:30:00+00:00,25.0,pseudo_real_time
twentieth,union,ridge,2024-08,-0.8375917758675603,-0.7,-0.13759177586756033,0.13759177586756033,0.018931496786388956,2024-07,2024-08-24T01:30:00+00:00,25.0,pseudo_real_time
twentieth,union,ridge,2024-09,-0.6004074437570194,-0.6,-0.00040744375701939894,0.00040744375701939894,1.66010415134083e-07,2024-08,2024-09-24T01:30:00+00:00,25.0,pseudo_real_time
twentieth,union,ridge,2024-10,0.028124930503906617,-0.1,0.1281249305039066,0.1281249305039066,0.0164159978166309,2024-09,2024-10-24T01:30:00+00:00,25.0,pseudo_real_time
twentieth,union,ridge,2024-11,-0.10195943894498878,-0.1,-0.0019594389449887756,0.0019594389449887756,3.839400979138726e-06,2024-10,2024-11-24T01:30:00+00:00,25.0,pseudo_real_time
twentieth,union,ridge,2024-12,0.19036449659163887,-0.1,0.2903644965916389,0.2903644965916389,0.08431154088091586,2024-11,2024-12-24T01:30:00+00:00,25.0,pseudo_real_time
twentieth,union,ridge,2025-01,-0.5299184528778775,-0.2,-0.3299184528778775,0.3299184528778775,0.10884618554933229,2024-12,2025-01-24T01:30:00+00:00,25.0,pseudo_real_time
twentieth,union,ridge,2025-02,-0.21067538313629408,-0.1,-0.11067538313629408,0.11067538313629408,0.012249040432365486,2025-01,2025-02-24T01:30:00+00:00,25.0,pseudo_real_time
twentieth,union,ridge,2025-03,0.15105260317970085,-0.4,0.5510526031797008,0.5510526031797008,0.30365897147112486,2025-02,2025-03-24T01:30:00+00:00,25.0,pseudo_real_time
twentieth,union,ridge,2025-04,-0.6886634392147223,-0.4,-0.28866343921472226,0.28866343921472226,0.08332658113927166,2025-03,2025-04-24T01:30:00+00:00,25.0,pseudo_real_time
twentieth,union,ridge,2025-05,-0.7804529831546915,-0.4,-0.38045298315469145,0.38045298315469145,0.14474447239130395,2025-04,2025-05-24T01:30:00+00:00,25.0,pseudo_real_time
twentieth,union,ridge,2025-06,-0.3644498820448763,-0.4,0.035550117955123695,0.035550117955123695,0.001263810886623208,2025-05,2025-06-24T01:30:00+00:00,25.0,pseudo_real_time
twentieth,union,ridge,2025-07,-0.13399408231699497,-0.2,0.06600591768300504,0.06600591768300504,0.004356781169175638,2025-06,2025-07-24T01:30:00+00:00,25.0,pseudo_real_time
twentieth,union,ridge,2025-08,-0.011616101003063055,0.0,-0.011616101003063055,0.011616101003063055,0.00013493380251336252,2025-07,2025-08-24T01:30:00+00:00,5.0,pseudo_real_time
twentieth,union,ridge,2025-09,-0.2712650139848569,0.0,-0.2712650139848569,0.2712650139848569,0.07358470781220462,2025-08,2025-09-24T01:30:00+00:00,5.0,pseudo_real_time
twentieth,union,ridge,2025-10,0.008868538570759879,0.1,-0.09113146142924013,0.09113146142924013,0.00830494326222908,2025-09,2025-10-24T01:30:00+00:00,25.0,pseudo_real_time
twentieth,union,ridge,2025-11,0.4447703434271573,0.1,0.3447703434271573,0.3447703434271573,0.11886658970687998,2025-10,2025-11-24T01:30:00+00:00,25.0,pseudo_real_time
twentieth,union,ridge,2025-12,0.09036416287860294,0.2,-0.10963583712139707,0.10963583712139707,0.012020016781309508,2025-11,2025-12-24T01:30:00+00:00,25.0,pseudo_real_time
twentieth,union,ridge,2026-01,-0.5413334144673774,0.4,-0.9413334144673774,0.9413334144673774,0.8861085971928113,2025-12,2026-01-24T01:30:00+00:00,25.0,pseudo_real_time
twentieth,union,ridge,2026-04,1.2547906435377367,1.7,-0.44520935646226323,0.44520935646226323,0.19821137108154258,2026-01,2026-04-24T01:30:00+00:00,25.0,pseudo_real_time
twentieth,union,ridge,2026-05,0.9156738098953656,0.5,0.4156738098953656,0.4156738098953656,0.17278471623292857,2026-04,2026-05-24T01:30:00+00:00,25.0,pseudo_real_time
twentieth,union,ridge,2026-06,1.9675072745878193,-0.3,2.2675072745878193,2.2675072745878193,5.14158924030868,2026-05,2026-06-24T01:30:00+00:00,5.0,pseudo_real_time
twentieth,union,ridge,2026-07,0.7416018561583783,-0.7,1.4416018561583783,1.4416018561583783,2.0782159116792815,2026-06,2026-07-24T01:30:00+00:00,25.0,pseudo_real_time
twentieth,union,ridge,2026-08,-0.30112779356855135,0.4,-0.7011277935685514,0.7011277935685514,0.49158018291430516,2026-07,2026-08-24T01:30:00+00:00,25.0,pseudo_real_time
twentieth,union,histgb,2016-04,-0.18184580844114603,0.7,-0.881845808441146,0.881845808441146,0.7776520298652184,2016-03,2016-04-25T01:30:00+00:00,5.0,pseudo_real_time
twentieth,union,histgb,2016-05,-0.052053052718476184,0.5,-0.5520530527184762,0.5520530527184762,0.30476257301578863,2016-04,2016-05-24T01:30:00+00:00,5.0,pseudo_real_time
twentieth,union,histgb,2016-06,-0.015818607139196077,-0.2,0.18418139286080393,0.18418139286080393,0.03392278547614579,2016-05,2016-06-24T01:30:00+00:00,5.0,pseudo_real_time
twentieth,union,histgb,2016-07,-0.026887761176241948,0.2,-0.22688776117624196,0.22688776117624196,0.05147805617156741,2016-06,2016-07-25T01:30:00+00:00,25.0,pseudo_real_time
twentieth,union,histgb,2016-08,-0.08327663230484061,0.2,-0.2832766323048406,0.2832766323048406,0.08024565040997188,2016-07,2016-08-24T01:30:00+00:00,25.0,pseudo_real_time
twentieth,union,histgb,2016-09,0.13655081811359437,0.5,-0.3634491818864056,0.3634491818864056,0.13209530781389756,2016-08,2016-09-26T01:30:00+00:00,25.0,pseudo_real_time
twentieth,union,histgb,2016-10,0.17253333853261615,0.7,-0.5274666614673837,0.5274666614673837,0.2782210789595476,2016-09,2016-10-24T01:30:00+00:00,25.0,pseudo_real_time
twentieth,union,histgb,2016-11,0.4870844935801137,1.5,-1.0129155064198863,1.0129155064198863,1.0259978231458546,2016-10,2016-11-24T01:30:00+00:00,5.0,pseudo_real_time
twentieth,union,histgb,2016-12,0.3452367924602271,1.6,-1.254763207539773,1.254763207539773,1.5744307069954995,2016-11,2016-12-26T01:30:00+00:00,5.0,pseudo_real_time
twentieth,union,histgb,2017-01,-0.40680389412600754,0.8,-1.2068038941260075,1.2068038941260075,1.456375638877696,2016-12,2017-01-24T01:30:00+00:00,5.0,pseudo_real_time
twentieth,union,histgb,2017-02,0.5290675485782811,0.6,-0.07093245142171889,0.07093245142171889,0.00503141266469451,2017-01,2017-02-24T01:30:00+00:00,5.0,pseudo_real_time
twentieth,union,histgb,2017-03,0.29815450104127755,0.3,-0.0018454989587224357,0.0018454989587224357,3.4058664066455947e-06,2017-02,2017-03-24T01:30:00+00:00,5.0,pseudo_real_time
twentieth,union,histgb,2017-04,-0.04979964498966676,-0.4,0.35020035501033325,0.35020035501033325,0.12264028864936344,2017-03,2017-04-24T01:30:00+00:00,5.0,pseudo_real_time
twentieth,union,histgb,2017-05,-0.06625401055767319,-0.3,0.2337459894423268,0.2337459894423268,0.05463718758037235,2017-04,2017-05-24T01:30:00+00:00,5.0,pseudo_real_time
twentieth,union,histgb,2017-06,-0.1543731144573387,-0.2,0.04562688554266131,0.04562688554266131,0.0020818126843231157,2017-05,2017-06-26T01:30:00+00:00,5.0,pseudo_real_time
twentieth,union,histgb,2017-07,0.5860955584878271,0.2,0.3860955584878271,0.3860955584878271,0.14906978028402712,2017-06,2017-07-24T01:30:00+00:00,5.0,pseudo_real_time
twentieth,union,histgb,2017-08,0.49486482914578667,0.9,-0.40513517085421336,0.40513517085421336,0.16413450666307264,2017-07,2017-08-24T01:30:00+00:00,5.0,pseudo_real_time
twentieth,union,histgb,2017-09,0.7555937180707739,1.0,-0.2444062819292261,0.2444062819292261,0.05973443064646835,2017-08,2017-09-25T01:30:00+00:00,5.0,pseudo_real_time
twentieth,union,histgb,2017-10,0.14668999345288503,0.7,-0.5533100065471149,0.5533100065471149,0.30615196334516837,2017-09,2017-10-24T01:30:00+00:00,5.0,pseudo_real_time
twentieth,union,histgb,2017-11,0.4264456946283878,0.5,-0.07355430537161223,0.07355430537161223,0.005410235838700384,2017-10,2017-11-24T01:30:00+00:00,5.0,pseudo_real_time
twentieth,union,histgb,2017-12,0.40131031921004795,0.8,-0.3986896807899521,0.3986896807899521,0.1589534615683939,2017-11,2017-12-25T01:30:00+00:00,5.0,pseudo_real_time
twentieth,union,histgb,2018-01,0.022497615214733792,0.3,-0.2775023847852662,0.2775023847852662,0.07700757356150993,2017-12,2018-01-24T01:30:00+00:00,5.0,pseudo_real_time
twentieth,union,histgb,2018-04,-0.06264573741323291,-0.2,0.13735426258676708,0.13735426258676708,0.018866193450754565,2018-01,2018-04-24T01:30:00+00:00,5.0,pseudo_real_time
twentieth,union,histgb,2018-05,0.4209741110846333,0.4,0.020974111084633262,0.020974111084633262,0.0004399133357905359,2018-04,2018-05-24T01:30:00+00:00,5.0,pseudo_real_time
twentieth,union,histgb,2018-06,0.13399659992652843,0.3,-0.16600340007347156,0.16600340007347156,0.027557128835953057,2018-05,2018-06-25T01:30:00+00:00,5.0,pseudo_real_time
twentieth,union,histgb,2018-07,0.15385807494946474,0.1,0.053858074949464735,0.053858074949464735,0.0029006922372621607,2018-06,2018-07-24T01:30:00+00:00,5.0,pseudo_real_time
twentieth,union,histgb,2018-08,0.6247558785036872,0.4,0.22475587850368717,0.22475587850368717,0.05051520492196419,2018-07,2018-08-24T01:30:00+00:00,5.0,pseudo_real_time
twentieth,union,histgb,2018-09,0.5984205625169554,0.6,-0.0015794374830445657,0.0015794374830445657,2.4946227628461525e-06,2018-08,2018-09-25T01:30:00+00:00,5.0,pseudo_real_time
twentieth,union,histgb,2018-10,-0.014079504706817313,0.4,-0.4140795047068173,0.4140795047068173,0.17146183621824315,2018-09,2018-10-24T01:30:00+00:00,5.0,pseudo_real_time
twentieth,union,histgb,2018-11,-0.10400038489788042,-0.2,0.09599961510211959,0.09599961510211959,0.009215926099755106,2018-10,2018-11-26T01:30:00+00:00,5.0,pseudo_real_time
twentieth,union,histgb,2018-12,-0.17546079102558346,-1.0,0.8245392089744166,0.8245392089744166,0.6798649071361565,2018-11,2018-12-24T01:30:00+00:00,5.0,pseudo_real_time
twentieth,union,histgb,2019-01,-0.2549433660735555,-0.6,0.3450566339264445,0.3450566339264445,0.11906408061664832,2018-12,2019-01-24T01:30:00+00:00,5.0,pseudo_real_time
twentieth,union,histgb,2019-02,0.3057210681739608,-0.1,0.4057210681739608,0.4057210681739608,0.16460958516021976,2019-01,2019-02-25T01:30:00+00:00,5.0,pseudo_real_time
twentieth,union,histgb,2019-03,0.15552244623115552,0.1,0.055522446231155514,0.055522446231155514,0.0030827420354915553,2019-02,2019-03-25T01:30:00+00:00,5.0,pseudo_real_time
twentieth,union,histgb,2019-04,0.11972573913904963,0.3,-0.18027426086095036,0.18027426086095036,0.03249880912896198,2019-03,2019-04-24T01:30:00+00:00,5.0,pseudo_real_time
twentieth,union,histgb,2019-07,0.07294788805097338,-0.2,0.27294788805097336,0.27294788805097336,0.07450054959148669,2019-04,2019-07-24T01:30:00+00:00,5.0,pseudo_real_time
twentieth,union,histgb,2019-08,0.04959882453734723,-0.1,0.14959882453734724,0.14959882453734724,0.02237980830295601,2019-07,2019-08-26T01:30:00+00:00,5.0,pseudo_real_time
twentieth,union,histgb,2019-09,0.22473940031695966,0.1,0.12473940031695965,0.12473940031695965,0.015559917991434713,2019-08,2019-09-24T01:30:00+00:00,5.0,pseudo_real_time
twentieth,union,histgb,2019-10,-0.3218404501321025,0.1,-0.4218404501321025,0.4218404501321025,0.17794936536765482,2019-09,2019-10-24T01:30:00+00:00,5.0,pseudo_real_time
twentieth,union,histgb,2019-11,-0.472329447462108,-0.1,-0.37232944746210794,0.37232944746210794,0.13862921744743859,2019-10,2019-11-25T01:30:00+00:00,5.0,pseudo_real_time
twentieth,union,histgb,2019-12,0.16984965013154923,0.0,0.16984965013154923,0.16984965013154923,0.028848903649809684,2019-11,2019-12-24T01:30:00+00:00,5.0,pseudo_real_time
twentieth,union,histgb,2020-01,-0.25226032185286074,0.0,-0.25226032185286074,0.25226032185286074,0.06363526998130889,2019-12,2020-01-23T01:30:00+00:00,5.0,pseudo_real_time
twentieth,union,histgb,2020-02,-0.11324661533777729,-0.5,0.3867533846622227,0.3867533846622227,0.1495781805476852,2020-01,2020-02-24T01:30:00+00:00,25.0,pseudo_real_time
twentieth,union,histgb,2020-03,0.0035314773534941913,-1.0,1.0035314773534942,1.0035314773534942,1.0070754260392867,2020-02,2020-03-24T01:30:00+00:00,5.0,pseudo_real_time
twentieth,union,histgb,2020-04,-0.28515169469520024,-1.3,1.0148483053047999,1.0148483053047999,1.0299170827800244,2020-03,2020-04-24T01:30:00+00:00,5.0,pseudo_real_time
twentieth,union,histgb,2020-05,-0.15237218982553893,-0.4,0.2476278101744611,0.2476278101744611,0.061319532371798935,2020-04,2020-05-25T01:30:00+00:00,5.0,pseudo_real_time
twentieth,union,histgb,2020-06,-0.2282512324196527,0.4,-0.6282512324196527,0.6282512324196527,0.39469961103681256,2020-05,2020-06-24T01:30:00+00:00,5.0,pseudo_real_time
twentieth,union,histgb,2020-07,-0.13654924531535426,0.4,-0.5365492453153543,0.5365492453153543,0.2878850926484763,2020-06,2020-07-24T01:30:00+00:00,5.0,pseudo_real_time
twentieth,union,histgb,2020-08,0.3973464242575144,0.3,0.09734642425751439,0.09734642425751439,0.009476326315723985,2020-07,2020-08-24T01:30:00+00:00,5.0,pseudo_real_time
twentieth,union,histgb,2020-09,0.2206192979083719,0.1,0.12061929790837189,0.12061929790837189,0.014549015027908568,2020-08,2020-09-24T01:30:00+00:00,5.0,pseudo_real_time
twentieth,union,histgb,2020-10,0.17518489722993247,0.0,0.17518489722993247,0.17518489722993247,0.030689748217462,2020-09,2020-10-26T01:30:00+00:00,5.0,pseudo_real_time
twentieth,union,histgb,2020-11,0.4030103808983173,0.5,-0.09698961910168269,0.09698961910168269,0.00940698621348949,2020-10,2020-11-24T01:30:00+00:00,5.0,pseudo_real_time
twentieth,union,histgb,2020-12,0.6543624469840242,1.1,-0.44563755301597585,0.44563755301597585,0.19859282865806668,2020-11,2020-12-24T01:30:00+00:00,5.0,pseudo_real_time
twentieth,union,histgb,2021-01,0.6992696648318694,1.0,-0.30073033516813064,0.30073033516813064,0.0904387344903362,2020-12,2021-01-25T01:30:00+00:00,5.0,pseudo_real_time
twentieth,union,histgb,2021-04,0.684882068466521,0.9,-0.21511793153347902,0.21511793153347902,0.04627572446724257,2021-01,2021-04-25T01:30:00+00:00,5.0,pseudo_real_time
twentieth,union,histgb,2021-05,0.8088404009057075,1.6,-0.7911595990942926,0.7911595990942926,0.6259335112390417,2021-04,2021-05-24T01:30:00+00:00,5.0,pseudo_real_time
twentieth,union,histgb,2021-06,-0.0752794808773074,0.3,-0.3752794808773074,0.3752794808773074,0.14083468876754132,2021-05,2021-06-24T01:30:00+00:00,5.0,pseudo_real_time
twentieth,union,histgb,2021-07,0.005455536118332535,0.5,-0.49454446388166745,0.49454446388166745,0.24457422675600587,2021-06,2021-07-26T01:30:00+00:00,5.0,pseudo_real_time
twentieth,union,histgb,2021-08,0.47925215804452703,0.7,-0.22074784195547292,0.22074784195547292,0.04872960972799845,2021-07,2021-08-24T01:30:00+00:00,5.0,pseudo_real_time
twentieth,union,histgb,2021-09,0.616631769373846,1.2,-0.583368230626154,0.583368230626154,0.34031849250388957,2021-08,2021-09-24T01:30:00+00:00,5.0,pseudo_real_time
twentieth,union,histgb,2021-10,0.9713640285930466,2.5,-1.5286359714069535,1.5286359714069535,2.3367279330792803,2021-09,2021-10-25T01:30:00+00:00,5.0,pseudo_real_time
twentieth,union,histgb,2021-11,-0.655341681061376,0.0,-0.655341681061376,0.655341681061376,0.4294727189363503,2021-10,2021-11-24T01:30:00+00:00,5.0,pseudo_real_time
twentieth,union,histgb,2021-12,-0.46217001987921263,-1.2,0.7378299801207873,0.7378299801207873,0.5443930795650413,2021-11,2021-12-24T01:30:00+00:00,5.0,pseudo_real_time
twentieth,union,histgb,2022-01,-0.31814402156559635,-0.2,-0.11814402156559634,0.11814402156559634,0.013958009831692092,2021-12,2022-01-24T01:30:00+00:00,5.0,pseudo_real_time
twentieth,union,histgb,2022-02,0.5203008305214476,0.5,0.0203008305214476,0.0203008305214476,0.0004121237198605384,2022-01,2022-02-24T01:30:00+00:00,5.0,pseudo_real_time
twentieth,union,histgb,2022-03,0.7242834991390478,1.1,-0.3757165008609523,0.3757165008609523,0.141162889019198,2022-02,2022-03-24T01:30:00+00:00,5.0,pseudo_real_time
twentieth,union,histgb,2022-04,0.5046480354422924,0.6,-0.09535196455770756,0.09535196455770756,0.009091997145014317,2022-03,2022-04-24T01:30:00+00:00,5.0,pseudo_real_time
twentieth,union,histgb,2022-05,0.005974305892558949,0.1,-0.09402569410744106,0.09402569410744106,0.008840831152386076,2022-04,2022-05-24T01:30:00+00:00,5.0,pseudo_real_time
twentieth,union,histgb,2022-06,0.14379341413412494,0.0,0.14379341413412494,0.14379341413412494,0.020676545948347964,2022-05,2022-06-24T01:30:00+00:00,5.0,pseudo_real_time
twentieth,union,histgb,2022-07,-0.363645927398891,-1.3,0.936354072601109,0.936354072601109,0.876758949276683,2022-06,2022-07-24T01:30:00+00:00,5.0,pseudo_real_time
twentieth,union,histgb,2022-08,-0.8124335248582015,-1.2,0.3875664751417984,0.3875664751417984,0.15020777265383825,2022-07,2022-08-24T01:30:00+00:00,5.0,pseudo_real_time
twentieth,union,histgb,2022-09,0.028616392218953506,-0.1,0.12861639221895352,0.12861639221895352,0.016542176347419685,2022-08,2022-09-24T01:30:00+00:00,5.0,pseudo_real_time
twentieth,union,histgb,2022-10,0.11688941095013568,0.2,-0.08311058904986433,0.08311058904986433,0.0069073700122154295,2022-09,2022-10-24T01:30:00+00:00,5.0,pseudo_real_time
twentieth,union,histgb,2022-11,-0.8129176732462216,0.1,-0.9129176732462215,0.9129176732462215,0.8334186781252949,2022-10,2022-11-24T01:30:00+00:00,5.0,pseudo_real_time
twentieth,union,histgb,2022-12,-0.3845130813298423,-0.5,0.1154869186701577,0.1154869186701577,0.01333722838392762,2022-11,2022-12-24T01:30:00+00:00,5.0,pseudo_real_time
twentieth,union,histgb,2023-01,0.24665137692961833,-0.4,0.6466513769296184,0.6466513769296184,0.4181580032849714,2022-12,2023-01-24T01:30:00+00:00,5.0,pseudo_real_time
twentieth,union,histgb,2023-02,-0.20824463835870832,0.0,-0.20824463835870832,0.20824463835870832,0.043365829405149214,2023-01,2023-02-24T01:30:00+00:00,5.0,pseudo_real_time
twentieth,union,histgb,2023-03,0.25400247017214117,0.0,0.25400247017214117,0.25400247017214117,0.06451725485354946,2023-02,2023-03-24T01:30:00+00:00,5.0,pseudo_real_time
twentieth,union,histgb,2023-04,-0.2292027312553171,-0.5,0.2707972687446829,0.2707972687446829,0.07333116075958002,2023-03,2023-04-24T01:30:00+00:00,5.0,pseudo_real_time
twentieth,union,histgb,2023-05,-0.6805699156244088,-0.9,0.2194300843755912,0.2194300843755912,0.04814956192907907,2023-04,2023-05-24T01:30:00+00:00,5.0,pseudo_real_time
twentieth,union,histgb,2023-06,-0.28265395974917334,-0.8,0.5173460402508268,0.5173460402508268,0.26764692536321005,2023-05,2023-06-24T01:30:00+00:00,5.0,pseudo_real_time
twentieth,union,histgb,2023-07,0.16344545849171666,-0.2,0.36344545849171667,0.36344545849171667,0.13209260129825415,2023-06,2023-07-24T01:30:00+00:00,5.0,pseudo_real_time
twentieth,union,histgb,2023-08,0.20854553739106663,0.2,0.008545537391066615,0.008545537391066615,7.302620930211762e-05,2023-07,2023-08-24T01:30:00+00:00,5.0,pseudo_real_time
twentieth,union,histgb,2023-09,0.11784171806009923,0.4,-0.2821582819399008,0.2821582819399008,0.07961329606727653,2023-08,2023-09-24T01:30:00+00:00,5.0,pseudo_real_time
twentieth,union,histgb,2023-10,-0.4595382127724312,0.0,-0.4595382127724312,0.4595382127724312,0.21117536899808023,2023-09,2023-10-24T01:30:00+00:00,5.0,pseudo_real_time
twentieth,union,histgb,2023-11,-0.5767070081837063,-0.3,-0.27670700818370636,0.27670700818370636,0.07656676837797774,2023-10,2023-11-24T01:30:00+00:00,5.0,pseudo_real_time
twentieth,union,histgb,2023-12,-0.11041788963490355,-0.3,0.18958211036509642,0.18958211036509642,0.0359413765704836,2023-11,2023-12-24T01:30:00+00:00,5.0,pseudo_real_time
twentieth,union,histgb,2024-01,-0.22579332632842625,-0.2,-0.025793326328426236,0.025793326328426236,0.000665295683084686,2023-12,2024-01-24T01:30:00+00:00,5.0,pseudo_real_time
twentieth,union,histgb,2024-04,-0.2401323833452919,-0.2,-0.0401323833452919,0.0401323833452919,0.0016106081929734626,2024-01,2024-04-24T01:30:00+00:00,5.0,pseudo_real_time
twentieth,union,histgb,2024-05,0.1109383866092946,0.2,-0.08906161339070541,0.08906161339070541,0.007931970979755476,2024-04,2024-05-24T01:30:00+00:00,5.0,pseudo_real_time
twentieth,union,histgb,2024-06,0.10666718542376494,0.1,0.006667185423764932,0.006667185423764932,4.4451361474863576e-05,2024-05,2024-06-24T01:30:00+00:00,5.0,pseudo_real_time
twentieth,union,histgb,2024-07,-0.30082646941258,-0.2,-0.10082646941258,0.10082646941258,0.01016597693420593,2024-06,2024-07-24T01:30:00+00:00,5.0,pseudo_real_time
twentieth,union,histgb,2024-08,-0.32304962772151574,-0.7,0.3769503722784842,0.3769503722784842,0.14209158316088785,2024-07,2024-08-24T01:30:00+00:00,5.0,pseudo_real_time
twentieth,union,histgb,2024-09,-0.11071801437486647,-0.6,0.4892819856251335,0.4892819856251335,0.23939686145727332,2024-08,2024-09-24T01:30:00+00:00,5.0,pseudo_real_time
twentieth,union,histgb,2024-10,0.42745671061061075,-0.1,0.5274567106106107,0.5274567106106107,0.2782105815681655,2024-09,2024-10-24T01:30:00+00:00,5.0,pseudo_real_time
twentieth,union,histgb,2024-11,-0.2854537106686962,-0.1,-0.18545371066869618,0.18545371066869618,0.03439307880078847,2024-10,2024-11-24T01:30:00+00:00,5.0,pseudo_real_time
twentieth,union,histgb,2024-12,-0.11004578517948865,-0.1,-0.010045785179488648,0.010045785179488648,0.00010091779987243376,2024-11,2024-12-24T01:30:00+00:00,5.0,pseudo_real_time
twentieth,union,histgb,2025-01,-0.010411269707188428,-0.2,0.1895887302928116,0.1895887302928116,0.035943886654040455,2024-12,2025-01-24T01:30:00+00:00,5.0,pseudo_real_time
twentieth,union,histgb,2025-02,-0.2197767998108033,-0.1,-0.1197767998108033,0.1197767998108033,0.01434648177291725,2025-01,2025-02-24T01:30:00+00:00,5.0,pseudo_real_time
twentieth,union,histgb,2025-03,-0.1147308773574414,-0.4,0.2852691226425586,0.2852691226425586,0.08137847233325514,2025-02,2025-03-24T01:30:00+00:00,5.0,pseudo_real_time
twentieth,union,histgb,2025-04,-0.771415642624932,-0.4,-0.371415642624932,0.371415642624932,0.1379495795864912,2025-03,2025-04-24T01:30:00+00:00,5.0,pseudo_real_time
twentieth,union,histgb,2025-05,-0.3029188052850678,-0.4,0.0970811947149322,0.0970811947149322,0.009424758367278581,2025-04,2025-05-24T01:30:00+00:00,5.0,pseudo_real_time
twentieth,union,histgb,2025-06,-0.16079733449369707,-0.4,0.23920266550630295,0.23920266550630295,0.05721791518532025,2025-05,2025-06-24T01:30:00+00:00,5.0,pseudo_real_time
twentieth,union,histgb,2025-07,0.17757563020482905,-0.2,0.3775756302048291,0.3775756302048291,0.14256335652457386,2025-06,2025-07-24T01:30:00+00:00,5.0,pseudo_real_time
twentieth,union,histgb,2025-08,0.07275441969337282,0.0,0.07275441969337282,0.07275441969337282,0.0052932055849194345,2025-07,2025-08-24T01:30:00+00:00,5.0,pseudo_real_time
twentieth,union,histgb,2025-09,-0.21196715213142847,0.0,-0.21196715213142847,0.21196715213142847,0.04493007358270814,2025-08,2025-09-24T01:30:00+00:00,5.0,pseudo_real_time
twentieth,union,histgb,2025-10,-0.2570359086103123,0.1,-0.3570359086103123,0.3570359086103123,0.12747464003719128,2025-09,2025-10-24T01:30:00+00:00,5.0,pseudo_real_time
twentieth,union,histgb,2025-11,0.0854781066800268,0.1,-0.014521893319973209,0.014521893319973209,0.0002108853855966825,2025-10,2025-11-24T01:30:00+00:00,5.0,pseudo_real_time
twentieth,union,histgb,2025-12,-0.14113422983347668,0.2,-0.3411342298334767,0.3411342298334767,0.1163725627640793,2025-11,2025-12-24T01:30:00+00:00,5.0,pseudo_real_time
twentieth,union,histgb,2026-01,-0.06302483992989795,0.4,-0.46302483992989796,0.46302483992989796,0.21439200239210762,2025-12,2026-01-24T01:30:00+00:00,25.0,pseudo_real_time
twentieth,union,histgb,2026-04,0.4872251325911128,1.7,-1.2127748674088872,1.2127748674088872,1.470822879018644,2026-01,2026-04-24T01:30:00+00:00,5.0,pseudo_real_time
twentieth,union,histgb,2026-05,0.21862494556415873,0.5,-0.28137505443584127,0.28137505443584127,0.07917192125877263,2026-04,2026-05-24T01:30:00+00:00,5.0,pseudo_real_time
twentieth,union,histgb,2026-06,0.18757037581461963,-0.3,0.4875703758146196,0.4875703758146196,0.2377248713720094,2026-05,2026-06-24T01:30:00+00:00,5.0,pseudo_real_time
twentieth,union,histgb,2026-07,0.32342129921165713,-0.7,1.0234212992116571,1.0234212992116571,1.0473911556800763,2026-06,2026-07-24T01:30:00+00:00,5.0,pseudo_real_time
twentieth,union,histgb,2026-08,0.23265130922988686,0.4,-0.16734869077011316,0.16734869077011316,0.028005584302470958,2026-07,2026-08-24T01:30:00+00:00,5.0,pseudo_real_time
twentieth,union,xgboost,2016-04,-0.21227510273456573,0.7,-0.9122751027345657,0.9122751027345657,0.8322458630693624,2016-03,2016-04-25T01:30:00+00:00,5.0,pseudo_real_time
twentieth,union,xgboost,2016-05,-0.27983126044273376,0.5,-0.7798312604427338,0.7798312604427338,0.6081367947637029,2016-04,2016-05-24T01:30:00+00:00,25.0,pseudo_real_time
twentieth,union,xgboost,2016-06,-0.16432702541351318,-0.2,0.03567297458648683,0.03567297458648683,0.001272561115848135,2016-05,2016-06-24T01:30:00+00:00,5.0,pseudo_real_time
twentieth,union,xgboost,2016-07,-0.17702804505825043,0.2,-0.37702804505825044,0.37702804505825044,0.14215014676044613,2016-06,2016-07-25T01:30:00+00:00,5.0,pseudo_real_time
twentieth,union,xgboost,2016-08,-0.006165069527924061,0.2,-0.20616506952792407,0.20616506952792407,0.042504035893453765,2016-07,2016-08-24T01:30:00+00:00,5.0,pseudo_real_time
twentieth,union,xgboost,2016-09,0.22851301729679108,0.5,-0.2714869827032089,0.2714869827032089,0.07370518177729246,2016-08,2016-09-26T01:30:00+00:00,5.0,pseudo_real_time
twentieth,union,xgboost,2016-10,0.34453773498535156,0.7,-0.3554622650146484,0.3554622650146484,0.12635342184934412,2016-09,2016-10-24T01:30:00+00:00,5.0,pseudo_real_time
twentieth,union,xgboost,2016-11,0.18110735714435577,1.5,-1.3188926428556442,1.3188926428556442,1.739477803378746,2016-10,2016-11-24T01:30:00+00:00,25.0,pseudo_real_time
twentieth,union,xgboost,2016-12,0.31915533542633057,1.6,-1.2808446645736695,1.2808446645736695,1.640563054766836,2016-11,2016-12-26T01:30:00+00:00,25.0,pseudo_real_time
twentieth,union,xgboost,2017-01,-0.0640835091471672,0.8,-0.8640835091471673,0.8640835091471673,0.7466403107800826,2016-12,2017-01-24T01:30:00+00:00,25.0,pseudo_real_time
twentieth,union,xgboost,2017-02,0.36705756187438965,0.6,-0.23294243812561033,0.23294243812561033,0.0542621794799038,2017-01,2017-02-24T01:30:00+00:00,25.0,pseudo_real_time
twentieth,union,xgboost,2017-03,0.2722722589969635,0.3,-0.027727741003036488,0.027727741003036488,0.0007688276211314709,2017-02,2017-03-24T01:30:00+00:00,5.0,pseudo_real_time
twentieth,union,xgboost,2017-04,0.19637048244476318,-0.4,0.5963704824447632,0.5963704824447632,0.3556577523313996,2017-03,2017-04-24T01:30:00+00:00,5.0,pseudo_real_time
twentieth,union,xgboost,2017-05,0.035980045795440674,-0.3,0.33598004579544066,0.33598004579544066,0.11288259117270641,2017-04,2017-05-24T01:30:00+00:00,5.0,pseudo_real_time
twentieth,union,xgboost,2017-06,-0.0895802304148674,-0.2,0.11041976958513261,0.11041976958513261,0.012192525515233777,2017-05,2017-06-26T01:30:00+00:00,5.0,pseudo_real_time
twentieth,union,xgboost,2017-07,0.461194783449173,0.2,0.26119478344917296,0.26119478344917296,0.06822271490106036,2017-06,2017-07-24T01:30:00+00:00,5.0,pseudo_real_time
twentieth,union,xgboost,2017-08,0.5414649248123169,0.9,-0.3585350751876831,0.3585350751876831,0.1285474001398376,2017-07,2017-08-24T01:30:00+00:00,5.0,pseudo_real_time
twentieth,union,xgboost,2017-09,0.6397923827171326,1.0,-0.36020761728286743,0.36020761728286743,0.1297495275486007,2017-08,2017-09-25T01:30:00+00:00,5.0,pseudo_real_time
twentieth,union,xgboost,2017-10,0.11678019911050797,0.7,-0.583219800889492,0.583219800889492,0.3401453361495787,2017-09,2017-10-24T01:30:00+00:00,5.0,pseudo_real_time
twentieth,union,xgboost,2017-11,0.36375370621681213,0.5,-0.13624629378318787,0.13624629378318787,0.018563052569654737,2017-10,2017-11-24T01:30:00+00:00,5.0,pseudo_real_time
twentieth,union,xgboost,2017-12,0.4091736078262329,0.8,-0.39082639217376713,0.39082639217376713,0.15274526881956324,2017-11,2017-12-25T01:30:00+00:00,5.0,pseudo_real_time
twentieth,union,xgboost,2018-01,0.15715241432189941,0.3,-0.14284758567810057,0.14284758567810057,0.020405432734062284,2017-12,2018-01-24T01:30:00+00:00,5.0,pseudo_real_time
twentieth,union,xgboost,2018-04,0.045651212334632874,-0.2,0.24565121233463288,0.24565121233463288,0.06034451812147489,2018-01,2018-04-24T01:30:00+00:00,5.0,pseudo_real_time
twentieth,union,xgboost,2018-05,0.3808274269104004,0.4,-0.01917257308959963,0.01917257308959963,0.00036758755887603996,2018-04,2018-05-24T01:30:00+00:00,5.0,pseudo_real_time
twentieth,union,xgboost,2018-06,-0.020404482260346413,0.3,-0.3204044822603464,0.3204044822603464,0.10265903225252063,2018-05,2018-06-25T01:30:00+00:00,5.0,pseudo_real_time
twentieth,union,xgboost,2018-07,0.18690653145313263,0.1,0.08690653145313262,0.08690653145313262,0.00755274520921433,2018-06,2018-07-24T01:30:00+00:00,5.0,pseudo_real_time
twentieth,union,xgboost,2018-08,0.20242497324943542,0.4,-0.1975750267505646,0.1975750267505646,0.03903589119548632,2018-07,2018-08-24T01:30:00+00:00,5.0,pseudo_real_time
twentieth,union,xgboost,2018-09,0.4941224753856659,0.6,-0.10587752461433408,0.10587752461433408,0.01121005021845892,2018-08,2018-09-25T01:30:00+00:00,5.0,pseudo_real_time
twentieth,union,xgboost,2018-10,0.21950802206993103,0.4,-0.180491977930069,0.180491977930069,0.03257735409710851,2018-09,2018-10-24T01:30:00+00:00,5.0,pseudo_real_time
twentieth,union,xgboost,2018-11,-0.0964127853512764,-0.2,0.10358721464872361,0.10358721464872361,0.01073031103868074,2018-10,2018-11-26T01:30:00+00:00,5.0,pseudo_real_time
twentieth,union,xgboost,2018-12,-0.24573391675949097,-1.0,0.754266083240509,0.754266083240509,0.5689173243269785,2018-11,2018-12-24T01:30:00+00:00,5.0,pseudo_real_time
twentieth,union,xgboost,2019-01,-0.22577829658985138,-0.6,0.3742217034101486,0.3742217034101486,0.14004188330319323,2018-12,2019-01-24T01:30:00+00:00,5.0,pseudo_real_time
twentieth,union,xgboost,2019-02,0.2160094678401947,-0.1,0.3160094678401947,0.3160094678401947,0.09986198376464303,2019-01,2019-02-25T01:30:00+00:00,5.0,pseudo_real_time
twentieth,union,xgboost,2019-03,-0.005663340911269188,0.1,-0.1056633409112692,0.1056633409112692,0.011164741612531094,2019-02,2019-03-25T01:30:00+00:00,5.0,pseudo_real_time
twentieth,union,xgboost,2019-04,0.10153830051422119,0.3,-0.1984616994857788,0.1984616994857788,0.03938704616278357,2019-03,2019-04-24T01:30:00+00:00,5.0,pseudo_real_time
twentieth,union,xgboost,2019-07,-0.10948683321475983,-0.2,0.09051316678524018,0.09051316678524018,0.008192633361492707,2019-04,2019-07-24T01:30:00+00:00,5.0,pseudo_real_time
twentieth,union,xgboost,2019-08,-0.18012888729572296,-0.1,-0.08012888729572296,0.08012888729572296,0.006420638579250672,2019-07,2019-08-26T01:30:00+00:00,5.0,pseudo_real_time
twentieth,union,xgboost,2019-09,0.1812049001455307,0.1,0.0812049001455307,0.0812049001455307,0.006594235807645611,2019-08,2019-09-24T01:30:00+00:00,5.0,pseudo_real_time
twentieth,union,xgboost,2019-10,-0.3144471049308777,0.1,-0.41444710493087766,0.41444710493087766,0.17176640278558591,2019-09,2019-10-24T01:30:00+00:00,5.0,pseudo_real_time
twentieth,union,xgboost,2019-11,-0.3464807868003845,-0.1,-0.24648078680038452,0.24648078680038452,0.060752778261736605,2019-10,2019-11-25T01:30:00+00:00,5.0,pseudo_real_time
twentieth,union,xgboost,2019-12,0.02515043318271637,0.0,0.02515043318271637,0.02515043318271637,0.0006325442892782807,2019-11,2019-12-24T01:30:00+00:00,5.0,pseudo_real_time
twentieth,union,xgboost,2020-01,-0.25857651233673096,0.0,-0.25857651233673096,0.25857651233673096,0.06686181273222758,2019-12,2020-01-23T01:30:00+00:00,5.0,pseudo_real_time
twentieth,union,xgboost,2020-02,-0.2203517109155655,-0.5,0.2796482890844345,0.2796482890844345,0.07820316558785145,2020-01,2020-02-24T01:30:00+00:00,5.0,pseudo_real_time
twentieth,union,xgboost,2020-03,-0.05203242972493172,-1.0,0.9479675702750683,0.9479675702750683,0.8986425142932165,2020-02,2020-03-24T01:30:00+00:00,5.0,pseudo_real_time
twentieth,union,xgboost,2020-04,-0.2535022497177124,-1.3,1.0464977502822876,1.0464977502822876,1.0951575413458892,2020-03,2020-04-24T01:30:00+00:00,5.0,pseudo_real_time
twentieth,union,xgboost,2020-05,-0.23468220233917236,-0.4,0.16531779766082766,0.16531779766082766,0.027329974223426354,2020-04,2020-05-25T01:30:00+00:00,5.0,pseudo_real_time
twentieth,union,xgboost,2020-06,-0.14456205070018768,0.4,-0.5445620507001877,0.5445620507001877,0.2965478270627938,2020-05,2020-06-24T01:30:00+00:00,5.0,pseudo_real_time
twentieth,union,xgboost,2020-07,0.010016770102083683,0.4,-0.38998322989791634,0.38998322989791634,0.15208691960161108,2020-06,2020-07-24T01:30:00+00:00,5.0,pseudo_real_time
twentieth,union,xgboost,2020-08,0.2497648298740387,0.3,-0.05023517012596129,0.05023517012596129,0.002523572317584274,2020-07,2020-08-24T01:30:00+00:00,5.0,pseudo_real_time
twentieth,union,xgboost,2020-09,0.07766830176115036,0.1,-0.022331698238849645,0.022331698238849645,0.0004987047462310404,2020-08,2020-09-24T01:30:00+00:00,5.0,pseudo_real_time
twentieth,union,xgboost,2020-10,0.13192273676395416,0.0,0.13192273676395416,0.13192273676395416,0.017403608475291543,2020-09,2020-10-26T01:30:00+00:00,5.0,pseudo_real_time
twentieth,union,xgboost,2020-11,0.2862764596939087,0.5,-0.2137235403060913,0.2137235403060913,0.045677751680969436,2020-10,2020-11-24T01:30:00+00:00,5.0,pseudo_real_time
twentieth,union,xgboost,2020-12,0.6371152400970459,1.1,-0.4628847599029542,0.4628847599029542,0.21426230095041554,2020-11,2020-12-24T01:30:00+00:00,5.0,pseudo_real_time
twentieth,union,xgboost,2021-01,0.6800341606140137,1.0,-0.31996583938598633,0.31996583938598633,0.1023781383739788,2020-12,2021-01-25T01:30:00+00:00,5.0,pseudo_real_time
twentieth,union,xgboost,2021-04,0.5978049635887146,0.9,-0.3021950364112854,0.3021950364112854,0.09132184003161813,2021-01,2021-04-25T01:30:00+00:00,5.0,pseudo_real_time
twentieth,union,xgboost,2021-05,0.795996904373169,1.6,-0.8040030956268311,0.8040030956268311,0.6464209777775274,2021-04,2021-05-24T01:30:00+00:00,5.0,pseudo_real_time
twentieth,union,xgboost,2021-06,-0.1942327916622162,0.3,-0.4942327916622162,0.4942327916622162,0.24426605235422758,2021-05,2021-06-24T01:30:00+00:00,5.0,pseudo_real_time
twentieth,union,xgboost,2021-07,0.1411142796278,0.5,-0.3588857203722,0.3588857203722,0.12879896028707294,2021-06,2021-07-26T01:30:00+00:00,5.0,pseudo_real_time
twentieth,union,xgboost,2021-08,0.35960665345191956,0.7,-0.3403933465480804,0.3403933465480804,0.11586763037420156,2021-07,2021-08-24T01:30:00+00:00,5.0,pseudo_real_time
twentieth,union,xgboost,2021-09,0.6421443819999695,1.2,-0.5578556180000305,0.5578556180000305,0.3112028905341959,2021-08,2021-09-24T01:30:00+00:00,5.0,pseudo_real_time
twentieth,union,xgboost,2021-10,1.0119400024414062,2.5,-1.4880599975585938,1.4880599975585938,2.214322556334082,2021-09,2021-10-25T01:30:00+00:00,5.0,pseudo_real_time
twentieth,union,xgboost,2021-11,-0.5460931658744812,0.0,-0.5460931658744812,0.5460931658744812,0.29821774581481364,2021-10,2021-11-24T01:30:00+00:00,5.0,pseudo_real_time
twentieth,union,xgboost,2021-12,-0.5595933198928833,-1.2,0.6404066801071167,0.6404066801071167,0.41012071592581884,2021-11,2021-12-24T01:30:00+00:00,5.0,pseudo_real_time
twentieth,union,xgboost,2022-01,-0.09415848553180695,-0.2,0.10584151446819307,0.10584151446819307,0.011202426184920723,2021-12,2022-01-24T01:30:00+00:00,5.0,pseudo_real_time
twentieth,union,xgboost,2022-02,0.7575570344924927,0.5,0.2575570344924927,0.2575570344924927,0.06633562601656706,2022-01,2022-02-24T01:30:00+00:00,5.0,pseudo_real_time
twentieth,union,xgboost,2022-03,0.4272223711013794,1.1,-0.6727776288986207,0.6727776288986207,0.4526297379464502,2022-02,2022-03-24T01:30:00+00:00,5.0,pseudo_real_time
twentieth,union,xgboost,2022-04,0.38961029052734375,0.6,-0.21038970947265623,0.21038970947265623,0.04426382985198869,2022-03,2022-04-24T01:30:00+00:00,5.0,pseudo_real_time
twentieth,union,xgboost,2022-05,0.06627760827541351,0.1,-0.03372239172458649,0.03372239172458649,0.0011371997036264596,2022-04,2022-05-24T01:30:00+00:00,5.0,pseudo_real_time
twentieth,union,xgboost,2022-06,0.219440758228302,0.0,0.219440758228302,0.219440758228302,0.04815424637181209,2022-05,2022-06-24T01:30:00+00:00,5.0,pseudo_real_time
twentieth,union,xgboost,2022-07,-0.4344991147518158,-1.3,0.8655008852481842,0.8655008852481842,0.7490917823653906,2022-06,2022-07-24T01:30:00+00:00,5.0,pseudo_real_time
twentieth,union,xgboost,2022-08,-0.5590924024581909,-1.2,0.640907597541809,0.640907597541809,0.4107625485868135,2022-07,2022-08-24T01:30:00+00:00,5.0,pseudo_real_time
twentieth,union,xgboost,2022-09,0.09692732244729996,-0.1,0.19692732244729996,0.19692732244729996,0.03878037032626285,2022-08,2022-09-24T01:30:00+00:00,5.0,pseudo_real_time
twentieth,union,xgboost,2022-10,0.01664010062813759,0.2,-0.18335989937186242,0.18335989937186242,0.03362085269765951,2022-09,2022-10-24T01:30:00+00:00,5.0,pseudo_real_time
twentieth,union,xgboost,2022-11,-0.7310607433319092,0.1,-0.8310607433319092,0.8310607433319092,0.6906619591073854,2022-10,2022-11-24T01:30:00+00:00,5.0,pseudo_real_time
twentieth,union,xgboost,2022-12,-0.348938912153244,-0.5,0.15106108784675598,0.15106108784675598,0.022819452261445328,2022-11,2022-12-24T01:30:00+00:00,5.0,pseudo_real_time
twentieth,union,xgboost,2023-01,0.2627401053905487,-0.4,0.6627401053905487,0.6627401053905487,0.43922444729307564,2022-12,2023-01-24T01:30:00+00:00,5.0,pseudo_real_time
twentieth,union,xgboost,2023-02,-0.12282778322696686,0.0,-0.12282778322696686,0.12282778322696686,0.015086664332450761,2023-01,2023-02-24T01:30:00+00:00,5.0,pseudo_real_time
twentieth,union,xgboost,2023-03,0.25070294737815857,0.0,0.25070294737815857,0.25070294737815857,0.06285196782409574,2023-02,2023-03-24T01:30:00+00:00,5.0,pseudo_real_time
twentieth,union,xgboost,2023-04,-0.2238192856311798,-0.5,0.2761807143688202,0.2761807143688202,0.07627578698927184,2023-03,2023-04-24T01:30:00+00:00,5.0,pseudo_real_time
twentieth,union,xgboost,2023-05,-0.7411619424819946,-0.9,0.1588380575180054,0.1588380575180054,0.02522952851609319,2023-04,2023-05-24T01:30:00+00:00,5.0,pseudo_real_time
twentieth,union,xgboost,2023-06,-0.403779536485672,-0.8,0.39622046351432805,0.39622046351432805,0.15699065570750897,2023-05,2023-06-24T01:30:00+00:00,5.0,pseudo_real_time
twentieth,union,xgboost,2023-07,0.2243666648864746,-0.2,0.4243666648864746,0.4243666648864746,0.18008706626686946,2023-06,2023-07-24T01:30:00+00:00,5.0,pseudo_real_time
twentieth,union,xgboost,2023-08,0.2290494740009308,0.2,0.029049474000930775,0.029049474000930775,0.000843871939730753,2023-07,2023-08-24T01:30:00+00:00,5.0,pseudo_real_time
twentieth,union,xgboost,2023-09,0.11358398199081421,0.4,-0.2864160180091858,0.2864160180091858,0.08203413537223825,2023-08,2023-09-24T01:30:00+00:00,5.0,pseudo_real_time
twentieth,union,xgboost,2023-10,-0.4656497538089752,0.0,-0.4656497538089752,0.4656497538089752,0.21682969322235923,2023-09,2023-10-24T01:30:00+00:00,5.0,pseudo_real_time
twentieth,union,xgboost,2023-11,-0.49043557047843933,-0.3,-0.19043557047843934,0.19043557047843934,0.03626570650344864,2023-10,2023-11-24T01:30:00+00:00,5.0,pseudo_real_time
twentieth,union,xgboost,2023-12,-0.0729505717754364,-0.3,0.2270494282245636,0.2270494282245636,0.051551442857101254,2023-11,2023-12-24T01:30:00+00:00,5.0,pseudo_real_time
twentieth,union,xgboost,2024-01,-0.25644782185554504,-0.2,-0.05644782185554503,0.05644782185554503,0.0031863565922353476,2023-12,2024-01-24T01:30:00+00:00,5.0,pseudo_real_time
twentieth,union,xgboost,2024-04,-0.09774955362081528,-0.2,0.10225044637918473,0.10225044637918473,0.010455153784742533,2024-01,2024-04-24T01:30:00+00:00,5.0,pseudo_real_time
twentieth,union,xgboost,2024-05,0.0760389044880867,0.2,-0.12396109551191331,0.12396109551191331,0.015366353200513695,2024-04,2024-05-24T01:30:00+00:00,5.0,pseudo_real_time
twentieth,union,xgboost,2024-06,0.0032631736248731613,0.1,-0.09673682637512684,0.09673682637512684,0.009358013577131436,2024-05,2024-06-24T01:30:00+00:00,5.0,pseudo_real_time
twentieth,union,xgboost,2024-07,-0.3142889440059662,-0.2,-0.11428894400596618,0.11428894400596618,0.013061962721998872,2024-06,2024-07-24T01:30:00+00:00,5.0,pseudo_real_time
twentieth,union,xgboost,2024-08,-0.3503402769565582,-0.7,0.34965972304344173,0.34965972304344173,0.12226192191881638,2024-07,2024-08-24T01:30:00+00:00,5.0,pseudo_real_time
twentieth,union,xgboost,2024-09,-0.09724413603544235,-0.6,0.5027558639645576,0.5027558639645576,0.2527634587507488,2024-08,2024-09-24T01:30:00+00:00,5.0,pseudo_real_time
twentieth,union,xgboost,2024-10,0.3648722767829895,-0.1,0.4648722767829895,0.4648722767829895,0.2161062337214004,2024-09,2024-10-24T01:30:00+00:00,5.0,pseudo_real_time
twentieth,union,xgboost,2024-11,-0.3229104280471802,-0.1,-0.22291042804718017,0.22291042804718017,0.04968905893217709,2024-10,2024-11-24T01:30:00+00:00,5.0,pseudo_real_time
twentieth,union,xgboost,2024-12,-0.12196826934814453,-0.1,-0.021968269348144526,0.021968269348144526,0.0004826048581526263,2024-11,2024-12-24T01:30:00+00:00,5.0,pseudo_real_time
twentieth,union,xgboost,2025-01,-0.15132178366184235,-0.2,0.048678216338157665,0.048678216338157665,0.00236956874586448,2024-12,2025-01-24T01:30:00+00:00,5.0,pseudo_real_time
twentieth,union,xgboost,2025-02,-0.2764248847961426,-0.1,-0.17642488479614257,0.17642488479614257,0.03112573997533218,2025-01,2025-02-24T01:30:00+00:00,5.0,pseudo_real_time
twentieth,union,xgboost,2025-03,-0.16876666247844696,-0.4,0.23123333752155306,0.23123333752155306,0.053468856381356476,2025-02,2025-03-24T01:30:00+00:00,5.0,pseudo_real_time
twentieth,union,xgboost,2025-04,-0.6176289916038513,-0.4,-0.2176289916038513,0.2176289916038513,0.04736237798650918,2025-03,2025-04-24T01:30:00+00:00,5.0,pseudo_real_time
twentieth,union,xgboost,2025-05,-0.2591567039489746,-0.4,0.1408432960510254,0.1408432960510254,0.01983683404251679,2025-04,2025-05-24T01:30:00+00:00,5.0,pseudo_real_time
twentieth,union,xgboost,2025-06,-0.18537837266921997,-0.4,0.21462162733078005,0.21462162733078005,0.046062442918112234,2025-05,2025-06-24T01:30:00+00:00,5.0,pseudo_real_time
twentieth,union,xgboost,2025-07,-0.009679200127720833,-0.2,0.19032079987227918,0.19032079987227918,0.036222006864024145,2025-06,2025-07-24T01:30:00+00:00,5.0,pseudo_real_time
twentieth,union,xgboost,2025-08,0.14886459708213806,0.0,0.14886459708213806,0.14886459708213806,0.022160668264427308,2025-07,2025-08-24T01:30:00+00:00,5.0,pseudo_real_time
twentieth,union,xgboost,2025-09,-0.2845228314399719,0.0,-0.2845228314399719,0.2845228314399719,0.08095324161061868,2025-08,2025-09-24T01:30:00+00:00,5.0,pseudo_real_time
twentieth,union,xgboost,2025-10,-0.31535476446151733,0.1,-0.4153547644615173,0.4153547644615173,0.17251958036088252,2025-09,2025-10-24T01:30:00+00:00,5.0,pseudo_real_time
twentieth,union,xgboost,2025-11,0.13251450657844543,0.1,0.03251450657844543,0.03251450657844543,0.0010571931380397711,2025-10,2025-11-24T01:30:00+00:00,5.0,pseudo_real_time
twentieth,union,xgboost,2025-12,-0.09209976345300674,0.2,-0.29209976345300676,0.29209976345300676,0.0853222718093025,2025-11,2025-12-24T01:30:00+00:00,5.0,pseudo_real_time
twentieth,union,xgboost,2026-01,-0.034225910902023315,0.4,-0.43422591090202334,0.43422591090202334,0.18855214169869192,2025-12,2026-01-24T01:30:00+00:00,5.0,pseudo_real_time
twentieth,union,xgboost,2026-04,0.422027587890625,1.7,-1.277972412109375,1.277972412109375,1.6332134861126542,2026-01,2026-04-24T01:30:00+00:00,5.0,pseudo_real_time
twentieth,union,xgboost,2026-05,0.10763918608427048,0.5,-0.3923608139157295,0.3923608139157295,0.15394700829661373,2026-04,2026-05-24T01:30:00+00:00,5.0,pseudo_real_time
twentieth,union,xgboost,2026-06,0.037000395357608795,-0.3,0.3370003953576088,0.3370003953576088,0.11356926647118464,2026-05,2026-06-24T01:30:00+00:00,5.0,pseudo_real_time
twentieth,union,xgboost,2026-07,0.1915218085050583,-0.7,0.8915218085050582,0.8915218085050582,0.7948111350401298,2026-06,2026-07-24T01:30:00+00:00,5.0,pseudo_real_time
twentieth,union,xgboost,2026-08,0.27191999554634094,0.4,-0.12808000445365908,0.12808000445365908,0.01640448754084933,2026-07,2026-08-24T01:30:00+00:00,5.0,pseudo_real_time
twentieth,union,catboost,2016-04,-0.08503060983039018,0.7,-0.7850306098303901,0.7850306098303901,0.6162730583706741,2016-03,2016-04-25T01:30:00+00:00,5.0,pseudo_real_time
twentieth,union,catboost,2016-05,-0.1734750065630692,0.5,-0.6734750065630692,0.6734750065630692,0.45356858446512616,2016-04,2016-05-24T01:30:00+00:00,5.0,pseudo_real_time
twentieth,union,catboost,2016-06,-0.11792688893569628,-0.2,0.08207311106430373,0.08207311106430373,0.0067359955597735355,2016-05,2016-06-24T01:30:00+00:00,5.0,pseudo_real_time
twentieth,union,catboost,2016-07,-0.08881737039075965,0.2,-0.28881737039075966,0.28881737039075966,0.08341547343943326,2016-06,2016-07-25T01:30:00+00:00,5.0,pseudo_real_time
twentieth,union,catboost,2016-08,0.23314700669684862,0.2,0.03314700669684861,0.03314700669684861,0.0010987240529609268,2016-07,2016-08-24T01:30:00+00:00,5.0,pseudo_real_time
twentieth,union,catboost,2016-09,0.31894761514743575,0.5,-0.18105238485256425,0.18105238485256425,0.03277996606080104,2016-08,2016-09-26T01:30:00+00:00,5.0,pseudo_real_time
twentieth,union,catboost,2016-10,0.4174756231737081,0.7,-0.28252437682629183,0.28252437682629183,0.07982002350108455,2016-09,2016-10-24T01:30:00+00:00,5.0,pseudo_real_time
twentieth,union,catboost,2016-11,0.48098558615273435,1.5,-1.0190144138472657,1.0190144138472657,1.0383903756284865,2016-10,2016-11-24T01:30:00+00:00,5.0,pseudo_real_time
twentieth,union,catboost,2016-12,0.3035765741306775,1.6,-1.2964234258693226,1.2964234258693226,1.680713699142751,2016-11,2016-12-26T01:30:00+00:00,5.0,pseudo_real_time
twentieth,union,catboost,2017-01,-0.22644029405509136,0.8,-1.0264402940550914,1.0264402940550914,1.0535796772599024,2016-12,2017-01-24T01:30:00+00:00,5.0,pseudo_real_time
twentieth,union,catboost,2017-02,0.11223563546787671,0.6,-0.48776436453212324,0.48776436453212324,0.237914075307426,2017-01,2017-02-24T01:30:00+00:00,5.0,pseudo_real_time
twentieth,union,catboost,2017-03,-0.04179923909152327,0.3,-0.34179923909152327,0.34179923909152327,0.11682671984354429,2017-02,2017-03-24T01:30:00+00:00,5.0,pseudo_real_time
twentieth,union,catboost,2017-04,-0.08678538834729035,-0.4,0.3132146116527097,0.3132146116527097,0.09810339295275775,2017-03,2017-04-24T01:30:00+00:00,5.0,pseudo_real_time
twentieth,union,catboost,2017-05,0.020765582760743806,-0.3,0.3207655827607438,0.3207655827607438,0.10289055908383958,2017-04,2017-05-24T01:30:00+00:00,5.0,pseudo_real_time
twentieth,union,catboost,2017-06,0.02651987846594367,-0.2,0.22651987846594368,0.22651987846594368,0.051311255340225896,2017-05,2017-06-26T01:30:00+00:00,5.0,pseudo_real_time
twentieth,union,catboost,2017-07,0.2666630896628568,0.2,0.06666308966285678,0.06666308966285678,0.004443967523398082,2017-06,2017-07-24T01:30:00+00:00,5.0,pseudo_real_time
twentieth,union,catboost,2017-08,0.614461079753168,0.9,-0.28553892024683203,0.28553892024683203,0.0815324749757267,2017-07,2017-08-24T01:30:00+00:00,5.0,pseudo_real_time
twentieth,union,catboost,2017-09,0.6962587934103491,1.0,-0.30374120658965087,0.30374120658965087,0.09225872058053697,2017-08,2017-09-25T01:30:00+00:00,5.0,pseudo_real_time
twentieth,union,catboost,2017-10,0.16002860583478692,0.7,-0.539971394165213,0.539971394165213,0.29156910651672385,2017-09,2017-10-24T01:30:00+00:00,5.0,pseudo_real_time
twentieth,union,catboost,2017-11,0.4553775199888622,0.5,-0.04462248001113778,0.04462248001113778,0.0019911657223443905,2017-10,2017-11-24T01:30:00+00:00,5.0,pseudo_real_time
twentieth,union,catboost,2017-12,0.4126608696733064,0.8,-0.38733913032669365,0.38733913032669365,0.15003160188223938,2017-11,2017-12-25T01:30:00+00:00,5.0,pseudo_real_time
twentieth,union,catboost,2018-01,0.018279641619660354,0.3,-0.28172035838033965,0.28172035838033965,0.07936636032594702,2017-12,2018-01-24T01:30:00+00:00,5.0,pseudo_real_time
twentieth,union,catboost,2018-04,-0.021806640575117484,-0.2,0.1781933594248825,0.1781933594248825,0.03175287334312536,2018-01,2018-04-24T01:30:00+00:00,5.0,pseudo_real_time
twentieth,union,catboost,2018-05,0.4153968774998203,0.4,0.015396877499820272,0.015396877499820272,0.00023706383674447176,2018-04,2018-05-24T01:30:00+00:00,5.0,pseudo_real_time
twentieth,union,catboost,2018-06,0.0678479103084438,0.3,-0.2321520896915562,0.2321520896915562,0.053894592748156354,2018-05,2018-06-25T01:30:00+00:00,25.0,pseudo_real_time
twentieth,union,catboost,2018-07,0.12647415438613546,0.1,0.026474154386135457,0.026474154386135457,0.0007008808504609353,2018-06,2018-07-24T01:30:00+00:00,5.0,pseudo_real_time
twentieth,union,catboost,2018-08,0.2006584388168222,0.4,-0.19934156118317783,0.19934156118317783,0.03973705801494663,2018-07,2018-08-24T01:30:00+00:00,5.0,pseudo_real_time
twentieth,union,catboost,2018-09,0.3685422462496447,0.6,-0.23145775375035527,0.23145775375035527,0.0535726917711601,2018-08,2018-09-25T01:30:00+00:00,5.0,pseudo_real_time
twentieth,union,catboost,2018-10,0.1720618922601976,0.4,-0.22793810773980241,0.22793810773980241,0.05195578096000177,2018-09,2018-10-24T01:30:00+00:00,5.0,pseudo_real_time
twentieth,union,catboost,2018-11,-0.14452286177283816,-0.2,0.055477138227161854,0.055477138227161854,0.003077712865875623,2018-10,2018-11-26T01:30:00+00:00,5.0,pseudo_real_time
twentieth,union,catboost,2018-12,-0.20226160705779977,-1.0,0.7977383929422002,0.7977383929422002,0.6363865435740041,2018-11,2018-12-24T01:30:00+00:00,5.0,pseudo_real_time
twentieth,union,catboost,2019-01,-0.2503459750976652,-0.6,0.34965402490233477,0.34965402490233477,0.12225793713040255,2018-12,2019-01-24T01:30:00+00:00,5.0,pseudo_real_time
twentieth,union,catboost,2019-02,0.16449915052393427,-0.1,0.26449915052393425,0.26449915052393425,0.06995980062788283,2019-01,2019-02-25T01:30:00+00:00,5.0,pseudo_real_time
twentieth,union,catboost,2019-03,0.13499206604255015,0.1,0.034992066042550146,0.034992066042550146,0.001224444685926191,2019-02,2019-03-25T01:30:00+00:00,5.0,pseudo_real_time
twentieth,union,catboost,2019-04,0.0658321375811018,0.3,-0.2341678624188982,0.2341678624188982,0.054834587789836034,2019-03,2019-04-24T01:30:00+00:00,5.0,pseudo_real_time
twentieth,union,catboost,2019-07,0.023393451971338308,-0.2,0.2233934519713383,0.2233934519713383,0.04990463438367063,2019-04,2019-07-24T01:30:00+00:00,5.0,pseudo_real_time
twentieth,union,catboost,2019-08,-0.024089131748465983,-0.1,0.07591086825153402,0.07591086825153402,0.005762459918701756,2019-07,2019-08-26T01:30:00+00:00,5.0,pseudo_real_time
twentieth,union,catboost,2019-09,0.17189408704645834,0.1,0.07189408704645833,0.07189408704645833,0.005168759752243728,2019-08,2019-09-24T01:30:00+00:00,5.0,pseudo_real_time
twentieth,union,catboost,2019-10,-0.27099511041580965,0.1,-0.3709951104158097,0.3709951104158097,0.13763737195243883,2019-09,2019-10-24T01:30:00+00:00,5.0,pseudo_real_time
twentieth,union,catboost,2019-11,-0.30902267431363245,-0.1,-0.20902267431363244,0.20902267431363244,0.04369047837722286,2019-10,2019-11-25T01:30:00+00:00,5.0,pseudo_real_time
twentieth,union,catboost,2019-12,0.05620013297417648,0.0,0.05620013297417648,0.05620013297417648,0.003158454946315119,2019-11,2019-12-24T01:30:00+00:00,5.0,pseudo_real_time
twentieth,union,catboost,2020-01,-0.15461389882283652,0.0,-0.15461389882283652,0.15461389882283652,0.02390545770919833,2019-12,2020-01-23T01:30:00+00:00,5.0,pseudo_real_time
twentieth,union,catboost,2020-02,-0.17647125640846167,-0.5,0.3235287435915383,0.3235287435915383,0.10467084792991935,2020-01,2020-02-24T01:30:00+00:00,5.0,pseudo_real_time
twentieth,union,catboost,2020-03,-0.15624361472208903,-1.0,0.843756385277911,0.843756385277911,0.7119248376972466,2020-02,2020-03-24T01:30:00+00:00,5.0,pseudo_real_time
twentieth,union,catboost,2020-04,-0.33893045422513235,-1.3,0.9610695457748677,0.9610695457748677,0.9236546718159105,2020-03,2020-04-24T01:30:00+00:00,5.0,pseudo_real_time
twentieth,union,catboost,2020-05,-0.28363329035637874,-0.4,0.11636670964362128,0.11636670964362128,0.013541211113282861,2020-04,2020-05-25T01:30:00+00:00,5.0,pseudo_real_time
twentieth,union,catboost,2020-06,-0.07342018141858983,0.4,-0.4734201814185899,0.4734201814185899,0.22412666817441054,2020-05,2020-06-24T01:30:00+00:00,5.0,pseudo_real_time
twentieth,union,catboost,2020-07,-0.17023618916893,0.4,-0.57023618916893,0.57023618916893,0.3251693114379038,2020-06,2020-07-24T01:30:00+00:00,5.0,pseudo_real_time
twentieth,union,catboost,2020-08,0.19492386238647902,0.3,-0.10507613761352097,0.10507613761352097,0.011040994695775597,2020-07,2020-08-24T01:30:00+00:00,5.0,pseudo_real_time
twentieth,union,catboost,2020-09,0.17003118491788075,0.1,0.07003118491788074,0.07003118491788074,0.004904366861002407,2020-08,2020-09-24T01:30:00+00:00,5.0,pseudo_real_time
twentieth,union,catboost,2020-10,0.1178819259040793,0.0,0.1178819259040793,0.1178819259040793,0.013896148454854842,2020-09,2020-10-26T01:30:00+00:00,5.0,pseudo_real_time
twentieth,union,catboost,2020-11,0.3921501629441007,0.5,-0.10784983705589929,0.10784983705589929,0.011631587352984028,2020-10,2020-11-24T01:30:00+00:00,5.0,pseudo_real_time
twentieth,union,catboost,2020-12,0.5324684628213718,1.1,-0.5675315371786283,0.5675315371786283,0.3220920456923367,2020-11,2020-12-24T01:30:00+00:00,5.0,pseudo_real_time
twentieth,union,catboost,2021-01,0.6510468015959374,1.0,-0.3489531984040626,0.3489531984040626,0.12176833467642506,2020-12,2021-01-25T01:30:00+00:00,5.0,pseudo_real_time
twentieth,union,catboost,2021-04,0.4929510294086934,0.9,-0.4070489705913066,0.4070489705913066,0.1656888644594424,2021-01,2021-04-25T01:30:00+00:00,5.0,pseudo_real_time
twentieth,union,catboost,2021-05,0.7016748471861048,1.6,-0.8983251528138952,0.8983251528138952,0.8069880801781082,2021-04,2021-05-24T01:30:00+00:00,5.0,pseudo_real_time
twentieth,union,catboost,2021-06,-0.0872893574897819,0.3,-0.3872893574897819,0.3872893574897819,0.14999304642484806,2021-05,2021-06-24T01:30:00+00:00,5.0,pseudo_real_time
twentieth,union,catboost,2021-07,0.1698219827957139,0.5,-0.3301780172042861,0.3301780172042861,0.10901752304495384,2021-06,2021-07-26T01:30:00+00:00,5.0,pseudo_real_time
twentieth,union,catboost,2021-08,0.20358520576820152,0.7,-0.49641479423179846,0.49641479423179846,0.24642764793219882,2021-07,2021-08-24T01:30:00+00:00,5.0,pseudo_real_time
twentieth,union,catboost,2021-09,0.715239257851058,1.2,-0.48476074214894194,0.48476074214894194,0.23499297712879297,2021-08,2021-09-24T01:30:00+00:00,5.0,pseudo_real_time
twentieth,union,catboost,2021-10,0.8118577934886958,2.5,-1.688142206511304,1.688142206511304,2.8498241094048544,2021-09,2021-10-25T01:30:00+00:00,5.0,pseudo_real_time
twentieth,union,catboost,2021-11,-0.3998380995352506,0.0,-0.3998380995352506,0.3998380995352506,0.15987050583996099,2021-10,2021-11-24T01:30:00+00:00,5.0,pseudo_real_time
twentieth,union,catboost,2021-12,-0.34466526963537847,-1.2,0.8553347303646215,0.8553347303646215,0.7315975009679198,2021-11,2021-12-24T01:30:00+00:00,5.0,pseudo_real_time
twentieth,union,catboost,2022-01,-0.11937669046756386,-0.2,0.08062330953243615,0.08062330953243615,0.00650011803996301,2021-12,2022-01-24T01:30:00+00:00,5.0,pseudo_real_time
twentieth,union,catboost,2022-02,0.5918059313674253,0.5,0.09180593136742532,0.09180593136742532,0.008428329034240407,2022-01,2022-02-24T01:30:00+00:00,5.0,pseudo_real_time
twentieth,union,catboost,2022-03,0.5040863286841468,1.1,-0.5959136713158533,0.5959136713158533,0.3551131036611388,2022-02,2022-03-24T01:30:00+00:00,5.0,pseudo_real_time
twentieth,union,catboost,2022-04,0.29899852007558814,0.6,-0.30100147992441184,0.30100147992441184,0.0906018909166861,2022-03,2022-04-24T01:30:00+00:00,5.0,pseudo_real_time
twentieth,union,catboost,2022-05,-0.08928869985279533,0.1,-0.18928869985279534,0.18928869985279534,0.035830211891961644,2022-04,2022-05-24T01:30:00+00:00,5.0,pseudo_real_time
twentieth,union,catboost,2022-06,-0.14070060741543605,0.0,-0.14070060741543605,0.14070060741543605,0.01979666092707266,2022-05,2022-06-24T01:30:00+00:00,25.0,pseudo_real_time
twentieth,union,catboost,2022-07,-0.4269002092986335,-1.3,0.8730997907013666,0.8730997907013666,0.7623032445227701,2022-06,2022-07-24T01:30:00+00:00,5.0,pseudo_real_time
twentieth,union,catboost,2022-08,-0.2823750850472145,-1.2,0.9176249149527855,0.9176249149527855,0.8420354845421069,2022-07,2022-08-24T01:30:00+00:00,25.0,pseudo_real_time
twentieth,union,catboost,2022-09,0.05300957328754348,-0.1,0.1530095732875435,0.1530095732875435,0.023411929517636144,2022-08,2022-09-24T01:30:00+00:00,5.0,pseudo_real_time
twentieth,union,catboost,2022-10,0.05187506872018788,0.2,-0.14812493127981213,0.14812493127981213,0.021940995266649065,2022-09,2022-10-24T01:30:00+00:00,25.0,pseudo_real_time
twentieth,union,catboost,2022-11,-0.5943456610245249,0.1,-0.6943456610245249,0.6943456610245249,0.4821158969835844,2022-10,2022-11-24T01:30:00+00:00,5.0,pseudo_real_time
twentieth,union,catboost,2022-12,-0.16036549670183098,-0.5,0.339634503298169,0.339634503298169,0.11535159583059398,2022-11,2022-12-24T01:30:00+00:00,5.0,pseudo_real_time
twentieth,union,catboost,2023-01,0.04504863076541557,-0.4,0.44504863076541556,0.44504863076541556,0.1980682837461712,2022-12,2023-01-24T01:30:00+00:00,5.0,pseudo_real_time
twentieth,union,catboost,2023-02,-0.09183173658794433,0.0,-0.09183173658794433,0.09183173658794433,0.008433067844757593,2023-01,2023-02-24T01:30:00+00:00,5.0,pseudo_real_time
twentieth,union,catboost,2023-03,0.2702977258439886,0.0,0.2702977258439886,0.2702977258439886,0.07306086059643202,2023-02,2023-03-24T01:30:00+00:00,5.0,pseudo_real_time
twentieth,union,catboost,2023-04,-0.25838634343555017,-0.5,0.24161365656444983,0.24161365656444983,0.05837715903844391,2023-03,2023-04-24T01:30:00+00:00,5.0,pseudo_real_time
twentieth,union,catboost,2023-05,-0.4587253266682758,-0.9,0.4412746733317242,0.4412746733317242,0.19472333732401992,2023-04,2023-05-24T01:30:00+00:00,25.0,pseudo_real_time
twentieth,union,catboost,2023-06,-0.3837805489748266,-0.8,0.41621945102517344,0.41621945102517344,0.17323863141169674,2023-05,2023-06-24T01:30:00+00:00,5.0,pseudo_real_time
twentieth,union,catboost,2023-07,0.17182191275434122,-0.2,0.37182191275434123,0.37182191275434123,0.13825153480429694,2023-06,2023-07-24T01:30:00+00:00,25.0,pseudo_real_time
twentieth,union,catboost,2023-08,0.20852769476335492,0.2,0.00852769476335491,0.00852769476335491,7.272157797695075e-05,2023-07,2023-08-24T01:30:00+00:00,5.0,pseudo_real_time
twentieth,union,catboost,2023-09,0.18676821983260392,0.4,-0.2132317801673961,0.2132317801673961,0.04546779207335674,2023-08,2023-09-24T01:30:00+00:00,5.0,pseudo_real_time
twentieth,union,catboost,2023-10,-0.3283285793011116,0.0,-0.3283285793011116,0.3283285793011116,0.10779965598588633,2023-09,2023-10-24T01:30:00+00:00,5.0,pseudo_real_time
twentieth,union,catboost,2023-11,-0.3507532973002996,-0.3,-0.050753297300299594,0.050753297300299594,0.002575897186852598,2023-10,2023-11-24T01:30:00+00:00,5.0,pseudo_real_time
twentieth,union,catboost,2023-12,-0.07250794865586782,-0.3,0.22749205134413217,0.22749205134413217,0.05175263342476127,2023-11,2023-12-24T01:30:00+00:00,5.0,pseudo_real_time
twentieth,union,catboost,2024-01,-0.26285713566111574,-0.2,-0.06285713566111573,0.06285713566111573,0.003951019503519906,2023-12,2024-01-24T01:30:00+00:00,5.0,pseudo_real_time
twentieth,union,catboost,2024-04,-0.12804215698382684,-0.2,0.07195784301617317,0.07195784301617317,0.0051779311715402215,2024-01,2024-04-24T01:30:00+00:00,5.0,pseudo_real_time
twentieth,union,catboost,2024-05,0.026458424446873522,0.2,-0.1735415755531265,0.1735415755531265,0.030116678445461512,2024-04,2024-05-24T01:30:00+00:00,5.0,pseudo_real_time
twentieth,union,catboost,2024-06,-0.10595087225071137,0.1,-0.20595087225071138,0.20595087225071138,0.042415761780828835,2024-05,2024-06-24T01:30:00+00:00,5.0,pseudo_real_time
twentieth,union,catboost,2024-07,-0.3282388798889754,-0.2,-0.12823887988897537,0.12823887988897537,0.01644521031517905,2024-06,2024-07-24T01:30:00+00:00,5.0,pseudo_real_time
twentieth,union,catboost,2024-08,-0.3380466668767433,-0.7,0.36195333312325667,0.36195333312325667,0.1310102153590352,2024-07,2024-08-24T01:30:00+00:00,5.0,pseudo_real_time
twentieth,union,catboost,2024-09,-0.11383375410539218,-0.6,0.4861662458946078,0.4861662458946078,0.23635761864725624,2024-08,2024-09-24T01:30:00+00:00,5.0,pseudo_real_time
twentieth,union,catboost,2024-10,0.19940912510669764,-0.1,0.29940912510669765,0.29940912510669765,0.08964582419715812,2024-09,2024-10-24T01:30:00+00:00,5.0,pseudo_real_time
twentieth,union,catboost,2024-11,-0.3187236905695698,-0.1,-0.21872369056956978,0.21872369056956978,0.04784005281637291,2024-10,2024-11-24T01:30:00+00:00,5.0,pseudo_real_time
twentieth,union,catboost,2024-12,-0.20023418593624934,-0.1,-0.10023418593624933,0.10023418593624933,0.010046892030302602,2024-11,2024-12-24T01:30:00+00:00,5.0,pseudo_real_time
twentieth,union,catboost,2025-01,-0.2099369650187103,-0.2,-0.009936965018710275,0.009936965018710275,9.874327378307171e-05,2024-12,2025-01-24T01:30:00+00:00,5.0,pseudo_real_time
twentieth,union,catboost,2025-02,-0.1933405789682419,-0.1,-0.09334057896824188,0.09334057896824188,0.008712463682126598,2025-01,2025-02-24T01:30:00+00:00,5.0,pseudo_real_time
twentieth,union,catboost,2025-03,-0.22977769542832788,-0.4,0.17022230457167215,0.17022230457167215,0.028975632973691115,2025-02,2025-03-24T01:30:00+00:00,5.0,pseudo_real_time
twentieth,union,catboost,2025-04,-0.3439395273160342,-0.4,0.0560604726839658,0.0560604726839658,0.003142776597549676,2025-03,2025-04-24T01:30:00+00:00,5.0,pseudo_real_time
twentieth,union,catboost,2025-05,-0.29763525316626854,-0.4,0.10236474683373148,0.10236474683373148,0.01047854139433394,2025-04,2025-05-24T01:30:00+00:00,5.0,pseudo_real_time
twentieth,union,catboost,2025-06,-0.17198251700848977,-0.4,0.22801748299151026,0.22801748299151026,0.05199197254978367,2025-05,2025-06-24T01:30:00+00:00,5.0,pseudo_real_time
twentieth,union,catboost,2025-07,-0.037248239539596176,-0.2,0.16275176046040385,0.16275176046040385,0.026488135532960675,2025-06,2025-07-24T01:30:00+00:00,5.0,pseudo_real_time
twentieth,union,catboost,2025-08,0.08649241823093706,0.0,0.08649241823093706,0.08649241823093706,0.007480938411435334,2025-07,2025-08-24T01:30:00+00:00,5.0,pseudo_real_time
twentieth,union,catboost,2025-09,-0.219747975374887,0.0,-0.219747975374887,0.219747975374887,0.048289172681361944,2025-08,2025-09-24T01:30:00+00:00,5.0,pseudo_real_time
twentieth,union,catboost,2025-10,-0.29075344299168837,0.1,-0.39075344299168835,0.39075344299168835,0.15268825320985863,2025-09,2025-10-24T01:30:00+00:00,5.0,pseudo_real_time
twentieth,union,catboost,2025-11,-0.01765445890072282,0.1,-0.11765445890072282,0.11765445890072282,0.013842571699221875,2025-10,2025-11-24T01:30:00+00:00,5.0,pseudo_real_time
twentieth,union,catboost,2025-12,-0.1242283437558139,0.2,-0.3242283437558139,0.3242283437558139,0.10512401889463821,2025-11,2025-12-24T01:30:00+00:00,5.0,pseudo_real_time
twentieth,union,catboost,2026-01,-0.18047907557795356,0.4,-0.5804790755779536,0.5804790755779536,0.33695595718383564,2025-12,2026-01-24T01:30:00+00:00,5.0,pseudo_real_time
twentieth,union,catboost,2026-04,0.17092490635461216,1.7,-1.5290750936453879,1.5290750936453879,2.3380706420066515,2026-01,2026-04-24T01:30:00+00:00,5.0,pseudo_real_time
twentieth,union,catboost,2026-05,-0.11350301343416822,0.5,-0.6135030134341682,0.6135030134341682,0.37638594749280524,2026-04,2026-05-24T01:30:00+00:00,5.0,pseudo_real_time
twentieth,union,catboost,2026-06,-0.166516345092869,-0.3,0.133483654907131,0.133483654907131,0.017817886127366036,2026-05,2026-06-24T01:30:00+00:00,5.0,pseudo_real_time
twentieth,union,catboost,2026-07,-0.049552677434641215,-0.7,0.6504473225653588,0.6504473225653588,0.4230817194324439,2026-06,2026-07-24T01:30:00+00:00,5.0,pseudo_real_time
twentieth,union,catboost,2026-08,0.003782714499606172,0.4,-0.39621728550039387,0.39621728550039387,0.15698813732930061,2026-07,2026-08-24T01:30:00+00:00,5.0,pseudo_real_time
twentieth,union,lightgbm,2016-04,-0.2202879119234509,0.7,-0.9202879119234508,0.9202879119234508,0.8469298408324252,2016-03,2016-04-25T01:30:00+00:00,25.0,pseudo_real_time
twentieth,union,lightgbm,2016-05,-0.10890684537128734,0.5,-0.6089068453712874,0.6089068453712874,0.37076754634001285,2016-04,2016-05-24T01:30:00+00:00,5.0,pseudo_real_time
twentieth,union,lightgbm,2016-06,-0.09177553155792609,-0.2,0.10822446844207392,0.10822446844207392,0.011712535569569454,2016-05,2016-06-24T01:30:00+00:00,5.0,pseudo_real_time
twentieth,union,lightgbm,2016-07,-0.06095913304625922,0.2,-0.26095913304625923,0.26095913304625923,0.06809966912025522,2016-06,2016-07-25T01:30:00+00:00,5.0,pseudo_real_time
twentieth,union,lightgbm,2016-08,-0.029338906809789476,0.2,-0.2293389068097895,0.2293389068097895,0.05259633417670931,2016-07,2016-08-24T01:30:00+00:00,5.0,pseudo_real_time
twentieth,union,lightgbm,2016-09,0.24134299364443407,0.5,-0.25865700635556593,0.25865700635556593,0.06690344693682328,2016-08,2016-09-26T01:30:00+00:00,5.0,pseudo_real_time
twentieth,union,lightgbm,2016-10,0.23529801560249722,0.7,-0.46470198439750277,0.46470198439750277,0.2159479343029769,2016-09,2016-10-24T01:30:00+00:00,5.0,pseudo_real_time
twentieth,union,lightgbm,2016-11,0.18374964281547995,1.5,-1.31625035718452,1.31625035718452,1.7325150027883767,2016-10,2016-11-24T01:30:00+00:00,25.0,pseudo_real_time
twentieth,union,lightgbm,2016-12,0.5420470466220423,1.6,-1.0579529533779577,1.0579529533779577,1.1192644515611432,2016-11,2016-12-26T01:30:00+00:00,5.0,pseudo_real_time
twentieth,union,lightgbm,2017-01,-0.0012548584100933618,0.8,-0.8012548584100934,0.8012548584100934,0.6420093481257788,2016-12,2017-01-24T01:30:00+00:00,5.0,pseudo_real_time
twentieth,union,lightgbm,2017-02,0.5789660224349654,0.6,-0.021033977565034556,0.021033977565034556,0.00044242821220637706,2017-01,2017-02-24T01:30:00+00:00,5.0,pseudo_real_time
twentieth,union,lightgbm,2017-03,0.36854674557339395,0.3,0.06854674557339396,0.06854674557339396,0.004698656328703605,2017-02,2017-03-24T01:30:00+00:00,5.0,pseudo_real_time
twentieth,union,lightgbm,2017-04,0.1680478037504223,-0.4,0.5680478037504223,0.5680478037504223,0.32267830734567826,2017-03,2017-04-24T01:30:00+00:00,5.0,pseudo_real_time
twentieth,union,lightgbm,2017-05,0.10740017892177045,-0.3,0.40740017892177044,0.40740017892177044,0.16597490578549057,2017-04,2017-05-24T01:30:00+00:00,5.0,pseudo_real_time
twentieth,union,lightgbm,2017-06,0.2703910742617326,-0.2,0.4703910742617326,0.4703910742617326,0.22126776274510684,2017-05,2017-06-26T01:30:00+00:00,5.0,pseudo_real_time
twentieth,union,lightgbm,2017-07,0.46338505766556765,0.2,0.26338505766556763,0.26338505766556763,0.06937168860149438,2017-06,2017-07-24T01:30:00+00:00,5.0,pseudo_real_time
twentieth,union,lightgbm,2017-08,0.5742285928657117,0.9,-0.3257714071342883,0.3257714071342883,0.10612700970625423,2017-07,2017-08-24T01:30:00+00:00,5.0,pseudo_real_time
twentieth,union,lightgbm,2017-09,0.6077263602997646,1.0,-0.39227363970023543,0.39227363970023543,0.15387860840367013,2017-08,2017-09-25T01:30:00+00:00,5.0,pseudo_real_time
twentieth,union,lightgbm,2017-10,0.05382486308227561,0.7,-0.6461751369177243,0.6461751369177243,0.41754230757063976,2017-09,2017-10-24T01:30:00+00:00,5.0,pseudo_real_time
twentieth,union,lightgbm,2017-11,0.515632307299317,0.5,0.015632307299316972,0.015632307299316972,0.0002443690315002787,2017-10,2017-11-24T01:30:00+00:00,5.0,pseudo_real_time
twentieth,union,lightgbm,2017-12,0.3087381320442767,0.8,-0.49126186795572335,0.49126186795572335,0.24133822290734658,2017-11,2017-12-25T01:30:00+00:00,5.0,pseudo_real_time
twentieth,union,lightgbm,2018-01,0.02249825824486174,0.3,-0.27750174175513825,0.27750174175513825,0.07700721667713545,2017-12,2018-01-24T01:30:00+00:00,5.0,pseudo_real_time
twentieth,union,lightgbm,2018-04,-0.021345580159576005,-0.2,0.17865441984042402,0.17865441984042402,0.031917401728518494,2018-01,2018-04-24T01:30:00+00:00,5.0,pseudo_real_time
twentieth,union,lightgbm,2018-05,0.4659147882604293,0.4,0.06591478826042929,0.06591478826042929,0.004344759311417227,2018-04,2018-05-24T01:30:00+00:00,5.0,pseudo_real_time
twentieth,union,lightgbm,2018-06,-0.0005670667750458928,0.3,-0.30056706677504585,0.30056706677504585,0.09034056162975487,2018-05,2018-06-25T01:30:00+00:00,5.0,pseudo_real_time
twentieth,union,lightgbm,2018-07,0.21151974216921804,0.1,0.11151974216921803,0.11151974216921803,0.012436652893488867,2018-06,2018-07-24T01:30:00+00:00,5.0,pseudo_real_time
twentieth,union,lightgbm,2018-08,0.4487262282023426,0.4,0.04872622820234257,0.04872622820234257,0.0023742453148267646,2018-07,2018-08-24T01:30:00+00:00,5.0,pseudo_real_time
twentieth,union,lightgbm,2018-09,0.604298392115335,0.6,0.0042983921153350035,0.0042983921153350035,1.8476174777174125e-05,2018-08,2018-09-25T01:30:00+00:00,5.0,pseudo_real_time
twentieth,union,lightgbm,2018-10,0.22227319415109364,0.4,-0.17772680584890638,0.17772680584890638,0.03158681751725486,2018-09,2018-10-24T01:30:00+00:00,5.0,pseudo_real_time
twentieth,union,lightgbm,2018-11,-0.07543978935628169,-0.2,0.12456021064371832,0.12456021064371832,0.015515246075607479,2018-10,2018-11-26T01:30:00+00:00,5.0,pseudo_real_time
twentieth,union,lightgbm,2018-12,-0.22883022326252228,-1.0,0.7711697767374777,0.7711697767374777,0.5947028245533311,2018-11,2018-12-24T01:30:00+00:00,5.0,pseudo_real_time
twentieth,union,lightgbm,2019-01,-0.162876162160161,-0.6,0.437123837839839,0.437123837839839,0.19107724960782985,2018-12,2019-01-24T01:30:00+00:00,5.0,pseudo_real_time
twentieth,union,lightgbm,2019-02,0.1979913815974261,-0.1,0.2979913815974261,0.2979913815974261,0.08879886350634282,2019-01,2019-02-25T01:30:00+00:00,5.0,pseudo_real_time
twentieth,union,lightgbm,2019-03,0.04023155115399033,0.1,-0.059768448846009674,0.059768448846009674,0.0035722674774580753,2019-02,2019-03-25T01:30:00+00:00,5.0,pseudo_real_time
twentieth,union,lightgbm,2019-04,0.02150593806708386,0.3,-0.27849406193291615,0.27849406193291615,0.07755894253189494,2019-03,2019-04-24T01:30:00+00:00,5.0,pseudo_real_time
twentieth,union,lightgbm,2019-07,-0.020695808593233753,-0.2,0.17930419140676626,0.17930419140676626,0.03214999305603427,2019-04,2019-07-24T01:30:00+00:00,5.0,pseudo_real_time
twentieth,union,lightgbm,2019-08,0.13514959157849502,-0.1,0.23514959157849502,0.23514959157849502,0.055295330419533016,2019-07,2019-08-26T01:30:00+00:00,5.0,pseudo_real_time
twentieth,union,lightgbm,2019-09,0.13713591958499077,0.1,0.03713591958499077,0.03713591958499077,0.0013790765234229009,2019-08,2019-09-24T01:30:00+00:00,5.0,pseudo_real_time
twentieth,union,lightgbm,2019-10,-0.2989236034823073,0.1,-0.39892360348230727,0.39892360348230727,0.1591400414153091,2019-09,2019-10-24T01:30:00+00:00,5.0,pseudo_real_time
twentieth,union,lightgbm,2019-11,-0.3852646244026077,-0.1,-0.2852646244026077,0.2852646244026077,0.08137590593556084,2019-10,2019-11-25T01:30:00+00:00,5.0,pseudo_real_time
twentieth,union,lightgbm,2019-12,-0.020536201285532574,0.0,-0.020536201285532574,0.020536201285532574,0.00042173556323990975,2019-11,2019-12-24T01:30:00+00:00,5.0,pseudo_real_time
twentieth,union,lightgbm,2020-01,-0.14488554935839157,0.0,-0.14488554935839157,0.14488554935839157,0.02099182241288292,2019-12,2020-01-23T01:30:00+00:00,5.0,pseudo_real_time
twentieth,union,lightgbm,2020-02,-0.23185631277970495,-0.5,0.268143687220295,0.268143687220295,0.0719010369960954,2020-01,2020-02-24T01:30:00+00:00,5.0,pseudo_real_time
twentieth,union,lightgbm,2020-03,-0.07063662536769148,-1.0,0.9293633746323086,0.9293633746323086,0.8637162821079527,2020-02,2020-03-24T01:30:00+00:00,5.0,pseudo_real_time
twentieth,union,lightgbm,2020-04,-0.3680993693663501,-1.3,0.9319006306336499,0.9319006306336499,0.8684387853753944,2020-03,2020-04-24T01:30:00+00:00,5.0,pseudo_real_time
twentieth,union,lightgbm,2020-05,-0.17621883123332507,-0.4,0.22378116876667495,0.22378116876667495,0.05007801149457906,2020-04,2020-05-25T01:30:00+00:00,5.0,pseudo_real_time
twentieth,union,lightgbm,2020-06,-0.1827851434914651,0.4,-0.5827851434914652,0.5827851434914652,0.3396385234743676,2020-05,2020-06-24T01:30:00+00:00,5.0,pseudo_real_time
twentieth,union,lightgbm,2020-07,0.05971086651504348,0.4,-0.34028913348495654,0.34028913348495654,0.11579669436794257,2020-06,2020-07-24T01:30:00+00:00,5.0,pseudo_real_time
twentieth,union,lightgbm,2020-08,0.29528822255085313,0.3,-0.004711777449146859,0.004711777449146859,2.220084673028888e-05,2020-07,2020-08-24T01:30:00+00:00,5.0,pseudo_real_time
twentieth,union,lightgbm,2020-09,0.1284551330926946,0.1,0.028455133092694596,0.028455133092694596,0.0008096945993229631,2020-08,2020-09-24T01:30:00+00:00,5.0,pseudo_real_time
twentieth,union,lightgbm,2020-10,0.14921844075048823,0.0,0.14921844075048823,0.14921844075048823,0.022266143060006967,2020-09,2020-10-26T01:30:00+00:00,5.0,pseudo_real_time
twentieth,union,lightgbm,2020-11,0.38090064991029693,0.5,-0.11909935008970307,0.11909935008970307,0.014184655191789654,2020-10,2020-11-24T01:30:00+00:00,5.0,pseudo_real_time
twentieth,union,lightgbm,2020-12,0.5329481192993322,1.1,-0.5670518807006679,0.5670518807006679,0.32154783540616455,2020-11,2020-12-24T01:30:00+00:00,5.0,pseudo_real_time
twentieth,union,lightgbm,2021-01,0.6571801164603961,1.0,-0.3428198835396039,0.3428198835396039,0.11752547255010759,2020-12,2021-01-25T01:30:00+00:00,5.0,pseudo_real_time
twentieth,union,lightgbm,2021-04,0.6128029513928888,0.9,-0.28719704860711126,0.28719704860711126,0.08248214472863542,2021-01,2021-04-25T01:30:00+00:00,5.0,pseudo_real_time
twentieth,union,lightgbm,2021-05,0.7440300296763658,1.6,-0.8559699703236343,0.8559699703236343,0.7326845900958434,2021-04,2021-05-24T01:30:00+00:00,5.0,pseudo_real_time
twentieth,union,lightgbm,2021-06,-0.21161438246301315,0.3,-0.5116143824630132,0.5116143824630132,0.2617492763430103,2021-05,2021-06-24T01:30:00+00:00,5.0,pseudo_real_time
twentieth,union,lightgbm,2021-07,0.16663828764584634,0.5,-0.3333617123541537,0.3333617123541537,0.1111300312636935,2021-06,2021-07-26T01:30:00+00:00,5.0,pseudo_real_time
twentieth,union,lightgbm,2021-08,0.4938054458394945,0.7,-0.20619455416050547,0.20619455416050547,0.042516194165449626,2021-07,2021-08-24T01:30:00+00:00,5.0,pseudo_real_time
twentieth,union,lightgbm,2021-09,0.6588587039822987,1.2,-0.5411412960177012,0.5411412960177012,0.2928339022557173,2021-08,2021-09-24T01:30:00+00:00,5.0,pseudo_real_time
twentieth,union,lightgbm,2021-10,0.9470502720849345,2.5,-1.5529497279150655,1.5529497279150655,2.4116528574314757,2021-09,2021-10-25T01:30:00+00:00,5.0,pseudo_real_time
twentieth,union,lightgbm,2021-11,-0.5645859423454903,0.0,-0.5645859423454903,0.5645859423454903,0.3187572862941453,2021-10,2021-11-24T01:30:00+00:00,5.0,pseudo_real_time
twentieth,union,lightgbm,2021-12,-0.5180353539342034,-1.2,0.6819646460657965,0.6819646460657965,0.4650757784836472,2021-11,2021-12-24T01:30:00+00:00,5.0,pseudo_real_time
twentieth,union,lightgbm,2022-01,-0.12144442045525126,-0.2,0.07855557954474875,0.07855557954474875,0.006170979077611348,2021-12,2022-01-24T01:30:00+00:00,5.0,pseudo_real_time
twentieth,union,lightgbm,2022-02,0.5565805778690334,0.5,0.056580577869033366,0.056580577869033366,0.003201361791993748,2022-01,2022-02-24T01:30:00+00:00,5.0,pseudo_real_time
twentieth,union,lightgbm,2022-03,0.5232700104177763,1.1,-0.5767299895822238,0.5767299895822238,0.33261748088351195,2022-02,2022-03-24T01:30:00+00:00,5.0,pseudo_real_time
twentieth,union,lightgbm,2022-04,0.535273569018106,0.6,-0.06472643098189401,0.06472643098189401,0.004189510867653889,2022-03,2022-04-24T01:30:00+00:00,5.0,pseudo_real_time
twentieth,union,lightgbm,2022-05,-0.01649978835659963,0.1,-0.11649978835659963,0.11649978835659963,0.013572200687132507,2022-04,2022-05-24T01:30:00+00:00,5.0,pseudo_real_time
twentieth,union,lightgbm,2022-06,0.16202037424800061,0.0,0.16202037424800061,0.16202037424800061,0.02625060167146218,2022-05,2022-06-24T01:30:00+00:00,5.0,pseudo_real_time
twentieth,union,lightgbm,2022-07,-0.36129256085227646,-1.3,0.9387074391477236,0.9387074391477236,0.8811716563112771,2022-06,2022-07-24T01:30:00+00:00,5.0,pseudo_real_time
twentieth,union,lightgbm,2022-08,-0.6529324261346255,-1.2,0.5470675738653744,0.5470675738653744,0.2992829303749469,2022-07,2022-08-24T01:30:00+00:00,5.0,pseudo_real_time
twentieth,union,lightgbm,2022-09,-0.09153284243573664,-0.1,0.008467157564263361,0.008467157564263361,7.169275721806225e-05,2022-08,2022-09-24T01:30:00+00:00,5.0,pseudo_real_time
twentieth,union,lightgbm,2022-10,0.018540553259060788,0.2,-0.18145944674093922,0.18145944674093922,0.03292753081152776,2022-09,2022-10-24T01:30:00+00:00,5.0,pseudo_real_time
twentieth,union,lightgbm,2022-11,-0.8014525034962443,0.1,-0.9014525034962443,0.9014525034962443,0.8126166160596463,2022-10,2022-11-24T01:30:00+00:00,5.0,pseudo_real_time
twentieth,union,lightgbm,2022-12,-0.40265892732085057,-0.5,0.09734107267914943,0.09734107267914943,0.009475284430327451,2022-11,2022-12-24T01:30:00+00:00,5.0,pseudo_real_time
twentieth,union,lightgbm,2023-01,0.2617045130970982,-0.4,0.6617045130970982,0.6617045130970982,0.43785286265306783,2022-12,2023-01-24T01:30:00+00:00,5.0,pseudo_real_time
twentieth,union,lightgbm,2023-02,-0.00963094590743566,0.0,-0.00963094590743566,0.00963094590743566,9.275511907195168e-05,2023-01,2023-02-24T01:30:00+00:00,5.0,pseudo_real_time
twentieth,union,lightgbm,2023-03,0.29023475880307453,0.0,0.29023475880307453,0.29023475880307453,0.08423621521747884,2023-02,2023-03-24T01:30:00+00:00,25.0,pseudo_real_time
twentieth,union,lightgbm,2023-04,-0.2938087228402376,-0.5,0.20619127715976238,0.20619127715976238,0.04251484277677395,2023-03,2023-04-24T01:30:00+00:00,5.0,pseudo_real_time
twentieth,union,lightgbm,2023-05,-0.537206114112247,-0.9,0.3627938858877531,0.3627938858877531,0.131619403637536,2023-04,2023-05-24T01:30:00+00:00,25.0,pseudo_real_time
twentieth,union,lightgbm,2023-06,-0.42592887434662985,-0.8,0.3740711256533702,0.3740711256533702,0.13992920704757947,2023-05,2023-06-24T01:30:00+00:00,5.0,pseudo_real_time
twentieth,union,lightgbm,2023-07,0.1264866942027957,-0.2,0.32648669420279575,0.32648669420279575,0.10659356149146987,2023-06,2023-07-24T01:30:00+00:00,25.0,pseudo_real_time
twentieth,union,lightgbm,2023-08,0.3562768601058829,0.2,0.15627686010588288,0.15627686010588288,0.024422457004553685,2023-07,2023-08-24T01:30:00+00:00,5.0,pseudo_real_time
twentieth,union,lightgbm,2023-09,0.12650419144640968,0.4,-0.27349580855359035,0.27349580855359035,0.07479995729638214,2023-08,2023-09-24T01:30:00+00:00,5.0,pseudo_real_time
twentieth,union,lightgbm,2023-10,-0.38572059704089184,0.0,-0.38572059704089184,0.38572059704089184,0.14878037898158206,2023-09,2023-10-24T01:30:00+00:00,5.0,pseudo_real_time
twentieth,union,lightgbm,2023-11,-0.4298515516134103,-0.3,-0.12985155161341033,0.12985155161341033,0.016861425456410166,2023-10,2023-11-24T01:30:00+00:00,5.0,pseudo_real_time
twentieth,union,lightgbm,2023-12,-0.04375070962251827,-0.3,0.25624929037748173,0.25624929037748173,0.06566369881896295,2023-11,2023-12-24T01:30:00+00:00,5.0,pseudo_real_time
twentieth,union,lightgbm,2024-01,-0.30824629507964296,-0.2,-0.10824629507964295,0.10824629507964295,0.011717260398469135,2023-12,2024-01-24T01:30:00+00:00,5.0,pseudo_real_time
twentieth,union,lightgbm,2024-04,-0.13251455848242,-0.2,0.06748544151758001,0.06748544151758001,0.004554284816822712,2024-01,2024-04-24T01:30:00+00:00,5.0,pseudo_real_time
twentieth,union,lightgbm,2024-05,0.14003754608573754,0.2,-0.05996245391426247,0.05996245391426247,0.0035954958794200504,2024-04,2024-05-24T01:30:00+00:00,5.0,pseudo_real_time
twentieth,union,lightgbm,2024-06,-0.013558996845464084,0.1,-0.11355899684546408,0.11355899684546408,0.012895645764548122,2024-05,2024-06-24T01:30:00+00:00,5.0,pseudo_real_time
twentieth,union,lightgbm,2024-07,-0.39094869521215436,-0.2,-0.19094869521215435,0.19094869521215435,0.03646140420322422,2024-06,2024-07-24T01:30:00+00:00,5.0,pseudo_real_time
twentieth,union,lightgbm,2024-08,-0.2902836740997897,-0.7,0.40971632590021023,0.40971632590021023,0.16786746770916727,2024-07,2024-08-24T01:30:00+00:00,5.0,pseudo_real_time
twentieth,union,lightgbm,2024-09,-0.1090451290236021,-0.6,0.4909548709763979,0.4909548709763979,0.2410366853354515,2024-08,2024-09-24T01:30:00+00:00,5.0,pseudo_real_time
twentieth,union,lightgbm,2024-10,0.27661182000346685,-0.1,0.3766118200034668,0.3766118200034668,0.14183646296632368,2024-09,2024-10-24T01:30:00+00:00,5.0,pseudo_real_time
twentieth,union,lightgbm,2024-11,-0.3049530966200034,-0.1,-0.2049530966200034,0.2049530966200034,0.042005771814128456,2024-10,2024-11-24T01:30:00+00:00,5.0,pseudo_real_time
twentieth,union,lightgbm,2024-12,-0.11245379888314187,-0.1,-0.012453798883141867,0.012453798883141867,0.00015509710662174562,2024-11,2024-12-24T01:30:00+00:00,5.0,pseudo_real_time
twentieth,union,lightgbm,2025-01,-0.191487700425543,-0.2,0.00851229957445701,0.00851229957445701,7.245924404530101e-05,2024-12,2025-01-24T01:30:00+00:00,5.0,pseudo_real_time
twentieth,union,lightgbm,2025-02,-0.181084325791444,-0.1,-0.081084325791444,0.081084325791444,0.006574667889053032,2025-01,2025-02-24T01:30:00+00:00,5.0,pseudo_real_time
twentieth,union,lightgbm,2025-03,-0.18384498018759166,-0.4,0.21615501981240837,0.21615501981240837,0.04672299259010265,2025-02,2025-03-24T01:30:00+00:00,5.0,pseudo_real_time
twentieth,union,lightgbm,2025-04,-0.6312071256701058,-0.4,-0.23120712567010582,0.23120712567010582,0.05345673496063211,2025-03,2025-04-24T01:30:00+00:00,5.0,pseudo_real_time
twentieth,union,lightgbm,2025-05,-0.2313376944711503,-0.4,0.16866230552884973,0.16866230552884973,0.028446973306307053,2025-04,2025-05-24T01:30:00+00:00,5.0,pseudo_real_time
twentieth,union,lightgbm,2025-06,-0.1779596490320705,-0.4,0.2220403509679295,0.2220403509679295,0.049301917457961315,2025-05,2025-06-24T01:30:00+00:00,5.0,pseudo_real_time
twentieth,union,lightgbm,2025-07,0.08184721991468455,-0.2,0.28184721991468453,0.28184721991468453,0.07943785537363654,2025-06,2025-07-24T01:30:00+00:00,5.0,pseudo_real_time
twentieth,union,lightgbm,2025-08,0.07026869666951949,0.0,0.07026869666951949,0.07026869666951949,0.0049376897316329394,2025-07,2025-08-24T01:30:00+00:00,5.0,pseudo_real_time
twentieth,union,lightgbm,2025-09,-0.1914024299864701,0.0,-0.1914024299864701,0.1914024299864701,0.036634890204725594,2025-08,2025-09-24T01:30:00+00:00,5.0,pseudo_real_time
twentieth,union,lightgbm,2025-10,-0.3821316798186137,0.1,-0.4821316798186137,0.4821316798186137,0.23245095668471824,2025-09,2025-10-24T01:30:00+00:00,5.0,pseudo_real_time
twentieth,union,lightgbm,2025-11,0.07421505010677575,0.1,-0.02578494989322426,0.02578494989322426,0.0006648636409960858,2025-10,2025-11-24T01:30:00+00:00,5.0,pseudo_real_time
twentieth,union,lightgbm,2025-12,-0.10271703254806684,0.2,-0.30271703254806687,0.30271703254806687,0.09163760179470737,2025-11,2025-12-24T01:30:00+00:00,5.0,pseudo_real_time
twentieth,union,lightgbm,2026-01,-0.026609729730467453,0.4,-0.42660972973046746,0.42660972973046746,0.1819958615007025,2025-12,2026-01-24T01:30:00+00:00,5.0,pseudo_real_time
twentieth,union,lightgbm,2026-04,0.46369179029788327,1.7,-1.2363082097021167,1.2363082097021167,1.528457989376853,2026-01,2026-04-24T01:30:00+00:00,5.0,pseudo_real_time
twentieth,union,lightgbm,2026-05,0.18812607680130383,0.5,-0.31187392319869617,0.31187392319869617,0.09726534397134623,2026-04,2026-05-24T01:30:00+00:00,5.0,pseudo_real_time
twentieth,union,lightgbm,2026-06,0.07454409569921629,-0.3,0.37454409569921626,0.37454409569921626,0.14028327962314366,2026-05,2026-06-24T01:30:00+00:00,5.0,pseudo_real_time
twentieth,union,lightgbm,2026-07,0.20654632325164238,-0.7,0.9065463232516423,0.9065463232516423,0.8218262362010711,2026-06,2026-07-24T01:30:00+00:00,5.0,pseudo_real_time
twentieth,union,lightgbm,2026-08,0.29430646928490234,0.4,-0.10569353071509768,0.10569353071509768,0.011171122435023297,2026-07,2026-08-24T01:30:00+00:00,5.0,pseudo_real_time
twentieth,union,category_factor,2016-04,0.0677126984682222,0.7,-0.6322873015317778,0.6322873015317778,0.3997872316783373,2016-03,2016-04-25T01:30:00+00:00,5.0,pseudo_real_time
twentieth,union,category_factor,2016-05,-0.16472073568466453,0.5,-0.6647207356846645,0.6647207356846645,0.4418536564491616,2016-04,2016-05-24T01:30:00+00:00,5.0,pseudo_real_time
twentieth,union,category_factor,2016-06,-0.2094786849190845,-0.2,-0.00947868491908449,0.00947868491908449,8.984546779527974e-05,2016-05,2016-06-24T01:30:00+00:00,5.0,pseudo_real_time
twentieth,union,category_factor,2016-07,0.03868783824007982,0.2,-0.1613121617599202,0.1613121617599202,0.026021613531658657,2016-06,2016-07-25T01:30:00+00:00,5.0,pseudo_real_time
twentieth,union,category_factor,2016-08,0.2751931567218556,0.2,0.07519315672185561,0.07519315672185561,0.00565401081779754,2016-07,2016-08-24T01:30:00+00:00,5.0,pseudo_real_time
twentieth,union,category_factor,2016-09,0.42576934627464946,0.5,-0.07423065372535054,0.07423065372535054,0.0055101899524928975,2016-08,2016-09-26T01:30:00+00:00,5.0,pseudo_real_time
twentieth,union,category_factor,2016-10,0.7527235073651093,0.7,0.052723507365109334,0.052723507365109334,0.002779768228878738,2016-09,2016-10-24T01:30:00+00:00,5.0,pseudo_real_time
twentieth,union,category_factor,2016-11,1.4199871880299084,1.5,-0.08001281197009158,0.08001281197009158,0.0064020500793612305,2016-10,2016-11-24T01:30:00+00:00,5.0,pseudo_real_time
twentieth,union,category_factor,2016-12,1.47999321830715,1.6,-0.12000678169285006,0.12000678169285006,0.014401627652275373,2016-11,2016-12-26T01:30:00+00:00,5.0,pseudo_real_time
twentieth,union,category_factor,2017-01,0.23137751603412815,0.8,-0.5686224839658719,0.5686224839658719,0.32333152927151826,2016-12,2017-01-24T01:30:00+00:00,5.0,pseudo_real_time
twentieth,union,category_factor,2017-02,0.2405686400233309,0.6,-0.3594313599766691,0.3594313599766691,0.12919090253467788,2017-01,2017-02-24T01:30:00+00:00,5.0,pseudo_real_time
twentieth,union,category_factor,2017-03,-0.4029657154673636,0.3,-0.7029657154673636,0.7029657154673636,0.49416079712254246,2017-02,2017-03-24T01:30:00+00:00,5.0,pseudo_real_time
twentieth,union,category_factor,2017-04,-0.6826003139448455,-0.4,-0.2826003139448455,0.2826003139448455,0.07986293744172525,2017-03,2017-04-24T01:30:00+00:00,5.0,pseudo_real_time
twentieth,union,category_factor,2017-05,-0.21561722310078352,-0.3,0.08438277689921647,0.08438277689921647,0.007120453037222941,2017-04,2017-05-24T01:30:00+00:00,5.0,pseudo_real_time
twentieth,union,category_factor,2017-06,-0.22311755826465385,-0.2,-0.023117558264653837,0.023117558264653837,0.000534421500119665,2017-05,2017-06-26T01:30:00+00:00,5.0,pseudo_real_time
twentieth,union,category_factor,2017-07,0.3667723368461204,0.2,0.16677233684612036,0.16677233684612036,0.027813012337115837,2017-06,2017-07-24T01:30:00+00:00,5.0,pseudo_real_time
twentieth,union,category_factor,2017-08,0.8528161128446098,0.9,-0.047183887155390236,0.047183887155390236,0.0022263192070925996,2017-07,2017-08-24T01:30:00+00:00,5.0,pseudo_real_time
twentieth,union,category_factor,2017-09,1.0608019564711446,1.0,0.060801956471144614,0.060801956471144614,0.0036968779107189645,2017-08,2017-09-25T01:30:00+00:00,5.0,pseudo_real_time
twentieth,union,category_factor,2017-10,0.5536372932238244,0.7,-0.14636270677617558,0.14636270677617558,0.021422041934848753,2017-09,2017-10-24T01:30:00+00:00,5.0,pseudo_real_time
twentieth,union,category_factor,2017-11,0.1501592480967607,0.5,-0.34984075190323927,0.34984075190323927,0.1223885516922238,2017-10,2017-11-24T01:30:00+00:00,5.0,pseudo_real_time
twentieth,union,category_factor,2017-12,0.6752783932035193,0.8,-0.1247216067964807,0.1247216067964807,0.015555479201895941,2017-11,2017-12-25T01:30:00+00:00,5.0,pseudo_real_time
twentieth,union,category_factor,2018-01,-0.16713980622691965,0.3,-0.46713980622691964,0.46713980622691964,0.21821959856172404,2017-12,2018-01-24T01:30:00+00:00,5.0,pseudo_real_time
twentieth,union,category_factor,2018-04,-0.07316389439812321,-0.2,0.1268361056018768,0.1268361056018768,0.016087397684250444,2018-01,2018-04-24T01:30:00+00:00,5.0,pseudo_real_time
twentieth,union,category_factor,2018-05,0.5483116948941128,0.4,0.14831169489411278,0.14831169489411278,0.021996358842364398,2018-04,2018-05-24T01:30:00+00:00,5.0,pseudo_real_time
twentieth,union,category_factor,2018-06,0.14020736223399424,0.3,-0.15979263776600575,0.15979263776600575,0.025533687084217927,2018-05,2018-06-25T01:30:00+00:00,5.0,pseudo_real_time
twentieth,union,category_factor,2018-07,-0.11984310215055571,0.1,-0.21984310215055572,0.21984310215055572,0.048330989563179674,2018-06,2018-07-24T01:30:00+00:00,5.0,pseudo_real_time
twentieth,union,category_factor,2018-08,0.13153012714554968,0.4,-0.26846987285445034,0.26846987285445034,0.07207607263048474,2018-07,2018-08-24T01:30:00+00:00,5.0,pseudo_real_time
twentieth,union,category_factor,2018-09,0.49596203716103565,0.6,-0.10403796283896433,0.10403796283896433,0.010823897711681723,2018-08,2018-09-25T01:30:00+00:00,5.0,pseudo_real_time
twentieth,union,category_factor,2018-10,0.1885511904628584,0.4,-0.21144880953714162,0.21144880953714162,0.044710599054674394,2018-09,2018-10-24T01:30:00+00:00,5.0,pseudo_real_time
twentieth,union,category_factor,2018-11,-0.42713686276363283,-0.2,-0.22713686276363282,0.22713686276363282,0.051591154426105366,2018-10,2018-11-26T01:30:00+00:00,5.0,pseudo_real_time
twentieth,union,category_factor,2018-12,-0.4991792419962535,-1.0,0.5008207580037465,0.5008207580037465,0.2508214316474472,2018-11,2018-12-24T01:30:00+00:00,5.0,pseudo_real_time
twentieth,union,category_factor,2019-01,-0.6176433065512189,-0.6,-0.01764330655121893,0.01764330655121893,0.0003112862660602848,2018-12,2019-01-24T01:30:00+00:00,5.0,pseudo_real_time
twentieth,union,category_factor,2019-02,-0.08372981627151593,-0.1,0.016270183728484072,0.016270183728484072,0.00026471887855862786,2019-01,2019-02-25T01:30:00+00:00,5.0,pseudo_real_time
twentieth,union,category_factor,2019-03,0.1163468380877136,0.1,0.01634683808771359,0.01634683808771359,0.0002672191154659237,2019-02,2019-03-25T01:30:00+00:00,5.0,pseudo_real_time
twentieth,union,category_factor,2019-04,-0.03941525474838076,0.3,-0.33941525474838075,0.33941525474838075,0.1152027151559082,2019-03,2019-04-24T01:30:00+00:00,5.0,pseudo_real_time
twentieth,union,category_factor,2019-07,-0.05881531666440494,-0.2,0.14118468333559508,0.14118468333559508,0.01993311480857226,2019-04,2019-07-24T01:30:00+00:00,5.0,pseudo_real_time
twentieth,union,category_factor,2019-08,-0.22214158862838732,-0.1,-0.12214158862838731,0.12214158862838731,0.014918567672666192,2019-07,2019-08-26T01:30:00+00:00,5.0,pseudo_real_time
twentieth,union,category_factor,2019-09,0.308176624475491,0.1,0.20817662447549098,0.20817662447549098,0.043337506978009595,2019-08,2019-09-24T01:30:00+00:00,5.0,pseudo_real_time
twentieth,union,category_factor,2019-10,0.04958817109965878,0.1,-0.050411828900341224,0.050411828900341224,0.002541352493077279,2019-09,2019-10-24T01:30:00+00:00,5.0,pseudo_real_time
twentieth,union,category_factor,2019-11,-0.18295862716019173,-0.1,-0.08295862716019173,0.08295862716019173,0.0068821338203037,2019-10,2019-11-25T01:30:00+00:00,5.0,pseudo_real_time
twentieth,union,category_factor,2019-12,0.15113749487251552,0.0,0.15113749487251552,0.15113749487251552,0.022842542356339653,2019-11,2019-12-24T01:30:00+00:00,5.0,pseudo_real_time
twentieth,union,category_factor,2020-01,-0.16544191068775452,0.0,-0.16544191068775452,0.16544191068775452,0.02737102581201494,2019-12,2020-01-23T01:30:00+00:00,5.0,pseudo_real_time
twentieth,union,category_factor,2020-02,-0.43787591410772064,-0.5,0.06212408589227936,0.06212408589227936,0.003859402047951303,2020-01,2020-02-24T01:30:00+00:00,5.0,pseudo_real_time
twentieth,union,category_factor,2020-03,-0.6886889654749334,-1.0,0.3113110345250666,0.3113110345250666,0.0969145602170672,2020-02,2020-03-24T01:30:00+00:00,5.0,pseudo_real_time
twentieth,union,category_factor,2020-04,-0.83509353444537,-1.3,0.46490646555463,0.46490646555463,0.21613802171449836,2020-03,2020-04-24T01:30:00+00:00,5.0,pseudo_real_time
twentieth,union,category_factor,2020-05,-0.17661056389285595,-0.4,0.22338943610714407,0.22338943610714407,0.049902840164267805,2020-04,2020-05-25T01:30:00+00:00,5.0,pseudo_real_time
twentieth,union,category_factor,2020-06,0.3370414274729124,0.4,-0.06295857252708764,0.06295857252708764,0.003963781854648555,2020-05,2020-06-24T01:30:00+00:00,5.0,pseudo_real_time
twentieth,union,category_factor,2020-07,0.24799428593622583,0.4,-0.1520057140637742,0.1520057140637742,0.02310573710803788,2020-06,2020-07-24T01:30:00+00:00,5.0,pseudo_real_time
twentieth,union,category_factor,2020-08,0.4473939642361622,0.3,0.1473939642361622,0.1473939642361622,0.02172498069325106,2020-07,2020-08-24T01:30:00+00:00,5.0,pseudo_real_time
twentieth,union,category_factor,2020-09,0.4659475041787945,0.1,0.3659475041787945,0.3659475041787945,0.13391757581468883,2020-08,2020-09-24T01:30:00+00:00,5.0,pseudo_real_time
twentieth,union,category_factor,2020-10,0.42053612780314215,0.0,0.42053612780314215,0.42053612780314215,0.1768506347876607,2020-09,2020-10-26T01:30:00+00:00,5.0,pseudo_real_time
twentieth,union,category_factor,2020-11,0.818202260151802,0.5,0.318202260151802,0.318202260151802,0.10125267836571507,2020-10,2020-11-24T01:30:00+00:00,5.0,pseudo_real_time
twentieth,union,category_factor,2020-12,1.127173951943857,1.1,0.027173951943856967,0.027173951943856967,0.0007384236642470478,2020-11,2020-12-24T01:30:00+00:00,5.0,pseudo_real_time
twentieth,union,category_factor,2021-01,0.9966760899815339,1.0,-0.003323910018466103,0.003323910018466103,1.1048377810859329e-05,2020-12,2021-01-25T01:30:00+00:00,5.0,pseudo_real_time
twentieth,union,category_factor,2021-04,0.34226188008134356,0.9,-0.5577381199186564,0.5577381199186564,0.31107181041039755,2021-01,2021-04-25T01:30:00+00:00,5.0,pseudo_real_time
twentieth,union,category_factor,2021-05,1.5205764924928649,1.6,-0.07942350750713523,0.07942350750713523,0.006308093544735965,2021-04,2021-05-24T01:30:00+00:00,5.0,pseudo_real_time
twentieth,union,category_factor,2021-06,-0.12372275637878494,0.3,-0.4237227563787849,0.4237227563787849,0.17954097427323512,2021-05,2021-06-24T01:30:00+00:00,5.0,pseudo_real_time
twentieth,union,category_factor,2021-07,0.38163259578147646,0.5,-0.11836740421852354,0.11836740421852354,0.014010842381431346,2021-06,2021-07-26T01:30:00+00:00,5.0,pseudo_real_time
twentieth,union,category_factor,2021-08,0.5319216436703826,0.7,-0.16807835632961732,0.16807835632961732,0.02825033386646581,2021-07,2021-08-24T01:30:00+00:00,5.0,pseudo_real_time
twentieth,union,category_factor,2021-09,1.22443420000453,1.2,0.024434200004530116,0.024434200004530116,0.0005970301298613795,2021-08,2021-09-24T01:30:00+00:00,5.0,pseudo_real_time
twentieth,union,category_factor,2021-10,2.741137572850199,2.5,0.241137572850199,0.241137572850199,0.05814732904008502,2021-09,2021-10-25T01:30:00+00:00,5.0,pseudo_real_time
twentieth,union,category_factor,2021-11,-2.0727683177439733,0.0,-2.0727683177439733,2.0727683177439733,4.296368499043181,2021-10,2021-11-24T01:30:00+00:00,5.0,pseudo_real_time
twentieth,union,category_factor,2021-12,-1.0445151298665605,-1.2,0.15548487013343948,0.15548487013343948,0.02417554484041254,2021-11,2021-12-24T01:30:00+00:00,5.0,pseudo_real_time
twentieth,union,category_factor,2022-01,-0.30121727795347086,-0.2,-0.10121727795347085,0.10121727795347085,0.010244937356310177,2021-12,2022-01-24T01:30:00+00:00,5.0,pseudo_real_time
twentieth,union,category_factor,2022-02,0.6675392610319012,0.5,0.1675392610319012,0.1675392610319012,0.028069403987115528,2022-01,2022-02-24T01:30:00+00:00,5.0,pseudo_real_time
twentieth,union,category_factor,2022-03,0.7946220254226279,1.1,-0.30537797457737215,0.30537797457737215,0.09325570735697815,2022-02,2022-03-24T01:30:00+00:00,5.0,pseudo_real_time
twentieth,union,category_factor,2022-04,-0.15139215844490012,0.6,-0.7513921584449001,0.7513921584449001,0.5645901757724859,2022-03,2022-04-24T01:30:00+00:00,5.0,pseudo_real_time
twentieth,union,category_factor,2022-05,0.1644261969530215,0.1,0.06442619695302149,0.06442619695302149,0.0041507348538295154,2022-04,2022-05-24T01:30:00+00:00,5.0,pseudo_real_time
twentieth,union,category_factor,2022-06,-0.32183212937299255,0.0,-0.32183212937299255,0.32183212937299255,0.10357591949675461,2022-05,2022-06-24T01:30:00+00:00,5.0,pseudo_real_time
twentieth,union,category_factor,2022-07,-1.2569157932890214,-1.3,0.04308420671097868,0.04308420671097868,0.0018562488679143402,2022-06,2022-07-24T01:30:00+00:00,5.0,pseudo_real_time
twentieth,union,category_factor,2022-08,-0.34493365172351237,-1.2,0.8550663482764875,0.8550663482764875,0.7311384599548875,2022-07,2022-08-24T01:30:00+00:00,5.0,pseudo_real_time
twentieth,union,category_factor,2022-09,0.3369794000090695,-0.1,0.43697940000906954,0.43697940000906954,0.1909509960322864,2022-08,2022-09-24T01:30:00+00:00,25.0,pseudo_real_time
twentieth,union,category_factor,2022-10,0.4015057821225877,0.2,0.20150578212258768,0.20150578212258768,0.04060458022883578,2022-09,2022-10-24T01:30:00+00:00,25.0,pseudo_real_time
twentieth,union,category_factor,2022-11,-0.4810778327954536,0.1,-0.5810778327954536,0.5810778327954536,0.3376514477662611,2022-10,2022-11-24T01:30:00+00:00,25.0,pseudo_real_time
twentieth,union,category_factor,2022-12,-0.23440125603996442,-0.5,0.2655987439600356,0.2655987439600356,0.07054269279314854,2022-11,2022-12-24T01:30:00+00:00,25.0,pseudo_real_time
twentieth,union,category_factor,2023-01,-0.35618247712339784,-0.4,0.04381752287660218,0.04381752287660218,0.0019199753110415551,2022-12,2023-01-24T01:30:00+00:00,25.0,pseudo_real_time
twentieth,union,category_factor,2023-02,-0.2250274107499663,0.0,-0.2250274107499663,0.2250274107499663,0.05063733558883405,2023-01,2023-02-24T01:30:00+00:00,25.0,pseudo_real_time
twentieth,union,category_factor,2023-03,-0.27926804307005765,0.0,-0.27926804307005765,0.27926804307005765,0.07799063988017957,2023-02,2023-03-24T01:30:00+00:00,25.0,pseudo_real_time
twentieth,union,category_factor,2023-04,-0.43127217329234674,-0.5,0.06872782670765326,0.06872782670765326,0.0047235141639572166,2023-03,2023-04-24T01:30:00+00:00,25.0,pseudo_real_time
twentieth,union,category_factor,2023-05,-0.7377359835042407,-0.9,0.16226401649575928,0.16226401649575928,0.026329611049336038,2023-04,2023-05-24T01:30:00+00:00,25.0,pseudo_real_time
twentieth,union,category_factor,2023-06,-0.8637368074511297,-0.8,-0.06373680745112964,0.06373680745112964,0.004062380624062375,2023-05,2023-06-24T01:30:00+00:00,25.0,pseudo_real_time
twentieth,union,category_factor,2023-07,0.3396346150325239,-0.2,0.539634615032524,0.539634615032524,0.2912055177413003,2023-06,2023-07-24T01:30:00+00:00,25.0,pseudo_real_time
twentieth,union,category_factor,2023-08,0.7764683215921996,0.2,0.5764683215921995,0.5764683215921995,0.33231572579932755,2023-07,2023-08-24T01:30:00+00:00,25.0,pseudo_real_time
twentieth,union,category_factor,2023-09,0.5555040801816196,0.4,0.15550408018161954,0.15550408018161954,0.02418151895313156,2023-08,2023-09-24T01:30:00+00:00,25.0,pseudo_real_time
twentieth,union,category_factor,2023-10,-0.040002192742561206,0.0,-0.040002192742561206,0.040002192742561206,0.0016001754242130164,2023-09,2023-10-24T01:30:00+00:00,25.0,pseudo_real_time
twentieth,union,category_factor,2023-11,-0.17633638556825293,-0.3,0.12366361443174706,0.12366361443174706,0.0152926895343238,2023-10,2023-11-24T01:30:00+00:00,25.0,pseudo_real_time
twentieth,union,category_factor,2023-12,-0.1718174551205212,-0.3,0.12818254487947878,0.12818254487947878,0.016430764811779592,2023-11,2023-12-24T01:30:00+00:00,25.0,pseudo_real_time
twentieth,union,category_factor,2024-01,-0.3455108934001213,-0.2,-0.1455108934001213,0.1455108934001213,0.021173420098101463,2023-12,2024-01-24T01:30:00+00:00,25.0,pseudo_real_time
twentieth,union,category_factor,2024-04,-0.06146994601077319,-0.2,0.13853005398922683,0.13853005398922683,0.019190575858258098,2024-01,2024-04-24T01:30:00+00:00,25.0,pseudo_real_time
twentieth,union,category_factor,2024-05,0.16876393976722975,0.2,-0.031236060232770257,0.031236060232770257,0.0009756914588652516,2024-04,2024-05-24T01:30:00+00:00,25.0,pseudo_real_time
twentieth,union,category_factor,2024-06,0.3255231341600944,0.1,0.22552313416009437,0.22552313416009437,0.05086068404139192,2024-05,2024-06-24T01:30:00+00:00,25.0,pseudo_real_time
twentieth,union,category_factor,2024-07,-0.20342460010509653,-0.2,-0.0034246001050965147,0.0034246001050965147,1.172788587982706e-05,2024-06,2024-07-24T01:30:00+00:00,25.0,pseudo_real_time
twentieth,union,category_factor,2024-08,-0.4542776891882566,-0.7,0.24572231081174334,0.24572231081174334,0.060379454030663,2024-07,2024-08-24T01:30:00+00:00,25.0,pseudo_real_time
twentieth,union,category_factor,2024-09,-0.24626550927724708,-0.6,0.35373449072275287,0.35373449072275287,0.12512808992688534,2024-08,2024-09-24T01:30:00+00:00,25.0,pseudo_real_time
twentieth,union,category_factor,2024-10,0.2572787678822181,-0.1,0.35727876788221813,0.35727876788221813,0.1276481179794359,2024-09,2024-10-24T01:30:00+00:00,25.0,pseudo_real_time
twentieth,union,category_factor,2024-11,-0.06333262832591594,-0.1,0.03666737167408407,0.03666737167408407,0.001344496145485423,2024-10,2024-11-24T01:30:00+00:00,25.0,pseudo_real_time
twentieth,union,category_factor,2024-12,-0.05648297814192192,-0.1,0.043517021858078084,0.043517021858078084,0.0018937311913964456,2024-11,2024-12-24T01:30:00+00:00,25.0,pseudo_real_time
twentieth,union,category_factor,2025-01,-0.11085566796666976,-0.2,0.08914433203333025,0.08914433203333025,0.007946711933668629,2024-12,2025-01-24T01:30:00+00:00,25.0,pseudo_real_time
twentieth,union,category_factor,2025-02,0.025995120757244423,-0.1,0.12599512075724442,0.12599512075724442,0.015874770454632606,2025-01,2025-02-24T01:30:00+00:00,25.0,pseudo_real_time
twentieth,union,category_factor,2025-03,-0.05886222781615557,-0.4,0.34113777218384445,0.34113777218384445,0.11637497961055655,2025-02,2025-03-24T01:30:00+00:00,25.0,pseudo_real_time
twentieth,union,category_factor,2025-04,-0.4062642448915722,-0.4,-0.006264244891572179,0.006264244891572179,3.9240764061588145e-05,2025-03,2025-04-24T01:30:00+00:00,25.0,pseudo_real_time
twentieth,union,category_factor,2025-05,-0.23702549617667443,-0.4,0.1629745038233256,0.1629745038233256,0.02656068889645917,2025-04,2025-05-24T01:30:00+00:00,25.0,pseudo_real_time
twentieth,union,category_factor,2025-06,-0.285891366844555,-0.4,0.114108633155445,0.114108633155445,0.013020780160603923,2025-05,2025-06-24T01:30:00+00:00,25.0,pseudo_real_time
twentieth,union,category_factor,2025-07,-0.004992723751141737,-0.2,0.19500727624885827,0.19500727624885827,0.03802783778999853,2025-06,2025-07-24T01:30:00+00:00,25.0,pseudo_real_time
twentieth,union,category_factor,2025-08,0.17260793153789106,0.0,0.17260793153789106,0.17260793153789106,0.029793498029789287,2025-07,2025-08-24T01:30:00+00:00,25.0,pseudo_real_time
twentieth,union,category_factor,2025-09,-0.1542239941147751,0.0,-0.1542239941147751,0.1542239941147751,0.023785040360714188,2025-08,2025-09-24T01:30:00+00:00,25.0,pseudo_real_time
twentieth,union,category_factor,2025-10,-0.1410647366562947,0.1,-0.24106473665629471,0.24106473665629471,0.05811220725916872,2025-09,2025-10-24T01:30:00+00:00,25.0,pseudo_real_time
twentieth,union,category_factor,2025-11,0.2731371308608746,0.1,0.1731371308608746,0.1731371308608746,0.029976466082735614,2025-10,2025-11-24T01:30:00+00:00,25.0,pseudo_real_time
twentieth,union,category_factor,2025-12,-0.09151423131255165,0.2,-0.29151423131255166,0.29151423131255166,0.08498054705774788,2025-11,2025-12-24T01:30:00+00:00,25.0,pseudo_real_time
twentieth,union,category_factor,2026-01,-0.06815998205678096,0.4,-0.468159982056781,0.468159982056781,0.2191737687994055,2025-12,2026-01-24T01:30:00+00:00,25.0,pseudo_real_time
twentieth,union,category_factor,2026-04,0.3469189936523686,1.7,-1.3530810063476313,1.3530810063476313,1.8308282097387185,2026-01,2026-04-24T01:30:00+00:00,25.0,pseudo_real_time
twentieth,union,category_factor,2026-05,0.1412605372912692,0.5,-0.3587394627087308,0.3587394627087308,0.12869400210454887,2026-04,2026-05-24T01:30:00+00:00,25.0,pseudo_real_time
twentieth,union,category_factor,2026-06,-0.13611694214903963,-0.3,0.16388305785096036,0.16388305785096036,0.026857656650581218,2026-05,2026-06-24T01:30:00+00:00,25.0,pseudo_real_time
twentieth,union,category_factor,2026-07,-0.24217992491712126,-0.7,0.4578200750828787,0.4578200750828787,0.20959922114889268,2026-06,2026-07-24T01:30:00+00:00,25.0,pseudo_real_time
twentieth,union,category_factor,2026-08,0.14082377772959653,0.4,-0.2591762222704035,0.2591762222704035,0.06717231419035759,2026-07,2026-08-24T01:30:00+00:00,25.0,pseudo_real_time
twentieth,union,sector_first,2016-04,0.14783966608408206,0.7,-0.5521603339159179,0.5521603339159179,0.30488103435013797,2016-03,2016-04-25T01:30:00+00:00,5.0,pseudo_real_time
twentieth,union,sector_first,2016-05,-0.16837506377491568,0.5,-0.6683750637749157,0.6683750637749157,0.4467252258761227,2016-04,2016-05-24T01:30:00+00:00,5.0,pseudo_real_time
twentieth,union,sector_first,2016-06,-0.13636862971893887,-0.2,0.06363137028106114,0.06363137028106114,0.004048951283845511,2016-05,2016-06-24T01:30:00+00:00,5.0,pseudo_real_time
twentieth,union,sector_first,2016-07,0.045777261803895575,0.2,-0.15422273819610444,0.15422273819610444,0.02378465297670417,2016-06,2016-07-25T01:30:00+00:00,5.0,pseudo_real_time
twentieth,union,sector_first,2016-08,0.18602781106984967,0.2,-0.013972188930150342,0.013972188930150342,0.00019522206349981575,2016-07,2016-08-24T01:30:00+00:00,5.0,pseudo_real_time
twentieth,union,sector_first,2016-09,0.6995800577710523,0.5,0.19958005777105225,0.19958005777105225,0.03983219945989656,2016-08,2016-09-26T01:30:00+00:00,5.0,pseudo_real_time
twentieth,union,sector_first,2016-10,0.7329521146200262,0.7,0.03295211462002623,0.03295211462002623,0.0010858418579313463,2016-09,2016-10-24T01:30:00+00:00,5.0,pseudo_real_time
twentieth,union,sector_first,2016-11,1.4691692542525532,1.5,-0.03083074574744682,0.03083074574744682,0.0009505348833437101,2016-10,2016-11-24T01:30:00+00:00,5.0,pseudo_real_time
twentieth,union,sector_first,2016-12,0.8362229517454515,1.6,-0.7637770482545486,0.7637770482545486,0.5833553794404311,2016-11,2016-12-26T01:30:00+00:00,5.0,pseudo_real_time
twentieth,union,sector_first,2017-01,0.2306849175443601,0.8,-0.5693150824556399,0.5693150824556399,0.32411966311147206,2016-12,2017-01-24T01:30:00+00:00,5.0,pseudo_real_time
twentieth,union,sector_first,2017-02,0.2194677143685818,0.6,-0.38053228563141817,0.38053228563141817,0.1448048204078712,2017-01,2017-02-24T01:30:00+00:00,5.0,pseudo_real_time
twentieth,union,sector_first,2017-03,-0.21546761457857996,0.3,-0.5154676145785799,0.5154676145785799,0.26570686167933144,2017-02,2017-03-24T01:30:00+00:00,5.0,pseudo_real_time
twentieth,union,sector_first,2017-04,-0.5240899829505612,-0.4,-0.12408998295056117,0.12408998295056117,0.015398323868670563,2017-03,2017-04-24T01:30:00+00:00,5.0,pseudo_real_time
twentieth,union,sector_first,2017-05,-0.26823185548745776,-0.3,0.03176814451254223,0.03176814451254223,0.001009215005769767,2017-04,2017-05-24T01:30:00+00:00,5.0,pseudo_real_time
twentieth,union,sector_first,2017-06,-0.4325338394202851,-0.2,-0.2325338394202851,0.2325338394202851,0.05407198647553894,2017-05,2017-06-26T01:30:00+00:00,5.0,pseudo_real_time
twentieth,union,sector_first,2017-07,0.2607991605953996,0.2,0.06079916059539958,0.06079916059539958,0.0036965379291051892,2017-06,2017-07-24T01:30:00+00:00,5.0,pseudo_real_time
twentieth,union,sector_first,2017-08,0.9160739504800166,0.9,0.016073950480016586,0.016073950480016586,0.0002583718840340254,2017-07,2017-08-24T01:30:00+00:00,5.0,pseudo_real_time
twentieth,union,sector_first,2017-09,0.9407593356245711,1.0,-0.05924066437542885,0.05924066437542885,0.0035094563156422053,2017-08,2017-09-25T01:30:00+00:00,5.0,pseudo_real_time
twentieth,union,sector_first,2017-10,0.8735563340373562,0.7,0.17355633403735626,0.17355633403735626,0.030121801084486387,2017-09,2017-10-24T01:30:00+00:00,5.0,pseudo_real_time
twentieth,union,sector_first,2017-11,0.24598651406840666,0.5,-0.25401348593159334,0.25401348593159334,0.06452285103511977,2017-10,2017-11-24T01:30:00+00:00,5.0,pseudo_real_time
twentieth,union,sector_first,2017-12,0.9644345747062117,0.8,0.1644345747062117,0.1644345747062117,0.027038729358812717,2017-11,2017-12-25T01:30:00+00:00,5.0,pseudo_real_time
twentieth,union,sector_first,2018-01,-0.3244183380022812,0.3,-0.6244183380022812,0.6244183380022812,0.3898982608335311,2017-12,2018-01-24T01:30:00+00:00,5.0,pseudo_real_time
twentieth,union,sector_first,2018-04,-0.06936009957836661,-0.2,0.1306399004216334,0.1306399004216334,0.01706678358217429,2018-01,2018-04-24T01:30:00+00:00,5.0,pseudo_real_time
twentieth,union,sector_first,2018-05,0.7628543873618724,0.4,0.36285438736187237,0.36285438736187237,0.13166330642775972,2018-04,2018-05-24T01:30:00+00:00,5.0,pseudo_real_time
twentieth,union,sector_first,2018-06,0.1619942784276848,0.3,-0.1380057215723152,0.1380057215723152,0.01904557918669538,2018-05,2018-06-25T01:30:00+00:00,5.0,pseudo_real_time
twentieth,union,sector_first,2018-07,0.07150815467172267,0.1,-0.028491845328277338,0.028491845328277338,0.0008117852502104792,2018-06,2018-07-24T01:30:00+00:00,5.0,pseudo_real_time
twentieth,union,sector_first,2018-08,0.3296530606120468,0.4,-0.07034693938795322,0.07034693938795322,0.004948691881252364,2018-07,2018-08-24T01:30:00+00:00,5.0,pseudo_real_time
twentieth,union,sector_first,2018-09,0.6642097205102198,0.6,0.06420972051021978,0.06420972051021978,0.004122888208000539,2018-08,2018-09-25T01:30:00+00:00,5.0,pseudo_real_time
twentieth,union,sector_first,2018-10,0.3152080202320579,0.4,-0.08479197976794212,0.08479197976794212,0.007189679832967105,2018-09,2018-10-24T01:30:00+00:00,5.0,pseudo_real_time
twentieth,union,sector_first,2018-11,-0.5911174917539013,-0.2,-0.39111749175390126,0.39111749175390126,0.15297289235586303,2018-10,2018-11-26T01:30:00+00:00,5.0,pseudo_real_time
twentieth,union,sector_first,2018-12,-0.5607280368747333,-1.0,0.43927196312526673,0.43927196312526673,0.1929598575879257,2018-11,2018-12-24T01:30:00+00:00,5.0,pseudo_real_time
twentieth,union,sector_first,2019-01,-0.6914482301807242,-0.6,-0.09144823018072423,0.09144823018072423,0.008362778803186723,2018-12,2019-01-24T01:30:00+00:00,5.0,pseudo_real_time
twentieth,union,sector_first,2019-02,-0.14014175218166997,-0.1,-0.04014175218166996,0.04014175218166996,0.0016113602682146049,2019-01,2019-02-25T01:30:00+00:00,5.0,pseudo_real_time
twentieth,union,sector_first,2019-03,0.2026478651472861,0.1,0.1026478651472861,0.1026478651472861,0.010536584219295434,2019-02,2019-03-25T01:30:00+00:00,5.0,pseudo_real_time
twentieth,union,sector_first,2019-04,0.14750474073756686,0.3,-0.15249525926243312,0.15249525926243312,0.023254804097516697,2019-03,2019-04-24T01:30:00+00:00,5.0,pseudo_real_time
twentieth,union,sector_first,2019-07,0.07314759972389112,-0.2,0.27314759972389113,0.27314759972389113,0.07460961123492305,2019-04,2019-07-24T01:30:00+00:00,5.0,pseudo_real_time
twentieth,union,sector_first,2019-08,-0.1799380795854015,-0.1,-0.0799380795854015,0.0799380795854015,0.006390096567801984,2019-07,2019-08-26T01:30:00+00:00,5.0,pseudo_real_time
twentieth,union,sector_first,2019-09,0.39831823114182635,0.1,0.2983182311418263,0.2983182311418263,0.08899376703158811,2019-08,2019-09-24T01:30:00+00:00,5.0,pseudo_real_time
twentieth,union,sector_first,2019-10,0.05624187063768578,0.1,-0.04375812936231423,0.04375812936231423,0.0019147738852890266,2019-09,2019-10-24T01:30:00+00:00,5.0,pseudo_real_time
twentieth,union,sector_first,2019-11,-0.20584408108218552,-0.1,-0.10584408108218551,0.10584408108218551,0.011202969500132262,2019-10,2019-11-25T01:30:00+00:00,5.0,pseudo_real_time
twentieth,union,sector_first,2019-12,0.07997106749451621,0.0,0.07997106749451621,0.07997106749451621,0.006395371636212468,2019-11,2019-12-24T01:30:00+00:00,5.0,pseudo_real_time
twentieth,union,sector_first,2020-01,-0.1936010869666242,0.0,-0.1936010869666242,0.1936010869666242,0.03748138087465839,2019-12,2020-01-23T01:30:00+00:00,5.0,pseudo_real_time
twentieth,union,sector_first,2020-02,-0.347038425168495,-0.5,0.15296157483150502,0.15296157483150502,0.02339724337493411,2020-01,2020-02-24T01:30:00+00:00,5.0,pseudo_real_time
twentieth,union,sector_first,2020-03,-0.49219345365782763,-1.0,0.5078065463421724,0.5078065463421724,0.25786748850796487,2020-02,2020-03-24T01:30:00+00:00,5.0,pseudo_real_time
twentieth,union,sector_first,2020-04,-0.6207549001078612,-1.3,0.6792450998921389,0.6792450998921389,0.4613739057274817,2020-03,2020-04-24T01:30:00+00:00,5.0,pseudo_real_time
twentieth,union,sector_first,2020-05,-0.4000503960905272,-0.4,-5.039609052720495e-05,5.039609052720495e-05,2.5397659404262366e-09,2020-04,2020-05-25T01:30:00+00:00,5.0,pseudo_real_time
twentieth,union,sector_first,2020-06,0.23287874007425174,0.4,-0.16712125992574828,0.16712125992574828,0.02792951551916952,2020-05,2020-06-24T01:30:00+00:00,5.0,pseudo_real_time
twentieth,union,sector_first,2020-07,0.2752655693315152,0.4,-0.12473443066848483,0.12473443066848483,0.01555867819419105,2020-06,2020-07-24T01:30:00+00:00,5.0,pseudo_real_time
twentieth,union,sector_first,2020-08,0.4850238244754451,0.3,0.18502382447544513,0.18502382447544513,0.034233815623520326,2020-07,2020-08-24T01:30:00+00:00,5.0,pseudo_real_time
twentieth,union,sector_first,2020-09,0.40335833930416837,0.1,0.30335833930416833,0.30335833930416833,0.09202628202538292,2020-08,2020-09-24T01:30:00+00:00,5.0,pseudo_real_time
twentieth,union,sector_first,2020-10,0.3890115354693611,0.0,0.3890115354693611,0.3890115354693611,0.15132997472823,2020-09,2020-10-26T01:30:00+00:00,5.0,pseudo_real_time
twentieth,union,sector_first,2020-11,0.7685589014813853,0.5,0.2685589014813853,0.2685589014813853,0.0721238835648884,2020-10,2020-11-24T01:30:00+00:00,5.0,pseudo_real_time
twentieth,union,sector_first,2020-12,1.3307537117922126,1.1,0.2307537117922125,0.2307537117922125,0.053247275505883464,2020-11,2020-12-24T01:30:00+00:00,5.0,pseudo_real_time
twentieth,union,sector_first,2021-01,1.052821038267482,1.0,0.05282103826748208,0.05282103826748208,0.002790062083654806,2020-12,2021-01-25T01:30:00+00:00,5.0,pseudo_real_time
twentieth,union,sector_first,2021-04,0.4515986891608949,0.9,-0.4484013108391051,0.4484013108391051,0.20106373556222776,2021-01,2021-04-25T01:30:00+00:00,5.0,pseudo_real_time
twentieth,union,sector_first,2021-05,1.558479435531027,1.6,-0.04152056446897312,0.04152056446897312,0.001723957273822153,2021-04,2021-05-24T01:30:00+00:00,5.0,pseudo_real_time
twentieth,union,sector_first,2021-06,0.036973648232512216,0.3,-0.2630263517674878,0.2630263517674878,0.06918286172411423,2021-05,2021-06-24T01:30:00+00:00,5.0,pseudo_real_time
twentieth,union,sector_first,2021-07,0.5238952477732297,0.5,0.02389524777322971,0.02389524777322971,0.0005709828661440395,2021-06,2021-07-26T01:30:00+00:00,5.0,pseudo_real_time
twentieth,union,sector_first,2021-08,0.5429108901163042,0.7,-0.15708910988369573,0.15708910988369573,0.024676988444051834,2021-07,2021-08-24T01:30:00+00:00,5.0,pseudo_real_time
twentieth,union,sector_first,2021-09,1.1617734328571898,1.2,-0.03822656714281014,0.03822656714281014,0.001461270435523772,2021-08,2021-09-24T01:30:00+00:00,5.0,pseudo_real_time
twentieth,union,sector_first,2021-10,2.7543051364711415,2.5,0.2543051364711415,0.2543051364711415,0.0646711024356059,2021-09,2021-10-25T01:30:00+00:00,5.0,pseudo_real_time
twentieth,union,sector_first,2021-11,-1.7993793085407452,0.0,-1.7993793085407452,1.7993793085407452,3.2377658960045705,2021-10,2021-11-24T01:30:00+00:00,5.0,pseudo_real_time
twentieth,union,sector_first,2021-12,-0.94164824143008,-1.2,0.25835175856992,0.25835175856992,0.06674563115617023,2021-11,2021-12-24T01:30:00+00:00,5.0,pseudo_real_time
twentieth,union,sector_first,2022-01,-0.12543782434792444,-0.2,0.07456217565207557,0.07456217565207557,0.00555951803797097,2021-12,2022-01-24T01:30:00+00:00,5.0,pseudo_real_time
twentieth,union,sector_first,2022-02,0.6313948203239373,0.5,0.13139482032393734,0.13139482032393734,0.017264598807959778,2022-01,2022-02-24T01:30:00+00:00,5.0,pseudo_real_time
twentieth,union,sector_first,2022-03,0.47363041736476763,1.1,-0.6263695826352325,0.6263695826352325,0.3923388540506353,2022-02,2022-03-24T01:30:00+00:00,5.0,pseudo_real_time
twentieth,union,sector_first,2022-04,-0.11149468289122808,0.6,-0.7114946828912281,0.7114946828912281,0.5062246837824892,2022-03,2022-04-24T01:30:00+00:00,5.0,pseudo_real_time
twentieth,union,sector_first,2022-05,0.306996938777392,0.1,0.20699693877739198,0.20699693877739198,0.04284773266321136,2022-04,2022-05-24T01:30:00+00:00,5.0,pseudo_real_time
twentieth,union,sector_first,2022-06,-0.26383382433228425,0.0,-0.26383382433228425,0.26383382433228425,0.06960828686179862,2022-05,2022-06-24T01:30:00+00:00,25.0,pseudo_real_time
twentieth,union,sector_first,2022-07,-1.413682231537934,-1.3,-0.113682231537934,0.113682231537934,0.012923649767444435,2022-06,2022-07-24T01:30:00+00:00,5.0,pseudo_real_time
twentieth,union,sector_first,2022-08,-0.27393507973811354,-1.2,0.9260649202618865,0.9260649202618865,0.8575962365396541,2022-07,2022-08-24T01:30:00+00:00,25.0,pseudo_real_time
twentieth,union,sector_first,2022-09,0.22424836522303682,-0.1,0.3242483652230368,0.3242483652230368,0.10513700234981185,2022-08,2022-09-24T01:30:00+00:00,25.0,pseudo_real_time
twentieth,union,sector_first,2022-10,0.2889640478818769,0.2,0.0889640478818769,0.0889640478818769,0.007914601815528884,2022-09,2022-10-24T01:30:00+00:00,25.0,pseudo_real_time
twentieth,union,sector_first,2022-11,-0.5539495269080263,0.1,-0.6539495269080263,0.6539495269080263,0.42764998374323143,2022-10,2022-11-24T01:30:00+00:00,25.0,pseudo_real_time
twentieth,union,sector_first,2022-12,-0.14790275173072392,-0.5,0.3520972482692761,0.3520972482692761,0.12397247223879623,2022-11,2022-12-24T01:30:00+00:00,25.0,pseudo_real_time
twentieth,union,sector_first,2023-01,-0.3836423151959891,-0.4,0.016357684804010897,0.016357684804010897,0.000267573852147369,2022-12,2023-01-24T01:30:00+00:00,25.0,pseudo_real_time
twentieth,union,sector_first,2023-02,-0.14744521784884165,0.0,-0.14744521784884165,0.14744521784884165,0.021740092266492372,2023-01,2023-02-24T01:30:00+00:00,25.0,pseudo_real_time
twentieth,union,sector_first,2023-03,-0.3333751616617879,0.0,-0.3333751616617879,0.3333751616617879,0.1111389984130232,2023-02,2023-03-24T01:30:00+00:00,25.0,pseudo_real_time
twentieth,union,sector_first,2023-04,-0.6150874621346472,-0.5,-0.11508746213464716,0.11508746213464716,0.013245123940593843,2023-03,2023-04-24T01:30:00+00:00,25.0,pseudo_real_time
twentieth,union,sector_first,2023-05,-1.0914277558053376,-0.9,-0.19142775580533755,0.19142775580533755,0.036644585692667944,2023-04,2023-05-24T01:30:00+00:00,25.0,pseudo_real_time
twentieth,union,sector_first,2023-06,-0.8138888316387054,-0.8,-0.013888831638705357,0.013888831638705357,0.00019289964428830292,2023-05,2023-06-24T01:30:00+00:00,25.0,pseudo_real_time
twentieth,union,sector_first,2023-07,0.4120607386665977,-0.2,0.6120607386665977,0.6120607386665977,0.37461834781710124,2023-06,2023-07-24T01:30:00+00:00,25.0,pseudo_real_time
twentieth,union,sector_first,2023-08,0.8005588624527458,0.2,0.6005588624527458,0.6005588624527458,0.36067094727053606,2023-07,2023-08-24T01:30:00+00:00,25.0,pseudo_real_time
twentieth,union,sector_first,2023-09,0.4001630874879469,0.4,0.0001630874879468558,0.0001630874879468558,2.6597528724815833e-08,2023-08,2023-09-24T01:30:00+00:00,25.0,pseudo_real_time
twentieth,union,sector_first,2023-10,-0.06023394164843587,0.0,-0.06023394164843587,0.06023394164843587,0.003628127726507177,2023-09,2023-10-24T01:30:00+00:00,25.0,pseudo_real_time
twentieth,union,sector_first,2023-11,0.026970523545976705,-0.3,0.32697052354597667,0.32697052354597667,0.10690972326793008,2023-10,2023-11-24T01:30:00+00:00,25.0,pseudo_real_time
twentieth,union,sector_first,2023-12,-0.15324002173487594,-0.3,0.14675997826512405,0.14675997826512405,0.021538491220379683,2023-11,2023-12-24T01:30:00+00:00,25.0,pseudo_real_time
twentieth,union,sector_first,2024-01,-0.35920249571289203,-0.2,-0.15920249571289202,0.15920249571289202,0.025345434641213402,2023-12,2024-01-24T01:30:00+00:00,25.0,pseudo_real_time
twentieth,union,sector_first,2024-04,0.07247025154186101,-0.2,0.272470251541861,0.272470251541861,0.074240037975285,2024-01,2024-04-24T01:30:00+00:00,25.0,pseudo_real_time
twentieth,union,sector_first,2024-05,0.11328383377876108,0.2,-0.08671616622123893,0.08671616622123893,0.007519693484109539,2024-04,2024-05-24T01:30:00+00:00,25.0,pseudo_real_time
twentieth,union,sector_first,2024-06,0.3616173260246649,0.1,0.2616173260246649,0.2616173260246649,0.06844362527629581,2024-05,2024-06-24T01:30:00+00:00,25.0,pseudo_real_time
twentieth,union,sector_first,2024-07,-0.11865168602808099,-0.2,0.08134831397191902,0.08134831397191902,0.006617548186073916,2024-06,2024-07-24T01:30:00+00:00,25.0,pseudo_real_time
twentieth,union,sector_first,2024-08,-0.4473606060903387,-0.7,0.2526393939096613,0.2526393939096613,0.063826663355041,2024-07,2024-08-24T01:30:00+00:00,25.0,pseudo_real_time
twentieth,union,sector_first,2024-09,-0.20597623046898506,-0.6,0.3940237695310149,0.3940237695310149,0.15525473095543035,2024-08,2024-09-24T01:30:00+00:00,25.0,pseudo_real_time
twentieth,union,sector_first,2024-10,0.25032227089012926,-0.1,0.35032227089012924,0.35032227089012924,0.12272569348161709,2024-09,2024-10-24T01:30:00+00:00,25.0,pseudo_real_time
twentieth,union,sector_first,2024-11,-0.1468258986781538,-0.1,-0.04682589867815379,0.04682589867815379,0.0021926647870167248,2024-10,2024-11-24T01:30:00+00:00,25.0,pseudo_real_time
twentieth,union,sector_first,2024-12,-0.007938372071528858,-0.1,0.09206162792847114,0.09206162792847114,0.008475343336840257,2024-11,2024-12-24T01:30:00+00:00,25.0,pseudo_real_time
twentieth,union,sector_first,2025-01,-0.11442505929623253,-0.2,0.08557494070376748,0.08557494070376748,0.00732307047645332,2024-12,2025-01-24T01:30:00+00:00,25.0,pseudo_real_time
twentieth,union,sector_first,2025-02,0.021720771936422377,-0.1,0.12172077193642239,0.12172077193642239,0.014815946320798553,2025-01,2025-02-24T01:30:00+00:00,25.0,pseudo_real_time
twentieth,union,sector_first,2025-03,0.11903565354598125,-0.4,0.5190356535459812,0.5190356535459812,0.26939800965190386,2025-02,2025-03-24T01:30:00+00:00,25.0,pseudo_real_time
twentieth,union,sector_first,2025-04,-0.356478644744114,-0.4,0.04352135525588602,0.04352135525588602,0.0018941083633090376,2025-03,2025-04-24T01:30:00+00:00,25.0,pseudo_real_time
twentieth,union,sector_first,2025-05,-0.2702085193015795,-0.4,0.1297914806984205,0.1297914806984205,0.01684582846188846,2025-04,2025-05-24T01:30:00+00:00,25.0,pseudo_real_time
twentieth,union,sector_first,2025-06,-0.28497893591969137,-0.4,0.11502106408030865,0.11502106408030865,0.01322984518216647,2025-05,2025-06-24T01:30:00+00:00,25.0,pseudo_real_time
twentieth,union,sector_first,2025-07,-0.03278567304842333,-0.2,0.16721432695157668,0.16721432695157668,0.027960631137868782,2025-06,2025-07-24T01:30:00+00:00,25.0,pseudo_real_time
twentieth,union,sector_first,2025-08,0.09341383822715774,0.0,0.09341383822715774,0.09341383822715774,0.008726145172329596,2025-07,2025-08-24T01:30:00+00:00,25.0,pseudo_real_time
twentieth,union,sector_first,2025-09,-0.1398892867101346,0.0,-0.1398892867101346,0.1398892867101346,0.019569012536270237,2025-08,2025-09-24T01:30:00+00:00,25.0,pseudo_real_time
twentieth,union,sector_first,2025-10,-0.20605481194119035,0.1,-0.30605481194119033,0.30605481194119033,0.09366954791235738,2025-09,2025-10-24T01:30:00+00:00,25.0,pseudo_real_time
twentieth,union,sector_first,2025-11,0.2532650469609062,0.1,0.15326504696090618,0.15326504696090618,0.023490174619928774,2025-10,2025-11-24T01:30:00+00:00,25.0,pseudo_real_time
twentieth,union,sector_first,2025-12,0.0039050884849698344,0.2,-0.19609491151503017,0.19609491151503017,0.03845321432208751,2025-11,2025-12-24T01:30:00+00:00,25.0,pseudo_real_time
twentieth,union,sector_first,2026-01,-0.10084751128050523,0.4,-0.5008475112805053,0.5008475112805053,0.2508482295558759,2025-12,2026-01-24T01:30:00+00:00,25.0,pseudo_real_time
twentieth,union,sector_first,2026-04,1.0867872012324478,1.7,-0.6132127987675522,0.6132127987675522,0.37602993657233447,2026-01,2026-04-24T01:30:00+00:00,25.0,pseudo_real_time
twentieth,union,sector_first,2026-05,0.6999657742602591,0.5,0.19996577426025908,0.19996577426025908,0.039986310875504895,2026-04,2026-05-24T01:30:00+00:00,25.0,pseudo_real_time
twentieth,union,sector_first,2026-06,0.33062571764337567,-0.3,0.6306257176433756,0.6306257176433756,0.39768879575322247,2026-05,2026-06-24T01:30:00+00:00,25.0,pseudo_real_time
twentieth,union,sector_first,2026-07,0.18440378843686484,-0.7,0.8844037884368647,0.8844037884368647,0.7821700610014786,2026-06,2026-07-24T01:30:00+00:00,25.0,pseudo_real_time
twentieth,union,sector_first,2026-08,0.5688895152382233,0.4,0.16888951523822326,0.16888951523822326,0.028523668357402047,2026-07,2026-08-24T01:30:00+00:00,25.0,pseudo_real_time
twentieth,union,random_forest,2016-04,-0.25343200688200695,0.7,-0.9534320068820069,0.9534320068820069,0.9090325917470513,2016-03,2016-04-25T01:30:00+00:00,4.0,pseudo_real_time
twentieth,union,random_forest,2016-05,-0.22340042180042186,0.5,-0.7234004218004219,0.7234004218004219,0.5233081702610283,2016-04,2016-05-24T01:30:00+00:00,4.0,pseudo_real_time
twentieth,union,random_forest,2016-06,-0.15132387612387613,-0.2,0.048676123876123883,0.048676123876123883,0.002369365035603758,2016-05,2016-06-24T01:30:00+00:00,4.0,pseudo_real_time
twentieth,union,random_forest,2016-07,-0.06735479797979799,0.2,-0.267354797979798,0.267354797979798,0.0714785880028186,2016-06,2016-07-25T01:30:00+00:00,4.0,pseudo_real_time
twentieth,union,random_forest,2016-08,-0.014759951159951159,0.2,-0.21475995115995117,0.21475995115995117,0.04612183662222461,2016-07,2016-08-24T01:30:00+00:00,4.0,pseudo_real_time
twentieth,union,random_forest,2016-09,0.20215180930180934,0.5,-0.2978481906981907,0.2978481906981907,0.08871354470218576,2016-08,2016-09-26T01:30:00+00:00,4.0,pseudo_real_time
twentieth,union,random_forest,2016-10,0.34851150793650804,0.7,-0.3514884920634919,0.3514884920634919,0.12354416005306743,2016-09,2016-10-24T01:30:00+00:00,4.0,pseudo_real_time
twentieth,union,random_forest,2016-11,0.40938760961260956,1.5,-1.0906123903873906,1.0906123903873906,1.189435386066498,2016-10,2016-11-24T01:30:00+00:00,4.0,pseudo_real_time
twentieth,union,random_forest,2016-12,0.2771948495948496,1.6,-1.3228051504051506,1.3228051504051506,1.749813465938393,2016-11,2016-12-26T01:30:00+00:00,4.0,pseudo_real_time
twentieth,union,random_forest,2017-01,-0.12218793428793433,0.8,-0.9221879342879343,0.9221879342879343,0.8504305861462474,2016-12,2017-01-24T01:30:00+00:00,4.0,pseudo_real_time
twentieth,union,random_forest,2017-02,0.35390752580752577,0.6,-0.2460924741924742,0.2460924741924742,0.06056150585417359,2017-01,2017-02-24T01:30:00+00:00,4.0,pseudo_real_time
twentieth,union,random_forest,2017-03,0.34501044233544237,0.3,0.04501044233544238,0.04501044233544238,0.002025939919232184,2017-02,2017-03-24T01:30:00+00:00,4.0,pseudo_real_time
twentieth,union,random_forest,2017-04,0.2781524309024309,-0.4,0.6781524309024309,0.6781524309024309,0.4598907195388764,2017-03,2017-04-24T01:30:00+00:00,4.0,pseudo_real_time
twentieth,union,random_forest,2017-05,0.07801607999843291,-0.3,0.3780160799984329,0.3780160799984329,0.14289615673738162,2017-04,2017-05-24T01:30:00+00:00,4.0,pseudo_real_time
twentieth,union,random_forest,2017-06,-0.038987383368265724,-0.2,0.16101261663173427,0.16101261663173427,0.02592506271459783,2017-05,2017-06-26T01:30:00+00:00,4.0,pseudo_real_time
twentieth,union,random_forest,2017-07,0.517139794927295,0.2,0.317139794927295,0.317139794927295,0.10057764952652673,2017-06,2017-07-24T01:30:00+00:00,4.0,pseudo_real_time
twentieth,union,random_forest,2017-08,0.6003112054612054,0.9,-0.2996887945387946,0.2996887945387946,0.08981337357211584,2017-07,2017-08-24T01:30:00+00:00,4.0,pseudo_real_time
twentieth,union,random_forest,2017-09,0.6098859015984015,1.0,-0.3901140984015985,0.3901140984015985,0.15218900977169209,2017-08,2017-09-25T01:30:00+00:00,4.0,pseudo_real_time
twentieth,union,random_forest,2017-10,0.14656312217194567,0.7,-0.5534368778280543,0.5534368778280543,0.3062923777400647,2017-09,2017-10-24T01:30:00+00:00,4.0,pseudo_real_time
twentieth,union,random_forest,2017-11,0.2414876157339393,0.5,-0.2585123842660607,0.2585123842660607,0.06682865281892343,2017-10,2017-11-24T01:30:00+00:00,4.0,pseudo_real_time
twentieth,union,random_forest,2017-12,0.5007482162445398,0.8,-0.29925178375546024,0.29925178375546024,0.08955163008082474,2017-11,2017-12-25T01:30:00+00:00,4.0,pseudo_real_time
twentieth,union,random_forest,2018-01,0.1085665984342455,0.3,-0.1914334015657545,0.1914334015657545,0.036646747235035415,2017-12,2018-01-24T01:30:00+00:00,4.0,pseudo_real_time
twentieth,union,random_forest,2018-04,0.1435997544122544,-0.2,0.34359975441225443,0.34359975441225443,0.11806079123216157,2018-01,2018-04-24T01:30:00+00:00,4.0,pseudo_real_time
twentieth,union,random_forest,2018-05,0.3806270535020537,0.4,-0.019372946497946297,0.019372946497946297,0.0003753110560122897,2018-04,2018-05-24T01:30:00+00:00,4.0,pseudo_real_time
twentieth,union,random_forest,2018-06,0.18625622792240434,0.3,-0.11374377207759565,0.11374377207759565,0.012937645686440027,2018-05,2018-06-25T01:30:00+00:00,4.0,pseudo_real_time
twentieth,union,random_forest,2018-07,0.24443735014985005,0.1,0.14443735014985004,0.14443735014985004,0.020862148118310386,2018-06,2018-07-24T01:30:00+00:00,4.0,pseudo_real_time
twentieth,union,random_forest,2018-08,0.3985254617114912,0.4,-0.0014745382885087976,0.0014745382885087976,2.1742631642784543e-06,2018-07,2018-08-24T01:30:00+00:00,4.0,pseudo_real_time
twentieth,union,random_forest,2018-09,0.5765704684204686,0.6,-0.023429531579531426,0.023429531579531426,0.0005489429500362603,2018-08,2018-09-25T01:30:00+00:00,4.0,pseudo_real_time
twentieth,union,random_forest,2018-10,0.2288076479076479,0.4,-0.17119235209235212,0.17119235209235212,0.029306821414911855,2018-09,2018-10-24T01:30:00+00:00,4.0,pseudo_real_time
twentieth,union,random_forest,2018-11,-0.005261772949272936,-0.2,0.19473822705072708,0.19473822705072708,0.03792297707486053,2018-10,2018-11-26T01:30:00+00:00,4.0,pseudo_real_time
twentieth,union,random_forest,2018-12,-0.08628791845409495,-1.0,0.913712081545905,0.913712081545905,0.8348697679629505,2018-11,2018-12-24T01:30:00+00:00,4.0,pseudo_real_time
twentieth,union,random_forest,2019-01,-0.03680956233309175,-0.6,0.5631904376669082,0.5631904376669082,0.31718346907944367,2018-12,2019-01-24T01:30:00+00:00,4.0,pseudo_real_time
twentieth,union,random_forest,2019-02,0.2520612792951804,-0.1,0.3520612792951804,0.3520612792951804,0.12394714437895901,2019-01,2019-02-25T01:30:00+00:00,4.0,pseudo_real_time
twentieth,union,random_forest,2019-03,0.1994066360153434,0.1,0.09940663601534339,0.09940663601534339,0.009881679283886965,2019-02,2019-03-25T01:30:00+00:00,4.0,pseudo_real_time
twentieth,union,random_forest,2019-04,0.1551348551001802,0.3,-0.14486514489981978,0.14486514489981978,0.02098591020684578,2019-03,2019-04-24T01:30:00+00:00,4.0,pseudo_real_time
twentieth,union,random_forest,2019-07,0.03415536919221129,-0.2,0.2341553691922113,0.2341553691922113,0.05482873692154078,2019-04,2019-07-24T01:30:00+00:00,4.0,pseudo_real_time
twentieth,union,random_forest,2019-08,0.09485589133089135,-0.1,0.19485589133089137,0.19485589133089137,0.03796881838635615,2019-07,2019-08-26T01:30:00+00:00,4.0,pseudo_real_time
twentieth,union,random_forest,2019-09,0.11285303351725177,0.1,0.012853033517251769,0.012853033517251769,0.00016520047059559738,2019-08,2019-09-24T01:30:00+00:00,4.0,pseudo_real_time
twentieth,union,random_forest,2019-10,-0.2885975659142908,0.1,-0.38859756591429084,0.38859756591429084,0.15100806823451163,2019-09,2019-10-24T01:30:00+00:00,4.0,pseudo_real_time
twentieth,union,random_forest,2019-11,-0.3017414376418185,-0.1,-0.20174143764181848,0.20174143764181848,0.040699607661787734,2019-10,2019-11-25T01:30:00+00:00,4.0,pseudo_real_time
twentieth,union,random_forest,2019-12,-0.022777367198019358,0.0,-0.022777367198019358,0.022777367198019358,0.0005188084564734082,2019-11,2019-12-24T01:30:00+00:00,4.0,pseudo_real_time
twentieth,union,random_forest,2020-01,-0.10069564350357021,0.0,-0.10069564350357021,0.10069564350357021,0.010139612620598102,2019-12,2020-01-23T01:30:00+00:00,4.0,pseudo_real_time
twentieth,union,random_forest,2020-02,-0.1514330122655123,-0.5,0.3485669877344877,0.3485669877344877,0.1214989449382945,2020-01,2020-02-24T01:30:00+00:00,4.0,pseudo_real_time
twentieth,union,random_forest,2020-03,-0.1591651453265209,-1.0,0.8408348546734791,0.8408348546734791,0.7070032528337706,2020-02,2020-03-24T01:30:00+00:00,4.0,pseudo_real_time
twentieth,union,random_forest,2020-04,-0.4453816347124669,-1.3,0.8546183652875332,0.8546183652875332,0.7303725502867355,2020-03,2020-04-24T01:30:00+00:00,4.0,pseudo_real_time
twentieth,union,random_forest,2020-05,-0.10732772370629581,-0.4,0.2926722762937042,0.2926722762937042,0.08565706131093832,2020-04,2020-05-25T01:30:00+00:00,4.0,pseudo_real_time
twentieth,union,random_forest,2020-06,-0.12442583726910085,0.4,-0.5244258372691009,0.5244258372691009,0.27502245879539744,2020-05,2020-06-24T01:30:00+00:00,4.0,pseudo_real_time
twentieth,union,random_forest,2020-07,-0.12807210218136236,0.4,-0.5280721021813624,0.5280721021813624,0.2788601451022432,2020-06,2020-07-24T01:30:00+00:00,4.0,pseudo_real_time
twentieth,union,random_forest,2020-08,0.19565231944815092,0.3,-0.10434768055184906,0.10434768055184906,0.01088843843655074,2020-07,2020-08-24T01:30:00+00:00,4.0,pseudo_real_time
twentieth,union,random_forest,2020-09,0.1754666625663563,0.1,0.07546666256635629,0.07546666256635629,0.005695217158904281,2020-08,2020-09-24T01:30:00+00:00,4.0,pseudo_real_time
twentieth,union,random_forest,2020-10,0.07958302849436648,0.0,0.07958302849436648,0.07958302849436648,0.006333458424335147,2020-09,2020-10-26T01:30:00+00:00,4.0,pseudo_real_time
twentieth,union,random_forest,2020-11,0.3337440931981602,0.5,-0.16625590680183983,0.16625590680183983,0.02764102654650205,2020-10,2020-11-24T01:30:00+00:00,4.0,pseudo_real_time
twentieth,union,random_forest,2020-12,0.5952077530312825,1.1,-0.5047922469687176,0.5047922469687176,0.2548152125997268,2020-11,2020-12-24T01:30:00+00:00,4.0,pseudo_real_time
twentieth,union,random_forest,2021-01,0.5971096576462753,1.0,-0.4028903423537247,0.4028903423537247,0.16232062796190147,2020-12,2021-01-25T01:30:00+00:00,4.0,pseudo_real_time
twentieth,union,random_forest,2021-04,0.6262690148740149,0.9,-0.27373098512598515,0.27373098512598515,0.0749286522180423,2021-01,2021-04-25T01:30:00+00:00,4.0,pseudo_real_time
twentieth,union,random_forest,2021-05,0.859968300139048,1.6,-0.7400316998609521,0.7400316998609521,0.5476469167990903,2021-04,2021-05-24T01:30:00+00:00,4.0,pseudo_real_time
twentieth,union,random_forest,2021-06,-0.23157796620046617,0.3,-0.5315779662004662,0.5315779662004662,0.28257513414982394,2021-05,2021-06-24T01:30:00+00:00,4.0,pseudo_real_time
twentieth,union,random_forest,2021-07,0.052214513213226704,0.5,-0.4477854867867733,0.4477854867867733,0.20051184217686754,2021-06,2021-07-26T01:30:00+00:00,4.0,pseudo_real_time
twentieth,union,random_forest,2021-08,0.41672674169196405,0.7,-0.2832732583080359,0.2832732583080359,0.08024373887245123,2021-07,2021-08-24T01:30:00+00:00,4.0,pseudo_real_time
twentieth,union,random_forest,2021-09,0.7391463324257443,1.2,-0.4608536675742556,0.4608536675742556,0.2123861029166425,2021-08,2021-09-24T01:30:00+00:00,4.0,pseudo_real_time
twentieth,union,random_forest,2021-10,1.0033749964947334,2.5,-1.4966250035052666,1.4966250035052666,2.2398864011171393,2021-09,2021-10-25T01:30:00+00:00,4.0,pseudo_real_time
twentieth,union,random_forest,2021-11,-0.6131625340302973,0.0,-0.6131625340302973,0.6131625340302973,0.3759682931384555,2021-10,2021-11-24T01:30:00+00:00,4.0,pseudo_real_time
twentieth,union,random_forest,2021-12,-0.33531632536960615,-1.2,0.8646836746303939,0.8646836746303939,0.7476778571723208,2021-11,2021-12-24T01:30:00+00:00,4.0,pseudo_real_time
twentieth,union,random_forest,2022-01,-0.045768603384224976,-0.2,0.15423139661577503,0.15423139661577503,0.023787323702052502,2021-12,2022-01-24T01:30:00+00:00,4.0,pseudo_real_time
twentieth,union,random_forest,2022-02,0.7108356423049444,0.5,0.21083564230494445,0.21083564230494445,0.04445166806613848,2022-01,2022-02-24T01:30:00+00:00,4.0,pseudo_real_time
twentieth,union,random_forest,2022-03,0.5882762678450125,1.1,-0.5117237321549876,0.5117237321549876,0.2618611780506295,2022-02,2022-03-24T01:30:00+00:00,4.0,pseudo_real_time
twentieth,union,random_forest,2022-04,0.6289091456350666,0.6,0.028909145635066635,0.028909145635066635,0.0008357387013494923,2022-03,2022-04-24T01:30:00+00:00,4.0,pseudo_real_time
twentieth,union,random_forest,2022-05,-0.05214882365616301,0.1,-0.152148823656163,0.152148823656163,0.023149264539954185,2022-04,2022-05-24T01:30:00+00:00,4.0,pseudo_real_time
twentieth,union,random_forest,2022-06,-0.037713814310447256,0.0,-0.037713814310447256,0.037713814310447256,0.0014223317898428964,2022-05,2022-06-24T01:30:00+00:00,4.0,pseudo_real_time
twentieth,union,random_forest,2022-07,-0.28031402779555603,-1.3,1.019685972204444,1.019685972204444,1.0397594819105223,2022-06,2022-07-24T01:30:00+00:00,4.0,pseudo_real_time
twentieth,union,random_forest,2022-08,-0.4283035960094598,-1.2,0.7716964039905402,0.7716964039905402,0.595515339931931,2022-07,2022-08-24T01:30:00+00:00,4.0,pseudo_real_time
twentieth,union,random_forest,2022-09,-0.0600706171558714,-0.1,0.03992938284412861,0.03992938284412861,0.001594355614312992,2022-08,2022-09-24T01:30:00+00:00,4.0,pseudo_real_time
twentieth,union,random_forest,2022-10,-0.07376404904904266,0.2,-0.27376404904904267,0.27376404904904267,0.07494675455172664,2022-09,2022-10-24T01:30:00+00:00,4.0,pseudo_real_time
twentieth,union,random_forest,2022-11,-0.7456705858250503,0.1,-0.8456705858250503,0.8456705858250503,0.7151587397296837,2022-10,2022-11-24T01:30:00+00:00,4.0,pseudo_real_time
twentieth,union,random_forest,2022-12,-0.0861237355142646,-0.5,0.4138762644857354,0.4138762644857354,0.17129356230466639,2022-11,2022-12-24T01:30:00+00:00,4.0,pseudo_real_time
twentieth,union,random_forest,2023-01,0.5831691491515018,-0.4,0.9831691491515018,0.9831691491515018,0.9666215758432879,2022-12,2023-01-24T01:30:00+00:00,4.0,pseudo_real_time
twentieth,union,random_forest,2023-02,-0.14820583127869771,0.0,-0.14820583127869771,0.14820583127869771,0.021964968425009813,2023-01,2023-02-24T01:30:00+00:00,4.0,pseudo_real_time
twentieth,union,random_forest,2023-03,0.130037846237942,0.0,0.130037846237942,0.130037846237942,0.01690984145420265,2023-02,2023-03-24T01:30:00+00:00,4.0,pseudo_real_time
twentieth,union,random_forest,2023-04,-0.1884823974813493,-0.5,0.3115176025186507,0.3115176025186507,0.09704321667896804,2023-03,2023-04-24T01:30:00+00:00,4.0,pseudo_real_time
twentieth,union,random_forest,2023-05,-0.5740242759304678,-0.9,0.32597572406953224,0.32597572406953224,0.10626017268265582,2023-04,2023-05-24T01:30:00+00:00,4.0,pseudo_real_time
twentieth,union,random_forest,2023-06,-0.4928253724938481,-0.8,0.30717462750615193,0.30717462750615193,0.09435625178354319,2023-05,2023-06-24T01:30:00+00:00,4.0,pseudo_real_time
twentieth,union,random_forest,2023-07,0.13514036786939163,-0.2,0.3351403678693916,0.3351403678693916,0.11231906617563113,2023-06,2023-07-24T01:30:00+00:00,4.0,pseudo_real_time
twentieth,union,random_forest,2023-08,0.059325462864885506,0.2,-0.14067453713511452,0.14067453713511452,0.019789325398178712,2023-07,2023-08-24T01:30:00+00:00,4.0,pseudo_real_time
twentieth,union,random_forest,2023-09,-0.003096892594501113,0.4,-0.40309689259450115,0.40309689259450115,0.1624871048193428,2023-08,2023-09-24T01:30:00+00:00,4.0,pseudo_real_time
twentieth,union,random_forest,2023-10,-0.545647404119456,0.0,-0.545647404119456,0.545647404119456,0.29773108962230094,2023-09,2023-10-24T01:30:00+00:00,4.0,pseudo_real_time
twentieth,union,random_forest,2023-11,-0.356527160912907,-0.3,-0.05652716091290699,0.05652716091290699,0.00319531992087368,2023-10,2023-11-24T01:30:00+00:00,4.0,pseudo_real_time
twentieth,union,random_forest,2023-12,-0.2235437068159591,-0.3,0.0764562931840409,0.0764562931840409,0.005845564767444019,2023-11,2023-12-24T01:30:00+00:00,4.0,pseudo_real_time
twentieth,union,random_forest,2024-01,-0.16825537031494925,-0.2,0.03174462968505076,0.03174462968505076,0.001007721513841006,2023-12,2024-01-24T01:30:00+00:00,4.0,pseudo_real_time
twentieth,union,random_forest,2024-04,-0.05804964458560016,-0.2,0.14195035541439985,0.14195035541439985,0.020149903402274436,2024-01,2024-04-24T01:30:00+00:00,4.0,pseudo_real_time
twentieth,union,random_forest,2024-05,-0.08937158968099751,0.2,-0.2893715896809975,0.2893715896809975,0.08373591691450759,2024-04,2024-05-24T01:30:00+00:00,4.0,pseudo_real_time
twentieth,union,random_forest,2024-06,-0.03791450192746321,0.1,-0.1379145019274632,0.1379145019274632,0.019020409841900253,2024-05,2024-06-24T01:30:00+00:00,4.0,pseudo_real_time
twentieth,union,random_forest,2024-07,-0.32968153385908816,-0.2,-0.12968153385908815,0.12968153385908815,0.016817300224045827,2024-06,2024-07-24T01:30:00+00:00,4.0,pseudo_real_time
twentieth,union,random_forest,2024-08,-0.2807342780062255,-0.7,0.41926572199377443,0.41926572199377443,0.17578374563896096,2024-07,2024-08-24T01:30:00+00:00,4.0,pseudo_real_time
twentieth,union,random_forest,2024-09,-0.13157267042578832,-0.6,0.4684273295742116,0.4684273295742116,0.21942416309202709,2024-08,2024-09-24T01:30:00+00:00,4.0,pseudo_real_time
twentieth,union,random_forest,2024-10,0.5043119386226163,-0.1,0.6043119386226162,0.6043119386226162,0.36519291916182467,2024-09,2024-10-24T01:30:00+00:00,4.0,pseudo_real_time
twentieth,union,random_forest,2024-11,-0.27205666123111816,-0.1,-0.17205666123111815,0.17205666123111815,0.029603494673999756,2024-10,2024-11-24T01:30:00+00:00,4.0,pseudo_real_time
twentieth,union,random_forest,2024-12,-0.11956995835090282,-0.1,-0.01956995835090282,0.01956995835090282,0.00038298326985607096,2024-11,2024-12-24T01:30:00+00:00,4.0,pseudo_real_time
twentieth,union,random_forest,2025-01,-0.15650056320557998,-0.2,0.04349943679442003,0.04349943679442003,0.0018922010014317432,2024-12,2025-01-24T01:30:00+00:00,4.0,pseudo_real_time
twentieth,union,random_forest,2025-02,-0.1716309172484497,-0.1,-0.0716309172484497,0.0716309172484497,0.005130988305854248,2025-01,2025-02-24T01:30:00+00:00,4.0,pseudo_real_time
twentieth,union,random_forest,2025-03,-0.35918495156733427,-0.4,0.04081504843266576,0.04081504843266576,0.0016658681785608515,2025-02,2025-03-24T01:30:00+00:00,4.0,pseudo_real_time
twentieth,union,random_forest,2025-04,-0.5643134900806943,-0.4,-0.1643134900806943,0.1643134900806943,0.02699892302249842,2025-03,2025-04-24T01:30:00+00:00,4.0,pseudo_real_time
twentieth,union,random_forest,2025-05,-0.18716300895750035,-0.4,0.21283699104249967,0.21283699104249967,0.04529958475602509,2025-04,2025-05-24T01:30:00+00:00,4.0,pseudo_real_time
twentieth,union,random_forest,2025-06,-0.14132092819249994,-0.4,0.25867907180750005,0.25867907180750005,0.06691486219118976,2025-05,2025-06-24T01:30:00+00:00,4.0,pseudo_real_time
twentieth,union,random_forest,2025-07,-0.011393951113331214,-0.2,0.1886060488866688,0.1886060488866688,0.0355722416766405,2025-06,2025-07-24T01:30:00+00:00,4.0,pseudo_real_time
twentieth,union,random_forest,2025-08,0.002266318052706986,0.0,0.002266318052706986,0.002266318052706986,5.136197516025585e-06,2025-07,2025-08-24T01:30:00+00:00,4.0,pseudo_real_time
twentieth,union,random_forest,2025-09,-0.1508317586998781,0.0,-0.1508317586998781,0.1508317586998781,0.022750219432498255,2025-08,2025-09-24T01:30:00+00:00,4.0,pseudo_real_time
twentieth,union,random_forest,2025-10,-0.17474933708603618,0.1,-0.2747493370860362,0.2747493370860362,0.07548719822921636,2025-09,2025-10-24T01:30:00+00:00,4.0,pseudo_real_time
twentieth,union,random_forest,2025-11,-0.11905561922012149,0.1,-0.2190556192201215,0.2190556192201215,0.04798536431191087,2025-10,2025-11-24T01:30:00+00:00,4.0,pseudo_real_time
twentieth,union,random_forest,2025-12,-0.16283362516406136,0.2,-0.36283362516406137,0.36283362516406137,0.1316482395496946,2025-11,2025-12-24T01:30:00+00:00,4.0,pseudo_real_time
twentieth,union,random_forest,2026-01,-0.07292324496161082,0.4,-0.47292324496161087,0.47292324496161087,0.2236563956250198,2025-12,2026-01-24T01:30:00+00:00,4.0,pseudo_real_time
twentieth,union,random_forest,2026-04,0.1961174933006719,1.7,-1.503882506699328,1.503882506699328,2.2616625939562542,2026-01,2026-04-24T01:30:00+00:00,4.0,pseudo_real_time
twentieth,union,random_forest,2026-05,0.06143786972026839,0.5,-0.4385621302797316,0.4385621302797316,0.19233674211549628,2026-04,2026-05-24T01:30:00+00:00,4.0,pseudo_real_time
twentieth,union,random_forest,2026-06,-0.09229373701602724,-0.3,0.20770626298397277,0.20770626298397277,0.043141891682767254,2026-05,2026-06-24T01:30:00+00:00,4.0,pseudo_real_time
twentieth,union,random_forest,2026-07,0.006008500004678828,-0.7,0.7060085000046787,0.7060085000046787,0.4984480020788565,2026-06,2026-07-24T01:30:00+00:00,4.0,pseudo_real_time
twentieth,union,random_forest,2026-08,0.04388623602451851,0.4,-0.3561137639754815,0.3561137639754815,0.12681701289278494,2026-07,2026-08-24T01:30:00+00:00,4.0,pseudo_real_time
twentieth,union,economic_ml_hybrid,2016-04,0.03984131615340888,0.7,-0.660158683846591,0.660158683846591,0.43580948785806334,2016-03,2016-04-25T01:30:00+00:00,5.0,pseudo_real_time
twentieth,union,economic_ml_hybrid,2016-05,-0.25205590775263265,0.5,-0.7520559077526326,0.7520559077526326,0.5655880883856363,2016-04,2016-05-24T01:30:00+00:00,5.0,pseudo_real_time
twentieth,union,economic_ml_hybrid,2016-06,-0.03268158068923399,-0.2,0.16731841931076602,0.16731841931076602,0.02799545344065332,2016-05,2016-06-24T01:30:00+00:00,5.0,pseudo_real_time
twentieth,union,economic_ml_hybrid,2016-07,0.03147328072333808,0.2,-0.16852671927666193,0.16852671927666193,0.028401255110154816,2016-06,2016-07-25T01:30:00+00:00,5.0,pseudo_real_time
twentieth,union,economic_ml_hybrid,2016-08,0.19410869168466777,0.2,-0.005891308315332244,0.005891308315332244,3.4707513666302843e-05,2016-07,2016-08-24T01:30:00+00:00,5.0,pseudo_real_time
twentieth,union,economic_ml_hybrid,2016-09,0.49488114180221926,0.5,-0.00511885819778074,0.00511885819778074,2.6202709248987087e-05,2016-08,2016-09-26T01:30:00+00:00,5.0,pseudo_real_time
twentieth,union,economic_ml_hybrid,2016-10,0.5600811085140311,0.7,-0.1399188914859688,0.1399188914859688,0.019577296194662315,2016-09,2016-10-24T01:30:00+00:00,5.0,pseudo_real_time
twentieth,union,economic_ml_hybrid,2016-11,0.9672690366173824,1.5,-0.5327309633826176,0.5327309633826176,0.2838022793465719,2016-10,2016-11-24T01:30:00+00:00,5.0,pseudo_real_time
twentieth,union,economic_ml_hybrid,2016-12,0.6875098313185175,1.6,-0.9124901686814826,0.9124901686814826,0.8326383079403605,2016-11,2016-12-26T01:30:00+00:00,5.0,pseudo_real_time
twentieth,union,economic_ml_hybrid,2017-01,0.08380617794232187,0.8,-0.7161938220576782,0.7161938220576782,0.5129335907535852,2016-12,2017-01-24T01:30:00+00:00,5.0,pseudo_real_time
twentieth,union,economic_ml_hybrid,2017-02,0.29062928146858297,0.6,-0.309370718531417,0.309370718531417,0.09571024148464524,2017-01,2017-02-24T01:30:00+00:00,5.0,pseudo_real_time
twentieth,union,economic_ml_hybrid,2017-03,-0.1906027268944831,0.3,-0.4906027268944831,0.4906027268944831,0.24069103563630276,2017-02,2017-03-24T01:30:00+00:00,5.0,pseudo_real_time
twentieth,union,economic_ml_hybrid,2017-04,-0.20225158121112174,-0.4,0.19774841878887828,0.19774841878887828,0.03910443713350159,2017-03,2017-04-24T01:30:00+00:00,5.0,pseudo_real_time
twentieth,union,economic_ml_hybrid,2017-05,-0.32115515553872553,-0.3,-0.021155155538725545,0.021155155538725545,0.0004475406058676701,2017-04,2017-05-24T01:30:00+00:00,5.0,pseudo_real_time
twentieth,union,economic_ml_hybrid,2017-06,-0.3487900833636115,-0.2,-0.1487900833636115,0.1487900833636115,0.022138488907350456,2017-05,2017-06-26T01:30:00+00:00,5.0,pseudo_real_time
twentieth,union,economic_ml_hybrid,2017-07,0.38350557361474724,0.2,0.18350557361474723,0.18350557361474723,0.03367429554767742,2017-06,2017-07-24T01:30:00+00:00,5.0,pseudo_real_time
twentieth,union,economic_ml_hybrid,2017-08,0.8771805125278069,0.9,-0.02281948747219309,0.02281948747219309,0.0005207290084935773,2017-07,2017-08-24T01:30:00+00:00,5.0,pseudo_real_time
twentieth,union,economic_ml_hybrid,2017-09,0.7519229880304047,1.0,-0.2480770119695953,0.2480770119695953,0.06154220386776273,2017-08,2017-09-25T01:30:00+00:00,5.0,pseudo_real_time
twentieth,union,economic_ml_hybrid,2017-10,0.758450289970842,0.7,0.058450289970842007,0.058450289970842007,0.0034164363976755137,2017-09,2017-10-24T01:30:00+00:00,5.0,pseudo_real_time
twentieth,union,economic_ml_hybrid,2017-11,0.358572397543906,0.5,-0.14142760245609398,0.14142760245609398,0.020001766736478962,2017-10,2017-11-24T01:30:00+00:00,5.0,pseudo_real_time
twentieth,union,economic_ml_hybrid,2017-12,0.7958249840420327,0.8,-0.004175015957967321,0.004175015957967321,1.7430758249281784e-05,2017-11,2017-12-25T01:30:00+00:00,5.0,pseudo_real_time
twentieth,union,economic_ml_hybrid,2018-01,-0.23835930028415447,0.3,-0.5383593002841545,0.5383593002841545,0.2898307362024444,2017-12,2018-01-24T01:30:00+00:00,5.0,pseudo_real_time
twentieth,union,economic_ml_hybrid,2018-04,-0.09710371508929488,-0.2,0.10289628491070513,0.10289628491070513,0.010587645448425003,2018-01,2018-04-24T01:30:00+00:00,5.0,pseudo_real_time
twentieth,union,economic_ml_hybrid,2018-05,0.7293891957757885,0.4,0.3293891957757885,0.3293891957757885,0.10849724229382074,2018-04,2018-05-24T01:30:00+00:00,5.0,pseudo_real_time
twentieth,union,economic_ml_hybrid,2018-06,0.13744331724316666,0.3,-0.16255668275683333,0.16255668275683333,0.026424675108905754,2018-05,2018-06-25T01:30:00+00:00,5.0,pseudo_real_time
twentieth,union,economic_ml_hybrid,2018-07,0.13720170665307138,0.1,0.037201706653071376,0.037201706653071376,0.0013839669779011751,2018-06,2018-07-24T01:30:00+00:00,5.0,pseudo_real_time
twentieth,union,economic_ml_hybrid,2018-08,0.4004559139485603,0.4,0.00045591394856026035,0.00045591394856026035,2.0785752849180773e-07,2018-07,2018-08-24T01:30:00+00:00,5.0,pseudo_real_time
twentieth,union,economic_ml_hybrid,2018-09,0.6122433903236895,0.6,0.012243390323689485,0.012243390323689485,0.0001499006066182133,2018-08,2018-09-25T01:30:00+00:00,5.0,pseudo_real_time
twentieth,union,economic_ml_hybrid,2018-10,0.38193758309525544,0.4,-0.018062416904744583,0.018062416904744583,0.0003262509044408029,2018-09,2018-10-24T01:30:00+00:00,5.0,pseudo_real_time
twentieth,union,economic_ml_hybrid,2018-11,-0.5415199763684958,-0.2,-0.3415199763684958,0.3415199763684958,0.11663589425873792,2018-10,2018-11-26T01:30:00+00:00,5.0,pseudo_real_time
twentieth,union,economic_ml_hybrid,2018-12,-0.49035091396254,-1.0,0.5096490860374601,0.5096490860374601,0.2597421908988184,2018-11,2018-12-24T01:30:00+00:00,5.0,pseudo_real_time
twentieth,union,economic_ml_hybrid,2019-01,-0.694587922030476,-0.6,-0.09458792203047606,0.09458792203047606,0.008946874994043418,2018-12,2019-01-24T01:30:00+00:00,5.0,pseudo_real_time
twentieth,union,economic_ml_hybrid,2019-02,-0.216444662979397,-0.1,-0.11644466297939698,0.11644466297939698,0.013559359536385346,2019-01,2019-02-25T01:30:00+00:00,5.0,pseudo_real_time
twentieth,union,economic_ml_hybrid,2019-03,0.12594444061585622,0.1,0.025944440615856212,0.025944440615856212,0.0006731139988696895,2019-02,2019-03-25T01:30:00+00:00,5.0,pseudo_real_time
twentieth,union,economic_ml_hybrid,2019-04,0.035402196739121546,0.3,-0.26459780326087845,0.26459780326087845,0.07001199749048254,2019-03,2019-04-24T01:30:00+00:00,5.0,pseudo_real_time
twentieth,union,economic_ml_hybrid,2019-07,0.11341192167359533,-0.2,0.31341192167359533,0.31341192167359533,0.09822703264713585,2019-04,2019-07-24T01:30:00+00:00,5.0,pseudo_real_time
twentieth,union,economic_ml_hybrid,2019-08,-0.2655564953562669,-0.1,-0.1655564953562669,0.1655564953562669,0.027408953154649626,2019-07,2019-08-26T01:30:00+00:00,5.0,pseudo_real_time
twentieth,union,economic_ml_hybrid,2019-09,0.31457593094442776,0.1,0.21457593094442776,0.21457593094442776,0.04604283014066783,2019-08,2019-09-24T01:30:00+00:00,5.0,pseudo_real_time
twentieth,union,economic_ml_hybrid,2019-10,0.02135196542692488,0.1,-0.07864803457307512,0.07864803457307512,0.006185513342207619,2019-09,2019-10-24T01:30:00+00:00,5.0,pseudo_real_time
twentieth,union,economic_ml_hybrid,2019-11,-0.3130581101365428,-0.1,-0.21305811013654277,0.21305811013654277,0.04539375829495519,2019-10,2019-11-25T01:30:00+00:00,5.0,pseudo_real_time
twentieth,union,economic_ml_hybrid,2019-12,0.0966537675770661,0.0,0.0966537675770661,0.0966537675770661,0.009341950786841515,2019-11,2019-12-24T01:30:00+00:00,5.0,pseudo_real_time
twentieth,union,economic_ml_hybrid,2020-01,-0.24057963919664418,0.0,-0.24057963919664418,0.24057963919664418,0.05787856279598749,2019-12,2020-01-23T01:30:00+00:00,5.0,pseudo_real_time
twentieth,union,economic_ml_hybrid,2020-02,-0.2985426255086056,-0.5,0.2014573744913944,0.2014573744913944,0.040585073736965925,2020-01,2020-02-24T01:30:00+00:00,5.0,pseudo_real_time
twentieth,union,economic_ml_hybrid,2020-03,-0.19038188765570851,-1.0,0.8096181123442915,0.8096181123442915,0.6554814878359337,2020-02,2020-03-24T01:30:00+00:00,5.0,pseudo_real_time
twentieth,union,economic_ml_hybrid,2020-04,-0.6142070530767061,-1.3,0.685792946923294,0.685792946923294,0.4703119660497359,2020-03,2020-04-24T01:30:00+00:00,5.0,pseudo_real_time
twentieth,union,economic_ml_hybrid,2020-05,-0.38752314032872837,-0.4,0.012476859671271656,0.012476859671271656,0.00015567202725660505,2020-04,2020-05-25T01:30:00+00:00,5.0,pseudo_real_time
twentieth,union,economic_ml_hybrid,2020-06,0.21709757940787755,0.4,-0.18290242059212247,0.18290242059212247,0.03345329545845767,2020-05,2020-06-24T01:30:00+00:00,5.0,pseudo_real_time
twentieth,union,economic_ml_hybrid,2020-07,0.21503888400347793,0.4,-0.1849611159965221,0.1849611159965221,0.0342106144306789,2020-06,2020-07-24T01:30:00+00:00,5.0,pseudo_real_time
twentieth,union,economic_ml_hybrid,2020-08,0.43068191554007057,0.3,0.13068191554007058,0.13068191554007058,0.01707776304922214,2020-07,2020-08-24T01:30:00+00:00,5.0,pseudo_real_time
twentieth,union,economic_ml_hybrid,2020-09,0.4190408575701936,0.1,0.3190408575701936,0.3190408575701936,0.10178706879912458,2020-08,2020-09-24T01:30:00+00:00,5.0,pseudo_real_time
twentieth,union,economic_ml_hybrid,2020-10,0.3735462765596108,0.0,0.3735462765596108,0.3735462765596108,0.13953682073154924,2020-09,2020-10-26T01:30:00+00:00,5.0,pseudo_real_time
twentieth,union,economic_ml_hybrid,2020-11,0.8329561782014199,0.5,0.3329561782014199,0.3329561782014199,0.11085981660249566,2020-10,2020-11-24T01:30:00+00:00,5.0,pseudo_real_time
twentieth,union,economic_ml_hybrid,2020-12,1.206640723129257,1.1,0.10664072312925699,0.10664072312925699,0.011372243829530846,2020-11,2020-12-24T01:30:00+00:00,5.0,pseudo_real_time
twentieth,union,economic_ml_hybrid,2021-01,1.0283521239933262,1.0,0.028352123993326206,0.028352123993326206,0.0008038429349329435,2020-12,2021-01-25T01:30:00+00:00,5.0,pseudo_real_time
twentieth,union,economic_ml_hybrid,2021-04,0.7082232653085543,0.9,-0.19177673469144574,0.19177673469144574,0.036778315968913164,2021-01,2021-04-25T01:30:00+00:00,5.0,pseudo_real_time
twentieth,union,economic_ml_hybrid,2021-05,1.3148484105584706,1.6,-0.2851515894415295,0.2851515894415295,0.08131142896103061,2021-04,2021-05-24T01:30:00+00:00,5.0,pseudo_real_time
twentieth,union,economic_ml_hybrid,2021-06,0.23333377528780821,0.3,-0.06666622471219177,0.06666622471219177,0.004444385517376449,2021-05,2021-06-24T01:30:00+00:00,5.0,pseudo_real_time
twentieth,union,economic_ml_hybrid,2021-07,0.6797141696885274,0.5,0.17971416968852738,0.17971416968852738,0.03229718278683681,2021-06,2021-07-26T01:30:00+00:00,5.0,pseudo_real_time
twentieth,union,economic_ml_hybrid,2021-08,0.49795258061911823,0.7,-0.20204741938088172,0.20204741938088172,0.0408231596784739,2021-07,2021-08-24T01:30:00+00:00,5.0,pseudo_real_time
twentieth,union,economic_ml_hybrid,2021-09,0.9799911863261255,1.2,-0.22000881367387448,0.22000881367387448,0.04840387809418562,2021-08,2021-09-24T01:30:00+00:00,5.0,pseudo_real_time
twentieth,union,economic_ml_hybrid,2021-10,1.9078638355790876,2.5,-0.5921361644209124,0.5921361644209124,0.35062523721510985,2021-09,2021-10-25T01:30:00+00:00,5.0,pseudo_real_time
twentieth,union,economic_ml_hybrid,2021-11,-1.2088049974085273,0.0,-1.2088049974085273,1.2088049974085273,1.4612095217598298,2021-10,2021-11-24T01:30:00+00:00,5.0,pseudo_real_time
twentieth,union,economic_ml_hybrid,2021-12,-0.8356887374544394,-1.2,0.36431126254556057,0.36431126254556057,0.13272269601754036,2021-11,2021-12-24T01:30:00+00:00,5.0,pseudo_real_time
twentieth,union,economic_ml_hybrid,2022-01,-0.035820655677498175,-0.2,0.16417934432250184,0.16417934432250184,0.026954857102166614,2021-12,2022-01-24T01:30:00+00:00,5.0,pseudo_real_time
twentieth,union,economic_ml_hybrid,2022-02,0.5264209426974658,0.5,0.026420942697465755,0.026420942697465755,0.000698066213022769,2022-01,2022-02-24T01:30:00+00:00,5.0,pseudo_real_time
twentieth,union,economic_ml_hybrid,2022-03,0.3896613511541882,1.1,-0.7103386488458119,0.7103386488458119,0.5045809960440937,2022-02,2022-03-24T01:30:00+00:00,5.0,pseudo_real_time
twentieth,union,economic_ml_hybrid,2022-04,-0.22922357863403198,0.6,-0.829223578634032,0.829223578634032,0.6876117433626305,2022-03,2022-04-24T01:30:00+00:00,5.0,pseudo_real_time
twentieth,union,economic_ml_hybrid,2022-05,0.36099751756849546,0.1,0.26099751756849543,0.26099751756849543,0.06811970417691708,2022-04,2022-05-24T01:30:00+00:00,5.0,pseudo_real_time
twentieth,union,economic_ml_hybrid,2022-06,-0.14533465157375663,0.0,-0.14533465157375663,0.14533465157375663,0.021122160948065242,2022-05,2022-06-24T01:30:00+00:00,5.0,pseudo_real_time
twentieth,union,economic_ml_hybrid,2022-07,-1.1391287919802793,-1.3,0.16087120801972077,0.16087120801972077,0.02587954556972427,2022-06,2022-07-24T01:30:00+00:00,5.0,pseudo_real_time
twentieth,union,economic_ml_hybrid,2022-08,-0.13349710631812245,-1.2,1.0665028936818775,1.0665028936818775,1.137428422231818,2022-07,2022-08-24T01:30:00+00:00,5.0,pseudo_real_time
twentieth,union,economic_ml_hybrid,2022-09,0.29297351250683323,-0.1,0.3929735125068332,0.3929735125068332,0.1544281815319582,2022-08,2022-09-24T01:30:00+00:00,5.0,pseudo_real_time
twentieth,union,economic_ml_hybrid,2022-10,0.3048177606021074,0.2,0.1048177606021074,0.1048177606021074,0.010986762937640698,2022-09,2022-10-24T01:30:00+00:00,5.0,pseudo_real_time
twentieth,union,economic_ml_hybrid,2022-11,-0.7137012730518268,0.1,-0.8137012730518268,0.8137012730518268,0.6621097617661637,2022-10,2022-11-24T01:30:00+00:00,5.0,pseudo_real_time
twentieth,union,economic_ml_hybrid,2022-12,-0.0524855721758917,-0.5,0.44751442782410833,0.44751442782410833,0.20026916311073906,2022-11,2022-12-24T01:30:00+00:00,25.0,pseudo_real_time
twentieth,union,economic_ml_hybrid,2023-01,-0.40473665801972636,-0.4,-0.004736658019726336,0.004736658019726336,2.2435929195837818e-05,2022-12,2023-01-24T01:30:00+00:00,5.0,pseudo_real_time
twentieth,union,economic_ml_hybrid,2023-02,-0.16252532997802419,0.0,-0.16252532997802419,0.16252532997802419,0.026414482884465646,2023-01,2023-02-24T01:30:00+00:00,25.0,pseudo_real_time
twentieth,union,economic_ml_hybrid,2023-03,-0.15846506310494027,0.0,-0.15846506310494027,0.15846506310494027,0.0251111762248527,2023-02,2023-03-24T01:30:00+00:00,5.0,pseudo_real_time
twentieth,union,economic_ml_hybrid,2023-04,-0.4219443601156982,-0.5,0.07805563988430181,0.07805563988430181,0.006092682917747807,2023-03,2023-04-24T01:30:00+00:00,25.0,pseudo_real_time
twentieth,union,economic_ml_hybrid,2023-05,-1.1381363251981051,-0.9,-0.23813632519810513,0.23813632519810513,0.056708909378857676,2023-04,2023-05-24T01:30:00+00:00,5.0,pseudo_real_time
twentieth,union,economic_ml_hybrid,2023-06,-0.7262231587244747,-0.8,0.0737768412755253,0.0737768412755253,0.0054430223085940544,2023-05,2023-06-24T01:30:00+00:00,25.0,pseudo_real_time
twentieth,union,economic_ml_hybrid,2023-07,0.37756712577125384,-0.2,0.5775671257712538,0.5775671257712538,0.3335837847716673,2023-06,2023-07-24T01:30:00+00:00,5.0,pseudo_real_time
twentieth,union,economic_ml_hybrid,2023-08,0.7111658631885789,0.2,0.5111658631885789,0.5111658631885789,0.261290539689325,2023-07,2023-08-24T01:30:00+00:00,25.0,pseudo_real_time
twentieth,union,economic_ml_hybrid,2023-09,0.3917918101862727,0.4,-0.00820818981372734,0.00820818981372734,6.737438001817727e-05,2023-08,2023-09-24T01:30:00+00:00,25.0,pseudo_real_time
twentieth,union,economic_ml_hybrid,2023-10,-0.19851930538738238,0.0,-0.19851930538738238,0.19851930538738238,0.03940991461148879,2023-09,2023-10-24T01:30:00+00:00,25.0,pseudo_real_time
twentieth,union,economic_ml_hybrid,2023-11,-0.016776816585079894,-0.3,0.2832231834149201,0.2832231834149201,0.08021537162368146,2023-10,2023-11-24T01:30:00+00:00,25.0,pseudo_real_time
twentieth,union,economic_ml_hybrid,2023-12,-0.14250100711734182,-0.3,0.15749899288265817,0.15749899288265817,0.02480593275905161,2023-11,2023-12-24T01:30:00+00:00,25.0,pseudo_real_time
twentieth,union,economic_ml_hybrid,2024-01,-0.3378882325605177,-0.2,-0.1378882325605177,0.1378882325605177,0.01901316467866341,2023-12,2024-01-24T01:30:00+00:00,25.0,pseudo_real_time
twentieth,union,economic_ml_hybrid,2024-04,0.04741055699451947,-0.2,0.24741055699451947,0.24741055699451947,0.061211983712338366,2024-01,2024-04-24T01:30:00+00:00,25.0,pseudo_real_time
twentieth,union,economic_ml_hybrid,2024-05,0.06841025121702153,0.2,-0.13158974878297847,0.13158974878297847,0.017315861984767384,2024-04,2024-05-24T01:30:00+00:00,25.0,pseudo_real_time
twentieth,union,economic_ml_hybrid,2024-06,0.21154669974150178,0.1,0.11154669974150178,0.11154669974150178,0.012442666223220752,2024-05,2024-06-24T01:30:00+00:00,25.0,pseudo_real_time
twentieth,union,economic_ml_hybrid,2024-07,-0.13524763905676668,-0.2,0.06475236094323333,0.06475236094323333,0.00419286824772277,2024-06,2024-07-24T01:30:00+00:00,25.0,pseudo_real_time
twentieth,union,economic_ml_hybrid,2024-08,-0.37808828466595823,-0.7,0.3219117153340417,0.3219117153340417,0.10362715246930511,2024-07,2024-08-24T01:30:00+00:00,25.0,pseudo_real_time
twentieth,union,economic_ml_hybrid,2024-09,-0.2629252774146146,-0.6,0.3370747225853854,0.3370747225853854,0.11361936860601453,2024-08,2024-09-24T01:30:00+00:00,25.0,pseudo_real_time
twentieth,union,economic_ml_hybrid,2024-10,0.21442270728698937,-0.1,0.3144227072869894,0.3144227072869894,0.09886163885767982,2024-09,2024-10-24T01:30:00+00:00,25.0,pseudo_real_time
twentieth,union,economic_ml_hybrid,2024-11,-0.25290397641154577,-0.1,-0.15290397641154577,0.15290397641154577,0.023379626002462545,2024-10,2024-11-24T01:30:00+00:00,25.0,pseudo_real_time
twentieth,union,economic_ml_hybrid,2024-12,-0.02297762554563271,-0.1,0.0770223744543673,0.0770223744543673,0.005932446166588772,2024-11,2024-12-24T01:30:00+00:00,25.0,pseudo_real_time
twentieth,union,economic_ml_hybrid,2025-01,-0.11564280091260895,-0.2,0.08435719908739106,0.08435719908739106,0.0071161370378697315,2024-12,2025-01-24T01:30:00+00:00,25.0,pseudo_real_time
twentieth,union,economic_ml_hybrid,2025-02,-0.06058511451681747,-0.1,0.03941488548318253,0.03941488548318253,0.001553533197652393,2025-01,2025-02-24T01:30:00+00:00,25.0,pseudo_real_time
twentieth,union,economic_ml_hybrid,2025-03,0.11250874535189645,-0.4,0.5125087453518965,0.5125087453518965,0.2626652140621751,2025-02,2025-03-24T01:30:00+00:00,25.0,pseudo_real_time
twentieth,union,economic_ml_hybrid,2025-04,-0.39693531156466966,-0.4,0.003064688435330365,0.003064688435330365,9.392315205647681e-06,2025-03,2025-04-24T01:30:00+00:00,25.0,pseudo_real_time
twentieth,union,economic_ml_hybrid,2025-05,-0.2898306263317094,-0.4,0.1101693736682906,0.1101693736682906,0.012137290894463443,2025-04,2025-05-24T01:30:00+00:00,25.0,pseudo_real_time
twentieth,union,economic_ml_hybrid,2025-06,-0.28128551824092574,-0.4,0.11871448175907429,0.11871448175907429,0.014093128179325582,2025-05,2025-06-24T01:30:00+00:00,25.0,pseudo_real_time
twentieth,union,economic_ml_hybrid,2025-07,-0.05353467600156679,-0.2,0.1464653239984332,0.1464653239984332,0.021452091133966015,2025-06,2025-07-24T01:30:00+00:00,25.0,pseudo_real_time
twentieth,union,economic_ml_hybrid,2025-08,0.21448170188182175,0.0,0.21448170188182175,0.21448170188182175,0.04600240044212266,2025-07,2025-08-24T01:30:00+00:00,25.0,pseudo_real_time
twentieth,union,economic_ml_hybrid,2025-09,-0.23865666619388204,0.0,-0.23865666619388204,0.23865666619388204,0.05695700431877804,2025-08,2025-09-24T01:30:00+00:00,25.0,pseudo_real_time
twentieth,union,economic_ml_hybrid,2025-10,-0.25442882046802007,0.1,-0.35442882046802004,0.35442882046802004,0.12561978877835198,2025-09,2025-10-24T01:30:00+00:00,25.0,pseudo_real_time
twentieth,union,economic_ml_hybrid,2025-11,0.20020525099342762,0.1,0.10020525099342761,0.10020525099342761,0.010041092326655825,2025-10,2025-11-24T01:30:00+00:00,25.0,pseudo_real_time
twentieth,union,economic_ml_hybrid,2025-12,-0.06155274314690814,0.2,-0.26155274314690813,0.26155274314690813,0.0684098374476725,2025-11,2025-12-24T01:30:00+00:00,25.0,pseudo_real_time
twentieth,union,economic_ml_hybrid,2026-01,-0.031379288772503955,0.4,-0.431379288772504,0.431379288772504,0.18608809078187138,2025-12,2026-01-24T01:30:00+00:00,25.0,pseudo_real_time
twentieth,union,economic_ml_hybrid,2026-04,0.8135493830527121,1.7,-0.8864506169472879,0.8864506169472879,0.7857946962862273,2026-01,2026-04-24T01:30:00+00:00,25.0,pseudo_real_time
twentieth,union,economic_ml_hybrid,2026-05,0.2627476181615488,0.5,-0.2372523818384512,0.2372523818384512,0.056288692688018255,2026-04,2026-05-24T01:30:00+00:00,25.0,pseudo_real_time
twentieth,union,economic_ml_hybrid,2026-06,0.11010032626999743,-0.3,0.41010032626999743,0.41010032626999743,0.16818227760675833,2026-05,2026-06-24T01:30:00+00:00,25.0,pseudo_real_time
twentieth,union,economic_ml_hybrid,2026-07,0.01138741342212396,-0.7,0.7113874134221239,0.7113874134221239,0.5060720519754198,2026-06,2026-07-24T01:30:00+00:00,25.0,pseudo_real_time
twentieth,union,economic_ml_hybrid,2026-08,0.3905663210381787,0.4,-0.009433678961821346,0.009433678961821346,8.899429875471066e-05,2026-07,2026-08-24T01:30:00+00:00,25.0,pseudo_real_time
twentieth,union,direct_tracker,2016-04,2.6720095188473745,0.7,1.9720095188473745,1.9720095188473745,3.8888215424246537,2016-03,2016-04-25T01:30:00+00:00,0.0,pseudo_real_time
twentieth,union,direct_tracker,2016-05,0.8036734367956859,0.5,0.3036734367956859,0.3036734367956859,0.09221755621530345,2016-04,2016-05-24T01:30:00+00:00,0.0,pseudo_real_time
twentieth,union,direct_tracker,2016-06,-1.0370431825505988,-0.2,-0.8370431825505988,0.8370431825505988,0.7006412894544352,2016-05,2016-06-24T01:30:00+00:00,0.0,pseudo_real_time
twentieth,union,direct_tracker,2016-07,1.594347884796115,0.2,1.394347884796115,1.394347884796115,1.9442060238354002,2016-06,2016-07-25T01:30:00+00:00,0.0,pseudo_real_time
twentieth,union,direct_tracker,2016-08,2.135611177552147,0.2,1.9356111775521472,1.9356111775521472,3.74659063066481,2016-07,2016-08-24T01:30:00+00:00,0.0,pseudo_real_time
twentieth,union,direct_tracker,2016-09,3.6331072086547027,0.5,3.1331072086547027,3.1331072086547027,9.816360780924063,2016-08,2016-09-26T01:30:00+00:00,0.0,pseudo_real_time
twentieth,union,direct_tracker,2016-10,4.809454899807368,0.7,4.109454899807368,4.109454899807368,16.887619573550783,2016-09,2016-10-24T01:30:00+00:00,0.0,pseudo_real_time
twentieth,union,direct_tracker,2016-11,8.339046306291136,1.5,6.839046306291136,6.839046306291136,46.77255437959443,2016-10,2016-11-24T01:30:00+00:00,0.0,pseudo_real_time
twentieth,union,direct_tracker,2016-12,6.607753030471191,1.6,5.007753030471191,5.007753030471191,25.0775904141934,2016-11,2016-12-26T01:30:00+00:00,0.0,pseudo_real_time
twentieth,union,direct_tracker,2017-01,-0.22697143865420805,0.8,-1.0269714386542081,1.0269714386542081,1.054670335811494,2016-12,2017-01-24T01:30:00+00:00,0.0,pseudo_real_time
twentieth,union,direct_tracker,2017-02,1.2305836154328422,0.6,0.6305836154328422,0.6305836154328422,0.39763569605235466,2017-01,2017-02-24T01:30:00+00:00,0.0,pseudo_real_time
twentieth,union,direct_tracker,2017-03,-2.049047615595254,0.3,-2.349047615595254,2.349047615595254,5.518024700333748,2017-02,2017-03-24T01:30:00+00:00,0.0,pseudo_real_time
twentieth,union,direct_tracker,2017-04,-2.7534426376933285,-0.4,-2.3534426376933286,2.3534426376933286,5.538692248912932,2017-03,2017-04-24T01:30:00+00:00,0.0,pseudo_real_time
twentieth,union,direct_tracker,2017-05,-2.204039718400305,-0.3,-1.9040397184003048,1.9040397184003048,3.625367249245912,2017-04,2017-05-24T01:30:00+00:00,0.0,pseudo_real_time
twentieth,union,direct_tracker,2017-06,-1.4971203537393944,-0.2,-1.2971203537393945,1.2971203537393945,1.682521212085012,2017-05,2017-06-26T01:30:00+00:00,0.0,pseudo_real_time
twentieth,union,direct_tracker,2017-07,2.1966751790396097,0.2,1.9966751790396098,1.9966751790396098,3.9867117705928576,2017-06,2017-07-24T01:30:00+00:00,0.0,pseudo_real_time
twentieth,union,direct_tracker,2017-08,4.065199497286437,0.9,3.165199497286437,3.165199497286437,10.018487857622311,2017-07,2017-08-24T01:30:00+00:00,0.0,pseudo_real_time
twentieth,union,direct_tracker,2017-09,4.843340449479172,1.0,3.8433404494791716,3.8433404494791716,14.771265810602761,2017-08,2017-09-25T01:30:00+00:00,0.0,pseudo_real_time
twentieth,union,direct_tracker,2017-10,1.2158408489228243,0.7,0.5158408489228243,0.5158408489228243,0.26609178141742007,2017-09,2017-10-24T01:30:00+00:00,0.0,pseudo_real_time
twentieth,union,direct_tracker,2017-11,0.523124433918599,0.5,0.023124433918598974,0.023124433918598974,0.0005347394440556508,2017-10,2017-11-24T01:30:00+00:00,0.0,pseudo_real_time
twentieth,union,direct_tracker,2017-12,2.9463105117454487,0.8,2.1463105117454484,2.1463105117454484,4.606648812829008,2017-11,2017-12-25T01:30:00+00:00,0.0,pseudo_real_time
twentieth,union,direct_tracker,2018-01,-1.0995777846020551,0.3,-1.3995777846020552,1.3995777846020552,1.9588179751515968,2017-12,2018-01-24T01:30:00+00:00,0.0,pseudo_real_time
twentieth,union,direct_tracker,2018-04,-0.9015831687457504,-0.2,-0.7015831687457503,0.7015831687457503,0.49221894266732796,2018-01,2018-04-24T01:30:00+00:00,0.0,pseudo_real_time
twentieth,union,direct_tracker,2018-05,1.8650241853000682,0.4,1.4650241853000683,1.4650241853000683,2.146295863514129,2018-04,2018-05-24T01:30:00+00:00,0.0,pseudo_real_time
twentieth,union,direct_tracker,2018-06,0.539386060639766,0.3,0.23938606063976603,0.23938606063976603,0.057305686028625735,2018-05,2018-06-25T01:30:00+00:00,0.0,pseudo_real_time
twentieth,union,direct_tracker,2018-07,0.3175962344134619,0.1,0.2175962344134619,0.2175962344134619,0.047348121230918264,2018-06,2018-07-24T01:30:00+00:00,0.0,pseudo_real_time
twentieth,union,direct_tracker,2018-08,2.5924623657714,0.4,2.1924623657714,2.1924623657714,4.806891225323925,2018-07,2018-08-24T01:30:00+00:00,0.0,pseudo_real_time
twentieth,union,direct_tracker,2018-09,2.503698572986465,0.6,1.9036985729864648,1.9036985729864648,3.6240682567907028,2018-08,2018-09-25T01:30:00+00:00,0.0,pseudo_real_time
twentieth,union,direct_tracker,2018-10,0.7095618950494279,0.4,0.3095618950494279,0.3095618950494279,0.095828566866593,2018-09,2018-10-24T01:30:00+00:00,0.0,pseudo_real_time
twentieth,union,direct_tracker,2018-11,-3.653059424189236,-0.2,-3.453059424189236,3.453059424189236,11.923619386982097,2018-10,2018-11-26T01:30:00+00:00,0.0,pseudo_real_time
twentieth,union,direct_tracker,2018-12,-3.426954734465615,-1.0,-2.426954734465615,2.426954734465615,5.890109283145063,2018-11,2018-12-24T01:30:00+00:00,0.0,pseudo_real_time
twentieth,union,direct_tracker,2019-01,-3.250313146339092,-0.6,-2.650313146339092,2.650313146339092,7.024159773657818,2018-12,2019-01-24T01:30:00+00:00,0.0,pseudo_real_time
twentieth,union,direct_tracker,2019-02,-0.345047205211512,-0.1,-0.245047205211512,0.245047205211512,0.06004813278197287,2019-01,2019-02-25T01:30:00+00:00,0.0,pseudo_real_time
twentieth,union,direct_tracker,2019-03,1.0601955942617398,0.1,0.9601955942617398,0.9601955942617398,0.9219755792396557,2019-02,2019-03-25T01:30:00+00:00,0.0,pseudo_real_time
twentieth,union,direct_tracker,2019-04,-0.721010191987195,0.3,-1.021010191987195,1.021010191987195,1.0424618121417288,2019-03,2019-04-24T01:30:00+00:00,0.0,pseudo_real_time
twentieth,union,direct_tracker,2019-07,-0.44076646090591237,-0.2,-0.24076646090591236,0.24076646090591236,0.057968488697158226,2019-04,2019-07-24T01:30:00+00:00,0.0,pseudo_real_time
twentieth,union,direct_tracker,2019-08,-0.832687461947771,-0.1,-0.732687461947771,0.732687461947771,0.5368309168954664,2019-07,2019-08-26T01:30:00+00:00,0.0,pseudo_real_time
twentieth,union,direct_tracker,2019-09,1.3050380237436183,0.1,1.2050380237436182,1.2050380237436182,1.452116638667925,2019-08,2019-09-24T01:30:00+00:00,0.0,pseudo_real_time
twentieth,union,direct_tracker,2019-10,-0.10452297812909803,0.1,-0.20452297812909803,0.20452297812909803,0.04182964858279551,2019-09,2019-10-24T01:30:00+00:00,0.0,pseudo_real_time
twentieth,union,direct_tracker,2019-11,-1.764876540132666,-0.1,-1.664876540132666,1.664876540132666,2.7718138938841164,2019-10,2019-11-25T01:30:00+00:00,0.0,pseudo_real_time
twentieth,union,direct_tracker,2019-12,0.677267703508546,0.0,0.677267703508546,0.677267703508546,0.4586915422157398,2019-11,2019-12-24T01:30:00+00:00,0.0,pseudo_real_time
twentieth,union,direct_tracker,2020-01,-0.7992055622244544,0.0,-0.7992055622244544,0.7992055622244544,0.6387295306905062,2019-12,2020-01-23T01:30:00+00:00,0.0,pseudo_real_time
twentieth,union,direct_tracker,2020-02,-2.8501061752575323,-0.5,-2.3501061752575323,2.3501061752575323,5.522999034983587,2020-01,2020-02-24T01:30:00+00:00,0.0,pseudo_real_time
twentieth,union,direct_tracker,2020-03,-3.964287226627275,-1.0,-2.964287226627275,2.964287226627275,8.78699876194562,2020-02,2020-03-24T01:30:00+00:00,0.0,pseudo_real_time
twentieth,union,direct_tracker,2020-04,-3.544523983373592,-1.3,-2.2445239833735924,2.2445239833735924,5.037887911939259,2020-03,2020-04-24T01:30:00+00:00,0.0,pseudo_real_time
twentieth,union,direct_tracker,2020-05,-1.3323237758265718,-0.4,-0.9323237758265718,0.9323237758265718,0.8692276229715157,2020-04,2020-05-25T01:30:00+00:00,0.0,pseudo_real_time
twentieth,union,direct_tracker,2020-06,1.6026823963565886,0.4,1.2026823963565887,1.2026823963565887,1.4464449465060267,2020-05,2020-06-24T01:30:00+00:00,0.0,pseudo_real_time
twentieth,union,direct_tracker,2020-07,1.165242187150381,0.4,0.7652421871503811,0.7652421871503811,0.5855956049946989,2020-06,2020-07-24T01:30:00+00:00,0.0,pseudo_real_time
twentieth,union,direct_tracker,2020-08,1.4229684849932405,0.3,1.1229684849932404,1.1229684849932404,1.2610582182880137,2020-07,2020-08-24T01:30:00+00:00,0.0,pseudo_real_time
twentieth,union,direct_tracker,2020-09,2.1144760642343394,0.1,2.0144760642343393,2.0144760642343393,4.058113813373074,2020-08,2020-09-24T01:30:00+00:00,0.0,pseudo_real_time
twentieth,union,direct_tracker,2020-10,2.530103840973186,0.0,2.530103840973186,2.530103840973186,6.40142544610727,2020-09,2020-10-26T01:30:00+00:00,0.0,pseudo_real_time
twentieth,union,direct_tracker,2020-11,4.711715653564547,0.5,4.211715653564547,4.211715653564547,17.738548746480642,2020-10,2020-11-24T01:30:00+00:00,0.0,pseudo_real_time
twentieth,union,direct_tracker,2020-12,5.933045180784628,1.1,4.833045180784628,4.833045180784628,23.358325719505522,2020-11,2020-12-24T01:30:00+00:00,0.0,pseudo_real_time
twentieth,union,direct_tracker,2021-01,5.5271500033522205,1.0,4.5271500033522205,4.5271500033522205,20.49508715285201,2020-12,2021-01-25T01:30:00+00:00,0.0,pseudo_real_time
twentieth,union,direct_tracker,2021-04,1.8561077899864835,0.9,0.9561077899864835,0.9561077899864835,0.9141421060728376,2021-01,2021-04-25T01:30:00+00:00,0.0,pseudo_real_time
twentieth,union,direct_tracker,2021-05,7.573531527841255,1.6,5.973531527841255,5.973531527841255,35.68307891411347,2021-04,2021-05-24T01:30:00+00:00,0.0,pseudo_real_time
twentieth,union,direct_tracker,2021-06,-2.3928708497706856,0.3,-2.6928708497706855,2.6928708497706855,7.251553413544694,2021-05,2021-06-24T01:30:00+00:00,0.0,pseudo_real_time
twentieth,union,direct_tracker,2021-07,3.159255836572145,0.5,2.659255836572145,2.659255836572145,7.071641604343018,2021-06,2021-07-26T01:30:00+00:00,0.0,pseudo_real_time
twentieth,union,direct_tracker,2021-08,2.635967116065148,0.7,1.9359671160651482,1.9359671160651482,3.7479686744856067,2021-07,2021-08-24T01:30:00+00:00,0.0,pseudo_real_time
twentieth,union,direct_tracker,2021-09,6.108467987688137,1.2,4.9084679876881365,4.9084679876881365,24.093057986159224,2021-08,2021-09-24T01:30:00+00:00,0.0,pseudo_real_time
twentieth,union,direct_tracker,2021-10,13.68955047581459,2.5,11.18955047581459,11.18955047581459,125.20603985080253,2021-09,2021-10-25T01:30:00+00:00,0.0,pseudo_real_time
twentieth,union,direct_tracker,2021-11,-11.562377570929588,0.0,-11.562377570929588,11.562377570929588,133.6885750927356,2021-10,2021-11-24T01:30:00+00:00,0.0,pseudo_real_time
twentieth,union,direct_tracker,2021-12,-5.555963874500706,-1.2,-4.355963874500706,4.355963874500706,18.974421275955198,2021-11,2021-12-24T01:30:00+00:00,0.0,pseudo_real_time
twentieth,union,direct_tracker,2022-01,-1.0305243475321813,-0.2,-0.8305243475321813,0.8305243475321813,0.6897706918437555,2021-12,2022-01-24T01:30:00+00:00,0.0,pseudo_real_time
twentieth,union,direct_tracker,2022-02,3.7290597529986327,0.5,3.2290597529986327,3.2290597529986327,10.42682688843559,2022-01,2022-02-24T01:30:00+00:00,0.0,pseudo_real_time
twentieth,union,direct_tracker,2022-03,7.057861931482959,1.1,5.9578619314829595,5.9578619314829595,35.496118794613864,2022-02,2022-03-24T01:30:00+00:00,0.0,pseudo_real_time
twentieth,union,direct_tracker,2022-04,-0.8228516490705556,0.6,-1.4228516490705556,1.4228516490705556,2.0245068152627996,2022-03,2022-04-24T01:30:00+00:00,0.0,pseudo_real_time
twentieth,union,direct_tracker,2022-05,0.42669265666863654,0.1,0.32669265666863656,0.32669265666863656,0.10672809192121165,2022-04,2022-05-24T01:30:00+00:00,0.0,pseudo_real_time
twentieth,union,direct_tracker,2022-06,-0.21547591134846059,0.0,-0.21547591134846059,0.21547591134846059,0.04642986837144965,2022-05,2022-06-24T01:30:00+00:00,0.0,pseudo_real_time
twentieth,union,direct_tracker,2022-07,-7.305052790067585,-1.3,-6.005052790067585,6.005052790067585,36.06065901149849,2022-06,2022-07-24T01:30:00+00:00,0.0,pseudo_real_time
twentieth,union,direct_tracker,2022-08,-3.5697849213496538,-1.2,-2.3697849213496536,2.3697849213496536,5.615880573456184,2022-07,2022-08-24T01:30:00+00:00,0.0,pseudo_real_time
twentieth,union,direct_tracker,2022-09,2.130403980815816,-0.1,2.230403980815816,2.230403980815816,4.974701917639039,2022-08,2022-09-24T01:30:00+00:00,0.0,pseudo_real_time
twentieth,union,direct_tracker,2022-10,2.0805298993429293,0.2,1.8805298993429294,1.8805298993429294,3.536392702322728,2022-09,2022-10-24T01:30:00+00:00,0.0,pseudo_real_time
twentieth,union,direct_tracker,2022-11,-3.342507709212232,0.1,-3.442507709212232,3.442507709212232,11.85085932798565,2022-10,2022-11-24T01:30:00+00:00,0.0,pseudo_real_time
twentieth,union,direct_tracker,2022-12,-1.34326529880934,-0.5,-0.8432652988093401,0.8432652988093401,0.7110963641760056,2022-11,2022-12-24T01:30:00+00:00,0.0,pseudo_real_time
twentieth,union,direct_tracker,2023-01,-1.8728213367798725,-0.4,-1.4728213367798726,1.4728213367798726,2.169202690074051,2022-12,2023-01-24T01:30:00+00:00,0.0,pseudo_real_time
twentieth,union,direct_tracker,2023-02,-2.4691202066021325,0.0,-2.4691202066021325,2.4691202066021325,6.096554594650957,2023-01,2023-02-24T01:30:00+00:00,0.0,pseudo_real_time
twentieth,union,direct_tracker,2023-03,-0.238662792726018,0.0,-0.238662792726018,0.238662792726018,0.05695992863178224,2023-02,2023-03-24T01:30:00+00:00,0.0,pseudo_real_time
twentieth,union,direct_tracker,2023-04,-2.8120411710387394,-0.5,-2.3120411710387394,2.3120411710387394,5.345534376578185,2023-03,2023-04-24T01:30:00+00:00,0.0,pseudo_real_time
twentieth,union,direct_tracker,2023-05,-5.249791888425819,-0.9,-4.349791888425819,4.349791888425819,18.920689472615052,2023-04,2023-05-24T01:30:00+00:00,0.0,pseudo_real_time
twentieth,union,direct_tracker,2023-06,-4.58309597740284,-0.8,-3.78309597740284,3.78309597740284,14.311815174241548,2023-05,2023-06-24T01:30:00+00:00,0.0,pseudo_real_time
twentieth,union,direct_tracker,2023-07,2.3169474037693845,-0.2,2.5169474037693846,2.5169474037693846,6.3350242333414455,2023-06,2023-07-24T01:30:00+00:00,0.0,pseudo_real_time
twentieth,union,direct_tracker,2023-08,4.048038171445785,0.2,3.8480381714457845,3.8480381714457845,14.807397768903817,2023-07,2023-08-24T01:30:00+00:00,0.0,pseudo_real_time
twentieth,union,direct_tracker,2023-09,4.786223108679501,0.4,4.3862231086795,4.3862231086795,19.23895315911406,2023-08,2023-09-24T01:30:00+00:00,0.0,pseudo_real_time
twentieth,union,direct_tracker,2023-10,-0.7050174714395356,0.0,-0.7050174714395356,0.7050174714395356,0.49704963503499644,2023-09,2023-10-24T01:30:00+00:00,0.0,pseudo_real_time
twentieth,union,direct_tracker,2023-11,-1.6895543406616043,-0.3,-1.3895543406616042,1.3895543406616042,1.9308612656515056,2023-10,2023-11-24T01:30:00+00:00,0.0,pseudo_real_time
twentieth,union,direct_tracker,2023-12,-0.8207314636869865,-0.3,-0.5207314636869864,0.5207314636869864,0.27116125727359125,2023-11,2023-12-24T01:30:00+00:00,0.0,pseudo_real_time
twentieth,union,direct_tracker,2024-01,-2.22582778443589,-0.2,-2.0258277844358896,2.0258277844358896,4.103978212192425,2023-12,2024-01-24T01:30:00+00:00,0.0,pseudo_real_time
twentieth,union,direct_tracker,2024-04,-0.45348251217236885,-0.2,-0.25348251217236883,0.25348251217236883,0.06425338397721511,2024-01,2024-04-24T01:30:00+00:00,0.0,pseudo_real_time
twentieth,union,direct_tracker,2024-05,1.3887120719161021,0.2,1.1887120719161022,1.1887120719161022,1.4130363899190725,2024-04,2024-05-24T01:30:00+00:00,0.0,pseudo_real_time
twentieth,union,direct_tracker,2024-06,1.1311129674632683,0.1,1.0311129674632682,1.0311129674632682,1.0631939516709068,2024-05,2024-06-24T01:30:00+00:00,0.0,pseudo_real_time
twentieth,union,direct_tracker,2024-07,-0.9525203208418707,-0.2,-0.7525203208418707,0.7525203208418707,0.566286833279952,2024-06,2024-07-24T01:30:00+00:00,0.0,pseudo_real_time
twentieth,union,direct_tracker,2024-08,-2.8510708899811616,-0.7,-2.1510708899811615,2.1510708899811615,4.627105973724346,2024-07,2024-08-24T01:30:00+00:00,0.0,pseudo_real_time
twentieth,union,direct_tracker,2024-09,-1.1596746310355632,-0.6,-0.5596746310355633,0.5596746310355633,0.31323569262479384,2024-08,2024-09-24T01:30:00+00:00,0.0,pseudo_real_time
twentieth,union,direct_tracker,2024-10,1.7827761396180233,-0.1,1.8827761396180234,1.8827761396180234,3.5448459919149466,2024-09,2024-10-24T01:30:00+00:00,0.0,pseudo_real_time
twentieth,union,direct_tracker,2024-11,-1.6594192520825743,-0.1,-1.5594192520825743,1.5594192520825743,2.431788403765775,2024-10,2024-11-24T01:30:00+00:00,0.0,pseudo_real_time
twentieth,union,direct_tracker,2024-12,-0.6981663923791093,-0.1,-0.5981663923791093,0.5981663923791093,0.3578030329718385,2024-11,2024-12-24T01:30:00+00:00,0.0,pseudo_real_time
twentieth,union,direct_tracker,2025-01,-0.7622281368512459,-0.2,-0.5622281368512458,0.5622281368512458,0.31610047786722323,2024-12,2025-01-24T01:30:00+00:00,0.0,pseudo_real_time
twentieth,union,direct_tracker,2025-02,-0.22941678377590546,-0.1,-0.12941678377590546,0.12941678377590546,0.016748703922899465,2025-01,2025-02-24T01:30:00+00:00,0.0,pseudo_real_time
twentieth,union,direct_tracker,2025-03,-1.1036526636040551,-0.4,-0.7036526636040551,0.7036526636040551,0.49512707099708153,2025-02,2025-03-24T01:30:00+00:00,0.0,pseudo_real_time
twentieth,union,direct_tracker,2025-04,-2.5313105931102675,-0.4,-2.1313105931102676,2.1313105931102676,4.542484844304041,2025-03,2025-04-24T01:30:00+00:00,0.0,pseudo_real_time
twentieth,union,direct_tracker,2025-05,-1.2024506961422377,-0.4,-0.8024506961422376,0.8024506961422376,0.6439271197391618,2025-04,2025-05-24T01:30:00+00:00,0.0,pseudo_real_time
twentieth,union,direct_tracker,2025-06,-1.5105618917930737,-0.4,-1.1105618917930737,1.1105618917930737,1.2333477155030108,2025-05,2025-06-24T01:30:00+00:00,0.0,pseudo_real_time
twentieth,union,direct_tracker,2025-07,0.24279515880364783,-0.2,0.44279515880364784,0.44279515880364784,0.1960675526599477,2025-06,2025-07-24T01:30:00+00:00,0.0,pseudo_real_time
twentieth,union,direct_tracker,2025-08,2.1246596705787444,0.0,2.1246596705787444,2.1246596705787444,4.514178715783778,2025-07,2025-08-24T01:30:00+00:00,0.0,pseudo_real_time
twentieth,union,direct_tracker,2025-09,-1.1364302885817346,0.0,-1.1364302885817346,1.1364302885817346,1.2914738008059645,2025-08,2025-09-24T01:30:00+00:00,0.0,pseudo_real_time
twentieth,union,direct_tracker,2025-10,-1.1142852724464152,0.1,-1.2142852724464153,1.2142852724464153,1.474488722880265,2025-09,2025-10-24T01:30:00+00:00,0.0,pseudo_real_time
twentieth,union,direct_tracker,2025-11,2.2270344882491537,0.1,2.1270344882491536,2.1270344882491536,4.524275714201339,2025-10,2025-11-24T01:30:00+00:00,0.0,pseudo_real_time
twentieth,union,direct_tracker,2025-12,-1.1816847016017067,0.2,-1.3816847016017066,1.3816847016017066,1.9090526146401972,2025-11,2025-12-24T01:30:00+00:00,0.0,pseudo_real_time
twentieth,union,direct_tracker,2026-01,0.21279110238483787,0.4,-0.18720889761516216,0.18720889761516216,0.03504717134628427,2025-12,2026-01-24T01:30:00+00:00,0.0,pseudo_real_time
twentieth,union,direct_tracker,2026-04,3.5531861911114273,1.7,1.8531861911114274,1.8531861911114274,3.43429905892608,2026-01,2026-04-24T01:30:00+00:00,0.0,pseudo_real_time
twentieth,union,direct_tracker,2026-05,-0.30911291974752053,0.5,-0.8091129197475205,0.8091129197475205,0.6546637169023576,2026-04,2026-05-24T01:30:00+00:00,0.0,pseudo_real_time
twentieth,union,direct_tracker,2026-06,-0.9944191151189092,-0.3,-0.6944191151189092,0.6944191151189092,0.48221790744252885,2026-05,2026-06-24T01:30:00+00:00,0.0,pseudo_real_time
twentieth,union,direct_tracker,2026-07,-0.9877317464425852,-0.7,-0.28773174644258526,0.28773174644258526,0.08278955791090017,2026-06,2026-07-24T01:30:00+00:00,0.0,pseudo_real_time
twentieth,union,direct_tracker,2026-08,0.9281450270690671,0.4,0.5281450270690671,0.5281450270690671,0.2789371696177856,2026-07,2026-08-24T01:30:00+00:00,0.0,pseudo_real_time
twentieth,stable,ridge,2016-04,0.08329269860624511,0.7,-0.6167073013937548,0.6167073013937548,0.38032789559236757,2016-03,2016-04-25T01:30:00+00:00,5.0,pseudo_real_time
twentieth,stable,ridge,2016-05,0.1773624984691453,0.5,-0.3226375015308547,0.3226375015308547,0.10409495739407226,2016-04,2016-05-24T01:30:00+00:00,5.0,pseudo_real_time
twentieth,stable,ridge,2016-06,-0.34141813215693695,-0.2,-0.14141813215693694,0.14141813215693694,0.01999908810275688,2016-05,2016-06-24T01:30:00+00:00,5.0,pseudo_real_time
twentieth,stable,ridge,2016-07,-0.22512348381011305,0.2,-0.42512348381011306,0.42512348381011306,0.18072997648684747,2016-06,2016-07-25T01:30:00+00:00,5.0,pseudo_real_time
twentieth,stable,ridge,2016-08,0.4217196420642928,0.2,0.2217196420642928,0.2217196420642928,0.04915959967711811,2016-07,2016-08-24T01:30:00+00:00,5.0,pseudo_real_time
twentieth,stable,ridge,2016-09,0.49563567736332514,0.5,-0.0043643226366748555,0.0043643226366748555,1.9047312076992563e-05,2016-08,2016-09-26T01:30:00+00:00,5.0,pseudo_real_time
twentieth,stable,ridge,2016-10,0.7159838415994835,0.7,0.015983841599483517,0.015983841599483517,0.0002554831922773798,2016-09,2016-10-24T01:30:00+00:00,5.0,pseudo_real_time
twentieth,stable,ridge,2016-11,1.0993058993489402,1.5,-0.4006941006510598,0.4006941006510598,0.16055576229656165,2016-10,2016-11-24T01:30:00+00:00,5.0,pseudo_real_time
twentieth,stable,ridge,2016-12,0.7227369590135122,1.6,-0.8772630409864879,0.8772630409864879,0.7695904430808603,2016-11,2016-12-26T01:30:00+00:00,5.0,pseudo_real_time
twentieth,stable,ridge,2017-01,0.027319208550248067,0.8,-0.772680791449752,0.772680791449752,0.5970356054754151,2016-12,2017-01-24T01:30:00+00:00,5.0,pseudo_real_time
twentieth,stable,ridge,2017-02,0.6012116105849498,0.6,0.001211610584949785,0.001211610584949785,1.46800020956236e-06,2017-01,2017-02-24T01:30:00+00:00,5.0,pseudo_real_time
twentieth,stable,ridge,2017-03,0.043361652447428,0.3,-0.256638347552572,0.256638347552572,0.06586324143451473,2017-02,2017-03-24T01:30:00+00:00,5.0,pseudo_real_time
twentieth,stable,ridge,2017-04,-0.5370320226499534,-0.4,-0.1370320226499534,0.1370320226499534,0.01877777523153734,2017-03,2017-04-24T01:30:00+00:00,5.0,pseudo_real_time
twentieth,stable,ridge,2017-05,-0.18191433815191657,-0.3,0.11808566184808342,0.11808566184808342,0.013944223534099904,2017-04,2017-05-24T01:30:00+00:00,5.0,pseudo_real_time
twentieth,stable,ridge,2017-06,-0.3568382762052611,-0.2,-0.15683827620526108,0.15683827620526108,0.024598244883037766,2017-05,2017-06-26T01:30:00+00:00,5.0,pseudo_real_time
twentieth,stable,ridge,2017-07,0.10230033880248404,0.2,-0.09769966119751597,0.09769966119751597,0.009545223798109407,2017-06,2017-07-24T01:30:00+00:00,5.0,pseudo_real_time
twentieth,stable,ridge,2017-08,0.6402585202212261,0.9,-0.25974147977877393,0.25974147977877393,0.06746563631766722,2017-07,2017-08-24T01:30:00+00:00,5.0,pseudo_real_time
twentieth,stable,ridge,2017-09,1.1834777105297714,1.0,0.18347771052977135,0.18347771052977135,0.03366407026124657,2017-08,2017-09-25T01:30:00+00:00,5.0,pseudo_real_time
twentieth,stable,ridge,2017-10,0.22989234220401877,0.7,-0.4701076577959812,0.4701076577959812,0.22100120991842334,2017-09,2017-10-24T01:30:00+00:00,5.0,pseudo_real_time
twentieth,stable,ridge,2017-11,0.09585674773188292,0.5,-0.4041432522681171,0.4041432522681171,0.16333176835385094,2017-10,2017-11-24T01:30:00+00:00,25.0,pseudo_real_time
twentieth,stable,ridge,2017-12,0.8991538474367509,0.8,0.09915384743675082,0.09915384743675082,0.009831485461510458,2017-11,2017-12-25T01:30:00+00:00,5.0,pseudo_real_time
twentieth,stable,ridge,2018-01,-0.13747618766650269,0.3,-0.43747618766650265,0.43747618766650265,0.19138541477521703,2017-12,2018-01-24T01:30:00+00:00,25.0,pseudo_real_time
twentieth,stable,ridge,2018-04,-0.009161016814593234,-0.2,0.19083898318540676,0.19083898318540676,0.03641951750323996,2018-01,2018-04-24T01:30:00+00:00,5.0,pseudo_real_time
twentieth,stable,ridge,2018-05,0.03129264428157703,0.4,-0.368707355718423,0.368707355718423,0.1359451141608717,2018-04,2018-05-24T01:30:00+00:00,5.0,pseudo_real_time
twentieth,stable,ridge,2018-06,0.07987662639796911,0.3,-0.22012337360203088,0.22012337360203088,0.04845429960593926,2018-05,2018-06-25T01:30:00+00:00,25.0,pseudo_real_time
twentieth,stable,ridge,2018-07,-0.10546600267098946,0.1,-0.20546600267098947,0.20546600267098947,0.04221627825359505,2018-06,2018-07-24T01:30:00+00:00,5.0,pseudo_real_time
twentieth,stable,ridge,2018-08,0.30056458813893744,0.4,-0.09943541186106258,0.09943541186106258,0.009887401131979145,2018-07,2018-08-24T01:30:00+00:00,5.0,pseudo_real_time
twentieth,stable,ridge,2018-09,0.4591752323749166,0.6,-0.1408247676250834,0.1408247676250834,0.019831615176658737,2018-08,2018-09-25T01:30:00+00:00,5.0,pseudo_real_time
twentieth,stable,ridge,2018-10,0.28215817334395227,0.4,-0.11784182665604775,0.11784182665604775,0.013886696109634007,2018-09,2018-10-24T01:30:00+00:00,5.0,pseudo_real_time
twentieth,stable,ridge,2018-11,-0.47635122923349416,-0.2,-0.27635122923349414,0.27635122923349414,0.07637000189886323,2018-10,2018-11-26T01:30:00+00:00,5.0,pseudo_real_time
twentieth,stable,ridge,2018-12,-0.7356101566492613,-1.0,0.2643898433507387,0.2643898433507387,0.06990198926702813,2018-11,2018-12-24T01:30:00+00:00,5.0,pseudo_real_time
twentieth,stable,ridge,2019-01,-0.6527927091086212,-0.6,-0.052792709108621216,0.052792709108621216,0.0027870701350274974,2018-12,2019-01-24T01:30:00+00:00,5.0,pseudo_real_time
twentieth,stable,ridge,2019-02,0.05512737710321872,-0.1,0.15512737710321872,0.15512737710321872,0.02406450312692423,2019-01,2019-02-25T01:30:00+00:00,5.0,pseudo_real_time
twentieth,stable,ridge,2019-03,0.1138960175658924,0.1,0.013896017565892399,0.013896017565892399,0.00019309930419159012,2019-02,2019-03-25T01:30:00+00:00,5.0,pseudo_real_time
twentieth,stable,ridge,2019-04,-0.002150537629968946,0.3,-0.3021505376299689,0.3021505376299689,0.09129494739007926,2019-03,2019-04-24T01:30:00+00:00,5.0,pseudo_real_time
twentieth,stable,ridge,2019-07,-0.0626204737889642,-0.2,0.13737952621103583,0.13737952621103583,0.01887313422196868,2019-04,2019-07-24T01:30:00+00:00,5.0,pseudo_real_time
twentieth,stable,ridge,2019-08,-0.3065591357856072,-0.1,-0.20655913578560717,0.20655913578560717,0.0426666765764969,2019-07,2019-08-26T01:30:00+00:00,5.0,pseudo_real_time
twentieth,stable,ridge,2019-09,0.03328704417463303,0.1,-0.06671295582536697,0.06671295582536697,0.004450618474957365,2019-08,2019-09-24T01:30:00+00:00,5.0,pseudo_real_time
twentieth,stable,ridge,2019-10,0.032204252490973195,0.1,-0.06779574750902681,0.06779574750902681,0.004596263380307715,2019-09,2019-10-24T01:30:00+00:00,5.0,pseudo_real_time
twentieth,stable,ridge,2019-11,-0.26946998465599314,-0.1,-0.16946998465599314,0.16946998465599314,0.02872007569930255,2019-10,2019-11-25T01:30:00+00:00,5.0,pseudo_real_time
twentieth,stable,ridge,2019-12,-0.07101767519057148,0.0,-0.07101767519057148,0.07101767519057148,0.005043510189473512,2019-11,2019-12-24T01:30:00+00:00,5.0,pseudo_real_time
twentieth,stable,ridge,2020-01,-0.18440837655149556,0.0,-0.18440837655149556,0.18440837655149556,0.03400644934235818,2019-12,2020-01-23T01:30:00+00:00,5.0,pseudo_real_time
twentieth,stable,ridge,2020-02,-0.2933327652883745,-0.5,0.2066672347116255,0.2066672347116255,0.04271134590335011,2020-01,2020-02-24T01:30:00+00:00,5.0,pseudo_real_time
twentieth,stable,ridge,2020-03,-0.46345766727699444,-1.0,0.5365423327230056,0.5365423327230056,0.2878776748038444,2020-02,2020-03-24T01:30:00+00:00,5.0,pseudo_real_time
twentieth,stable,ridge,2020-04,-0.6252737882454908,-1.3,0.6747262117545092,0.6747262117545092,0.4552554608285908,2020-03,2020-04-24T01:30:00+00:00,5.0,pseudo_real_time
twentieth,stable,ridge,2020-05,-0.39373243227561977,-0.4,0.006267567724380252,0.006267567724380252,3.928240517969305e-05,2020-04,2020-05-25T01:30:00+00:00,5.0,pseudo_real_time
twentieth,stable,ridge,2020-06,0.04229976872033303,0.4,-0.357700231279667,0.357700231279667,0.12794945545752726,2020-05,2020-06-24T01:30:00+00:00,5.0,pseudo_real_time
twentieth,stable,ridge,2020-07,0.2158288611689344,0.4,-0.18417113883106562,0.18417113883106562,0.033919008378331644,2020-06,2020-07-24T01:30:00+00:00,5.0,pseudo_real_time
twentieth,stable,ridge,2020-08,0.6095823185248509,0.3,0.3095823185248509,0.3095823185248509,0.09584121194322225,2020-07,2020-08-24T01:30:00+00:00,5.0,pseudo_real_time
twentieth,stable,ridge,2020-09,0.7411179435819087,0.1,0.6411179435819088,0.6411179435819088,0.41103221758269554,2020-08,2020-09-24T01:30:00+00:00,5.0,pseudo_real_time
twentieth,stable,ridge,2020-10,0.45372813020917196,0.0,0.45372813020917196,0.45372813020917196,0.20586921614311132,2020-09,2020-10-26T01:30:00+00:00,5.0,pseudo_real_time
twentieth,stable,ridge,2020-11,0.4557772633199239,0.5,-0.04422273668007609,0.04422273668007609,0.0019556504394753474,2020-10,2020-11-24T01:30:00+00:00,5.0,pseudo_real_time
twentieth,stable,ridge,2020-12,1.659846279381779,1.1,0.5598462793817789,0.5598462793817789,0.31342785653762084,2020-11,2020-12-24T01:30:00+00:00,5.0,pseudo_real_time
twentieth,stable,ridge,2021-01,1.3425496679075424,1.0,0.3425496679075424,0.3425496679075424,0.11734027498356757,2020-12,2021-01-25T01:30:00+00:00,5.0,pseudo_real_time
twentieth,stable,ridge,2021-04,0.7157299502866219,0.9,-0.18427004971337813,0.18427004971337813,0.03395545122137084,2021-01,2021-04-25T01:30:00+00:00,5.0,pseudo_real_time
twentieth,stable,ridge,2021-05,1.482786156062277,1.6,-0.11721384393772305,0.11721384393772305,0.013739085210656895,2021-04,2021-05-24T01:30:00+00:00,5.0,pseudo_real_time
twentieth,stable,ridge,2021-06,-0.4531660138611543,0.3,-0.7531660138611542,0.7531660138611542,0.5672590444355003,2021-05,2021-06-24T01:30:00+00:00,5.0,pseudo_real_time
twentieth,stable,ridge,2021-07,-0.01624793911949232,0.5,-0.5162479391194923,0.5162479391194923,0.266511934645123,2021-06,2021-07-26T01:30:00+00:00,5.0,pseudo_real_time
twentieth,stable,ridge,2021-08,0.4299954895542456,0.7,-0.27000451044575435,0.27000451044575435,0.07290243566105147,2021-07,2021-08-24T01:30:00+00:00,25.0,pseudo_real_time
twentieth,stable,ridge,2021-09,0.8628591966907309,1.2,-0.3371408033092691,0.3371408033092691,0.11366392125601928,2021-08,2021-09-24T01:30:00+00:00,25.0,pseudo_real_time
twentieth,stable,ridge,2021-10,2.3759024968472433,2.5,-0.1240975031527567,0.1240975031527567,0.015400190288748457,2021-09,2021-10-25T01:30:00+00:00,25.0,pseudo_real_time
twentieth,stable,ridge,2021-11,-1.6162137387862552,0.0,-1.6162137387862552,1.6162137387862552,2.6121468494414457,2021-10,2021-11-24T01:30:00+00:00,25.0,pseudo_real_time
twentieth,stable,ridge,2021-12,-0.7837265388811383,-1.2,0.41627346111886165,0.41627346111886165,0.17328359443187644,2021-11,2021-12-24T01:30:00+00:00,25.0,pseudo_real_time
twentieth,stable,ridge,2022-01,-0.047322054615865944,-0.2,0.15267794538413407,0.15267794538413407,0.023310555006720624,2021-12,2022-01-24T01:30:00+00:00,25.0,pseudo_real_time
twentieth,stable,ridge,2022-02,0.39174255847417405,0.5,-0.10825744152582595,0.10825744152582595,0.011719673645717625,2022-01,2022-02-24T01:30:00+00:00,25.0,pseudo_real_time
twentieth,stable,ridge,2022-03,0.49046269635785933,1.1,-0.6095373036421408,0.6095373036421408,0.3715357245313313,2022-02,2022-03-24T01:30:00+00:00,25.0,pseudo_real_time
twentieth,stable,ridge,2022-04,0.19843880869243624,0.6,-0.40156119130756374,0.40156119130756374,0.1612513903643498,2022-03,2022-04-24T01:30:00+00:00,25.0,pseudo_real_time
twentieth,stable,ridge,2022-05,-0.21174603120807686,0.1,-0.31174603120807687,0.31174603120807687,0.09718558797398724,2022-04,2022-05-24T01:30:00+00:00,25.0,pseudo_real_time
twentieth,stable,ridge,2022-06,-0.310374989940962,0.0,-0.310374989940962,0.310374989940962,0.09633263438085228,2022-05,2022-06-24T01:30:00+00:00,25.0,pseudo_real_time
twentieth,stable,ridge,2022-07,-1.2838451088931295,-1.3,0.016154891106870517,0.016154891106870517,0.00026098050667484413,2022-06,2022-07-24T01:30:00+00:00,25.0,pseudo_real_time
twentieth,stable,ridge,2022-08,-0.32675035433549526,-1.2,0.8732496456645047,0.8732496456645047,0.762564943653183,2022-07,2022-08-24T01:30:00+00:00,25.0,pseudo_real_time
twentieth,stable,ridge,2022-09,-0.5320231519164952,-0.1,-0.4320231519164952,0.4320231519164952,0.1866440037918631,2022-08,2022-09-24T01:30:00+00:00,25.0,pseudo_real_time
twentieth,stable,ridge,2022-10,0.2848806607477937,0.2,0.08488066074779371,0.08488066074779371,0.007204726568982048,2022-09,2022-10-24T01:30:00+00:00,25.0,pseudo_real_time
twentieth,stable,ridge,2022-11,-0.5206995675980955,0.1,-0.6206995675980955,0.6206995675980955,0.38526795321646273,2022-10,2022-11-24T01:30:00+00:00,25.0,pseudo_real_time
twentieth,stable,ridge,2022-12,-0.29396044571239255,-0.5,0.20603955428760745,0.20603955428760745,0.042452297931035936,2022-11,2022-12-24T01:30:00+00:00,25.0,pseudo_real_time
twentieth,stable,ridge,2023-01,-0.5247246313127786,-0.4,-0.12472463131277856,0.12472463131277856,0.015556233656108542,2022-12,2023-01-24T01:30:00+00:00,25.0,pseudo_real_time
twentieth,stable,ridge,2023-02,-0.22516863110417343,0.0,-0.22516863110417343,0.22516863110417343,0.05070091243332734,2023-01,2023-02-24T01:30:00+00:00,25.0,pseudo_real_time
twentieth,stable,ridge,2023-03,0.11292012812658904,0.0,0.11292012812658904,0.11292012812658904,0.012750955336125285,2023-02,2023-03-24T01:30:00+00:00,25.0,pseudo_real_time
twentieth,stable,ridge,2023-04,-0.36193245255058265,-0.5,0.13806754744941735,0.13806754744941735,0.019062647658697113,2023-03,2023-04-24T01:30:00+00:00,25.0,pseudo_real_time
twentieth,stable,ridge,2023-05,-0.9562798490342017,-0.9,-0.05627984903420169,0.05627984903420169,0.003167421407312533,2023-04,2023-05-24T01:30:00+00:00,25.0,pseudo_real_time
twentieth,stable,ridge,2023-06,-0.5082010425056007,-0.8,0.2917989574943993,0.2917989574943993,0.08514663159481826,2023-05,2023-06-24T01:30:00+00:00,25.0,pseudo_real_time
twentieth,stable,ridge,2023-07,0.5178109497114002,-0.2,0.7178109497114002,0.7178109497114002,0.5152525595255824,2023-06,2023-07-24T01:30:00+00:00,25.0,pseudo_real_time
twentieth,stable,ridge,2023-08,0.7099950422432003,0.2,0.5099950422432002,0.5099950422432002,0.2600949431126436,2023-07,2023-08-24T01:30:00+00:00,25.0,pseudo_real_time
twentieth,stable,ridge,2023-09,0.55349144767564,0.4,0.15349144767563994,0.15349144767563994,0.023559624509563712,2023-08,2023-09-24T01:30:00+00:00,25.0,pseudo_real_time
twentieth,stable,ridge,2023-10,0.008617835281262982,0.0,0.008617835281262982,0.008617835281262982,7.426708493498103e-05,2023-09,2023-10-24T01:30:00+00:00,25.0,pseudo_real_time
twentieth,stable,ridge,2023-11,-0.023464483481708216,-0.3,0.2765355165182918,0.2765355165182918,0.07647189189603842,2023-10,2023-11-24T01:30:00+00:00,25.0,pseudo_real_time
twentieth,stable,ridge,2023-12,-0.17109608100858875,-0.3,0.12890391899141124,0.12890391899141124,0.01661622033134431,2023-11,2023-12-24T01:30:00+00:00,25.0,pseudo_real_time
twentieth,stable,ridge,2024-01,-0.3432983473857477,-0.2,-0.1432983473857477,0.1432983473857477,0.020534416363486425,2023-12,2024-01-24T01:30:00+00:00,25.0,pseudo_real_time
twentieth,stable,ridge,2024-04,0.11546468702582342,-0.2,0.3154646870258234,0.3154646870258234,0.09951796876030072,2024-01,2024-04-24T01:30:00+00:00,25.0,pseudo_real_time
twentieth,stable,ridge,2024-05,0.05302060152298102,0.2,-0.146979398477019,0.146979398477019,0.021602943576666332,2024-04,2024-05-24T01:30:00+00:00,25.0,pseudo_real_time
twentieth,stable,ridge,2024-06,0.18281217331830338,0.1,0.08281217331830337,0.08281217331830337,0.006857856049700717,2024-05,2024-06-24T01:30:00+00:00,25.0,pseudo_real_time
twentieth,stable,ridge,2024-07,0.06903847723111685,-0.2,0.26903847723111685,0.26903847723111685,0.07238170223083817,2024-06,2024-07-24T01:30:00+00:00,25.0,pseudo_real_time
twentieth,stable,ridge,2024-08,-0.32124951526273954,-0.7,0.3787504847372604,0.3787504847372604,0.14345192968870973,2024-07,2024-08-24T01:30:00+00:00,25.0,pseudo_real_time
twentieth,stable,ridge,2024-09,0.04406580439979333,-0.6,0.6440658043997933,0.6440658043997933,0.4148207603971528,2024-08,2024-09-24T01:30:00+00:00,25.0,pseudo_real_time
twentieth,stable,ridge,2024-10,0.46904826125873517,-0.1,0.5690482612587352,0.5690482612587352,0.32381592364158973,2024-09,2024-10-24T01:30:00+00:00,25.0,pseudo_real_time
twentieth,stable,ridge,2024-11,-0.11539191473396698,-0.1,-0.015391914733966977,0.015391914733966977,0.0002369110391777097,2024-10,2024-11-24T01:30:00+00:00,25.0,pseudo_real_time
twentieth,stable,ridge,2024-12,-0.05382381070393685,-0.1,0.04617618929606315,0.04617618929606315,0.0021322404579058574,2024-11,2024-12-24T01:30:00+00:00,25.0,pseudo_real_time
twentieth,stable,ridge,2025-01,-0.15953319624706935,-0.2,0.04046680375293066,0.04046680375293066,0.0016375622059782028,2024-12,2025-01-24T01:30:00+00:00,25.0,pseudo_real_time
twentieth,stable,ridge,2025-02,0.0650734978885459,-0.1,0.16507349788854592,0.16507349788854592,0.027249259705159772,2025-01,2025-02-24T01:30:00+00:00,25.0,pseudo_real_time
twentieth,stable,ridge,2025-03,0.2924013582296866,-0.4,0.6924013582296866,0.6924013582296866,0.47941964087831485,2025-02,2025-03-24T01:30:00+00:00,25.0,pseudo_real_time
twentieth,stable,ridge,2025-04,-0.5906464209788654,-0.4,-0.19064642097886542,0.19064642097886542,0.03634605783205078,2025-03,2025-04-24T01:30:00+00:00,25.0,pseudo_real_time
twentieth,stable,ridge,2025-05,-0.35852083397012696,-0.4,0.04147916602987306,0.04147916602987306,0.0017205212145337753,2025-04,2025-05-24T01:30:00+00:00,25.0,pseudo_real_time
twentieth,stable,ridge,2025-06,-0.12684995493980744,-0.4,0.2731500450601926,0.2731500450601926,0.07461094711638523,2025-05,2025-06-24T01:30:00+00:00,25.0,pseudo_real_time
twentieth,stable,ridge,2025-07,0.04269812234024521,-0.2,0.24269812234024524,0.24269812234024524,0.058902378587480646,2025-06,2025-07-24T01:30:00+00:00,25.0,pseudo_real_time
twentieth,stable,ridge,2025-08,0.16594013191652943,0.0,0.16594013191652943,0.16594013191652943,0.027536127380475187,2025-07,2025-08-24T01:30:00+00:00,25.0,pseudo_real_time
twentieth,stable,ridge,2025-09,-0.14523324156949305,0.0,-0.14523324156949305,0.14523324156949305,0.021092694456782725,2025-08,2025-09-24T01:30:00+00:00,25.0,pseudo_real_time
twentieth,stable,ridge,2025-10,-0.11159665690402974,0.1,-0.21159665690402973,0.21159665690402973,0.044773145212961676,2025-09,2025-10-24T01:30:00+00:00,25.0,pseudo_real_time
twentieth,stable,ridge,2025-11,0.20168838914794163,0.1,0.10168838914794162,0.10168838914794162,0.010340528487503211,2025-10,2025-11-24T01:30:00+00:00,25.0,pseudo_real_time
twentieth,stable,ridge,2025-12,0.12246551574834261,0.2,-0.0775344842516574,0.0775344842516574,0.00601159624817051,2025-11,2025-12-24T01:30:00+00:00,25.0,pseudo_real_time
twentieth,stable,ridge,2026-01,-0.020614305193739618,0.4,-0.42061430519373966,0.42061430519373966,0.17691639373361237,2025-12,2026-01-24T01:30:00+00:00,25.0,pseudo_real_time
twentieth,stable,ridge,2026-04,0.9428143091646536,1.7,-0.7571856908353464,0.7571856908353464,0.5733301704058007,2026-01,2026-04-24T01:30:00+00:00,25.0,pseudo_real_time
twentieth,stable,ridge,2026-05,-0.19584724911974805,0.5,-0.695847249119748,0.695847249119748,0.4842033941075207,2026-04,2026-05-24T01:30:00+00:00,25.0,pseudo_real_time
twentieth,stable,ridge,2026-06,-0.5536714208027921,-0.3,-0.2536714208027921,0.2536714208027921,0.06434918973210722,2026-05,2026-06-24T01:30:00+00:00,25.0,pseudo_real_time
twentieth,stable,ridge,2026-07,-0.33777701121692827,-0.7,0.3622229887830717,0.3622229887830717,0.1312054936029413,2026-06,2026-07-24T01:30:00+00:00,25.0,pseudo_real_time
twentieth,stable,ridge,2026-08,0.25909167920774445,0.4,-0.14090832079225557,0.14090832079225557,0.019855154868493204,2026-07,2026-08-24T01:30:00+00:00,25.0,pseudo_real_time
twentieth,stable,histgb,2016-04,-0.14517496958543227,0.7,-0.8451749695854323,0.8451749695854323,0.7143207292137363,2016-03,2016-04-25T01:30:00+00:00,5.0,pseudo_real_time
twentieth,stable,histgb,2016-05,-0.08970374957846444,0.5,-0.5897037495784645,0.5897037495784645,0.34775051226690035,2016-04,2016-05-24T01:30:00+00:00,5.0,pseudo_real_time
twentieth,stable,histgb,2016-06,-0.14882860454386002,-0.2,0.051171395456139995,0.051171395456139995,0.002618511712928665,2016-05,2016-06-24T01:30:00+00:00,5.0,pseudo_real_time
twentieth,stable,histgb,2016-07,-0.012250331094386559,0.2,-0.21225033109438657,0.21225033109438657,0.045050203049676725,2016-06,2016-07-25T01:30:00+00:00,5.0,pseudo_real_time
twentieth,stable,histgb,2016-08,-0.1375566547311158,0.2,-0.33755665473111585,0.33755665473111585,0.11394449515326176,2016-07,2016-08-24T01:30:00+00:00,25.0,pseudo_real_time
twentieth,stable,histgb,2016-09,0.2455852893184201,0.5,-0.2544147106815799,0.2544147106815799,0.064726845011192,2016-08,2016-09-26T01:30:00+00:00,5.0,pseudo_real_time
twentieth,stable,histgb,2016-10,0.2567167932679524,0.7,-0.4432832067320476,0.4432832067320476,0.19650000137064721,2016-09,2016-10-24T01:30:00+00:00,5.0,pseudo_real_time
twentieth,stable,histgb,2016-11,0.4776691729125112,1.5,-1.022330827087489,1.022330827087489,1.0451603200133892,2016-10,2016-11-24T01:30:00+00:00,5.0,pseudo_real_time
twentieth,stable,histgb,2016-12,0.3773731055409959,1.6,-1.2226268944590042,1.2226268944590042,1.494816523054469,2016-11,2016-12-26T01:30:00+00:00,5.0,pseudo_real_time
twentieth,stable,histgb,2017-01,-0.4116501862438963,0.8,-1.2116501862438964,1.2116501862438964,1.4680961738248688,2016-12,2017-01-24T01:30:00+00:00,5.0,pseudo_real_time
twentieth,stable,histgb,2017-02,0.2686707395729428,0.6,-0.3313292604270572,0.3313292604270572,0.10977907881514068,2017-01,2017-02-24T01:30:00+00:00,25.0,pseudo_real_time
twentieth,stable,histgb,2017-03,0.3537747868076447,0.3,0.05377478680764469,0.05377478680764469,0.0028917276962076377,2017-02,2017-03-24T01:30:00+00:00,5.0,pseudo_real_time
twentieth,stable,histgb,2017-04,-0.6100709352185604,-0.4,-0.21007093521856035,0.21007093521856035,0.04412979782360058,2017-03,2017-04-24T01:30:00+00:00,5.0,pseudo_real_time
twentieth,stable,histgb,2017-05,-0.3100316548643983,-0.3,-0.010031654864398332,0.010031654864398332,0.00010063409931840672,2017-04,2017-05-24T01:30:00+00:00,5.0,pseudo_real_time
twentieth,stable,histgb,2017-06,-0.20836727624795048,-0.2,-0.008367276247950473,0.008367276247950473,7.001131180951613e-05,2017-05,2017-06-26T01:30:00+00:00,5.0,pseudo_real_time
twentieth,stable,histgb,2017-07,0.583965623478085,0.2,0.383965623478085,0.383965623478085,0.14742960001291452,2017-06,2017-07-24T01:30:00+00:00,5.0,pseudo_real_time
twentieth,stable,histgb,2017-08,0.5064748461347258,0.9,-0.3935251538652742,0.3935251538652742,0.15486204672468773,2017-07,2017-08-24T01:30:00+00:00,5.0,pseudo_real_time
twentieth,stable,histgb,2017-09,0.9345402400292412,1.0,-0.06545975997075881,0.06545975997075881,0.0042849801754293575,2017-08,2017-09-25T01:30:00+00:00,5.0,pseudo_real_time
twentieth,stable,histgb,2017-10,0.08787589942722449,0.7,-0.6121241005727754,0.6121241005727754,0.3746959145020293,2017-09,2017-10-24T01:30:00+00:00,5.0,pseudo_real_time
twentieth,stable,histgb,2017-11,0.3541773934926574,0.5,-0.14582260650734258,0.14582260650734258,0.02126423256859527,2017-10,2017-11-24T01:30:00+00:00,5.0,pseudo_real_time
twentieth,stable,histgb,2017-12,0.3446285909406014,0.8,-0.45537140905939866,0.45537140905939866,0.20736312018874217,2017-11,2017-12-25T01:30:00+00:00,5.0,pseudo_real_time
twentieth,stable,histgb,2018-01,-0.0340920240071231,0.3,-0.33409202400712307,0.33409202400712307,0.1116174805051761,2017-12,2018-01-24T01:30:00+00:00,5.0,pseudo_real_time
twentieth,stable,histgb,2018-04,-0.3140650443022154,-0.2,-0.11406504430221537,0.11406504430221537,0.013010834331666355,2018-01,2018-04-24T01:30:00+00:00,5.0,pseudo_real_time
twentieth,stable,histgb,2018-05,0.5682120197991636,0.4,0.16821201979916356,0.16821201979916356,0.028295283604914193,2018-04,2018-05-24T01:30:00+00:00,5.0,pseudo_real_time
twentieth,stable,histgb,2018-06,-0.13485965509569048,0.3,-0.43485965509569047,0.43485965509569047,0.18910291962994288,2018-05,2018-06-25T01:30:00+00:00,5.0,pseudo_real_time
twentieth,stable,histgb,2018-07,-0.30368325350066855,0.1,-0.4036832535006686,0.4036832535006686,0.16296016915688505,2018-06,2018-07-24T01:30:00+00:00,5.0,pseudo_real_time
twentieth,stable,histgb,2018-08,0.4613980333299387,0.4,0.06139803332993865,0.06139803332993865,0.0037697184967842574,2018-07,2018-08-24T01:30:00+00:00,5.0,pseudo_real_time
twentieth,stable,histgb,2018-09,0.43952259145420397,0.6,-0.160477408545796,0.160477408545796,0.025752998653574322,2018-08,2018-09-25T01:30:00+00:00,5.0,pseudo_real_time
twentieth,stable,histgb,2018-10,0.2540956588389465,0.4,-0.1459043411610535,0.1459043411610535,0.02128807676964109,2018-09,2018-10-24T01:30:00+00:00,5.0,pseudo_real_time
twentieth,stable,histgb,2018-11,-0.461956402850736,-0.2,-0.261956402850736,0.261956402850736,0.0686211569944971,2018-10,2018-11-26T01:30:00+00:00,5.0,pseudo_real_time
twentieth,stable,histgb,2018-12,-0.4781885050763504,-1.0,0.5218114949236496,0.5218114949236496,0.27228723623445406,2018-11,2018-12-24T01:30:00+00:00,5.0,pseudo_real_time
twentieth,stable,histgb,2019-01,-0.40397903237834165,-0.6,0.19602096762165833,0.19602096762165833,0.03842421974733122,2018-12,2019-01-24T01:30:00+00:00,5.0,pseudo_real_time
twentieth,stable,histgb,2019-02,0.19991196066152686,-0.1,0.29991196066152687,0.29991196066152687,0.08994718414784124,2019-01,2019-02-25T01:30:00+00:00,5.0,pseudo_real_time
twentieth,stable,histgb,2019-03,0.024909846940480186,0.1,-0.07509015305951983,0.07509015305951983,0.005638531086502115,2019-02,2019-03-25T01:30:00+00:00,5.0,pseudo_real_time
twentieth,stable,histgb,2019-04,0.061135524449925434,0.3,-0.23886447555007456,0.23886447555007456,0.05705623767981217,2019-03,2019-04-24T01:30:00+00:00,5.0,pseudo_real_time
twentieth,stable,histgb,2019-07,0.13716614677953676,-0.2,0.33716614677953677,0.33716614677953677,0.11368101053416013,2019-04,2019-07-24T01:30:00+00:00,5.0,pseudo_real_time
twentieth,stable,histgb,2019-08,0.11744077863731624,-0.1,0.21744077863731626,0.21744077863731626,0.04728049221440237,2019-07,2019-08-26T01:30:00+00:00,5.0,pseudo_real_time
twentieth,stable,histgb,2019-09,0.15398429336037556,0.1,0.05398429336037555,0.05398429336037555,0.002914303929619088,2019-08,2019-09-24T01:30:00+00:00,5.0,pseudo_real_time
twentieth,stable,histgb,2019-10,-0.2807064909184869,0.1,-0.38070649091848685,0.38070649091848685,0.1449374322274679,2019-09,2019-10-24T01:30:00+00:00,5.0,pseudo_real_time
twentieth,stable,histgb,2019-11,-0.4111412968706976,-0.1,-0.3111412968706976,0.3111412968706976,0.09680890661837957,2019-10,2019-11-25T01:30:00+00:00,5.0,pseudo_real_time
twentieth,stable,histgb,2019-12,0.14302387080411497,0.0,0.14302387080411497,0.14302387080411497,0.02045582761979217,2019-11,2019-12-24T01:30:00+00:00,5.0,pseudo_real_time
twentieth,stable,histgb,2020-01,-0.18595355558820179,0.0,-0.18595355558820179,0.18595355558820179,0.03457872483589445,2019-12,2020-01-23T01:30:00+00:00,5.0,pseudo_real_time
twentieth,stable,histgb,2020-02,-0.1448678102218006,-0.5,0.3551321897781994,0.3551321897781994,0.12611887221665902,2020-01,2020-02-24T01:30:00+00:00,25.0,pseudo_real_time
twentieth,stable,histgb,2020-03,-0.12151325579702543,-1.0,0.8784867442029746,0.8784867442029746,0.7717389597403425,2020-02,2020-03-24T01:30:00+00:00,25.0,pseudo_real_time
twentieth,stable,histgb,2020-04,-0.19419060002604846,-1.3,1.1058093999739516,1.1058093999739516,1.2228144290707508,2020-03,2020-04-24T01:30:00+00:00,5.0,pseudo_real_time
twentieth,stable,histgb,2020-05,-0.10015551513571679,-0.4,0.2998444848642832,0.2998444848642832,0.08990671510352737,2020-04,2020-05-25T01:30:00+00:00,25.0,pseudo_real_time
twentieth,stable,histgb,2020-06,-0.0858791527617316,0.4,-0.4858791527617316,0.4858791527617316,0.23607855108845813,2020-05,2020-06-24T01:30:00+00:00,5.0,pseudo_real_time
twentieth,stable,histgb,2020-07,0.05431727513597841,0.4,-0.34568272486402163,0.34568272486402163,0.11949654626941487,2020-06,2020-07-24T01:30:00+00:00,5.0,pseudo_real_time
twentieth,stable,histgb,2020-08,0.5544221002915231,0.3,0.25442210029152307,0.25442210029152307,0.06473060511674983,2020-07,2020-08-24T01:30:00+00:00,5.0,pseudo_real_time
twentieth,stable,histgb,2020-09,0.35403757807010605,0.1,0.2540375780701061,0.2540375780701061,0.06453509107172524,2020-08,2020-09-24T01:30:00+00:00,5.0,pseudo_real_time
twentieth,stable,histgb,2020-10,0.28034289901647935,0.0,0.28034289901647935,0.28034289901647935,0.07859214102896395,2020-09,2020-10-26T01:30:00+00:00,5.0,pseudo_real_time
twentieth,stable,histgb,2020-11,0.6047059901687531,0.5,0.10470599016875315,0.10470599016875315,0.010963344377219032,2020-10,2020-11-24T01:30:00+00:00,5.0,pseudo_real_time
twentieth,stable,histgb,2020-12,0.7304668648951431,1.1,-0.36953313510485697,0.36953313510485697,0.13655473794042447,2020-11,2020-12-24T01:30:00+00:00,5.0,pseudo_real_time
twentieth,stable,histgb,2021-01,0.8751726680195666,1.0,-0.12482733198043339,0.12482733198043339,0.015581862809353328,2020-12,2021-01-25T01:30:00+00:00,5.0,pseudo_real_time
twentieth,stable,histgb,2021-04,0.6411005119977075,0.9,-0.25889948800229257,0.25889948800229257,0.06702894488784923,2021-01,2021-04-25T01:30:00+00:00,5.0,pseudo_real_time
twentieth,stable,histgb,2021-05,0.7988779603310787,1.6,-0.8011220396689214,0.8011220396689214,0.6417965224432928,2021-04,2021-05-24T01:30:00+00:00,5.0,pseudo_real_time
twentieth,stable,histgb,2021-06,-0.06582330700932683,0.3,-0.3658233070093268,0.3658233070093268,0.13382669195124017,2021-05,2021-06-24T01:30:00+00:00,5.0,pseudo_real_time
twentieth,stable,histgb,2021-07,0.04420366750635828,0.5,-0.4557963324936417,0.4557963324936417,0.2077502967146544,2021-06,2021-07-26T01:30:00+00:00,5.0,pseudo_real_time
twentieth,stable,histgb,2021-08,0.3992554284939411,0.7,-0.3007445715060589,0.3007445715060589,0.09044729729036297,2021-07,2021-08-24T01:30:00+00:00,5.0,pseudo_real_time
twentieth,stable,histgb,2021-09,0.7075853321490403,1.2,-0.49241466785095966,0.49241466785095966,0.24247220511477094,2021-08,2021-09-24T01:30:00+00:00,5.0,pseudo_real_time
twentieth,stable,histgb,2021-10,1.0387511215108192,2.5,-1.4612488784891808,1.4612488784891808,2.135248284885889,2021-09,2021-10-25T01:30:00+00:00,5.0,pseudo_real_time
twentieth,stable,histgb,2021-11,-0.5595978899745995,0.0,-0.5595978899745995,0.5595978899745995,0.3131497984640239,2021-10,2021-11-24T01:30:00+00:00,5.0,pseudo_real_time
twentieth,stable,histgb,2021-12,-0.5758972132893281,-1.2,0.6241027867106719,0.6241027867106719,0.3895042883800264,2021-11,2021-12-24T01:30:00+00:00,5.0,pseudo_real_time
twentieth,stable,histgb,2022-01,-0.2682750118266043,-0.2,-0.06827501182660428,0.06827501182660428,0.004661477239922955,2021-12,2022-01-24T01:30:00+00:00,5.0,pseudo_real_time
twentieth,stable,histgb,2022-02,0.5120889245395766,0.5,0.012088924539576551,0.012088924539576551,0.00014614209652357612,2022-01,2022-02-24T01:30:00+00:00,5.0,pseudo_real_time
twentieth,stable,histgb,2022-03,0.6039088499321409,1.1,-0.4960911500678592,0.4960911500678592,0.2461064291756512,2022-02,2022-03-24T01:30:00+00:00,5.0,pseudo_real_time
twentieth,stable,histgb,2022-04,0.41007423644101954,0.6,-0.18992576355898044,0.18992576355898044,0.03607179566346174,2022-03,2022-04-24T01:30:00+00:00,5.0,pseudo_real_time
twentieth,stable,histgb,2022-05,-0.27552579548209605,0.1,-0.3755257954820961,0.3755257954820961,0.14101962307246105,2022-04,2022-05-24T01:30:00+00:00,5.0,pseudo_real_time
twentieth,stable,histgb,2022-06,-0.023507394000019735,0.0,-0.023507394000019735,0.023507394000019735,0.0005525975726721639,2022-05,2022-06-24T01:30:00+00:00,5.0,pseudo_real_time
twentieth,stable,histgb,2022-07,-0.6047411070039647,-1.3,0.6952588929960354,0.6952588929960354,0.48338492829007257,2022-06,2022-07-24T01:30:00+00:00,5.0,pseudo_real_time
twentieth,stable,histgb,2022-08,-0.8325670834814347,-1.2,0.36743291651856524,0.36743291651856524,0.13500694814133893,2022-07,2022-08-24T01:30:00+00:00,5.0,pseudo_real_time
twentieth,stable,histgb,2022-09,-0.10697797742262567,-0.1,-0.006977977422625667,0.006977977422625667,4.869216891067355e-05,2022-08,2022-09-24T01:30:00+00:00,5.0,pseudo_real_time
twentieth,stable,histgb,2022-10,0.16473370888100883,0.2,-0.03526629111899118,0.03526629111899118,0.0012437112892894364,2022-09,2022-10-24T01:30:00+00:00,5.0,pseudo_real_time
twentieth,stable,histgb,2022-11,-0.7783124605859537,0.1,-0.8783124605859537,0.8783124605859537,0.7714327784205525,2022-10,2022-11-24T01:30:00+00:00,5.0,pseudo_real_time
twentieth,stable,histgb,2022-12,-0.3696198459636311,-0.5,0.13038015403636888,0.13038015403636888,0.016998984566547276,2022-11,2022-12-24T01:30:00+00:00,5.0,pseudo_real_time
twentieth,stable,histgb,2023-01,0.19796798770241153,-0.4,0.5979679877024116,0.5979679877024116,0.3575657143168714,2022-12,2023-01-24T01:30:00+00:00,5.0,pseudo_real_time
twentieth,stable,histgb,2023-02,-0.11413833367235617,0.0,-0.11413833367235617,0.11413833367235617,0.013027559213502113,2023-01,2023-02-24T01:30:00+00:00,5.0,pseudo_real_time
twentieth,stable,histgb,2023-03,0.2947139597824958,0.0,0.2947139597824958,0.2947139597824958,0.08685631809067856,2023-02,2023-03-24T01:30:00+00:00,5.0,pseudo_real_time
twentieth,stable,histgb,2023-04,-0.14829522233053025,-0.5,0.3517047776694697,0.3517047776694697,0.12369625063553114,2023-03,2023-04-24T01:30:00+00:00,5.0,pseudo_real_time
twentieth,stable,histgb,2023-05,-0.5863386279495911,-0.9,0.3136613720504089,0.3136613720504089,0.09838345631654503,2023-04,2023-05-24T01:30:00+00:00,5.0,pseudo_real_time
twentieth,stable,histgb,2023-06,-0.2611435658563138,-0.8,0.5388564341436862,0.5388564341436862,0.2903662566180488,2023-05,2023-06-24T01:30:00+00:00,5.0,pseudo_real_time
twentieth,stable,histgb,2023-07,0.40918595436921795,-0.2,0.609185954369218,0.609185954369218,0.3711075270007349,2023-06,2023-07-24T01:30:00+00:00,5.0,pseudo_real_time
twentieth,stable,histgb,2023-08,0.2568383036265237,0.2,0.0568383036265237,0.0568383036265237,0.0032305927591408973,2023-07,2023-08-24T01:30:00+00:00,5.0,pseudo_real_time
twentieth,stable,histgb,2023-09,0.34912318547567645,0.4,-0.05087681452432358,0.05087681452432358,0.0025884502561424223,2023-08,2023-09-24T01:30:00+00:00,5.0,pseudo_real_time
twentieth,stable,histgb,2023-10,-0.3858745442360586,0.0,-0.3858745442360586,0.3858745442360586,0.14889916388938595,2023-09,2023-10-24T01:30:00+00:00,5.0,pseudo_real_time
twentieth,stable,histgb,2023-11,-0.32546293142468713,-0.3,-0.02546293142468714,0.02546293142468714,0.0006483608767383199,2023-10,2023-11-24T01:30:00+00:00,5.0,pseudo_real_time
twentieth,stable,histgb,2023-12,-0.14553685037968447,-0.3,0.15446314962031552,0.15446314962031552,0.023858864590627978,2023-11,2023-12-24T01:30:00+00:00,5.0,pseudo_real_time
twentieth,stable,histgb,2024-01,-0.3421557012687034,-0.2,-0.14215570126870342,0.14215570126870342,0.020208243403196845,2023-12,2024-01-24T01:30:00+00:00,5.0,pseudo_real_time
twentieth,stable,histgb,2024-04,-0.07436424574642408,-0.2,0.12563575425357593,0.12563575425357593,0.01578434274686492,2024-01,2024-04-24T01:30:00+00:00,5.0,pseudo_real_time
twentieth,stable,histgb,2024-05,0.22095751475830777,0.2,0.02095751475830776,0.02095751475830776,0.0004392174248446876,2024-04,2024-05-24T01:30:00+00:00,5.0,pseudo_real_time
twentieth,stable,histgb,2024-06,0.09610788562706986,0.1,-0.003892114372930147,0.003892114372930147,1.5148554291969433e-05,2024-05,2024-06-24T01:30:00+00:00,5.0,pseudo_real_time
twentieth,stable,histgb,2024-07,-0.3853071011225923,-0.2,-0.1853071011225923,0.1853071011225923,0.034338721726458646,2024-06,2024-07-24T01:30:00+00:00,5.0,pseudo_real_time
twentieth,stable,histgb,2024-08,-0.3179820620859352,-0.7,0.38201793791406474,0.38201793791406474,0.14593770488811422,2024-07,2024-08-24T01:30:00+00:00,5.0,pseudo_real_time
twentieth,stable,histgb,2024-09,-0.12612536061594426,-0.6,0.4738746393840557,0.4738746393840557,0.22455717385136886,2024-08,2024-09-24T01:30:00+00:00,5.0,pseudo_real_time
twentieth,stable,histgb,2024-10,0.4442893315959453,-0.1,0.5442893315959453,0.5442893315959453,0.2962508764891609,2024-09,2024-10-24T01:30:00+00:00,5.0,pseudo_real_time
twentieth,stable,histgb,2024-11,-0.2865042061529346,-0.1,-0.1865042061529346,0.1865042061529346,0.034783818912736325,2024-10,2024-11-24T01:30:00+00:00,5.0,pseudo_real_time
twentieth,stable,histgb,2024-12,-0.19539475439563336,-0.1,-0.09539475439563336,0.09539475439563336,0.00910015916620321,2024-11,2024-12-24T01:30:00+00:00,5.0,pseudo_real_time
twentieth,stable,histgb,2025-01,-0.156880146712401,-0.2,0.043119853287599014,0.043119853287599014,0.0018593217475440635,2024-12,2025-01-24T01:30:00+00:00,5.0,pseudo_real_time
twentieth,stable,histgb,2025-02,-0.10904927780740381,-0.1,-0.009049277807403805,0.009049277807403805,8.188942883557102e-05,2025-01,2025-02-24T01:30:00+00:00,5.0,pseudo_real_time
twentieth,stable,histgb,2025-03,-0.14356935420694214,-0.4,0.25643064579305785,0.25643064579305785,0.0657566761018447,2025-02,2025-03-24T01:30:00+00:00,5.0,pseudo_real_time
twentieth,stable,histgb,2025-04,-0.7287935636333794,-0.4,-0.3287935636333794,0.3287935636333794,0.10810520748673712,2025-03,2025-04-24T01:30:00+00:00,5.0,pseudo_real_time
twentieth,stable,histgb,2025-05,-0.3740559856456882,-0.4,0.025944014354311817,0.025944014354311817,0.0006730918808167376,2025-04,2025-05-24T01:30:00+00:00,5.0,pseudo_real_time
twentieth,stable,histgb,2025-06,-0.2240605459200602,-0.4,0.17593945407993983,0.17593945407993983,0.030954691501947254,2025-05,2025-06-24T01:30:00+00:00,5.0,pseudo_real_time
twentieth,stable,histgb,2025-07,0.30922025741070025,-0.2,0.5092202574107003,0.5092202574107003,0.25930527055741986,2025-06,2025-07-24T01:30:00+00:00,5.0,pseudo_real_time
twentieth,stable,histgb,2025-08,0.1250689987731271,0.0,0.1250689987731271,0.1250689987731271,0.015642254454112468,2025-07,2025-08-24T01:30:00+00:00,5.0,pseudo_real_time
twentieth,stable,histgb,2025-09,-0.18517189321968447,0.0,-0.18517189321968447,0.18517189321968447,0.03428863003856223,2025-08,2025-09-24T01:30:00+00:00,5.0,pseudo_real_time
twentieth,stable,histgb,2025-10,-0.3650860649886282,0.1,-0.46508606498862826,0.46508606498862826,0.21630504784660654,2025-09,2025-10-24T01:30:00+00:00,5.0,pseudo_real_time
twentieth,stable,histgb,2025-11,0.08794596663864325,0.1,-0.012054033361356756,0.012054033361356756,0.00014529972027670164,2025-10,2025-11-24T01:30:00+00:00,5.0,pseudo_real_time
twentieth,stable,histgb,2025-12,-0.07807467147545895,0.2,-0.27807467147545895,0.27807467147545895,0.07732552291618443,2025-11,2025-12-24T01:30:00+00:00,5.0,pseudo_real_time
twentieth,stable,histgb,2026-01,0.0069105994560371385,0.4,-0.3930894005439629,0.3930894005439629,0.1545192768200121,2025-12,2026-01-24T01:30:00+00:00,5.0,pseudo_real_time
twentieth,stable,histgb,2026-04,0.5229829296560723,1.7,-1.1770170703439278,1.1770170703439278,1.3853691838810027,2026-01,2026-04-24T01:30:00+00:00,5.0,pseudo_real_time
twentieth,stable,histgb,2026-05,-0.04137480356897571,0.5,-0.5413748035689757,0.5413748035689757,0.29308667793934706,2026-04,2026-05-24T01:30:00+00:00,5.0,pseudo_real_time
twentieth,stable,histgb,2026-06,-0.2601974860879832,-0.3,0.03980251391201678,0.03980251391201678,0.0015842401137162892,2026-05,2026-06-24T01:30:00+00:00,5.0,pseudo_real_time
twentieth,stable,histgb,2026-07,-0.0041691722517578625,-0.7,0.6958308277482421,0.6958308277482421,0.4841805408448038,2026-06,2026-07-24T01:30:00+00:00,5.0,pseudo_real_time
twentieth,stable,histgb,2026-08,0.14084860763506385,0.4,-0.2591513923649362,0.2591513923649362,0.0671594441646851,2026-07,2026-08-24T01:30:00+00:00,5.0,pseudo_real_time
twentieth,stable,xgboost,2016-04,-0.23736047744750977,0.7,-0.9373604774475097,0.9373604774475097,0.8786446646806234,2016-03,2016-04-25T01:30:00+00:00,25.0,pseudo_real_time
twentieth,stable,xgboost,2016-05,-0.292684406042099,0.5,-0.792684406042099,0.792684406042099,0.6283485675823153,2016-04,2016-05-24T01:30:00+00:00,25.0,pseudo_real_time
twentieth,stable,xgboost,2016-06,-0.16967347264289856,-0.2,0.03032652735710145,0.03032652735710145,0.0009196982615410227,2016-05,2016-06-24T01:30:00+00:00,5.0,pseudo_real_time
twentieth,stable,xgboost,2016-07,-0.2138405442237854,0.2,-0.4138405442237854,0.4138405442237854,0.1712639960434389,2016-06,2016-07-25T01:30:00+00:00,5.0,pseudo_real_time
twentieth,stable,xgboost,2016-08,-0.05828973278403282,0.2,-0.25828973278403283,0.25828973278403283,0.06671358606164708,2016-07,2016-08-24T01:30:00+00:00,5.0,pseudo_real_time
twentieth,stable,xgboost,2016-09,0.23017124831676483,0.5,-0.26982875168323517,0.26982875168323517,0.07280755523493299,2016-08,2016-09-26T01:30:00+00:00,5.0,pseudo_real_time
twentieth,stable,xgboost,2016-10,0.2696284055709839,0.7,-0.43037159442901607,0.43037159442901607,0.1852197092913735,2016-09,2016-10-24T01:30:00+00:00,5.0,pseudo_real_time
twentieth,stable,xgboost,2016-11,0.3655911684036255,1.5,-1.1344088315963745,1.1344088315963745,1.2868833972038516,2016-10,2016-11-24T01:30:00+00:00,5.0,pseudo_real_time
twentieth,stable,xgboost,2016-12,0.2609409689903259,1.6,-1.3390590310096742,1.3390590310096742,1.7930790885285675,2016-11,2016-12-26T01:30:00+00:00,25.0,pseudo_real_time
twentieth,stable,xgboost,2017-01,-0.23658184707164764,0.8,-1.0365818470716477,1.0365818470716477,1.0745019256784687,2016-12,2017-01-24T01:30:00+00:00,25.0,pseudo_real_time
twentieth,stable,xgboost,2017-02,0.15847325325012207,0.6,-0.4415267467498779,0.4415267467498779,0.19494586809553083,2017-01,2017-02-24T01:30:00+00:00,25.0,pseudo_real_time
twentieth,stable,xgboost,2017-03,0.14099052548408508,0.3,-0.1590094745159149,0.1590094745159149,0.025284012985827393,2017-02,2017-03-24T01:30:00+00:00,5.0,pseudo_real_time
twentieth,stable,xgboost,2017-04,-0.39624422788619995,-0.4,0.003755772113800071,0.003755772113800071,1.4105824170798253e-05,2017-03,2017-04-24T01:30:00+00:00,5.0,pseudo_real_time
twentieth,stable,xgboost,2017-05,-0.22949540615081787,-0.3,0.07050459384918212,0.07050459384918212,0.004970897753838129,2017-04,2017-05-24T01:30:00+00:00,5.0,pseudo_real_time
twentieth,stable,xgboost,2017-06,-0.13205017149448395,-0.2,0.06794982850551606,0.06794982850551606,0.004617179193929044,2017-05,2017-06-26T01:30:00+00:00,5.0,pseudo_real_time
twentieth,stable,xgboost,2017-07,0.41422727704048157,0.2,0.21422727704048156,0.21422727704048156,0.04589332622817924,2017-06,2017-07-24T01:30:00+00:00,5.0,pseudo_real_time
twentieth,stable,xgboost,2017-08,0.5726451277732849,0.9,-0.3273548722267151,0.3273548722267151,0.10716121237056897,2017-07,2017-08-24T01:30:00+00:00,5.0,pseudo_real_time
twentieth,stable,xgboost,2017-09,0.8432437181472778,1.0,-0.15675628185272217,0.15675628185272217,0.024572531900290073,2017-08,2017-09-25T01:30:00+00:00,5.0,pseudo_real_time
twentieth,stable,xgboost,2017-10,0.044625841081142426,0.7,-0.6553741589188575,0.6553741589188575,0.4295152881785999,2017-09,2017-10-24T01:30:00+00:00,5.0,pseudo_real_time
twentieth,stable,xgboost,2017-11,0.23866073787212372,0.5,-0.2613392621278763,0.2613392621278763,0.06829820992954283,2017-10,2017-11-24T01:30:00+00:00,5.0,pseudo_real_time
twentieth,stable,xgboost,2017-12,0.3401206433773041,0.8,-0.45987935662269597,0.45987935662269597,0.21148902264770478,2017-11,2017-12-25T01:30:00+00:00,5.0,pseudo_real_time
twentieth,stable,xgboost,2018-01,0.042106032371520996,0.3,-0.257893967628479,0.257893967628479,0.06650929853915898,2017-12,2018-01-24T01:30:00+00:00,5.0,pseudo_real_time
twentieth,stable,xgboost,2018-04,-0.20103047788143158,-0.2,-0.0010304778814315685,0.0010304778814315685,1.0618846641196938e-06,2018-01,2018-04-24T01:30:00+00:00,5.0,pseudo_real_time
twentieth,stable,xgboost,2018-05,0.39543208479881287,0.4,-0.004567915201187156,0.004567915201187156,2.0865849285236695e-05,2018-04,2018-05-24T01:30:00+00:00,5.0,pseudo_real_time
twentieth,stable,xgboost,2018-06,-0.1748744249343872,0.3,-0.4748744249343872,0.4748744249343872,0.22550571945676495,2018-05,2018-06-25T01:30:00+00:00,5.0,pseudo_real_time
twentieth,stable,xgboost,2018-07,-0.19786356389522552,0.1,-0.2978635638952255,0.2978635638952255,0.08872270269636509,2018-06,2018-07-24T01:30:00+00:00,5.0,pseudo_real_time
twentieth,stable,xgboost,2018-08,0.3823426365852356,0.4,-0.017657363414764427,0.017657363414764427,0.00031178248276106125,2018-07,2018-08-24T01:30:00+00:00,5.0,pseudo_real_time
twentieth,stable,xgboost,2018-09,0.5918287634849548,0.6,-0.008171236515045144,0.008171236515045144,6.67691061848071e-05,2018-08,2018-09-25T01:30:00+00:00,5.0,pseudo_real_time
twentieth,stable,xgboost,2018-10,0.24466343224048615,0.4,-0.15533656775951388,0.15533656775951388,0.024129449283306046,2018-09,2018-10-24T01:30:00+00:00,5.0,pseudo_real_time
twentieth,stable,xgboost,2018-11,-0.39680585265159607,-0.2,-0.19680585265159606,0.19680585265159606,0.03873254363792174,2018-10,2018-11-26T01:30:00+00:00,5.0,pseudo_real_time
twentieth,stable,xgboost,2018-12,-0.44251710176467896,-1.0,0.557482898235321,0.557482898235321,0.3107871818248533,2018-11,2018-12-24T01:30:00+00:00,5.0,pseudo_real_time
twentieth,stable,xgboost,2019-01,-0.31693652272224426,-0.6,0.2830634772777557,0.2830634772777557,0.08012493216857453,2018-12,2019-01-24T01:30:00+00:00,5.0,pseudo_real_time
twentieth,stable,xgboost,2019-02,0.08139762282371521,-0.1,0.18139762282371522,0.18139762282371522,0.032905097566094846,2019-01,2019-02-25T01:30:00+00:00,5.0,pseudo_real_time
twentieth,stable,xgboost,2019-03,0.12529121339321136,0.1,0.02529121339321136,0.02529121339321136,0.0006396454749009536,2019-02,2019-03-25T01:30:00+00:00,5.0,pseudo_real_time
twentieth,stable,xgboost,2019-04,0.04292241111397743,0.3,-0.25707758888602256,0.25707758888602256,0.06608888670745083,2019-03,2019-04-24T01:30:00+00:00,5.0,pseudo_real_time
twentieth,stable,xgboost,2019-07,0.06895878911018372,-0.2,0.2689587891101837,0.2689587891101837,0.07233883023961628,2019-04,2019-07-24T01:30:00+00:00,5.0,pseudo_real_time
twentieth,stable,xgboost,2019-08,-0.0797542929649353,-0.1,0.020245707035064703,0.020245707035064703,0.0004098886533496684,2019-07,2019-08-26T01:30:00+00:00,5.0,pseudo_real_time
twentieth,stable,xgboost,2019-09,0.11201342195272446,0.1,0.012013421952724451,0.012013421952724451,0.00014432230701420177,2019-08,2019-09-24T01:30:00+00:00,5.0,pseudo_real_time
twentieth,stable,xgboost,2019-10,-0.2953222990036011,0.1,-0.39532229900360105,0.39532229900360105,0.15627972008949256,2019-09,2019-10-24T01:30:00+00:00,5.0,pseudo_real_time
twentieth,stable,xgboost,2019-11,-0.3482533097267151,-0.1,-0.24825330972671508,0.24825330972671508,0.06162970579026833,2019-10,2019-11-25T01:30:00+00:00,5.0,pseudo_real_time
twentieth,stable,xgboost,2019-12,0.1519763022661209,0.0,0.1519763022661209,0.1519763022661209,0.023096796450483348,2019-11,2019-12-24T01:30:00+00:00,5.0,pseudo_real_time
twentieth,stable,xgboost,2020-01,-0.17074841260910034,0.0,-0.17074841260910034,0.17074841260910034,0.029155020408527577,2019-12,2020-01-23T01:30:00+00:00,5.0,pseudo_real_time
twentieth,stable,xgboost,2020-02,-0.24413815140724182,-0.5,0.2558618485927582,0.2558618485927582,0.06546528556530351,2020-01,2020-02-24T01:30:00+00:00,5.0,pseudo_real_time
twentieth,stable,xgboost,2020-03,0.027270549908280373,-1.0,1.0272705499082804,1.0272705499082804,1.0552847827088607,2020-02,2020-03-24T01:30:00+00:00,5.0,pseudo_real_time
twentieth,stable,xgboost,2020-04,-0.31956368684768677,-1.3,0.9804363131523133,0.9804363131523133,0.9612553641477009,2020-03,2020-04-24T01:30:00+00:00,5.0,pseudo_real_time
twentieth,stable,xgboost,2020-05,-0.07346020638942719,-0.4,0.32653979361057284,0.32653979361057284,0.10662823681123551,2020-04,2020-05-25T01:30:00+00:00,5.0,pseudo_real_time
twentieth,stable,xgboost,2020-06,-0.05290425941348076,0.4,-0.4529042594134808,0.4529042594134808,0.2051222681948735,2020-05,2020-06-24T01:30:00+00:00,5.0,pseudo_real_time
twentieth,stable,xgboost,2020-07,0.16704340279102325,0.4,-0.23295659720897677,0.23295659720897677,0.054268776183185444,2020-06,2020-07-24T01:30:00+00:00,5.0,pseudo_real_time
twentieth,stable,xgboost,2020-08,0.5020182132720947,0.3,0.20201821327209474,0.20201821327209474,0.04081135849364956,2020-07,2020-08-24T01:30:00+00:00,5.0,pseudo_real_time
twentieth,stable,xgboost,2020-09,0.30412355065345764,0.1,0.20412355065345764,0.20412355065345764,0.04166642393137469,2020-08,2020-09-24T01:30:00+00:00,5.0,pseudo_real_time
twentieth,stable,xgboost,2020-10,0.32444852590560913,0.0,0.32444852590560913,0.32444852590560913,0.10526684596232272,2020-09,2020-10-26T01:30:00+00:00,5.0,pseudo_real_time
twentieth,stable,xgboost,2020-11,0.561006486415863,0.5,0.06100648641586304,0.06100648641586304,0.0037217913848088813,2020-10,2020-11-24T01:30:00+00:00,5.0,pseudo_real_time
twentieth,stable,xgboost,2020-12,0.7869260311126709,1.1,-0.3130739688873292,0.3130739688873292,0.09801530999486437,2020-11,2020-12-24T01:30:00+00:00,5.0,pseudo_real_time
twentieth,stable,xgboost,2021-01,0.8613764643669128,1.0,-0.13862353563308716,0.13862353563308716,0.019216484631417785,2020-12,2021-01-25T01:30:00+00:00,5.0,pseudo_real_time
twentieth,stable,xgboost,2021-04,0.5733497142791748,0.9,-0.3266502857208252,0.3266502857208252,0.10670040916149676,2021-01,2021-04-25T01:30:00+00:00,5.0,pseudo_real_time
twentieth,stable,xgboost,2021-05,0.80693519115448,1.6,-0.7930648088455201,0.7930648088455201,0.6289517910291813,2021-04,2021-05-24T01:30:00+00:00,5.0,pseudo_real_time
twentieth,stable,xgboost,2021-06,-0.16836370527744293,0.3,-0.4683637052774429,0.4683637052774429,0.2193645604212154,2021-05,2021-06-24T01:30:00+00:00,5.0,pseudo_real_time
twentieth,stable,xgboost,2021-07,0.08865579962730408,0.5,-0.4113442003726959,0.4113442003726959,0.1692040511802526,2021-06,2021-07-26T01:30:00+00:00,5.0,pseudo_real_time
twentieth,stable,xgboost,2021-08,0.2933137118816376,0.7,-0.4066862881183624,0.4066862881183624,0.16539373694349166,2021-07,2021-08-24T01:30:00+00:00,5.0,pseudo_real_time
twentieth,stable,xgboost,2021-09,0.7910991907119751,1.2,-0.40890080928802486,0.40890080928802486,0.16719987183640167,2021-08,2021-09-24T01:30:00+00:00,5.0,pseudo_real_time
twentieth,stable,xgboost,2021-10,1.089035153388977,2.5,-1.410964846611023,1.410964846611023,1.9908217983720675,2021-09,2021-10-25T01:30:00+00:00,5.0,pseudo_real_time
twentieth,stable,xgboost,2021-11,-0.46752268075942993,0.0,-0.46752268075942993,0.46752268075942993,0.21857745702448383,2021-10,2021-11-24T01:30:00+00:00,5.0,pseudo_real_time
twentieth,stable,xgboost,2021-12,-0.47815439105033875,-1.2,0.7218456089496612,0.7218456089496612,0.5210610831599072,2021-11,2021-12-24T01:30:00+00:00,5.0,pseudo_real_time
twentieth,stable,xgboost,2022-01,-0.12393873929977417,-0.2,0.07606126070022584,0.07606126070022584,0.00578531537930772,2021-12,2022-01-24T01:30:00+00:00,5.0,pseudo_real_time
twentieth,stable,xgboost,2022-02,0.7895002961158752,0.5,0.28950029611587524,0.28950029611587524,0.08381042145117945,2022-01,2022-02-24T01:30:00+00:00,5.0,pseudo_real_time
twentieth,stable,xgboost,2022-03,0.3873959481716156,1.1,-0.7126040518283845,0.7126040518283845,0.5078045346822309,2022-02,2022-03-24T01:30:00+00:00,5.0,pseudo_real_time
twentieth,stable,xgboost,2022-04,0.32752472162246704,0.6,-0.27247527837753294,0.27247527837753294,0.07424277732691406,2022-03,2022-04-24T01:30:00+00:00,5.0,pseudo_real_time
twentieth,stable,xgboost,2022-05,-0.1631869226694107,0.1,-0.2631869226694107,0.2631869226694107,0.06926735626419436,2022-04,2022-05-24T01:30:00+00:00,5.0,pseudo_real_time
twentieth,stable,xgboost,2022-06,-0.05000672489404678,0.0,-0.05000672489404678,0.05000672489404678,0.0025006725346288783,2022-05,2022-06-24T01:30:00+00:00,5.0,pseudo_real_time
twentieth,stable,xgboost,2022-07,-0.6349228620529175,-1.3,0.6650771379470826,0.6650771379470826,0.4423275994198827,2022-06,2022-07-24T01:30:00+00:00,5.0,pseudo_real_time
twentieth,stable,xgboost,2022-08,-0.7375264167785645,-1.2,0.4624735832214355,0.4624735832214355,0.21388181517767402,2022-07,2022-08-24T01:30:00+00:00,5.0,pseudo_real_time
twentieth,stable,xgboost,2022-09,-0.12435328215360641,-0.1,-0.02435328215360641,0.02435328215360641,0.0005930823516531645,2022-08,2022-09-24T01:30:00+00:00,5.0,pseudo_real_time
twentieth,stable,xgboost,2022-10,0.13432160019874573,0.2,-0.06567839980125428,0.06567839980125428,0.004313652200453399,2022-09,2022-10-24T01:30:00+00:00,5.0,pseudo_real_time
twentieth,stable,xgboost,2022-11,-0.743601381778717,0.1,-0.843601381778717,0.843601381778717,0.7116632913389607,2022-10,2022-11-24T01:30:00+00:00,5.0,pseudo_real_time
twentieth,stable,xgboost,2022-12,-0.4505171477794647,-0.5,0.04948285222053528,0.04948285222053528,0.002448552663879333,2022-11,2022-12-24T01:30:00+00:00,5.0,pseudo_real_time
twentieth,stable,xgboost,2023-01,0.13215641677379608,-0.4,0.5321564167737961,0.5321564167737961,0.28319045191352615,2022-12,2023-01-24T01:30:00+00:00,5.0,pseudo_real_time
twentieth,stable,xgboost,2023-02,-0.0526137575507164,0.0,-0.0526137575507164,0.0526137575507164,0.002768207483605567,2023-01,2023-02-24T01:30:00+00:00,5.0,pseudo_real_time
twentieth,stable,xgboost,2023-03,0.2566782832145691,0.0,0.2566782832145691,0.2566782832145691,0.06588374107397854,2023-02,2023-03-24T01:30:00+00:00,5.0,pseudo_real_time
twentieth,stable,xgboost,2023-04,-0.16945448517799377,-0.5,0.3305455148220062,0.3305455148220062,0.10926033736894514,2023-03,2023-04-24T01:30:00+00:00,5.0,pseudo_real_time
twentieth,stable,xgboost,2023-05,-0.591808021068573,-0.9,0.308191978931427,0.308191978931427,0.09498229587766915,2023-04,2023-05-24T01:30:00+00:00,5.0,pseudo_real_time
twentieth,stable,xgboost,2023-06,-0.33563873171806335,-0.8,0.4643612682819367,0.4643612682819367,0.21563138748040878,2023-05,2023-06-24T01:30:00+00:00,5.0,pseudo_real_time
twentieth,stable,xgboost,2023-07,0.3364076316356659,-0.2,0.5364076316356658,0.5364076316356658,0.2877331472769842,2023-06,2023-07-24T01:30:00+00:00,5.0,pseudo_real_time
twentieth,stable,xgboost,2023-08,0.3810053765773773,0.2,0.1810053765773773,0.1810053765773773,0.03276294634991817,2023-07,2023-08-24T01:30:00+00:00,5.0,pseudo_real_time
twentieth,stable,xgboost,2023-09,0.24570611119270325,0.4,-0.15429388880729678,0.15429388880729678,0.023806604123278462,2023-08,2023-09-24T01:30:00+00:00,5.0,pseudo_real_time
twentieth,stable,xgboost,2023-10,-0.4351232945919037,0.0,-0.4351232945919037,0.4351232945919037,0.1893322814965126,2023-09,2023-10-24T01:30:00+00:00,5.0,pseudo_real_time
twentieth,stable,xgboost,2023-11,-0.2644105553627014,-0.3,0.03558944463729857,0.03558944463729857,0.0012666085695913403,2023-10,2023-11-24T01:30:00+00:00,5.0,pseudo_real_time
twentieth,stable,xgboost,2023-12,-0.21205730736255646,-0.3,0.08794269263744353,0.08794269263744353,0.007733917188323865,2023-11,2023-12-24T01:30:00+00:00,5.0,pseudo_real_time
twentieth,stable,xgboost,2024-01,-0.2740724980831146,-0.2,-0.07407249808311461,0.07407249808311461,0.005486734972273018,2023-12,2024-01-24T01:30:00+00:00,5.0,pseudo_real_time
twentieth,stable,xgboost,2024-04,-0.060190651565790176,-0.2,0.13980934843420983,0.13980934843420983,0.019546653909598293,2024-01,2024-04-24T01:30:00+00:00,5.0,pseudo_real_time
twentieth,stable,xgboost,2024-05,0.1639605164527893,0.2,-0.036039483547210704,0.036039483547210704,0.001298844374349671,2024-04,2024-05-24T01:30:00+00:00,5.0,pseudo_real_time
twentieth,stable,xgboost,2024-06,0.09477648138999939,0.1,-0.005223518610000616,0.005223518610000616,2.7285146669022766e-05,2024-05,2024-06-24T01:30:00+00:00,5.0,pseudo_real_time
twentieth,stable,xgboost,2024-07,-0.3407949209213257,-0.2,-0.14079492092132567,0.14079492092132567,0.01982320975724235,2024-06,2024-07-24T01:30:00+00:00,5.0,pseudo_real_time
twentieth,stable,xgboost,2024-08,-0.35677197575569153,-0.7,0.3432280242443084,0.3432280242443084,0.11780547662665157,2024-07,2024-08-24T01:30:00+00:00,5.0,pseudo_real_time
twentieth,stable,xgboost,2024-09,-0.08965325355529785,-0.6,0.5103467464447021,0.5103467464447021,0.26045380160669307,2024-08,2024-09-24T01:30:00+00:00,5.0,pseudo_real_time
twentieth,stable,xgboost,2024-10,0.34345975518226624,-0.1,0.4434597551822662,0.4434597551822662,0.1966565544663155,2024-09,2024-10-24T01:30:00+00:00,5.0,pseudo_real_time
twentieth,stable,xgboost,2024-11,-0.38914769887924194,-0.1,-0.28914769887924197,0.28914769887924197,0.08360639176716078,2024-10,2024-11-24T01:30:00+00:00,5.0,pseudo_real_time
twentieth,stable,xgboost,2024-12,-0.17694132030010223,-0.1,-0.07694132030010223,0.07694132030010223,0.005919966769522923,2024-11,2024-12-24T01:30:00+00:00,5.0,pseudo_real_time
twentieth,stable,xgboost,2025-01,-0.20045967400074005,-0.2,-0.00045967400074004017,0.00045967400074004017,2.1130018695635444e-07,2024-12,2025-01-24T01:30:00+00:00,5.0,pseudo_real_time
twentieth,stable,xgboost,2025-02,-0.1261492818593979,-0.1,-0.026149281859397883,0.026149281859397883,0.0006837849417622351,2025-01,2025-02-24T01:30:00+00:00,5.0,pseudo_real_time
twentieth,stable,xgboost,2025-03,-0.11593575775623322,-0.4,0.2840642422437668,0.2840642422437668,0.08069249372152543,2025-02,2025-03-24T01:30:00+00:00,5.0,pseudo_real_time
twentieth,stable,xgboost,2025-04,-0.6432836055755615,-0.4,-0.2432836055755615,0.2432836055755615,0.05918691274184538,2025-03,2025-04-24T01:30:00+00:00,5.0,pseudo_real_time
twentieth,stable,xgboost,2025-05,-0.26100027561187744,-0.4,0.13899972438812258,0.13899972438812258,0.01932092337997404,2025-04,2025-05-24T01:30:00+00:00,5.0,pseudo_real_time
twentieth,stable,xgboost,2025-06,-0.08946633338928223,-0.4,0.3105336666107178,0.3105336666107178,0.09643115809869643,2025-05,2025-06-24T01:30:00+00:00,5.0,pseudo_real_time
twentieth,stable,xgboost,2025-07,0.06583268195390701,-0.2,0.265832681953907,0.265832681953907,0.07066701479480708,2025-06,2025-07-24T01:30:00+00:00,5.0,pseudo_real_time
twentieth,stable,xgboost,2025-08,0.18317385017871857,0.0,0.18317385017871857,0.18317385017871857,0.033552659389295636,2025-07,2025-08-24T01:30:00+00:00,5.0,pseudo_real_time
twentieth,stable,xgboost,2025-09,-0.2425202876329422,0.0,-0.2425202876329422,0.2425202876329422,0.05881608991356502,2025-08,2025-09-24T01:30:00+00:00,5.0,pseudo_real_time
twentieth,stable,xgboost,2025-10,-0.3783923387527466,0.1,-0.47839233875274656,0.47839233875274656,0.22885922977732262,2025-09,2025-10-24T01:30:00+00:00,25.0,pseudo_real_time
twentieth,stable,xgboost,2025-11,-0.012684798799455166,0.1,-0.11268479879945517,0.11268479879945517,0.012697863880473694,2025-10,2025-11-24T01:30:00+00:00,25.0,pseudo_real_time
twentieth,stable,xgboost,2025-12,-0.03773997351527214,0.2,-0.23773997351527215,0.23773997351527215,0.0565202950070423,2025-11,2025-12-24T01:30:00+00:00,5.0,pseudo_real_time
twentieth,stable,xgboost,2026-01,0.02914651855826378,0.4,-0.37085348144173624,0.37085348144173624,0.1375323046974562,2025-12,2026-01-24T01:30:00+00:00,5.0,pseudo_real_time
twentieth,stable,xgboost,2026-04,0.4448660910129547,1.7,-1.2551339089870452,1.2551339089870452,1.5753611294891003,2026-01,2026-04-24T01:30:00+00:00,5.0,pseudo_real_time
twentieth,stable,xgboost,2026-05,-0.10661633312702179,0.5,-0.6066163331270218,0.6066163331270218,0.3679833756164739,2026-04,2026-05-24T01:30:00+00:00,5.0,pseudo_real_time
twentieth,stable,xgboost,2026-06,-0.26832738518714905,-0.3,0.03167261481285094,0.03167261481285094,0.001003154529083225,2026-05,2026-06-24T01:30:00+00:00,5.0,pseudo_real_time
twentieth,stable,xgboost,2026-07,-0.09455464780330658,-0.7,0.6054453521966934,0.6054453521966934,0.3665640744965781,2026-06,2026-07-24T01:30:00+00:00,5.0,pseudo_real_time
twentieth,stable,xgboost,2026-08,0.11786285787820816,0.4,-0.28213714212179186,0.28213714212179186,0.07960136696465218,2026-07,2026-08-24T01:30:00+00:00,5.0,pseudo_real_time
twentieth,stable,catboost,2016-04,-0.13731902115232905,0.7,-0.837319021152329,0.837319021152329,0.7011031431834944,2016-03,2016-04-25T01:30:00+00:00,5.0,pseudo_real_time
twentieth,stable,catboost,2016-05,-0.22611692896061691,0.5,-0.7261169289606169,0.7261169289606169,0.5272457945231975,2016-04,2016-05-24T01:30:00+00:00,5.0,pseudo_real_time
twentieth,stable,catboost,2016-06,-0.24019236957818307,-0.2,-0.04019236957818306,0.04019236957818306,0.0016154265723092554,2016-05,2016-06-24T01:30:00+00:00,5.0,pseudo_real_time
twentieth,stable,catboost,2016-07,-0.02784280660480276,0.2,-0.22784280660480277,0.22784280660480277,0.051912344521553556,2016-06,2016-07-25T01:30:00+00:00,5.0,pseudo_real_time
twentieth,stable,catboost,2016-08,0.15835828124228357,0.2,-0.04164171875771644,0.04164171875771644,0.0017340327410967531,2016-07,2016-08-24T01:30:00+00:00,5.0,pseudo_real_time
twentieth,stable,catboost,2016-09,0.29822617394713946,0.5,-0.20177382605286054,0.20177382605286054,0.04071267688001002,2016-08,2016-09-26T01:30:00+00:00,5.0,pseudo_real_time
twentieth,stable,catboost,2016-10,0.3494613349011795,0.7,-0.3505386650988205,0.3505386650988205,0.12287735572926302,2016-09,2016-10-24T01:30:00+00:00,5.0,pseudo_real_time
twentieth,stable,catboost,2016-11,0.4412668059013819,1.5,-1.0587331940986182,1.0587331940986182,1.1209159762862624,2016-10,2016-11-24T01:30:00+00:00,5.0,pseudo_real_time
twentieth,stable,catboost,2016-12,0.3203817743444223,1.6,-1.279618225655578,1.279618225655578,1.6374228034299296,2016-11,2016-12-26T01:30:00+00:00,5.0,pseudo_real_time
twentieth,stable,catboost,2017-01,-0.3408642400307334,0.8,-1.1408642400307334,1.1408642400307334,1.3015712141809028,2016-12,2017-01-24T01:30:00+00:00,5.0,pseudo_real_time
twentieth,stable,catboost,2017-02,0.11861125754937907,0.6,-0.4813887424506209,0.4813887424506209,0.23173512135819024,2017-01,2017-02-24T01:30:00+00:00,5.0,pseudo_real_time
twentieth,stable,catboost,2017-03,-0.059984733416612895,0.3,-0.35998473341661286,0.35998473341661286,0.12958900829302983,2017-02,2017-03-24T01:30:00+00:00,5.0,pseudo_real_time
twentieth,stable,catboost,2017-04,-0.37016798512603927,-0.4,0.029832014873960755,0.029832014873960755,0.0008899491114402157,2017-03,2017-04-24T01:30:00+00:00,5.0,pseudo_real_time
twentieth,stable,catboost,2017-05,-0.09264591351674867,-0.3,0.20735408648325132,0.20735408648325132,0.04299571718130367,2017-04,2017-05-24T01:30:00+00:00,5.0,pseudo_real_time
twentieth,stable,catboost,2017-06,0.029775941481713933,-0.2,0.22977594148171393,0.22977594148171393,0.052796983283808024,2017-05,2017-06-26T01:30:00+00:00,5.0,pseudo_real_time
twentieth,stable,catboost,2017-07,0.33973670274937273,0.2,0.13973670274937272,0.13973670274937272,0.019526346095266548,2017-06,2017-07-24T01:30:00+00:00,5.0,pseudo_real_time
twentieth,stable,catboost,2017-08,0.6826465642132015,0.9,-0.21735343578679855,0.21735343578679855,0.04724251604832596,2017-07,2017-08-24T01:30:00+00:00,5.0,pseudo_real_time
twentieth,stable,catboost,2017-09,0.6593064307813367,1.0,-0.34069356921866334,0.34069356921866334,0.11607210810695215,2017-08,2017-09-25T01:30:00+00:00,5.0,pseudo_real_time
twentieth,stable,catboost,2017-10,0.13183190165055664,0.7,-0.5681680983494433,0.5681680983494433,0.3228149879820226,2017-09,2017-10-24T01:30:00+00:00,5.0,pseudo_real_time
twentieth,stable,catboost,2017-11,0.19718243972581823,0.5,-0.3028175602741818,0.3028175602741818,0.09169847481040772,2017-10,2017-11-24T01:30:00+00:00,5.0,pseudo_real_time
twentieth,stable,catboost,2017-12,0.2621463449386832,0.8,-0.5378536550613169,0.5378536550613169,0.289286554262818,2017-11,2017-12-25T01:30:00+00:00,5.0,pseudo_real_time
twentieth,stable,catboost,2018-01,0.02445155607799938,0.3,-0.2755484439220006,0.2755484439220006,0.07592694494783592,2017-12,2018-01-24T01:30:00+00:00,5.0,pseudo_real_time
twentieth,stable,catboost,2018-04,-0.14295119653920887,-0.2,0.057048803460791137,0.057048803460791137,0.0032545659763079746,2018-01,2018-04-24T01:30:00+00:00,5.0,pseudo_real_time
twentieth,stable,catboost,2018-05,0.187414201884771,0.4,-0.212585798115229,0.212585798115229,0.04519272156028891,2018-04,2018-05-24T01:30:00+00:00,25.0,pseudo_real_time
twentieth,stable,catboost,2018-06,0.04270426691762734,0.3,-0.25729573308237264,0.25729573308237264,0.06620109426239554,2018-05,2018-06-25T01:30:00+00:00,25.0,pseudo_real_time
twentieth,stable,catboost,2018-07,-0.1264363616649129,0.1,-0.2264363616649129,0.2264363616649129,0.05127342588404324,2018-06,2018-07-24T01:30:00+00:00,5.0,pseudo_real_time
twentieth,stable,catboost,2018-08,0.19872771255009078,0.4,-0.20127228744990924,0.20127228744990924,0.040510533695318894,2018-07,2018-08-24T01:30:00+00:00,5.0,pseudo_real_time
twentieth,stable,catboost,2018-09,0.35993478321032085,0.6,-0.24006521678967913,0.24006521678967913,0.057631308312275635,2018-08,2018-09-25T01:30:00+00:00,5.0,pseudo_real_time
twentieth,stable,catboost,2018-10,0.039604422718860444,0.4,-0.3603955772811396,0.3603955772811396,0.12988497212380584,2018-09,2018-10-24T01:30:00+00:00,5.0,pseudo_real_time
twentieth,stable,catboost,2018-11,-0.3019149049133362,-0.2,-0.10191490491333621,0.10191490491333621,0.010386647843494362,2018-10,2018-11-26T01:30:00+00:00,5.0,pseudo_real_time
twentieth,stable,catboost,2018-12,-0.38491744372149317,-1.0,0.6150825562785068,0.6150825562785068,0.37832655103810253,2018-11,2018-12-24T01:30:00+00:00,5.0,pseudo_real_time
twentieth,stable,catboost,2019-01,-0.2797020020292796,-0.6,0.3202979979707204,0.3202979979707204,0.10259080750405161,2018-12,2019-01-24T01:30:00+00:00,5.0,pseudo_real_time
twentieth,stable,catboost,2019-02,0.015524791107591515,-0.1,0.11552479110759152,0.11552479110759152,0.013345977360452657,2019-01,2019-02-25T01:30:00+00:00,5.0,pseudo_real_time
twentieth,stable,catboost,2019-03,0.0815124820824745,0.1,-0.01848751791752551,0.01848751791752551,0.0003417883187508267,2019-02,2019-03-25T01:30:00+00:00,5.0,pseudo_real_time
twentieth,stable,catboost,2019-04,-0.05234640282002191,0.3,-0.3523464028200219,0.3523464028200219,0.12414798758020913,2019-03,2019-04-24T01:30:00+00:00,5.0,pseudo_real_time
twentieth,stable,catboost,2019-07,0.11828579997389024,-0.2,0.3182857999738903,0.3182857999738903,0.10130585046501929,2019-04,2019-07-24T01:30:00+00:00,5.0,pseudo_real_time
twentieth,stable,catboost,2019-08,-0.05810355232880282,-0.1,0.041896447671197184,0.041896447671197184,0.001755312327465364,2019-07,2019-08-26T01:30:00+00:00,5.0,pseudo_real_time
twentieth,stable,catboost,2019-09,0.14959604768987894,0.1,0.049596047689878936,0.049596047689878936,0.0024597679464567457,2019-08,2019-09-24T01:30:00+00:00,5.0,pseudo_real_time
twentieth,stable,catboost,2019-10,-0.16623300836709531,0.1,-0.2662330083670953,0.2662330083670953,0.07088001474419384,2019-09,2019-10-24T01:30:00+00:00,5.0,pseudo_real_time
twentieth,stable,catboost,2019-11,-0.33185362996955137,-0.1,-0.23185362996955136,0.23185362996955136,0.053756105730057645,2019-10,2019-11-25T01:30:00+00:00,5.0,pseudo_real_time
twentieth,stable,catboost,2019-12,0.048300203684027904,0.0,0.048300203684027904,0.048300203684027904,0.0023329096759185826,2019-11,2019-12-24T01:30:00+00:00,25.0,pseudo_real_time
twentieth,stable,catboost,2020-01,-0.11324187612843054,0.0,-0.11324187612843054,0.11324187612843054,0.012823722509086805,2019-12,2020-01-23T01:30:00+00:00,25.0,pseudo_real_time
twentieth,stable,catboost,2020-02,-0.18007320768494373,-0.5,0.3199267923150563,0.3199267923150563,0.10235315244100116,2020-01,2020-02-24T01:30:00+00:00,25.0,pseudo_real_time
twentieth,stable,catboost,2020-03,-0.08048477331472431,-1.0,0.9195152266852757,0.9195152266852757,0.845508252106074,2020-02,2020-03-24T01:30:00+00:00,25.0,pseudo_real_time
twentieth,stable,catboost,2020-04,-0.2866872232434005,-1.3,1.0133127767565995,1.0133127767565995,1.0268027835381701,2020-03,2020-04-24T01:30:00+00:00,25.0,pseudo_real_time
twentieth,stable,catboost,2020-05,-0.09286074563961122,-0.4,0.3071392543603888,0.3071392543603888,0.09433452156905561,2020-04,2020-05-25T01:30:00+00:00,25.0,pseudo_real_time
twentieth,stable,catboost,2020-06,0.12334604642084485,0.4,-0.2766539535791552,0.2766539535791552,0.07653741003097735,2020-05,2020-06-24T01:30:00+00:00,25.0,pseudo_real_time
twentieth,stable,catboost,2020-07,0.013250744783362103,0.4,-0.38674925521663794,0.38674925521663794,0.14957498641062414,2020-06,2020-07-24T01:30:00+00:00,5.0,pseudo_real_time
twentieth,stable,catboost,2020-08,0.33664236447041884,0.3,0.03664236447041885,0.03664236447041885,0.0013426628739830139,2020-07,2020-08-24T01:30:00+00:00,25.0,pseudo_real_time
twentieth,stable,catboost,2020-09,0.30920396876503864,0.1,0.20920396876503863,0.20920396876503863,0.04376630054704326,2020-08,2020-09-24T01:30:00+00:00,5.0,pseudo_real_time
twentieth,stable,catboost,2020-10,0.25172270767972404,0.0,0.25172270767972404,0.25172270767972404,0.0633643215616118,2020-09,2020-10-26T01:30:00+00:00,5.0,pseudo_real_time
twentieth,stable,catboost,2020-11,0.5662702126865504,0.5,0.06627021268655042,0.06627021268655042,0.004391741089520629,2020-10,2020-11-24T01:30:00+00:00,5.0,pseudo_real_time
twentieth,stable,catboost,2020-12,0.6309526968834035,1.1,-0.4690473031165966,0.4690473031165966,0.22000537256095246,2020-11,2020-12-24T01:30:00+00:00,5.0,pseudo_real_time
twentieth,stable,catboost,2021-01,0.7535386325692457,1.0,-0.2464613674307543,0.2464613674307543,0.06074320563583728,2020-12,2021-01-25T01:30:00+00:00,5.0,pseudo_real_time
twentieth,stable,catboost,2021-04,0.5016406673726523,0.9,-0.3983593326273477,0.3983593326273477,0.15869015789130583,2021-01,2021-04-25T01:30:00+00:00,5.0,pseudo_real_time
twentieth,stable,catboost,2021-05,0.8003658663565447,1.6,-0.7996341336434554,0.7996341336434554,0.6394147476877194,2021-04,2021-05-24T01:30:00+00:00,5.0,pseudo_real_time
twentieth,stable,catboost,2021-06,-0.13409200767993604,0.3,-0.43409200767993605,0.43409200767993605,0.18843587113159765,2021-05,2021-06-24T01:30:00+00:00,5.0,pseudo_real_time
twentieth,stable,catboost,2021-07,0.07359246040209197,0.5,-0.426407539597908,0.426407539597908,0.18182338982594148,2021-06,2021-07-26T01:30:00+00:00,5.0,pseudo_real_time
twentieth,stable,catboost,2021-08,0.29166225692680414,0.7,-0.4083377430731958,0.4083377430731958,0.16673971241811128,2021-07,2021-08-24T01:30:00+00:00,5.0,pseudo_real_time
twentieth,stable,catboost,2021-09,0.7044068329865519,1.2,-0.495593167013448,0.495593167013448,0.2456125871904194,2021-08,2021-09-24T01:30:00+00:00,5.0,pseudo_real_time
twentieth,stable,catboost,2021-10,0.9485105904127356,2.5,-1.5514894095872644,1.5514894095872644,2.4071193880614383,2021-09,2021-10-25T01:30:00+00:00,5.0,pseudo_real_time
twentieth,stable,catboost,2021-11,-0.376834676515201,0.0,-0.376834676515201,0.376834676515201,0.14200437342431615,2021-10,2021-11-24T01:30:00+00:00,5.0,pseudo_real_time
twentieth,stable,catboost,2021-12,-0.3547090587193542,-1.2,0.8452909412806457,0.8452909412806457,0.7145167754111201,2021-11,2021-12-24T01:30:00+00:00,5.0,pseudo_real_time
twentieth,stable,catboost,2022-01,-0.18761492980841687,-0.2,0.012385070191583136,0.012385070191583136,0.00015338996365044113,2021-12,2022-01-24T01:30:00+00:00,5.0,pseudo_real_time
twentieth,stable,catboost,2022-02,0.5187376836802812,0.5,0.01873768368028117,0.01873768368028117,0.0003511007897022753,2022-01,2022-02-24T01:30:00+00:00,5.0,pseudo_real_time
twentieth,stable,catboost,2022-03,0.5437583560777917,1.1,-0.5562416439222084,0.5562416439222084,0.3094047664332809,2022-02,2022-03-24T01:30:00+00:00,5.0,pseudo_real_time
twentieth,stable,catboost,2022-04,0.42446755908389905,0.6,-0.17553244091610093,0.17553244091610093,0.030811637813964465,2022-03,2022-04-24T01:30:00+00:00,5.0,pseudo_real_time
twentieth,stable,catboost,2022-05,-0.07785137688559107,0.1,-0.17785137688559108,0.17785137688559108,0.03163111226010056,2022-04,2022-05-24T01:30:00+00:00,5.0,pseudo_real_time
twentieth,stable,catboost,2022-06,-0.11161733598013163,0.0,-0.11161733598013163,0.11161733598013163,0.012458429691301585,2022-05,2022-06-24T01:30:00+00:00,25.0,pseudo_real_time
twentieth,stable,catboost,2022-07,-0.5267934499863874,-1.3,0.7732065500136126,0.7732065500136126,0.5978483689839532,2022-06,2022-07-24T01:30:00+00:00,5.0,pseudo_real_time
twentieth,stable,catboost,2022-08,-0.2583196220879019,-1.2,0.9416803779120981,0.9416803779120981,0.886761934144672,2022-07,2022-08-24T01:30:00+00:00,25.0,pseudo_real_time
twentieth,stable,catboost,2022-09,-0.031382913893878706,-0.1,0.0686170861061213,0.0686170861061213,0.004708304505694864,2022-08,2022-09-24T01:30:00+00:00,5.0,pseudo_real_time
twentieth,stable,catboost,2022-10,0.19819363748376934,0.2,-0.0018063625162306751,0.0018063625162306751,3.262945540043216e-06,2022-09,2022-10-24T01:30:00+00:00,5.0,pseudo_real_time
twentieth,stable,catboost,2022-11,-0.5943487330775209,0.1,-0.6943487330775209,0.6943487330775209,0.4821201631263583,2022-10,2022-11-24T01:30:00+00:00,5.0,pseudo_real_time
twentieth,stable,catboost,2022-12,-0.23252187373740263,-0.5,0.26747812626259737,0.26747812626259737,0.07154454802894998,2022-11,2022-12-24T01:30:00+00:00,5.0,pseudo_real_time
twentieth,stable,catboost,2023-01,0.044083775275428824,-0.4,0.44408377527542886,0.44408377527542886,0.1972103994628776,2022-12,2023-01-24T01:30:00+00:00,5.0,pseudo_real_time
twentieth,stable,catboost,2023-02,-0.11685450481451173,0.0,-0.11685450481451173,0.11685450481451173,0.013654975295444747,2023-01,2023-02-24T01:30:00+00:00,5.0,pseudo_real_time
twentieth,stable,catboost,2023-03,0.20832140021073609,0.0,0.20832140021073609,0.20832140021073609,0.043397805785761676,2023-02,2023-03-24T01:30:00+00:00,5.0,pseudo_real_time
twentieth,stable,catboost,2023-04,-0.23964399431183403,-0.5,0.26035600568816597,0.26035600568816597,0.06778524969789632,2023-03,2023-04-24T01:30:00+00:00,5.0,pseudo_real_time
twentieth,stable,catboost,2023-05,-0.5244991679969566,-0.9,0.3755008320030434,0.3755008320030434,0.14100087483497784,2023-04,2023-05-24T01:30:00+00:00,5.0,pseudo_real_time
twentieth,stable,catboost,2023-06,-0.3202985051136551,-0.8,0.47970149488634495,0.47970149488634495,0.23011352419619402,2023-05,2023-06-24T01:30:00+00:00,5.0,pseudo_real_time
twentieth,stable,catboost,2023-07,0.5253729377632397,-0.2,0.7253729377632396,0.7253729377632396,0.5261658988392727,2023-06,2023-07-24T01:30:00+00:00,5.0,pseudo_real_time
twentieth,stable,catboost,2023-08,0.32242983071182435,0.2,0.12242983071182434,0.12242983071182434,0.014989063448125966,2023-07,2023-08-24T01:30:00+00:00,5.0,pseudo_real_time
twentieth,stable,catboost,2023-09,0.21224478633894459,0.4,-0.18775521366105544,0.18775521366105544,0.03525202025690858,2023-08,2023-09-24T01:30:00+00:00,5.0,pseudo_real_time
twentieth,stable,catboost,2023-10,-0.29832626552772923,0.0,-0.29832626552772923,0.29832626552772923,0.08899856070372121,2023-09,2023-10-24T01:30:00+00:00,5.0,pseudo_real_time
twentieth,stable,catboost,2023-11,-0.3525660320881375,-0.3,-0.05256603208813754,0.05256603208813754,0.0027631877294911054,2023-10,2023-11-24T01:30:00+00:00,5.0,pseudo_real_time
twentieth,stable,catboost,2023-12,-0.13743963185075525,-0.3,0.16256036814924474,0.16256036814924474,0.026425873292817984,2023-11,2023-12-24T01:30:00+00:00,5.0,pseudo_real_time
twentieth,stable,catboost,2024-01,-0.24747224004995738,-0.2,-0.04747224004995737,0.04747224004995737,0.0022536135753607766,2023-12,2024-01-24T01:30:00+00:00,5.0,pseudo_real_time
twentieth,stable,catboost,2024-04,-0.08983549457901246,-0.2,0.11016450542098755,0.11016450542098755,0.012136218254650794,2024-01,2024-04-24T01:30:00+00:00,5.0,pseudo_real_time
twentieth,stable,catboost,2024-05,0.1390562175819423,0.2,-0.0609437824180577,0.0609437824180577,0.003714144615419559,2024-04,2024-05-24T01:30:00+00:00,5.0,pseudo_real_time
twentieth,stable,catboost,2024-06,-0.013800203393788082,0.1,-0.11380020339378809,0.11380020339378809,0.012950486292467539,2024-05,2024-06-24T01:30:00+00:00,5.0,pseudo_real_time
twentieth,stable,catboost,2024-07,-0.2838662872519656,-0.2,-0.0838662872519656,0.0838662872519656,0.007033554137429208,2024-06,2024-07-24T01:30:00+00:00,5.0,pseudo_real_time
twentieth,stable,catboost,2024-08,-0.31608340088514597,-0.7,0.383916599114854,0.383916599114854,0.14739195507591552,2024-07,2024-08-24T01:30:00+00:00,5.0,pseudo_real_time
twentieth,stable,catboost,2024-09,-0.1022856575658532,-0.6,0.4977143424341468,0.4977143424341468,0.24771956666465514,2024-08,2024-09-24T01:30:00+00:00,5.0,pseudo_real_time
twentieth,stable,catboost,2024-10,0.24552833964858928,-0.1,0.3455283396485893,0.3455283396485893,0.11938983350031089,2024-09,2024-10-24T01:30:00+00:00,5.0,pseudo_real_time
twentieth,stable,catboost,2024-11,-0.27374574035455257,-0.1,-0.17374574035455256,0.17374574035455256,0.030187582291351597,2024-10,2024-11-24T01:30:00+00:00,5.0,pseudo_real_time
twentieth,stable,catboost,2024-12,-0.16348896718360625,-0.1,-0.06348896718360625,0.06348896718360625,0.004030848954041031,2024-11,2024-12-24T01:30:00+00:00,5.0,pseudo_real_time
twentieth,stable,catboost,2025-01,-0.21133305652986642,-0.2,-0.011333056529866409,0.011333056529866409,0.00012843817030914765,2024-12,2025-01-24T01:30:00+00:00,5.0,pseudo_real_time
twentieth,stable,catboost,2025-02,-0.13335770038974445,-0.1,-0.03335770038974445,0.03335770038974445,0.001112736175291957,2025-01,2025-02-24T01:30:00+00:00,5.0,pseudo_real_time
twentieth,stable,catboost,2025-03,-0.20038987375135572,-0.4,0.1996101262486443,0.1996101262486443,0.039844202500999716,2025-02,2025-03-24T01:30:00+00:00,5.0,pseudo_real_time
twentieth,stable,catboost,2025-04,-0.38446467907543985,-0.4,0.01553532092456017,0.01553532092456017,0.00024134619622907704,2025-03,2025-04-24T01:30:00+00:00,5.0,pseudo_real_time
twentieth,stable,catboost,2025-05,-0.2791181031738002,-0.4,0.12088189682619982,0.12088189682619982,0.014612432980300018,2025-04,2025-05-24T01:30:00+00:00,5.0,pseudo_real_time
twentieth,stable,catboost,2025-06,-0.06680867349126657,-0.4,0.33319132650873345,0.33319132650873345,0.11101646006064943,2025-05,2025-06-24T01:30:00+00:00,5.0,pseudo_real_time
twentieth,stable,catboost,2025-07,0.07564802113409035,-0.2,0.27564802113409037,0.27564802113409037,0.07598183155513993,2025-06,2025-07-24T01:30:00+00:00,5.0,pseudo_real_time
twentieth,stable,catboost,2025-08,0.18439091736713364,0.0,0.18439091736713364,0.18439091736713364,0.034000010407493106,2025-07,2025-08-24T01:30:00+00:00,5.0,pseudo_real_time
twentieth,stable,catboost,2025-09,-0.2163652921724571,0.0,-0.2163652921724571,0.2163652921724571,0.04681393965687272,2025-08,2025-09-24T01:30:00+00:00,5.0,pseudo_real_time
twentieth,stable,catboost,2025-10,-0.2693828736501316,0.1,-0.36938287365013156,0.36938287365013156,0.13644370734602906,2025-09,2025-10-24T01:30:00+00:00,5.0,pseudo_real_time
twentieth,stable,catboost,2025-11,0.06260176687417238,0.1,-0.03739823312582763,0.03739823312582763,0.001398627840933751,2025-10,2025-11-24T01:30:00+00:00,5.0,pseudo_real_time
twentieth,stable,catboost,2025-12,-0.07486443238701884,0.2,-0.27486443238701885,0.27486443238701885,0.07555045619143806,2025-11,2025-12-24T01:30:00+00:00,5.0,pseudo_real_time
twentieth,stable,catboost,2026-01,-0.08336552565512362,0.4,-0.48336552565512364,0.48336552565512364,0.233642231391854,2025-12,2026-01-24T01:30:00+00:00,5.0,pseudo_real_time
twentieth,stable,catboost,2026-04,0.5394673383106267,1.7,-1.1605326616893734,1.1605326616893734,1.3468360588478216,2026-01,2026-04-24T01:30:00+00:00,5.0,pseudo_real_time
twentieth,stable,catboost,2026-05,-0.013423058723623378,0.5,-0.5134230587236234,0.5134230587236234,0.2636032372291212,2026-04,2026-05-24T01:30:00+00:00,5.0,pseudo_real_time
twentieth,stable,catboost,2026-06,-0.25808579106476237,-0.3,0.04191420893523762,0.04191420893523762,0.001756800910666753,2026-05,2026-06-24T01:30:00+00:00,5.0,pseudo_real_time
twentieth,stable,catboost,2026-07,-0.14337986728723356,-0.7,0.5566201327127664,0.5566201327127664,0.30982597214117774,2026-06,2026-07-24T01:30:00+00:00,5.0,pseudo_real_time
twentieth,stable,catboost,2026-08,0.01168062715996418,0.4,-0.3883193728400358,0.3883193728400358,0.15079193532287874,2026-07,2026-08-24T01:30:00+00:00,5.0,pseudo_real_time
twentieth,stable,lightgbm,2016-04,-0.19277139802971557,0.7,-0.8927713980297155,0.8927713980297155,0.7970407691399327,2016-03,2016-04-25T01:30:00+00:00,25.0,pseudo_real_time
twentieth,stable,lightgbm,2016-05,-0.11317554426280864,0.5,-0.6131755442628086,0.6131755442628086,0.3759842480819916,2016-04,2016-05-24T01:30:00+00:00,5.0,pseudo_real_time
twentieth,stable,lightgbm,2016-06,-0.15682883664081698,-0.2,0.04317116335918303,0.04317116335918303,0.0018637493457852672,2016-05,2016-06-24T01:30:00+00:00,5.0,pseudo_real_time
twentieth,stable,lightgbm,2016-07,-0.10447480201895498,0.2,-0.304474802018955,0.304474802018955,0.09270490506448184,2016-06,2016-07-25T01:30:00+00:00,5.0,pseudo_real_time
twentieth,stable,lightgbm,2016-08,-0.0807601742267882,0.2,-0.28076017422678823,0.28076017422678823,0.07882627543185648,2016-07,2016-08-24T01:30:00+00:00,5.0,pseudo_real_time
twentieth,stable,lightgbm,2016-09,0.2165138992947126,0.5,-0.2834861007052874,0.2834861007052874,0.08036436929308835,2016-08,2016-09-26T01:30:00+00:00,5.0,pseudo_real_time
twentieth,stable,lightgbm,2016-10,0.23569737998670282,0.7,-0.46430262001329714,0.46430262001329714,0.2155769229512122,2016-09,2016-10-24T01:30:00+00:00,5.0,pseudo_real_time
twentieth,stable,lightgbm,2016-11,0.3751477217470829,1.5,-1.1248522782529171,1.1248522782529171,1.265292647890778,2016-10,2016-11-24T01:30:00+00:00,5.0,pseudo_real_time
twentieth,stable,lightgbm,2016-12,0.5334811511132788,1.6,-1.0665188488867212,1.0665188488867212,1.137462455030657,2016-11,2016-12-26T01:30:00+00:00,5.0,pseudo_real_time
twentieth,stable,lightgbm,2017-01,-0.18987719971478859,0.8,-0.9898771997147886,0.9898771997147886,0.9798568705151914,2016-12,2017-01-24T01:30:00+00:00,5.0,pseudo_real_time
twentieth,stable,lightgbm,2017-02,0.30733680940004027,0.6,-0.2926631905999597,0.2926631905999597,0.08565174313214835,2017-01,2017-02-24T01:30:00+00:00,5.0,pseudo_real_time
twentieth,stable,lightgbm,2017-03,0.23335346888469788,0.3,-0.06664653111530211,0.06664653111530211,0.004441760109702932,2017-02,2017-03-24T01:30:00+00:00,5.0,pseudo_real_time
twentieth,stable,lightgbm,2017-04,-0.3264422130574087,-0.4,0.0735577869425913,0.0735577869425913,0.005410748019891654,2017-03,2017-04-24T01:30:00+00:00,5.0,pseudo_real_time
twentieth,stable,lightgbm,2017-05,-0.21063694411573525,-0.3,0.08936305588426474,0.08936305588426474,0.007985755756974224,2017-04,2017-05-24T01:30:00+00:00,5.0,pseudo_real_time
twentieth,stable,lightgbm,2017-06,0.37401560348175283,-0.2,0.5740156034817528,0.5740156034817528,0.3294939130405209,2017-05,2017-06-26T01:30:00+00:00,5.0,pseudo_real_time
twentieth,stable,lightgbm,2017-07,0.4281610378132858,0.2,0.22816103781328578,0.22816103781328578,0.052057459176035624,2017-06,2017-07-24T01:30:00+00:00,5.0,pseudo_real_time
twentieth,stable,lightgbm,2017-08,0.5820915554302258,0.9,-0.3179084445697742,0.3179084445697742,0.10106577912877318,2017-07,2017-08-24T01:30:00+00:00,5.0,pseudo_real_time
twentieth,stable,lightgbm,2017-09,0.9036331249406524,1.0,-0.0963668750593476,0.0963668750593476,0.00928657460870391,2017-08,2017-09-25T01:30:00+00:00,5.0,pseudo_real_time
twentieth,stable,lightgbm,2017-10,0.09007472389556535,0.7,-0.6099252761044346,0.6099252761044346,0.37200884243107074,2017-09,2017-10-24T01:30:00+00:00,5.0,pseudo_real_time
twentieth,stable,lightgbm,2017-11,0.36830119243807746,0.5,-0.13169880756192254,0.13169880756192254,0.017344575913232303,2017-10,2017-11-24T01:30:00+00:00,5.0,pseudo_real_time
twentieth,stable,lightgbm,2017-12,0.25533740245722214,0.8,-0.5446625975427779,0.5446625975427779,0.29665734516204606,2017-11,2017-12-25T01:30:00+00:00,5.0,pseudo_real_time
twentieth,stable,lightgbm,2018-01,-0.0801030852397525,0.3,-0.3801030852397525,0.3801030852397525,0.14447835540877857,2017-12,2018-01-24T01:30:00+00:00,5.0,pseudo_real_time
twentieth,stable,lightgbm,2018-04,-0.22503138925678728,-0.2,-0.025031389256787273,0.025031389256787273,0.0006265704481248053,2018-01,2018-04-24T01:30:00+00:00,5.0,pseudo_real_time
twentieth,stable,lightgbm,2018-05,0.5720470638627674,0.4,0.17204706386276736,0.17204706386276736,0.02960019218379915,2018-04,2018-05-24T01:30:00+00:00,5.0,pseudo_real_time
twentieth,stable,lightgbm,2018-06,-0.05123061527193224,0.3,-0.3512306152719322,0.3512306152719322,0.12336294510430007,2018-05,2018-06-25T01:30:00+00:00,5.0,pseudo_real_time
twentieth,stable,lightgbm,2018-07,-0.20499534848008177,0.1,-0.3049953484800818,0.3049953484800818,0.09302216259448653,2018-06,2018-07-24T01:30:00+00:00,5.0,pseudo_real_time
twentieth,stable,lightgbm,2018-08,0.427587921137822,0.4,0.02758792113782199,0.02758792113782199,0.0007610933927066854,2018-07,2018-08-24T01:30:00+00:00,5.0,pseudo_real_time
twentieth,stable,lightgbm,2018-09,0.5836500631276406,0.6,-0.016349936872359416,0.016349936872359416,0.000267320435730138,2018-08,2018-09-25T01:30:00+00:00,5.0,pseudo_real_time
twentieth,stable,lightgbm,2018-10,0.09754549863594514,0.4,-0.3024545013640549,0.3024545013640549,0.09147872539537907,2018-09,2018-10-24T01:30:00+00:00,5.0,pseudo_real_time
twentieth,stable,lightgbm,2018-11,-0.2722024341921823,-0.2,-0.07220243419218231,0.07220243419218231,0.005213191503276417,2018-10,2018-11-26T01:30:00+00:00,5.0,pseudo_real_time
twentieth,stable,lightgbm,2018-12,-0.43052168812613134,-1.0,0.5694783118738687,0.5694783118738687,0.3243055476947112,2018-11,2018-12-24T01:30:00+00:00,5.0,pseudo_real_time
twentieth,stable,lightgbm,2019-01,-0.2601676482672733,-0.6,0.3398323517327267,0.3398323517327267,0.11548602728419567,2018-12,2019-01-24T01:30:00+00:00,5.0,pseudo_real_time
twentieth,stable,lightgbm,2019-02,0.10211273108181827,-0.1,0.20211273108181826,0.20211273108181826,0.040849556065351386,2019-01,2019-02-25T01:30:00+00:00,5.0,pseudo_real_time
twentieth,stable,lightgbm,2019-03,0.16255335739899351,0.1,0.06255335739899351,0.06255335739899351,0.003912922521886216,2019-02,2019-03-25T01:30:00+00:00,5.0,pseudo_real_time
twentieth,stable,lightgbm,2019-04,-0.019048406267345285,0.3,-0.31904840626734526,0.31904840626734526,0.10179188554173299,2019-03,2019-04-24T01:30:00+00:00,5.0,pseudo_real_time
twentieth,stable,lightgbm,2019-07,0.011976683754254504,-0.2,0.21197668375425452,0.21197668375425452,0.04493411445545123,2019-04,2019-07-24T01:30:00+00:00,5.0,pseudo_real_time
twentieth,stable,lightgbm,2019-08,0.0997558843367014,-0.1,0.1997558843367014,0.1997558843367014,0.039902413327137634,2019-07,2019-08-26T01:30:00+00:00,5.0,pseudo_real_time
twentieth,stable,lightgbm,2019-09,0.08179407492450096,0.1,-0.01820592507549905,0.01820592507549905,0.00033145570785468505,2019-08,2019-09-24T01:30:00+00:00,5.0,pseudo_real_time
twentieth,stable,lightgbm,2019-10,-0.23871723379069457,0.1,-0.33871723379069457,0.33871723379069457,0.11472936446682004,2019-09,2019-10-24T01:30:00+00:00,5.0,pseudo_real_time
twentieth,stable,lightgbm,2019-11,-0.4418113362563933,-0.1,-0.34181133625639326,0.34181133625639326,0.11683498959338114,2019-10,2019-11-25T01:30:00+00:00,5.0,pseudo_real_time
twentieth,stable,lightgbm,2019-12,0.1737485593703759,0.0,0.1737485593703759,0.1737485593703759,0.030188561883281038,2019-11,2019-12-24T01:30:00+00:00,5.0,pseudo_real_time
twentieth,stable,lightgbm,2020-01,-0.08403547175910446,0.0,-0.08403547175910446,0.08403547175910446,0.007061960513775244,2019-12,2020-01-23T01:30:00+00:00,5.0,pseudo_real_time
twentieth,stable,lightgbm,2020-02,-0.19711560653703597,-0.5,0.30288439346296403,0.30288439346296403,0.09173895580342761,2020-01,2020-02-24T01:30:00+00:00,5.0,pseudo_real_time
twentieth,stable,lightgbm,2020-03,-0.04762585198569492,-1.0,0.9523741480143051,0.9523741480143051,0.9070165178059735,2020-02,2020-03-24T01:30:00+00:00,5.0,pseudo_real_time
twentieth,stable,lightgbm,2020-04,-0.34874242332771027,-1.3,0.9512575766722897,0.9512575766722897,0.9048909771764372,2020-03,2020-04-24T01:30:00+00:00,5.0,pseudo_real_time
twentieth,stable,lightgbm,2020-05,-0.0011900107172713287,-0.4,0.3988099892827287,0.3988099892827287,0.1590494075516902,2020-04,2020-05-25T01:30:00+00:00,5.0,pseudo_real_time
twentieth,stable,lightgbm,2020-06,-0.039763592179180324,0.4,-0.4397635921791804,0.4397635921791804,0.1933920170063365,2020-05,2020-06-24T01:30:00+00:00,5.0,pseudo_real_time
twentieth,stable,lightgbm,2020-07,0.22858165764099242,0.4,-0.1714183423590076,0.1714183423590076,0.02938424809710994,2020-06,2020-07-24T01:30:00+00:00,5.0,pseudo_real_time
twentieth,stable,lightgbm,2020-08,0.5803730638370657,0.3,0.2803730638370657,0.2803730638370657,0.07860905492538331,2020-07,2020-08-24T01:30:00+00:00,5.0,pseudo_real_time
twentieth,stable,lightgbm,2020-09,0.29368969380835436,0.1,0.19368969380835435,0.19368969380835435,0.037515697487574065,2020-08,2020-09-24T01:30:00+00:00,5.0,pseudo_real_time
twentieth,stable,lightgbm,2020-10,0.3126174703944477,0.0,0.3126174703944477,0.3126174703944477,0.09772968279582339,2020-09,2020-10-26T01:30:00+00:00,5.0,pseudo_real_time
twentieth,stable,lightgbm,2020-11,0.6194554641169597,0.5,0.11945546411695973,0.11945546411695973,0.014269607907398254,2020-10,2020-11-24T01:30:00+00:00,5.0,pseudo_real_time
twentieth,stable,lightgbm,2020-12,0.7654625725647892,1.1,-0.33453742743521087,0.33453742743521087,0.11191529035496897,2020-11,2020-12-24T01:30:00+00:00,5.0,pseudo_real_time
twentieth,stable,lightgbm,2021-01,0.8497074257677171,1.0,-0.15029257423228293,0.15029257423228293,0.022587857869366273,2020-12,2021-01-25T01:30:00+00:00,5.0,pseudo_real_time
twentieth,stable,lightgbm,2021-04,0.5669234285124736,0.9,-0.33307657148752645,0.33307657148752645,0.11094000247388532,2021-01,2021-04-25T01:30:00+00:00,5.0,pseudo_real_time
twentieth,stable,lightgbm,2021-05,0.7678885616550681,1.6,-0.832111438344932,0.832111438344932,0.6924094458244715,2021-04,2021-05-24T01:30:00+00:00,5.0,pseudo_real_time
twentieth,stable,lightgbm,2021-06,-0.14182362461999787,0.3,-0.44182362461999786,0.44182362461999786,0.19520811527235277,2021-05,2021-06-24T01:30:00+00:00,5.0,pseudo_real_time
twentieth,stable,lightgbm,2021-07,0.14856603128358833,0.5,-0.35143396871641164,0.35143396871641164,0.1235058343677678,2021-06,2021-07-26T01:30:00+00:00,5.0,pseudo_real_time
twentieth,stable,lightgbm,2021-08,0.4064525041225675,0.7,-0.29354749587743245,0.29354749587743245,0.08617013233591123,2021-07,2021-08-24T01:30:00+00:00,5.0,pseudo_real_time
twentieth,stable,lightgbm,2021-09,0.762633426335127,1.2,-0.43736657366487297,0.43736657366487297,0.19128951975935077,2021-08,2021-09-24T01:30:00+00:00,5.0,pseudo_real_time
twentieth,stable,lightgbm,2021-10,1.0254626705275616,2.5,-1.4745373294724384,1.4745373294724384,2.1742603360077104,2021-09,2021-10-25T01:30:00+00:00,5.0,pseudo_real_time
twentieth,stable,lightgbm,2021-11,-0.46440410937039084,0.0,-0.46440410937039084,0.46440410937039084,0.21567117680010595,2021-10,2021-11-24T01:30:00+00:00,5.0,pseudo_real_time
twentieth,stable,lightgbm,2021-12,-0.524714474034672,-1.2,0.675285525965328,0.675285525965328,0.45601054157826965,2021-11,2021-12-24T01:30:00+00:00,5.0,pseudo_real_time
twentieth,stable,lightgbm,2022-01,-0.16368827709025324,-0.2,0.03631172290974677,0.03631172290974677,0.0013185412206742284,2021-12,2022-01-24T01:30:00+00:00,5.0,pseudo_real_time
twentieth,stable,lightgbm,2022-02,0.550653456300748,0.5,0.05065345630074802,0.05065345630074802,0.0025657726352117894,2022-01,2022-02-24T01:30:00+00:00,5.0,pseudo_real_time
twentieth,stable,lightgbm,2022-03,0.49239061093791414,1.1,-0.607609389062086,0.607609389062086,0.3691891696764013,2022-02,2022-03-24T01:30:00+00:00,5.0,pseudo_real_time
twentieth,stable,lightgbm,2022-04,0.3397101879744635,0.6,-0.26028981202553647,0.26028981202553647,0.06775078624428911,2022-03,2022-04-24T01:30:00+00:00,5.0,pseudo_real_time
twentieth,stable,lightgbm,2022-05,-0.063964972590619,0.1,-0.16396497259061898,0.16396497259061898,0.026884512236642434,2022-04,2022-05-24T01:30:00+00:00,5.0,pseudo_real_time
twentieth,stable,lightgbm,2022-06,-0.01243491040641356,0.0,-0.01243491040641356,0.01243491040641356,0.00015462699681553224,2022-05,2022-06-24T01:30:00+00:00,5.0,pseudo_real_time
twentieth,stable,lightgbm,2022-07,-0.6214748334180181,-1.3,0.6785251665819819,0.6785251665819819,0.4603964016851063,2022-06,2022-07-24T01:30:00+00:00,5.0,pseudo_real_time
twentieth,stable,lightgbm,2022-08,-0.6685187609394456,-1.2,0.5314812390605543,0.5314812390605543,0.2824723074733421,2022-07,2022-08-24T01:30:00+00:00,5.0,pseudo_real_time
twentieth,stable,lightgbm,2022-09,-0.15366194456752225,-0.1,-0.05366194456752224,0.05366194456752224,0.0028796042947678295,2022-08,2022-09-24T01:30:00+00:00,5.0,pseudo_real_time
twentieth,stable,lightgbm,2022-10,0.09481172380631207,0.2,-0.10518827619368794,0.10518827619368794,0.011064573448599577,2022-09,2022-10-24T01:30:00+00:00,5.0,pseudo_real_time
twentieth,stable,lightgbm,2022-11,-0.8020736884480557,0.1,-0.9020736884480557,0.9020736884480557,0.8137369393902798,2022-10,2022-11-24T01:30:00+00:00,5.0,pseudo_real_time
twentieth,stable,lightgbm,2022-12,-0.4309715185651726,-0.5,0.06902848143482743,0.06902848143482743,0.004764931249198315,2022-11,2022-12-24T01:30:00+00:00,5.0,pseudo_real_time
twentieth,stable,lightgbm,2023-01,0.07155484625410632,-0.4,0.4715548462541064,0.4715548462541064,0.2223639730257339,2022-12,2023-01-24T01:30:00+00:00,5.0,pseudo_real_time
twentieth,stable,lightgbm,2023-02,-0.06856103502222873,0.0,-0.06856103502222873,0.06856103502222873,0.004700615523319274,2023-01,2023-02-24T01:30:00+00:00,5.0,pseudo_real_time
twentieth,stable,lightgbm,2023-03,0.26023351550785506,0.0,0.26023351550785506,0.26023351550785506,0.06772148259357703,2023-02,2023-03-24T01:30:00+00:00,5.0,pseudo_real_time
twentieth,stable,lightgbm,2023-04,-0.28312278024207843,-0.5,0.21687721975792157,0.21687721975792157,0.047035728449925804,2023-03,2023-04-24T01:30:00+00:00,5.0,pseudo_real_time
twentieth,stable,lightgbm,2023-05,-0.6260409926250402,-0.9,0.2739590073749598,0.2739590073749598,0.07505353772187329,2023-04,2023-05-24T01:30:00+00:00,5.0,pseudo_real_time
twentieth,stable,lightgbm,2023-06,-0.36544774156982535,-0.8,0.4345522584301747,0.4345522584301747,0.18883566530676535,2023-05,2023-06-24T01:30:00+00:00,5.0,pseudo_real_time
twentieth,stable,lightgbm,2023-07,0.38747996757397296,-0.2,0.587479967573973,0.587479967573973,0.3451327123007164,2023-06,2023-07-24T01:30:00+00:00,5.0,pseudo_real_time
twentieth,stable,lightgbm,2023-08,0.41631049002055076,0.2,0.21631049002055075,0.21631049002055075,0.046790228092930784,2023-07,2023-08-24T01:30:00+00:00,5.0,pseudo_real_time
twentieth,stable,lightgbm,2023-09,0.2246433611914655,0.4,-0.17535663880853453,0.17535663880853453,0.030749950774226837,2023-08,2023-09-24T01:30:00+00:00,5.0,pseudo_real_time
twentieth,stable,lightgbm,2023-10,-0.3246852212673029,0.0,-0.3246852212673029,0.3246852212673029,0.10542049290939746,2023-09,2023-10-24T01:30:00+00:00,5.0,pseudo_real_time
twentieth,stable,lightgbm,2023-11,-0.4102548823635041,-0.3,-0.11025488236350411,0.11025488236350411,0.012156139084990131,2023-10,2023-11-24T01:30:00+00:00,5.0,pseudo_real_time
twentieth,stable,lightgbm,2023-12,-0.14452136595186782,-0.3,0.15547863404813217,0.15547863404813217,0.024173605645473002,2023-11,2023-12-24T01:30:00+00:00,5.0,pseudo_real_time
twentieth,stable,lightgbm,2024-01,-0.2483412615648877,-0.2,-0.04834126156488769,0.04834126156488769,0.0023368775696848876,2023-12,2024-01-24T01:30:00+00:00,5.0,pseudo_real_time
twentieth,stable,lightgbm,2024-04,-0.08368537469159675,-0.2,0.11631462530840327,0.11631462530840327,0.013529092060634245,2024-01,2024-04-24T01:30:00+00:00,5.0,pseudo_real_time
twentieth,stable,lightgbm,2024-05,0.20980851888283888,0.2,0.009808518882838874,0.009808518882838874,9.620704267500674e-05,2024-04,2024-05-24T01:30:00+00:00,5.0,pseudo_real_time
twentieth,stable,lightgbm,2024-06,0.08308271669281483,0.1,-0.01691728330718517,0.01691728330718517,0.000286194474495566,2024-05,2024-06-24T01:30:00+00:00,5.0,pseudo_real_time
twentieth,stable,lightgbm,2024-07,-0.3539670845860644,-0.2,-0.1539670845860644,0.1539670845860644,0.023705863135932308,2024-06,2024-07-24T01:30:00+00:00,5.0,pseudo_real_time
twentieth,stable,lightgbm,2024-08,-0.24845255100299193,-0.7,0.45154744899700805,0.45154744899700805,0.20389509869570557,2024-07,2024-08-24T01:30:00+00:00,5.0,pseudo_real_time
twentieth,stable,lightgbm,2024-09,-0.06505389668199754,-0.6,0.5349461033180024,0.5349461033180024,0.2861673334551149,2024-08,2024-09-24T01:30:00+00:00,5.0,pseudo_real_time
twentieth,stable,lightgbm,2024-10,0.27326798861404716,-0.1,0.3732679886140472,0.3732679886140472,0.13932899132397647,2024-09,2024-10-24T01:30:00+00:00,5.0,pseudo_real_time
twentieth,stable,lightgbm,2024-11,-0.3142212029616659,-0.1,-0.21422120296166589,0.21422120296166589,0.04589072379834325,2024-10,2024-11-24T01:30:00+00:00,5.0,pseudo_real_time
twentieth,stable,lightgbm,2024-12,-0.3094620042600297,-0.1,-0.20946200426002967,0.20946200426002967,0.04387433122862869,2024-11,2024-12-24T01:30:00+00:00,5.0,pseudo_real_time
twentieth,stable,lightgbm,2025-01,-0.23792192908696838,-0.2,-0.03792192908696837,0.03792192908696837,0.0014380727056770577,2024-12,2025-01-24T01:30:00+00:00,5.0,pseudo_real_time
twentieth,stable,lightgbm,2025-02,-0.0938937342754441,-0.1,0.006106265724555901,0.006106265724555901,3.72864810988862e-05,2025-01,2025-02-24T01:30:00+00:00,5.0,pseudo_real_time
twentieth,stable,lightgbm,2025-03,-0.16604490561962107,-0.4,0.23395509438037895,0.23395509438037895,0.054734986186532025,2025-02,2025-03-24T01:30:00+00:00,5.0,pseudo_real_time
twentieth,stable,lightgbm,2025-04,-0.6106558519087418,-0.4,-0.2106558519087418,0.2106558519087418,0.04437588794339776,2025-03,2025-04-24T01:30:00+00:00,5.0,pseudo_real_time
twentieth,stable,lightgbm,2025-05,-0.279559668426692,-0.4,0.12044033157330802,0.12044033157330802,0.014505873469488378,2025-04,2025-05-24T01:30:00+00:00,5.0,pseudo_real_time
twentieth,stable,lightgbm,2025-06,-0.14948811898250067,-0.4,0.2505118810174993,0.2505118810174993,0.06275620253092574,2025-05,2025-06-24T01:30:00+00:00,5.0,pseudo_real_time
twentieth,stable,lightgbm,2025-07,0.1973114388939829,-0.2,0.3973114388939829,0.3973114388939829,0.1578563794760071,2025-06,2025-07-24T01:30:00+00:00,5.0,pseudo_real_time
twentieth,stable,lightgbm,2025-08,0.06853033985228546,0.0,0.06853033985228546,0.06853033985228546,0.004696407480269745,2025-07,2025-08-24T01:30:00+00:00,5.0,pseudo_real_time
twentieth,stable,lightgbm,2025-09,-0.17198159251385473,0.0,-0.17198159251385473,0.17198159251385473,0.02957766816360157,2025-08,2025-09-24T01:30:00+00:00,5.0,pseudo_real_time
twentieth,stable,lightgbm,2025-10,-0.38387799870166733,0.1,-0.48387799870166737,0.48387799870166737,0.2341379176275308,2025-09,2025-10-24T01:30:00+00:00,5.0,pseudo_real_time
twentieth,stable,lightgbm,2025-11,0.09695594958292052,0.1,-0.0030440504170794885,0.0030440504170794885,9.266242941721808e-06,2025-10,2025-11-24T01:30:00+00:00,5.0,pseudo_real_time
twentieth,stable,lightgbm,2025-12,-0.04827610867258275,0.2,-0.24827610867258276,0.24827610867258276,0.06164102613760013,2025-11,2025-12-24T01:30:00+00:00,5.0,pseudo_real_time
twentieth,stable,lightgbm,2026-01,0.07030320388365098,0.4,-0.32969679611634906,0.32969679611634906,0.10869997736938544,2025-12,2026-01-24T01:30:00+00:00,5.0,pseudo_real_time
twentieth,stable,lightgbm,2026-04,0.3726867240784719,1.7,-1.327313275921528,1.327313275921528,1.7617605324375385,2026-01,2026-04-24T01:30:00+00:00,5.0,pseudo_real_time
twentieth,stable,lightgbm,2026-05,-0.04919769459706359,0.5,-0.5491976945970636,0.5491976945970636,0.3016181077507295,2026-04,2026-05-24T01:30:00+00:00,5.0,pseudo_real_time
twentieth,stable,lightgbm,2026-06,-0.24679641985216583,-0.3,0.05320358014783416,0.05320358014783416,0.0028306209405470134,2026-05,2026-06-24T01:30:00+00:00,5.0,pseudo_real_time
twentieth,stable,lightgbm,2026-07,-0.08012320141523277,-0.7,0.6198767985847672,0.6198767985847672,0.38424724542370003,2026-06,2026-07-24T01:30:00+00:00,5.0,pseudo_real_time
twentieth,stable,lightgbm,2026-08,0.20051662506901444,0.4,-0.19948337493098559,0.19948337493098559,0.039793616873856165,2026-07,2026-08-24T01:30:00+00:00,5.0,pseudo_real_time
twentieth,union,no_change,2016-04,0.0,0.7,-0.7,0.7,0.48999999999999994,2016-03,2016-04-25T01:30:00+00:00,,pseudo_real_time
twentieth,union,historical_mean,2016-04,-0.3666666666666667,0.7,-1.0666666666666667,1.0666666666666667,1.1377777777777778,2016-03,2016-04-25T01:30:00+00:00,,pseudo_real_time
twentieth,union,last_available_actual,2016-04,0.5,0.7,-0.19999999999999996,0.19999999999999996,0.03999999999999998,2016-03,2016-04-25T01:30:00+00:00,,pseudo_real_time
twentieth,union,no_change,2016-05,0.0,0.5,-0.5,0.5,0.25,2016-04,2016-05-24T01:30:00+00:00,,pseudo_real_time
twentieth,union,historical_mean,2016-05,-0.32400000000000007,0.5,-0.8240000000000001,0.8240000000000001,0.6789760000000001,2016-04,2016-05-24T01:30:00+00:00,,pseudo_real_time
twentieth,union,last_available_actual,2016-05,0.7,0.5,0.19999999999999996,0.19999999999999996,0.03999999999999998,2016-04,2016-05-24T01:30:00+00:00,,pseudo_real_time
twentieth,union,no_change,2016-06,0.0,-0.2,0.2,0.2,0.04000000000000001,2016-05,2016-06-24T01:30:00+00:00,,pseudo_real_time
twentieth,union,historical_mean,2016-06,-0.2923076923076924,-0.2,-0.09230769230769237,0.09230769230769237,0.00852071005917161,2016-05,2016-06-24T01:30:00+00:00,,pseudo_real_time
twentieth,union,last_available_actual,2016-06,0.5,-0.2,0.7,0.7,0.48999999999999994,2016-05,2016-06-24T01:30:00+00:00,,pseudo_real_time
twentieth,union,no_change,2016-07,0.0,0.2,-0.2,0.2,0.04000000000000001,2016-06,2016-07-25T01:30:00+00:00,,pseudo_real_time
twentieth,union,historical_mean,2016-07,-0.288888888888889,0.2,-0.488888888888889,0.488888888888889,0.23901234567901244,2016-06,2016-07-25T01:30:00+00:00,,pseudo_real_time
twentieth,union,last_available_actual,2016-07,-0.2,0.2,-0.4,0.4,0.16000000000000003,2016-06,2016-07-25T01:30:00+00:00,,pseudo_real_time
twentieth,union,no_change,2016-08,0.0,0.2,-0.2,0.2,0.04000000000000001,2016-07,2016-08-24T01:30:00+00:00,,pseudo_real_time
twentieth,union,historical_mean,2016-08,-0.27142857142857146,0.2,-0.4714285714285715,0.4714285714285715,0.22224489795918373,2016-07,2016-08-24T01:30:00+00:00,,pseudo_real_time
twentieth,union,last_available_actual,2016-08,0.2,0.2,0.0,0.0,0.0,2016-07,2016-08-24T01:30:00+00:00,,pseudo_real_time
twentieth,union,no_change,2016-09,0.0,0.5,-0.5,0.5,0.25,2016-08,2016-09-26T01:30:00+00:00,,pseudo_real_time
twentieth,union,historical_mean,2016-09,-0.2551724137931035,0.5,-0.7551724137931035,0.7551724137931035,0.5702853745541023,2016-08,2016-09-26T01:30:00+00:00,,pseudo_real_time
twentieth,union,last_available_actual,2016-09,0.2,0.5,-0.3,0.3,0.09,2016-08,2016-09-26T01:30:00+00:00,,pseudo_real_time
twentieth,union,no_change,2016-10,0.0,0.7,-0.7,0.7,0.48999999999999994,2016-09,2016-10-24T01:30:00+00:00,,pseudo_real_time
twentieth,union,historical_mean,2016-10,-0.23000000000000004,0.7,-0.9299999999999999,0.9299999999999999,0.8648999999999999,2016-09,2016-10-24T01:30:00+00:00,,pseudo_real_time
twentieth,union,last_available_actual,2016-10,0.5,0.7,-0.19999999999999996,0.19999999999999996,0.03999999999999998,2016-09,2016-10-24T01:30:00+00:00,,pseudo_real_time
twentieth,union,no_change,2016-11,0.0,1.5,-1.5,1.5,2.25,2016-10,2016-11-24T01:30:00+00:00,,pseudo_real_time
twentieth,union,historical_mean,2016-11,-0.20000000000000004,1.5,-1.7,1.7,2.8899999999999997,2016-10,2016-11-24T01:30:00+00:00,,pseudo_real_time
twentieth,union,last_available_actual,2016-11,0.7,1.5,-0.8,0.8,0.6400000000000001,2016-10,2016-11-24T01:30:00+00:00,,pseudo_real_time
twentieth,union,no_change,2016-12,0.0,1.6,-1.6,1.6,2.5600000000000005,2016-11,2016-12-26T01:30:00+00:00,,pseudo_real_time
twentieth,union,historical_mean,2016-12,-0.14687500000000003,1.6,-1.7468750000000002,1.7468750000000002,3.051572265625001,2016-11,2016-12-26T01:30:00+00:00,,pseudo_real_time
twentieth,union,last_available_actual,2016-12,1.5,1.6,-0.10000000000000009,0.10000000000000009,0.010000000000000018,2016-11,2016-12-26T01:30:00+00:00,,pseudo_real_time
twentieth,union,no_change,2017-01,0.0,0.8,-0.8,0.8,0.6400000000000001,2016-12,2017-01-24T01:30:00+00:00,,pseudo_real_time
twentieth,union,historical_mean,2017-01,-0.09393939393939398,0.8,-0.893939393939394,0.893939393939394,0.7991276400367311,2016-12,2017-01-24T01:30:00+00:00,,pseudo_real_time
twentieth,union,last_available_actual,2017-01,1.6,0.8,0.8,0.8,0.6400000000000001,2016-12,2017-01-24T01:30:00+00:00,,pseudo_real_time
twentieth,union,no_change,2017-02,0.0,0.6,-0.6,0.6,0.36,2017-01,2017-02-24T01:30:00+00:00,,pseudo_real_time
twentieth,union,historical_mean,2017-02,-0.06764705882352944,0.6,-0.6676470588235294,0.6676470588235294,0.4457525951557093,2017-01,2017-02-24T01:30:00+00:00,,pseudo_real_time
twentieth,union,last_available_actual,2017-02,0.8,0.6,0.20000000000000007,0.20000000000000007,0.04000000000000003,2017-01,2017-02-24T01:30:00+00:00,,pseudo_real_time
twentieth,union,no_change,2017-03,0.0,0.3,-0.3,0.3,0.09,2017-02,2017-03-24T01:30:00+00:00,,pseudo_real_time
twentieth,union,historical_mean,2017-03,-0.04857142857142859,0.3,-0.3485714285714286,0.3485714285714286,0.12150204081632654,2017-02,2017-03-24T01:30:00+00:00,,pseudo_real_time
twentieth,union,last_available_actual,2017-03,0.6,0.3,0.3,0.3,0.09,2017-02,2017-03-24T01:30:00+00:00,,pseudo_real_time
twentieth,union,no_change,2017-04,0.0,-0.4,0.4,0.4,0.16000000000000003,2017-03,2017-04-24T01:30:00+00:00,,pseudo_real_time
twentieth,union,historical_mean,2017-04,-0.0388888888888889,-0.4,0.3611111111111111,0.3611111111111111,0.13040123456790123,2017-03,2017-04-24T01:30:00+00:00,,pseudo_real_time
twentieth,union,last_available_actual,2017-04,0.3,-0.4,0.7,0.7,0.48999999999999994,2017-03,2017-04-24T01:30:00+00:00,,pseudo_real_time
twentieth,union,no_change,2017-05,0.0,-0.3,0.3,0.3,0.09,2017-04,2017-05-24T01:30:00+00:00,,pseudo_real_time
twentieth,union,historical_mean,2017-05,-0.048648648648648665,-0.3,0.25135135135135134,0.25135135135135134,0.06317750182615046,2017-04,2017-05-24T01:30:00+00:00,,pseudo_real_time
twentieth,union,last_available_actual,2017-05,-0.4,-0.3,-0.10000000000000003,0.10000000000000003,0.010000000000000007,2017-04,2017-05-24T01:30:00+00:00,,pseudo_real_time
twentieth,union,no_change,2017-06,0.0,-0.2,0.2,0.2,0.04000000000000001,2017-05,2017-06-26T01:30:00+00:00,,pseudo_real_time
twentieth,union,historical_mean,2017-06,-0.055263157894736854,-0.2,0.14473684210526316,0.14473684210526316,0.02094875346260388,2017-05,2017-06-26T01:30:00+00:00,,pseudo_real_time
twentieth,union,last_available_actual,2017-06,-0.3,-0.2,-0.09999999999999998,0.09999999999999998,0.009999999999999995,2017-05,2017-06-26T01:30:00+00:00,,pseudo_real_time
twentieth,union,no_change,2017-07,0.0,0.2,-0.2,0.2,0.04000000000000001,2017-06,2017-07-24T01:30:00+00:00,,pseudo_real_time
twentieth,union,historical_mean,2017-07,-0.058974358974358994,0.2,-0.258974358974359,0.258974358974359,0.06706771860618016,2017-06,2017-07-24T01:30:00+00:00,,pseudo_real_time
twentieth,union,last_available_actual,2017-07,-0.2,0.2,-0.4,0.4,0.16000000000000003,2017-06,2017-07-24T01:30:00+00:00,,pseudo_real_time
twentieth,union,no_change,2017-08,0.0,0.9,-0.9,0.9,0.81,2017-07,2017-08-24T01:30:00+00:00,,pseudo_real_time
twentieth,union,historical_mean,2017-08,-0.05250000000000003,0.9,-0.9525,0.9525,0.90725625,2017-07,2017-08-24T01:30:00+00:00,,pseudo_real_time
twentieth,union,last_available_actual,2017-08,0.2,0.9,-0.7,0.7,0.48999999999999994,2017-07,2017-08-24T01:30:00+00:00,,pseudo_real_time
twentieth,union,no_change,2017-09,0.0,1.0,-1.0,1.0,1.0,2017-08,2017-09-25T01:30:00+00:00,,pseudo_real_time
twentieth,union,historical_mean,2017-09,-0.029268292682926866,1.0,-1.0292682926829269,1.0292682926829269,1.0593932183224273,2017-08,2017-09-25T01:30:00+00:00,,pseudo_real_time
twentieth,union,last_available_actual,2017-09,0.9,1.0,-0.09999999999999998,0.09999999999999998,0.009999999999999995,2017-08,2017-09-25T01:30:00+00:00,,pseudo_real_time
twentieth,union,no_change,2017-10,0.0,0.7,-0.7,0.7,0.48999999999999994,2017-09,2017-10-24T01:30:00+00:00,,pseudo_real_time
twentieth,union,historical_mean,2017-10,-0.004761904761904798,0.7,-0.7047619047619047,0.7047619047619047,0.49668934240362805,2017-09,2017-10-24T01:30:00+00:00,,pseudo_real_time
twentieth,union,last_available_actual,2017-10,1.0,0.7,0.30000000000000004,0.30000000000000004,0.09000000000000002,2017-09,2017-10-24T01:30:00+00:00,,pseudo_real_time
twentieth,union,no_change,2017-11,0.0,0.5,-0.5,0.5,0.25,2017-10,2017-11-24T01:30:00+00:00,,pseudo_real_time
twentieth,union,historical_mean,2017-11,0.01162790697674415,0.5,-0.48837209302325585,0.48837209302325585,0.23850730124391567,2017-10,2017-11-24T01:30:00+00:00,,pseudo_real_time
twentieth,union,last_available_actual,2017-11,0.7,0.5,0.19999999999999996,0.19999999999999996,0.03999999999999998,2017-10,2017-11-24T01:30:00+00:00,,pseudo_real_time
twentieth,union,no_change,2017-12,0.0,0.8,-0.8,0.8,0.6400000000000001,2017-11,2017-12-25T01:30:00+00:00,,pseudo_real_time
twentieth,union,historical_mean,2017-12,0.022727272727272693,0.8,-0.7772727272727273,0.7772727272727273,0.6041528925619836,2017-11,2017-12-25T01:30:00+00:00,,pseudo_real_time
twentieth,union,last_available_actual,2017-12,0.5,0.8,-0.30000000000000004,0.30000000000000004,0.09000000000000002,2017-11,2017-12-25T01:30:00+00:00,,pseudo_real_time
twentieth,union,no_change,2018-01,0.0,0.3,-0.3,0.3,0.09,2017-12,2018-01-24T01:30:00+00:00,,pseudo_real_time
twentieth,union,historical_mean,2018-01,0.039999999999999966,0.3,-0.26,0.26,0.06760000000000001,2017-12,2018-01-24T01:30:00+00:00,,pseudo_real_time
twentieth,union,last_available_actual,2018-01,0.8,0.3,0.5,0.5,0.25,2017-12,2018-01-24T01:30:00+00:00,,pseudo_real_time
twentieth,union,no_change,2018-04,0.0,-0.2,0.2,0.2,0.04000000000000001,2018-01,2018-04-24T01:30:00+00:00,,pseudo_real_time
twentieth,union,historical_mean,2018-04,0.045652173913043444,-0.2,0.24565217391304345,0.24565217391304345,0.06034499054820414,2018-01,2018-04-24T01:30:00+00:00,,pseudo_real_time
twentieth,union,last_available_actual,2018-04,0.3,-0.2,0.5,0.5,0.25,2018-01,2018-04-24T01:30:00+00:00,,pseudo_real_time
twentieth,union,no_change,2018-05,0.0,0.4,-0.4,0.4,0.16000000000000003,2018-04,2018-05-24T01:30:00+00:00,,pseudo_real_time
twentieth,union,historical_mean,2018-05,0.040425531914893585,0.4,-0.35957446808510646,0.35957446808510646,0.12929379809868724,2018-04,2018-05-24T01:30:00+00:00,,pseudo_real_time
twentieth,union,last_available_actual,2018-05,-0.2,0.4,-0.6000000000000001,0.6000000000000001,0.3600000000000001,2018-04,2018-05-24T01:30:00+00:00,,pseudo_real_time
twentieth,union,no_change,2018-06,0.0,0.3,-0.3,0.3,0.09,2018-05,2018-06-25T01:30:00+00:00,,pseudo_real_time
twentieth,union,historical_mean,2018-06,0.04791666666666664,0.3,-0.2520833333333333,0.2520833333333333,0.06354600694444444,2018-05,2018-06-25T01:30:00+00:00,,pseudo_real_time
twentieth,union,last_available_actual,2018-06,0.4,0.3,0.10000000000000003,0.10000000000000003,0.010000000000000007,2018-05,2018-06-25T01:30:00+00:00,,pseudo_real_time
twentieth,union,no_change,2018-07,0.0,0.1,-0.1,0.1,0.010000000000000002,2018-06,2018-07-24T01:30:00+00:00,,pseudo_real_time
twentieth,union,historical_mean,2018-07,0.053061224489795895,0.1,-0.04693877551020411,0.04693877551020411,0.0022032486463973372,2018-06,2018-07-24T01:30:00+00:00,,pseudo_real_time
twentieth,union,last_available_actual,2018-07,0.3,0.1,0.19999999999999998,0.19999999999999998,0.039999999999999994,2018-06,2018-07-24T01:30:00+00:00,,pseudo_real_time
twentieth,union,no_change,2018-08,0.0,0.4,-0.4,0.4,0.16000000000000003,2018-07,2018-08-24T01:30:00+00:00,,pseudo_real_time
twentieth,union,historical_mean,2018-08,0.05399999999999998,0.4,-0.34600000000000003,0.34600000000000003,0.11971600000000002,2018-07,2018-08-24T01:30:00+00:00,,pseudo_real_time
twentieth,union,last_available_actual,2018-08,0.1,0.4,-0.30000000000000004,0.30000000000000004,0.09000000000000002,2018-07,2018-08-24T01:30:00+00:00,,pseudo_real_time
twentieth,union,no_change,2018-09,0.0,0.6,-0.6,0.6,0.36,2018-08,2018-09-25T01:30:00+00:00,,pseudo_real_time
twentieth,union,historical_mean,2018-09,0.060784313725490174,0.6,-0.5392156862745098,0.5392156862745098,0.29075355632449057,2018-08,2018-09-25T01:30:00+00:00,,pseudo_real_time
twentieth,union,last_available_actual,2018-09,0.4,0.6,-0.19999999999999996,0.19999999999999996,0.03999999999999998,2018-08,2018-09-25T01:30:00+00:00,,pseudo_real_time
twentieth,union,no_change,2018-10,0.0,0.4,-0.4,0.4,0.16000000000000003,2018-09,2018-10-24T01:30:00+00:00,,pseudo_real_time
twentieth,union,historical_mean,2018-10,0.07115384615384614,0.4,-0.3288461538461539,0.3288461538461539,0.10813979289940832,2018-09,2018-10-24T01:30:00+00:00,,pseudo_real_time
twentieth,union,last_available_actual,2018-10,0.6,0.4,0.19999999999999996,0.19999999999999996,0.03999999999999998,2018-09,2018-10-24T01:30:00+00:00,,pseudo_real_time
twentieth,union,no_change,2018-11,0.0,-0.2,0.2,0.2,0.04000000000000001,2018-10,2018-11-26T01:30:00+00:00,,pseudo_real_time
twentieth,union,historical_mean,2018-11,0.07735849056603772,-0.2,0.27735849056603773,0.27735849056603773,0.07692773228907084,2018-10,2018-11-26T01:30:00+00:00,,pseudo_real_time
twentieth,union,last_available_actual,2018-11,0.4,-0.2,0.6000000000000001,0.6000000000000001,0.3600000000000001,2018-10,2018-11-26T01:30:00+00:00,,pseudo_real_time
twentieth,union,no_change,2018-12,0.0,-1.0,1.0,1.0,1.0,2018-11,2018-12-24T01:30:00+00:00,,pseudo_real_time
twentieth,union,historical_mean,2018-12,0.0722222222222222,-1.0,1.0722222222222222,1.0722222222222222,1.1496604938271604,2018-11,2018-12-24T01:30:00+00:00,,pseudo_real_time
twentieth,union,last_available_actual,2018-12,-0.2,-1.0,0.8,0.8,0.6400000000000001,2018-11,2018-12-24T01:30:00+00:00,,pseudo_real_time
twentieth,union,no_change,2019-01,0.0,-0.6,0.6,0.6,0.36,2018-12,2019-01-24T01:30:00+00:00,,pseudo_real_time
twentieth,union,historical_mean,2019-01,0.0527272727272727,-0.6,0.6527272727272727,0.6527272727272727,0.4260528925619835,2018-12,2019-01-24T01:30:00+00:00,,pseudo_real_time
twentieth,union,last_available_actual,2019-01,-1.0,-0.6,-0.4,0.4,0.16000000000000003,2018-12,2019-01-24T01:30:00+00:00,,pseudo_real_time
twentieth,union,no_change,2019-02,0.0,-0.1,0.1,0.1,0.010000000000000002,2019-01,2019-02-25T01:30:00+00:00,,pseudo_real_time
twentieth,union,historical_mean,2019-02,0.04107142857142856,-0.1,0.14107142857142857,0.14107142857142857,0.019901147959183674,2019-01,2019-02-25T01:30:00+00:00,,pseudo_real_time
twentieth,union,last_available_actual,2019-02,-0.6,-0.1,-0.5,0.5,0.25,2019-01,2019-02-25T01:30:00+00:00,,pseudo_real_time
twentieth,union,no_change,2019-03,0.0,0.1,-0.1,0.1,0.010000000000000002,2019-02,2019-03-25T01:30:00+00:00,,pseudo_real_time
twentieth,union,historical_mean,2019-03,0.038596491228070164,0.1,-0.06140350877192984,0.06140350877192984,0.003770390889504465,2019-02,2019-03-25T01:30:00+00:00,,pseudo_real_time
twentieth,union,last_available_actual,2019-03,-0.1,0.1,-0.2,0.2,0.04000000000000001,2019-02,2019-03-25T01:30:00+00:00,,pseudo_real_time
twentieth,union,no_change,2019-04,0.0,0.3,-0.3,0.3,0.09,2019-03,2019-04-24T01:30:00+00:00,,pseudo_real_time
twentieth,union,historical_mean,2019-04,0.03965517241379309,0.3,-0.2603448275862069,0.2603448275862069,0.06777942925089181,2019-03,2019-04-24T01:30:00+00:00,,pseudo_real_time
twentieth,union,last_available_actual,2019-04,0.1,0.3,-0.19999999999999998,0.19999999999999998,0.039999999999999994,2019-03,2019-04-24T01:30:00+00:00,,pseudo_real_time
twentieth,union,no_change,2019-07,0.0,-0.2,0.2,0.2,0.04000000000000001,2019-04,2019-07-24T01:30:00+00:00,,pseudo_real_time
twentieth,union,historical_mean,2019-07,0.04406779661016948,-0.2,0.24406779661016947,0.24406779661016947,0.059569089342143056,2019-04,2019-07-24T01:30:00+00:00,,pseudo_real_time
twentieth,union,last_available_actual,2019-07,0.3,-0.2,0.5,0.5,0.25,2019-04,2019-07-24T01:30:00+00:00,,pseudo_real_time
twentieth,union,no_change,2019-08,0.0,-0.1,0.1,0.1,0.010000000000000002,2019-07,2019-08-26T01:30:00+00:00,,pseudo_real_time
twentieth,union,historical_mean,2019-08,0.03999999999999999,-0.1,0.13999999999999999,0.13999999999999999,0.019599999999999996,2019-07,2019-08-26T01:30:00+00:00,,pseudo_real_time
twentieth,union,last_available_actual,2019-08,-0.2,-0.1,-0.1,0.1,0.010000000000000002,2019-07,2019-08-26T01:30:00+00:00,,pseudo_real_time
twentieth,union,no_change,2019-09,0.0,0.1,-0.1,0.1,0.010000000000000002,2019-08,2019-09-24T01:30:00+00:00,,pseudo_real_time
twentieth,union,historical_mean,2019-09,0.03770491803278687,0.1,-0.06229508196721314,0.06229508196721314,0.0038806772373018036,2019-08,2019-09-24T01:30:00+00:00,,pseudo_real_time
twentieth,union,last_available_actual,2019-09,-0.1,0.1,-0.2,0.2,0.04000000000000001,2019-08,2019-09-24T01:30:00+00:00,,pseudo_real_time
twentieth,union,no_change,2019-10,0.0,0.1,-0.1,0.1,0.010000000000000002,2019-09,2019-10-24T01:30:00+00:00,,pseudo_real_time
twentieth,union,historical_mean,2019-10,0.03870967741935482,0.1,-0.061290322580645186,0.061290322580645186,0.0037565036420395452,2019-09,2019-10-24T01:30:00+00:00,,pseudo_real_time
twentieth,union,last_available_actual,2019-10,0.1,0.1,0.0,0.0,0.0,2019-09,2019-10-24T01:30:00+00:00,,pseudo_real_time
twentieth,union,no_change,2019-11,0.0,-0.1,0.1,0.1,0.010000000000000002,2019-10,2019-11-25T01:30:00+00:00,,pseudo_real_time
twentieth,union,historical_mean,2019-11,0.039682539682539666,-0.1,0.13968253968253969,0.13968253968253969,0.019511211892164274,2019-10,2019-11-25T01:30:00+00:00,,pseudo_real_time
twentieth,union,last_available_actual,2019-11,0.1,-0.1,0.2,0.2,0.04000000000000001,2019-10,2019-11-25T01:30:00+00:00,,pseudo_real_time
twentieth,union,no_change,2019-12,0.0,0.0,0.0,0.0,0.0,2019-11,2019-12-24T01:30:00+00:00,,pseudo_real_time
twentieth,union,historical_mean,2019-12,0.03749999999999999,0.0,0.03749999999999999,0.03749999999999999,0.0014062499999999993,2019-11,2019-12-24T01:30:00+00:00,,pseudo_real_time
twentieth,union,last_available_actual,2019-12,-0.1,0.0,-0.1,0.1,0.010000000000000002,2019-11,2019-12-24T01:30:00+00:00,,pseudo_real_time
twentieth,union,no_change,2020-01,0.0,0.0,0.0,0.0,0.0,2019-12,2020-01-23T01:30:00+00:00,,pseudo_real_time
twentieth,union,historical_mean,2020-01,0.03692307692307691,0.0,0.03692307692307691,0.03692307692307691,0.001363313609467455,2019-12,2020-01-23T01:30:00+00:00,,pseudo_real_time
twentieth,union,last_available_actual,2020-01,0.0,0.0,0.0,0.0,0.0,2019-12,2020-01-23T01:30:00+00:00,,pseudo_real_time
twentieth,union,no_change,2020-02,0.0,-0.5,0.5,0.5,0.25,2020-01,2020-02-24T01:30:00+00:00,,pseudo_real_time
twentieth,union,historical_mean,2020-02,0.036363636363636355,-0.5,0.5363636363636364,0.5363636363636364,0.28768595041322315,2020-01,2020-02-24T01:30:00+00:00,,pseudo_real_time
twentieth,union,last_available_actual,2020-02,0.0,-0.5,0.5,0.5,0.25,2020-01,2020-02-24T01:30:00+00:00,,pseudo_real_time
twentieth,union,no_change,2020-03,0.0,-1.0,1.0,1.0,1.0,2020-02,2020-03-24T01:30:00+00:00,,pseudo_real_time
twentieth,union,historical_mean,2020-03,0.02835820895522387,-1.0,1.028358208955224,1.028358208955224,1.057520605925596,2020-02,2020-03-24T01:30:00+00:00,,pseudo_real_time
twentieth,union,last_available_actual,2020-03,-0.5,-1.0,0.5,0.5,0.25,2020-02,2020-03-24T01:30:00+00:00,,pseudo_real_time
twentieth,union,no_change,2020-04,0.0,-1.3,1.3,1.3,1.6900000000000002,2020-03,2020-04-24T01:30:00+00:00,,pseudo_real_time
twentieth,union,historical_mean,2020-04,0.013235294117647052,-1.3,1.313235294117647,1.313235294117647,1.724586937716263,2020-03,2020-04-24T01:30:00+00:00,,pseudo_real_time
twentieth,union,last_available_actual,2020-04,-1.0,-1.3,0.30000000000000004,0.30000000000000004,0.09000000000000002,2020-03,2020-04-24T01:30:00+00:00,,pseudo_real_time
twentieth,union,no_change,2020-05,0.0,-0.4,0.4,0.4,0.16000000000000003,2020-04,2020-05-25T01:30:00+00:00,,pseudo_real_time
twentieth,union,historical_mean,2020-05,-0.005797101449275371,-0.4,0.39420289855072466,0.39420289855072466,0.1553959252257929,2020-04,2020-05-25T01:30:00+00:00,,pseudo_real_time
twentieth,union,last_available_actual,2020-05,-1.3,-0.4,-0.9,0.9,0.81,2020-04,2020-05-25T01:30:00+00:00,,pseudo_real_time
twentieth,union,no_change,2020-06,0.0,0.4,-0.4,0.4,0.16000000000000003,2020-05,2020-06-24T01:30:00+00:00,,pseudo_real_time
twentieth,union,historical_mean,2020-06,-0.011428571428571437,0.4,-0.4114285714285715,0.4114285714285715,0.16927346938775514,2020-05,2020-06-24T01:30:00+00:00,,pseudo_real_time
twentieth,union,last_available_actual,2020-06,-0.4,0.4,-0.8,0.8,0.6400000000000001,2020-05,2020-06-24T01:30:00+00:00,,pseudo_real_time
twentieth,union,no_change,2020-07,0.0,0.4,-0.4,0.4,0.16000000000000003,2020-06,2020-07-24T01:30:00+00:00,,pseudo_real_time
twentieth,union,historical_mean,2020-07,-0.0056338028169014166,0.4,-0.4056338028169014,0.4056338028169014,0.16453878198770086,2020-06,2020-07-24T01:30:00+00:00,,pseudo_real_time
twentieth,union,last_available_actual,2020-07,0.4,0.4,0.0,0.0,0.0,2020-06,2020-07-24T01:30:00+00:00,,pseudo_real_time
twentieth,union,no_change,2020-08,0.0,0.3,-0.3,0.3,0.09,2020-07,2020-08-24T01:30:00+00:00,,pseudo_real_time
twentieth,union,historical_mean,2020-08,-6.1679056923619804e-18,0.3,-0.3,0.3,0.09,2020-07,2020-08-24T01:30:00+00:00,,pseudo_real_time
twentieth,union,last_available_actual,2020-08,0.4,0.3,0.10000000000000003,0.10000000000000003,0.010000000000000007,2020-07,2020-08-24T01:30:00+00:00,,pseudo_real_time
twentieth,union,no_change,2020-09,0.0,0.1,-0.1,0.1,0.010000000000000002,2020-08,2020-09-24T01:30:00+00:00,,pseudo_real_time
twentieth,union,historical_mean,2020-09,0.004109589041095884,0.1,-0.09589041095890412,0.09589041095890412,0.009194970913867518,2020-08,2020-09-24T01:30:00+00:00,,pseudo_real_time
twentieth,union,last_available_actual,2020-09,0.3,0.1,0.19999999999999998,0.19999999999999998,0.039999999999999994,2020-08,2020-09-24T01:30:00+00:00,,pseudo_real_time
twentieth,union,no_change,2020-10,0.0,0.0,0.0,0.0,0.0,2020-09,2020-10-26T01:30:00+00:00,,pseudo_real_time
twentieth,union,historical_mean,2020-10,0.0054054054054054,0.0,0.0054054054054054,0.0054054054054054,2.9218407596785913e-05,2020-09,2020-10-26T01:30:00+00:00,,pseudo_real_time
twentieth,union,last_available_actual,2020-10,0.1,0.0,0.1,0.1,0.010000000000000002,2020-09,2020-10-26T01:30:00+00:00,,pseudo_real_time
twentieth,union,no_change,2020-11,0.0,0.5,-0.5,0.5,0.25,2020-10,2020-11-24T01:30:00+00:00,,pseudo_real_time
twentieth,union,historical_mean,2020-11,0.005333333333333328,0.5,-0.4946666666666667,0.4946666666666667,0.24469511111111114,2020-10,2020-11-24T01:30:00+00:00,,pseudo_real_time
twentieth,union,last_available_actual,2020-11,0.0,0.5,-0.5,0.5,0.25,2020-10,2020-11-24T01:30:00+00:00,,pseudo_real_time
twentieth,union,no_change,2020-12,0.0,1.1,-1.1,1.1,1.2100000000000002,2020-11,2020-12-24T01:30:00+00:00,,pseudo_real_time
twentieth,union,historical_mean,2020-12,0.01184210526315789,1.1,-1.0881578947368422,1.0881578947368422,1.1840876038781165,2020-11,2020-12-24T01:30:00+00:00,,pseudo_real_time
twentieth,union,last_available_actual,2020-12,0.5,1.1,-0.6000000000000001,0.6000000000000001,0.3600000000000001,2020-11,2020-12-24T01:30:00+00:00,,pseudo_real_time
twentieth,union,no_change,2021-01,0.0,1.0,-1.0,1.0,1.0,2020-12,2021-01-25T01:30:00+00:00,,pseudo_real_time
twentieth,union,historical_mean,2021-01,0.02597402597402597,1.0,-0.974025974025974,0.974025974025974,0.9487265980772475,2020-12,2021-01-25T01:30:00+00:00,,pseudo_real_time
twentieth,union,last_available_actual,2021-01,1.1,1.0,0.10000000000000009,0.10000000000000009,0.010000000000000018,2020-12,2021-01-25T01:30:00+00:00,,pseudo_real_time
twentieth,union,no_change,2021-04,0.0,0.9,-0.9,0.9,0.81,2021-01,2021-04-25T01:30:00+00:00,,pseudo_real_time
twentieth,union,historical_mean,2021-04,0.03846153846153846,0.9,-0.8615384615384616,0.8615384615384616,0.7422485207100592,2021-01,2021-04-25T01:30:00+00:00,,pseudo_real_time
twentieth,union,last_available_actual,2021-04,1.0,0.9,0.09999999999999998,0.09999999999999998,0.009999999999999995,2021-01,2021-04-25T01:30:00+00:00,,pseudo_real_time
twentieth,union,no_change,2021-05,0.0,1.6,-1.6,1.6,2.5600000000000005,2021-04,2021-05-24T01:30:00+00:00,,pseudo_real_time
twentieth,union,historical_mean,2021-05,0.04936708860759493,1.6,-1.5506329113924051,1.5506329113924051,2.4044624258932865,2021-04,2021-05-24T01:30:00+00:00,,pseudo_real_time
twentieth,union,last_available_actual,2021-05,0.9,1.6,-0.7000000000000001,0.7000000000000001,0.4900000000000001,2021-04,2021-05-24T01:30:00+00:00,,pseudo_real_time
twentieth,union,no_change,2021-06,0.0,0.3,-0.3,0.3,0.09,2021-05,2021-06-24T01:30:00+00:00,,pseudo_real_time
twentieth,union,historical_mean,2021-06,0.06874999999999999,0.3,-0.23125,0.23125,0.053476562500000005,2021-05,2021-06-24T01:30:00+00:00,,pseudo_real_time
twentieth,union,last_available_actual,2021-06,1.6,0.3,1.3,1.3,1.6900000000000002,2021-05,2021-06-24T01:30:00+00:00,,pseudo_real_time
twentieth,union,no_change,2021-07,0.0,0.5,-0.5,0.5,0.25,2021-06,2021-07-26T01:30:00+00:00,,pseudo_real_time
twentieth,union,historical_mean,2021-07,0.07160493827160493,0.5,-0.4283950617283951,0.4283950617283951,0.18352232891327544,2021-06,2021-07-26T01:30:00+00:00,,pseudo_real_time
twentieth,union,last_available_actual,2021-07,0.3,0.5,-0.2,0.2,0.04000000000000001,2021-06,2021-07-26T01:30:00+00:00,,pseudo_real_time
twentieth,union,no_change,2021-08,0.0,0.7,-0.7,0.7,0.48999999999999994,2021-07,2021-08-24T01:30:00+00:00,,pseudo_real_time
twentieth,union,historical_mean,2021-08,0.07682926829268291,0.7,-0.6231707317073171,0.6231707317073171,0.38834176085663297,2021-07,2021-08-24T01:30:00+00:00,,pseudo_real_time
twentieth,union,last_available_actual,2021-08,0.5,0.7,-0.19999999999999996,0.19999999999999996,0.03999999999999998,2021-07,2021-08-24T01:30:00+00:00,,pseudo_real_time
twentieth,union,no_change,2021-09,0.0,1.2,-1.2,1.2,1.44,2021-08,2021-09-24T01:30:00+00:00,,pseudo_real_time
twentieth,union,historical_mean,2021-09,0.08433734939759036,1.2,-1.1156626506024097,1.1156626506024097,1.2447031499491945,2021-08,2021-09-24T01:30:00+00:00,,pseudo_real_time
twentieth,union,last_available_actual,2021-09,0.7,1.2,-0.5,0.5,0.25,2021-08,2021-09-24T01:30:00+00:00,,pseudo_real_time
twentieth,union,no_change,2021-10,0.0,2.5,-2.5,2.5,6.25,2021-09,2021-10-25T01:30:00+00:00,,pseudo_real_time
twentieth,union,historical_mean,2021-10,0.0976190476190476,2.5,-2.4023809523809523,2.4023809523809523,5.771434240362812,2021-09,2021-10-25T01:30:00+00:00,,pseudo_real_time
twentieth,union,last_available_actual,2021-10,1.2,2.5,-1.3,1.3,1.6900000000000002,2021-09,2021-10-25T01:30:00+00:00,,pseudo_real_time
twentieth,union,no_change,2021-11,0.0,0.0,0.0,0.0,0.0,2021-10,2021-11-24T01:30:00+00:00,,pseudo_real_time
twentieth,union,historical_mean,2021-11,0.12588235294117647,0.0,0.12588235294117647,0.12588235294117647,0.01584636678200692,2021-10,2021-11-24T01:30:00+00:00,,pseudo_real_time
twentieth,union,last_available_actual,2021-11,2.5,0.0,2.5,2.5,6.25,2021-10,2021-11-24T01:30:00+00:00,,pseudo_real_time
twentieth,union,no_change,2021-12,0.0,-1.2,1.2,1.2,1.44,2021-11,2021-12-24T01:30:00+00:00,,pseudo_real_time
twentieth,union,historical_mean,2021-12,0.12441860465116278,-1.2,1.3244186046511628,1.3244186046511628,1.754084640346133,2021-11,2021-12-24T01:30:00+00:00,,pseudo_real_time
twentieth,union,last_available_actual,2021-12,0.0,-1.2,1.2,1.2,1.44,2021-11,2021-12-24T01:30:00+00:00,,pseudo_real_time
twentieth,union,no_change,2022-01,0.0,-0.2,0.2,0.2,0.04000000000000001,2021-12,2022-01-24T01:30:00+00:00,,pseudo_real_time
twentieth,union,historical_mean,2022-01,0.10919540229885058,-0.2,0.30919540229885056,0.30919540229885056,0.09560179680274804,2021-12,2022-01-24T01:30:00+00:00,,pseudo_real_time
twentieth,union,last_available_actual,2022-01,-1.2,-0.2,-1.0,1.0,1.0,2021-12,2022-01-24T01:30:00+00:00,,pseudo_real_time
twentieth,union,no_change,2022-02,0.0,0.5,-0.5,0.5,0.25,2022-01,2022-02-24T01:30:00+00:00,,pseudo_real_time
twentieth,union,historical_mean,2022-02,0.10568181818181815,0.5,-0.39431818181818185,0.39431818181818185,0.1554868285123967,2022-01,2022-02-24T01:30:00+00:00,,pseudo_real_time
twentieth,union,last_available_actual,2022-02,-0.2,0.5,-0.7,0.7,0.48999999999999994,2022-01,2022-02-24T01:30:00+00:00,,pseudo_real_time
twentieth,union,no_change,2022-03,0.0,1.1,-1.1,1.1,1.2100000000000002,2022-02,2022-03-24T01:30:00+00:00,,pseudo_real_time
twentieth,union,historical_mean,2022-03,0.11011235955056177,1.1,-0.9898876404494383,0.9898876404494383,0.9798775407145565,2022-02,2022-03-24T01:30:00+00:00,,pseudo_real_time
twentieth,union,last_available_actual,2022-03,0.5,1.1,-0.6000000000000001,0.6000000000000001,0.3600000000000001,2022-02,2022-03-24T01:30:00+00:00,,pseudo_real_time
twentieth,union,no_change,2022-04,0.0,0.6,-0.6,0.6,0.36,2022-03,2022-04-24T01:30:00+00:00,,pseudo_real_time
twentieth,union,historical_mean,2022-04,0.12111111111111107,0.6,-0.4788888888888889,0.4788888888888889,0.2293345679012346,2022-03,2022-04-24T01:30:00+00:00,,pseudo_real_time
twentieth,union,last_available_actual,2022-04,1.1,0.6,0.5000000000000001,0.5000000000000001,0.2500000000000001,2022-03,2022-04-24T01:30:00+00:00,,pseudo_real_time
twentieth,union,no_change,2022-05,0.0,0.1,-0.1,0.1,0.010000000000000002,2022-04,2022-05-24T01:30:00+00:00,,pseudo_real_time
twentieth,union,historical_mean,2022-05,0.12637362637362634,0.1,0.026373626373626335,0.026373626373626335,0.0006955681680956386,2022-04,2022-05-24T01:30:00+00:00,,pseudo_real_time
twentieth,union,last_available_actual,2022-05,0.6,0.1,0.5,0.5,0.25,2022-04,2022-05-24T01:30:00+00:00,,pseudo_real_time
twentieth,union,no_change,2022-06,0.0,0.0,0.0,0.0,0.0,2022-05,2022-06-24T01:30:00+00:00,,pseudo_real_time
twentieth,union,historical_mean,2022-06,0.1260869565217391,0.0,0.1260869565217391,0.1260869565217391,0.015897920604914927,2022-05,2022-06-24T01:30:00+00:00,,pseudo_real_time
twentieth,union,last_available_actual,2022-06,0.1,0.0,0.1,0.1,0.010000000000000002,2022-05,2022-06-24T01:30:00+00:00,,pseudo_real_time
twentieth,union,no_change,2022-07,0.0,-1.3,1.3,1.3,1.6900000000000002,2022-06,2022-07-24T01:30:00+00:00,,pseudo_real_time
twentieth,union,historical_mean,2022-07,0.12473118279569888,-1.3,1.424731182795699,1.424731182795699,2.0298589432304315,2022-06,2022-07-24T01:30:00+00:00,,pseudo_real_time
twentieth,union,last_available_actual,2022-07,0.0,-1.3,1.3,1.3,1.6900000000000002,2022-06,2022-07-24T01:30:00+00:00,,pseudo_real_time
twentieth,union,no_change,2022-08,0.0,-1.2,1.2,1.2,1.44,2022-07,2022-08-24T01:30:00+00:00,,pseudo_real_time
twentieth,union,historical_mean,2022-08,0.10957446808510633,-1.2,1.3095744680851062,1.3095744680851062,1.714985287460389,2022-07,2022-08-24T01:30:00+00:00,,pseudo_real_time
twentieth,union,last_available_actual,2022-08,-1.3,-1.2,-0.10000000000000009,0.10000000000000009,0.010000000000000018,2022-07,2022-08-24T01:30:00+00:00,,pseudo_real_time
twentieth,union,no_change,2022-09,0.0,-0.1,0.1,0.1,0.010000000000000002,2022-08,2022-09-24T01:30:00+00:00,,pseudo_real_time
twentieth,union,historical_mean,2022-09,0.09578947368421048,-0.1,0.19578947368421049,0.19578947368421049,0.03833351800554015,2022-08,2022-09-24T01:30:00+00:00,,pseudo_real_time
twentieth,union,last_available_actual,2022-09,-1.2,-0.1,-1.0999999999999999,1.0999999999999999,1.2099999999999997,2022-08,2022-09-24T01:30:00+00:00,,pseudo_real_time
twentieth,union,no_change,2022-10,0.0,0.2,-0.2,0.2,0.04000000000000001,2022-09,2022-10-24T01:30:00+00:00,,pseudo_real_time
twentieth,union,historical_mean,2022-10,0.09375,0.2,-0.10625000000000001,0.10625000000000001,0.011289062500000002,2022-09,2022-10-24T01:30:00+00:00,,pseudo_real_time
twentieth,union,last_available_actual,2022-10,-0.1,0.2,-0.30000000000000004,0.30000000000000004,0.09000000000000002,2022-09,2022-10-24T01:30:00+00:00,,pseudo_real_time
twentieth,union,no_change,2022-11,0.0,0.1,-0.1,0.1,0.010000000000000002,2022-10,2022-11-24T01:30:00+00:00,,pseudo_real_time
twentieth,union,historical_mean,2022-11,0.09484536082474226,0.1,-0.005154639175257741,0.005154639175257741,2.6570305027101808e-05,2022-10,2022-11-24T01:30:00+00:00,,pseudo_real_time
twentieth,union,last_available_actual,2022-11,0.2,0.1,0.1,0.1,0.010000000000000002,2022-10,2022-11-24T01:30:00+00:00,,pseudo_real_time
twentieth,union,no_change,2022-12,0.0,-0.5,0.5,0.5,0.25,2022-11,2022-12-24T01:30:00+00:00,,pseudo_real_time
twentieth,union,historical_mean,2022-12,0.09489795918367346,-0.5,0.5948979591836735,0.5948979591836735,0.35390358184089965,2022-11,2022-12-24T01:30:00+00:00,,pseudo_real_time
twentieth,union,last_available_actual,2022-12,0.1,-0.5,0.6,0.6,0.36,2022-11,2022-12-24T01:30:00+00:00,,pseudo_real_time
twentieth,union,no_change,2023-01,0.0,-0.4,0.4,0.4,0.16000000000000003,2022-12,2023-01-24T01:30:00+00:00,,pseudo_real_time
twentieth,union,historical_mean,2023-01,0.08888888888888888,-0.4,0.48888888888888893,0.48888888888888893,0.2390123456790124,2022-12,2023-01-24T01:30:00+00:00,,pseudo_real_time
twentieth,union,last_available_actual,2023-01,-0.5,-0.4,-0.09999999999999998,0.09999999999999998,0.009999999999999995,2022-12,2023-01-24T01:30:00+00:00,,pseudo_real_time
twentieth,union,no_change,2023-02,0.0,0.0,0.0,0.0,0.0,2023-01,2023-02-24T01:30:00+00:00,,pseudo_real_time
twentieth,union,historical_mean,2023-02,0.08399999999999999,0.0,0.08399999999999999,0.08399999999999999,0.007055999999999999,2023-01,2023-02-24T01:30:00+00:00,,pseudo_real_time
twentieth,union,last_available_actual,2023-02,-0.4,0.0,-0.4,0.4,0.16000000000000003,2023-01,2023-02-24T01:30:00+00:00,,pseudo_real_time
twentieth,union,no_change,2023-03,0.0,0.0,0.0,0.0,0.0,2023-02,2023-03-24T01:30:00+00:00,,pseudo_real_time
twentieth,union,historical_mean,2023-03,0.08316831683168316,0.0,0.08316831683168316,0.08316831683168316,0.006916968924615232,2023-02,2023-03-24T01:30:00+00:00,,pseudo_real_time
twentieth,union,last_available_actual,2023-03,0.0,0.0,0.0,0.0,0.0,2023-02,2023-03-24T01:30:00+00:00,,pseudo_real_time
twentieth,union,no_change,2023-04,0.0,-0.5,0.5,0.5,0.25,2023-03,2023-04-24T01:30:00+00:00,,pseudo_real_time
twentieth,union,historical_mean,2023-04,0.08235294117647057,-0.5,0.5823529411764705,0.5823529411764705,0.3391349480968857,2023-03,2023-04-24T01:30:00+00:00,,pseudo_real_time
twentieth,union,last_available_actual,2023-04,0.0,-0.5,0.5,0.5,0.25,2023-03,2023-04-24T01:30:00+00:00,,pseudo_real_time
twentieth,union,no_change,2023-05,0.0,-0.9,0.9,0.9,0.81,2023-04,2023-05-24T01:30:00+00:00,,pseudo_real_time
twentieth,union,historical_mean,2023-05,0.07669902912621358,-0.9,0.9766990291262136,0.9766990291262136,0.9539409934960883,2023-04,2023-05-24T01:30:00+00:00,,pseudo_real_time
twentieth,union,last_available_actual,2023-05,-0.5,-0.9,0.4,0.4,0.16000000000000003,2023-04,2023-05-24T01:30:00+00:00,,pseudo_real_time
twentieth,union,no_change,2023-06,0.0,-0.8,0.8,0.8,0.6400000000000001,2023-05,2023-06-24T01:30:00+00:00,,pseudo_real_time
twentieth,union,historical_mean,2023-06,0.06730769230769229,-0.8,0.8673076923076923,0.8673076923076923,0.7522226331360947,2023-05,2023-06-24T01:30:00+00:00,,pseudo_real_time
twentieth,union,last_available_actual,2023-06,-0.9,-0.8,-0.09999999999999998,0.09999999999999998,0.009999999999999995,2023-05,2023-06-24T01:30:00+00:00,,pseudo_real_time
twentieth,union,no_change,2023-07,0.0,-0.2,0.2,0.2,0.04000000000000001,2023-06,2023-07-24T01:30:00+00:00,,pseudo_real_time
twentieth,union,historical_mean,2023-07,0.05904761904761903,-0.2,0.259047619047619,0.259047619047619,0.06710566893424035,2023-06,2023-07-24T01:30:00+00:00,,pseudo_real_time
twentieth,union,last_available_actual,2023-07,-0.8,-0.2,-0.6000000000000001,0.6000000000000001,0.3600000000000001,2023-06,2023-07-24T01:30:00+00:00,,pseudo_real_time
twentieth,union,no_change,2023-08,0.0,0.2,-0.2,0.2,0.04000000000000001,2023-07,2023-08-24T01:30:00+00:00,,pseudo_real_time
twentieth,union,historical_mean,2023-08,0.05660377358490564,0.2,-0.14339622641509436,0.14339622641509436,0.020562477750089007,2023-07,2023-08-24T01:30:00+00:00,,pseudo_real_time
twentieth,union,last_available_actual,2023-08,-0.2,0.2,-0.4,0.4,0.16000000000000003,2023-07,2023-08-24T01:30:00+00:00,,pseudo_real_time
twentieth,union,no_change,2023-09,0.0,0.4,-0.4,0.4,0.16000000000000003,2023-08,2023-09-24T01:30:00+00:00,,pseudo_real_time
twentieth,union,historical_mean,2023-09,0.05794392523364485,0.4,-0.3420560747663552,0.3420560747663552,0.11700235828456637,2023-08,2023-09-24T01:30:00+00:00,,pseudo_real_time
twentieth,union,last_available_actual,2023-09,0.2,0.4,-0.2,0.2,0.04000000000000001,2023-08,2023-09-24T01:30:00+00:00,,pseudo_real_time
twentieth,union,no_change,2023-10,0.0,0.0,0.0,0.0,0.0,2023-09,2023-10-24T01:30:00+00:00,,pseudo_real_time
twentieth,union,historical_mean,2023-10,0.0611111111111111,0.0,0.0611111111111111,0.0611111111111111,0.003734567901234567,2023-09,2023-10-24T01:30:00+00:00,,pseudo_real_time
twentieth,union,last_available_actual,2023-10,0.4,0.0,0.4,0.4,0.16000000000000003,2023-09,2023-10-24T01:30:00+00:00,,pseudo_real_time
twentieth,union,no_change,2023-11,0.0,-0.3,0.3,0.3,0.09,2023-10,2023-11-24T01:30:00+00:00,,pseudo_real_time
twentieth,union,historical_mean,2023-11,0.06055045871559632,-0.3,0.3605504587155963,0.3605504587155963,0.12999663328002692,2023-10,2023-11-24T01:30:00+00:00,,pseudo_real_time
twentieth,union,last_available_actual,2023-11,0.0,-0.3,0.3,0.3,0.09,2023-10,2023-11-24T01:30:00+00:00,,pseudo_real_time
twentieth,union,no_change,2023-12,0.0,-0.3,0.3,0.3,0.09,2023-11,2023-12-24T01:30:00+00:00,,pseudo_real_time
twentieth,union,historical_mean,2023-12,0.05727272727272726,-0.3,0.35727272727272724,0.35727272727272724,0.12764380165289255,2023-11,2023-12-24T01:30:00+00:00,,pseudo_real_time
twentieth,union,last_available_actual,2023-12,-0.3,-0.3,0.0,0.0,0.0,2023-11,2023-12-24T01:30:00+00:00,,pseudo_real_time
twentieth,union,no_change,2024-01,0.0,-0.2,0.2,0.2,0.04000000000000001,2023-12,2024-01-24T01:30:00+00:00,,pseudo_real_time
twentieth,union,historical_mean,2024-01,0.05405405405405404,-0.2,0.25405405405405407,0.25405405405405407,0.06454346238130022,2023-12,2024-01-24T01:30:00+00:00,,pseudo_real_time
twentieth,union,last_available_actual,2024-01,-0.3,-0.2,-0.09999999999999998,0.09999999999999998,0.009999999999999995,2023-12,2024-01-24T01:30:00+00:00,,pseudo_real_time
twentieth,union,no_change,2024-04,0.0,-0.2,0.2,0.2,0.04000000000000001,2024-01,2024-04-24T01:30:00+00:00,,pseudo_real_time
twentieth,union,historical_mean,2024-04,0.051785714285714275,-0.2,0.2517857142857143,0.2517857142857143,0.06339604591836734,2024-01,2024-04-24T01:30:00+00:00,,pseudo_real_time
twentieth,union,last_available_actual,2024-04,-0.2,-0.2,0.0,0.0,0.0,2024-01,2024-04-24T01:30:00+00:00,,pseudo_real_time
twentieth,union,no_change,2024-05,0.0,0.2,-0.2,0.2,0.04000000000000001,2024-04,2024-05-24T01:30:00+00:00,,pseudo_real_time
twentieth,union,historical_mean,2024-05,0.0495575221238938,0.2,-0.1504424778761062,0.1504424778761062,0.022632939149502707,2024-04,2024-05-24T01:30:00+00:00,,pseudo_real_time
twentieth,union,last_available_actual,2024-05,-0.2,0.2,-0.4,0.4,0.16000000000000003,2024-04,2024-05-24T01:30:00+00:00,,pseudo_real_time
twentieth,union,no_change,2024-06,0.0,0.1,-0.1,0.1,0.010000000000000002,2024-05,2024-06-24T01:30:00+00:00,,pseudo_real_time
twentieth,union,historical_mean,2024-06,0.05087719298245613,0.1,-0.049122807017543874,0.049122807017543874,0.0024130501692828576,2024-05,2024-06-24T01:30:00+00:00,,pseudo_real_time
twentieth,union,last_available_actual,2024-06,0.2,0.1,0.1,0.1,0.010000000000000002,2024-05,2024-06-24T01:30:00+00:00,,pseudo_real_time
twentieth,union,no_change,2024-07,0.0,-0.2,0.2,0.2,0.04000000000000001,2024-06,2024-07-24T01:30:00+00:00,,pseudo_real_time
twentieth,union,historical_mean,2024-07,0.05130434782608694,-0.2,0.25130434782608696,0.25130434782608696,0.0631538752362949,2024-06,2024-07-24T01:30:00+00:00,,pseudo_real_time
twentieth,union,last_available_actual,2024-07,0.1,-0.2,0.30000000000000004,0.30000000000000004,0.09000000000000002,2024-06,2024-07-24T01:30:00+00:00,,pseudo_real_time
twentieth,union,no_change,2024-08,0.0,-0.7,0.7,0.7,0.48999999999999994,2024-07,2024-08-24T01:30:00+00:00,,pseudo_real_time
twentieth,union,historical_mean,2024-08,0.049137931034482746,-0.7,0.7491379310344827,0.7491379310344827,0.5612076397146253,2024-07,2024-08-24T01:30:00+00:00,,pseudo_real_time
twentieth,union,last_available_actual,2024-08,-0.2,-0.7,0.49999999999999994,0.49999999999999994,0.24999999999999994,2024-07,2024-08-24T01:30:00+00:00,,pseudo_real_time
twentieth,union,no_change,2024-09,0.0,-0.6,0.6,0.6,0.36,2024-08,2024-09-24T01:30:00+00:00,,pseudo_real_time
twentieth,union,historical_mean,2024-09,0.04273504273504272,-0.6,0.6427350427350427,0.6427350427350427,0.41310833515961715,2024-08,2024-09-24T01:30:00+00:00,,pseudo_real_time
twentieth,union,last_available_actual,2024-09,-0.7,-0.6,-0.09999999999999998,0.09999999999999998,0.009999999999999995,2024-08,2024-09-24T01:30:00+00:00,,pseudo_real_time
twentieth,union,no_change,2024-10,0.0,-0.1,0.1,0.1,0.010000000000000002,2024-09,2024-10-24T01:30:00+00:00,,pseudo_real_time
twentieth,union,historical_mean,2024-10,0.03728813559322033,-0.1,0.13728813559322034,0.13728813559322034,0.018848032174662452,2024-09,2024-10-24T01:30:00+00:00,,pseudo_real_time
twentieth,union,last_available_actual,2024-10,-0.6,-0.1,-0.5,0.5,0.25,2024-09,2024-10-24T01:30:00+00:00,,pseudo_real_time
twentieth,union,no_change,2024-11,0.0,-0.1,0.1,0.1,0.010000000000000002,2024-10,2024-11-24T01:30:00+00:00,,pseudo_real_time
twentieth,union,historical_mean,2024-11,0.036134453781512595,-0.1,0.1361344537815126,0.1361344537815126,0.01853258950639079,2024-10,2024-11-24T01:30:00+00:00,,pseudo_real_time
twentieth,union,last_available_actual,2024-11,-0.1,-0.1,0.0,0.0,0.0,2024-10,2024-11-24T01:30:00+00:00,,pseudo_real_time
twentieth,union,no_change,2024-12,0.0,-0.1,0.1,0.1,0.010000000000000002,2024-11,2024-12-24T01:30:00+00:00,,pseudo_real_time
twentieth,union,historical_mean,2024-12,0.034999999999999996,-0.1,0.135,0.135,0.018225,2024-11,2024-12-24T01:30:00+00:00,,pseudo_real_time
twentieth,union,last_available_actual,2024-12,-0.1,-0.1,0.0,0.0,0.0,2024-11,2024-12-24T01:30:00+00:00,,pseudo_real_time
twentieth,union,no_change,2025-01,0.0,-0.2,0.2,0.2,0.04000000000000001,2024-12,2025-01-24T01:30:00+00:00,,pseudo_real_time
twentieth,union,historical_mean,2025-01,0.033884297520661154,-0.2,0.23388429752066117,0.23388429752066117,0.054701864626733154,2024-12,2025-01-24T01:30:00+00:00,,pseudo_real_time
twentieth,union,last_available_actual,2025-01,-0.1,-0.2,0.1,0.1,0.010000000000000002,2024-12,2025-01-24T01:30:00+00:00,,pseudo_real_time
twentieth,union,no_change,2025-02,0.0,-0.1,0.1,0.1,0.010000000000000002,2025-01,2025-02-24T01:30:00+00:00,,pseudo_real_time
twentieth,union,historical_mean,2025-02,0.031967213114754096,-0.1,0.1319672131147541,0.1319672131147541,0.017415345337274925,2025-01,2025-02-24T01:30:00+00:00,,pseudo_real_time
twentieth,union,last_available_actual,2025-02,-0.2,-0.1,-0.1,0.1,0.010000000000000002,2025-01,2025-02-24T01:30:00+00:00,,pseudo_real_time
twentieth,union,no_change,2025-03,0.0,-0.4,0.4,0.4,0.16000000000000003,2025-02,2025-03-24T01:30:00+00:00,,pseudo_real_time
twentieth,union,historical_mean,2025-03,0.030894308943089425,-0.4,0.43089430894308944,0.43089430894308944,0.18566990547954262,2025-02,2025-03-24T01:30:00+00:00,,pseudo_real_time
twentieth,union,last_available_actual,2025-03,-0.1,-0.4,0.30000000000000004,0.30000000000000004,0.09000000000000002,2025-02,2025-03-24T01:30:00+00:00,,pseudo_real_time
twentieth,union,no_change,2025-04,0.0,-0.4,0.4,0.4,0.16000000000000003,2025-03,2025-04-24T01:30:00+00:00,,pseudo_real_time
twentieth,union,historical_mean,2025-04,0.027419354838709675,-0.4,0.4274193548387097,0.4274193548387097,0.1826873048907388,2025-03,2025-04-24T01:30:00+00:00,,pseudo_real_time
twentieth,union,last_available_actual,2025-04,-0.4,-0.4,0.0,0.0,0.0,2025-03,2025-04-24T01:30:00+00:00,,pseudo_real_time
twentieth,union,no_change,2025-05,0.0,-0.4,0.4,0.4,0.16000000000000003,2025-04,2025-05-24T01:30:00+00:00,,pseudo_real_time
twentieth,union,historical_mean,2025-05,0.023999999999999997,-0.4,0.42400000000000004,0.42400000000000004,0.17977600000000005,2025-04,2025-05-24T01:30:00+00:00,,pseudo_real_time
twentieth,union,last_available_actual,2025-05,-0.4,-0.4,0.0,0.0,0.0,2025-04,2025-05-24T01:30:00+00:00,,pseudo_real_time
twentieth,union,no_change,2025-06,0.0,-0.4,0.4,0.4,0.16000000000000003,2025-05,2025-06-24T01:30:00+00:00,,pseudo_real_time
twentieth,union,historical_mean,2025-06,0.02063492063492063,-0.4,0.42063492063492064,0.42063492063492064,0.17693373645754598,2025-05,2025-06-24T01:30:00+00:00,,pseudo_real_time
twentieth,union,last_available_actual,2025-06,-0.4,-0.4,0.0,0.0,0.0,2025-05,2025-06-24T01:30:00+00:00,,pseudo_real_time
twentieth,union,no_change,2025-07,0.0,-0.2,0.2,0.2,0.04000000000000001,2025-06,2025-07-24T01:30:00+00:00,,pseudo_real_time
twentieth,union,historical_mean,2025-07,0.017322834645669288,-0.2,0.2173228346456693,0.2173228346456693,0.04722921445842892,2025-06,2025-07-24T01:30:00+00:00,,pseudo_real_time
twentieth,union,last_available_actual,2025-07,-0.4,-0.2,-0.2,0.2,0.04000000000000001,2025-06,2025-07-24T01:30:00+00:00,,pseudo_real_time
twentieth,union,no_change,2025-08,0.0,0.0,0.0,0.0,0.0,2025-07,2025-08-24T01:30:00+00:00,,pseudo_real_time
twentieth,union,historical_mean,2025-08,0.015624999999999986,0.0,0.015624999999999986,0.015624999999999986,0.00024414062499999957,2025-07,2025-08-24T01:30:00+00:00,,pseudo_real_time
twentieth,union,last_available_actual,2025-08,-0.2,0.0,-0.2,0.2,0.04000000000000001,2025-07,2025-08-24T01:30:00+00:00,,pseudo_real_time
twentieth,union,no_change,2025-09,0.0,0.0,0.0,0.0,0.0,2025-08,2025-09-24T01:30:00+00:00,,pseudo_real_time
twentieth,union,historical_mean,2025-09,0.015503875968992241,0.0,0.015503875968992241,0.015503875968992241,0.0002403701700618951,2025-08,2025-09-24T01:30:00+00:00,,pseudo_real_time
twentieth,union,last_available_actual,2025-09,0.0,0.0,0.0,0.0,0.0,2025-08,2025-09-24T01:30:00+00:00,,pseudo_real_time
twentieth,union,no_change,2025-10,0.0,0.1,-0.1,0.1,0.010000000000000002,2025-09,2025-10-24T01:30:00+00:00,,pseudo_real_time
twentieth,union,historical_mean,2025-10,0.015384615384615379,0.1,-0.08461538461538462,0.08461538461538462,0.007159763313609469,2025-09,2025-10-24T01:30:00+00:00,,pseudo_real_time
twentieth,union,last_available_actual,2025-10,0.0,0.1,-0.1,0.1,0.010000000000000002,2025-09,2025-10-24T01:30:00+00:00,,pseudo_real_time
twentieth,union,no_change,2025-11,0.0,0.1,-0.1,0.1,0.010000000000000002,2025-10,2025-11-24T01:30:00+00:00,,pseudo_real_time
twentieth,union,historical_mean,2025-11,0.016030534351145032,0.1,-0.08396946564885498,0.08396946564885498,0.007050871161354236,2025-10,2025-11-24T01:30:00+00:00,,pseudo_real_time
twentieth,union,last_available_actual,2025-11,0.1,0.1,0.0,0.0,0.0,2025-10,2025-11-24T01:30:00+00:00,,pseudo_real_time
twentieth,union,no_change,2025-12,0.0,0.2,-0.2,0.2,0.04000000000000001,2025-11,2025-12-24T01:30:00+00:00,,pseudo_real_time
twentieth,union,historical_mean,2025-12,0.016666666666666663,0.2,-0.18333333333333335,0.18333333333333335,0.03361111111111112,2025-11,2025-12-24T01:30:00+00:00,,pseudo_real_time
twentieth,union,last_available_actual,2025-12,0.1,0.2,-0.1,0.1,0.010000000000000002,2025-11,2025-12-24T01:30:00+00:00,,pseudo_real_time
twentieth,union,no_change,2026-01,0.0,0.4,-0.4,0.4,0.16000000000000003,2025-12,2026-01-24T01:30:00+00:00,,pseudo_real_time
twentieth,union,historical_mean,2026-01,0.01804511278195488,0.4,-0.38195488721804516,0.38195488721804516,0.1458895358697496,2025-12,2026-01-24T01:30:00+00:00,,pseudo_real_time
twentieth,union,last_available_actual,2026-01,0.2,0.4,-0.2,0.2,0.04000000000000001,2025-12,2026-01-24T01:30:00+00:00,,pseudo_real_time
twentieth,union,no_change,2026-04,0.0,1.7,-1.7,1.7,2.8899999999999997,2026-01,2026-04-24T01:30:00+00:00,,pseudo_real_time
twentieth,union,historical_mean,2026-04,0.020895522388059695,1.7,-1.6791044776119404,1.6791044776119404,2.819391846736467,2026-01,2026-04-24T01:30:00+00:00,,pseudo_real_time
twentieth,union,last_available_actual,2026-04,0.4,1.7,-1.2999999999999998,1.2999999999999998,1.6899999999999995,2026-01,2026-04-24T01:30:00+00:00,,pseudo_real_time
twentieth,union,no_change,2026-05,0.0,0.5,-0.5,0.5,0.25,2026-04,2026-05-24T01:30:00+00:00,,pseudo_real_time
twentieth,union,historical_mean,2026-05,0.033333333333333326,0.5,-0.4666666666666667,0.4666666666666667,0.2177777777777778,2026-04,2026-05-24T01:30:00+00:00,,pseudo_real_time
twentieth,union,last_available_actual,2026-05,1.7,0.5,1.2,1.2,1.44,2026-04,2026-05-24T01:30:00+00:00,,pseudo_real_time
twentieth,union,no_change,2026-06,0.0,-0.3,0.3,0.3,0.09,2026-05,2026-06-24T01:30:00+00:00,,pseudo_real_time
twentieth,union,historical_mean,2026-06,0.036764705882352935,-0.3,0.3367647058823529,0.3367647058823529,0.11341046712802766,2026-05,2026-06-24T01:30:00+00:00,,pseudo_real_time
twentieth,union,last_available_actual,2026-06,0.5,-0.3,0.8,0.8,0.6400000000000001,2026-05,2026-06-24T01:30:00+00:00,,pseudo_real_time
twentieth,union,no_change,2026-07,0.0,-0.7,0.7,0.7,0.48999999999999994,2026-06,2026-07-24T01:30:00+00:00,,pseudo_real_time
twentieth,union,historical_mean,2026-07,0.03430656934306569,-0.7,0.7343065693430656,0.7343065693430656,0.5392061377803824,2026-06,2026-07-24T01:30:00+00:00,,pseudo_real_time
twentieth,union,last_available_actual,2026-07,-0.3,-0.7,0.39999999999999997,0.39999999999999997,0.15999999999999998,2026-06,2026-07-24T01:30:00+00:00,,pseudo_real_time
twentieth,union,no_change,2026-08,0.0,0.4,-0.4,0.4,0.16000000000000003,2026-07,2026-08-24T01:30:00+00:00,,pseudo_real_time
twentieth,union,historical_mean,2026-08,0.028985507246376805,0.4,-0.3710144927536232,0.3710144927536232,0.1376517538332283,2026-07,2026-08-24T01:30:00+00:00,,pseudo_real_time
twentieth,union,last_available_actual,2026-08,-0.7,0.4,-1.1,1.1,1.2100000000000002,2026-07,2026-08-24T01:30:00+00:00,,pseudo_real_time
final,union,ridge,2016-06,-0.42242905171242884,-0.2,-0.22242905171242883,0.22242905171242883,0.04947468304569034,2016-05,2016-06-24T01:30:00+00:00,5.0,pseudo_real_time
final,union,ridge,2016-07,-0.1007407517516406,0.2,-0.3007407517516406,0.3007407517516406,0.09044499976414193,2016-06,2016-07-25T01:30:00+00:00,5.0,pseudo_real_time
final,union,ridge,2016-08,0.18181074978553613,0.2,-0.01818925021446388,0.01818925021446388,0.00033084882336437436,2016-07,2016-08-24T01:30:00+00:00,5.0,pseudo_real_time
final,union,ridge,2016-09,0.534855603952696,0.5,0.034855603952696046,0.034855603952696046,0.0012149131269072002,2016-08,2016-09-26T01:30:00+00:00,5.0,pseudo_real_time
final,union,ridge,2016-10,0.6175389817445367,0.7,-0.08246101825546326,0.08246101825546326,0.006799819531727844,2016-09,2016-10-24T01:30:00+00:00,5.0,pseudo_real_time
final,union,ridge,2016-11,1.0024455903013305,1.5,-0.4975544096986695,0.4975544096986695,0.24756039061059146,2016-10,2016-11-24T01:30:00+00:00,5.0,pseudo_real_time
final,union,ridge,2016-12,1.3263602100469836,1.6,-0.2736397899530165,0.2736397899530165,0.074878734645531,2016-11,2016-12-26T01:30:00+00:00,5.0,pseudo_real_time
final,union,ridge,2017-01,0.22273718775404977,0.8,-0.5772628122459502,0.5772628122459502,0.3332323544021032,2016-12,2017-01-24T01:30:00+00:00,5.0,pseudo_real_time
final,union,ridge,2017-02,0.8966379089937662,0.6,0.2966379089937662,0.2966379089937662,0.0879940490521939,2017-01,2017-02-24T01:30:00+00:00,5.0,pseudo_real_time
final,union,ridge,2017-03,0.5179259032187047,0.3,0.2179259032187047,0.2179259032187047,0.047491699293688246,2017-02,2017-03-24T01:30:00+00:00,5.0,pseudo_real_time
final,union,ridge,2017-04,-0.19815613029298457,-0.4,0.20184386970701546,0.20184386970701546,0.040740947738302634,2017-03,2017-04-24T01:30:00+00:00,5.0,pseudo_real_time
final,union,ridge,2017-05,-0.10932044172548991,-0.3,0.19067955827451008,0.19067955827451008,0.03635869394376229,2017-04,2017-05-24T01:30:00+00:00,5.0,pseudo_real_time
final,union,ridge,2017-06,-0.03814861644734083,-0.2,0.16185138355265918,0.16185138355265918,0.026195870357909996,2017-05,2017-06-26T01:30:00+00:00,5.0,pseudo_real_time
final,union,ridge,2017-07,0.06899024018006955,0.2,-0.13100975981993046,0.13100975981993046,0.017163557168075865,2017-06,2017-07-24T01:30:00+00:00,5.0,pseudo_real_time
final,union,ridge,2017-08,0.16192815471664046,0.9,-0.7380718452833596,0.7380718452833596,0.5447500487999835,2017-07,2017-08-24T01:30:00+00:00,5.0,pseudo_real_time
final,union,ridge,2017-09,1.2067242889661942,1.0,0.20672428896619421,0.20672428896619421,0.04273493164857857,2017-08,2017-09-25T01:30:00+00:00,5.0,pseudo_real_time
final,union,ridge,2017-10,0.36356433281291006,0.7,-0.3364356671870899,0.3364356671870899,0.11318895815562231,2017-09,2017-10-24T01:30:00+00:00,5.0,pseudo_real_time
final,union,ridge,2017-11,0.5182465029648221,0.5,0.01824650296482211,0.01824650296482211,0.000332934870445262,2017-10,2017-11-24T01:30:00+00:00,25.0,pseudo_real_time
final,union,ridge,2017-12,0.6930719937325092,0.8,-0.10692800626749088,0.10692800626749088,0.011433598524340569,2017-11,2017-12-25T01:30:00+00:00,5.0,pseudo_real_time
final,union,ridge,2018-01,0.19178403740672356,0.3,-0.10821596259327643,0.10821596259327643,0.011710694559989403,2017-12,2018-01-24T01:30:00+00:00,25.0,pseudo_real_time
final,union,ridge,2018-04,-0.1037436793063856,-0.2,0.09625632069361441,0.09625632069361441,0.00926527927347194,2018-01,2018-04-24T01:30:00+00:00,5.0,pseudo_real_time
final,union,ridge,2018-05,0.39463351967555427,0.4,-0.005366480324445755,0.005366480324445755,2.8799111072663413e-05,2018-04,2018-05-24T01:30:00+00:00,25.0,pseudo_real_time
final,union,ridge,2018-06,0.28936068272359194,0.3,-0.010639317276408045,0.010639317276408045,0.0001131950721080747,2018-05,2018-06-25T01:30:00+00:00,5.0,pseudo_real_time
final,union,ridge,2018-07,0.2070179233327511,0.1,0.10701792333275109,0.10701792333275109,0.01145283591445459,2018-06,2018-07-24T01:30:00+00:00,25.0,pseudo_real_time
final,union,ridge,2018-08,0.4278207464640165,0.4,0.0278207464640165,0.0278207464640165,0.0007739939338150865,2018-07,2018-08-24T01:30:00+00:00,25.0,pseudo_real_time
final,union,ridge,2018-09,0.5269129064710448,0.6,-0.07308709352895515,0.07308709352895515,0.005341723240510238,2018-08,2018-09-25T01:30:00+00:00,5.0,pseudo_real_time
final,union,ridge,2018-10,0.5944550268849323,0.4,0.19445502688493232,0.19445502688493232,0.037812757480819754,2018-09,2018-10-24T01:30:00+00:00,5.0,pseudo_real_time
final,union,ridge,2018-11,-0.5113115881893006,-0.2,-0.31131158818930055,0.31131158818930055,0.09691490494094465,2018-10,2018-11-26T01:30:00+00:00,5.0,pseudo_real_time
final,union,ridge,2018-12,-0.518174149570037,-1.0,0.48182585042996295,0.48182585042996295,0.23215615014255703,2018-11,2018-12-24T01:30:00+00:00,5.0,pseudo_real_time
final,union,ridge,2019-01,-0.5030061477728839,-0.6,0.0969938522271161,0.0969938522271161,0.009407807369855635,2018-12,2019-01-24T01:30:00+00:00,25.0,pseudo_real_time
final,union,ridge,2019-04,0.12467079282067078,0.3,-0.1753292071793292,0.1753292071793292,0.030740330890132145,2019-01,2019-04-24T01:30:00+00:00,25.0,pseudo_real_time
final,union,ridge,2019-07,-0.1873986603297712,-0.2,0.012601339670228806,0.012601339670228806,0.00015879376148448222,2019-04,2019-07-24T01:30:00+00:00,25.0,pseudo_real_time
final,union,ridge,2019-08,-0.16089802136880532,-0.1,-0.060898021368805316,0.060898021368805316,0.0037085690066354688,2019-07,2019-08-26T01:30:00+00:00,25.0,pseudo_real_time
final,union,ridge,2019-09,0.05571004726728278,0.1,-0.04428995273271723,0.04428995273271723,0.001961599913066326,2019-08,2019-09-24T01:30:00+00:00,25.0,pseudo_real_time
final,union,ridge,2019-10,-0.22206792986328563,0.1,-0.32206792986328564,0.32206792986328564,0.10372775144642228,2019-09,2019-10-24T01:30:00+00:00,5.0,pseudo_real_time
final,union,ridge,2019-11,-0.06384674472752763,-0.1,0.03615325527247237,0.03615325527247237,0.0013070578667965516,2019-10,2019-11-25T01:30:00+00:00,5.0,pseudo_real_time
final,union,ridge,2019-12,0.04952334323151286,0.0,0.04952334323151286,0.04952334323151286,0.002452561524826231,2019-11,2019-12-24T01:30:00+00:00,5.0,pseudo_real_time
final,union,ridge,2020-01,-0.036054687907426074,0.0,-0.036054687907426074,0.036054687907426074,0.0012999405201018959,2019-12,2020-01-23T01:30:00+00:00,5.0,pseudo_real_time
final,union,ridge,2020-02,-0.3391160850183211,-0.5,0.16088391498167892,0.16088391498167892,0.02588363409983209,2020-01,2020-02-24T01:30:00+00:00,5.0,pseudo_real_time
final,union,ridge,2020-03,-0.29057896215585627,-1.0,0.7094210378441437,0.7094210378441437,0.503278208935862,2020-02,2020-03-24T01:30:00+00:00,5.0,pseudo_real_time
final,union,ridge,2020-04,-1.0611600807446575,-1.3,0.23883991925534254,0.23883991925534254,0.05704450702989854,2020-03,2020-04-24T01:30:00+00:00,5.0,pseudo_real_time
final,union,ridge,2020-05,-1.3015690518285272,-0.4,-0.9015690518285272,0.9015690518285272,0.8128267552149896,2020-04,2020-05-25T01:30:00+00:00,5.0,pseudo_real_time
final,union,ridge,2020-06,-0.3323008327220851,0.4,-0.7323008327220851,0.7323008327220851,0.5362645096054593,2020-05,2020-06-24T01:30:00+00:00,5.0,pseudo_real_time
final,union,ridge,2020-07,-0.797423546146585,0.4,-1.197423546146585,1.197423546146585,1.4338231488662627,2020-06,2020-07-24T01:30:00+00:00,5.0,pseudo_real_time
final,union,ridge,2020-08,0.578865507442132,0.3,0.27886550744213207,0.27886550744213207,0.07776597124095781,2020-07,2020-08-24T01:30:00+00:00,25.0,pseudo_real_time
final,union,ridge,2020-09,0.08251487087455081,0.1,-0.017485129125449195,0.017485129125449195,0.00030572974053363173,2020-08,2020-09-24T01:30:00+00:00,5.0,pseudo_real_time
final,union,ridge,2020-10,-0.14684527053656804,0.0,-0.14684527053656804,0.14684527053656804,0.02156353347895786,2020-09,2020-10-26T01:30:00+00:00,25.0,pseudo_real_time
final,union,ridge,2020-11,0.8491607321003881,0.5,0.3491607321003881,0.3491607321003881,0.121913216840879,2020-10,2020-11-24T01:30:00+00:00,5.0,pseudo_real_time
final,union,ridge,2020-12,0.9026087335198888,1.1,-0.1973912664801113,0.1973912664801113,0.03896331208262231,2020-11,2020-12-24T01:30:00+00:00,25.0,pseudo_real_time
final,union,ridge,2021-01,0.7534408266561793,1.0,-0.24655917334382071,0.24655917334382071,0.06079142595998823,2020-12,2021-01-25T01:30:00+00:00,5.0,pseudo_real_time
final,union,ridge,2021-04,0.5196100740056746,0.9,-0.3803899259943254,0.3803899259943254,0.14469649579796837,2021-01,2021-04-25T01:30:00+00:00,25.0,pseudo_real_time
final,union,ridge,2021-05,1.1823361168797164,1.6,-0.4176638831202837,0.4176638831202837,0.17444311926311398,2021-04,2021-05-24T01:30:00+00:00,25.0,pseudo_real_time
final,union,ridge,2021-06,-0.45893151901258206,0.3,-0.758931519012582,0.758931519012582,0.5759770505507452,2021-05,2021-06-24T01:30:00+00:00,25.0,pseudo_real_time
final,union,ridge,2021-07,0.4813357935343,0.5,-0.018664206465699995,0.018664206465699995,0.0003483526029942775,2021-06,2021-07-26T01:30:00+00:00,25.0,pseudo_real_time
final,union,ridge,2021-08,0.44239509207448824,0.7,-0.2576049079255117,0.2576049079255117,0.06636028858731137,2021-07,2021-08-24T01:30:00+00:00,25.0,pseudo_real_time
final,union,ridge,2021-09,0.6488758329849332,1.2,-0.5511241670150667,0.5511241670150667,0.30373784746805116,2021-08,2021-09-24T01:30:00+00:00,25.0,pseudo_real_time
final,union,ridge,2021-10,1.9768474246715595,2.5,-0.5231525753284405,0.5231525753284405,0.27368861707277964,2021-09,2021-10-25T01:30:00+00:00,25.0,pseudo_real_time
final,union,ridge,2021-11,-1.1634422704934728,0.0,-1.1634422704934728,1.1634422704934728,1.3535979167710073,2021-10,2021-11-24T01:30:00+00:00,25.0,pseudo_real_time
final,union,ridge,2021-12,-1.2193394388253975,-1.2,-0.01933943882539757,0.01933943882539757,0.000374013894081295,2021-11,2021-12-24T01:30:00+00:00,25.0,pseudo_real_time
final,union,ridge,2022-01,-0.08281442354052697,-0.2,0.11718557645947304,0.11718557645947304,0.013732459330139002,2021-12,2022-01-24T01:30:00+00:00,25.0,pseudo_real_time
final,union,ridge,2022-04,0.10915698776308098,0.6,-0.490843012236919,0.490843012236919,0.24092686266181224,2022-01,2022-04-24T01:30:00+00:00,25.0,pseudo_real_time
final,union,ridge,2022-05,0.46714239525597545,0.1,0.3671423952559755,0.3671423952559755,0.13479353839429492,2022-04,2022-05-24T01:30:00+00:00,25.0,pseudo_real_time
final,union,ridge,2022-06,0.1517911839724919,0.0,0.1517911839724919,0.1517911839724919,0.023040563531770877,2022-05,2022-06-24T01:30:00+00:00,25.0,pseudo_real_time
final,union,ridge,2022-07,-0.9931685880336202,-1.3,0.30683141196637986,0.30683141196637986,0.09414551536928231,2022-06,2022-07-24T01:30:00+00:00,25.0,pseudo_real_time
final,union,ridge,2022-08,-0.778878149407734,-1.2,0.4211218505922659,0.4211218505922659,0.17734361304625473,2022-07,2022-08-24T01:30:00+00:00,25.0,pseudo_real_time
final,union,ridge,2022-09,0.394615409391904,-0.1,0.49461540939190396,0.49461540939190396,0.24464440320792075,2022-08,2022-09-24T01:30:00+00:00,25.0,pseudo_real_time
final,union,ridge,2022-10,0.033310861434989424,0.2,-0.16668913856501058,0.16668913856501058,0.027785268915545298,2022-09,2022-10-24T01:30:00+00:00,25.0,pseudo_real_time
final,union,ridge,2022-11,-0.5081031150100855,0.1,-0.6081031150100855,0.6081031150100855,0.3697893984849693,2022-10,2022-11-24T01:30:00+00:00,25.0,pseudo_real_time
final,union,ridge,2022-12,-0.2448315342149775,-0.5,0.2551684657850225,0.2551684657850225,0.0651109459310822,2022-11,2022-12-24T01:30:00+00:00,25.0,pseudo_real_time
final,union,ridge,2023-01,-0.5222981314868926,-0.4,-0.12229813148689261,0.12229813148689261,0.014956832965185275,2022-12,2023-01-24T01:30:00+00:00,25.0,pseudo_real_time
final,union,ridge,2023-02,0.21865357868466523,0.0,0.21865357868466523,0.21865357868466523,0.047809387471611085,2023-01,2023-02-24T01:30:00+00:00,25.0,pseudo_real_time
final,union,ridge,2023-03,-0.0591806424068342,0.0,-0.0591806424068342,0.0591806424068342,0.003502348435685582,2023-02,2023-03-24T01:30:00+00:00,25.0,pseudo_real_time
final,union,ridge,2023-04,-0.6546868456076497,-0.5,-0.15468684560764967,0.15468684560764967,0.023928020204044845,2023-03,2023-04-24T01:30:00+00:00,25.0,pseudo_real_time
final,union,ridge,2023-05,-0.8317937734935084,-0.9,0.06820622650649166,0.06820622650649166,0.004652089334254846,2023-04,2023-05-24T01:30:00+00:00,25.0,pseudo_real_time
final,union,ridge,2023-06,-0.8348144242093852,-0.8,-0.034814424209385186,0.034814424209385186,0.0012120441330310254,2023-05,2023-06-24T01:30:00+00:00,25.0,pseudo_real_time
final,union,ridge,2023-07,0.06399058364192067,-0.2,0.2639905836419207,0.2639905836419207,0.06969102825160192,2023-06,2023-07-24T01:30:00+00:00,25.0,pseudo_real_time
final,union,ridge,2023-08,0.6546874229993357,0.2,0.4546874229993357,0.4546874229993357,0.2067406526337768,2023-07,2023-08-24T01:30:00+00:00,25.0,pseudo_real_time
final,union,ridge,2023-09,-0.004133416531444091,0.4,-0.40413341653144413,0.40413341653144413,0.16332381835737772,2023-08,2023-09-24T01:30:00+00:00,25.0,pseudo_real_time
final,union,ridge,2023-10,-0.062326095163065504,0.0,-0.062326095163065504,0.062326095163065504,0.0038845421382754973,2023-09,2023-10-24T01:30:00+00:00,25.0,pseudo_real_time
final,union,ridge,2023-11,-0.3490498347683084,-0.3,-0.04904983476830843,0.04904983476830843,0.002405886290798359,2023-10,2023-11-24T01:30:00+00:00,25.0,pseudo_real_time
final,union,ridge,2023-12,-0.04255806504422958,-0.3,0.2574419349557704,0.2574419349557704,0.06627634987377111,2023-11,2023-12-24T01:30:00+00:00,25.0,pseudo_real_time
final,union,ridge,2024-01,-0.3586732983009812,-0.2,-0.1586732983009812,0.1586732983009812,0.025177215593712166,2023-12,2024-01-24T01:30:00+00:00,25.0,pseudo_real_time
final,union,ridge,2024-04,0.16883105557544162,-0.2,0.3688310555754416,0.3688310555754416,0.1360363475568945,2024-01,2024-04-24T01:30:00+00:00,25.0,pseudo_real_time
final,union,ridge,2024-05,-0.3641324897596342,0.2,-0.5641324897596343,0.5641324897596343,0.31824546600240383,2024-04,2024-05-24T01:30:00+00:00,25.0,pseudo_real_time
final,union,ridge,2024-06,0.07756869427691901,0.1,-0.022431305723080996,0.022431305723080996,0.0005031634764423263,2024-05,2024-06-24T01:30:00+00:00,25.0,pseudo_real_time
final,union,ridge,2024-07,-0.17492630359544145,-0.2,0.02507369640455856,0.02507369640455856,0.0006286902513879728,2024-06,2024-07-24T01:30:00+00:00,25.0,pseudo_real_time
final,union,ridge,2024-08,-0.6183066076293445,-0.7,0.08169339237065543,0.08169339237065543,0.0066738103570258625,2024-07,2024-08-24T01:30:00+00:00,25.0,pseudo_real_time
final,union,ridge,2024-09,-0.4012509103403781,-0.6,0.1987490896596219,0.1987490896596219,0.03950120064052843,2024-08,2024-09-24T01:30:00+00:00,25.0,pseudo_real_time
final,union,ridge,2024-10,0.25616907878709694,-0.1,0.3561690787870969,0.3561690787870969,0.12685641268404926,2024-09,2024-10-24T01:30:00+00:00,25.0,pseudo_real_time
final,union,ridge,2024-11,-0.20443784843776583,-0.1,-0.10443784843776582,0.10443784843776582,0.010907264186309745,2024-10,2024-11-24T01:30:00+00:00,25.0,pseudo_real_time
final,union,ridge,2024-12,0.09359120458649152,-0.1,0.19359120458649154,0.19359120458649154,0.03747755449324882,2024-11,2024-12-24T01:30:00+00:00,25.0,pseudo_real_time
final,union,ridge,2025-01,-0.49867742686269473,-0.2,-0.2986774268626947,0.2986774268626947,0.08920820531732035,2024-12,2025-01-24T01:30:00+00:00,25.0,pseudo_real_time
final,union,ridge,2025-02,-0.07735431036102623,-0.1,0.022645689638973773,0.022645689638973773,0.0005128272592247241,2025-01,2025-02-24T01:30:00+00:00,25.0,pseudo_real_time
final,union,ridge,2025-03,-0.012070410516380102,-0.4,0.38792958948361994,0.38792958948361994,0.1504893663969299,2025-02,2025-03-24T01:30:00+00:00,25.0,pseudo_real_time
final,union,ridge,2025-04,-0.4743706332291815,-0.4,-0.07437063322918147,0.07437063322918147,0.005530991086909431,2025-03,2025-04-24T01:30:00+00:00,25.0,pseudo_real_time
final,union,ridge,2025-05,-0.8034271202023041,-0.4,-0.4034271202023041,0.4034271202023041,0.1627534413147243,2025-04,2025-05-24T01:30:00+00:00,25.0,pseudo_real_time
final,union,ridge,2025-06,-0.29660956443504916,-0.4,0.10339043556495087,0.10339043556495087,0.010689582166310257,2025-05,2025-06-24T01:30:00+00:00,25.0,pseudo_real_time
final,union,ridge,2025-07,-0.12903912938693118,-0.2,0.07096087061306883,0.07096087061306883,0.005035445158164695,2025-06,2025-07-24T01:30:00+00:00,25.0,pseudo_real_time
final,union,ridge,2025-08,0.020407261991543062,0.0,0.020407261991543062,0.020407261991543062,0.0004164563419914781,2025-07,2025-08-24T01:30:00+00:00,25.0,pseudo_real_time
final,union,ridge,2025-09,-0.2296678480155033,0.0,-0.2296678480155033,0.2296678480155033,0.05274732041207232,2025-08,2025-09-24T01:30:00+00:00,25.0,pseudo_real_time
final,union,ridge,2025-12,0.125862544918894,0.2,-0.074137455081106,0.074137455081106,0.00549636224590301,2025-09,2025-12-24T01:30:00+00:00,25.0,pseudo_real_time
final,union,ridge,2026-01,-0.40616286160556925,0.4,-0.8061628616055693,0.8061628616055693,0.6498985594320802,2025-12,2026-01-24T01:30:00+00:00,25.0,pseudo_real_time
final,union,ridge,2026-04,1.2413894690155418,1.7,-0.45861053098445814,0.45861053098445814,0.21032361912984665,2026-01,2026-04-24T01:30:00+00:00,25.0,pseudo_real_time
final,union,ridge,2026-05,1.0468129058807008,0.5,0.5468129058807008,0.5468129058807008,0.2990043540376961,2026-04,2026-05-24T01:30:00+00:00,5.0,pseudo_real_time
final,union,ridge,2026-06,1.0776727372962212,-0.3,1.3776727372962212,1.3776727372962212,1.8979821710892628,2026-05,2026-06-24T01:30:00+00:00,5.0,pseudo_real_time
final,union,ridge,2026-07,0.4586656484952538,-0.7,1.1586656484952538,1.1586656484952538,1.342506085002927,2026-06,2026-07-24T01:30:00+00:00,5.0,pseudo_real_time
final,union,ridge,2026-08,5.1001516189253655,0.4,4.700151618925365,4.700151618925365,22.091425240886732,2026-07,2026-08-24T01:30:00+00:00,5.0,pseudo_real_time
final,union,histgb,2016-06,-0.21796387487915253,-0.2,-0.01796387487915252,0.01796387487915252,0.0003227008006738469,2016-05,2016-06-24T01:30:00+00:00,5.0,pseudo_real_time
final,union,histgb,2016-07,0.09138662081062143,0.2,-0.10861337918937858,0.10861337918937858,0.011796866138935736,2016-06,2016-07-25T01:30:00+00:00,5.0,pseudo_real_time
final,union,histgb,2016-08,-0.1845137603204288,0.2,-0.38451376032042883,0.38451376032042883,0.14785083187575618,2016-07,2016-08-24T01:30:00+00:00,5.0,pseudo_real_time
final,union,histgb,2016-09,0.25561313740440783,0.5,-0.24438686259559217,0.24438686259559217,0.059724938609316845,2016-08,2016-09-26T01:30:00+00:00,5.0,pseudo_real_time
final,union,histgb,2016-10,0.14244357182753498,0.7,-0.557556428172465,0.557556428172465,0.3108691705964371,2016-09,2016-10-24T01:30:00+00:00,5.0,pseudo_real_time
final,union,histgb,2016-11,0.33077267226304385,1.5,-1.169227327736956,1.169227327736956,1.3670925439269033,2016-10,2016-11-24T01:30:00+00:00,5.0,pseudo_real_time
final,union,histgb,2016-12,0.4956650049445891,1.6,-1.104334995055411,1.104334995055411,1.219555781304035,2016-11,2016-12-26T01:30:00+00:00,5.0,pseudo_real_time
final,union,histgb,2017-01,0.44023344017102395,0.8,-0.3597665598289761,0.3597665598289761,0.12943197757117625,2016-12,2017-01-24T01:30:00+00:00,5.0,pseudo_real_time
final,union,histgb,2017-02,0.6108473404162819,0.6,0.010847340416281881,0.010847340416281881,0.00011766479410670237,2017-01,2017-02-24T01:30:00+00:00,5.0,pseudo_real_time
final,union,histgb,2017-03,0.5332759817441196,0.3,0.23327598174411962,0.23327598174411962,0.05441768365868283,2017-02,2017-03-24T01:30:00+00:00,5.0,pseudo_real_time
final,union,histgb,2017-04,-0.3767232755787161,-0.4,0.023276724421283923,0.023276724421283923,0.0005418058997843953,2017-03,2017-04-24T01:30:00+00:00,5.0,pseudo_real_time
final,union,histgb,2017-05,-0.48794023035167217,-0.3,-0.18794023035167218,0.18794023035167218,0.0353215301846396,2017-04,2017-05-24T01:30:00+00:00,5.0,pseudo_real_time
final,union,histgb,2017-06,0.0570007970101259,-0.2,0.2570007970101259,0.2570007970101259,0.06604940966383994,2017-05,2017-06-26T01:30:00+00:00,5.0,pseudo_real_time
final,union,histgb,2017-07,0.5252596206028676,0.2,0.32525962060286756,0.32525962060286756,0.10579382079472134,2017-06,2017-07-24T01:30:00+00:00,5.0,pseudo_real_time
final,union,histgb,2017-08,0.6584440518723177,0.9,-0.24155594812768233,0.24155594812768233,0.05834927607586356,2017-07,2017-08-24T01:30:00+00:00,5.0,pseudo_real_time
final,union,histgb,2017-09,0.7873958628658444,1.0,-0.2126041371341556,0.2126041371341556,0.04520051912655884,2017-08,2017-09-25T01:30:00+00:00,5.0,pseudo_real_time
final,union,histgb,2017-10,0.6634689475219816,0.7,-0.036531052478018355,0.036531052478018355,0.001334517795151731,2017-09,2017-10-24T01:30:00+00:00,5.0,pseudo_real_time
final,union,histgb,2017-11,0.6904799564742112,0.5,0.19047995647421123,0.19047995647421123,0.03628261381841741,2017-10,2017-11-24T01:30:00+00:00,5.0,pseudo_real_time
final,union,histgb,2017-12,0.33866540633018166,0.8,-0.4613345936698184,0.4613345936698184,0.21282960731649644,2017-11,2017-12-25T01:30:00+00:00,5.0,pseudo_real_time
final,union,histgb,2018-01,-0.23848230719124233,0.3,-0.5384823071912423,0.5384823071912423,0.2899631951580035,2017-12,2018-01-24T01:30:00+00:00,5.0,pseudo_real_time
final,union,histgb,2018-04,-0.27723503181086784,-0.2,-0.07723503181086783,0.07723503181086783,0.005965250138825765,2018-01,2018-04-24T01:30:00+00:00,5.0,pseudo_real_time
final,union,histgb,2018-05,0.7716219187736968,0.4,0.37162191877369677,0.37162191877369677,0.13810285051304408,2018-04,2018-05-24T01:30:00+00:00,5.0,pseudo_real_time
final,union,histgb,2018-06,-0.10569099373808875,0.3,-0.40569099373808876,0.40569099373808876,0.16458518240019798,2018-05,2018-06-25T01:30:00+00:00,5.0,pseudo_real_time
final,union,histgb,2018-07,-0.0636956902619955,0.1,-0.16369569026199549,0.16369569026199549,0.026796279010351164,2018-06,2018-07-24T01:30:00+00:00,5.0,pseudo_real_time
final,union,histgb,2018-08,0.6521810565305849,0.4,0.25218105653058487,0.25218105653058487,0.06359528527288204,2018-07,2018-08-24T01:30:00+00:00,5.0,pseudo_real_time
final,union,histgb,2018-09,0.6251907552689194,0.6,0.02519075526891945,0.02519075526891945,0.0006345741510185931,2018-08,2018-09-25T01:30:00+00:00,5.0,pseudo_real_time
final,union,histgb,2018-10,0.34416630258054515,0.4,-0.055833697419454875,0.055833697419454875,0.003117401767527242,2018-09,2018-10-24T01:30:00+00:00,5.0,pseudo_real_time
final,union,histgb,2018-11,-0.2253866462687983,-0.2,-0.025386646268798302,0.025386646268798302,0.0006444818087770908,2018-10,2018-11-26T01:30:00+00:00,5.0,pseudo_real_time
final,union,histgb,2018-12,-0.26474287431662785,-1.0,0.7352571256833722,0.7352571256833722,0.5406030408681742,2018-11,2018-12-24T01:30:00+00:00,5.0,pseudo_real_time
final,union,histgb,2019-01,0.06203149568977024,-0.6,0.6620314956897703,0.6620314956897703,0.4382857012852343,2018-12,2019-01-24T01:30:00+00:00,5.0,pseudo_real_time
final,union,histgb,2019-04,0.16217976439565812,0.3,-0.13782023560434187,0.13782023560434187,0.0189944173420363,2019-01,2019-04-24T01:30:00+00:00,5.0,pseudo_real_time
final,union,histgb,2019-07,-0.15526865956524827,-0.2,0.04473134043475174,0.04473134043475174,0.002000892817089656,2019-04,2019-07-24T01:30:00+00:00,5.0,pseudo_real_time
final,union,histgb,2019-08,0.20515180138128583,-0.1,0.30515180138128584,0.30515180138128584,0.09311762188624371,2019-07,2019-08-26T01:30:00+00:00,5.0,pseudo_real_time
final,union,histgb,2019-09,0.27490973158881504,0.1,0.17490973158881504,0.17490973158881504,0.03059341420447132,2019-08,2019-09-24T01:30:00+00:00,5.0,pseudo_real_time
final,union,histgb,2019-10,-0.08108395510311016,0.1,-0.18108395510311015,0.18108395510311015,0.032791398795785215,2019-09,2019-10-24T01:30:00+00:00,5.0,pseudo_real_time
final,union,histgb,2019-11,-0.5300342389353044,-0.1,-0.43003423893530446,0.43003423893530446,0.18492944665666652,2019-10,2019-11-25T01:30:00+00:00,5.0,pseudo_real_time
final,union,histgb,2019-12,0.008458125495708915,0.0,0.008458125495708915,0.008458125495708915,7.153988690116119e-05,2019-11,2019-12-24T01:30:00+00:00,5.0,pseudo_real_time
final,union,histgb,2020-01,-0.13378788822341744,0.0,-0.13378788822341744,0.13378788822341744,0.01789919903528164,2019-12,2020-01-23T01:30:00+00:00,5.0,pseudo_real_time
final,union,histgb,2020-02,-0.2916431743975928,-0.5,0.2083568256024072,0.2083568256024072,0.04341256677511193,2020-01,2020-02-24T01:30:00+00:00,5.0,pseudo_real_time
final,union,histgb,2020-03,0.03467095288467337,-1.0,1.0346709528846734,1.0346709528846734,1.070543980743278,2020-02,2020-03-24T01:30:00+00:00,5.0,pseudo_real_time
final,union,histgb,2020-04,-0.7444875823652387,-1.3,0.5555124176347613,0.5555124176347613,0.3085940461464175,2020-03,2020-04-24T01:30:00+00:00,5.0,pseudo_real_time
final,union,histgb,2020-05,-0.032166633233771204,-0.4,0.3678333667662288,0.3678333667662288,0.13530138570657899,2020-04,2020-05-25T01:30:00+00:00,5.0,pseudo_real_time
final,union,histgb,2020-06,-0.08567184446144224,0.4,-0.4856718444614423,0.4856718444614423,0.2358771405025794,2020-05,2020-06-24T01:30:00+00:00,5.0,pseudo_real_time
final,union,histgb,2020-07,0.07598211715070538,0.4,-0.32401788284929467,0.32401788284929467,0.10498758840613924,2020-06,2020-07-24T01:30:00+00:00,5.0,pseudo_real_time
final,union,histgb,2020-08,0.5622389453605534,0.3,0.2622389453605534,0.2622389453605534,0.06876926446381532,2020-07,2020-08-24T01:30:00+00:00,5.0,pseudo_real_time
final,union,histgb,2020-09,0.3108809602507998,0.1,0.2108809602507998,0.2108809602507998,0.044470779396299405,2020-08,2020-09-24T01:30:00+00:00,5.0,pseudo_real_time
final,union,histgb,2020-10,-0.0155346891047272,0.0,-0.0155346891047272,0.0155346891047272,0.00024132656558052996,2020-09,2020-10-26T01:30:00+00:00,5.0,pseudo_real_time
final,union,histgb,2020-11,0.6049723782250392,0.5,0.10497237822503924,0.10497237822503924,0.011019200190220693,2020-10,2020-11-24T01:30:00+00:00,5.0,pseudo_real_time
final,union,histgb,2020-12,0.6918022590744743,1.1,-0.40819774092552574,0.40819774092552574,0.16662539569670262,2020-11,2020-12-24T01:30:00+00:00,5.0,pseudo_real_time
final,union,histgb,2021-01,0.7180164816528105,1.0,-0.2819835183471895,0.2819835183471895,0.07951470461945975,2020-12,2021-01-25T01:30:00+00:00,5.0,pseudo_real_time
final,union,histgb,2021-04,0.5934075322248287,0.9,-0.30659246777517135,0.30659246777517135,0.09399894129646949,2021-01,2021-04-25T01:30:00+00:00,5.0,pseudo_real_time
final,union,histgb,2021-05,0.9151062266746773,1.6,-0.6848937733253228,0.6848937733253228,0.4690794807397986,2021-04,2021-05-24T01:30:00+00:00,5.0,pseudo_real_time
final,union,histgb,2021-06,-0.4689810921826773,0.3,-0.7689810921826773,0.7689810921826773,0.5913319201344632,2021-05,2021-06-24T01:30:00+00:00,5.0,pseudo_real_time
final,union,histgb,2021-07,0.05911244344863692,0.5,-0.4408875565513631,0.4408875565513631,0.19438183752183139,2021-06,2021-07-26T01:30:00+00:00,5.0,pseudo_real_time
final,union,histgb,2021-08,0.6334280111954715,0.7,-0.06657198880452841,0.06657198880452841,0.004431829693390257,2021-07,2021-08-24T01:30:00+00:00,5.0,pseudo_real_time
final,union,histgb,2021-09,0.5209184581805202,1.2,-0.6790815418194798,0.6790815418194798,0.46115174043992185,2021-08,2021-09-24T01:30:00+00:00,5.0,pseudo_real_time
final,union,histgb,2021-10,0.9970113071198358,2.5,-1.5029886928801641,1.5029886928801641,2.2589750109256244,2021-09,2021-10-25T01:30:00+00:00,5.0,pseudo_real_time
final,union,histgb,2021-11,-0.3939996152620905,0.0,-0.3939996152620905,0.3939996152620905,0.15523569682667532,2021-10,2021-11-24T01:30:00+00:00,5.0,pseudo_real_time
final,union,histgb,2021-12,-0.7180879068405571,-1.2,0.48191209315944283,0.48191209315944283,0.2322392655333155,2021-11,2021-12-24T01:30:00+00:00,5.0,pseudo_real_time
final,union,histgb,2022-01,0.030105114716873497,-0.2,0.2301051147168735,0.2301051147168735,0.052948363818865515,2021-12,2022-01-24T01:30:00+00:00,5.0,pseudo_real_time
final,union,histgb,2022-04,0.21634158491330244,0.6,-0.3836584150866975,0.3836584150866975,0.14719377946683668,2022-01,2022-04-24T01:30:00+00:00,5.0,pseudo_real_time
final,union,histgb,2022-05,-0.15175788045282848,0.1,-0.2517578804528285,0.2517578804528285,0.06338203037010068,2022-04,2022-05-24T01:30:00+00:00,5.0,pseudo_real_time
final,union,histgb,2022-06,-0.03448249847682876,0.0,-0.03448249847682876,0.03448249847682876,0.0011890427012044976,2022-05,2022-06-24T01:30:00+00:00,5.0,pseudo_real_time
final,union,histgb,2022-07,-0.47528629404355205,-1.3,0.824713705956448,0.824713705956448,0.6801526967924185,2022-06,2022-07-24T01:30:00+00:00,5.0,pseudo_real_time
final,union,histgb,2022-08,-0.6833783375308224,-1.2,0.5166216624691775,0.5166216624691775,0.2668979421324168,2022-07,2022-08-24T01:30:00+00:00,5.0,pseudo_real_time
final,union,histgb,2022-09,0.1102450352471002,-0.1,0.2102450352471002,0.2102450352471002,0.044202974846054406,2022-08,2022-09-24T01:30:00+00:00,5.0,pseudo_real_time
final,union,histgb,2022-10,-0.11053139221328766,0.2,-0.3105313922132877,0.3105313922132877,0.0964297455499227,2022-09,2022-10-24T01:30:00+00:00,5.0,pseudo_real_time
final,union,histgb,2022-11,-0.6357609191877692,0.1,-0.7357609191877692,0.7357609191877692,0.541344130204031,2022-10,2022-11-24T01:30:00+00:00,5.0,pseudo_real_time
final,union,histgb,2022-12,-0.28881942844961983,-0.5,0.21118057155038017,0.21118057155038017,0.04459723380034524,2022-11,2022-12-24T01:30:00+00:00,5.0,pseudo_real_time
final,union,histgb,2023-01,0.16256043986126814,-0.4,0.5625604398612681,0.5625604398612681,0.3164742484969035,2022-12,2023-01-24T01:30:00+00:00,5.0,pseudo_real_time
final,union,histgb,2023-02,0.3678388048310331,0.0,0.3678388048310331,0.3678388048310331,0.13530538633952285,2023-01,2023-02-24T01:30:00+00:00,5.0,pseudo_real_time
final,union,histgb,2023-03,0.006239513948013317,0.0,0.006239513948013317,0.006239513948013317,3.8931534307452724e-05,2023-02,2023-03-24T01:30:00+00:00,5.0,pseudo_real_time
final,union,histgb,2023-04,-0.35909336903005523,-0.5,0.14090663096994477,0.14090663096994477,0.0198546786513002,2023-03,2023-04-24T01:30:00+00:00,5.0,pseudo_real_time
final,union,histgb,2023-05,-0.7544722257173168,-0.9,0.14552777428268326,0.14552777428268326,0.02117833308767161,2023-04,2023-05-24T01:30:00+00:00,5.0,pseudo_real_time
final,union,histgb,2023-06,-0.5749873019283939,-0.8,0.22501269807160618,0.22501269807160618,0.0506307142934638,2023-05,2023-06-24T01:30:00+00:00,5.0,pseudo_real_time
final,union,histgb,2023-07,0.31305801454423365,-0.2,0.5130580145442336,0.5130580145442336,0.26322852628807103,2023-06,2023-07-24T01:30:00+00:00,5.0,pseudo_real_time
final,union,histgb,2023-08,0.33940101617750257,0.2,0.13940101617750256,0.13940101617750256,0.01943264331132033,2023-07,2023-08-24T01:30:00+00:00,5.0,pseudo_real_time
final,union,histgb,2023-09,-0.019304198378021588,0.4,-0.41930419837802163,0.41930419837802163,0.1758160107774353,2023-08,2023-09-24T01:30:00+00:00,5.0,pseudo_real_time
final,union,histgb,2023-10,-0.5601961728978231,0.0,-0.5601961728978231,0.5601961728978231,0.3138197521293677,2023-09,2023-10-24T01:30:00+00:00,5.0,pseudo_real_time
final,union,histgb,2023-11,-0.33408304254087756,-0.3,-0.03408304254087757,0.03408304254087757,0.0011616537888432703,2023-10,2023-11-24T01:30:00+00:00,5.0,pseudo_real_time
final,union,histgb,2023-12,0.18920813632753414,-0.3,0.4892081363275341,0.4892081363275341,0.23932460064905922,2023-11,2023-12-24T01:30:00+00:00,5.0,pseudo_real_time
final,union,histgb,2024-01,-0.34468623337649,-0.2,-0.14468623337649,0.14468623337649,0.02093410612867613,2023-12,2024-01-24T01:30:00+00:00,5.0,pseudo_real_time
final,union,histgb,2024-04,0.038920065264739095,-0.2,0.2389200652647391,0.2389200652647391,0.057082797586107195,2024-01,2024-04-24T01:30:00+00:00,5.0,pseudo_real_time
final,union,histgb,2024-05,-0.02731309197379837,0.2,-0.22731309197379837,0.22731309197379837,0.05167124178268852,2024-04,2024-05-24T01:30:00+00:00,5.0,pseudo_real_time
final,union,histgb,2024-06,-0.04982735890258335,0.1,-0.14982735890258336,0.14982735890258336,0.022448237475723526,2024-05,2024-06-24T01:30:00+00:00,5.0,pseudo_real_time
final,union,histgb,2024-07,-0.26211456865186555,-0.2,-0.06211456865186554,0.06211456865186554,0.0038582196388073178,2024-06,2024-07-24T01:30:00+00:00,5.0,pseudo_real_time
final,union,histgb,2024-08,-0.15974240016011285,-0.7,0.5402575998398871,0.5402575998398871,0.29187827418475554,2024-07,2024-08-24T01:30:00+00:00,5.0,pseudo_real_time
final,union,histgb,2024-09,-0.4123258722028511,-0.6,0.18767412779714887,0.18767412779714887,0.035221578244420564,2024-08,2024-09-24T01:30:00+00:00,5.0,pseudo_real_time
final,union,histgb,2024-10,0.1954694053154391,-0.1,0.2954694053154391,0.2954694053154391,0.08730216947745922,2024-09,2024-10-24T01:30:00+00:00,5.0,pseudo_real_time
final,union,histgb,2024-11,-0.421216551875229,-0.1,-0.321216551875229,0.321216551875229,0.1031800731986117,2024-10,2024-11-24T01:30:00+00:00,5.0,pseudo_real_time
final,union,histgb,2024-12,0.01284632487410482,-0.1,0.11284632487410483,0.11284632487410483,0.01273429303759201,2024-11,2024-12-24T01:30:00+00:00,5.0,pseudo_real_time
final,union,histgb,2025-01,-0.15365014747001102,-0.2,0.046349852529988994,0.046349852529988994,0.002148308829551727,2024-12,2025-01-24T01:30:00+00:00,5.0,pseudo_real_time
final,union,histgb,2025-02,-0.10808926712849483,-0.1,-0.008089267128494823,0.008089267128494823,6.543624267614688e-05,2025-01,2025-02-24T01:30:00+00:00,5.0,pseudo_real_time
final,union,histgb,2025-03,-0.2252641062799061,-0.4,0.17473589372009393,0.17473589372009393,0.03053263255415996,2025-02,2025-03-24T01:30:00+00:00,5.0,pseudo_real_time
final,union,histgb,2025-04,-0.4370858163826133,-0.4,-0.03708581638261327,0.03708581638261327,0.0013753577767649067,2025-03,2025-04-24T01:30:00+00:00,5.0,pseudo_real_time
final,union,histgb,2025-05,-0.5637716761887084,-0.4,-0.16377167618870836,0.16377167618870836,0.026821161921659144,2025-04,2025-05-24T01:30:00+00:00,5.0,pseudo_real_time
final,union,histgb,2025-06,-0.12227980378500976,-0.4,0.2777201962149903,0.2777201962149903,0.0771285073856927,2025-05,2025-06-24T01:30:00+00:00,5.0,pseudo_real_time
final,union,histgb,2025-07,0.007170454626958954,-0.2,0.20717045462695896,0.20717045462695896,0.042919597270340865,2025-06,2025-07-24T01:30:00+00:00,5.0,pseudo_real_time
final,union,histgb,2025-08,0.12650351816401761,0.0,0.12650351816401761,0.12650351816401761,0.016003140107873935,2025-07,2025-08-24T01:30:00+00:00,5.0,pseudo_real_time
final,union,histgb,2025-09,-0.21968328334145842,0.0,-0.21968328334145842,0.21968328334145842,0.0482607449796835,2025-08,2025-09-24T01:30:00+00:00,5.0,pseudo_real_time
final,union,histgb,2025-12,-0.1131435707057893,0.2,-0.3131435707057893,0.3131435707057893,0.09805889587437167,2025-09,2025-12-24T01:30:00+00:00,5.0,pseudo_real_time
final,union,histgb,2026-01,-0.13247583115822173,0.4,-0.5324758311582217,0.5324758311582217,0.2835305107676391,2025-12,2026-01-24T01:30:00+00:00,5.0,pseudo_real_time
final,union,histgb,2026-04,0.4615782160539521,1.7,-1.2384217839460478,1.2384217839460478,1.5336885149521116,2026-01,2026-04-24T01:30:00+00:00,5.0,pseudo_real_time
final,union,histgb,2026-05,0.053854614693733135,0.5,-0.44614538530626685,0.44614538530626685,0.1990457048300773,2026-04,2026-05-24T01:30:00+00:00,5.0,pseudo_real_time
final,union,histgb,2026-06,0.07226525155138536,-0.3,0.37226525155138535,0.37226525155138535,0.1385814175126162,2026-05,2026-06-24T01:30:00+00:00,5.0,pseudo_real_time
final,union,histgb,2026-07,0.047764124211416334,-0.7,0.7477641242114162,0.7477641242114162,0.5591511854576664,2026-06,2026-07-24T01:30:00+00:00,5.0,pseudo_real_time
final,union,histgb,2026-08,0.28558493705096877,0.4,-0.11441506294903125,0.11441506294903125,0.013090806629630785,2026-07,2026-08-24T01:30:00+00:00,5.0,pseudo_real_time
final,union,xgboost,2016-06,-0.27870476245880127,-0.2,-0.07870476245880126,0.07870476245880126,0.006194439633696332,2016-05,2016-06-24T01:30:00+00:00,25.0,pseudo_real_time
final,union,xgboost,2016-07,-0.24045048654079437,0.2,-0.4404504865407944,0.4404504865407944,0.1939966310940225,2016-06,2016-07-25T01:30:00+00:00,25.0,pseudo_real_time
final,union,xgboost,2016-08,-0.13894852995872498,0.2,-0.338948529958725,0.338948529958725,0.11488610596118069,2016-07,2016-08-24T01:30:00+00:00,5.0,pseudo_real_time
final,union,xgboost,2016-09,0.16980670392513275,0.5,-0.33019329607486725,0.33019329607486725,0.10902761277278494,2016-08,2016-09-26T01:30:00+00:00,5.0,pseudo_real_time
final,union,xgboost,2016-10,0.10008566826581955,0.7,-0.5999143317341804,0.5999143317341804,0.35989720542006826,2016-09,2016-10-24T01:30:00+00:00,5.0,pseudo_real_time
final,union,xgboost,2016-11,0.20123949646949768,1.5,-1.2987605035305023,1.2987605035305023,1.686778845530804,2016-10,2016-11-24T01:30:00+00:00,5.0,pseudo_real_time
final,union,xgboost,2016-12,0.5069007873535156,1.6,-1.0930992126464845,1.0930992126464845,1.1948658886883643,2016-11,2016-12-26T01:30:00+00:00,5.0,pseudo_real_time
final,union,xgboost,2017-01,0.3310636281967163,0.8,-0.46893637180328374,0.46893637180328374,0.21990132080002756,2016-12,2017-01-24T01:30:00+00:00,5.0,pseudo_real_time
final,union,xgboost,2017-02,0.553345799446106,0.6,-0.04665420055389402,0.04665420055389402,0.002176614429322965,2017-01,2017-02-24T01:30:00+00:00,5.0,pseudo_real_time
final,union,xgboost,2017-03,0.46560928225517273,0.3,0.16560928225517274,0.16560928225517274,0.027426434369073473,2017-02,2017-03-24T01:30:00+00:00,5.0,pseudo_real_time
final,union,xgboost,2017-04,-0.19647599756717682,-0.4,0.2035240024328232,0.2035240024328232,0.04142201956627582,2017-03,2017-04-24T01:30:00+00:00,5.0,pseudo_real_time
final,union,xgboost,2017-05,-0.3667164742946625,-0.3,-0.06671647429466249,0.06671647429466249,0.00445108794231036,2017-04,2017-05-24T01:30:00+00:00,5.0,pseudo_real_time
final,union,xgboost,2017-06,0.10757874697446823,-0.2,0.30757874697446824,0.30757874697446824,0.09460468559038396,2017-05,2017-06-26T01:30:00+00:00,5.0,pseudo_real_time
final,union,xgboost,2017-07,0.36519137024879456,0.2,0.16519137024879454,0.16519137024879454,0.027288188804674325,2017-06,2017-07-24T01:30:00+00:00,5.0,pseudo_real_time
final,union,xgboost,2017-08,0.6053357124328613,0.9,-0.2946642875671387,0.2946642875671387,0.08682704236744941,2017-07,2017-08-24T01:30:00+00:00,5.0,pseudo_real_time
final,union,xgboost,2017-09,0.6898232698440552,1.0,-0.3101767301559448,0.3101767301559448,0.09620960393023381,2017-08,2017-09-25T01:30:00+00:00,5.0,pseudo_real_time
final,union,xgboost,2017-10,0.42261573672294617,0.7,-0.2773842632770538,0.2773842632770538,0.0769420295137539,2017-09,2017-10-24T01:30:00+00:00,5.0,pseudo_real_time
final,union,xgboost,2017-11,0.5574858784675598,0.5,0.057485878467559814,0.057485878467559814,0.003304626223187057,2017-10,2017-11-24T01:30:00+00:00,5.0,pseudo_real_time
final,union,xgboost,2017-12,0.3378896415233612,0.8,-0.46211035847663884,0.46211035847663884,0.21354598341140765,2017-11,2017-12-25T01:30:00+00:00,5.0,pseudo_real_time
final,union,xgboost,2018-01,-0.15496715903282166,0.3,-0.45496715903282164,0.45496715903282164,0.20699511579839683,2017-12,2018-01-24T01:30:00+00:00,5.0,pseudo_real_time
final,union,xgboost,2018-04,-0.27577701210975647,-0.2,-0.07577701210975646,0.07577701210975646,0.005742155564282177,2018-01,2018-04-24T01:30:00+00:00,5.0,pseudo_real_time
final,union,xgboost,2018-05,0.058053843677043915,0.4,-0.3419461563229561,0.3419461563229561,0.11692717382404354,2018-04,2018-05-24T01:30:00+00:00,5.0,pseudo_real_time
final,union,xgboost,2018-06,-0.040942806750535965,0.3,-0.34094280675053595,0.34094280675053595,0.1162419974749333,2018-05,2018-06-25T01:30:00+00:00,5.0,pseudo_real_time
final,union,xgboost,2018-07,-0.07899173349142075,0.1,-0.17899173349142075,0.17899173349142075,0.032038040658263794,2018-06,2018-07-24T01:30:00+00:00,5.0,pseudo_real_time
final,union,xgboost,2018-08,0.5157508254051208,0.4,0.11575082540512083,0.11575082540512083,0.013398253581966765,2018-07,2018-08-24T01:30:00+00:00,5.0,pseudo_real_time
final,union,xgboost,2018-09,0.5114590525627136,0.6,-0.08854094743728635,0.08854094743728635,0.007839499373092305,2018-08,2018-09-25T01:30:00+00:00,5.0,pseudo_real_time
final,union,xgboost,2018-10,0.22933465242385864,0.4,-0.17066534757614138,0.17066534757614138,0.029126660863285147,2018-09,2018-10-24T01:30:00+00:00,5.0,pseudo_real_time
final,union,xgboost,2018-11,-0.18152180314064026,-0.2,0.018478196859359752,0.018478196859359752,0.0003414437591732526,2018-10,2018-11-26T01:30:00+00:00,5.0,pseudo_real_time
final,union,xgboost,2018-12,-0.3401773273944855,-1.0,0.6598226726055145,0.6598226726055145,0.435365959284284,2018-11,2018-12-24T01:30:00+00:00,5.0,pseudo_real_time
final,union,xgboost,2019-01,0.04584798961877823,-0.6,0.6458479896187782,0.6458479896187782,0.41711962569461747,2018-12,2019-01-24T01:30:00+00:00,5.0,pseudo_real_time
final,union,xgboost,2019-04,0.1301242560148239,0.3,-0.16987574398517608,0.16987574398517608,0.028857768394517085,2019-01,2019-04-24T01:30:00+00:00,5.0,pseudo_real_time
final,union,xgboost,2019-07,-0.10857701301574707,-0.2,0.09142298698425294,0.09142298698425294,0.008358162549122883,2019-04,2019-07-24T01:30:00+00:00,5.0,pseudo_real_time
final,union,xgboost,2019-08,0.17718148231506348,-0.1,0.27718148231506345,0.27718148231506345,0.07682957413837584,2019-07,2019-08-26T01:30:00+00:00,5.0,pseudo_real_time
final,union,xgboost,2019-09,0.22404718399047852,0.1,0.12404718399047851,0.12404718399047851,0.015387703855967627,2019-08,2019-09-24T01:30:00+00:00,5.0,pseudo_real_time
final,union,xgboost,2019-10,-0.10811273753643036,0.1,-0.20811273753643036,0.20811273753643036,0.04331091152490715,2019-09,2019-10-24T01:30:00+00:00,5.0,pseudo_real_time
final,union,xgboost,2019-11,-0.47307705879211426,-0.1,-0.3730770587921143,0.3730770587921143,0.1391864917969747,2019-10,2019-11-25T01:30:00+00:00,5.0,pseudo_real_time
final,union,xgboost,2019-12,0.1283896118402481,0.0,0.1283896118402481,0.1283896118402481,0.016483892428489577,2019-11,2019-12-24T01:30:00+00:00,5.0,pseudo_real_time
final,union,xgboost,2020-01,-0.14582835137844086,0.0,-0.14582835137844086,0.14582835137844086,0.021265908065754013,2019-12,2020-01-23T01:30:00+00:00,5.0,pseudo_real_time
final,union,xgboost,2020-02,-0.2693915367126465,-0.5,0.23060846328735352,0.23060846328735352,0.053180263339754674,2020-01,2020-02-24T01:30:00+00:00,5.0,pseudo_real_time
final,union,xgboost,2020-03,-0.09216325730085373,-1.0,0.9078367426991463,0.9078367426991463,0.8241675513945959,2020-02,2020-03-24T01:30:00+00:00,5.0,pseudo_real_time
final,union,xgboost,2020-04,-0.639697790145874,-1.3,0.660302209854126,0.660302209854126,0.4359990083382423,2020-03,2020-04-24T01:30:00+00:00,5.0,pseudo_real_time
final,union,xgboost,2020-05,-0.11662905663251877,-0.4,0.28337094336748125,0.28337094336748125,0.08029909154497626,2020-04,2020-05-25T01:30:00+00:00,5.0,pseudo_real_time
final,union,xgboost,2020-06,-0.16221413016319275,0.4,-0.5622141301631928,0.5622141301631928,0.3160847281551555,2020-05,2020-06-24T01:30:00+00:00,5.0,pseudo_real_time
final,union,xgboost,2020-07,0.15877853333950043,0.4,-0.2412214666604996,0.2412214666604996,0.058187795977842516,2020-06,2020-07-24T01:30:00+00:00,5.0,pseudo_real_time
final,union,xgboost,2020-08,0.45607107877731323,0.3,0.15607107877731324,0.15607107877731324,0.024358181630714317,2020-07,2020-08-24T01:30:00+00:00,5.0,pseudo_real_time
final,union,xgboost,2020-09,0.22064656019210815,0.1,0.12064656019210815,0.12064656019210815,0.014555592486187974,2020-08,2020-09-24T01:30:00+00:00,5.0,pseudo_real_time
final,union,xgboost,2020-10,0.0035777161829173565,0.0,0.0035777161829173565,0.0035777161829173565,1.280005308550874e-05,2020-09,2020-10-26T01:30:00+00:00,5.0,pseudo_real_time
final,union,xgboost,2020-11,0.5340275764465332,0.5,0.0340275764465332,0.0340275764465332,0.0011578759588246612,2020-10,2020-11-24T01:30:00+00:00,5.0,pseudo_real_time
final,union,xgboost,2020-12,0.5921851396560669,1.1,-0.5078148603439332,0.5078148603439332,0.2578759323861284,2020-11,2020-12-24T01:30:00+00:00,5.0,pseudo_real_time
final,union,xgboost,2021-01,0.6808233857154846,1.0,-0.3191766142845154,0.3191766142845154,0.10187371110612631,2020-12,2021-01-25T01:30:00+00:00,5.0,pseudo_real_time
final,union,xgboost,2021-04,0.5611857771873474,0.9,-0.3388142228126526,0.3388142228126526,0.1147950775801418,2021-01,2021-04-25T01:30:00+00:00,5.0,pseudo_real_time
final,union,xgboost,2021-05,0.8656430244445801,1.6,-0.73435697555542,0.73435697555542,0.5392801675469038,2021-04,2021-05-24T01:30:00+00:00,5.0,pseudo_real_time
final,union,xgboost,2021-06,-0.43481695652008057,0.3,-0.7348169565200806,0.7348169565200806,0.539955959589434,2021-05,2021-06-24T01:30:00+00:00,5.0,pseudo_real_time
final,union,xgboost,2021-07,0.10014539211988449,0.5,-0.3998546078801155,0.3998546078801155,0.15988370744296093,2021-06,2021-07-26T01:30:00+00:00,5.0,pseudo_real_time
final,union,xgboost,2021-08,0.7329607605934143,0.7,0.03296076059341435,0.03296076059341435,0.0010864117388963764,2021-07,2021-08-24T01:30:00+00:00,5.0,pseudo_real_time
final,union,xgboost,2021-09,0.5718687772750854,1.2,-0.6281312227249145,0.6281312227249145,0.39454883296189613,2021-08,2021-09-24T01:30:00+00:00,5.0,pseudo_real_time
final,union,xgboost,2021-10,0.9012308120727539,2.5,-1.598769187927246,1.598769187927246,2.556062916265546,2021-09,2021-10-25T01:30:00+00:00,5.0,pseudo_real_time
final,union,xgboost,2021-11,-0.45017001032829285,0.0,-0.45017001032829285,0.45017001032829285,0.2026530381989753,2021-10,2021-11-24T01:30:00+00:00,5.0,pseudo_real_time
final,union,xgboost,2021-12,-0.6803749799728394,-1.2,0.5196250200271606,0.5196250200271606,0.27001016143822704,2021-11,2021-12-24T01:30:00+00:00,5.0,pseudo_real_time
final,union,xgboost,2022-01,0.08414577692747116,-0.2,0.28414577692747117,0.28414577692747117,0.08073882254571621,2021-12,2022-01-24T01:30:00+00:00,5.0,pseudo_real_time
final,union,xgboost,2022-04,0.3460727632045746,0.6,-0.2539272367954254,0.2539272367954254,0.06447904158656004,2022-01,2022-04-24T01:30:00+00:00,5.0,pseudo_real_time
final,union,xgboost,2022-05,-0.2474260926246643,0.1,-0.3474260926246643,0.3474260926246643,0.1207048898364418,2022-04,2022-05-24T01:30:00+00:00,5.0,pseudo_real_time
final,union,xgboost,2022-06,-0.08936235308647156,0.0,-0.08936235308647156,0.08936235308647156,0.007985630149151213,2022-05,2022-06-24T01:30:00+00:00,5.0,pseudo_real_time
final,union,xgboost,2022-07,-0.45153746008872986,-1.3,0.8484625399112702,0.8484625399112702,0.7198886816326837,2022-06,2022-07-24T01:30:00+00:00,5.0,pseudo_real_time
final,union,xgboost,2022-08,-0.49809530377388,-1.2,0.70190469622612,0.70190469622612,0.49267020258428174,2022-07,2022-08-24T01:30:00+00:00,5.0,pseudo_real_time
final,union,xgboost,2022-09,-0.0145764434710145,-0.1,0.0854235565289855,0.0854235565289855,0.007297184010060782,2022-08,2022-09-24T01:30:00+00:00,5.0,pseudo_real_time
final,union,xgboost,2022-10,-0.13341620564460754,0.2,-0.33341620564460756,0.33341620564460756,0.11116636618644724,2022-09,2022-10-24T01:30:00+00:00,5.0,pseudo_real_time
final,union,xgboost,2022-11,-0.728279709815979,0.1,-0.828279709815979,0.828279709815979,0.6860472776928423,2022-10,2022-11-24T01:30:00+00:00,5.0,pseudo_real_time
final,union,xgboost,2022-12,-0.29606011509895325,-0.5,0.20393988490104675,0.20393988490104675,0.0415914766534522,2022-11,2022-12-24T01:30:00+00:00,5.0,pseudo_real_time
final,union,xgboost,2023-01,0.2760827839374542,-0.4,0.6760827839374542,0.6760827839374542,0.45708793073661846,2022-12,2023-01-24T01:30:00+00:00,5.0,pseudo_real_time
final,union,xgboost,2023-02,0.3428647518157959,0.0,0.3428647518157959,0.3428647518157959,0.11755623803770732,2023-01,2023-02-24T01:30:00+00:00,5.0,pseudo_real_time
final,union,xgboost,2023-03,0.20054899156093597,0.0,0.20054899156093597,0.20054899156093597,0.04021989801610837,2023-02,2023-03-24T01:30:00+00:00,5.0,pseudo_real_time
final,union,xgboost,2023-04,-0.31460046768188477,-0.5,0.18539953231811523,0.18539953231811523,0.034372986583775855,2023-03,2023-04-24T01:30:00+00:00,5.0,pseudo_real_time
final,union,xgboost,2023-05,-0.8398975133895874,-0.9,0.06010248661041262,0.06010248661041262,0.0036123088967548282,2023-04,2023-05-24T01:30:00+00:00,5.0,pseudo_real_time
final,union,xgboost,2023-06,-0.6523221731185913,-0.8,0.14767782688140874,0.14767782688140874,0.02180874055241533,2023-05,2023-06-24T01:30:00+00:00,5.0,pseudo_real_time
final,union,xgboost,2023-07,0.307496041059494,-0.2,0.507496041059494,0.507496041059494,0.2575522316910596,2023-06,2023-07-24T01:30:00+00:00,5.0,pseudo_real_time
final,union,xgboost,2023-08,0.32632574439048767,0.2,0.12632574439048766,0.12632574439048766,0.015958193695810825,2023-07,2023-08-24T01:30:00+00:00,5.0,pseudo_real_time
final,union,xgboost,2023-09,0.0437992587685585,0.4,-0.3562007412314415,0.3562007412314415,0.12687896805382837,2023-08,2023-09-24T01:30:00+00:00,5.0,pseudo_real_time
final,union,xgboost,2023-10,-0.5274204611778259,0.0,-0.5274204611778259,0.5274204611778259,0.2781723428690306,2023-09,2023-10-24T01:30:00+00:00,5.0,pseudo_real_time
final,union,xgboost,2023-11,-0.3057926595211029,-0.3,-0.005792659521102916,0.005792659521102916,3.355490432742427e-05,2023-10,2023-11-24T01:30:00+00:00,5.0,pseudo_real_time
final,union,xgboost,2023-12,-0.019147692248225212,-0.3,0.2808523077517748,0.2808523077517748,0.07887801876949761,2023-11,2023-12-24T01:30:00+00:00,5.0,pseudo_real_time
final,union,xgboost,2024-01,-0.16552120447158813,-0.2,0.034478795528411876,0.034478795528411876,0.0011887873410900349,2023-12,2024-01-24T01:30:00+00:00,5.0,pseudo_real_time
final,union,xgboost,2024-04,0.06282202899456024,-0.2,0.26282202899456025,0.26282202899456025,0.06907541892481747,2024-01,2024-04-24T01:30:00+00:00,5.0,pseudo_real_time
final,union,xgboost,2024-05,-0.0030354128684848547,0.2,-0.20303541286848487,0.20303541286848487,0.04122337887867611,2024-04,2024-05-24T01:30:00+00:00,5.0,pseudo_real_time
final,union,xgboost,2024-06,-0.014086518436670303,0.1,-0.11408651843667031,0.11408651843667031,0.013015733689000714,2024-05,2024-06-24T01:30:00+00:00,5.0,pseudo_real_time
final,union,xgboost,2024-07,-0.28941047191619873,-0.2,-0.08941047191619872,0.08941047191619872,0.00799423248827736,2024-06,2024-07-24T01:30:00+00:00,5.0,pseudo_real_time
final,union,xgboost,2024-08,-0.24042510986328125,-0.7,0.4595748901367187,0.4595748901367187,0.21120907964417707,2024-07,2024-08-24T01:30:00+00:00,5.0,pseudo_real_time
final,union,xgboost,2024-09,-0.38378390669822693,-0.6,0.21621609330177305,0.21621609330177305,0.046749399002681026,2024-08,2024-09-24T01:30:00+00:00,5.0,pseudo_real_time
final,union,xgboost,2024-10,0.17959104478359222,-0.1,0.2795910447835922,0.2795910447835922,0.07817115232318066,2024-09,2024-10-24T01:30:00+00:00,5.0,pseudo_real_time
final,union,xgboost,2024-11,-0.43806254863739014,-0.1,-0.33806254863739016,0.33806254863739016,0.11428628679120778,2024-10,2024-11-24T01:30:00+00:00,5.0,pseudo_real_time
final,union,xgboost,2024-12,-0.11166875064373016,-0.1,-0.011668750643730158,0.011668750643730158,0.00013615974158555298,2024-11,2024-12-24T01:30:00+00:00,5.0,pseudo_real_time
final,union,xgboost,2025-01,-0.20470352470874786,-0.2,-0.004703524708747853,0.004703524708747853,2.2123144685801573e-05,2024-12,2025-01-24T01:30:00+00:00,5.0,pseudo_real_time
final,union,xgboost,2025-02,-0.12082953006029129,-0.1,-0.020829530060291285,0.020829530060291285,0.00043386932253257826,2025-01,2025-02-24T01:30:00+00:00,5.0,pseudo_real_time
final,union,xgboost,2025-03,-0.20709826052188873,-0.4,0.1929017394781113,0.1929017394781113,0.03721108109368112,2025-02,2025-03-24T01:30:00+00:00,5.0,pseudo_real_time
final,union,xgboost,2025-04,-0.4146888554096222,-0.4,-0.01468885540962217,0.01468885540962217,0.0002157624732447865,2025-03,2025-04-24T01:30:00+00:00,5.0,pseudo_real_time
final,union,xgboost,2025-05,-0.5495591759681702,-0.4,-0.14955917596817014,0.14955917596817014,0.022367947116278084,2025-04,2025-05-24T01:30:00+00:00,5.0,pseudo_real_time
final,union,xgboost,2025-06,-0.13593141734600067,-0.4,0.26406858265399935,0.26406858265399935,0.06973221634489209,2025-05,2025-06-24T01:30:00+00:00,5.0,pseudo_real_time
final,union,xgboost,2025-07,0.032874852418899536,-0.2,0.23287485241889955,0.23287485241889955,0.05423069688912424,2025-06,2025-07-24T01:30:00+00:00,5.0,pseudo_real_time
final,union,xgboost,2025-08,0.04238889366388321,0.0,0.04238889366388321,0.04238889366388321,0.001796818306047998,2025-07,2025-08-24T01:30:00+00:00,5.0,pseudo_real_time
final,union,xgboost,2025-09,-0.18315988779067993,0.0,-0.18315988779067993,0.18315988779067993,0.033547544495494463,2025-08,2025-09-24T01:30:00+00:00,5.0,pseudo_real_time
final,union,xgboost,2025-12,-0.12059240788221359,0.2,-0.3205924078822136,0.3205924078822136,0.10277949199171561,2025-09,2025-12-24T01:30:00+00:00,5.0,pseudo_real_time
final,union,xgboost,2026-01,-0.016573648899793625,0.4,-0.41657364889979365,0.41657364889979365,0.17353360495768855,2025-12,2026-01-24T01:30:00+00:00,5.0,pseudo_real_time
final,union,xgboost,2026-04,0.472393274307251,1.7,-1.227606725692749,1.227606725692749,1.5070182729660722,2026-01,2026-04-24T01:30:00+00:00,5.0,pseudo_real_time
final,union,xgboost,2026-05,0.08111679553985596,0.5,-0.41888320446014404,0.41888320446014404,0.17546313897879884,2026-04,2026-05-24T01:30:00+00:00,5.0,pseudo_real_time
final,union,xgboost,2026-06,0.024460090324282646,-0.3,0.32446009032428264,0.32446009032428264,0.10527435021324165,2026-05,2026-06-24T01:30:00+00:00,5.0,pseudo_real_time
final,union,xgboost,2026-07,0.004173385910689831,-0.7,0.7041733859106898,0.7041733859106898,0.49586015742492523,2026-06,2026-07-24T01:30:00+00:00,5.0,pseudo_real_time
final,union,xgboost,2026-08,0.2472241073846817,0.4,-0.15277589261531832,0.15277589261531832,0.023340473364407276,2026-07,2026-08-24T01:30:00+00:00,5.0,pseudo_real_time
final,union,catboost,2016-06,-0.18115613701022265,-0.2,0.01884386298977736,0.01884386298977736,0.000355091172377501,2016-05,2016-06-24T01:30:00+00:00,5.0,pseudo_real_time
final,union,catboost,2016-07,-0.0935862162793612,0.2,-0.2935862162793612,0.2935862162793612,0.08619286638923186,2016-06,2016-07-25T01:30:00+00:00,5.0,pseudo_real_time
final,union,catboost,2016-08,-0.01693965305057149,0.2,-0.2169396530505715,0.2169396530505715,0.047062813065702334,2016-07,2016-08-24T01:30:00+00:00,5.0,pseudo_real_time
final,union,catboost,2016-09,0.25525832002496174,0.5,-0.24474167997503826,0.24474167997503826,0.05989848991700404,2016-08,2016-09-26T01:30:00+00:00,5.0,pseudo_real_time
final,union,catboost,2016-10,0.2184397063591414,0.7,-0.48156029364085856,0.48156029364085856,0.2319003164114699,2016-09,2016-10-24T01:30:00+00:00,5.0,pseudo_real_time
final,union,catboost,2016-11,0.4138165343921304,1.5,-1.0861834656078697,1.0861834656078697,1.1797945209599223,2016-10,2016-11-24T01:30:00+00:00,5.0,pseudo_real_time
final,union,catboost,2016-12,0.4003849918377551,1.6,-1.199615008162245,1.199615008162245,1.439076167808103,2016-11,2016-12-26T01:30:00+00:00,5.0,pseudo_real_time
final,union,catboost,2017-01,-0.1887948841783891,0.8,-0.9887948841783891,0.9887948841783891,0.977715322977354,2016-12,2017-01-24T01:30:00+00:00,5.0,pseudo_real_time
final,union,catboost,2017-02,0.13628855054113545,0.6,-0.46371144945886456,0.46371144945886456,0.2150283083592411,2017-01,2017-02-24T01:30:00+00:00,5.0,pseudo_real_time
final,union,catboost,2017-03,0.1680319644951521,0.3,-0.1319680355048479,0.1319680355048479,0.017415562395008796,2017-02,2017-03-24T01:30:00+00:00,5.0,pseudo_real_time
final,union,catboost,2017-04,-0.170449818044168,-0.4,0.22955018195583202,0.22955018195583202,0.052693286035955585,2017-03,2017-04-24T01:30:00+00:00,5.0,pseudo_real_time
final,union,catboost,2017-05,-0.3386665336226228,-0.3,-0.03866653362262279,0.03866653362262279,0.0014951008223894186,2017-04,2017-05-24T01:30:00+00:00,5.0,pseudo_real_time
final,union,catboost,2017-06,0.05586661849659484,-0.2,0.25586661849659487,0.25586661849659487,0.06546772646088202,2017-05,2017-06-26T01:30:00+00:00,5.0,pseudo_real_time
final,union,catboost,2017-07,0.19370176487997226,0.2,-0.006298235120027751,0.006298235120027751,3.966776562715098e-05,2017-06,2017-07-24T01:30:00+00:00,5.0,pseudo_real_time
final,union,catboost,2017-08,0.5498347785936926,0.9,-0.35016522140630746,0.35016522140630746,0.12261568228252832,2017-07,2017-08-24T01:30:00+00:00,5.0,pseudo_real_time
final,union,catboost,2017-09,0.8025273488874844,1.0,-0.19747265111251555,0.19747265111251555,0.03899544793740529,2017-08,2017-09-25T01:30:00+00:00,5.0,pseudo_real_time
final,union,catboost,2017-10,0.326755440295823,0.7,-0.37324455970417697,0.37324455970417697,0.13931150134876494,2017-09,2017-10-24T01:30:00+00:00,5.0,pseudo_real_time
final,union,catboost,2017-11,0.3573152142736751,0.5,-0.14268478572632493,0.14268478572632493,0.020358948077767256,2017-10,2017-11-24T01:30:00+00:00,5.0,pseudo_real_time
final,union,catboost,2017-12,0.45544003866052785,0.8,-0.3445599613394722,0.3445599613394722,0.11872156695825857,2017-11,2017-12-25T01:30:00+00:00,5.0,pseudo_real_time
final,union,catboost,2018-01,-0.14131990680525064,0.3,-0.44131990680525063,0.44131990680525063,0.1947632601425951,2017-12,2018-01-24T01:30:00+00:00,25.0,pseudo_real_time
final,union,catboost,2018-04,-0.12523262672573704,-0.2,0.07476737327426297,0.07476737327426297,0.005590160106332973,2018-01,2018-04-24T01:30:00+00:00,25.0,pseudo_real_time
final,union,catboost,2018-05,0.31269501160911134,0.4,-0.08730498839088868,0.08730498839088868,0.007622160997933208,2018-04,2018-05-24T01:30:00+00:00,25.0,pseudo_real_time
final,union,catboost,2018-06,0.04790885962011552,0.3,-0.25209114037988445,0.25209114037988445,0.0635499430580306,2018-05,2018-06-25T01:30:00+00:00,5.0,pseudo_real_time
final,union,catboost,2018-07,-0.09234647957083317,0.1,-0.19234647957083317,0.19234647957083317,0.03699716820329294,2018-06,2018-07-24T01:30:00+00:00,5.0,pseudo_real_time
final,union,catboost,2018-08,0.35789730324058855,0.4,-0.04210269675941147,0.04210269675941147,0.0017726370744149574,2018-07,2018-08-24T01:30:00+00:00,5.0,pseudo_real_time
final,union,catboost,2018-09,0.3955579042257197,0.6,-0.2044420957742803,0.2044420957742803,0.041796570524579996,2018-08,2018-09-25T01:30:00+00:00,5.0,pseudo_real_time
final,union,catboost,2018-10,0.2834828906313792,0.4,-0.11651710936862081,0.11651710936862081,0.013576236775619142,2018-09,2018-10-24T01:30:00+00:00,5.0,pseudo_real_time
final,union,catboost,2018-11,-0.21603718607042793,-0.2,-0.016037186070427922,0.016037186070427922,0.0002571913370575274,2018-10,2018-11-26T01:30:00+00:00,5.0,pseudo_real_time
final,union,catboost,2018-12,-0.39124127407048737,-1.0,0.6087587259295126,0.6087587259295126,0.37058718639532345,2018-11,2018-12-24T01:30:00+00:00,5.0,pseudo_real_time
final,union,catboost,2019-01,-0.11685043914677662,-0.6,0.48314956085322336,0.48314956085322336,0.2334334981526626,2018-12,2019-01-24T01:30:00+00:00,5.0,pseudo_real_time
final,union,catboost,2019-04,0.015652765108078222,0.3,-0.28434723489192176,0.28434723489192176,0.08085334999068174,2019-01,2019-04-24T01:30:00+00:00,5.0,pseudo_real_time
final,union,catboost,2019-07,-0.13284086052791183,-0.2,0.06715913947208818,0.06715913947208818,0.004510350014631393,2019-04,2019-07-24T01:30:00+00:00,5.0,pseudo_real_time
final,union,catboost,2019-08,-0.04022291736720618,-0.1,0.059777082632793826,0.059777082632793826,0.003573299608087861,2019-07,2019-08-26T01:30:00+00:00,5.0,pseudo_real_time
final,union,catboost,2019-09,0.19310671541512495,0.1,0.09310671541512494,0.09310671541512494,0.008668860455393064,2019-08,2019-09-24T01:30:00+00:00,5.0,pseudo_real_time
final,union,catboost,2019-10,-0.10352909720945863,0.1,-0.20352909720945864,0.20352909720945864,0.04142409341089726,2019-09,2019-10-24T01:30:00+00:00,5.0,pseudo_real_time
final,union,catboost,2019-11,-0.37363247017777534,-0.1,-0.27363247017777537,0.27363247017777537,0.07487472873559113,2019-10,2019-11-25T01:30:00+00:00,5.0,pseudo_real_time
final,union,catboost,2019-12,0.21710946579856888,0.0,0.21710946579856888,0.21710946579856888,0.04713652013933995,2019-11,2019-12-24T01:30:00+00:00,25.0,pseudo_real_time
final,union,catboost,2020-01,-0.09525476904598104,0.0,-0.09525476904598104,0.09525476904598104,0.009073471026003189,2019-12,2020-01-23T01:30:00+00:00,5.0,pseudo_real_time
final,union,catboost,2020-02,-0.22989885719012637,-0.5,0.27010114280987363,0.27010114280987363,0.07295462734719975,2020-01,2020-02-24T01:30:00+00:00,25.0,pseudo_real_time
final,union,catboost,2020-03,-0.17734855744960415,-1.0,0.8226514425503959,0.8226514425503959,0.6767553959302474,2020-02,2020-03-24T01:30:00+00:00,25.0,pseudo_real_time
final,union,catboost,2020-04,-0.38796966810570177,-1.3,0.9120303318942983,0.9120303318942983,0.8317993262952239,2020-03,2020-04-24T01:30:00+00:00,25.0,pseudo_real_time
final,union,catboost,2020-05,-0.23391521823568812,-0.4,0.1660847817643119,0.1660847817643119,0.02758415473369911,2020-04,2020-05-25T01:30:00+00:00,5.0,pseudo_real_time
final,union,catboost,2020-06,-0.08422868318966702,0.4,-0.48422868318966705,0.48422868318966705,0.23447741762359894,2020-05,2020-06-24T01:30:00+00:00,25.0,pseudo_real_time
final,union,catboost,2020-07,0.158341088847691,0.4,-0.24165891115230903,0.24165891115230903,0.05839902933931959,2020-06,2020-07-24T01:30:00+00:00,5.0,pseudo_real_time
final,union,catboost,2020-08,0.44856522739947513,0.3,0.14856522739947514,0.14856522739947514,0.02207162679225776,2020-07,2020-08-24T01:30:00+00:00,5.0,pseudo_real_time
final,union,catboost,2020-09,0.36483558227112206,0.1,0.264835582271122,0.264835582271122,0.07013788563688425,2020-08,2020-09-24T01:30:00+00:00,5.0,pseudo_real_time
final,union,catboost,2020-10,0.07200470614315244,0.0,0.07200470614315244,0.07200470614315244,0.005184677706761735,2020-09,2020-10-26T01:30:00+00:00,5.0,pseudo_real_time
final,union,catboost,2020-11,0.5061573115916089,0.5,0.006157311591608927,0.006157311591608927,3.791248603616166e-05,2020-10,2020-11-24T01:30:00+00:00,5.0,pseudo_real_time
final,union,catboost,2020-12,0.5678745342267328,1.1,-0.5321254657732672,0.5321254657732672,0.28315751132441663,2020-11,2020-12-24T01:30:00+00:00,5.0,pseudo_real_time
final,union,catboost,2021-01,0.641226385821564,1.0,-0.358773614178436,0.358773614178436,0.12871850623065725,2020-12,2021-01-25T01:30:00+00:00,5.0,pseudo_real_time
final,union,catboost,2021-04,0.5408650819807193,0.9,-0.35913491801928077,0.35913491801928077,0.12897788934071552,2021-01,2021-04-25T01:30:00+00:00,5.0,pseudo_real_time
final,union,catboost,2021-05,0.7980205931947169,1.6,-0.8019794068052832,0.8019794068052832,0.643170968939754,2021-04,2021-05-24T01:30:00+00:00,5.0,pseudo_real_time
final,union,catboost,2021-06,-0.36027264557862804,0.3,-0.6602726455786281,0.6602726455786281,0.4359599664994006,2021-05,2021-06-24T01:30:00+00:00,5.0,pseudo_real_time
final,union,catboost,2021-07,0.03598946900726725,0.5,-0.46401053099273276,0.46401053099273276,0.21530577287215782,2021-06,2021-07-26T01:30:00+00:00,5.0,pseudo_real_time
final,union,catboost,2021-08,0.5456303464609186,0.7,-0.1543696535390814,0.1543696535390814,0.02382998993377602,2021-07,2021-08-24T01:30:00+00:00,5.0,pseudo_real_time
final,union,catboost,2021-09,0.6773075559336904,1.2,-0.5226924440663095,0.5226924440663095,0.27320739108401215,2021-08,2021-09-24T01:30:00+00:00,5.0,pseudo_real_time
final,union,catboost,2021-10,0.9391043670597293,2.5,-1.5608956329402708,1.5608956329402708,2.4363951769320087,2021-09,2021-10-25T01:30:00+00:00,5.0,pseudo_real_time
final,union,catboost,2021-11,-0.47698731237756786,0.0,-0.47698731237756786,0.47698731237756786,0.2275168961691755,2021-10,2021-11-24T01:30:00+00:00,5.0,pseudo_real_time
final,union,catboost,2021-12,-0.33576381740174394,-1.2,0.8642361825982561,0.8642361825982561,0.7469041793120063,2021-11,2021-12-24T01:30:00+00:00,25.0,pseudo_real_time
final,union,catboost,2022-01,-0.14221862504154487,-0.2,0.057781374958455145,0.057781374958455145,0.0033386872920895872,2021-12,2022-01-24T01:30:00+00:00,25.0,pseudo_real_time
final,union,catboost,2022-04,0.09684711870730103,0.6,-0.503152881292699,0.503152881292699,0.2531628219531448,2022-01,2022-04-24T01:30:00+00:00,25.0,pseudo_real_time
final,union,catboost,2022-05,-0.18515243776580165,0.1,-0.2851524377658017,0.2851524377658017,0.0813119127637794,2022-04,2022-05-24T01:30:00+00:00,25.0,pseudo_real_time
final,union,catboost,2022-06,-0.19076755115247096,0.0,-0.19076755115247096,0.19076755115247096,0.036392258572710626,2022-05,2022-06-24T01:30:00+00:00,25.0,pseudo_real_time
final,union,catboost,2022-07,-0.41706334375582577,-1.3,0.8829366562441743,0.8829366562441743,0.7795771389396432,2022-06,2022-07-24T01:30:00+00:00,25.0,pseudo_real_time
final,union,catboost,2022-08,-0.3481112713448256,-1.2,0.8518887286551744,0.8518887286551744,0.7257144060097294,2022-07,2022-08-24T01:30:00+00:00,25.0,pseudo_real_time
final,union,catboost,2022-09,-0.04653294465942456,-0.1,0.05346705534057544,0.05346705534057544,0.002858726006792157,2022-08,2022-09-24T01:30:00+00:00,25.0,pseudo_real_time
final,union,catboost,2022-10,-0.07006513594456157,0.2,-0.2700651359445616,0.2700651359445616,0.07293517765275455,2022-09,2022-10-24T01:30:00+00:00,25.0,pseudo_real_time
final,union,catboost,2022-11,-0.4916140497295075,0.1,-0.5916140497295075,0.5916140497295075,0.35000718383734813,2022-10,2022-11-24T01:30:00+00:00,5.0,pseudo_real_time
final,union,catboost,2022-12,-0.1411298692670835,-0.5,0.3588701307329165,0.3588701307329165,0.12878777073226058,2022-11,2022-12-24T01:30:00+00:00,5.0,pseudo_real_time
final,union,catboost,2023-01,0.10718594498602854,-0.4,0.5071859449860285,0.5071859449860285,0.25723758279137077,2022-12,2023-01-24T01:30:00+00:00,25.0,pseudo_real_time
final,union,catboost,2023-02,0.18967451876392755,0.0,0.18967451876392755,0.18967451876392755,0.035976423068327504,2023-01,2023-02-24T01:30:00+00:00,5.0,pseudo_real_time
final,union,catboost,2023-03,0.14506844160859317,0.0,0.14506844160859317,0.14506844160859317,0.021044852750745805,2023-02,2023-03-24T01:30:00+00:00,5.0,pseudo_real_time
final,union,catboost,2023-04,-0.2554953929544775,-0.5,0.24450460704552252,0.24450460704552252,0.05978250286648538,2023-03,2023-04-24T01:30:00+00:00,5.0,pseudo_real_time
final,union,catboost,2023-05,-0.5580243575092303,-0.9,0.3419756424907697,0.3419756424907697,0.11694734005697476,2023-04,2023-05-24T01:30:00+00:00,5.0,pseudo_real_time
final,union,catboost,2023-06,-0.48902214338221495,-0.8,0.3109778566177851,0.3109778566177851,0.0967072273065917,2023-05,2023-06-24T01:30:00+00:00,5.0,pseudo_real_time
final,union,catboost,2023-07,0.31719828025786695,-0.2,0.517198280257867,0.517198280257867,0.2674940611016951,2023-06,2023-07-24T01:30:00+00:00,5.0,pseudo_real_time
final,union,catboost,2023-08,0.20627123136955128,0.2,0.006271231369551267,0.006271231369551267,3.9328342890443856e-05,2023-07,2023-08-24T01:30:00+00:00,5.0,pseudo_real_time
final,union,catboost,2023-09,0.025659810172938075,0.4,-0.37434018982706196,0.37434018982706196,0.14013057771976078,2023-08,2023-09-24T01:30:00+00:00,5.0,pseudo_real_time
final,union,catboost,2023-10,-0.27667448757799895,0.0,-0.27667448757799895,0.27667448757799895,0.0765487720765483,2023-09,2023-10-24T01:30:00+00:00,5.0,pseudo_real_time
final,union,catboost,2023-11,-0.28183606498189095,-0.3,0.018163935018109034,0.018163935018109034,0.00032992853534208767,2023-10,2023-11-24T01:30:00+00:00,5.0,pseudo_real_time
final,union,catboost,2023-12,-0.018785764687448928,-0.3,0.2812142353125511,0.2812142353125511,0.07908144614242285,2023-11,2023-12-24T01:30:00+00:00,5.0,pseudo_real_time
final,union,catboost,2024-01,-0.233884120446754,-0.2,-0.033884120446753985,0.033884120446753985,0.0011481336184501314,2023-12,2024-01-24T01:30:00+00:00,5.0,pseudo_real_time
final,union,catboost,2024-04,-0.0829544692298143,-0.2,0.11704553077018572,0.11704553077018572,0.013699656273274491,2024-01,2024-04-24T01:30:00+00:00,5.0,pseudo_real_time
final,union,catboost,2024-05,0.16532070220380893,0.2,-0.03467929779619108,0.03467929779619108,0.0012026536956369037,2024-04,2024-05-24T01:30:00+00:00,5.0,pseudo_real_time
final,union,catboost,2024-06,-0.07193590435900778,0.1,-0.1719359043590078,0.1719359043590078,0.029561955207749877,2024-05,2024-06-24T01:30:00+00:00,5.0,pseudo_real_time
final,union,catboost,2024-07,-0.286563927206039,-0.2,-0.086563927206039,0.086563927206039,0.00749331349333242,2024-06,2024-07-24T01:30:00+00:00,5.0,pseudo_real_time
final,union,catboost,2024-08,-0.35031229935974106,-0.7,0.3496877006402589,0.3496877006402589,0.12228148797907132,2024-07,2024-08-24T01:30:00+00:00,5.0,pseudo_real_time
final,union,catboost,2024-09,-0.3064757025611772,-0.6,0.2935242974388228,0.2935242974388228,0.08615651318695451,2024-08,2024-09-24T01:30:00+00:00,5.0,pseudo_real_time
final,union,catboost,2024-10,0.12775622568144024,-0.1,0.22775622568144024,0.22775622568144024,0.05187289833665514,2024-09,2024-10-24T01:30:00+00:00,5.0,pseudo_real_time
final,union,catboost,2024-11,-0.35814005014208133,-0.1,-0.2581400501420813,0.2581400501420813,0.06663628548735624,2024-10,2024-11-24T01:30:00+00:00,5.0,pseudo_real_time
final,union,catboost,2024-12,-0.05655483020151428,-0.1,0.04344516979848573,0.04344516979848573,0.0018874827788192565,2024-11,2024-12-24T01:30:00+00:00,5.0,pseudo_real_time
final,union,catboost,2025-01,-0.20837505377594037,-0.2,-0.008375053775940361,0.008375053775940361,7.01415257498929e-05,2024-12,2025-01-24T01:30:00+00:00,5.0,pseudo_real_time
final,union,catboost,2025-02,-0.07272516400597147,-0.1,0.027274835994028537,0.027274835994028537,0.0007439166785011546,2025-01,2025-02-24T01:30:00+00:00,5.0,pseudo_real_time
final,union,catboost,2025-03,-0.20569018538768427,-0.4,0.19430981461231575,0.19430981461231575,0.037756304054672514,2025-02,2025-03-24T01:30:00+00:00,5.0,pseudo_real_time
final,union,catboost,2025-04,-0.28754721879380274,-0.4,0.11245278120619728,0.11245278120619728,0.012645628001008876,2025-03,2025-04-24T01:30:00+00:00,5.0,pseudo_real_time
final,union,catboost,2025-05,-0.46639199841807827,-0.4,-0.06639199841807825,0.06639199841807825,0.004407897453946105,2025-04,2025-05-24T01:30:00+00:00,5.0,pseudo_real_time
final,union,catboost,2025-06,-0.09313192226739142,-0.4,0.3068680777326086,0.3068680777326086,0.09416801713130632,2025-05,2025-06-24T01:30:00+00:00,5.0,pseudo_real_time
final,union,catboost,2025-07,0.055677148897989186,-0.2,0.2556771488979892,0.2556771488979892,0.06537080446860455,2025-06,2025-07-24T01:30:00+00:00,5.0,pseudo_real_time
final,union,catboost,2025-08,0.16226446765951244,0.0,0.16226446765951244,0.16226446765951244,0.02632975746482496,2025-07,2025-08-24T01:30:00+00:00,5.0,pseudo_real_time
final,union,catboost,2025-09,-0.08477190854158322,0.0,-0.08477190854158322,0.08477190854158322,0.00718627647778255,2025-08,2025-09-24T01:30:00+00:00,5.0,pseudo_real_time
final,union,catboost,2025-12,-0.10931563283021367,0.2,-0.3093156328302137,0.3093156328302137,0.09567616071315556,2025-09,2025-12-24T01:30:00+00:00,5.0,pseudo_real_time
final,union,catboost,2026-01,-0.16358372895958842,0.4,-0.5635837289595884,0.5635837289595884,0.3176266195479948,2025-12,2026-01-24T01:30:00+00:00,5.0,pseudo_real_time
final,union,catboost,2026-04,0.3780491538763808,1.7,-1.3219508461236191,1.3219508461236191,1.7475540395669524,2026-01,2026-04-24T01:30:00+00:00,5.0,pseudo_real_time
final,union,catboost,2026-05,-0.06064228505966428,0.5,-0.5606422850596643,0.5606422850596643,0.3143197717969219,2026-04,2026-05-24T01:30:00+00:00,5.0,pseudo_real_time
final,union,catboost,2026-06,-0.05799904401861586,-0.3,0.24200095598138413,0.24200095598138413,0.05856446269590382,2026-05,2026-06-24T01:30:00+00:00,5.0,pseudo_real_time
final,union,catboost,2026-07,-0.23534185239638983,-0.7,0.4646581476036101,0.4646581476036101,0.21590719413441833,2026-06,2026-07-24T01:30:00+00:00,5.0,pseudo_real_time
final,union,catboost,2026-08,0.07064642023990787,0.4,-0.32935357976009216,0.32935357976009216,0.10847378050078739,2026-07,2026-08-24T01:30:00+00:00,5.0,pseudo_real_time
final,union,lightgbm,2016-06,-0.26806790086950644,-0.2,-0.06806790086950643,0.06806790086950643,0.004633239128780954,2016-05,2016-06-24T01:30:00+00:00,25.0,pseudo_real_time
final,union,lightgbm,2016-07,-0.1781845041653551,0.2,-0.3781845041653551,0.3781845041653551,0.14302351919079548,2016-06,2016-07-25T01:30:00+00:00,5.0,pseudo_real_time
final,union,lightgbm,2016-08,-0.10601473983697028,0.2,-0.3060147398369703,0.3060147398369703,0.09364502099748861,2016-07,2016-08-24T01:30:00+00:00,5.0,pseudo_real_time
final,union,lightgbm,2016-09,0.18315344610436904,0.5,-0.316846553895631,0.316846553895631,0.100391738715537,2016-08,2016-09-26T01:30:00+00:00,5.0,pseudo_real_time
final,union,lightgbm,2016-10,0.25941935636666613,0.7,-0.4405806436333338,0.4405806436333338,0.1941113035443627,2016-09,2016-10-24T01:30:00+00:00,5.0,pseudo_real_time
final,union,lightgbm,2016-11,0.23390485938156577,1.5,-1.2660951406184342,1.2660951406184342,1.6029969050976127,2016-10,2016-11-24T01:30:00+00:00,5.0,pseudo_real_time
final,union,lightgbm,2016-12,0.465231281377115,1.6,-1.134768718622885,1.134768718622885,1.2877000447650242,2016-11,2016-12-26T01:30:00+00:00,5.0,pseudo_real_time
final,union,lightgbm,2017-01,0.2179470426836686,0.8,-0.5820529573163314,0.5820529573163314,0.33878564512068715,2016-12,2017-01-24T01:30:00+00:00,5.0,pseudo_real_time
final,union,lightgbm,2017-02,0.48213483836342524,0.6,-0.11786516163657473,0.11786516163657473,0.013892196327615888,2017-01,2017-02-24T01:30:00+00:00,5.0,pseudo_real_time
final,union,lightgbm,2017-03,0.38932435323740483,0.3,0.08932435323740484,0.08932435323740484,0.007978840081280678,2017-02,2017-03-24T01:30:00+00:00,5.0,pseudo_real_time
final,union,lightgbm,2017-04,-0.0993756969971565,-0.4,0.30062430300284354,0.30062430300284354,0.09037497155594548,2017-03,2017-04-24T01:30:00+00:00,5.0,pseudo_real_time
final,union,lightgbm,2017-05,-0.38796059962552804,-0.3,-0.08796059962552805,0.08796059962552805,0.007737067086482445,2017-04,2017-05-24T01:30:00+00:00,5.0,pseudo_real_time
final,union,lightgbm,2017-06,0.04586573149005872,-0.2,0.24586573149005875,0.24586573149005875,0.06044995792114167,2017-05,2017-06-26T01:30:00+00:00,5.0,pseudo_real_time
final,union,lightgbm,2017-07,0.46161652654739194,0.2,0.2616165265473919,0.2616165265473919,0.06844320696272223,2017-06,2017-07-24T01:30:00+00:00,5.0,pseudo_real_time
final,union,lightgbm,2017-08,0.5806810354374131,0.9,-0.3193189645625869,0.3193189645625869,0.10196460112932264,2017-07,2017-08-24T01:30:00+00:00,5.0,pseudo_real_time
final,union,lightgbm,2017-09,0.7774324267060934,1.0,-0.22256757329390664,0.22256757329390664,0.049536324681938505,2017-08,2017-09-25T01:30:00+00:00,5.0,pseudo_real_time
final,union,lightgbm,2017-10,0.5023241591451658,0.7,-0.19767584085483414,0.19767584085483414,0.03907573805766571,2017-09,2017-10-24T01:30:00+00:00,5.0,pseudo_real_time
final,union,lightgbm,2017-11,0.5391802406620457,0.5,0.03918024066204573,0.03918024066204573,0.0015350912583358216,2017-10,2017-11-24T01:30:00+00:00,5.0,pseudo_real_time
final,union,lightgbm,2017-12,0.39180451020339274,0.8,-0.4081954897966073,0.4081954897966073,0.16662355789029212,2017-11,2017-12-25T01:30:00+00:00,5.0,pseudo_real_time
final,union,lightgbm,2018-01,-0.20409438429086696,0.3,-0.504094384290867,0.504094384290867,0.25411114827358827,2017-12,2018-01-24T01:30:00+00:00,5.0,pseudo_real_time
final,union,lightgbm,2018-04,-0.18719098361881503,-0.2,0.012809016381184979,0.012809016381184979,0.00016407090065346513,2018-01,2018-04-24T01:30:00+00:00,5.0,pseudo_real_time
final,union,lightgbm,2018-05,0.2136236083240858,0.4,-0.18637639167591422,0.18637639167591422,0.03473615937413379,2018-04,2018-05-24T01:30:00+00:00,5.0,pseudo_real_time
final,union,lightgbm,2018-06,-0.00535922456643916,0.3,-0.30535922456643916,0.30535922456643916,0.09324425602781702,2018-05,2018-06-25T01:30:00+00:00,5.0,pseudo_real_time
final,union,lightgbm,2018-07,-0.06279278903600671,0.1,-0.16279278903600672,0.16279278903600672,0.02650149216212179,2018-06,2018-07-24T01:30:00+00:00,5.0,pseudo_real_time
final,union,lightgbm,2018-08,0.5536680696901579,0.4,0.1536680696901579,0.1536680696901579,0.023613875642299224,2018-07,2018-08-24T01:30:00+00:00,5.0,pseudo_real_time
final,union,lightgbm,2018-09,0.4608322553836266,0.6,-0.13916774461637338,0.13916774461637338,0.019367661141608122,2018-08,2018-09-25T01:30:00+00:00,5.0,pseudo_real_time
final,union,lightgbm,2018-10,0.22975170080750498,0.4,-0.17024829919249504,0.17024829919249504,0.02898448337793731,2018-09,2018-10-24T01:30:00+00:00,5.0,pseudo_real_time
final,union,lightgbm,2018-11,-0.23819082983854153,-0.2,-0.03819082983854152,0.03819082983854152,0.0014585394837564336,2018-10,2018-11-26T01:30:00+00:00,5.0,pseudo_real_time
final,union,lightgbm,2018-12,-0.3248772838151699,-1.0,0.6751227161848301,0.6751227161848301,0.4557906819087827,2018-11,2018-12-24T01:30:00+00:00,5.0,pseudo_real_time
final,union,lightgbm,2019-01,-0.2113839278543696,-0.6,0.3886160721456304,0.3886160721456304,0.1510224515298978,2018-12,2019-01-24T01:30:00+00:00,5.0,pseudo_real_time
final,union,lightgbm,2019-04,0.08556801286011581,0.3,-0.21443198713988418,0.21443198713988418,0.045981077108759455,2019-01,2019-04-24T01:30:00+00:00,5.0,pseudo_real_time
final,union,lightgbm,2019-07,-0.12431718521456786,-0.2,0.07568281478543215,0.07568281478543215,0.005727888453846027,2019-04,2019-07-24T01:30:00+00:00,5.0,pseudo_real_time
final,union,lightgbm,2019-08,0.16701457122581,-0.1,0.26701457122581,0.26701457122581,0.07129678124690317,2019-07,2019-08-26T01:30:00+00:00,5.0,pseudo_real_time
final,union,lightgbm,2019-09,0.24689371970833307,0.1,0.14689371970833306,0.14689371970833306,0.021577764889750318,2019-08,2019-09-24T01:30:00+00:00,5.0,pseudo_real_time
final,union,lightgbm,2019-10,-0.07053634481104976,0.1,-0.17053634481104976,0.17053634481104976,0.029082644901513258,2019-09,2019-10-24T01:30:00+00:00,5.0,pseudo_real_time
final,union,lightgbm,2019-11,-0.5115680497746685,-0.1,-0.41156804977466854,0.41156804977466854,0.16938825959532405,2019-10,2019-11-25T01:30:00+00:00,5.0,pseudo_real_time
final,union,lightgbm,2019-12,0.07521235331142552,0.0,0.07521235331142552,0.07521235331142552,0.005656898090642701,2019-11,2019-12-24T01:30:00+00:00,5.0,pseudo_real_time
final,union,lightgbm,2020-01,-0.2542499606709907,0.0,-0.2542499606709907,0.2542499606709907,0.06464304250120032,2019-12,2020-01-23T01:30:00+00:00,5.0,pseudo_real_time
final,union,lightgbm,2020-02,-0.3158391946074969,-0.5,0.18416080539250312,0.18416080539250312,0.033915202242815405,2020-01,2020-02-24T01:30:00+00:00,5.0,pseudo_real_time
final,union,lightgbm,2020-03,-0.1307509260360506,-1.0,0.8692490739639493,0.8692490739639493,0.7555939525871835,2020-02,2020-03-24T01:30:00+00:00,5.0,pseudo_real_time
final,union,lightgbm,2020-04,-0.6735494123286884,-1.3,0.6264505876713117,0.6264505876713117,0.39244033879373175,2020-03,2020-04-24T01:30:00+00:00,5.0,pseudo_real_time
final,union,lightgbm,2020-05,-0.12080830819377121,-0.4,0.2791916918062288,0.2791916918062288,0.07794800077362427,2020-04,2020-05-25T01:30:00+00:00,5.0,pseudo_real_time
final,union,lightgbm,2020-06,-0.11200998010070377,0.4,-0.5120099801007038,0.5120099801007038,0.26215421972272307,2020-05,2020-06-24T01:30:00+00:00,5.0,pseudo_real_time
final,union,lightgbm,2020-07,0.1725111465359345,0.4,-0.22748885346406553,0.22748885346406553,0.05175117845039508,2020-06,2020-07-24T01:30:00+00:00,5.0,pseudo_real_time
final,union,lightgbm,2020-08,0.5942518257729537,0.3,0.29425182577295367,0.29425182577295367,0.08658413697071668,2020-07,2020-08-24T01:30:00+00:00,5.0,pseudo_real_time
final,union,lightgbm,2020-09,0.2071508749241598,0.1,0.10715087492415978,0.10715087492415978,0.011481309997012934,2020-08,2020-09-24T01:30:00+00:00,5.0,pseudo_real_time
final,union,lightgbm,2020-10,0.03484907946241038,0.0,0.03484907946241038,0.03484907946241038,0.0012144583393773928,2020-09,2020-10-26T01:30:00+00:00,5.0,pseudo_real_time
final,union,lightgbm,2020-11,0.6268719790783164,0.5,0.12687197907831638,0.12687197907831638,0.01609649907524875,2020-10,2020-11-24T01:30:00+00:00,5.0,pseudo_real_time
final,union,lightgbm,2020-12,0.5400862658410385,1.1,-0.5599137341589616,0.5599137341589616,0.3135033896998323,2020-11,2020-12-24T01:30:00+00:00,5.0,pseudo_real_time
final,union,lightgbm,2021-01,0.6985828721085354,1.0,-0.3014171278914646,0.3014171278914646,0.09085228498633952,2020-12,2021-01-25T01:30:00+00:00,5.0,pseudo_real_time
final,union,lightgbm,2021-04,0.5470061456032176,0.9,-0.35299385439678244,0.35299385439678244,0.12460466124189684,2021-01,2021-04-25T01:30:00+00:00,5.0,pseudo_real_time
final,union,lightgbm,2021-05,0.8211529110109421,1.6,-0.778847088989058,0.778847088989058,0.6066027880267296,2021-04,2021-05-24T01:30:00+00:00,5.0,pseudo_real_time
final,union,lightgbm,2021-06,-0.48086045819663886,0.3,-0.7808604581966389,0.7808604581966389,0.6097430551750648,2021-05,2021-06-24T01:30:00+00:00,5.0,pseudo_real_time
final,union,lightgbm,2021-07,0.1563858546056539,0.5,-0.3436141453943461,0.3436141453943461,0.11807068091508682,2021-06,2021-07-26T01:30:00+00:00,5.0,pseudo_real_time
final,union,lightgbm,2021-08,0.7762018536223946,0.7,0.07620185362239462,0.07620185362239462,0.005806722495488856,2021-07,2021-08-24T01:30:00+00:00,5.0,pseudo_real_time
final,union,lightgbm,2021-09,0.543940001599111,1.2,-0.6560599984008889,0.6560599984008889,0.43041472150177434,2021-08,2021-09-24T01:30:00+00:00,5.0,pseudo_real_time
final,union,lightgbm,2021-10,0.8414212244432785,2.5,-1.6585787755567214,1.6585787755567214,2.750883554727233,2021-09,2021-10-25T01:30:00+00:00,5.0,pseudo_real_time
final,union,lightgbm,2021-11,-0.4708243285692028,0.0,-0.4708243285692028,0.4708243285692028,0.22167554837264064,2021-10,2021-11-24T01:30:00+00:00,5.0,pseudo_real_time
final,union,lightgbm,2021-12,-0.6820841527129623,-1.2,0.5179158472870377,0.5179158472870377,0.2682368248710501,2021-11,2021-12-24T01:30:00+00:00,5.0,pseudo_real_time
final,union,lightgbm,2022-01,-0.055702051345463535,-0.2,0.1442979486545365,0.1442979486545365,0.02082189798590725,2021-12,2022-01-24T01:30:00+00:00,5.0,pseudo_real_time
final,union,lightgbm,2022-04,0.00677812676445856,0.6,-0.5932218732355414,0.5932218732355414,0.3519121908850848,2022-01,2022-04-24T01:30:00+00:00,5.0,pseudo_real_time
final,union,lightgbm,2022-05,-0.08319730422693543,0.1,-0.18319730422693542,0.18319730422693542,0.03356125227601633,2022-04,2022-05-24T01:30:00+00:00,5.0,pseudo_real_time
final,union,lightgbm,2022-06,-0.07150823019140273,0.0,-0.07150823019140273,0.07150823019140273,0.005113426985106641,2022-05,2022-06-24T01:30:00+00:00,5.0,pseudo_real_time
final,union,lightgbm,2022-07,-0.42971562641116906,-1.3,0.870284373588831,0.870284373588831,0.757394890912904,2022-06,2022-07-24T01:30:00+00:00,5.0,pseudo_real_time
final,union,lightgbm,2022-08,-0.47053899107994285,-1.2,0.729461008920057,0.729461008920057,0.5321133635346675,2022-07,2022-08-24T01:30:00+00:00,5.0,pseudo_real_time
final,union,lightgbm,2022-09,0.06594840509415179,-0.1,0.1659484050941518,0.1659484050941518,0.027538873153292703,2022-08,2022-09-24T01:30:00+00:00,5.0,pseudo_real_time
final,union,lightgbm,2022-10,-0.1165677766220712,0.2,-0.3165677766220712,0.3165677766220712,0.10021515719544156,2022-09,2022-10-24T01:30:00+00:00,5.0,pseudo_real_time
final,union,lightgbm,2022-11,-0.6059658127824743,0.1,-0.7059658127824743,0.7059658127824743,0.4983877288176195,2022-10,2022-11-24T01:30:00+00:00,5.0,pseudo_real_time
final,union,lightgbm,2022-12,-0.30279787576191214,-0.5,0.19720212423808786,0.19720212423808786,0.03888867780401424,2022-11,2022-12-24T01:30:00+00:00,5.0,pseudo_real_time
final,union,lightgbm,2023-01,0.21372116859588405,-0.4,0.6137211685958841,0.6137211685958841,0.3766536727826976,2022-12,2023-01-24T01:30:00+00:00,5.0,pseudo_real_time
final,union,lightgbm,2023-02,0.3683371645277406,0.0,0.3683371645277406,0.3683371645277406,0.13567226677233588,2023-01,2023-02-24T01:30:00+00:00,5.0,pseudo_real_time
final,union,lightgbm,2023-03,0.15020415740271817,0.0,0.15020415740271817,0.15020415740271817,0.022561288901060534,2023-02,2023-03-24T01:30:00+00:00,5.0,pseudo_real_time
final,union,lightgbm,2023-04,-0.2568639591076582,-0.5,0.2431360408923418,0.2431360408923418,0.05911513438080251,2023-03,2023-04-24T01:30:00+00:00,5.0,pseudo_real_time
final,union,lightgbm,2023-05,-0.7891821651411185,-0.9,0.11081783485888153,0.11081783485888153,0.012280592522810337,2023-04,2023-05-24T01:30:00+00:00,5.0,pseudo_real_time
final,union,lightgbm,2023-06,-0.6300026670469793,-0.8,0.16999733295302077,0.16999733295302077,0.028899093211140203,2023-05,2023-06-24T01:30:00+00:00,5.0,pseudo_real_time
final,union,lightgbm,2023-07,0.20016800123556933,-0.2,0.40016800123556934,0.40016800123556934,0.16013442921287063,2023-06,2023-07-24T01:30:00+00:00,5.0,pseudo_real_time
final,union,lightgbm,2023-08,0.36053460306508955,0.2,0.16053460306508954,0.16053460306508954,0.025771358781265855,2023-07,2023-08-24T01:30:00+00:00,5.0,pseudo_real_time
final,union,lightgbm,2023-09,0.008441809803389294,0.4,-0.39155819019661076,0.39155819019661076,0.1533178163100452,2023-08,2023-09-24T01:30:00+00:00,5.0,pseudo_real_time
final,union,lightgbm,2023-10,-0.3280530922992551,0.0,-0.3280530922992551,0.3280530922992551,0.1076188313671036,2023-09,2023-10-24T01:30:00+00:00,5.0,pseudo_real_time
final,union,lightgbm,2023-11,-0.3760624312591186,-0.3,-0.0760624312591186,0.0760624312591186,0.0057854934490481425,2023-10,2023-11-24T01:30:00+00:00,5.0,pseudo_real_time
final,union,lightgbm,2023-12,0.0944588438054868,-0.3,0.3944588438054868,0.3944588438054868,0.1555977794563614,2023-11,2023-12-24T01:30:00+00:00,5.0,pseudo_real_time
final,union,lightgbm,2024-01,-0.2975794667338901,-0.2,-0.09757946673389006,0.09757946673389006,0.009521752328070357,2023-12,2024-01-24T01:30:00+00:00,5.0,pseudo_real_time
final,union,lightgbm,2024-04,0.003371026421641165,-0.2,0.20337102642164118,0.20337102642164118,0.04135977438779188,2024-01,2024-04-24T01:30:00+00:00,5.0,pseudo_real_time
final,union,lightgbm,2024-05,0.03028289015301663,0.2,-0.16971710984698338,0.16971710984698338,0.028803897374813023,2024-04,2024-05-24T01:30:00+00:00,5.0,pseudo_real_time
final,union,lightgbm,2024-06,-0.014750056898457467,0.1,-0.11475005689845748,0.11475005689845748,0.013167575558199229,2024-05,2024-06-24T01:30:00+00:00,5.0,pseudo_real_time
final,union,lightgbm,2024-07,-0.40528443554986293,-0.2,-0.20528443554986292,0.20528443554986292,0.042141699479025824,2024-06,2024-07-24T01:30:00+00:00,5.0,pseudo_real_time
final,union,lightgbm,2024-08,-0.29169551981674346,-0.7,0.4083044801832565,0.4083044801832565,0.1667125485377193,2024-07,2024-08-24T01:30:00+00:00,5.0,pseudo_real_time
final,union,lightgbm,2024-09,-0.3667722731650284,-0.6,0.23322772683497156,0.23322772683497156,0.054395172564608116,2024-08,2024-09-24T01:30:00+00:00,5.0,pseudo_real_time
final,union,lightgbm,2024-10,0.26578054230711706,-0.1,0.3657805423071171,0.3657805423071171,0.13379540513048868,2024-09,2024-10-24T01:30:00+00:00,5.0,pseudo_real_time
final,union,lightgbm,2024-11,-0.38896515035075896,-0.1,-0.288965150350759,0.288965150350759,0.08350085811723675,2024-10,2024-11-24T01:30:00+00:00,5.0,pseudo_real_time
final,union,lightgbm,2024-12,-0.06931394487607444,-0.1,0.030686055123925568,0.030686055123925568,0.0009416339790685986,2024-11,2024-12-24T01:30:00+00:00,5.0,pseudo_real_time
final,union,lightgbm,2025-01,-0.23015634558085193,-0.2,-0.030156345580851923,0.030156345580851923,0.0009094051787917673,2024-12,2025-01-24T01:30:00+00:00,5.0,pseudo_real_time
final,union,lightgbm,2025-02,-0.09412334162130345,-0.1,0.005876658378696553,0.005876658378696553,3.45351136999044e-05,2025-01,2025-02-24T01:30:00+00:00,5.0,pseudo_real_time
final,union,lightgbm,2025-03,-0.223218471214632,-0.4,0.17678152878536801,0.17678152878536801,0.0312517089196919,2025-02,2025-03-24T01:30:00+00:00,5.0,pseudo_real_time
final,union,lightgbm,2025-04,-0.44716268334900194,-0.4,-0.04716268334900192,0.04716268334900192,0.002224318700678223,2025-03,2025-04-24T01:30:00+00:00,5.0,pseudo_real_time
final,union,lightgbm,2025-05,-0.5802695277225431,-0.4,-0.18026952772254312,0.18026952772254312,0.03249710262530874,2025-04,2025-05-24T01:30:00+00:00,5.0,pseudo_real_time
final,union,lightgbm,2025-06,-0.13088214450945085,-0.4,0.2691178554905492,0.2691178554905492,0.0724244201438321,2025-05,2025-06-24T01:30:00+00:00,5.0,pseudo_real_time
final,union,lightgbm,2025-07,0.00734575886838516,-0.2,0.20734575886838516,0.20734575886838516,0.042992263720706525,2025-06,2025-07-24T01:30:00+00:00,5.0,pseudo_real_time
final,union,lightgbm,2025-08,0.0742718074369658,0.0,0.0742718074369658,0.0742718074369658,0.005516301379953729,2025-07,2025-08-24T01:30:00+00:00,5.0,pseudo_real_time
final,union,lightgbm,2025-09,-0.23004537496137809,0.0,-0.23004537496137809,0.23004537496137809,0.05292087454112104,2025-08,2025-09-24T01:30:00+00:00,5.0,pseudo_real_time
final,union,lightgbm,2025-12,-0.019377166395059032,0.2,-0.21937716639505905,0.21937716639505905,0.04812634113552543,2025-09,2025-12-24T01:30:00+00:00,5.0,pseudo_real_time
final,union,lightgbm,2026-01,-0.050504506040418194,0.4,-0.4505045060404182,0.4505045060404182,0.2029543099627212,2025-12,2026-01-24T01:30:00+00:00,5.0,pseudo_real_time
final,union,lightgbm,2026-04,0.5021918321772273,1.7,-1.1978081678227728,1.1978081678227728,1.4347444069029478,2026-01,2026-04-24T01:30:00+00:00,5.0,pseudo_real_time
final,union,lightgbm,2026-05,0.03254288122019632,0.5,-0.46745711877980367,0.46745711877980367,0.21851615789791548,2026-04,2026-05-24T01:30:00+00:00,5.0,pseudo_real_time
final,union,lightgbm,2026-06,0.007181924733849196,-0.3,0.3071819247338492,0.3071819247338492,0.09436073488319219,2026-05,2026-06-24T01:30:00+00:00,5.0,pseudo_real_time
final,union,lightgbm,2026-07,0.003961333900532889,-0.7,0.7039613339005328,0.7039613339005328,0.4955615596270175,2026-06,2026-07-24T01:30:00+00:00,5.0,pseudo_real_time
final,union,lightgbm,2026-08,0.12016381154209527,0.4,-0.27983618845790476,0.27983618845790476,0.07830829237064799,2026-07,2026-08-24T01:30:00+00:00,5.0,pseudo_real_time
final,union,no_change,2016-06,0.0,-0.2,0.2,0.2,0.04000000000000001,2016-05,2016-06-24T01:30:00+00:00,,pseudo_real_time
final,union,historical_mean,2016-06,-0.325,-0.2,-0.125,0.125,0.015625,2016-05,2016-06-24T01:30:00+00:00,,pseudo_real_time
final,union,last_available_actual,2016-06,0.5,-0.2,0.7,0.7,0.48999999999999994,2016-05,2016-06-24T01:30:00+00:00,,pseudo_real_time
final,union,no_change,2016-07,0.0,0.2,-0.2,0.2,0.04000000000000001,2016-06,2016-07-25T01:30:00+00:00,,pseudo_real_time
final,union,historical_mean,2016-07,-0.32,0.2,-0.52,0.52,0.27040000000000003,2016-06,2016-07-25T01:30:00+00:00,,pseudo_real_time
final,union,last_available_actual,2016-07,-0.2,0.2,-0.4,0.4,0.16000000000000003,2016-06,2016-07-25T01:30:00+00:00,,pseudo_real_time
final,union,no_change,2016-08,0.0,0.2,-0.2,0.2,0.04000000000000001,2016-07,2016-08-24T01:30:00+00:00,,pseudo_real_time
final,union,historical_mean,2016-08,-0.3,0.2,-0.5,0.5,0.25,2016-07,2016-08-24T01:30:00+00:00,,pseudo_real_time
final,union,last_available_actual,2016-08,0.2,0.2,0.0,0.0,0.0,2016-07,2016-08-24T01:30:00+00:00,,pseudo_real_time
final,union,no_change,2016-09,0.0,0.5,-0.5,0.5,0.25,2016-08,2016-09-26T01:30:00+00:00,,pseudo_real_time
final,union,historical_mean,2016-09,-0.28148148148148144,0.5,-0.7814814814814814,0.7814814814814814,0.610713305898491,2016-08,2016-09-26T01:30:00+00:00,,pseudo_real_time
final,union,last_available_actual,2016-09,0.2,0.5,-0.3,0.3,0.09,2016-08,2016-09-26T01:30:00+00:00,,pseudo_real_time
final,union,no_change,2016-10,0.0,0.7,-0.7,0.7,0.48999999999999994,2016-09,2016-10-24T01:30:00+00:00,,pseudo_real_time
final,union,historical_mean,2016-10,-0.25357142857142856,0.7,-0.9535714285714285,0.9535714285714285,0.909298469387755,2016-09,2016-10-24T01:30:00+00:00,,pseudo_real_time
final,union,last_available_actual,2016-10,0.5,0.7,-0.19999999999999996,0.19999999999999996,0.03999999999999998,2016-09,2016-10-24T01:30:00+00:00,,pseudo_real_time
final,union,no_change,2016-11,0.0,1.5,-1.5,1.5,2.25,2016-10,2016-11-24T01:30:00+00:00,,pseudo_real_time
final,union,historical_mean,2016-11,-0.22068965517241376,1.5,-1.7206896551724138,1.7206896551724138,2.96077288941736,2016-10,2016-11-24T01:30:00+00:00,,pseudo_real_time
final,union,last_available_actual,2016-11,0.7,1.5,-0.8,0.8,0.6400000000000001,2016-10,2016-11-24T01:30:00+00:00,,pseudo_real_time
final,union,no_change,2016-12,0.0,1.6,-1.6,1.6,2.5600000000000005,2016-11,2016-12-26T01:30:00+00:00,,pseudo_real_time
final,union,historical_mean,2016-12,-0.1633333333333333,1.6,-1.7633333333333334,1.7633333333333334,3.109344444444445,2016-11,2016-12-26T01:30:00+00:00,,pseudo_real_time
final,union,last_available_actual,2016-12,1.5,1.6,-0.10000000000000009,0.10000000000000009,0.010000000000000018,2016-11,2016-12-26T01:30:00+00:00,,pseudo_real_time
final,union,no_change,2017-01,0.0,0.8,-0.8,0.8,0.6400000000000001,2016-12,2017-01-24T01:30:00+00:00,,pseudo_real_time
final,union,historical_mean,2017-01,-0.10645161290322579,0.8,-0.9064516129032258,0.9064516129032258,0.8216545265348596,2016-12,2017-01-24T01:30:00+00:00,,pseudo_real_time
final,union,last_available_actual,2017-01,1.6,0.8,0.8,0.8,0.6400000000000001,2016-12,2017-01-24T01:30:00+00:00,,pseudo_real_time
final,union,no_change,2017-02,0.0,0.6,-0.6,0.6,0.36,2017-01,2017-02-24T01:30:00+00:00,,pseudo_real_time
final,union,historical_mean,2017-02,-0.07812500000000003,0.6,-0.678125,0.678125,0.459853515625,2017-01,2017-02-24T01:30:00+00:00,,pseudo_real_time
final,union,last_available_actual,2017-02,0.8,0.6,0.20000000000000007,0.20000000000000007,0.04000000000000003,2017-01,2017-02-24T01:30:00+00:00,,pseudo_real_time
final,union,no_change,2017-03,0.0,0.3,-0.3,0.3,0.09,2017-02,2017-03-24T01:30:00+00:00,,pseudo_real_time
final,union,historical_mean,2017-03,-0.0575757575757576,0.3,-0.3575757575757576,0.3575757575757576,0.12786042240587697,2017-02,2017-03-24T01:30:00+00:00,,pseudo_real_time
final,union,last_available_actual,2017-03,0.6,0.3,0.3,0.3,0.09,2017-02,2017-03-24T01:30:00+00:00,,pseudo_real_time
final,union,no_change,2017-04,0.0,-0.4,0.4,0.4,0.16000000000000003,2017-03,2017-04-24T01:30:00+00:00,,pseudo_real_time
final,union,historical_mean,2017-04,-0.047058823529411785,-0.4,0.35294117647058826,0.35294117647058826,0.12456747404844293,2017-03,2017-04-24T01:30:00+00:00,,pseudo_real_time
final,union,last_available_actual,2017-04,0.3,-0.4,0.7,0.7,0.48999999999999994,2017-03,2017-04-24T01:30:00+00:00,,pseudo_real_time
final,union,no_change,2017-05,0.0,-0.3,0.3,0.3,0.09,2017-04,2017-05-24T01:30:00+00:00,,pseudo_real_time
final,union,historical_mean,2017-05,-0.05714285714285717,-0.3,0.24285714285714283,0.24285714285714283,0.05897959183673468,2017-04,2017-05-24T01:30:00+00:00,,pseudo_real_time
final,union,last_available_actual,2017-05,-0.4,-0.3,-0.10000000000000003,0.10000000000000003,0.010000000000000007,2017-04,2017-05-24T01:30:00+00:00,,pseudo_real_time
final,union,no_change,2017-06,0.0,-0.2,0.2,0.2,0.04000000000000001,2017-05,2017-06-26T01:30:00+00:00,,pseudo_real_time
final,union,historical_mean,2017-06,-0.06388888888888891,-0.2,0.1361111111111111,0.1361111111111111,0.018526234567901232,2017-05,2017-06-26T01:30:00+00:00,,pseudo_real_time
final,union,last_available_actual,2017-06,-0.3,-0.2,-0.09999999999999998,0.09999999999999998,0.009999999999999995,2017-05,2017-06-26T01:30:00+00:00,,pseudo_real_time
final,union,no_change,2017-07,0.0,0.2,-0.2,0.2,0.04000000000000001,2017-06,2017-07-24T01:30:00+00:00,,pseudo_real_time
final,union,historical_mean,2017-07,-0.06756756756756759,0.2,-0.2675675675675676,0.2675675675675676,0.07159240321402485,2017-06,2017-07-24T01:30:00+00:00,,pseudo_real_time
final,union,last_available_actual,2017-07,-0.2,0.2,-0.4,0.4,0.16000000000000003,2017-06,2017-07-24T01:30:00+00:00,,pseudo_real_time
final,union,no_change,2017-08,0.0,0.9,-0.9,0.9,0.81,2017-07,2017-08-24T01:30:00+00:00,,pseudo_real_time
final,union,historical_mean,2017-08,-0.060526315789473706,0.9,-0.9605263157894737,0.9605263157894737,0.9226108033240997,2017-07,2017-08-24T01:30:00+00:00,,pseudo_real_time
final,union,last_available_actual,2017-08,0.2,0.9,-0.7,0.7,0.48999999999999994,2017-07,2017-08-24T01:30:00+00:00,,pseudo_real_time
final,union,no_change,2017-09,0.0,1.0,-1.0,1.0,1.0,2017-08,2017-09-25T01:30:00+00:00,,pseudo_real_time
final,union,historical_mean,2017-09,-0.035897435897435916,1.0,-1.035897435897436,1.035897435897436,1.0730834976988826,2017-08,2017-09-25T01:30:00+00:00,,pseudo_real_time
final,union,last_available_actual,2017-09,0.9,1.0,-0.09999999999999998,0.09999999999999998,0.009999999999999995,2017-08,2017-09-25T01:30:00+00:00,,pseudo_real_time
final,union,no_change,2017-10,0.0,0.7,-0.7,0.7,0.48999999999999994,2017-09,2017-10-24T01:30:00+00:00,,pseudo_real_time
final,union,historical_mean,2017-10,-0.010000000000000031,0.7,-0.71,0.71,0.5041,2017-09,2017-10-24T01:30:00+00:00,,pseudo_real_time
final,union,last_available_actual,2017-10,1.0,0.7,0.30000000000000004,0.30000000000000004,0.09000000000000002,2017-09,2017-10-24T01:30:00+00:00,,pseudo_real_time
final,union,no_change,2017-11,0.0,0.5,-0.5,0.5,0.25,2017-10,2017-11-24T01:30:00+00:00,,pseudo_real_time
final,union,historical_mean,2017-11,0.007317073170731676,0.5,-0.49268292682926834,0.49268292682926834,0.2427364663890542,2017-10,2017-11-24T01:30:00+00:00,,pseudo_real_time
final,union,last_available_actual,2017-11,0.7,0.5,0.19999999999999996,0.19999999999999996,0.03999999999999998,2017-10,2017-11-24T01:30:00+00:00,,pseudo_real_time
final,union,no_change,2017-12,0.0,0.8,-0.8,0.8,0.6400000000000001,2017-11,2017-12-25T01:30:00+00:00,,pseudo_real_time
final,union,historical_mean,2017-12,0.019047619047619018,0.8,-0.7809523809523811,0.7809523809523811,0.6098866213151929,2017-11,2017-12-25T01:30:00+00:00,,pseudo_real_time
final,union,last_available_actual,2017-12,0.5,0.8,-0.30000000000000004,0.30000000000000004,0.09000000000000002,2017-11,2017-12-25T01:30:00+00:00,,pseudo_real_time
final,union,no_change,2018-01,0.0,0.3,-0.3,0.3,0.09,2017-12,2018-01-24T01:30:00+00:00,,pseudo_real_time
final,union,historical_mean,2018-01,0.03720930232558137,0.3,-0.26279069767441865,0.26279069767441865,0.0690589507842077,2017-12,2018-01-24T01:30:00+00:00,,pseudo_real_time
final,union,last_available_actual,2018-01,0.8,0.3,0.5,0.5,0.25,2017-12,2018-01-24T01:30:00+00:00,,pseudo_real_time
final,union,no_change,2018-04,0.0,-0.2,0.2,0.2,0.04000000000000001,2018-01,2018-04-24T01:30:00+00:00,,pseudo_real_time
final,union,historical_mean,2018-04,0.043181818181818155,-0.2,0.24318181818181817,0.24318181818181817,0.05913739669421487,2018-01,2018-04-24T01:30:00+00:00,,pseudo_real_time
final,union,last_available_actual,2018-04,0.3,-0.2,0.5,0.5,0.25,2018-01,2018-04-24T01:30:00+00:00,,pseudo_real_time
final,union,no_change,2018-05,0.0,0.4,-0.4,0.4,0.16000000000000003,2018-04,2018-05-24T01:30:00+00:00,,pseudo_real_time
final,union,historical_mean,2018-05,0.03777777777777775,0.4,-0.3622222222222223,0.3622222222222223,0.13120493827160498,2018-04,2018-05-24T01:30:00+00:00,,pseudo_real_time
final,union,last_available_actual,2018-05,-0.2,0.4,-0.6000000000000001,0.6000000000000001,0.3600000000000001,2018-04,2018-05-24T01:30:00+00:00,,pseudo_real_time
final,union,no_change,2018-06,0.0,0.3,-0.3,0.3,0.09,2018-05,2018-06-25T01:30:00+00:00,,pseudo_real_time
final,union,historical_mean,2018-06,0.04565217391304345,0.3,-0.25434782608695655,0.25434782608695655,0.0646928166351607,2018-05,2018-06-25T01:30:00+00:00,,pseudo_real_time
final,union,last_available_actual,2018-06,0.4,0.3,0.10000000000000003,0.10000000000000003,0.010000000000000007,2018-05,2018-06-25T01:30:00+00:00,,pseudo_real_time
final,union,no_change,2018-07,0.0,0.1,-0.1,0.1,0.010000000000000002,2018-06,2018-07-24T01:30:00+00:00,,pseudo_real_time
final,union,historical_mean,2018-07,0.05106382978723401,0.1,-0.04893617021276599,0.04893617021276599,0.0023947487550928055,2018-06,2018-07-24T01:30:00+00:00,,pseudo_real_time
final,union,last_available_actual,2018-07,0.3,0.1,0.19999999999999998,0.19999999999999998,0.039999999999999994,2018-06,2018-07-24T01:30:00+00:00,,pseudo_real_time
final,union,no_change,2018-08,0.0,0.4,-0.4,0.4,0.16000000000000003,2018-07,2018-08-24T01:30:00+00:00,,pseudo_real_time
final,union,historical_mean,2018-08,0.052083333333333315,0.4,-0.3479166666666667,0.3479166666666667,0.12104600694444448,2018-07,2018-08-24T01:30:00+00:00,,pseudo_real_time
final,union,last_available_actual,2018-08,0.1,0.4,-0.30000000000000004,0.30000000000000004,0.09000000000000002,2018-07,2018-08-24T01:30:00+00:00,,pseudo_real_time
final,union,no_change,2018-09,0.0,0.6,-0.6,0.6,0.36,2018-08,2018-09-25T01:30:00+00:00,,pseudo_real_time
final,union,historical_mean,2018-09,0.059183673469387736,0.6,-0.5408163265306123,0.5408163265306123,0.29248229904206585,2018-08,2018-09-25T01:30:00+00:00,,pseudo_real_time
final,union,last_available_actual,2018-09,0.4,0.6,-0.19999999999999996,0.19999999999999996,0.03999999999999998,2018-08,2018-09-25T01:30:00+00:00,,pseudo_real_time
final,union,no_change,2018-10,0.0,0.4,-0.4,0.4,0.16000000000000003,2018-09,2018-10-24T01:30:00+00:00,,pseudo_real_time
final,union,historical_mean,2018-10,0.06999999999999998,0.4,-0.33000000000000007,0.33000000000000007,0.10890000000000005,2018-09,2018-10-24T01:30:00+00:00,,pseudo_real_time
final,union,last_available_actual,2018-10,0.6,0.4,0.19999999999999996,0.19999999999999996,0.03999999999999998,2018-09,2018-10-24T01:30:00+00:00,,pseudo_real_time
final,union,no_change,2018-11,0.0,-0.2,0.2,0.2,0.04000000000000001,2018-10,2018-11-26T01:30:00+00:00,,pseudo_real_time
final,union,historical_mean,2018-11,0.0764705882352941,-0.2,0.27647058823529413,0.27647058823529413,0.07643598615916956,2018-10,2018-11-26T01:30:00+00:00,,pseudo_real_time
final,union,last_available_actual,2018-11,0.4,-0.2,0.6000000000000001,0.6000000000000001,0.3600000000000001,2018-10,2018-11-26T01:30:00+00:00,,pseudo_real_time
final,union,no_change,2018-12,0.0,-1.0,1.0,1.0,1.0,2018-11,2018-12-24T01:30:00+00:00,,pseudo_real_time
final,union,historical_mean,2018-12,0.07115384615384614,-1.0,1.0711538461538461,1.0711538461538461,1.1473705621301775,2018-11,2018-12-24T01:30:00+00:00,,pseudo_real_time
final,union,last_available_actual,2018-12,-0.2,-1.0,0.8,0.8,0.6400000000000001,2018-11,2018-12-24T01:30:00+00:00,,pseudo_real_time
final,union,no_change,2019-01,0.0,-0.6,0.6,0.6,0.36,2018-12,2019-01-24T01:30:00+00:00,,pseudo_real_time
final,union,historical_mean,2019-01,0.05094339622641507,-0.6,0.6509433962264151,0.6509433962264151,0.4237273050907796,2018-12,2019-01-24T01:30:00+00:00,,pseudo_real_time
final,union,last_available_actual,2019-01,-1.0,-0.6,-0.4,0.4,0.16000000000000003,2018-12,2019-01-24T01:30:00+00:00,,pseudo_real_time
final,union,no_change,2019-04,0.0,0.3,-0.3,0.3,0.09,2019-01,2019-04-24T01:30:00+00:00,,pseudo_real_time
final,union,historical_mean,2019-04,0.03888888888888887,0.3,-0.2611111111111111,0.2611111111111111,0.06817901234567902,2019-01,2019-04-24T01:30:00+00:00,,pseudo_real_time
final,union,last_available_actual,2019-04,-0.6,0.3,-0.8999999999999999,0.8999999999999999,0.8099999999999998,2019-01,2019-04-24T01:30:00+00:00,,pseudo_real_time
final,union,no_change,2019-07,0.0,-0.2,0.2,0.2,0.04000000000000001,2019-04,2019-07-24T01:30:00+00:00,,pseudo_real_time
final,union,historical_mean,2019-07,0.04363636363636361,-0.2,0.24363636363636362,0.24363636363636362,0.059358677685950406,2019-04,2019-07-24T01:30:00+00:00,,pseudo_real_time
final,union,last_available_actual,2019-07,0.3,-0.2,0.5,0.5,0.25,2019-04,2019-07-24T01:30:00+00:00,,pseudo_real_time
final,union,no_change,2019-08,0.0,-0.1,0.1,0.1,0.010000000000000002,2019-07,2019-08-26T01:30:00+00:00,,pseudo_real_time
final,union,historical_mean,2019-08,0.03928571428571427,-0.1,0.1392857142857143,0.1392857142857143,0.019400510204081633,2019-07,2019-08-26T01:30:00+00:00,,pseudo_real_time
final,union,last_available_actual,2019-08,-0.2,-0.1,-0.1,0.1,0.010000000000000002,2019-07,2019-08-26T01:30:00+00:00,,pseudo_real_time
final,union,no_change,2019-09,0.0,0.1,-0.1,0.1,0.010000000000000002,2019-08,2019-09-24T01:30:00+00:00,,pseudo_real_time
final,union,historical_mean,2019-09,0.03684210526315788,0.1,-0.06315789473684214,0.06315789473684214,0.0039889196675900315,2019-08,2019-09-24T01:30:00+00:00,,pseudo_real_time
final,union,last_available_actual,2019-09,-0.1,0.1,-0.2,0.2,0.04000000000000001,2019-08,2019-09-24T01:30:00+00:00,,pseudo_real_time
final,union,no_change,2019-10,0.0,0.1,-0.1,0.1,0.010000000000000002,2019-09,2019-10-24T01:30:00+00:00,,pseudo_real_time
final,union,historical_mean,2019-10,0.037931034482758606,0.1,-0.0620689655172414,0.0620689655172414,0.003852556480380502,2019-09,2019-10-24T01:30:00+00:00,,pseudo_real_time
final,union,last_available_actual,2019-10,0.1,0.1,0.0,0.0,0.0,2019-09,2019-10-24T01:30:00+00:00,,pseudo_real_time
final,union,no_change,2019-11,0.0,-0.1,0.1,0.1,0.010000000000000002,2019-10,2019-11-25T01:30:00+00:00,,pseudo_real_time
final,union,historical_mean,2019-11,0.038983050847457616,-0.1,0.13898305084745763,0.13898305084745763,0.019316288422866992,2019-10,2019-11-25T01:30:00+00:00,,pseudo_real_time
final,union,last_available_actual,2019-11,0.1,-0.1,0.2,0.2,0.04000000000000001,2019-10,2019-11-25T01:30:00+00:00,,pseudo_real_time
final,union,no_change,2019-12,0.0,0.0,0.0,0.0,0.0,2019-11,2019-12-24T01:30:00+00:00,,pseudo_real_time
final,union,historical_mean,2019-12,0.03666666666666665,0.0,0.03666666666666665,0.03666666666666665,0.0013444444444444435,2019-11,2019-12-24T01:30:00+00:00,,pseudo_real_time
final,union,last_available_actual,2019-12,-0.1,0.0,-0.1,0.1,0.010000000000000002,2019-11,2019-12-24T01:30:00+00:00,,pseudo_real_time
final,union,no_change,2020-01,0.0,0.0,0.0,0.0,0.0,2019-12,2020-01-23T01:30:00+00:00,,pseudo_real_time
final,union,historical_mean,2020-01,0.03606557377049179,0.0,0.03606557377049179,0.03606557377049179,0.0013007256113947855,2019-12,2020-01-23T01:30:00+00:00,,pseudo_real_time
final,union,last_available_actual,2020-01,0.0,0.0,0.0,0.0,0.0,2019-12,2020-01-23T01:30:00+00:00,,pseudo_real_time
final,union,no_change,2020-02,0.0,-0.5,0.5,0.5,0.25,2020-01,2020-02-24T01:30:00+00:00,,pseudo_real_time
final,union,historical_mean,2020-02,0.03548387096774192,-0.5,0.535483870967742,0.535483870967742,0.2867429760665973,2020-01,2020-02-24T01:30:00+00:00,,pseudo_real_time
final,union,last_available_actual,2020-02,0.0,-0.5,0.5,0.5,0.25,2020-01,2020-02-24T01:30:00+00:00,,pseudo_real_time
final,union,no_change,2020-03,0.0,-1.0,1.0,1.0,1.0,2020-02,2020-03-24T01:30:00+00:00,,pseudo_real_time
final,union,historical_mean,2020-03,0.02698412698412697,-1.0,1.0269841269841269,1.0269841269841269,1.0546963970773493,2020-02,2020-03-24T01:30:00+00:00,,pseudo_real_time
final,union,last_available_actual,2020-03,-0.5,-1.0,0.5,0.5,0.25,2020-02,2020-03-24T01:30:00+00:00,,pseudo_real_time
final,union,no_change,2020-04,0.0,-1.3,1.3,1.3,1.6900000000000002,2020-03,2020-04-24T01:30:00+00:00,,pseudo_real_time
final,union,historical_mean,2020-04,0.010937499999999985,-1.3,1.3109375,1.3109375,1.7185571289062502,2020-03,2020-04-24T01:30:00+00:00,,pseudo_real_time
final,union,last_available_actual,2020-04,-1.0,-1.3,0.30000000000000004,0.30000000000000004,0.09000000000000002,2020-03,2020-04-24T01:30:00+00:00,,pseudo_real_time
final,union,no_change,2020-05,0.0,-0.4,0.4,0.4,0.16000000000000003,2020-04,2020-05-25T01:30:00+00:00,,pseudo_real_time
final,union,historical_mean,2020-05,-0.009230769230769246,-0.4,0.39076923076923076,0.39076923076923076,0.15270059171597633,2020-04,2020-05-25T01:30:00+00:00,,pseudo_real_time
final,union,last_available_actual,2020-05,-1.3,-0.4,-0.9,0.9,0.81,2020-04,2020-05-25T01:30:00+00:00,,pseudo_real_time
final,union,no_change,2020-06,0.0,0.4,-0.4,0.4,0.16000000000000003,2020-05,2020-06-24T01:30:00+00:00,,pseudo_real_time
final,union,historical_mean,2020-06,-0.015151515151515166,0.4,-0.41515151515151516,0.41515151515151516,0.17235078053259872,2020-05,2020-06-24T01:30:00+00:00,,pseudo_real_time
final,union,last_available_actual,2020-06,-0.4,0.4,-0.8,0.8,0.6400000000000001,2020-05,2020-06-24T01:30:00+00:00,,pseudo_real_time
final,union,no_change,2020-07,0.0,0.4,-0.4,0.4,0.16000000000000003,2020-06,2020-07-24T01:30:00+00:00,,pseudo_real_time
final,union,historical_mean,2020-07,-0.008955223880597028,0.4,-0.4089552238805971,0.4089552238805971,0.16724437513922927,2020-06,2020-07-24T01:30:00+00:00,,pseudo_real_time
final,union,last_available_actual,2020-07,0.4,0.4,0.0,0.0,0.0,2020-06,2020-07-24T01:30:00+00:00,,pseudo_real_time
final,union,no_change,2020-08,0.0,0.3,-0.3,0.3,0.09,2020-07,2020-08-24T01:30:00+00:00,,pseudo_real_time
final,union,historical_mean,2020-08,-0.002941176470588248,0.3,-0.3029411764705882,0.3029411764705882,0.09177335640138407,2020-07,2020-08-24T01:30:00+00:00,,pseudo_real_time
final,union,last_available_actual,2020-08,0.4,0.3,0.10000000000000003,0.10000000000000003,0.010000000000000007,2020-07,2020-08-24T01:30:00+00:00,,pseudo_real_time
final,union,no_change,2020-09,0.0,0.1,-0.1,0.1,0.010000000000000002,2020-08,2020-09-24T01:30:00+00:00,,pseudo_real_time
final,union,historical_mean,2020-09,0.0014492753623188282,0.1,-0.09855072463768118,0.09855072463768118,0.00971224532661206,2020-08,2020-09-24T01:30:00+00:00,,pseudo_real_time
final,union,last_available_actual,2020-09,0.3,0.1,0.19999999999999998,0.19999999999999998,0.039999999999999994,2020-08,2020-09-24T01:30:00+00:00,,pseudo_real_time
final,union,no_change,2020-10,0.0,0.0,0.0,0.0,0.0,2020-09,2020-10-26T01:30:00+00:00,,pseudo_real_time
final,union,historical_mean,2020-10,0.002857142857142845,0.0,0.002857142857142845,0.002857142857142845,8.163265306122379e-06,2020-09,2020-10-26T01:30:00+00:00,,pseudo_real_time
final,union,last_available_actual,2020-10,0.1,0.0,0.1,0.1,0.010000000000000002,2020-09,2020-10-26T01:30:00+00:00,,pseudo_real_time
final,union,no_change,2020-11,0.0,0.5,-0.5,0.5,0.25,2020-10,2020-11-24T01:30:00+00:00,,pseudo_real_time
final,union,historical_mean,2020-11,0.0028169014084506922,0.5,-0.4971830985915493,0.4971830985915493,0.24719103352509422,2020-10,2020-11-24T01:30:00+00:00,,pseudo_real_time
final,union,last_available_actual,2020-11,0.0,0.5,-0.5,0.5,0.25,2020-10,2020-11-24T01:30:00+00:00,,pseudo_real_time
final,union,no_change,2020-12,0.0,1.1,-1.1,1.1,1.2100000000000002,2020-11,2020-12-24T01:30:00+00:00,,pseudo_real_time
final,union,historical_mean,2020-12,0.009722222222222212,1.1,-1.090277777777778,1.090277777777778,1.1887056327160497,2020-11,2020-12-24T01:30:00+00:00,,pseudo_real_time
final,union,last_available_actual,2020-12,0.5,1.1,-0.6000000000000001,0.6000000000000001,0.3600000000000001,2020-11,2020-12-24T01:30:00+00:00,,pseudo_real_time
final,union,no_change,2021-01,0.0,1.0,-1.0,1.0,1.0,2020-12,2021-01-25T01:30:00+00:00,,pseudo_real_time
final,union,historical_mean,2021-01,0.024657534246575335,1.0,-0.9753424657534246,0.9753424657534246,0.9512929255019703,2020-12,2021-01-25T01:30:00+00:00,,pseudo_real_time
final,union,last_available_actual,2021-01,1.1,1.0,0.10000000000000009,0.10000000000000009,0.010000000000000018,2020-12,2021-01-25T01:30:00+00:00,,pseudo_real_time
final,union,no_change,2021-04,0.0,0.9,-0.9,0.9,0.81,2021-01,2021-04-25T01:30:00+00:00,,pseudo_real_time
final,union,historical_mean,2021-04,0.037837837837837826,0.9,-0.8621621621621622,0.8621621621621622,0.7433235938641345,2021-01,2021-04-25T01:30:00+00:00,,pseudo_real_time
final,union,last_available_actual,2021-04,1.0,0.9,0.09999999999999998,0.09999999999999998,0.009999999999999995,2021-01,2021-04-25T01:30:00+00:00,,pseudo_real_time
final,union,no_change,2021-05,0.0,1.6,-1.6,1.6,2.5600000000000005,2021-04,2021-05-24T01:30:00+00:00,,pseudo_real_time
final,union,historical_mean,2021-05,0.049333333333333326,1.6,-1.5506666666666669,1.5506666666666669,2.4045671111111115,2021-04,2021-05-24T01:30:00+00:00,,pseudo_real_time
final,union,last_available_actual,2021-05,0.9,1.6,-0.7000000000000001,0.7000000000000001,0.4900000000000001,2021-04,2021-05-24T01:30:00+00:00,,pseudo_real_time
final,union,no_change,2021-06,0.0,0.3,-0.3,0.3,0.09,2021-05,2021-06-24T01:30:00+00:00,,pseudo_real_time
final,union,historical_mean,2021-06,0.06973684210526314,0.3,-0.23026315789473684,0.23026315789473684,0.053021121883656507,2021-05,2021-06-24T01:30:00+00:00,,pseudo_real_time
final,union,last_available_actual,2021-06,1.6,0.3,1.3,1.3,1.6900000000000002,2021-05,2021-06-24T01:30:00+00:00,,pseudo_real_time
final,union,no_change,2021-07,0.0,0.5,-0.5,0.5,0.25,2021-06,2021-07-26T01:30:00+00:00,,pseudo_real_time
final,union,historical_mean,2021-07,0.07272727272727271,0.5,-0.4272727272727273,0.4272727272727273,0.1825619834710744,2021-06,2021-07-26T01:30:00+00:00,,pseudo_real_time
final,union,last_available_actual,2021-07,0.3,0.5,-0.2,0.2,0.04000000000000001,2021-06,2021-07-26T01:30:00+00:00,,pseudo_real_time
final,union,no_change,2021-08,0.0,0.7,-0.7,0.7,0.48999999999999994,2021-07,2021-08-24T01:30:00+00:00,,pseudo_real_time
final,union,historical_mean,2021-08,0.07820512820512819,0.7,-0.6217948717948718,0.6217948717948718,0.3866288625904011,2021-07,2021-08-24T01:30:00+00:00,,pseudo_real_time
final,union,last_available_actual,2021-08,0.5,0.7,-0.19999999999999996,0.19999999999999996,0.03999999999999998,2021-07,2021-08-24T01:30:00+00:00,,pseudo_real_time
final,union,no_change,2021-09,0.0,1.2,-1.2,1.2,1.44,2021-08,2021-09-24T01:30:00+00:00,,pseudo_real_time
final,union,historical_mean,2021-09,0.0860759493670886,1.2,-1.1139240506329113,1.1139240506329113,1.2408267905784327,2021-08,2021-09-24T01:30:00+00:00,,pseudo_real_time
final,union,last_available_actual,2021-09,0.7,1.2,-0.5,0.5,0.25,2021-08,2021-09-24T01:30:00+00:00,,pseudo_real_time
final,union,no_change,2021-10,0.0,2.5,-2.5,2.5,6.25,2021-09,2021-10-25T01:30:00+00:00,,pseudo_real_time
final,union,historical_mean,2021-10,0.09999999999999999,2.5,-2.4,2.4,5.76,2021-09,2021-10-25T01:30:00+00:00,,pseudo_real_time
final,union,last_available_actual,2021-10,1.2,2.5,-1.3,1.3,1.6900000000000002,2021-09,2021-10-25T01:30:00+00:00,,pseudo_real_time
final,union,no_change,2021-11,0.0,0.0,0.0,0.0,0.0,2021-10,2021-11-24T01:30:00+00:00,,pseudo_real_time
final,union,historical_mean,2021-11,0.12962962962962962,0.0,0.12962962962962962,0.12962962962962962,0.01680384087791495,2021-10,2021-11-24T01:30:00+00:00,,pseudo_real_time
final,union,last_available_actual,2021-11,2.5,0.0,2.5,2.5,6.25,2021-10,2021-11-24T01:30:00+00:00,,pseudo_real_time
final,union,no_change,2021-12,0.0,-1.2,1.2,1.2,1.44,2021-11,2021-12-24T01:30:00+00:00,,pseudo_real_time
final,union,historical_mean,2021-12,0.12804878048780488,-1.2,1.328048780487805,1.328048780487805,1.763713563355146,2021-11,2021-12-24T01:30:00+00:00,,pseudo_real_time
final,union,last_available_actual,2021-12,0.0,-1.2,1.2,1.2,1.44,2021-11,2021-12-24T01:30:00+00:00,,pseudo_real_time
final,union,no_change,2022-01,0.0,-0.2,0.2,0.2,0.04000000000000001,2021-12,2022-01-24T01:30:00+00:00,,pseudo_real_time
final,union,historical_mean,2022-01,0.11204819277108434,-0.2,0.31204819277108437,0.31204819277108437,0.09737407461169983,2021-12,2022-01-24T01:30:00+00:00,,pseudo_real_time
final,union,last_available_actual,2022-01,-1.2,-0.2,-1.0,1.0,1.0,2021-12,2022-01-24T01:30:00+00:00,,pseudo_real_time
final,union,no_change,2022-04,0.0,0.6,-0.6,0.6,0.36,2022-01,2022-04-24T01:30:00+00:00,,pseudo_real_time
final,union,historical_mean,2022-04,0.10833333333333335,0.6,-0.49166666666666664,0.49166666666666664,0.2417361111111111,2022-01,2022-04-24T01:30:00+00:00,,pseudo_real_time
final,union,last_available_actual,2022-04,-0.2,0.6,-0.8,0.8,0.6400000000000001,2022-01,2022-04-24T01:30:00+00:00,,pseudo_real_time
final,union,no_change,2022-05,0.0,0.1,-0.1,0.1,0.010000000000000002,2022-04,2022-05-24T01:30:00+00:00,,pseudo_real_time
final,union,historical_mean,2022-05,0.11411764705882355,0.1,0.01411764705882354,0.01411764705882354,0.00019930795847750897,2022-04,2022-05-24T01:30:00+00:00,,pseudo_real_time
final,union,last_available_actual,2022-05,0.6,0.1,0.5,0.5,0.25,2022-04,2022-05-24T01:30:00+00:00,,pseudo_real_time
final,union,no_change,2022-06,0.0,0.0,0.0,0.0,0.0,2022-05,2022-06-24T01:30:00+00:00,,pseudo_real_time
final,union,historical_mean,2022-06,0.11395348837209303,0.0,0.11395348837209303,0.11395348837209303,0.01298539751216874,2022-05,2022-06-24T01:30:00+00:00,,pseudo_real_time
final,union,last_available_actual,2022-06,0.1,0.0,0.1,0.1,0.010000000000000002,2022-05,2022-06-24T01:30:00+00:00,,pseudo_real_time
final,union,no_change,2022-07,0.0,-1.3,1.3,1.3,1.6900000000000002,2022-06,2022-07-24T01:30:00+00:00,,pseudo_real_time
final,union,historical_mean,2022-07,0.11264367816091955,-1.3,1.4126436781609195,1.4126436781609195,1.9955621614480115,2022-06,2022-07-24T01:30:00+00:00,,pseudo_real_time
final,union,last_available_actual,2022-07,0.0,-1.3,1.3,1.3,1.6900000000000002,2022-06,2022-07-24T01:30:00+00:00,,pseudo_real_time
final,union,no_change,2022-08,0.0,-1.2,1.2,1.2,1.44,2022-07,2022-08-24T01:30:00+00:00,,pseudo_real_time
final,union,historical_mean,2022-08,0.09659090909090909,-1.2,1.2965909090909091,1.2965909090909091,1.6811479855371902,2022-07,2022-08-24T01:30:00+00:00,,pseudo_real_time
final,union,last_available_actual,2022-08,-1.3,-1.2,-0.10000000000000009,0.10000000000000009,0.010000000000000018,2022-07,2022-08-24T01:30:00+00:00,,pseudo_real_time
final,union,no_change,2022-09,0.0,-0.1,0.1,0.1,0.010000000000000002,2022-08,2022-09-24T01:30:00+00:00,,pseudo_real_time
final,union,historical_mean,2022-09,0.08202247191011236,-0.1,0.18202247191011237,0.18202247191011237,0.03313218028026765,2022-08,2022-09-24T01:30:00+00:00,,pseudo_real_time
final,union,last_available_actual,2022-09,-1.2,-0.1,-1.0999999999999999,1.0999999999999999,1.2099999999999997,2022-08,2022-09-24T01:30:00+00:00,,pseudo_real_time
final,union,no_change,2022-10,0.0,0.2,-0.2,0.2,0.04000000000000001,2022-09,2022-10-24T01:30:00+00:00,,pseudo_real_time
final,union,historical_mean,2022-10,0.08,0.2,-0.12000000000000001,0.12000000000000001,0.014400000000000003,2022-09,2022-10-24T01:30:00+00:00,,pseudo_real_time
final,union,last_available_actual,2022-10,-0.1,0.2,-0.30000000000000004,0.30000000000000004,0.09000000000000002,2022-09,2022-10-24T01:30:00+00:00,,pseudo_real_time
final,union,no_change,2022-11,0.0,0.1,-0.1,0.1,0.010000000000000002,2022-10,2022-11-24T01:30:00+00:00,,pseudo_real_time
final,union,historical_mean,2022-11,0.08131868131868132,0.1,-0.018681318681318684,0.018681318681318684,0.00034899166767298644,2022-10,2022-11-24T01:30:00+00:00,,pseudo_real_time
final,union,last_available_actual,2022-11,0.2,0.1,0.1,0.1,0.010000000000000002,2022-10,2022-11-24T01:30:00+00:00,,pseudo_real_time
final,union,no_change,2022-12,0.0,-0.5,0.5,0.5,0.25,2022-11,2022-12-24T01:30:00+00:00,,pseudo_real_time
final,union,historical_mean,2022-12,0.08152173913043478,-0.5,0.5815217391304348,0.5815217391304348,0.3381675330812855,2022-11,2022-12-24T01:30:00+00:00,,pseudo_real_time
final,union,last_available_actual,2022-12,0.1,-0.5,0.6,0.6,0.36,2022-11,2022-12-24T01:30:00+00:00,,pseudo_real_time
final,union,no_change,2023-01,0.0,-0.4,0.4,0.4,0.16000000000000003,2022-12,2023-01-24T01:30:00+00:00,,pseudo_real_time
final,union,historical_mean,2023-01,0.07526881720430108,-0.4,0.4752688172043011,0.4752688172043011,0.22588044860677536,2022-12,2023-01-24T01:30:00+00:00,,pseudo_real_time
final,union,last_available_actual,2023-01,-0.5,-0.4,-0.09999999999999998,0.09999999999999998,0.009999999999999995,2022-12,2023-01-24T01:30:00+00:00,,pseudo_real_time
final,union,no_change,2023-02,0.0,0.0,0.0,0.0,0.0,2023-01,2023-02-24T01:30:00+00:00,,pseudo_real_time
final,union,historical_mean,2023-02,0.0702127659574468,0.0,0.0702127659574468,0.0702127659574468,0.0049298325033952,2023-01,2023-02-24T01:30:00+00:00,,pseudo_real_time
final,union,last_available_actual,2023-02,-0.4,0.0,-0.4,0.4,0.16000000000000003,2023-01,2023-02-24T01:30:00+00:00,,pseudo_real_time
final,union,no_change,2023-03,0.0,0.0,0.0,0.0,0.0,2023-02,2023-03-24T01:30:00+00:00,,pseudo_real_time
final,union,historical_mean,2023-03,0.06947368421052631,0.0,0.06947368421052631,0.06947368421052631,0.004826592797783933,2023-02,2023-03-24T01:30:00+00:00,,pseudo_real_time
final,union,last_available_actual,2023-03,0.0,0.0,0.0,0.0,0.0,2023-02,2023-03-24T01:30:00+00:00,,pseudo_real_time
final,union,no_change,2023-04,0.0,-0.5,0.5,0.5,0.25,2023-03,2023-04-24T01:30:00+00:00,,pseudo_real_time
final,union,historical_mean,2023-04,0.06874999999999999,-0.5,0.56875,0.56875,0.32347656249999995,2023-03,2023-04-24T01:30:00+00:00,,pseudo_real_time
final,union,last_available_actual,2023-04,0.0,-0.5,0.5,0.5,0.25,2023-03,2023-04-24T01:30:00+00:00,,pseudo_real_time
final,union,no_change,2023-05,0.0,-0.9,0.9,0.9,0.81,2023-04,2023-05-24T01:30:00+00:00,,pseudo_real_time
final,union,historical_mean,2023-05,0.06288659793814431,-0.9,0.9628865979381444,0.9628865979381444,0.9271506004888936,2023-04,2023-05-24T01:30:00+00:00,,pseudo_real_time
final,union,last_available_actual,2023-05,-0.5,-0.9,0.4,0.4,0.16000000000000003,2023-04,2023-05-24T01:30:00+00:00,,pseudo_real_time
final,union,no_change,2023-06,0.0,-0.8,0.8,0.8,0.6400000000000001,2023-05,2023-06-24T01:30:00+00:00,,pseudo_real_time
final,union,historical_mean,2023-06,0.0530612244897959,-0.8,0.8530612244897959,0.8530612244897959,0.72771345272803,2023-05,2023-06-24T01:30:00+00:00,,pseudo_real_time
final,union,last_available_actual,2023-06,-0.9,-0.8,-0.09999999999999998,0.09999999999999998,0.009999999999999995,2023-05,2023-06-24T01:30:00+00:00,,pseudo_real_time
final,union,no_change,2023-07,0.0,-0.2,0.2,0.2,0.04000000000000001,2023-06,2023-07-24T01:30:00+00:00,,pseudo_real_time
final,union,historical_mean,2023-07,0.04444444444444443,-0.2,0.24444444444444444,0.24444444444444444,0.05975308641975308,2023-06,2023-07-24T01:30:00+00:00,,pseudo_real_time
final,union,last_available_actual,2023-07,-0.8,-0.2,-0.6000000000000001,0.6000000000000001,0.3600000000000001,2023-06,2023-07-24T01:30:00+00:00,,pseudo_real_time
final,union,no_change,2023-08,0.0,0.2,-0.2,0.2,0.04000000000000001,2023-07,2023-08-24T01:30:00+00:00,,pseudo_real_time
final,union,historical_mean,2023-08,0.04199999999999998,0.2,-0.15800000000000003,0.15800000000000003,0.02496400000000001,2023-07,2023-08-24T01:30:00+00:00,,pseudo_real_time
final,union,last_available_actual,2023-08,-0.2,0.2,-0.4,0.4,0.16000000000000003,2023-07,2023-08-24T01:30:00+00:00,,pseudo_real_time
final,union,no_change,2023-09,0.0,0.4,-0.4,0.4,0.16000000000000003,2023-08,2023-09-24T01:30:00+00:00,,pseudo_real_time
final,union,historical_mean,2023-09,0.04356435643564355,0.4,-0.3564356435643565,0.3564356435643565,0.12704636800313698,2023-08,2023-09-24T01:30:00+00:00,,pseudo_real_time
final,union,last_available_actual,2023-09,0.2,0.4,-0.2,0.2,0.04000000000000001,2023-08,2023-09-24T01:30:00+00:00,,pseudo_real_time
final,union,no_change,2023-10,0.0,0.0,0.0,0.0,0.0,2023-09,2023-10-24T01:30:00+00:00,,pseudo_real_time
final,union,historical_mean,2023-10,0.04705882352941176,0.0,0.04705882352941176,0.04705882352941176,0.0022145328719723177,2023-09,2023-10-24T01:30:00+00:00,,pseudo_real_time
final,union,last_available_actual,2023-10,0.4,0.0,0.4,0.4,0.16000000000000003,2023-09,2023-10-24T01:30:00+00:00,,pseudo_real_time
final,union,no_change,2023-11,0.0,-0.3,0.3,0.3,0.09,2023-10,2023-11-24T01:30:00+00:00,,pseudo_real_time
final,union,historical_mean,2023-11,0.0466019417475728,-0.3,0.3466019417475728,0.3466019417475728,0.12013290602318785,2023-10,2023-11-24T01:30:00+00:00,,pseudo_real_time
final,union,last_available_actual,2023-11,0.0,-0.3,0.3,0.3,0.09,2023-10,2023-11-24T01:30:00+00:00,,pseudo_real_time
final,union,no_change,2023-12,0.0,-0.3,0.3,0.3,0.09,2023-11,2023-12-24T01:30:00+00:00,,pseudo_real_time
final,union,historical_mean,2023-12,0.043269230769230754,-0.3,0.34326923076923077,0.34326923076923077,0.1178337647928994,2023-11,2023-12-24T01:30:00+00:00,,pseudo_real_time
final,union,last_available_actual,2023-12,-0.3,-0.3,0.0,0.0,0.0,2023-11,2023-12-24T01:30:00+00:00,,pseudo_real_time
final,union,no_change,2024-01,0.0,-0.2,0.2,0.2,0.04000000000000001,2023-12,2024-01-24T01:30:00+00:00,,pseudo_real_time
final,union,historical_mean,2024-01,0.03999999999999999,-0.2,0.24,0.24,0.0576,2023-12,2024-01-24T01:30:00+00:00,,pseudo_real_time
final,union,last_available_actual,2024-01,-0.3,-0.2,-0.09999999999999998,0.09999999999999998,0.009999999999999995,2023-12,2024-01-24T01:30:00+00:00,,pseudo_real_time
final,union,no_change,2024-04,0.0,-0.2,0.2,0.2,0.04000000000000001,2024-01,2024-04-24T01:30:00+00:00,,pseudo_real_time
final,union,historical_mean,2024-04,0.03773584905660376,-0.2,0.23773584905660378,0.23773584905660378,0.0565183339266643,2024-01,2024-04-24T01:30:00+00:00,,pseudo_real_time
final,union,last_available_actual,2024-04,-0.2,-0.2,0.0,0.0,0.0,2024-01,2024-04-24T01:30:00+00:00,,pseudo_real_time
final,union,no_change,2024-05,0.0,0.2,-0.2,0.2,0.04000000000000001,2024-04,2024-05-24T01:30:00+00:00,,pseudo_real_time
final,union,historical_mean,2024-05,0.03551401869158877,0.2,-0.16448598130841124,0.16448598130841124,0.02705563804699101,2024-04,2024-05-24T01:30:00+00:00,,pseudo_real_time
final,union,last_available_actual,2024-05,-0.2,0.2,-0.4,0.4,0.16000000000000003,2024-04,2024-05-24T01:30:00+00:00,,pseudo_real_time
final,union,no_change,2024-06,0.0,0.1,-0.1,0.1,0.010000000000000002,2024-05,2024-06-24T01:30:00+00:00,,pseudo_real_time
final,union,historical_mean,2024-06,0.03703703703703702,0.1,-0.06296296296296298,0.06296296296296298,0.0039643347050754485,2024-05,2024-06-24T01:30:00+00:00,,pseudo_real_time
final,union,last_available_actual,2024-06,0.2,0.1,0.1,0.1,0.010000000000000002,2024-05,2024-06-24T01:30:00+00:00,,pseudo_real_time
final,union,no_change,2024-07,0.0,-0.2,0.2,0.2,0.04000000000000001,2024-06,2024-07-24T01:30:00+00:00,,pseudo_real_time
final,union,historical_mean,2024-07,0.03761467889908255,-0.2,0.23761467889908255,0.23761467889908255,0.05646073562831411,2024-06,2024-07-24T01:30:00+00:00,,pseudo_real_time
final,union,last_available_actual,2024-07,0.1,-0.2,0.30000000000000004,0.30000000000000004,0.09000000000000002,2024-06,2024-07-24T01:30:00+00:00,,pseudo_real_time
final,union,no_change,2024-08,0.0,-0.7,0.7,0.7,0.48999999999999994,2024-07,2024-08-24T01:30:00+00:00,,pseudo_real_time
final,union,historical_mean,2024-08,0.03545454545454543,-0.7,0.7354545454545454,0.7354545454545454,0.5408933884297519,2024-07,2024-08-24T01:30:00+00:00,,pseudo_real_time
final,union,last_available_actual,2024-08,-0.2,-0.7,0.49999999999999994,0.49999999999999994,0.24999999999999994,2024-07,2024-08-24T01:30:00+00:00,,pseudo_real_time
final,union,no_change,2024-09,0.0,-0.6,0.6,0.6,0.36,2024-08,2024-09-24T01:30:00+00:00,,pseudo_real_time
final,union,historical_mean,2024-09,0.028828828828828805,-0.6,0.6288288288288287,0.6288288288288287,0.3954256959662364,2024-08,2024-09-24T01:30:00+00:00,,pseudo_real_time
final,union,last_available_actual,2024-09,-0.7,-0.6,-0.09999999999999998,0.09999999999999998,0.009999999999999995,2024-08,2024-09-24T01:30:00+00:00,,pseudo_real_time
final,union,no_change,2024-10,0.0,-0.1,0.1,0.1,0.010000000000000002,2024-09,2024-10-24T01:30:00+00:00,,pseudo_real_time
final,union,historical_mean,2024-10,0.023214285714285705,-0.1,0.1232142857142857,0.1232142857142857,0.01518176020408163,2024-09,2024-10-24T01:30:00+00:00,,pseudo_real_time
final,union,last_available_actual,2024-10,-0.6,-0.1,-0.5,0.5,0.25,2024-09,2024-10-24T01:30:00+00:00,,pseudo_real_time
final,union,no_change,2024-11,0.0,-0.1,0.1,0.1,0.010000000000000002,2024-10,2024-11-24T01:30:00+00:00,,pseudo_real_time
final,union,historical_mean,2024-11,0.022123893805309724,-0.1,0.12212389380530973,0.12212389380530973,0.014914245438170569,2024-10,2024-11-24T01:30:00+00:00,,pseudo_real_time
final,union,last_available_actual,2024-11,-0.1,-0.1,0.0,0.0,0.0,2024-10,2024-11-24T01:30:00+00:00,,pseudo_real_time
final,union,no_change,2024-12,0.0,-0.1,0.1,0.1,0.010000000000000002,2024-11,2024-12-24T01:30:00+00:00,,pseudo_real_time
final,union,historical_mean,2024-12,0.021052631578947358,-0.1,0.12105263157894736,0.12105263157894736,0.014653739612188363,2024-11,2024-12-24T01:30:00+00:00,,pseudo_real_time
final,union,last_available_actual,2024-12,-0.1,-0.1,0.0,0.0,0.0,2024-11,2024-12-24T01:30:00+00:00,,pseudo_real_time
final,union,no_change,2025-01,0.0,-0.2,0.2,0.2,0.04000000000000001,2024-12,2025-01-24T01:30:00+00:00,,pseudo_real_time
final,union,historical_mean,2025-01,0.019999999999999987,-0.2,0.22,0.22,0.0484,2024-12,2025-01-24T01:30:00+00:00,,pseudo_real_time
final,union,last_available_actual,2025-01,-0.1,-0.2,0.1,0.1,0.010000000000000002,2024-12,2025-01-24T01:30:00+00:00,,pseudo_real_time
final,union,no_change,2025-02,0.0,-0.1,0.1,0.1,0.010000000000000002,2025-01,2025-02-24T01:30:00+00:00,,pseudo_real_time
final,union,historical_mean,2025-02,0.018103448275862053,-0.1,0.11810344827586206,0.11810344827586206,0.013948424494649224,2025-01,2025-02-24T01:30:00+00:00,,pseudo_real_time
final,union,last_available_actual,2025-02,-0.2,-0.1,-0.1,0.1,0.010000000000000002,2025-01,2025-02-24T01:30:00+00:00,,pseudo_real_time
final,union,no_change,2025-03,0.0,-0.4,0.4,0.4,0.16000000000000003,2025-02,2025-03-24T01:30:00+00:00,,pseudo_real_time
final,union,historical_mean,2025-03,0.01709401709401708,-0.4,0.4170940170940171,0.4170940170940171,0.17396741909562424,2025-02,2025-03-24T01:30:00+00:00,,pseudo_real_time
final,union,last_available_actual,2025-03,-0.1,-0.4,0.30000000000000004,0.30000000000000004,0.09000000000000002,2025-02,2025-03-24T01:30:00+00:00,,pseudo_real_time
final,union,no_change,2025-04,0.0,-0.4,0.4,0.4,0.16000000000000003,2025-03,2025-04-24T01:30:00+00:00,,pseudo_real_time
final,union,historical_mean,2025-04,0.01355932203389829,-0.4,0.41355932203389834,0.41355932203389834,0.17103131284113762,2025-03,2025-04-24T01:30:00+00:00,,pseudo_real_time
final,union,last_available_actual,2025-04,-0.4,-0.4,0.0,0.0,0.0,2025-03,2025-04-24T01:30:00+00:00,,pseudo_real_time
final,union,no_change,2025-05,0.0,-0.4,0.4,0.4,0.16000000000000003,2025-04,2025-05-24T01:30:00+00:00,,pseudo_real_time
final,union,historical_mean,2025-05,0.010084033613445365,-0.4,0.41008403361344536,0.41008403361344536,0.1681689146246734,2025-04,2025-05-24T01:30:00+00:00,,pseudo_real_time
final,union,last_available_actual,2025-05,-0.4,-0.4,0.0,0.0,0.0,2025-04,2025-05-24T01:30:00+00:00,,pseudo_real_time
final,union,no_change,2025-06,0.0,-0.4,0.4,0.4,0.16000000000000003,2025-05,2025-06-24T01:30:00+00:00,,pseudo_real_time
final,union,historical_mean,2025-06,0.006666666666666654,-0.4,0.4066666666666667,0.4066666666666667,0.1653777777777778,2025-05,2025-06-24T01:30:00+00:00,,pseudo_real_time
final,union,last_available_actual,2025-06,-0.4,-0.4,0.0,0.0,0.0,2025-05,2025-06-24T01:30:00+00:00,,pseudo_real_time
final,union,no_change,2025-07,0.0,-0.2,0.2,0.2,0.04000000000000001,2025-06,2025-07-24T01:30:00+00:00,,pseudo_real_time
final,union,historical_mean,2025-07,0.0033057851239669295,-0.2,0.20330578512396694,0.20330578512396694,0.041333242264872616,2025-06,2025-07-24T01:30:00+00:00,,pseudo_real_time
final,union,last_available_actual,2025-07,-0.4,-0.2,-0.2,0.2,0.04000000000000001,2025-06,2025-07-24T01:30:00+00:00,,pseudo_real_time
final,union,no_change,2025-08,0.0,0.0,0.0,0.0,0.0,2025-07,2025-08-24T01:30:00+00:00,,pseudo_real_time
final,union,historical_mean,2025-08,0.0016393442622950694,0.0,0.0016393442622950694,0.0016393442622950694,2.687449610319765e-06,2025-07,2025-08-24T01:30:00+00:00,,pseudo_real_time
final,union,last_available_actual,2025-08,-0.2,0.0,-0.2,0.2,0.04000000000000001,2025-07,2025-08-24T01:30:00+00:00,,pseudo_real_time
final,union,no_change,2025-09,0.0,0.0,0.0,0.0,0.0,2025-08,2025-09-24T01:30:00+00:00,,pseudo_real_time
final,union,historical_mean,2025-09,0.001626016260162589,0.0,0.001626016260162589,0.001626016260162589,2.6439288783131326e-06,2025-08,2025-09-24T01:30:00+00:00,,pseudo_real_time
final,union,last_available_actual,2025-09,0.0,0.0,0.0,0.0,0.0,2025-08,2025-09-24T01:30:00+00:00,,pseudo_real_time
final,union,no_change,2025-12,0.0,0.2,-0.2,0.2,0.04000000000000001,2025-09,2025-12-24T01:30:00+00:00,,pseudo_real_time
final,union,historical_mean,2025-12,0.0016129032258064393,0.2,-0.19838709677419358,0.19838709677419358,0.03935744016649325,2025-09,2025-12-24T01:30:00+00:00,,pseudo_real_time
final,union,last_available_actual,2025-12,0.0,0.2,-0.2,0.2,0.04000000000000001,2025-09,2025-12-24T01:30:00+00:00,,pseudo_real_time
final,union,no_change,2026-01,0.0,0.4,-0.4,0.4,0.16000000000000003,2025-12,2026-01-24T01:30:00+00:00,,pseudo_real_time
final,union,historical_mean,2026-01,0.0031999999999999876,0.4,-0.39680000000000004,0.39680000000000004,0.15745024000000005,2025-12,2026-01-24T01:30:00+00:00,,pseudo_real_time
final,union,last_available_actual,2026-01,0.2,0.4,-0.2,0.2,0.04000000000000001,2025-12,2026-01-24T01:30:00+00:00,,pseudo_real_time
final,union,no_change,2026-04,0.0,1.7,-1.7,1.7,2.8899999999999997,2026-01,2026-04-24T01:30:00+00:00,,pseudo_real_time
final,union,historical_mean,2026-04,0.006349206349206337,1.7,-1.6936507936507936,1.6936507936507936,2.868453010833963,2026-01,2026-04-24T01:30:00+00:00,,pseudo_real_time
final,union,last_available_actual,2026-04,0.4,1.7,-1.2999999999999998,1.2999999999999998,1.6899999999999995,2026-01,2026-04-24T01:30:00+00:00,,pseudo_real_time
final,union,no_change,2026-05,0.0,0.5,-0.5,0.5,0.25,2026-04,2026-05-24T01:30:00+00:00,,pseudo_real_time
final,union,historical_mean,2026-05,0.019685039370078726,0.5,-0.4803149606299213,0.4803149606299213,0.23070246140492284,2026-04,2026-05-24T01:30:00+00:00,,pseudo_real_time
final,union,last_available_actual,2026-05,1.7,0.5,1.2,1.2,1.44,2026-04,2026-05-24T01:30:00+00:00,,pseudo_real_time
final,union,no_change,2026-06,0.0,-0.3,0.3,0.3,0.09,2026-05,2026-06-24T01:30:00+00:00,,pseudo_real_time
final,union,historical_mean,2026-06,0.023437499999999986,-0.3,0.3234375,0.3234375,0.10461181640624999,2026-05,2026-06-24T01:30:00+00:00,,pseudo_real_time
final,union,last_available_actual,2026-06,0.5,-0.3,0.8,0.8,0.6400000000000001,2026-05,2026-06-24T01:30:00+00:00,,pseudo_real_time
final,union,no_change,2026-07,0.0,-0.7,0.7,0.7,0.48999999999999994,2026-06,2026-07-24T01:30:00+00:00,,pseudo_real_time
final,union,historical_mean,2026-07,0.020930232558139524,-0.7,0.7209302325581395,0.7209302325581395,0.519740400216333,2026-06,2026-07-24T01:30:00+00:00,,pseudo_real_time
final,union,last_available_actual,2026-07,-0.3,-0.7,0.39999999999999997,0.39999999999999997,0.15999999999999998,2026-06,2026-07-24T01:30:00+00:00,,pseudo_real_time
final,union,no_change,2026-08,0.0,0.4,-0.4,0.4,0.16000000000000003,2026-07,2026-08-24T01:30:00+00:00,,pseudo_real_time
final,union,historical_mean,2026-08,0.015384615384615373,0.4,-0.38461538461538464,0.38461538461538464,0.14792899408284024,2026-07,2026-08-24T01:30:00+00:00,,pseudo_real_time
final,union,last_available_actual,2026-08,-0.7,0.4,-1.1,1.1,1.2100000000000002,2026-07,2026-08-24T01:30:00+00:00,,pseudo_real_time
early,union,ridge,2016-04,0.0022542521416033523,0.7,-0.6977457478583966,0.6977457478583966,0.48684912865447316,2016-01,2016-04-14T01:30:00+00:00,25.0,pseudo_real_time
early,union,ridge,2016-05,0.5133918703535965,0.5,0.013391870353596458,0.013391870353596458,0.0001793421915675357,2016-04,2016-05-16T01:30:00+00:00,25.0,pseudo_real_time
early,union,ridge,2016-06,-0.6494219226747515,-0.2,-0.4494219226747515,0.4494219226747515,0.20198006458067033,2016-05,2016-06-14T01:30:00+00:00,5.0,pseudo_real_time
early,union,ridge,2016-07,0.00553482795491006,0.2,-0.19446517204508995,0.19446517204508995,0.037816703138526434,2016-06,2016-07-14T01:30:00+00:00,5.0,pseudo_real_time
early,union,ridge,2016-08,0.016655432785151136,0.2,-0.18334456721484887,0.18334456721484887,0.033615230327200235,2016-07,2016-08-15T01:30:00+00:00,25.0,pseudo_real_time
early,union,ridge,2016-09,0.3456477704488224,0.5,-0.1543522295511776,0.1543522295511776,0.023824610767419426,2016-08,2016-09-14T01:30:00+00:00,25.0,pseudo_real_time
early,union,ridge,2016-10,0.4656462419582397,0.7,-0.23435375804176023,0.23435375804176023,0.054921683908295896,2016-08,2016-10-14T01:30:00+00:00,25.0,pseudo_real_time
early,union,ridge,2016-11,0.8410274256688349,1.5,-0.6589725743311651,0.6589725743311651,0.43424485372064286,2016-10,2016-11-14T01:30:00+00:00,25.0,pseudo_real_time
early,union,ridge,2016-12,1.0963378903884522,1.6,-0.5036621096115479,0.5036621096115479,0.25367552065835486,2016-11,2016-12-14T01:30:00+00:00,25.0,pseudo_real_time
early,union,ridge,2017-01,0.2474212611483105,0.8,-0.5525787388516895,0.5525787388516895,0.30534326263092365,2016-12,2017-01-16T01:30:00+00:00,25.0,pseudo_real_time
early,union,ridge,2017-02,0.39103725677056,0.6,-0.20896274322943997,0.20896274322943997,0.04366542805797286,2016-12,2017-02-14T01:30:00+00:00,25.0,pseudo_real_time
early,union,ridge,2017-03,0.3288612037635147,0.3,0.028861203763514698,0.028861203763514698,0.000832969082679115,2017-02,2017-03-14T01:30:00+00:00,5.0,pseudo_real_time
early,union,ridge,2017-04,-0.16714143091421363,-0.4,0.2328585690857864,0.2328585690857864,0.05422311319667995,2017-03,2017-04-14T01:30:00+00:00,5.0,pseudo_real_time
early,union,ridge,2017-05,-0.010903840806054957,-0.3,0.28909615919394505,0.28909615919394505,0.08357658926069082,2017-04,2017-05-15T01:30:00+00:00,25.0,pseudo_real_time
early,union,ridge,2017-06,0.1607469059040449,-0.2,0.3607469059040449,0.3607469059040449,0.13013833011934184,2017-05,2017-06-14T01:30:00+00:00,5.0,pseudo_real_time
early,union,ridge,2017-07,-0.1378768674134688,0.2,-0.3378768674134688,0.3378768674134688,0.11416077753313876,2017-06,2017-07-14T01:30:00+00:00,5.0,pseudo_real_time
early,union,ridge,2017-08,0.6897637176088066,0.9,-0.2102362823911934,0.2102362823911934,0.04419929443366962,2017-07,2017-08-14T01:30:00+00:00,25.0,pseudo_real_time
early,union,ridge,2017-09,1.3147763028278752,1.0,0.31477630282787517,0.31477630282787517,0.09908412082198617,2017-08,2017-09-14T01:30:00+00:00,25.0,pseudo_real_time
early,union,ridge,2017-10,0.3078773444581071,0.7,-0.39212265554189285,0.39212265554189285,0.15376017698922595,2017-08,2017-10-16T01:30:00+00:00,25.0,pseudo_real_time
early,union,ridge,2017-11,0.49622691087590576,0.5,-0.003773089124094242,0.003773089124094242,1.4236201538358255e-05,2017-10,2017-11-14T01:30:00+00:00,25.0,pseudo_real_time
early,union,ridge,2017-12,0.6084025506365854,0.8,-0.1915974493634146,0.1915974493634146,0.036709582602566224,2017-11,2017-12-14T01:30:00+00:00,25.0,pseudo_real_time
early,union,ridge,2018-01,0.28571886717949185,0.3,-0.014281132820508136,0.014281132820508136,0.00020395075463699465,2017-12,2018-01-15T01:30:00+00:00,25.0,pseudo_real_time
early,union,ridge,2018-02,0.19808355955973347,-0.1,0.2980835595597335,0.2980835595597335,0.08885380847980118,2018-01,2018-02-14T01:30:00+00:00,25.0,pseudo_real_time
early,union,ridge,2018-03,-0.02086014434134966,-0.2,0.17913985565865034,0.17913985565865034,0.03209108788540208,2018-02,2018-03-14T01:30:00+00:00,25.0,pseudo_real_time
early,union,ridge,2018-04,-0.09948932896966697,-0.2,0.10051067103033304,0.10051067103033304,0.01010239499096783,2018-03,2018-04-16T01:30:00+00:00,25.0,pseudo_real_time
early,union,ridge,2018-05,0.4231416855984669,0.4,0.023141685598466855,0.023141685598466855,0.0005355376123382882,2018-04,2018-05-14T01:30:00+00:00,25.0,pseudo_real_time
early,union,ridge,2018-06,0.3485748634547355,0.3,0.048574863454735495,0.048574863454735495,0.002359517359646198,2018-05,2018-06-14T01:30:00+00:00,25.0,pseudo_real_time
early,union,ridge,2018-07,0.2589079413641456,0.1,0.15890794136414557,0.15890794136414557,0.025251733828590726,2018-06,2018-07-16T01:30:00+00:00,25.0,pseudo_real_time
early,union,ridge,2018-08,0.3051172863541426,0.4,-0.09488271364585743,0.09488271364585743,0.00900272934880178,2018-07,2018-08-14T01:30:00+00:00,25.0,pseudo_real_time
early,union,ridge,2018-09,0.5368003273843467,0.6,-0.06319967261565329,0.06319967261565329,0.003994198618725756,2018-08,2018-09-14T01:30:00+00:00,25.0,pseudo_real_time
early,union,ridge,2018-10,0.6534956565996405,0.4,0.25349565659964046,0.25349565659964046,0.06426004791488284,2018-08,2018-10-15T01:30:00+00:00,25.0,pseudo_real_time
early,union,ridge,2018-11,-0.3828226659492995,-0.2,-0.18282266594929947,0.18282266594929947,0.033424127184809145,2018-10,2018-11-14T01:30:00+00:00,25.0,pseudo_real_time
early,union,ridge,2018-12,-0.6497381118216397,-1.0,0.35026188817836035,0.35026188817836035,0.1226833903102702,2018-11,2018-12-14T01:30:00+00:00,25.0,pseudo_real_time
early,union,ridge,2019-01,-0.6944177734139738,-0.6,-0.09441777341397384,0.09441777341397384,0.008914715936452504,2018-12,2019-01-14T01:30:00+00:00,25.0,pseudo_real_time
early,union,ridge,2019-04,0.07417862482988491,0.3,-0.22582137517011508,0.22582137517011508,0.050995293483721865,2019-01,2019-04-15T01:30:00+00:00,25.0,pseudo_real_time
early,union,ridge,2019-05,-0.08790290606198992,0.2,-0.2879029060619899,0.2879029060619899,0.082888083318939,2019-04,2019-05-14T01:30:00+00:00,25.0,pseudo_real_time
early,union,ridge,2019-06,-0.6832320446847624,-0.3,-0.3832320446847624,0.3832320446847624,0.14686680007326372,2019-05,2019-06-14T01:30:00+00:00,25.0,pseudo_real_time
early,union,ridge,2019-07,0.06128336235193438,-0.2,0.2612833623519344,0.2612833623519344,0.06826899544193224,2019-06,2019-07-15T01:30:00+00:00,25.0,pseudo_real_time
early,union,ridge,2019-08,-0.0225774691594825,-0.1,0.0774225308405175,0.0774225308405175,0.0059942482817508845,2019-07,2019-08-14T01:30:00+00:00,25.0,pseudo_real_time
early,union,ridge,2019-09,-0.07118176579215264,0.1,-0.17118176579215266,0.17118176579215266,0.029303196939719407,2019-08,2019-09-16T01:30:00+00:00,25.0,pseudo_real_time
early,union,ridge,2019-10,0.1021479763514301,0.1,0.0021479763514300892,0.0021479763514300892,4.613802406302918e-06,2019-08,2019-10-14T01:30:00+00:00,25.0,pseudo_real_time
early,union,ridge,2019-11,0.06851186327020356,-0.1,0.16851186327020357,0.16851186327020357,0.02839624806279578,2019-10,2019-11-14T01:30:00+00:00,25.0,pseudo_real_time
early,union,ridge,2019-12,0.011421891791751165,0.0,0.011421891791751165,0.011421891791751165,0.00013045961210247264,2019-11,2019-12-16T01:30:00+00:00,25.0,pseudo_real_time
early,union,ridge,2020-01,-0.001851821593113482,0.0,-0.001851821593113482,0.001851821593113482,3.429243212721354e-06,2019-12,2020-01-14T01:30:00+00:00,25.0,pseudo_real_time
early,union,ridge,2020-02,-0.29187655568506093,-0.5,0.20812344431493907,0.20812344431493907,0.04331536807351354,2020-01,2020-02-14T01:30:00+00:00,25.0,pseudo_real_time
early,union,ridge,2020-03,-0.05330697792942345,-1.0,0.9466930220705766,0.9466930220705766,0.8962276780371212,2020-02,2020-03-16T01:30:00+00:00,25.0,pseudo_real_time
early,union,ridge,2020-04,-1.6329928148352975,-1.3,-0.3329928148352974,0.3329928148352974,0.11088421473193467,2020-03,2020-04-14T01:30:00+00:00,25.0,pseudo_real_time
early,union,ridge,2020-05,0.3008614989416103,-0.4,0.7008614989416103,0.7008614989416103,0.4912068406986808,2020-04,2020-05-14T01:30:00+00:00,25.0,pseudo_real_time
early,union,ridge,2020-06,-0.2268246484491842,0.4,-0.6268246484491842,0.6268246484491842,0.39290913990344334,2020-05,2020-06-15T01:30:00+00:00,25.0,pseudo_real_time
early,union,ridge,2020-07,-0.7707839541387302,0.4,-1.1707839541387304,1.1707839541387304,1.3707350672687206,2020-06,2020-07-14T01:30:00+00:00,25.0,pseudo_real_time
early,union,ridge,2020-08,0.42118552584902186,0.3,0.12118552584902187,0.12118552584902187,0.014685931675303947,2020-07,2020-08-14T01:30:00+00:00,25.0,pseudo_real_time
early,union,ridge,2020-09,0.2834670051941391,0.1,0.18346700519413908,0.18346700519413908,0.03366014199490626,2020-08,2020-09-14T01:30:00+00:00,25.0,pseudo_real_time
early,union,ridge,2020-10,-0.35526245052506505,0.0,-0.35526245052506505,0.35526245052506505,0.1262114087530743,2020-08,2020-10-14T01:30:00+00:00,25.0,pseudo_real_time
early,union,ridge,2020-11,0.48117516359686996,0.5,-0.01882483640313004,0.01882483640313004,0.00035437446560460995,2020-10,2020-11-16T01:30:00+00:00,25.0,pseudo_real_time
early,union,ridge,2020-12,0.5114928336945054,1.1,-0.5885071663054947,0.5885071663054947,0.34634068479292324,2020-11,2020-12-14T01:30:00+00:00,25.0,pseudo_real_time
early,union,ridge,2021-01,0.7831200881929504,1.0,-0.21687991180704957,0.21687991180704957,0.047036896145433604,2020-12,2021-01-14T01:30:00+00:00,25.0,pseudo_real_time
early,union,ridge,2021-02,-0.27049896138723517,0.8,-1.0704989613872353,1.0704989613872353,1.1459680263311496,2021-01,2021-02-19T01:30:00+00:00,25.0,pseudo_real_time
early,union,ridge,2021-03,1.4663662670264965,1.6,-0.13363373297350356,0.13363373297350356,0.01785797458843365,2021-02,2021-03-15T01:30:00+00:00,25.0,pseudo_real_time
early,union,ridge,2021-04,0.3704078982175026,0.9,-0.5295921017824974,0.5295921017824974,0.2804677942704031,2021-03,2021-04-14T01:30:00+00:00,25.0,pseudo_real_time
early,union,ridge,2021-05,1.5363350386110364,1.6,-0.06366496138896371,0.06366496138896371,0.004053227308658241,2021-04,2021-05-14T01:30:00+00:00,25.0,pseudo_real_time
early,union,ridge,2021-06,0.3774551556238473,0.3,0.0774551556238473,0.0774551556238473,0.005999301132714405,2021-05,2021-06-15T01:30:00+00:00,25.0,pseudo_real_time
early,union,ridge,2021-07,0.3275427858002066,0.5,-0.17245721419979337,0.17245721419979337,0.029741490729553413,2021-06,2021-07-14T01:30:00+00:00,25.0,pseudo_real_time
early,union,ridge,2021-08,0.6639258079364462,0.7,-0.03607419206355378,0.03607419206355378,0.0013013473330381665,2021-07,2021-08-16T01:30:00+00:00,25.0,pseudo_real_time
early,union,ridge,2021-09,0.5421752604026433,1.2,-0.6578247395973567,0.6578247395973567,0.4327333880263301,2021-08,2021-09-14T01:30:00+00:00,25.0,pseudo_real_time
early,union,ridge,2021-10,1.7280128190639297,2.5,-0.7719871809360703,0.7719871809360703,0.595964207529621,2021-08,2021-10-14T01:30:00+00:00,25.0,pseudo_real_time
early,union,ridge,2021-11,-0.4128817051838476,0.0,-0.4128817051838476,0.4128817051838476,0.17047130247552164,2021-10,2021-11-15T01:30:00+00:00,25.0,pseudo_real_time
early,union,ridge,2021-12,-1.5415875420374068,-1.2,-0.3415875420374068,0.3415875420374068,0.11668204887515718,2021-11,2021-12-14T01:30:00+00:00,25.0,pseudo_real_time
early,union,ridge,2022-01,-0.17308147355857478,-0.2,0.026918526441425228,0.026918526441425228,0.0007246070657777092,2021-12,2022-01-14T01:30:00+00:00,25.0,pseudo_real_time
early,union,ridge,2022-04,0.4736745689228564,0.6,-0.12632543107714356,0.12632543107714356,0.01595811453682615,2022-01,2022-04-14T01:30:00+00:00,25.0,pseudo_real_time
early,union,ridge,2022-05,0.06774696026581627,0.1,-0.03225303973418374,0.03225303973418374,0.0010402585720948351,2022-04,2022-05-14T01:30:00+00:00,25.0,pseudo_real_time
early,union,ridge,2022-06,0.5619931899587894,0.0,0.5619931899587894,0.5619931899587894,0.315836345560056,2022-05,2022-06-14T01:30:00+00:00,25.0,pseudo_real_time
early,union,ridge,2022-07,-0.8612273108555422,-1.3,0.4387726891444579,0.4387726891444579,0.19252147273905906,2022-06,2022-07-14T01:30:00+00:00,25.0,pseudo_real_time
early,union,ridge,2022-08,-1.3981518143165437,-1.2,-0.19815181431654372,0.19815181431654372,0.03926414151693802,2022-07,2022-08-14T01:30:00+00:00,25.0,pseudo_real_time
early,union,ridge,2022-09,0.42990096564624636,-0.1,0.5299009656462463,0.5299009656462463,0.28079503339282436,2022-08,2022-09-14T01:30:00+00:00,25.0,pseudo_real_time
early,union,ridge,2022-10,0.4584403577423852,0.2,0.25844035774238516,0.25844035774238516,0.06679141851001202,2022-08,2022-10-14T01:30:00+00:00,25.0,pseudo_real_time
early,union,ridge,2022-11,-0.5760032149501649,0.1,-0.6760032149501649,0.6760032149501649,0.4569803466229589,2022-10,2022-11-14T01:30:00+00:00,25.0,pseudo_real_time
early,union,ridge,2022-12,-0.32304364519163603,-0.5,0.17695635480836397,0.17695635480836397,0.0313135515070636,2022-11,2022-12-14T01:30:00+00:00,25.0,pseudo_real_time
early,union,ridge,2023-01,-0.6467865756535538,-0.4,-0.24678657565355377,0.24678657565355377,0.06090361392280722,2022-12,2023-01-14T01:30:00+00:00,25.0,pseudo_real_time
early,union,ridge,2023-02,0.22016814766605958,0.0,0.22016814766605958,0.22016814766605958,0.04847401324670381,2023-01,2023-02-14T01:30:00+00:00,25.0,pseudo_real_time
early,union,ridge,2023-03,-0.2908686039191853,0.0,-0.2908686039191853,0.2908686039191853,0.08460454474589589,2023-02,2023-03-14T01:30:00+00:00,25.0,pseudo_real_time
early,union,ridge,2023-04,-0.7771127565391162,-0.5,-0.27711275653911616,0.27711275653911616,0.07679147983670746,2023-03,2023-04-14T01:30:00+00:00,25.0,pseudo_real_time
early,union,ridge,2023-05,-0.9048091009954178,-0.9,-0.004809100995417759,0.004809100995417759,2.312745238412808e-05,2023-04,2023-05-14T01:30:00+00:00,25.0,pseudo_real_time
early,union,ridge,2023-06,-0.7457429011563528,-0.8,0.05425709884364727,0.05425709884364727,0.0029438327749293095,2023-05,2023-06-14T01:30:00+00:00,25.0,pseudo_real_time
early,union,ridge,2023-07,-0.061217371284739405,-0.2,0.1387826287152606,0.1387826287152606,0.019260618033117873,2023-06,2023-07-14T01:30:00+00:00,25.0,pseudo_real_time
early,union,ridge,2023-08,0.752198121125033,0.2,0.5521981211250331,0.5521981211250331,0.3049227649740167,2023-07,2023-08-14T01:30:00+00:00,25.0,pseudo_real_time
early,union,ridge,2023-09,-0.022710493156290264,0.4,-0.4227104931562903,0.4227104931562903,0.17868416102443413,2023-08,2023-09-14T01:30:00+00:00,25.0,pseudo_real_time
early,union,ridge,2023-10,0.06354712554087856,0.0,0.06354712554087856,0.06354712554087856,0.004038237164508181,2023-09,2023-10-14T01:30:00+00:00,25.0,pseudo_real_time
early,union,ridge,2023-11,-0.2635528880070418,-0.3,0.03644711199295819,0.03644711199295819,0.001328391972627237,2023-10,2023-11-14T01:30:00+00:00,25.0,pseudo_real_time
early,union,ridge,2023-12,-0.11933896582135511,-0.3,0.18066103417864487,0.18066103417864487,0.03263840927049749,2023-11,2023-12-14T01:30:00+00:00,25.0,pseudo_real_time
early,union,ridge,2024-01,-0.34221977324407393,-0.2,-0.14221977324407392,0.14221977324407392,0.020226463901595805,2023-12,2024-01-14T01:30:00+00:00,25.0,pseudo_real_time
early,union,ridge,2024-02,-0.23131864138446856,-0.2,-0.03131864138446855,0.03131864138446855,0.000980857298168946,2024-01,2024-02-14T01:30:00+00:00,25.0,pseudo_real_time
early,union,ridge,2024-03,0.16471945622959738,-0.1,0.26471945622959736,0.26471945622959736,0.07007639050649371,2024-02,2024-03-14T01:30:00+00:00,25.0,pseudo_real_time
early,union,ridge,2024-04,0.17184505097334624,-0.2,0.37184505097334625,0.37184505097334625,0.13826874193337046,2024-03,2024-04-14T01:30:00+00:00,25.0,pseudo_real_time
early,union,ridge,2024-05,0.03741145696951339,0.2,-0.16258854303048662,0.16258854303048662,0.026435034324776396,2024-04,2024-05-14T01:30:00+00:00,25.0,pseudo_real_time
early,union,ridge,2024-06,0.008457947986323634,0.1,-0.09154205201367638,0.09154205201367638,0.008379947286874632,2024-05,2024-06-14T01:30:00+00:00,25.0,pseudo_real_time
early,union,ridge,2024-07,-0.2739780264392976,-0.2,-0.07397802643929757,0.07397802643929757,0.00547274839585341,2024-06,2024-07-14T01:30:00+00:00,25.0,pseudo_real_time
early,union,ridge,2024-08,-0.2684163800480166,-0.7,0.43158361995198335,0.43158361995198335,0.186264421010858,2024-07,2024-08-14T01:30:00+00:00,25.0,pseudo_real_time
early,union,ridge,2024-09,-0.45261624358542574,-0.6,0.14738375641457424,0.14738375641457424,0.021721971654870553,2024-08,2024-09-14T01:30:00+00:00,25.0,pseudo_real_time
early,union,ridge,2024-10,1.676162325916194,-0.1,1.776162325916194,1.776162325916194,3.1547526080040242,2024-09,2024-10-14T01:30:00+00:00,25.0,pseudo_real_time
early,union,ridge,2024-11,-0.20332838587390903,-0.1,-0.10332838587390902,0.10332838587390902,0.010676755327307441,2024-10,2024-11-14T01:30:00+00:00,25.0,pseudo_real_time
early,union,ridge,2024-12,-0.06751313280354904,-0.1,0.03248686719645097,0.03248686719645097,0.0010553965402398421,2024-11,2024-12-14T01:30:00+00:00,25.0,pseudo_real_time
early,union,ridge,2025-01,-0.392263623386644,-0.2,-0.192263623386644,0.192263623386644,0.03696530087776128,2024-12,2025-01-14T01:30:00+00:00,25.0,pseudo_real_time
early,union,ridge,2025-02,0.06326928545321095,-0.1,0.16326928545321095,0.16326928545321095,0.026656859572402082,2025-01,2025-02-14T01:30:00+00:00,25.0,pseudo_real_time
early,union,ridge,2025-03,-0.2623142803699876,-0.4,0.13768571963001242,0.13768571963001242,0.018957357390034388,2025-02,2025-03-14T01:30:00+00:00,25.0,pseudo_real_time
early,union,ridge,2025-04,-0.3922001770847038,-0.4,0.0077998229152962395,0.0077998229152962395,6.083723750998033e-05,2025-03,2025-04-14T01:30:00+00:00,25.0,pseudo_real_time
early,union,ridge,2025-05,-0.8500843971949957,-0.4,-0.4500843971949957,0.4500843971949957,0.20257596459838267,2025-04,2025-05-14T01:30:00+00:00,25.0,pseudo_real_time
early,union,ridge,2025-06,-0.4505342661132571,-0.4,-0.050534266113257065,0.050534266113257065,0.0025537120516054813,2025-05,2025-06-14T01:30:00+00:00,25.0,pseudo_real_time
early,union,ridge,2025-07,-0.1648908320037979,-0.2,0.03510916799620212,0.03510916799620212,0.001232653677385543,2025-06,2025-07-14T01:30:00+00:00,25.0,pseudo_real_time
early,union,ridge,2025-08,-0.035376097848538554,0.0,-0.035376097848538554,0.035376097848538554,0.0012514682989893742,2025-07,2025-08-14T01:30:00+00:00,25.0,pseudo_real_time
early,union,ridge,2025-09,-0.25149743612940767,0.0,-0.25149743612940767,0.25149743612940767,0.06325096037966549,2025-08,2025-09-14T01:30:00+00:00,25.0,pseudo_real_time
early,union,ridge,2025-12,0.00130931202743809,0.2,-0.19869068797256192,0.19869068797256192,0.039477989487009965,2025-09,2025-12-14T01:30:00+00:00,25.0,pseudo_real_time
early,union,ridge,2026-01,-0.38971922859584135,0.4,-0.7897192285958414,0.7897192285958414,0.6236564600140109,2025-12,2026-01-14T01:30:00+00:00,25.0,pseudo_real_time
early,union,ridge,2026-02,0.49400297790921893,0.4,0.09400297790921891,0.09400297790921891,0.0088365598558011,2026-01,2026-02-14T01:30:00+00:00,25.0,pseudo_real_time
early,union,ridge,2026-03,0.7189795269283056,1.0,-0.2810204730716944,0.2810204730716944,0.07897250628543893,2026-02,2026-03-14T01:30:00+00:00,25.0,pseudo_real_time
early,union,ridge,2026-04,8.540368506986969,1.7,6.840368506986969,6.840368506986969,46.79064131137913,2026-03,2026-04-14T01:30:00+00:00,25.0,pseudo_real_time
early,union,ridge,2026-05,0.746102094297069,0.5,0.24610209429706897,0.24610209429706897,0.06056624081740343,2026-04,2026-05-14T01:30:00+00:00,25.0,pseudo_real_time
early,union,ridge,2026-06,0.4733693058126537,-0.3,0.7733693058126536,0.7733693058126536,0.5981000831731458,2026-05,2026-06-14T01:30:00+00:00,25.0,pseudo_real_time
early,union,ridge,2026-07,0.4958909324246296,-0.7,1.1958909324246296,1.1958909324246296,1.43015512225545,2026-06,2026-07-14T01:30:00+00:00,25.0,pseudo_real_time
early,union,ridge,2026-08,-0.042933579789314905,0.4,-0.4429335797893149,0.4429335797893149,0.1961901561049774,2026-07,2026-08-14T01:30:00+00:00,25.0,pseudo_real_time
early,union,histgb,2016-04,-0.34028241400158,0.7,-1.04028241400158,1.04028241400158,1.0821875008809547,2016-01,2016-04-14T01:30:00+00:00,25.0,pseudo_real_time
early,union,histgb,2016-05,-0.29646910638295465,0.5,-0.7964691063829547,0.7964691063829547,0.6343630374224624,2016-04,2016-05-16T01:30:00+00:00,25.0,pseudo_real_time
early,union,histgb,2016-06,-0.2074303090187304,-0.2,-0.007430309018730402,0.007430309018730402,5.520949211382635e-05,2016-05,2016-06-14T01:30:00+00:00,5.0,pseudo_real_time
early,union,histgb,2016-07,-0.07510813221629997,0.2,-0.2751081322163,0.2751081322163,0.07568448441154119,2016-06,2016-07-14T01:30:00+00:00,5.0,pseudo_real_time
early,union,histgb,2016-08,-0.17313711579493965,0.2,-0.3731371157949397,0.3731371157949397,0.13923130718376622,2016-07,2016-08-15T01:30:00+00:00,25.0,pseudo_real_time
early,union,histgb,2016-09,-0.09435119087877586,0.5,-0.5943511908787759,0.5943511908787759,0.35325333809901904,2016-08,2016-09-14T01:30:00+00:00,25.0,pseudo_real_time
early,union,histgb,2016-10,-0.009368899876880424,0.7,-0.7093688998768803,0.7093688998768803,0.5032042361125355,2016-08,2016-10-14T01:30:00+00:00,25.0,pseudo_real_time
early,union,histgb,2016-11,0.33271614012615586,1.5,-1.1672838598738442,1.1672838598738442,1.3625516095219803,2016-10,2016-11-14T01:30:00+00:00,5.0,pseudo_real_time
early,union,histgb,2016-12,0.5446028730709513,1.6,-1.0553971269290487,1.0553971269290487,1.1138630955300906,2016-11,2016-12-14T01:30:00+00:00,5.0,pseudo_real_time
early,union,histgb,2017-01,0.7069847157306296,0.8,-0.09301528426937045,0.09301528426937045,0.008651843107711794,2016-12,2017-01-16T01:30:00+00:00,5.0,pseudo_real_time
early,union,histgb,2017-02,0.42158963972424657,0.6,-0.1784103602757534,0.1784103602757534,0.03183025665372413,2016-12,2017-02-14T01:30:00+00:00,5.0,pseudo_real_time
early,union,histgb,2017-03,0.5335241075173038,0.3,0.23352410751730385,0.23352410751730385,0.05453350879175329,2017-02,2017-03-14T01:30:00+00:00,25.0,pseudo_real_time
early,union,histgb,2017-04,-0.13665966422972126,-0.4,0.26334033577027877,0.26334033577027877,0.06934813244360316,2017-03,2017-04-14T01:30:00+00:00,25.0,pseudo_real_time
early,union,histgb,2017-05,-0.3802039028513327,-0.3,-0.08020390285133272,0.08020390285133272,0.006432666032586016,2017-04,2017-05-15T01:30:00+00:00,5.0,pseudo_real_time
early,union,histgb,2017-06,-0.11298697656438349,-0.2,0.08701302343561652,0.08701302343561652,0.00757126624740715,2017-05,2017-06-14T01:30:00+00:00,5.0,pseudo_real_time
early,union,histgb,2017-07,0.4841575558685001,0.2,0.2841575558685001,0.2841575558685001,0.08074551655715977,2017-06,2017-07-14T01:30:00+00:00,5.0,pseudo_real_time
early,union,histgb,2017-08,0.6470288906091886,0.9,-0.25297110939081147,0.25297110939081147,0.0639943821864179,2017-07,2017-08-14T01:30:00+00:00,5.0,pseudo_real_time
early,union,histgb,2017-09,0.7141989303530647,1.0,-0.2858010696469353,0.2858010696469353,0.08168225141133237,2017-08,2017-09-14T01:30:00+00:00,5.0,pseudo_real_time
early,union,histgb,2017-10,0.35549778542504445,0.7,-0.3445022145749555,0.3445022145749555,0.11868177584704868,2017-08,2017-10-16T01:30:00+00:00,5.0,pseudo_real_time
early,union,histgb,2017-11,0.17899668509657896,0.5,-0.32100331490342104,0.32100331490342104,0.1030431281789849,2017-10,2017-11-14T01:30:00+00:00,5.0,pseudo_real_time
early,union,histgb,2017-12,0.37299454329797344,0.8,-0.4270054567020266,0.4270054567020266,0.1823336600533063,2017-11,2017-12-14T01:30:00+00:00,5.0,pseudo_real_time
early,union,histgb,2018-01,-0.16405291552678883,0.3,-0.46405291552678885,0.46405291552678885,0.21534510840891302,2017-12,2018-01-15T01:30:00+00:00,5.0,pseudo_real_time
early,union,histgb,2018-02,-0.27867701466673384,-0.1,-0.17867701466673383,0.17867701466673383,0.031925475570216216,2018-01,2018-02-14T01:30:00+00:00,5.0,pseudo_real_time
early,union,histgb,2018-03,0.41114599704493227,-0.2,0.6111459970449322,0.6111459970449322,0.3734994297040443,2018-02,2018-03-14T01:30:00+00:00,5.0,pseudo_real_time
early,union,histgb,2018-04,-0.31602112871621474,-0.2,-0.11602112871621473,0.11602112871621473,0.013460902308584466,2018-03,2018-04-16T01:30:00+00:00,5.0,pseudo_real_time
early,union,histgb,2018-05,-0.052180895688530564,0.4,-0.4521808956885306,0.4521808956885306,0.2044675624256818,2018-04,2018-05-14T01:30:00+00:00,5.0,pseudo_real_time
early,union,histgb,2018-06,0.08450951027063566,0.3,-0.21549048972936433,0.21549048972936433,0.04643615116380127,2018-05,2018-06-14T01:30:00+00:00,5.0,pseudo_real_time
early,union,histgb,2018-07,0.036202576533977675,0.1,-0.06379742346602232,0.06379742346602232,0.004070111240902976,2018-06,2018-07-16T01:30:00+00:00,5.0,pseudo_real_time
early,union,histgb,2018-08,0.7108590412528316,0.4,0.3108590412528316,0.3108590412528316,0.09663334352862965,2018-07,2018-08-14T01:30:00+00:00,5.0,pseudo_real_time
early,union,histgb,2018-09,0.38660051839417475,0.6,-0.21339948160582523,0.21339948160582523,0.045539338749634936,2018-08,2018-09-14T01:30:00+00:00,5.0,pseudo_real_time
early,union,histgb,2018-10,0.38696169036611616,0.4,-0.01303830963388386,0.01303830963388386,0.00016999751810902868,2018-08,2018-10-15T01:30:00+00:00,5.0,pseudo_real_time
early,union,histgb,2018-11,-0.264971625901707,-0.2,-0.06497162590170696,0.06497162590170696,0.004221312172311359,2018-10,2018-11-14T01:30:00+00:00,5.0,pseudo_real_time
early,union,histgb,2018-12,-0.3370886199881626,-1.0,0.6629113800118374,0.6629113800118374,0.4394514977491986,2018-11,2018-12-14T01:30:00+00:00,5.0,pseudo_real_time
early,union,histgb,2019-01,-0.2618029909316458,-0.6,0.3381970090683542,0.3381970090683542,0.11437721694278045,2018-12,2019-01-14T01:30:00+00:00,5.0,pseudo_real_time
early,union,histgb,2019-04,-0.08436542327411829,0.3,-0.38436542327411827,0.38436542327411827,0.1477367786086921,2019-01,2019-04-15T01:30:00+00:00,5.0,pseudo_real_time
early,union,histgb,2019-05,-0.08145456394351887,0.2,-0.28145456394351887,0.28145456394351887,0.07921667156463635,2019-04,2019-05-14T01:30:00+00:00,5.0,pseudo_real_time
early,union,histgb,2019-06,-0.4077361466668604,-0.3,-0.10773614666686043,0.10773614666686043,0.011607077298623262,2019-05,2019-06-14T01:30:00+00:00,5.0,pseudo_real_time
early,union,histgb,2019-07,-0.2118389240260658,-0.2,-0.011838924026065789,0.011838924026065789,0.0001401601220949578,2019-06,2019-07-15T01:30:00+00:00,5.0,pseudo_real_time
early,union,histgb,2019-08,0.31281719280876485,-0.1,0.41281719280876483,0.41281719280876483,0.1704180346785089,2019-07,2019-08-14T01:30:00+00:00,5.0,pseudo_real_time
early,union,histgb,2019-09,0.23376284432252656,0.1,0.13376284432252655,0.13376284432252655,0.017892498521252475,2019-08,2019-09-16T01:30:00+00:00,5.0,pseudo_real_time
early,union,histgb,2019-10,-0.03881330698953934,0.1,-0.13881330698953934,0.13881330698953934,0.01926913419737209,2019-08,2019-10-14T01:30:00+00:00,5.0,pseudo_real_time
early,union,histgb,2019-11,-0.3671128417579322,-0.1,-0.26711284175793215,0.26711284175793215,0.07134927023199811,2019-10,2019-11-14T01:30:00+00:00,25.0,pseudo_real_time
early,union,histgb,2019-12,0.22812405445497508,0.0,0.22812405445497508,0.22812405445497508,0.05204058422097643,2019-11,2019-12-16T01:30:00+00:00,25.0,pseudo_real_time
early,union,histgb,2020-01,-0.2840951044134548,0.0,-0.2840951044134548,0.2840951044134548,0.08071002835169179,2019-12,2020-01-14T01:30:00+00:00,25.0,pseudo_real_time
early,union,histgb,2020-02,-0.10241169176866204,-0.5,0.39758830823133795,0.39758830823133795,0.1580764628422574,2020-01,2020-02-14T01:30:00+00:00,25.0,pseudo_real_time
early,union,histgb,2020-03,0.028959524444646303,-1.0,1.0289595244446463,1.0289595244446463,1.0587577029453528,2020-02,2020-03-16T01:30:00+00:00,5.0,pseudo_real_time
early,union,histgb,2020-04,-0.49612530770749563,-1.3,0.8038746922925044,0.8038746922925044,0.6462145209083686,2020-03,2020-04-14T01:30:00+00:00,25.0,pseudo_real_time
early,union,histgb,2020-05,0.0026886441568545285,-0.4,0.40268864415685457,0.40268864415685457,0.16215814413288585,2020-04,2020-05-14T01:30:00+00:00,5.0,pseudo_real_time
early,union,histgb,2020-06,-0.10731858943632443,0.4,-0.5073185894363245,0.5073185894363245,0.25737215118766194,2020-05,2020-06-15T01:30:00+00:00,25.0,pseudo_real_time
early,union,histgb,2020-07,0.05022010124233031,0.4,-0.3497798987576697,0.3497798987576697,0.12234597757492566,2020-06,2020-07-14T01:30:00+00:00,5.0,pseudo_real_time
early,union,histgb,2020-08,0.19884987858379846,0.3,-0.10115012141620153,0.10115012141620153,0.010231347062512311,2020-07,2020-08-14T01:30:00+00:00,5.0,pseudo_real_time
early,union,histgb,2020-09,0.5479601575840791,0.1,0.44796015758407914,0.44796015758407914,0.20066830278275302,2020-08,2020-09-14T01:30:00+00:00,5.0,pseudo_real_time
early,union,histgb,2020-10,-0.04436764126088123,0.0,-0.04436764126088123,0.04436764126088123,0.0019684875910542508,2020-08,2020-10-14T01:30:00+00:00,5.0,pseudo_real_time
early,union,histgb,2020-11,0.5818295813251462,0.5,0.08182958132514617,0.08182958132514617,0.006696080379848712,2020-10,2020-11-16T01:30:00+00:00,5.0,pseudo_real_time
early,union,histgb,2020-12,0.7897905999858786,1.1,-0.31020940001412145,0.31020940001412145,0.09622987185712122,2020-11,2020-12-14T01:30:00+00:00,5.0,pseudo_real_time
early,union,histgb,2021-01,0.609492353370744,1.0,-0.39050764662925597,0.39050764662925597,0.15249622207591984,2020-12,2021-01-14T01:30:00+00:00,5.0,pseudo_real_time
early,union,histgb,2021-02,-0.0636201528524657,0.8,-0.8636201528524657,0.8636201528524657,0.7458397684129163,2021-01,2021-02-19T01:30:00+00:00,5.0,pseudo_real_time
early,union,histgb,2021-03,0.6586126292264559,1.6,-0.9413873707735442,0.9413873707735442,0.8862101818519263,2021-02,2021-03-15T01:30:00+00:00,5.0,pseudo_real_time
early,union,histgb,2021-04,0.4435987526547007,0.9,-0.4564012473452993,0.4564012473452993,0.20830209857834506,2021-03,2021-04-14T01:30:00+00:00,5.0,pseudo_real_time
early,union,histgb,2021-05,1.0740644295890598,1.6,-0.5259355704109403,0.5259355704109403,0.27660822422348114,2021-04,2021-05-14T01:30:00+00:00,5.0,pseudo_real_time
early,union,histgb,2021-06,0.24694305313681195,0.3,-0.05305694686318804,0.05305694686318804,0.0028150396104431596,2021-05,2021-06-15T01:30:00+00:00,5.0,pseudo_real_time
early,union,histgb,2021-07,-0.04606216358837642,0.5,-0.5460621635883764,0.5460621635883764,0.2981838865028188,2021-06,2021-07-14T01:30:00+00:00,5.0,pseudo_real_time
early,union,histgb,2021-08,0.6445511877775483,0.7,-0.05544881222245168,0.05544881222245168,0.003074570776880707,2021-07,2021-08-16T01:30:00+00:00,5.0,pseudo_real_time
early,union,histgb,2021-09,0.4014572598680343,1.2,-0.7985427401319656,0.7985427401319656,0.6376705078174679,2021-08,2021-09-14T01:30:00+00:00,5.0,pseudo_real_time
early,union,histgb,2021-10,0.7710650662494279,2.5,-1.7289349337505722,1.7289349337505722,2.989216005143095,2021-08,2021-10-14T01:30:00+00:00,5.0,pseudo_real_time
early,union,histgb,2021-11,-0.12828411641843365,0.0,-0.12828411641843365,0.12828411641843365,0.01645681452525824,2021-10,2021-11-15T01:30:00+00:00,5.0,pseudo_real_time
early,union,histgb,2021-12,-0.6971981825320123,-1.2,0.5028018174679877,0.5028018174679877,0.2528096676491116,2021-11,2021-12-14T01:30:00+00:00,5.0,pseudo_real_time
early,union,histgb,2022-01,-0.10718006750885957,-0.2,0.09281993249114044,0.09281993249114044,0.00861553986765987,2021-12,2022-01-14T01:30:00+00:00,5.0,pseudo_real_time
early,union,histgb,2022-04,0.32287301209966357,0.6,-0.2771269879003364,0.2771269879003364,0.0767993674227132,2022-01,2022-04-14T01:30:00+00:00,5.0,pseudo_real_time
early,union,histgb,2022-05,0.11861492406097414,0.1,0.018614924060974133,0.018614924060974133,0.00034651539779583375,2022-04,2022-05-14T01:30:00+00:00,5.0,pseudo_real_time
early,union,histgb,2022-06,-0.42418475292272906,0.0,-0.42418475292272906,0.42418475292272906,0.1799327046121167,2022-05,2022-06-14T01:30:00+00:00,5.0,pseudo_real_time
early,union,histgb,2022-07,-0.6400325508805383,-1.3,0.6599674491194617,0.6599674491194617,0.43555703389724926,2022-06,2022-07-14T01:30:00+00:00,5.0,pseudo_real_time
early,union,histgb,2022-08,-0.9575187302369277,-1.2,0.24248126976307227,0.24248126976307227,0.058797166185911826,2022-07,2022-08-14T01:30:00+00:00,5.0,pseudo_real_time
early,union,histgb,2022-09,-0.1188239397977669,-0.1,-0.018823939797766892,0.018823939797766892,0.0003543407095099523,2022-08,2022-09-14T01:30:00+00:00,5.0,pseudo_real_time
early,union,histgb,2022-10,-0.05365149458339921,0.2,-0.2536514945833992,0.2536514945833992,0.06433908070439219,2022-08,2022-10-14T01:30:00+00:00,5.0,pseudo_real_time
early,union,histgb,2022-11,-0.8464836674661298,0.1,-0.9464836674661298,0.9464836674661298,0.8958313327801354,2022-10,2022-11-14T01:30:00+00:00,5.0,pseudo_real_time
early,union,histgb,2022-12,-0.31134195361662576,-0.5,0.18865804638337424,0.18865804638337424,0.03559185846519139,2022-11,2022-12-14T01:30:00+00:00,5.0,pseudo_real_time
early,union,histgb,2023-01,0.15615097377140924,-0.4,0.5561509737714092,0.5561509737714092,0.3093039056268867,2022-12,2023-01-14T01:30:00+00:00,5.0,pseudo_real_time
early,union,histgb,2023-02,0.3700239977981527,0.0,0.3700239977981527,0.3700239977981527,0.13691775894652733,2023-01,2023-02-14T01:30:00+00:00,5.0,pseudo_real_time
early,union,histgb,2023-03,-0.29033086566044536,0.0,-0.29033086566044536,0.29033086566044536,0.08429201155514357,2023-02,2023-03-14T01:30:00+00:00,5.0,pseudo_real_time
early,union,histgb,2023-04,-0.1431030356151478,-0.5,0.3568969643848522,0.3568969643848522,0.12737544318712246,2023-03,2023-04-14T01:30:00+00:00,5.0,pseudo_real_time
early,union,histgb,2023-05,-0.4740954932274933,-0.9,0.42590450677250674,0.42590450677250674,0.18139464888913223,2023-04,2023-05-14T01:30:00+00:00,5.0,pseudo_real_time
early,union,histgb,2023-06,-0.62051396921398,-0.8,0.17948603078602,0.17948603078602,0.03221523524732012,2023-05,2023-06-14T01:30:00+00:00,5.0,pseudo_real_time
early,union,histgb,2023-07,-0.0896700860703198,-0.2,0.11032991392968021,0.11032991392968021,0.012172689907730643,2023-06,2023-07-14T01:30:00+00:00,5.0,pseudo_real_time
early,union,histgb,2023-08,0.6629827394100861,0.2,0.4629827394100861,0.4629827394100861,0.2143530169916677,2023-07,2023-08-14T01:30:00+00:00,5.0,pseudo_real_time
early,union,histgb,2023-09,0.17503869628208607,0.4,-0.22496130371791395,0.22496130371791395,0.05060758817046353,2023-08,2023-09-14T01:30:00+00:00,5.0,pseudo_real_time
early,union,histgb,2023-10,-0.11181802191179269,0.0,-0.11181802191179269,0.11181802191179269,0.01250327002426615,2023-09,2023-10-14T01:30:00+00:00,5.0,pseudo_real_time
early,union,histgb,2023-11,-0.34280545514918903,-0.3,-0.04280545514918904,0.04280545514918904,0.0018323069905292347,2023-10,2023-11-14T01:30:00+00:00,5.0,pseudo_real_time
early,union,histgb,2023-12,-0.24445875893051083,-0.3,0.055541241069489156,0.055541241069489156,0.003084829459539109,2023-11,2023-12-14T01:30:00+00:00,5.0,pseudo_real_time
early,union,histgb,2024-01,-0.16137303081790913,-0.2,0.03862696918209088,0.03862696918209088,0.0014920427481941987,2023-12,2024-01-14T01:30:00+00:00,5.0,pseudo_real_time
early,union,histgb,2024-02,-0.09670088281677852,-0.2,0.10329911718322149,0.10329911718322149,0.010670707610832926,2024-01,2024-02-14T01:30:00+00:00,5.0,pseudo_real_time
early,union,histgb,2024-03,0.17680438741164675,-0.1,0.27680438741164676,0.27680438741164676,0.07662066889033703,2024-02,2024-03-14T01:30:00+00:00,5.0,pseudo_real_time
early,union,histgb,2024-04,-0.15954264955586533,-0.2,0.040457350444134677,0.040457350444134677,0.0016367972049595243,2024-03,2024-04-14T01:30:00+00:00,5.0,pseudo_real_time
early,union,histgb,2024-05,-0.004121745973791373,0.2,-0.20412174597379137,0.20412174597379137,0.04166568717938902,2024-04,2024-05-14T01:30:00+00:00,5.0,pseudo_real_time
early,union,histgb,2024-06,0.15573239066199834,0.1,0.05573239066199834,0.05573239066199834,0.0031060993689015996,2024-05,2024-06-14T01:30:00+00:00,5.0,pseudo_real_time
early,union,histgb,2024-07,-0.32909040623549424,-0.2,-0.12909040623549423,0.12909040623549423,0.016664332982044925,2024-06,2024-07-14T01:30:00+00:00,5.0,pseudo_real_time
early,union,histgb,2024-08,-0.48140368278053347,-0.7,0.21859631721946648,0.21859631721946648,0.04778434990191362,2024-07,2024-08-14T01:30:00+00:00,5.0,pseudo_real_time
early,union,histgb,2024-09,-0.5536662325093388,-0.6,0.046333767490661204,0.046333767490661204,0.002146818009878653,2024-08,2024-09-14T01:30:00+00:00,5.0,pseudo_real_time
early,union,histgb,2024-10,0.36416957170117853,-0.1,0.46416957170117856,0.46416957170117856,0.21545339129325555,2024-09,2024-10-14T01:30:00+00:00,5.0,pseudo_real_time
early,union,histgb,2024-11,-0.47337076101291603,-0.1,-0.373370761012916,0.373370761012916,0.13940572517936403,2024-10,2024-11-14T01:30:00+00:00,5.0,pseudo_real_time
early,union,histgb,2024-12,-0.0594364558189577,-0.1,0.040563544181042306,0.040563544181042306,0.0016454011165273712,2024-11,2024-12-14T01:30:00+00:00,5.0,pseudo_real_time
early,union,histgb,2025-01,-0.44875521588122824,-0.2,-0.24875521588122823,0.24875521588122823,0.06187915742811646,2024-12,2025-01-14T01:30:00+00:00,5.0,pseudo_real_time
early,union,histgb,2025-02,-0.023511833552448364,-0.1,0.07648816644755164,0.07648816644755164,0.005850439606508365,2025-01,2025-02-14T01:30:00+00:00,5.0,pseudo_real_time
early,union,histgb,2025-03,-0.16044598829112347,-0.4,0.23955401170887655,0.23955401170887655,0.05738612452581657,2025-02,2025-03-14T01:30:00+00:00,5.0,pseudo_real_time
early,union,histgb,2025-04,-0.25579168682192277,-0.4,0.14420831317807725,0.14420831317807725,0.02079603758966641,2025-03,2025-04-14T01:30:00+00:00,5.0,pseudo_real_time
early,union,histgb,2025-05,-0.7726831391275429,-0.4,-0.3726831391275429,0.3726831391275429,0.13889272218995952,2025-04,2025-05-14T01:30:00+00:00,5.0,pseudo_real_time
early,union,histgb,2025-06,-0.0185891823449318,-0.4,0.38141081765506823,0.38141081765506823,0.1454742118243077,2025-05,2025-06-14T01:30:00+00:00,5.0,pseudo_real_time
early,union,histgb,2025-07,0.13963568595408757,-0.2,0.33963568595408755,0.33963568595408755,0.11535239917350358,2025-06,2025-07-14T01:30:00+00:00,5.0,pseudo_real_time
early,union,histgb,2025-08,-0.07776604877533189,0.0,-0.07776604877533189,0.07776604877533189,0.006047558342127298,2025-07,2025-08-14T01:30:00+00:00,5.0,pseudo_real_time
early,union,histgb,2025-09,-0.186971994006812,0.0,-0.186971994006812,0.186971994006812,0.03495852654288334,2025-08,2025-09-14T01:30:00+00:00,5.0,pseudo_real_time
early,union,histgb,2025-12,-0.07576414353383028,0.2,-0.2757641435338303,0.2757641435338303,0.07604586285894695,2025-09,2025-12-14T01:30:00+00:00,5.0,pseudo_real_time
early,union,histgb,2026-01,-0.21289090767593208,0.4,-0.6128909076759321,0.6128909076759321,0.37563526471182795,2025-12,2026-01-14T01:30:00+00:00,5.0,pseudo_real_time
early,union,histgb,2026-02,0.07302227418810456,0.4,-0.32697772581189544,0.32697772581189544,0.10691443317711907,2026-01,2026-02-14T01:30:00+00:00,5.0,pseudo_real_time
early,union,histgb,2026-03,0.36619371770992504,1.0,-0.633806282290075,0.633806282290075,0.4017104034703662,2026-02,2026-03-14T01:30:00+00:00,5.0,pseudo_real_time
early,union,histgb,2026-04,0.7805082288667832,1.7,-0.9194917711332168,0.9194917711332168,0.8454651171816999,2026-03,2026-04-14T01:30:00+00:00,5.0,pseudo_real_time
early,union,histgb,2026-05,0.4502351719804148,0.5,-0.049764828019585206,0.049764828019585206,0.0024765381078188926,2026-04,2026-05-14T01:30:00+00:00,5.0,pseudo_real_time
early,union,histgb,2026-06,0.1261886257947222,-0.3,0.42618862579472216,0.42618862579472216,0.18163674475679373,2026-05,2026-06-14T01:30:00+00:00,5.0,pseudo_real_time
early,union,histgb,2026-07,-0.05292965687541213,-0.7,0.6470703431245878,0.6470703431245878,0.41870002895137176,2026-06,2026-07-14T01:30:00+00:00,5.0,pseudo_real_time
early,union,histgb,2026-08,0.3873169755279201,0.4,-0.012683024472079918,0.012683024472079918,0.00016085910975937809,2026-07,2026-08-14T01:30:00+00:00,5.0,pseudo_real_time
early,union,xgboost,2016-04,-0.3052459955215454,0.7,-1.0052459955215454,1.0052459955215454,1.0105195115121028,2016-01,2016-04-14T01:30:00+00:00,25.0,pseudo_real_time
early,union,xgboost,2016-05,-0.29877522587776184,0.5,-0.7987752258777618,0.7987752258777618,0.6380418614760694,2016-04,2016-05-16T01:30:00+00:00,25.0,pseudo_real_time
early,union,xgboost,2016-06,-0.3940139412879944,-0.2,-0.19401394128799437,0.19401394128799437,0.03764140941410133,2016-05,2016-06-14T01:30:00+00:00,5.0,pseudo_real_time
early,union,xgboost,2016-07,-0.16370677947998047,0.2,-0.3637067794799805,0.3637067794799805,0.13228262143969916,2016-06,2016-07-14T01:30:00+00:00,5.0,pseudo_real_time
early,union,xgboost,2016-08,-0.12165144085884094,0.2,-0.32165144085884095,0.32165144085884095,0.10345964940656846,2016-07,2016-08-15T01:30:00+00:00,5.0,pseudo_real_time
early,union,xgboost,2016-09,0.11638831347227097,0.5,-0.38361168652772903,0.38361168652772903,0.14715792604064865,2016-08,2016-09-14T01:30:00+00:00,5.0,pseudo_real_time
early,union,xgboost,2016-10,0.01943705603480339,0.7,-0.6805629439651966,0.6805629439651966,0.46316592069857526,2016-08,2016-10-14T01:30:00+00:00,5.0,pseudo_real_time
early,union,xgboost,2016-11,0.27897781133651733,1.5,-1.2210221886634827,1.2210221886634827,1.4908951852085615,2016-10,2016-11-14T01:30:00+00:00,5.0,pseudo_real_time
early,union,xgboost,2016-12,0.42676371335983276,1.6,-1.1732362866401673,1.1732362866401673,1.3764833842892088,2016-11,2016-12-14T01:30:00+00:00,5.0,pseudo_real_time
early,union,xgboost,2017-01,0.4805653393268585,0.8,-0.3194346606731415,0.3194346606731415,0.10203850243936506,2016-12,2017-01-16T01:30:00+00:00,5.0,pseudo_real_time
early,union,xgboost,2017-02,0.3664954900741577,0.6,-0.23350450992584226,0.23350450992584226,0.05452435615570777,2016-12,2017-02-14T01:30:00+00:00,5.0,pseudo_real_time
early,union,xgboost,2017-03,0.4570625126361847,0.3,0.1570625126361847,0.1570625126361847,0.02466863287559168,2017-02,2017-03-14T01:30:00+00:00,5.0,pseudo_real_time
early,union,xgboost,2017-04,-0.17230656743049622,-0.4,0.2276934325695038,0.2276934325695038,0.05184429923528318,2017-03,2017-04-14T01:30:00+00:00,5.0,pseudo_real_time
early,union,xgboost,2017-05,-0.3225798010826111,-0.3,-0.022579801082611095,0.022579801082611095,0.0005098474169302852,2017-04,2017-05-15T01:30:00+00:00,5.0,pseudo_real_time
early,union,xgboost,2017-06,-0.018689041957259178,-0.2,0.18131095804274083,0.18131095804274083,0.03287366350637653,2017-05,2017-06-14T01:30:00+00:00,5.0,pseudo_real_time
early,union,xgboost,2017-07,0.36151984333992004,0.2,0.16151984333992003,0.16151984333992003,0.02608865979255231,2017-06,2017-07-14T01:30:00+00:00,5.0,pseudo_real_time
early,union,xgboost,2017-08,0.6549229025840759,0.9,-0.2450770974159241,0.2450770974159241,0.06006278367781435,2017-07,2017-08-14T01:30:00+00:00,5.0,pseudo_real_time
early,union,xgboost,2017-09,0.7038114666938782,1.0,-0.2961885333061218,0.2961885333061218,0.08772764726203164,2017-08,2017-09-14T01:30:00+00:00,5.0,pseudo_real_time
early,union,xgboost,2017-10,0.20122230052947998,0.7,-0.49877769947052,0.49877769947052,0.24877919348910435,2017-08,2017-10-16T01:30:00+00:00,5.0,pseudo_real_time
early,union,xgboost,2017-11,0.1571165770292282,0.5,-0.3428834229707718,0.3428834229707718,0.11756904174815319,2017-10,2017-11-14T01:30:00+00:00,5.0,pseudo_real_time
early,union,xgboost,2017-12,0.47507408261299133,0.8,-0.3249259173870087,0.3249259173870087,0.1055768517897892,2017-11,2017-12-14T01:30:00+00:00,5.0,pseudo_real_time
early,union,xgboost,2018-01,-0.1764717400074005,0.3,-0.4764717400074005,0.4764717400074005,0.22702531902567985,2017-12,2018-01-15T01:30:00+00:00,5.0,pseudo_real_time
early,union,xgboost,2018-02,-0.3334179222583771,-0.1,-0.23341792225837707,0.23341792225837707,0.054483926431417765,2018-01,2018-02-14T01:30:00+00:00,5.0,pseudo_real_time
early,union,xgboost,2018-03,0.39763420820236206,-0.2,0.597634208202362,0.597634208202362,0.35716664681366417,2018-02,2018-03-14T01:30:00+00:00,5.0,pseudo_real_time
early,union,xgboost,2018-04,-0.26849299669265747,-0.2,-0.06849299669265746,0.06849299669265746,0.0046912905959403855,2018-03,2018-04-16T01:30:00+00:00,5.0,pseudo_real_time
early,union,xgboost,2018-05,0.15314362943172455,0.4,-0.24685637056827547,0.24685637056827547,0.06093806769014174,2018-04,2018-05-14T01:30:00+00:00,5.0,pseudo_real_time
early,union,xgboost,2018-06,0.06691611558198929,0.3,-0.2330838844180107,0.2330838844180107,0.05432809717538857,2018-05,2018-06-14T01:30:00+00:00,5.0,pseudo_real_time
early,union,xgboost,2018-07,0.1308780163526535,0.1,0.030878016352653498,0.030878016352653498,0.0009534518938747368,2018-06,2018-07-16T01:30:00+00:00,5.0,pseudo_real_time
early,union,xgboost,2018-08,0.5646240711212158,0.4,0.1646240711212158,0.1646240711212158,0.027101084792523118,2018-07,2018-08-14T01:30:00+00:00,5.0,pseudo_real_time
early,union,xgboost,2018-09,0.46950027346611023,0.6,-0.13049972653388975,0.13049972653388975,0.017030178625420007,2018-08,2018-09-14T01:30:00+00:00,5.0,pseudo_real_time
early,union,xgboost,2018-10,0.35491064190864563,0.4,-0.04508935809135439,0.04508935809135439,0.002033050213090386,2018-08,2018-10-15T01:30:00+00:00,5.0,pseudo_real_time
early,union,xgboost,2018-11,-0.19458161294460297,-0.2,0.005418387055397045,0.005418387055397045,2.9358918282094257e-05,2018-10,2018-11-14T01:30:00+00:00,5.0,pseudo_real_time
early,union,xgboost,2018-12,-0.33525335788726807,-1.0,0.6647466421127319,0.6647466421127319,0.4418880982001525,2018-11,2018-12-14T01:30:00+00:00,5.0,pseudo_real_time
early,union,xgboost,2019-01,-0.24331016838550568,-0.6,0.3566898316144943,0.3566898316144943,0.1272276359771763,2018-12,2019-01-14T01:30:00+00:00,5.0,pseudo_real_time
early,union,xgboost,2019-04,-0.0043222326785326,0.3,-0.3043222326785326,0.3043222326785326,0.09261202130244693,2019-01,2019-04-15T01:30:00+00:00,5.0,pseudo_real_time
early,union,xgboost,2019-05,-0.08434288203716278,0.2,-0.2843428820371628,0.2843428820371628,0.08085087456519988,2019-04,2019-05-14T01:30:00+00:00,5.0,pseudo_real_time
early,union,xgboost,2019-06,-0.3408183157444,-0.3,-0.040818315744400036,0.040818315744400036,0.001666134900209536,2019-05,2019-06-14T01:30:00+00:00,5.0,pseudo_real_time
early,union,xgboost,2019-07,-0.1661025881767273,-0.2,0.033897411823272716,0.033897411823272716,0.0011490345283165489,2019-06,2019-07-15T01:30:00+00:00,5.0,pseudo_real_time
early,union,xgboost,2019-08,0.15713515877723694,-0.1,0.2571351587772369,0.2571351587772369,0.06611848987939484,2019-07,2019-08-14T01:30:00+00:00,5.0,pseudo_real_time
early,union,xgboost,2019-09,0.08716975152492523,0.1,-0.012830248475074774,0.012830248475074774,0.00016461527593215856,2019-08,2019-09-16T01:30:00+00:00,5.0,pseudo_real_time
early,union,xgboost,2019-10,-0.12561818957328796,0.1,-0.22561818957328797,0.22561818957328797,0.050903567466328105,2019-08,2019-10-14T01:30:00+00:00,5.0,pseudo_real_time
early,union,xgboost,2019-11,-0.3525506258010864,-0.1,-0.25255062580108645,0.25255062580108645,0.0637818185925204,2019-10,2019-11-14T01:30:00+00:00,5.0,pseudo_real_time
early,union,xgboost,2019-12,0.17198939621448517,0.0,0.17198939621448517,0.17198939621448517,0.029580352410223165,2019-11,2019-12-16T01:30:00+00:00,5.0,pseudo_real_time
early,union,xgboost,2020-01,-0.2605260908603668,0.0,-0.2605260908603668,0.2605260908603668,0.06787384401898411,2019-12,2020-01-14T01:30:00+00:00,5.0,pseudo_real_time
early,union,xgboost,2020-02,-0.28789693117141724,-0.5,0.21210306882858276,0.21210306882858276,0.04498771180650252,2020-01,2020-02-14T01:30:00+00:00,5.0,pseudo_real_time
early,union,xgboost,2020-03,-0.010577576234936714,-1.0,0.9894224237650633,0.9894224237650633,0.9789567326491325,2020-02,2020-03-16T01:30:00+00:00,5.0,pseudo_real_time
early,union,xgboost,2020-04,-0.6230089664459229,-1.3,0.6769910335540772,0.6769910335540772,0.4583168595126177,2020-03,2020-04-14T01:30:00+00:00,5.0,pseudo_real_time
early,union,xgboost,2020-05,-0.0729910284280777,-0.4,0.3270089715719223,0.3270089715719223,0.1069348674885263,2020-04,2020-05-14T01:30:00+00:00,5.0,pseudo_real_time
early,union,xgboost,2020-06,-0.08235038816928864,0.4,-0.48235038816928866,0.48235038816928866,0.23266189696706344,2020-05,2020-06-15T01:30:00+00:00,5.0,pseudo_real_time
early,union,xgboost,2020-07,0.1801777184009552,0.4,-0.21982228159904482,0.21982228159904482,0.04832183548740976,2020-06,2020-07-14T01:30:00+00:00,5.0,pseudo_real_time
early,union,xgboost,2020-08,0.2811136543750763,0.3,-0.018886345624923695,0.018886345624923695,0.0003566940510640744,2020-07,2020-08-14T01:30:00+00:00,5.0,pseudo_real_time
early,union,xgboost,2020-09,0.4461348354816437,0.1,0.3461348354816437,0.3461348354816437,0.11980932433390455,2020-08,2020-09-14T01:30:00+00:00,5.0,pseudo_real_time
early,union,xgboost,2020-10,-0.10604333877563477,0.0,-0.10604333877563477,0.10604333877563477,0.011245189698684044,2020-08,2020-10-14T01:30:00+00:00,5.0,pseudo_real_time
early,union,xgboost,2020-11,0.670316755771637,0.5,0.17031675577163696,0.17031675577163696,0.029007797296575433,2020-10,2020-11-16T01:30:00+00:00,5.0,pseudo_real_time
early,union,xgboost,2020-12,0.64168381690979,1.1,-0.45831618309021005,0.45831618309021005,0.21005372368237893,2020-11,2020-12-14T01:30:00+00:00,5.0,pseudo_real_time
early,union,xgboost,2021-01,0.5090720057487488,1.0,-0.4909279942512512,0.4909279942512512,0.24101029553955655,2020-12,2021-01-14T01:30:00+00:00,5.0,pseudo_real_time
early,union,xgboost,2021-02,-0.04200050234794617,0.8,-0.8420005023479462,0.8420005023479462,0.7089648459541937,2021-01,2021-02-19T01:30:00+00:00,5.0,pseudo_real_time
early,union,xgboost,2021-03,0.5768218040466309,1.6,-1.0231781959533692,1.0231781959533692,1.0468936206743913,2021-02,2021-03-15T01:30:00+00:00,5.0,pseudo_real_time
early,union,xgboost,2021-04,0.46642643213272095,0.9,-0.4335735678672791,0.4335735678672791,0.18798603875316205,2021-03,2021-04-14T01:30:00+00:00,5.0,pseudo_real_time
early,union,xgboost,2021-05,1.0075058937072754,1.6,-0.5924941062927247,0.5924941062927247,0.35104926599161457,2021-04,2021-05-14T01:30:00+00:00,5.0,pseudo_real_time
early,union,xgboost,2021-06,0.2345646172761917,0.3,-0.06543538272380828,0.06543538272380828,0.004281789312211267,2021-05,2021-06-15T01:30:00+00:00,5.0,pseudo_real_time
early,union,xgboost,2021-07,-0.09025053679943085,0.5,-0.5902505367994308,0.5902505367994308,0.34839569619201627,2021-06,2021-07-14T01:30:00+00:00,5.0,pseudo_real_time
early,union,xgboost,2021-08,0.681699812412262,0.7,-0.018300187587737993,0.018300187587737993,0.0003348968657463997,2021-07,2021-08-16T01:30:00+00:00,5.0,pseudo_real_time
early,union,xgboost,2021-09,0.47025391459465027,1.2,-0.7297460854053497,0.7297460854053497,0.532529349164432,2021-08,2021-09-14T01:30:00+00:00,5.0,pseudo_real_time
early,union,xgboost,2021-10,0.9874789118766785,2.5,-1.5125210881233215,1.5125210881233215,2.2877200420177566,2021-08,2021-10-14T01:30:00+00:00,5.0,pseudo_real_time
early,union,xgboost,2021-11,-0.19522064924240112,0.0,-0.19522064924240112,0.19522064924240112,0.03811110189062461,2021-10,2021-11-15T01:30:00+00:00,5.0,pseudo_real_time
early,union,xgboost,2021-12,-0.6719450354576111,-1.2,0.5280549645423889,0.5280549645423889,0.2788420455778636,2021-11,2021-12-14T01:30:00+00:00,5.0,pseudo_real_time
early,union,xgboost,2022-01,0.05213175341486931,-0.2,0.2521317534148693,0.2521317534148693,0.06357042108005646,2021-12,2022-01-14T01:30:00+00:00,5.0,pseudo_real_time
early,union,xgboost,2022-04,0.41290202736854553,0.6,-0.18709797263145445,0.18709797263145445,0.035005651362800476,2022-01,2022-04-14T01:30:00+00:00,5.0,pseudo_real_time
early,union,xgboost,2022-05,0.2160075604915619,0.1,0.11600756049156188,0.11600756049156188,0.01345775409120339,2022-04,2022-05-14T01:30:00+00:00,5.0,pseudo_real_time
early,union,xgboost,2022-06,-0.28105223178863525,0.0,-0.28105223178863525,0.28105223178863525,0.07899035699337276,2022-05,2022-06-14T01:30:00+00:00,5.0,pseudo_real_time
early,union,xgboost,2022-07,-0.4474209249019623,-1.3,0.8525790750980378,0.8525790750980378,0.7268910792950255,2022-06,2022-07-14T01:30:00+00:00,5.0,pseudo_real_time
early,union,xgboost,2022-08,-0.7066888809204102,-1.2,0.4933111190795898,0.4933111190795898,0.24335586020755723,2022-07,2022-08-14T01:30:00+00:00,5.0,pseudo_real_time
early,union,xgboost,2022-09,-0.06434422731399536,-0.1,0.035655772686004644,0.035655772686004644,0.0012713341258360348,2022-08,2022-09-14T01:30:00+00:00,5.0,pseudo_real_time
early,union,xgboost,2022-10,0.008415672928094864,0.2,-0.19158432707190515,0.19158432707190515,0.036704554379594724,2022-08,2022-10-14T01:30:00+00:00,5.0,pseudo_real_time
early,union,xgboost,2022-11,-0.7214267253875732,0.1,-0.8214267253875732,0.8214267253875732,0.6747418651809516,2022-10,2022-11-14T01:30:00+00:00,5.0,pseudo_real_time
early,union,xgboost,2022-12,-0.23793001472949982,-0.5,0.2620699852705002,0.2620699852705002,0.06868067717968018,2022-11,2022-12-14T01:30:00+00:00,5.0,pseudo_real_time
early,union,xgboost,2023-01,0.3543824255466461,-0.4,0.7543824255466461,0.7543824255466461,0.5690928439736411,2022-12,2023-01-14T01:30:00+00:00,5.0,pseudo_real_time
early,union,xgboost,2023-02,0.2829993665218353,0.0,0.2829993665218353,0.2829993665218353,0.08008864145176009,2023-01,2023-02-14T01:30:00+00:00,5.0,pseudo_real_time
early,union,xgboost,2023-03,-0.08307404071092606,0.0,-0.08307404071092606,0.08307404071092606,0.0069012962400406,2023-02,2023-03-14T01:30:00+00:00,5.0,pseudo_real_time
early,union,xgboost,2023-04,-0.15976998209953308,-0.5,0.3402300179004669,0.3402300179004669,0.11575646508055204,2023-03,2023-04-14T01:30:00+00:00,5.0,pseudo_real_time
early,union,xgboost,2023-05,-0.6381398439407349,-0.9,0.26186015605926516,0.26186015605926516,0.0685707413313827,2023-04,2023-05-14T01:30:00+00:00,5.0,pseudo_real_time
early,union,xgboost,2023-06,-0.6248502135276794,-0.8,0.1751497864723206,0.1751497864723206,0.0306774477012995,2023-05,2023-06-14T01:30:00+00:00,5.0,pseudo_real_time
early,union,xgboost,2023-07,-0.01519495528191328,-0.2,0.18480504471808673,0.18480504471808673,0.03415290455325404,2023-06,2023-07-14T01:30:00+00:00,5.0,pseudo_real_time
early,union,xgboost,2023-08,0.5972245931625366,0.2,0.3972245931625366,0.3972245931625366,0.15778737741314272,2023-07,2023-08-14T01:30:00+00:00,5.0,pseudo_real_time
early,union,xgboost,2023-09,0.11331435292959213,0.4,-0.2866856470704079,0.2866856470704079,0.08218866023617848,2023-08,2023-09-14T01:30:00+00:00,5.0,pseudo_real_time
early,union,xgboost,2023-10,-0.06672314554452896,0.0,-0.06672314554452896,0.06672314554452896,0.004451978151356395,2023-09,2023-10-14T01:30:00+00:00,5.0,pseudo_real_time
early,union,xgboost,2023-11,-0.43829992413520813,-0.3,-0.13829992413520814,0.13829992413520814,0.019126869015804328,2023-10,2023-11-14T01:30:00+00:00,5.0,pseudo_real_time
early,union,xgboost,2023-12,-0.20317679643630981,-0.3,0.09682320356369017,0.09682320356369017,0.009374732748335786,2023-11,2023-12-14T01:30:00+00:00,5.0,pseudo_real_time
early,union,xgboost,2024-01,-0.20178914070129395,-0.2,-0.0017891407012939342,0.0017891407012939342,3.2010244490265507e-06,2023-12,2024-01-14T01:30:00+00:00,5.0,pseudo_real_time
early,union,xgboost,2024-02,-0.18104290962219238,-0.2,0.01895709037780763,0.01895709037780763,0.00035937127559236657,2024-01,2024-02-14T01:30:00+00:00,5.0,pseudo_real_time
early,union,xgboost,2024-03,0.06976757198572159,-0.1,0.1697675719857216,0.1697675719857216,0.028821028497927163,2024-02,2024-03-14T01:30:00+00:00,5.0,pseudo_real_time
early,union,xgboost,2024-04,-0.22276389598846436,-0.2,-0.022763895988464344,0.022763895988464344,0.0005181949605736231,2024-03,2024-04-14T01:30:00+00:00,5.0,pseudo_real_time
early,union,xgboost,2024-05,0.016258610412478447,0.2,-0.18374138958752156,0.18374138958752156,0.03376089824755338,2024-04,2024-05-14T01:30:00+00:00,5.0,pseudo_real_time
early,union,xgboost,2024-06,0.04655884578824043,0.1,-0.05344115421175957,0.05344115421175957,0.002855956963485068,2024-05,2024-06-14T01:30:00+00:00,5.0,pseudo_real_time
early,union,xgboost,2024-07,-0.44853243231773376,-0.2,-0.24853243231773375,0.24853243231773375,0.06176836991376891,2024-06,2024-07-14T01:30:00+00:00,5.0,pseudo_real_time
early,union,xgboost,2024-08,-0.4577479660511017,-0.7,0.24225203394889827,0.24225203394889827,0.05868604795237816,2024-07,2024-08-14T01:30:00+00:00,5.0,pseudo_real_time
early,union,xgboost,2024-09,-0.5535707473754883,-0.6,0.0464292526245117,0.0464292526245117,0.0021556754992707265,2024-08,2024-09-14T01:30:00+00:00,5.0,pseudo_real_time
early,union,xgboost,2024-10,0.2541281282901764,-0.1,0.35412812829017637,0.35412812829017637,0.1254067312463036,2024-09,2024-10-14T01:30:00+00:00,5.0,pseudo_real_time
early,union,xgboost,2024-11,-0.5513592958450317,-0.1,-0.45135929584503176,0.45135929584503176,0.2037252139457229,2024-10,2024-11-14T01:30:00+00:00,5.0,pseudo_real_time
early,union,xgboost,2024-12,-0.1492348313331604,-0.1,-0.049234831333160395,0.049234831333160395,0.0024240686164047525,2024-11,2024-12-14T01:30:00+00:00,5.0,pseudo_real_time
early,union,xgboost,2025-01,-0.40028026700019836,-0.2,-0.20028026700019835,0.20028026700019835,0.04011218534967074,2024-12,2025-01-14T01:30:00+00:00,25.0,pseudo_real_time
early,union,xgboost,2025-02,0.06953932344913483,-0.1,0.16953932344913483,0.16953932344913483,0.02874358219559036,2025-01,2025-02-14T01:30:00+00:00,5.0,pseudo_real_time
early,union,xgboost,2025-03,-0.2275809943675995,-0.4,0.17241900563240053,0.17241900563240053,0.02972831350326577,2025-02,2025-03-14T01:30:00+00:00,25.0,pseudo_real_time
early,union,xgboost,2025-04,-0.34721386432647705,-0.4,0.05278613567352297,0.05278613567352297,0.0027863761193435746,2025-03,2025-04-14T01:30:00+00:00,5.0,pseudo_real_time
early,union,xgboost,2025-05,-0.6385358572006226,-0.4,-0.23853585720062254,0.23853585720062254,0.05689935517043579,2025-04,2025-05-14T01:30:00+00:00,5.0,pseudo_real_time
early,union,xgboost,2025-06,-0.16715501248836517,-0.4,0.23284498751163485,0.23284498751163485,0.05421678820929339,2025-05,2025-06-14T01:30:00+00:00,5.0,pseudo_real_time
early,union,xgboost,2025-07,0.056845057755708694,-0.2,0.2568450577557087,0.2568450577557087,0.06596938369353333,2025-06,2025-07-14T01:30:00+00:00,5.0,pseudo_real_time
early,union,xgboost,2025-08,0.06196901574730873,0.0,0.06196901574730873,0.06196901574730873,0.0038401589126901975,2025-07,2025-08-14T01:30:00+00:00,5.0,pseudo_real_time
early,union,xgboost,2025-09,-0.27548184990882874,0.0,-0.27548184990882874,0.27548184990882874,0.07589024962919044,2025-08,2025-09-14T01:30:00+00:00,25.0,pseudo_real_time
early,union,xgboost,2025-12,-0.03367611765861511,0.2,-0.23367611765861512,0.23367611765861512,0.05460452796400294,2025-09,2025-12-14T01:30:00+00:00,25.0,pseudo_real_time
early,union,xgboost,2026-01,-0.12807829678058624,0.4,-0.5280782967805863,0.5280782967805863,0.27886668753068494,2025-12,2026-01-14T01:30:00+00:00,25.0,pseudo_real_time
early,union,xgboost,2026-02,0.027682796120643616,0.4,-0.3723172038793564,0.3723172038793564,0.13862010030454225,2026-01,2026-02-14T01:30:00+00:00,25.0,pseudo_real_time
early,union,xgboost,2026-03,0.2648651897907257,1.0,-0.7351348102092743,0.7351348102092743,0.5404231891814257,2026-02,2026-03-14T01:30:00+00:00,25.0,pseudo_real_time
early,union,xgboost,2026-04,0.5849113464355469,1.7,-1.115088653564453,1.115088653564453,1.2434227053081848,2026-03,2026-04-14T01:30:00+00:00,25.0,pseudo_real_time
early,union,xgboost,2026-05,0.2567168176174164,0.5,-0.24328318238258362,0.24328318238258362,0.059186706830197444,2026-04,2026-05-14T01:30:00+00:00,5.0,pseudo_real_time
early,union,xgboost,2026-06,0.007709300145506859,-0.3,0.30770930014550685,0.30770930014550685,0.09468501339603762,2026-05,2026-06-14T01:30:00+00:00,5.0,pseudo_real_time
early,union,xgboost,2026-07,-0.11137118935585022,-0.7,0.5886288106441497,0.5886288106441497,0.3464838767203463,2026-06,2026-07-14T01:30:00+00:00,5.0,pseudo_real_time
early,union,xgboost,2026-08,0.3822265565395355,0.4,-0.0177734434604645,0.0177734434604645,0.0003158952924423283,2026-07,2026-08-14T01:30:00+00:00,5.0,pseudo_real_time
early,union,catboost,2016-04,-0.28391383369242196,0.7,-0.9839138336924219,0.9839138336924219,0.9680864321313188,2016-01,2016-04-14T01:30:00+00:00,5.0,pseudo_real_time
early,union,catboost,2016-05,0.03600608996709931,0.5,-0.4639939100329007,0.4639939100329007,0.21529034854761955,2016-04,2016-05-16T01:30:00+00:00,5.0,pseudo_real_time
early,union,catboost,2016-06,-0.2908811623211561,-0.2,-0.09088116232115606,0.09088116232115606,0.008259385664844316,2016-05,2016-06-14T01:30:00+00:00,5.0,pseudo_real_time
early,union,catboost,2016-07,-0.20954118759278234,0.2,-0.40954118759278235,0.40954118759278235,0.16772398433490654,2016-06,2016-07-14T01:30:00+00:00,5.0,pseudo_real_time
early,union,catboost,2016-08,0.019343653477893574,0.2,-0.18065634652210644,0.18065634652210644,0.032636715538715395,2016-07,2016-08-15T01:30:00+00:00,5.0,pseudo_real_time
early,union,catboost,2016-09,0.19890355668071968,0.5,-0.3010964433192803,0.3010964433192803,0.09065906817952059,2016-08,2016-09-14T01:30:00+00:00,5.0,pseudo_real_time
early,union,catboost,2016-10,0.016723660289984177,0.7,-0.6832763397100158,0.6832763397100158,0.4668665564075169,2016-08,2016-10-14T01:30:00+00:00,5.0,pseudo_real_time
early,union,catboost,2016-11,0.3641896918907511,1.5,-1.135810308109249,1.135810308109249,1.290065056007227,2016-10,2016-11-14T01:30:00+00:00,5.0,pseudo_real_time
early,union,catboost,2016-12,0.40424462454784005,1.6,-1.1957553754521602,1.1957553754521602,1.4298309179227364,2016-11,2016-12-14T01:30:00+00:00,5.0,pseudo_real_time
early,union,catboost,2017-01,0.004964909087280284,0.8,-0.7950350909127197,0.7950350909127197,0.6320807957825966,2016-12,2017-01-16T01:30:00+00:00,5.0,pseudo_real_time
early,union,catboost,2017-02,-0.2205306512710497,0.6,-0.8205306512710497,0.8205306512710497,0.673270549675293,2016-12,2017-02-14T01:30:00+00:00,5.0,pseudo_real_time
early,union,catboost,2017-03,0.1926574804251151,0.3,-0.10734251957488489,0.10734251957488489,0.011522416508684545,2017-02,2017-03-14T01:30:00+00:00,5.0,pseudo_real_time
early,union,catboost,2017-04,-0.15778499438355795,-0.4,0.24221500561644208,0.24221500561644208,0.05866810894577307,2017-03,2017-04-14T01:30:00+00:00,5.0,pseudo_real_time
early,union,catboost,2017-05,-0.29895670075563197,-0.3,0.0010432992443680233,0.0010432992443680233,1.0884733132988884e-06,2017-04,2017-05-15T01:30:00+00:00,5.0,pseudo_real_time
early,union,catboost,2017-06,0.014405105625300257,-0.2,0.21440510562530027,0.21440510562530027,0.04596954931819616,2017-05,2017-06-14T01:30:00+00:00,5.0,pseudo_real_time
early,union,catboost,2017-07,0.17943795111003424,0.2,-0.020562048889965767,0.020562048889965767,0.00042279785455334246,2017-06,2017-07-14T01:30:00+00:00,5.0,pseudo_real_time
early,union,catboost,2017-08,0.7284186650192028,0.9,-0.1715813349807972,0.1715813349807972,0.02944015451379254,2017-07,2017-08-14T01:30:00+00:00,5.0,pseudo_real_time
early,union,catboost,2017-09,0.9674125338166986,1.0,-0.03258746618330144,0.03258746618330144,0.0010619429522478149,2017-08,2017-09-14T01:30:00+00:00,5.0,pseudo_real_time
early,union,catboost,2017-10,0.32107999951808736,0.7,-0.3789200004819126,0.3789200004819126,0.14358036676521266,2017-08,2017-10-16T01:30:00+00:00,5.0,pseudo_real_time
early,union,catboost,2017-11,0.3801759287156924,0.5,-0.11982407128430761,0.11982407128430761,0.014357808059146831,2017-10,2017-11-14T01:30:00+00:00,5.0,pseudo_real_time
early,union,catboost,2017-12,0.3450624980113794,0.8,-0.45493750198862065,0.45493750198862065,0.2069681307156462,2017-11,2017-12-14T01:30:00+00:00,5.0,pseudo_real_time
early,union,catboost,2018-01,-0.07140450580360401,0.3,-0.371404505803604,0.371404505803604,0.13794130693121934,2017-12,2018-01-15T01:30:00+00:00,5.0,pseudo_real_time
early,union,catboost,2018-02,-0.2586268026896528,-0.1,-0.15862680268965282,0.15862680268965282,0.025162462531542047,2018-01,2018-02-14T01:30:00+00:00,5.0,pseudo_real_time
early,union,catboost,2018-03,0.25942969220040185,-0.2,0.45942969220040186,0.45942969220040186,0.211075642075356,2018-02,2018-03-14T01:30:00+00:00,5.0,pseudo_real_time
early,union,catboost,2018-04,-0.14130520293992357,-0.2,0.05869479706007644,0.05869479706007644,0.0034450792019235575,2018-03,2018-04-16T01:30:00+00:00,5.0,pseudo_real_time
early,union,catboost,2018-05,0.20619330394421717,0.4,-0.19380669605578285,0.19380669605578285,0.0375610354360586,2018-04,2018-05-14T01:30:00+00:00,5.0,pseudo_real_time
early,union,catboost,2018-06,0.18622922871265443,0.3,-0.11377077128734556,0.11377077128734556,0.012943788399317492,2018-05,2018-06-14T01:30:00+00:00,5.0,pseudo_real_time
early,union,catboost,2018-07,0.11707374969133506,0.1,0.017073749691335058,0.017073749691335058,0.000291512928522364,2018-06,2018-07-16T01:30:00+00:00,5.0,pseudo_real_time
early,union,catboost,2018-08,0.4024533855537268,0.4,0.0024533855537267613,0.0024533855537267613,6.0191006752351665e-06,2018-07,2018-08-14T01:30:00+00:00,5.0,pseudo_real_time
early,union,catboost,2018-09,0.49119953895443613,0.6,-0.10880046104556385,0.10880046104556385,0.011837540323727256,2018-08,2018-09-14T01:30:00+00:00,5.0,pseudo_real_time
early,union,catboost,2018-10,0.35912656659148867,0.4,-0.04087343340851135,0.04087343340851135,0.0016706375586000117,2018-08,2018-10-15T01:30:00+00:00,5.0,pseudo_real_time
early,union,catboost,2018-11,-0.11141750267744649,-0.2,0.08858249732255352,0.08858249732255352,0.007846858831900201,2018-10,2018-11-14T01:30:00+00:00,5.0,pseudo_real_time
early,union,catboost,2018-12,-0.42189115450313674,-1.0,0.5781088454968633,0.5781088454968633,0.3342098372417161,2018-11,2018-12-14T01:30:00+00:00,5.0,pseudo_real_time
early,union,catboost,2019-01,-0.2174700364918627,-0.6,0.3825299635081373,0.3825299635081373,0.14632917298153683,2018-12,2019-01-14T01:30:00+00:00,5.0,pseudo_real_time
early,union,catboost,2019-04,-0.011862018675806163,0.3,-0.31186201867580615,0.31186201867580615,0.09725791869254886,2019-01,2019-04-15T01:30:00+00:00,5.0,pseudo_real_time
early,union,catboost,2019-05,-0.08076698237129393,0.2,-0.28076698237129394,0.28076698237129394,0.07883009838988247,2019-04,2019-05-14T01:30:00+00:00,5.0,pseudo_real_time
early,union,catboost,2019-06,-0.27862112945907636,-0.3,0.021378870540923633,0.021378870540923633,0.00045705610560557237,2019-05,2019-06-14T01:30:00+00:00,5.0,pseudo_real_time
early,union,catboost,2019-07,-0.1331354635378381,-0.2,0.06686453646216192,0.06686453646216192,0.004470866236299781,2019-06,2019-07-15T01:30:00+00:00,5.0,pseudo_real_time
early,union,catboost,2019-08,0.04665965299216124,-0.1,0.14665965299216124,0.14665965299216124,0.02150905381578115,2019-07,2019-08-14T01:30:00+00:00,5.0,pseudo_real_time
early,union,catboost,2019-09,0.12554795935530422,0.1,0.02554795935530421,0.02554795935530421,0.000652698227220276,2019-08,2019-09-16T01:30:00+00:00,5.0,pseudo_real_time
early,union,catboost,2019-10,0.03864687469079603,0.1,-0.061353125309203976,0.061353125309203976,0.0037642059852068853,2019-08,2019-10-14T01:30:00+00:00,5.0,pseudo_real_time
early,union,catboost,2019-11,-0.27456075970525856,-0.1,-0.17456075970525856,0.17456075970525856,0.03047145882887702,2019-10,2019-11-14T01:30:00+00:00,5.0,pseudo_real_time
early,union,catboost,2019-12,0.18754588662345179,0.0,0.18754588662345179,0.18754588662345179,0.03517345958937663,2019-11,2019-12-16T01:30:00+00:00,5.0,pseudo_real_time
early,union,catboost,2020-01,-0.2329265038830431,0.0,-0.2329265038830431,0.2329265038830431,0.054254756211177285,2019-12,2020-01-14T01:30:00+00:00,5.0,pseudo_real_time
early,union,catboost,2020-02,-0.1617353898377769,-0.5,0.3382646101622231,0.3382646101622231,0.11442294648820076,2020-01,2020-02-14T01:30:00+00:00,25.0,pseudo_real_time
early,union,catboost,2020-03,-0.05899814956787494,-1.0,0.941001850432125,0.941001850432125,0.8854844825166834,2020-02,2020-03-16T01:30:00+00:00,5.0,pseudo_real_time
early,union,catboost,2020-04,-0.4902280370474289,-1.3,0.8097719629525711,0.8097719629525711,0.6557306319840602,2020-03,2020-04-14T01:30:00+00:00,5.0,pseudo_real_time
early,union,catboost,2020-05,-0.17112663911676726,-0.4,0.22887336088323276,0.22887336088323276,0.0523830153219865,2020-04,2020-05-14T01:30:00+00:00,5.0,pseudo_real_time
early,union,catboost,2020-06,-0.12039356320063113,0.4,-0.5203935632006311,0.5203935632006311,0.27080946062064926,2020-05,2020-06-15T01:30:00+00:00,25.0,pseudo_real_time
early,union,catboost,2020-07,0.04094203720426419,0.4,-0.3590579627957358,0.3590579627957358,0.128922620647024,2020-06,2020-07-14T01:30:00+00:00,5.0,pseudo_real_time
early,union,catboost,2020-08,0.26776805461239356,0.3,-0.03223194538760643,0.03223194538760643,0.0010388983034696434,2020-07,2020-08-14T01:30:00+00:00,5.0,pseudo_real_time
early,union,catboost,2020-09,0.2838167527508117,0.1,0.1838167527508117,0.1838167527508117,0.033788598591853035,2020-08,2020-09-14T01:30:00+00:00,5.0,pseudo_real_time
early,union,catboost,2020-10,-0.13840006902488927,0.0,-0.13840006902488927,0.13840006902488927,0.019154579106094114,2020-08,2020-10-14T01:30:00+00:00,5.0,pseudo_real_time
early,union,catboost,2020-11,0.4488736683702204,0.5,-0.05112633162977959,0.05112633162977959,0.002613901785918201,2020-10,2020-11-16T01:30:00+00:00,5.0,pseudo_real_time
early,union,catboost,2020-12,0.5712992099728709,1.1,-0.5287007900271292,0.5287007900271292,0.2795245253753106,2020-11,2020-12-14T01:30:00+00:00,5.0,pseudo_real_time
early,union,catboost,2021-01,0.44428608879012566,1.0,-0.5557139112098743,0.5557139112098743,0.3088179511121761,2020-12,2021-01-14T01:30:00+00:00,5.0,pseudo_real_time
early,union,catboost,2021-02,0.08091850901457809,0.8,-0.719081490985422,0.719081490985422,0.5170781906778175,2021-01,2021-02-19T01:30:00+00:00,5.0,pseudo_real_time
early,union,catboost,2021-03,0.5582974041745217,1.6,-1.0417025958254784,1.0417025958254784,1.08514429814954,2021-02,2021-03-15T01:30:00+00:00,5.0,pseudo_real_time
early,union,catboost,2021-04,0.45873452761864997,0.9,-0.44126547238135005,0.44126547238135005,0.194715217115936,2021-03,2021-04-14T01:30:00+00:00,5.0,pseudo_real_time
early,union,catboost,2021-05,0.9976129731456257,1.6,-0.6023870268543744,0.6023870268543744,0.3628701301224528,2021-04,2021-05-14T01:30:00+00:00,5.0,pseudo_real_time
early,union,catboost,2021-06,0.14688947483434445,0.3,-0.15311052516565554,0.15311052516565554,0.02344283291650284,2021-05,2021-06-15T01:30:00+00:00,5.0,pseudo_real_time
early,union,catboost,2021-07,-0.07154802042049266,0.5,-0.5715480204204927,0.5715480204204927,0.32666713964658395,2021-06,2021-07-14T01:30:00+00:00,5.0,pseudo_real_time
early,union,catboost,2021-08,0.5557903348002383,0.7,-0.14420966519976164,0.14420966519976164,0.020796427537027342,2021-07,2021-08-16T01:30:00+00:00,5.0,pseudo_real_time
early,union,catboost,2021-09,0.4820720160724447,1.2,-0.7179279839275552,0.7179279839275552,0.5154205901062839,2021-08,2021-09-14T01:30:00+00:00,5.0,pseudo_real_time
early,union,catboost,2021-10,0.9844184280647592,2.5,-1.5155815719352408,1.5155815719352408,2.2969875011896956,2021-08,2021-10-14T01:30:00+00:00,5.0,pseudo_real_time
early,union,catboost,2021-11,-0.12796062942571979,0.0,-0.12796062942571979,0.12796062942571979,0.016373922683026385,2021-10,2021-11-15T01:30:00+00:00,25.0,pseudo_real_time
early,union,catboost,2021-12,-0.5193443131500788,-1.2,0.6806556868499212,0.6806556868499212,0.46329216404113793,2021-11,2021-12-14T01:30:00+00:00,5.0,pseudo_real_time
early,union,catboost,2022-01,-0.20799269771083728,-0.2,-0.007992697710837271,0.007992697710837271,6.388321669682335e-05,2021-12,2022-01-14T01:30:00+00:00,5.0,pseudo_real_time
early,union,catboost,2022-04,0.1817992099945689,0.6,-0.4182007900054311,0.4182007900054311,0.17489190076116667,2022-01,2022-04-14T01:30:00+00:00,5.0,pseudo_real_time
early,union,catboost,2022-05,-0.057300528419410884,0.1,-0.1573005284194109,0.1573005284194109,0.024743456241025894,2022-04,2022-05-14T01:30:00+00:00,5.0,pseudo_real_time
early,union,catboost,2022-06,-0.25779606542148975,0.0,-0.25779606542148975,0.25779606542148975,0.06645881134680102,2022-05,2022-06-14T01:30:00+00:00,25.0,pseudo_real_time
early,union,catboost,2022-07,-0.43152709561676295,-1.3,0.8684729043832371,0.8684729043832371,0.7542451856478553,2022-06,2022-07-14T01:30:00+00:00,25.0,pseudo_real_time
early,union,catboost,2022-08,-0.4264299505816188,-1.2,0.7735700494183811,0.7735700494183811,0.5984106213571566,2022-07,2022-08-14T01:30:00+00:00,25.0,pseudo_real_time
early,union,catboost,2022-09,-0.08744762282617496,-0.1,0.012552377173825041,0.012552377173825041,0.00015756217271396393,2022-08,2022-09-14T01:30:00+00:00,5.0,pseudo_real_time
early,union,catboost,2022-10,0.06131718035115605,0.2,-0.13868281964884396,0.13868281964884396,0.01923292446575378,2022-08,2022-10-14T01:30:00+00:00,5.0,pseudo_real_time
early,union,catboost,2022-11,-0.44199913376184585,0.1,-0.5419991337618458,0.5419991337618458,0.29376306099859123,2022-10,2022-11-14T01:30:00+00:00,25.0,pseudo_real_time
early,union,catboost,2022-12,-0.1462523832750481,-0.5,0.3537476167249519,0.3537476167249519,0.1251373763385835,2022-11,2022-12-14T01:30:00+00:00,25.0,pseudo_real_time
early,union,catboost,2023-01,0.13395422183919015,-0.4,0.5339542218391902,0.5339542218391902,0.2851071110198951,2022-12,2023-01-14T01:30:00+00:00,5.0,pseudo_real_time
early,union,catboost,2023-02,0.23418294852832167,0.0,0.23418294852832167,0.23418294852832167,0.054841653381418554,2023-01,2023-02-14T01:30:00+00:00,5.0,pseudo_real_time
early,union,catboost,2023-03,-0.04563491214274386,0.0,-0.04563491214274386,0.04563491214274386,0.0020825452062759506,2023-02,2023-03-14T01:30:00+00:00,5.0,pseudo_real_time
early,union,catboost,2023-04,-0.20889142068716582,-0.5,0.2911085793128342,0.2911085793128342,0.08474420494953668,2023-03,2023-04-14T01:30:00+00:00,5.0,pseudo_real_time
early,union,catboost,2023-05,-0.4876312315893745,-0.9,0.41236876841062553,0.41236876841062553,0.17004800116049612,2023-04,2023-05-14T01:30:00+00:00,5.0,pseudo_real_time
early,union,catboost,2023-06,-0.5401903925912002,-0.8,0.2598096074087999,0.2598096074087999,0.06750103210191472,2023-05,2023-06-14T01:30:00+00:00,5.0,pseudo_real_time
early,union,catboost,2023-07,0.018253698457772402,-0.2,0.21825369845777243,0.21825369845777243,0.047634676890496254,2023-06,2023-07-14T01:30:00+00:00,5.0,pseudo_real_time
early,union,catboost,2023-08,0.5278461186093579,0.2,0.3278461186093579,0.3278461186093579,0.10748307748722118,2023-07,2023-08-14T01:30:00+00:00,5.0,pseudo_real_time
early,union,catboost,2023-09,0.1870390587908,0.4,-0.21296094120920003,0.21296094120920003,0.045352362480708355,2023-08,2023-09-14T01:30:00+00:00,5.0,pseudo_real_time
early,union,catboost,2023-10,-0.2215246892757854,0.0,-0.2215246892757854,0.2215246892757854,0.04907318795873327,2023-09,2023-10-14T01:30:00+00:00,5.0,pseudo_real_time
early,union,catboost,2023-11,-0.35115356389839236,-0.3,-0.051153563898392373,0.051153563898392373,0.0026166870995069117,2023-10,2023-11-14T01:30:00+00:00,5.0,pseudo_real_time
early,union,catboost,2023-12,-0.17429804756850598,-0.3,0.125701952431494,0.125701952431494,0.015800980845089584,2023-11,2023-12-14T01:30:00+00:00,5.0,pseudo_real_time
early,union,catboost,2024-01,-0.13125086114174625,-0.2,0.06874913885825376,0.06874913885825376,0.004726444093751457,2023-12,2024-01-14T01:30:00+00:00,5.0,pseudo_real_time
early,union,catboost,2024-02,-0.1134422346573693,-0.2,0.08655776534263071,0.08655776534263071,0.007492246741109922,2024-01,2024-02-14T01:30:00+00:00,5.0,pseudo_real_time
early,union,catboost,2024-03,-0.018960431415920763,-0.1,0.08103956858407924,0.08103956858407924,0.006567411676293682,2024-02,2024-03-14T01:30:00+00:00,5.0,pseudo_real_time
early,union,catboost,2024-04,-0.08594734225060918,-0.2,0.11405265774939083,0.11405265774939083,0.01300800873969968,2024-03,2024-04-14T01:30:00+00:00,5.0,pseudo_real_time
early,union,catboost,2024-05,0.022390721804047883,0.2,-0.17760927819595212,0.17760927819595212,0.031545055701287114,2024-04,2024-05-14T01:30:00+00:00,5.0,pseudo_real_time
early,union,catboost,2024-06,0.01527919943802155,0.1,-0.08472080056197845,0.08472080056197845,0.007177614047862528,2024-05,2024-06-14T01:30:00+00:00,5.0,pseudo_real_time
early,union,catboost,2024-07,-0.3859806722767464,-0.2,-0.18598067227674636,0.18598067227674636,0.03458881046051053,2024-06,2024-07-14T01:30:00+00:00,5.0,pseudo_real_time
early,union,catboost,2024-08,-0.40795153217026564,-0.7,0.2920484678297343,0.2920484678297343,0.08529230756169535,2024-07,2024-08-14T01:30:00+00:00,5.0,pseudo_real_time
early,union,catboost,2024-09,-0.36993777250187265,-0.6,0.23006222749812733,0.23006222749812733,0.052928628521400095,2024-08,2024-09-14T01:30:00+00:00,5.0,pseudo_real_time
early,union,catboost,2024-10,0.1962894991850905,-0.1,0.2962894991850905,0.2962894991850905,0.08778746732735175,2024-09,2024-10-14T01:30:00+00:00,5.0,pseudo_real_time
early,union,catboost,2024-11,-0.4260590938589764,-0.1,-0.32605909385897636,0.32605909385897636,0.10631453268813676,2024-10,2024-11-14T01:30:00+00:00,5.0,pseudo_real_time
early,union,catboost,2024-12,-0.15109663922632094,-0.1,-0.05109663922632093,0.05109663922632093,0.0026108665402247992,2024-11,2024-12-14T01:30:00+00:00,5.0,pseudo_real_time
early,union,catboost,2025-01,-0.37271346969762675,-0.2,-0.17271346969762674,0.17271346969762674,0.02982994261499303,2024-12,2025-01-14T01:30:00+00:00,5.0,pseudo_real_time
early,union,catboost,2025-02,0.04155145295925559,-0.1,0.14155145295925559,0.14155145295925559,0.020036813834876346,2025-01,2025-02-14T01:30:00+00:00,5.0,pseudo_real_time
early,union,catboost,2025-03,-0.21352953031817484,-0.4,0.18647046968182518,0.18647046968182518,0.03477123606336048,2025-02,2025-03-14T01:30:00+00:00,5.0,pseudo_real_time
early,union,catboost,2025-04,-0.33725083714022325,-0.4,0.06274916285977677,0.06274916285977677,0.003937457439602789,2025-03,2025-04-14T01:30:00+00:00,5.0,pseudo_real_time
early,union,catboost,2025-05,-0.5491316684664899,-0.4,-0.14913166846648984,0.14913166846648984,0.02224025453959904,2025-04,2025-05-14T01:30:00+00:00,5.0,pseudo_real_time
early,union,catboost,2025-06,-0.14800250559675376,-0.4,0.25199749440324626,0.25199749440324626,0.06350273718551414,2025-05,2025-06-14T01:30:00+00:00,5.0,pseudo_real_time
early,union,catboost,2025-07,0.18135386523444433,-0.2,0.38135386523444437,0.38135386523444437,0.14543077052925077,2025-06,2025-07-14T01:30:00+00:00,5.0,pseudo_real_time
early,union,catboost,2025-08,0.07050983704222863,0.0,0.07050983704222863,0.07050983704222863,0.004971637119721636,2025-07,2025-08-14T01:30:00+00:00,5.0,pseudo_real_time
early,union,catboost,2025-09,-0.23519388883251136,0.0,-0.23519388883251136,0.23519388883251136,0.05531616534415971,2025-08,2025-09-14T01:30:00+00:00,5.0,pseudo_real_time
early,union,catboost,2025-12,-0.07796146673743205,0.2,-0.27796146673743205,0.27796146673743205,0.07726257699082455,2025-09,2025-12-14T01:30:00+00:00,5.0,pseudo_real_time
early,union,catboost,2026-01,-0.2581906451473366,0.4,-0.6581906451473366,0.6581906451473366,0.43321492535946715,2025-12,2026-01-14T01:30:00+00:00,5.0,pseudo_real_time
early,union,catboost,2026-02,-0.1385898758043493,0.4,-0.5385898758043494,0.5385898758043494,0.2900790543189445,2026-01,2026-02-14T01:30:00+00:00,5.0,pseudo_real_time
early,union,catboost,2026-03,0.1841538368357053,1.0,-0.8158461631642947,0.8158461631642947,0.6656049619499009,2026-02,2026-03-14T01:30:00+00:00,5.0,pseudo_real_time
early,union,catboost,2026-04,0.5173198458943433,1.7,-1.1826801541056566,1.1826801541056566,1.3987323469153796,2026-03,2026-04-14T01:30:00+00:00,5.0,pseudo_real_time
early,union,catboost,2026-05,0.1493815449216418,0.5,-0.3506184550783582,0.3506184550783582,0.12293330104153469,2026-04,2026-05-14T01:30:00+00:00,5.0,pseudo_real_time
early,union,catboost,2026-06,-0.11761413755136538,-0.3,0.1823858624486346,0.1823858624486346,0.033264602821132264,2026-05,2026-06-14T01:30:00+00:00,5.0,pseudo_real_time
early,union,catboost,2026-07,-0.2847702601775668,-0.7,0.41522973982243316,0.41522973982243316,0.17241573683300554,2026-06,2026-07-14T01:30:00+00:00,5.0,pseudo_real_time
early,union,catboost,2026-08,0.11205723582609675,0.4,-0.2879427641739033,0.2879427641739033,0.08291103544010808,2026-07,2026-08-14T01:30:00+00:00,5.0,pseudo_real_time
early,union,lightgbm,2016-04,-0.2881119318446911,0.7,-0.988111931844691,0.988111931844691,0.9763651898538473,2016-01,2016-04-14T01:30:00+00:00,25.0,pseudo_real_time
early,union,lightgbm,2016-05,-0.16461969710239835,0.5,-0.6646196971023983,0.6646196971023983,0.4417193417764837,2016-04,2016-05-16T01:30:00+00:00,5.0,pseudo_real_time
early,union,lightgbm,2016-06,-0.3197029990522664,-0.2,-0.11970299905226639,0.11970299905226639,0.014328807982106888,2016-05,2016-06-14T01:30:00+00:00,5.0,pseudo_real_time
early,union,lightgbm,2016-07,-0.09704412610851233,0.2,-0.29704412610851233,0.29704412610851233,0.08823521285556978,2016-06,2016-07-14T01:30:00+00:00,5.0,pseudo_real_time
early,union,lightgbm,2016-08,-0.04806064853415929,0.2,-0.2480606485341593,0.2480606485341593,0.061534085351187706,2016-07,2016-08-15T01:30:00+00:00,5.0,pseudo_real_time
early,union,lightgbm,2016-09,0.20868264067611855,0.5,-0.2913173593238815,0.2913173593238815,0.08486580384343947,2016-08,2016-09-14T01:30:00+00:00,5.0,pseudo_real_time
early,union,lightgbm,2016-10,0.02268381323585046,0.7,-0.6773161867641495,0.6773161867641495,0.45875721685272824,2016-08,2016-10-14T01:30:00+00:00,5.0,pseudo_real_time
early,union,lightgbm,2016-11,0.23922452216442974,1.5,-1.2607754778355702,1.2607754778355702,1.5895548055115103,2016-10,2016-11-14T01:30:00+00:00,5.0,pseudo_real_time
early,union,lightgbm,2016-12,0.4510850968068069,1.6,-1.1489149031931931,1.1489149031931931,1.3200054547794242,2016-11,2016-12-14T01:30:00+00:00,5.0,pseudo_real_time
early,union,lightgbm,2017-01,0.5445255686453013,0.8,-0.2554744313546987,0.2554744313546987,0.06526718507600666,2016-12,2017-01-16T01:30:00+00:00,5.0,pseudo_real_time
early,union,lightgbm,2017-02,0.2852088912470098,0.6,-0.31479110875299016,0.31479110875299016,0.09909344214993687,2016-12,2017-02-14T01:30:00+00:00,5.0,pseudo_real_time
early,union,lightgbm,2017-03,0.4300068567073927,0.3,0.1300068567073927,0.1300068567073927,0.01690178279093654,2017-02,2017-03-14T01:30:00+00:00,5.0,pseudo_real_time
early,union,lightgbm,2017-04,-0.1566951116201211,-0.4,0.24330488837987893,0.24330488837987893,0.05919726870954534,2017-03,2017-04-14T01:30:00+00:00,5.0,pseudo_real_time
early,union,lightgbm,2017-05,-0.15296769268480012,-0.3,0.14703230731519987,0.14703230731519987,0.021618499394431376,2017-04,2017-05-15T01:30:00+00:00,5.0,pseudo_real_time
early,union,lightgbm,2017-06,-0.07059775437395344,-0.2,0.12940224562604657,0.12940224562604657,0.01674494117306369,2017-05,2017-06-14T01:30:00+00:00,5.0,pseudo_real_time
early,union,lightgbm,2017-07,0.3963040443705553,0.2,0.19630404437055526,0.19630404437055526,0.03853527783623693,2017-06,2017-07-14T01:30:00+00:00,5.0,pseudo_real_time
early,union,lightgbm,2017-08,0.5790479755892989,0.9,-0.32095202441070114,0.32095202441070114,0.1030102019733273,2017-07,2017-08-14T01:30:00+00:00,5.0,pseudo_real_time
early,union,lightgbm,2017-09,0.7270252692536263,1.0,-0.2729747307463737,0.2729747307463737,0.07451520362605521,2017-08,2017-09-14T01:30:00+00:00,5.0,pseudo_real_time
early,union,lightgbm,2017-10,0.332140934477399,0.7,-0.36785906552260095,0.36785906552260095,0.1353202920871612,2017-08,2017-10-16T01:30:00+00:00,5.0,pseudo_real_time
early,union,lightgbm,2017-11,0.12044507935013057,0.5,-0.3795549206498694,0.3795549206498694,0.14406193778952867,2017-10,2017-11-14T01:30:00+00:00,5.0,pseudo_real_time
early,union,lightgbm,2017-12,0.3837911216769652,0.8,-0.4162088783230348,0.4162088783230348,0.17322983039491882,2017-11,2017-12-14T01:30:00+00:00,5.0,pseudo_real_time
early,union,lightgbm,2018-01,-0.0924564884515151,0.3,-0.3924564884515151,0.3924564884515151,0.1540220953276942,2017-12,2018-01-15T01:30:00+00:00,5.0,pseudo_real_time
early,union,lightgbm,2018-02,-0.23105351245965416,-0.1,-0.13105351245965416,0.13105351245965416,0.017175023128012726,2018-01,2018-02-14T01:30:00+00:00,5.0,pseudo_real_time
early,union,lightgbm,2018-03,0.39608548662227583,-0.2,0.5960854866222758,0.5960854866222758,0.3553179073617153,2018-02,2018-03-14T01:30:00+00:00,5.0,pseudo_real_time
early,union,lightgbm,2018-04,-0.32052022640811534,-0.2,-0.12052022640811533,0.12052022640811533,0.01452512497346338,2018-03,2018-04-16T01:30:00+00:00,5.0,pseudo_real_time
early,union,lightgbm,2018-05,0.2635809019537991,0.4,-0.13641909804620095,0.13641909804620095,0.018610170311738988,2018-04,2018-05-14T01:30:00+00:00,5.0,pseudo_real_time
early,union,lightgbm,2018-06,0.01482153173859606,0.3,-0.2851784682614039,0.2851784682614039,0.08132675875992056,2018-05,2018-06-14T01:30:00+00:00,5.0,pseudo_real_time
early,union,lightgbm,2018-07,0.1352390023283257,0.1,0.03523900232832569,0.03523900232832569,0.0012417872850957435,2018-06,2018-07-16T01:30:00+00:00,5.0,pseudo_real_time
early,union,lightgbm,2018-08,0.5826233307897094,0.4,0.18262333078970938,0.18262333078970938,0.033351280948727614,2018-07,2018-08-14T01:30:00+00:00,5.0,pseudo_real_time
early,union,lightgbm,2018-09,0.47115148497655585,0.6,-0.12884851502344413,0.12884851502344413,0.01660193982374671,2018-08,2018-09-14T01:30:00+00:00,5.0,pseudo_real_time
early,union,lightgbm,2018-10,0.39968289501765747,0.4,-0.00031710498234255313,0.00031710498234255313,1.0055556982647093e-07,2018-08,2018-10-15T01:30:00+00:00,5.0,pseudo_real_time
early,union,lightgbm,2018-11,-0.15784008644328187,-0.2,0.04215991355671814,0.04215991355671814,0.0017774583111099457,2018-10,2018-11-14T01:30:00+00:00,5.0,pseudo_real_time
early,union,lightgbm,2018-12,-0.2928554844263703,-1.0,0.7071445155736297,0.7071445155736297,0.5000533659058634,2018-11,2018-12-14T01:30:00+00:00,5.0,pseudo_real_time
early,union,lightgbm,2019-01,-0.31547799021105305,-0.6,0.28452200978894693,0.28452200978894693,0.0809527740543416,2018-12,2019-01-14T01:30:00+00:00,5.0,pseudo_real_time
early,union,lightgbm,2019-04,-0.03447604728669764,0.3,-0.3344760472866976,0.3344760472866976,0.11187422620853317,2019-01,2019-04-15T01:30:00+00:00,5.0,pseudo_real_time
early,union,lightgbm,2019-05,-0.09465372697453577,0.2,-0.2946537269745358,0.2946537269745358,0.08682081881998428,2019-04,2019-05-14T01:30:00+00:00,5.0,pseudo_real_time
early,union,lightgbm,2019-06,-0.33194782232833303,-0.3,-0.03194782232833304,0.03194782232833304,0.0010206633515227352,2019-05,2019-06-14T01:30:00+00:00,5.0,pseudo_real_time
early,union,lightgbm,2019-07,-0.1173232128945817,-0.2,0.08267678710541831,0.08267678710541831,0.006835451126074664,2019-06,2019-07-15T01:30:00+00:00,5.0,pseudo_real_time
early,union,lightgbm,2019-08,0.11514845568686634,-0.1,0.21514845568686636,0.21514845568686636,0.046288857984443495,2019-07,2019-08-14T01:30:00+00:00,5.0,pseudo_real_time
early,union,lightgbm,2019-09,0.16483022466162114,0.1,0.06483022466162114,0.06483022466162114,0.00420295802967627,2019-08,2019-09-16T01:30:00+00:00,5.0,pseudo_real_time
early,union,lightgbm,2019-10,-0.05593300589315222,0.1,-0.15593300589315223,0.15593300589315223,0.02431510232687385,2019-08,2019-10-14T01:30:00+00:00,5.0,pseudo_real_time
early,union,lightgbm,2019-11,-0.3401922258481612,-0.1,-0.24019222584816122,0.24019222584816122,0.05769230535789409,2019-10,2019-11-14T01:30:00+00:00,5.0,pseudo_real_time
early,union,lightgbm,2019-12,0.2988672380248092,0.0,0.2988672380248092,0.2988672380248092,0.08932162596457795,2019-11,2019-12-16T01:30:00+00:00,5.0,pseudo_real_time
early,union,lightgbm,2020-01,-0.24362350015875392,0.0,-0.24362350015875392,0.24362350015875392,0.05935240982960237,2019-12,2020-01-14T01:30:00+00:00,5.0,pseudo_real_time
early,union,lightgbm,2020-02,-0.2712478362943789,-0.5,0.22875216370562113,0.22875216370562113,0.05232755240000329,2020-01,2020-02-14T01:30:00+00:00,5.0,pseudo_real_time
early,union,lightgbm,2020-03,-0.047371504385338076,-1.0,0.9526284956146619,0.9526284956146619,0.9075010506570539,2020-02,2020-03-16T01:30:00+00:00,5.0,pseudo_real_time
early,union,lightgbm,2020-04,-0.602146225563897,-1.3,0.6978537744361031,0.6978537744361031,0.4869998904947154,2020-03,2020-04-14T01:30:00+00:00,5.0,pseudo_real_time
early,union,lightgbm,2020-05,-0.07455668786643116,-0.4,0.32544331213356886,0.32544331213356886,0.10591334941246754,2020-04,2020-05-14T01:30:00+00:00,5.0,pseudo_real_time
early,union,lightgbm,2020-06,-0.10102434066911646,0.4,-0.5010243406691165,0.5010243406691165,0.2510253899429229,2020-05,2020-06-15T01:30:00+00:00,5.0,pseudo_real_time
early,union,lightgbm,2020-07,0.19570489042745923,0.4,-0.2042951095725408,0.2042951095725408,0.04173649179525645,2020-06,2020-07-14T01:30:00+00:00,5.0,pseudo_real_time
early,union,lightgbm,2020-08,0.2557578621475783,0.3,-0.044242137852421703,0.044242137852421703,0.001957366761752685,2020-07,2020-08-14T01:30:00+00:00,5.0,pseudo_real_time
early,union,lightgbm,2020-09,0.40372051260293795,0.1,0.303720512602938,0.303720512602938,0.0922461497757914,2020-08,2020-09-14T01:30:00+00:00,5.0,pseudo_real_time
early,union,lightgbm,2020-10,-0.13213178247199592,0.0,-0.13213178247199592,0.13213178247199592,0.01745880793922685,2020-08,2020-10-14T01:30:00+00:00,5.0,pseudo_real_time
early,union,lightgbm,2020-11,0.6072310370693651,0.5,0.1072310370693651,0.1072310370693651,0.011498495310971552,2020-10,2020-11-16T01:30:00+00:00,5.0,pseudo_real_time
early,union,lightgbm,2020-12,0.7350813095310406,1.1,-0.36491869046895953,0.36491869046895953,0.1331656506535803,2020-11,2020-12-14T01:30:00+00:00,5.0,pseudo_real_time
early,union,lightgbm,2021-01,0.48769294947003533,1.0,-0.5123070505299647,0.5123070505299647,0.2624585140227118,2020-12,2021-01-14T01:30:00+00:00,5.0,pseudo_real_time
early,union,lightgbm,2021-02,-0.13688323381505618,0.8,-0.9368832338150562,0.9368832338150562,0.8777501938037573,2021-01,2021-02-19T01:30:00+00:00,5.0,pseudo_real_time
early,union,lightgbm,2021-03,0.5493810901624738,1.6,-1.0506189098375263,1.0506189098375263,1.1038000937081922,2021-02,2021-03-15T01:30:00+00:00,5.0,pseudo_real_time
early,union,lightgbm,2021-04,0.42946432732024115,0.9,-0.4705356726797589,0.4705356726797589,0.2214038192641932,2021-03,2021-04-14T01:30:00+00:00,5.0,pseudo_real_time
early,union,lightgbm,2021-05,1.006748142132762,1.6,-0.5932518578672381,0.5932518578672381,0.35194776686292967,2021-04,2021-05-14T01:30:00+00:00,5.0,pseudo_real_time
early,union,lightgbm,2021-06,0.29045767289419255,0.3,-0.009542327105807435,0.009542327105807435,9.105600659422731e-05,2021-05,2021-06-15T01:30:00+00:00,5.0,pseudo_real_time
early,union,lightgbm,2021-07,-0.0585266656262219,0.5,-0.5585266656262219,0.5585266656262219,0.31195203621554546,2021-06,2021-07-14T01:30:00+00:00,5.0,pseudo_real_time
early,union,lightgbm,2021-08,0.652929761829425,0.7,-0.047070238170574985,0.047070238170574985,0.002215607321434654,2021-07,2021-08-16T01:30:00+00:00,5.0,pseudo_real_time
early,union,lightgbm,2021-09,0.4235914684060053,1.2,-0.7764085315939946,0.7764085315939946,0.6028102079319428,2021-08,2021-09-14T01:30:00+00:00,5.0,pseudo_real_time
early,union,lightgbm,2021-10,0.8682361574779837,2.5,-1.6317638425220164,1.6317638425220164,2.6626532377622163,2021-08,2021-10-14T01:30:00+00:00,5.0,pseudo_real_time
early,union,lightgbm,2021-11,-0.23040488059110553,0.0,-0.23040488059110553,0.23040488059110553,0.0530864090002016,2021-10,2021-11-15T01:30:00+00:00,5.0,pseudo_real_time
early,union,lightgbm,2021-12,-0.6926120688354382,-1.2,0.5073879311645617,0.5073879311645617,0.257442512691454,2021-11,2021-12-14T01:30:00+00:00,5.0,pseudo_real_time
early,union,lightgbm,2022-01,-0.24690479027095705,-0.2,-0.046904790270957036,0.046904790270957036,0.002200059350362466,2021-12,2022-01-14T01:30:00+00:00,5.0,pseudo_real_time
early,union,lightgbm,2022-04,0.36202199505050575,0.6,-0.23797800494949423,0.23797800494949423,0.0566335308397415,2022-01,2022-04-14T01:30:00+00:00,5.0,pseudo_real_time
early,union,lightgbm,2022-05,0.28513062039209486,0.1,0.18513062039209485,0.18513062039209485,0.03427334660676193,2022-04,2022-05-14T01:30:00+00:00,5.0,pseudo_real_time
early,union,lightgbm,2022-06,-0.16551013717878615,0.0,-0.16551013717878615,0.16551013717878615,0.02739360550894061,2022-05,2022-06-14T01:30:00+00:00,5.0,pseudo_real_time
early,union,lightgbm,2022-07,-0.4939338455840503,-1.3,0.8060661544159498,0.8060661544159498,0.6497426452949178,2022-06,2022-07-14T01:30:00+00:00,5.0,pseudo_real_time
early,union,lightgbm,2022-08,-0.766983426406871,-1.2,0.43301657359312895,0.43301657359312895,0.18750335300633367,2022-07,2022-08-14T01:30:00+00:00,5.0,pseudo_real_time
early,union,lightgbm,2022-09,-0.15244790228693417,-0.1,-0.05244790228693416,0.05244790228693416,0.0027507824542997938,2022-08,2022-09-14T01:30:00+00:00,5.0,pseudo_real_time
early,union,lightgbm,2022-10,-0.0717330382312834,0.2,-0.2717330382312834,0.2717330382312834,0.07383884406640413,2022-08,2022-10-14T01:30:00+00:00,5.0,pseudo_real_time
early,union,lightgbm,2022-11,-0.7805264719417435,0.1,-0.8805264719417435,0.8805264719417435,0.775326867790174,2022-10,2022-11-14T01:30:00+00:00,5.0,pseudo_real_time
early,union,lightgbm,2022-12,-0.24547636175695026,-0.5,0.25452363824304974,0.25452363824304974,0.06478228242447885,2022-11,2022-12-14T01:30:00+00:00,5.0,pseudo_real_time
early,union,lightgbm,2023-01,0.16215617746258565,-0.4,0.5621561774625856,0.5621561774625856,0.31601956785934604,2022-12,2023-01-14T01:30:00+00:00,5.0,pseudo_real_time
early,union,lightgbm,2023-02,0.31119187264880876,0.0,0.31119187264880876,0.31119187264880876,0.09684038160267242,2023-01,2023-02-14T01:30:00+00:00,5.0,pseudo_real_time
early,union,lightgbm,2023-03,-0.17243628724883617,0.0,-0.17243628724883617,0.17243628724883617,0.029734273160163138,2023-02,2023-03-14T01:30:00+00:00,5.0,pseudo_real_time
early,union,lightgbm,2023-04,-0.08341592226426361,-0.5,0.41658407773573636,0.41658407773573636,0.17354229382293404,2023-03,2023-04-14T01:30:00+00:00,5.0,pseudo_real_time
early,union,lightgbm,2023-05,-0.47013911706847533,-0.9,0.4298608829315247,0.4298608829315247,0.18478037867466998,2023-04,2023-05-14T01:30:00+00:00,5.0,pseudo_real_time
early,union,lightgbm,2023-06,-0.6111937955625596,-0.8,0.18880620443744045,0.18880620443744045,0.03564778283407256,2023-05,2023-06-14T01:30:00+00:00,5.0,pseudo_real_time
early,union,lightgbm,2023-07,-0.0937246620690518,-0.2,0.1062753379309482,0.1062753379309482,0.011294447452337238,2023-06,2023-07-14T01:30:00+00:00,5.0,pseudo_real_time
early,union,lightgbm,2023-08,0.5426585534212472,0.2,0.34265855342124724,0.34265855342124724,0.11741488423274174,2023-07,2023-08-14T01:30:00+00:00,5.0,pseudo_real_time
early,union,lightgbm,2023-09,0.14867954884934906,0.4,-0.25132045115065094,0.25132045115065094,0.06316196916656672,2023-08,2023-09-14T01:30:00+00:00,5.0,pseudo_real_time
early,union,lightgbm,2023-10,-0.09719494971599614,0.0,-0.09719494971599614,0.09719494971599614,0.009446858250295018,2023-09,2023-10-14T01:30:00+00:00,5.0,pseudo_real_time
early,union,lightgbm,2023-11,-0.45604125807202117,-0.3,-0.15604125807202118,0.15604125807202118,0.024348874220699115,2023-10,2023-11-14T01:30:00+00:00,5.0,pseudo_real_time
early,union,lightgbm,2023-12,-0.1890317688831897,-0.3,0.11096823111681028,0.11096823111681028,0.012313948317193821,2023-11,2023-12-14T01:30:00+00:00,5.0,pseudo_real_time
early,union,lightgbm,2024-01,-0.18297984810745396,-0.2,0.017020151892546048,0.017020151892546048,0.00028968557044533884,2023-12,2024-01-14T01:30:00+00:00,5.0,pseudo_real_time
early,union,lightgbm,2024-02,-0.1471646066731091,-0.2,0.05283539332689091,0.05283539332689091,0.0027915787880072687,2024-01,2024-02-14T01:30:00+00:00,5.0,pseudo_real_time
early,union,lightgbm,2024-03,0.09303694611679833,-0.1,0.19303694611679834,0.19303694611679834,0.03726326256609971,2024-02,2024-03-14T01:30:00+00:00,5.0,pseudo_real_time
early,union,lightgbm,2024-04,-0.1562077843549336,-0.2,0.04379221564506641,0.04379221564506641,0.0019177581511039994,2024-03,2024-04-14T01:30:00+00:00,5.0,pseudo_real_time
early,union,lightgbm,2024-05,-0.01639028974753932,0.2,-0.21639028974753932,0.21639028974753932,0.04682475749702402,2024-04,2024-05-14T01:30:00+00:00,5.0,pseudo_real_time
early,union,lightgbm,2024-06,0.06287321574076439,0.1,-0.037126784259235615,0.037126784259235615,0.0013783981094318254,2024-05,2024-06-14T01:30:00+00:00,5.0,pseudo_real_time
early,union,lightgbm,2024-07,-0.34761331323041067,-0.2,-0.14761331323041066,0.14761331323041066,0.02178969024285933,2024-06,2024-07-14T01:30:00+00:00,5.0,pseudo_real_time
early,union,lightgbm,2024-08,-0.437785945148405,-0.7,0.26221405485159494,0.26221405485159494,0.06875621056171524,2024-07,2024-08-14T01:30:00+00:00,5.0,pseudo_real_time
early,union,lightgbm,2024-09,-0.5216657948530576,-0.6,0.07833420514694234,0.07833420514694234,0.006136247696003247,2024-08,2024-09-14T01:30:00+00:00,5.0,pseudo_real_time
early,union,lightgbm,2024-10,0.22485033119783784,-0.1,0.32485033119783785,0.32485033119783785,0.10552773767934494,2024-09,2024-10-14T01:30:00+00:00,5.0,pseudo_real_time
early,union,lightgbm,2024-11,-0.4914175478145644,-0.1,-0.3914175478145644,0.3914175478145644,0.1532076967371668,2024-10,2024-11-14T01:30:00+00:00,5.0,pseudo_real_time
early,union,lightgbm,2024-12,-0.09039412205542117,-0.1,0.00960587794457883,0.00960587794457883,9.227289108614602e-05,2024-11,2024-12-14T01:30:00+00:00,5.0,pseudo_real_time
early,union,lightgbm,2025-01,-0.43449763983102124,-0.2,-0.23449763983102123,0.23449763983102123,0.05498914308631936,2024-12,2025-01-14T01:30:00+00:00,5.0,pseudo_real_time
early,union,lightgbm,2025-02,0.02968907974393035,-0.1,0.12968907974393035,0.12968907974393035,0.016819257404827523,2025-01,2025-02-14T01:30:00+00:00,5.0,pseudo_real_time
early,union,lightgbm,2025-03,-0.27698935268823677,-0.4,0.12301064731176325,0.12301064731176325,0.015131619352059008,2025-02,2025-03-14T01:30:00+00:00,5.0,pseudo_real_time
early,union,lightgbm,2025-04,-0.3381262231081518,-0.4,0.0618737768918482,0.0618737768918482,0.003828364266862208,2025-03,2025-04-14T01:30:00+00:00,5.0,pseudo_real_time
early,union,lightgbm,2025-05,-0.7160187552383712,-0.4,-0.3160187552383712,0.3160187552383712,0.09986785366240956,2025-04,2025-05-14T01:30:00+00:00,5.0,pseudo_real_time
early,union,lightgbm,2025-06,-0.14803714745716276,-0.4,0.25196285254283723,0.25196285254283723,0.06348527906152354,2025-05,2025-06-14T01:30:00+00:00,5.0,pseudo_real_time
early,union,lightgbm,2025-07,0.16026186917883753,-0.2,0.3602618691788375,0.3602618691788375,0.12978861438422984,2025-06,2025-07-14T01:30:00+00:00,5.0,pseudo_real_time
early,union,lightgbm,2025-08,0.03400901826153775,0.0,0.03400901826153775,0.03400901826153775,0.0011566133231136083,2025-07,2025-08-14T01:30:00+00:00,5.0,pseudo_real_time
early,union,lightgbm,2025-09,-0.19564638445141957,0.0,-0.19564638445141957,0.19564638445141957,0.03827750774891267,2025-08,2025-09-14T01:30:00+00:00,5.0,pseudo_real_time
early,union,lightgbm,2025-12,-0.007730501252913523,0.2,-0.20773050125291354,0.20773050125291354,0.04315196115078671,2025-09,2025-12-14T01:30:00+00:00,5.0,pseudo_real_time
early,union,lightgbm,2026-01,-0.19470200745610397,0.4,-0.594702007456104,0.594702007456104,0.35367047767232,2025-12,2026-01-14T01:30:00+00:00,5.0,pseudo_real_time
early,union,lightgbm,2026-02,0.038732561080612925,0.4,-0.3612674389193871,0.3612674389193871,0.1305141624233731,2026-01,2026-02-14T01:30:00+00:00,5.0,pseudo_real_time
early,union,lightgbm,2026-03,0.46371606626481926,1.0,-0.5362839337351808,0.5362839337351808,0.28760045758247976,2026-02,2026-03-14T01:30:00+00:00,5.0,pseudo_real_time
early,union,lightgbm,2026-04,0.646027553682629,1.7,-1.053972446317371,1.053972446317371,1.1108579175962234,2026-03,2026-04-14T01:30:00+00:00,5.0,pseudo_real_time
early,union,lightgbm,2026-05,0.2656458588643829,0.5,-0.2343541411356171,0.2343541411356171,0.054921863467412735,2026-04,2026-05-14T01:30:00+00:00,5.0,pseudo_real_time
early,union,lightgbm,2026-06,0.07897063334759591,-0.3,0.3789706333475959,0.3789706333475959,0.14361874093987798,2026-05,2026-06-14T01:30:00+00:00,5.0,pseudo_real_time
early,union,lightgbm,2026-07,-0.17727114439853392,-0.7,0.522728855601466,0.522728855601466,0.27324545647841825,2026-06,2026-07-14T01:30:00+00:00,5.0,pseudo_real_time
early,union,lightgbm,2026-08,0.41089551172660826,0.4,0.010895511726608242,0.010895511726608242,0.00011871217578465773,2026-07,2026-08-14T01:30:00+00:00,5.0,pseudo_real_time
early,union,no_change,2016-04,0.0,0.7,-0.7,0.7,0.48999999999999994,2016-01,2016-04-14T01:30:00+00:00,,pseudo_real_time
early,union,historical_mean,2016-04,-0.4083333333333334,0.7,-1.1083333333333334,1.1083333333333334,1.228402777777778,2016-01,2016-04-14T01:30:00+00:00,,pseudo_real_time
early,union,last_available_actual,2016-04,-0.5,0.7,-1.2,1.2,1.44,2016-01,2016-04-14T01:30:00+00:00,,pseudo_real_time
early,union,no_change,2016-05,0.0,0.5,-0.5,0.5,0.25,2016-04,2016-05-16T01:30:00+00:00,,pseudo_real_time
early,union,historical_mean,2016-05,-0.36400000000000005,0.5,-0.8640000000000001,0.8640000000000001,0.7464960000000002,2016-04,2016-05-16T01:30:00+00:00,,pseudo_real_time
early,union,last_available_actual,2016-05,0.7,0.5,0.19999999999999996,0.19999999999999996,0.03999999999999998,2016-04,2016-05-16T01:30:00+00:00,,pseudo_real_time
early,union,no_change,2016-06,0.0,-0.2,0.2,0.2,0.04000000000000001,2016-05,2016-06-14T01:30:00+00:00,,pseudo_real_time
early,union,historical_mean,2016-06,-0.3307692307692308,-0.2,-0.1307692307692308,0.1307692307692308,0.01710059171597634,2016-05,2016-06-14T01:30:00+00:00,,pseudo_real_time
early,union,last_available_actual,2016-06,0.5,-0.2,0.7,0.7,0.48999999999999994,2016-05,2016-06-14T01:30:00+00:00,,pseudo_real_time
early,union,no_change,2016-07,0.0,0.2,-0.2,0.2,0.04000000000000001,2016-06,2016-07-14T01:30:00+00:00,,pseudo_real_time
early,union,historical_mean,2016-07,-0.32592592592592595,0.2,-0.5259259259259259,0.5259259259259259,0.2765980795610425,2016-06,2016-07-14T01:30:00+00:00,,pseudo_real_time
early,union,last_available_actual,2016-07,-0.2,0.2,-0.4,0.4,0.16000000000000003,2016-06,2016-07-14T01:30:00+00:00,,pseudo_real_time
early,union,no_change,2016-08,0.0,0.2,-0.2,0.2,0.04000000000000001,2016-07,2016-08-15T01:30:00+00:00,,pseudo_real_time
early,union,historical_mean,2016-08,-0.3071428571428572,0.2,-0.5071428571428572,0.5071428571428572,0.2571938775510205,2016-07,2016-08-15T01:30:00+00:00,,pseudo_real_time
early,union,last_available_actual,2016-08,0.2,0.2,0.0,0.0,0.0,2016-07,2016-08-15T01:30:00+00:00,,pseudo_real_time
early,union,no_change,2016-09,0.0,0.5,-0.5,0.5,0.25,2016-08,2016-09-14T01:30:00+00:00,,pseudo_real_time
early,union,historical_mean,2016-09,-0.2896551724137932,0.5,-0.7896551724137932,0.7896551724137932,0.6235552913198575,2016-08,2016-09-14T01:30:00+00:00,,pseudo_real_time
early,union,last_available_actual,2016-09,0.2,0.5,-0.3,0.3,0.09,2016-08,2016-09-14T01:30:00+00:00,,pseudo_real_time
early,union,no_change,2016-10,0.0,0.7,-0.7,0.7,0.48999999999999994,2016-08,2016-10-14T01:30:00+00:00,,pseudo_real_time
early,union,historical_mean,2016-10,-0.2896551724137932,0.7,-0.9896551724137932,0.9896551724137932,0.9794173602853747,2016-08,2016-10-14T01:30:00+00:00,,pseudo_real_time
early,union,last_available_actual,2016-10,0.2,0.7,-0.49999999999999994,0.49999999999999994,0.24999999999999994,2016-08,2016-10-14T01:30:00+00:00,,pseudo_real_time
early,union,no_change,2016-11,0.0,1.5,-1.5,1.5,2.25,2016-10,2016-11-14T01:30:00+00:00,,pseudo_real_time
early,union,historical_mean,2016-11,-0.2322580645161291,1.5,-1.7322580645161292,1.7322580645161292,3.000718002081166,2016-10,2016-11-14T01:30:00+00:00,,pseudo_real_time
early,union,last_available_actual,2016-11,0.7,1.5,-0.8,0.8,0.6400000000000001,2016-10,2016-11-14T01:30:00+00:00,,pseudo_real_time
early,union,no_change,2016-12,0.0,1.6,-1.6,1.6,2.5600000000000005,2016-11,2016-12-14T01:30:00+00:00,,pseudo_real_time
early,union,historical_mean,2016-12,-0.178125,1.6,-1.7781250000000002,1.7781250000000002,3.1617285156250006,2016-11,2016-12-14T01:30:00+00:00,,pseudo_real_time
early,union,last_available_actual,2016-12,1.5,1.6,-0.10000000000000009,0.10000000000000009,0.010000000000000018,2016-11,2016-12-14T01:30:00+00:00,,pseudo_real_time
early,union,no_change,2017-01,0.0,0.8,-0.8,0.8,0.6400000000000001,2016-12,2017-01-16T01:30:00+00:00,,pseudo_real_time
early,union,historical_mean,2017-01,-0.12424242424242424,0.8,-0.9242424242424243,0.9242424242424243,0.8542240587695135,2016-12,2017-01-16T01:30:00+00:00,,pseudo_real_time
early,union,last_available_actual,2017-01,1.6,0.8,0.8,0.8,0.6400000000000001,2016-12,2017-01-16T01:30:00+00:00,,pseudo_real_time
early,union,no_change,2017-02,0.0,0.6,-0.6,0.6,0.36,2016-12,2017-02-14T01:30:00+00:00,,pseudo_real_time
early,union,historical_mean,2017-02,-0.12424242424242424,0.6,-0.7242424242424242,0.7242424242424242,0.5245270890725436,2016-12,2017-02-14T01:30:00+00:00,,pseudo_real_time
early,union,last_available_actual,2017-02,1.6,0.6,1.0,1.0,1.0,2016-12,2017-02-14T01:30:00+00:00,,pseudo_real_time
early,union,no_change,2017-03,0.0,0.3,-0.3,0.3,0.09,2017-02,2017-03-14T01:30:00+00:00,,pseudo_real_time
early,union,historical_mean,2017-03,-0.07714285714285714,0.3,-0.3771428571428571,0.3771428571428571,0.14223673469387754,2017-02,2017-03-14T01:30:00+00:00,,pseudo_real_time
early,union,last_available_actual,2017-03,0.6,0.3,0.3,0.3,0.09,2017-02,2017-03-14T01:30:00+00:00,,pseudo_real_time
early,union,no_change,2017-04,0.0,-0.4,0.4,0.4,0.16000000000000003,2017-03,2017-04-14T01:30:00+00:00,,pseudo_real_time
early,union,historical_mean,2017-04,-0.06666666666666667,-0.4,0.33333333333333337,0.33333333333333337,0.11111111111111113,2017-03,2017-04-14T01:30:00+00:00,,pseudo_real_time
early,union,last_available_actual,2017-04,0.3,-0.4,0.7,0.7,0.48999999999999994,2017-03,2017-04-14T01:30:00+00:00,,pseudo_real_time
early,union,no_change,2017-05,0.0,-0.3,0.3,0.3,0.09,2017-04,2017-05-15T01:30:00+00:00,,pseudo_real_time
early,union,historical_mean,2017-05,-0.07567567567567567,-0.3,0.2243243243243243,0.2243243243243243,0.05032140248356464,2017-04,2017-05-15T01:30:00+00:00,,pseudo_real_time
early,union,last_available_actual,2017-05,-0.4,-0.3,-0.10000000000000003,0.10000000000000003,0.010000000000000007,2017-04,2017-05-15T01:30:00+00:00,,pseudo_real_time
early,union,no_change,2017-06,0.0,-0.2,0.2,0.2,0.04000000000000001,2017-05,2017-06-14T01:30:00+00:00,,pseudo_real_time
early,union,historical_mean,2017-06,-0.08157894736842104,-0.2,0.11842105263157897,0.11842105263157897,0.014023545706371196,2017-05,2017-06-14T01:30:00+00:00,,pseudo_real_time
early,union,last_available_actual,2017-06,-0.3,-0.2,-0.09999999999999998,0.09999999999999998,0.009999999999999995,2017-05,2017-06-14T01:30:00+00:00,,pseudo_real_time
early,union,no_change,2017-07,0.0,0.2,-0.2,0.2,0.04000000000000001,2017-06,2017-07-14T01:30:00+00:00,,pseudo_real_time
early,union,historical_mean,2017-07,-0.0846153846153846,0.2,-0.2846153846153846,0.2846153846153846,0.08100591715976331,2017-06,2017-07-14T01:30:00+00:00,,pseudo_real_time
early,union,last_available_actual,2017-07,-0.2,0.2,-0.4,0.4,0.16000000000000003,2017-06,2017-07-14T01:30:00+00:00,,pseudo_real_time
early,union,no_change,2017-08,0.0,0.9,-0.9,0.9,0.81,2017-07,2017-08-14T01:30:00+00:00,,pseudo_real_time
early,union,historical_mean,2017-08,-0.07750000000000001,0.9,-0.9775,0.9775,0.9555062500000001,2017-07,2017-08-14T01:30:00+00:00,,pseudo_real_time
early,union,last_available_actual,2017-08,0.2,0.9,-0.7,0.7,0.48999999999999994,2017-07,2017-08-14T01:30:00+00:00,,pseudo_real_time
early,union,no_change,2017-09,0.0,1.0,-1.0,1.0,1.0,2017-08,2017-09-14T01:30:00+00:00,,pseudo_real_time
early,union,historical_mean,2017-09,-0.05365853658536587,1.0,-1.053658536585366,1.053658536585366,1.1101963117192148,2017-08,2017-09-14T01:30:00+00:00,,pseudo_real_time
early,union,last_available_actual,2017-09,0.9,1.0,-0.09999999999999998,0.09999999999999998,0.009999999999999995,2017-08,2017-09-14T01:30:00+00:00,,pseudo_real_time
early,union,no_change,2017-10,0.0,0.7,-0.7,0.7,0.48999999999999994,2017-08,2017-10-16T01:30:00+00:00,,pseudo_real_time
early,union,historical_mean,2017-10,-0.05365853658536587,0.7,-0.7536585365853659,0.7536585365853659,0.5680011897679953,2017-08,2017-10-16T01:30:00+00:00,,pseudo_real_time
early,union,last_available_actual,2017-10,0.9,0.7,0.20000000000000007,0.20000000000000007,0.04000000000000003,2017-08,2017-10-16T01:30:00+00:00,,pseudo_real_time
early,union,no_change,2017-11,0.0,0.5,-0.5,0.5,0.25,2017-10,2017-11-14T01:30:00+00:00,,pseudo_real_time
early,union,historical_mean,2017-11,-0.011627906976744201,0.5,-0.5116279069767442,0.5116279069767442,0.26176311519740403,2017-10,2017-11-14T01:30:00+00:00,,pseudo_real_time
early,union,last_available_actual,2017-11,0.7,0.5,0.19999999999999996,0.19999999999999996,0.03999999999999998,2017-10,2017-11-14T01:30:00+00:00,,pseudo_real_time
early,union,no_change,2017-12,0.0,0.8,-0.8,0.8,0.6400000000000001,2017-11,2017-12-14T01:30:00+00:00,,pseudo_real_time
early,union,historical_mean,2017-12,-1.5139404881252134e-17,0.8,-0.8,0.8,0.6400000000000001,2017-11,2017-12-14T01:30:00+00:00,,pseudo_real_time
early,union,last_available_actual,2017-12,0.5,0.8,-0.30000000000000004,0.30000000000000004,0.09000000000000002,2017-11,2017-12-14T01:30:00+00:00,,pseudo_real_time
early,union,no_change,2018-01,0.0,0.3,-0.3,0.3,0.09,2017-12,2018-01-15T01:30:00+00:00,,pseudo_real_time
early,union,historical_mean,2018-01,0.017777777777777764,0.3,-0.2822222222222222,0.2822222222222222,0.07964938271604938,2017-12,2018-01-15T01:30:00+00:00,,pseudo_real_time
early,union,last_available_actual,2018-01,0.8,0.3,0.5,0.5,0.25,2017-12,2018-01-15T01:30:00+00:00,,pseudo_real_time
early,union,no_change,2018-02,0.0,-0.1,0.1,0.1,0.010000000000000002,2018-01,2018-02-14T01:30:00+00:00,,pseudo_real_time
early,union,historical_mean,2018-02,0.023913043478260856,-0.1,0.12391304347826086,0.12391304347826086,0.015354442344045366,2018-01,2018-02-14T01:30:00+00:00,,pseudo_real_time
early,union,last_available_actual,2018-02,0.3,-0.1,0.4,0.4,0.16000000000000003,2018-01,2018-02-14T01:30:00+00:00,,pseudo_real_time
early,union,no_change,2018-03,0.0,-0.2,0.2,0.2,0.04000000000000001,2018-02,2018-03-14T01:30:00+00:00,,pseudo_real_time
early,union,historical_mean,2018-03,0.02127659574468084,-0.2,0.22127659574468084,0.22127659574468084,0.0489633318243549,2018-02,2018-03-14T01:30:00+00:00,,pseudo_real_time
early,union,last_available_actual,2018-03,-0.1,-0.2,0.1,0.1,0.010000000000000002,2018-02,2018-03-14T01:30:00+00:00,,pseudo_real_time
early,union,no_change,2018-04,0.0,-0.2,0.2,0.2,0.04000000000000001,2018-03,2018-04-16T01:30:00+00:00,,pseudo_real_time
early,union,historical_mean,2018-04,0.01666666666666666,-0.2,0.21666666666666667,0.21666666666666667,0.04694444444444445,2018-03,2018-04-16T01:30:00+00:00,,pseudo_real_time
early,union,last_available_actual,2018-04,-0.2,-0.2,0.0,0.0,0.0,2018-03,2018-04-16T01:30:00+00:00,,pseudo_real_time
early,union,no_change,2018-05,0.0,0.4,-0.4,0.4,0.16000000000000003,2018-04,2018-05-14T01:30:00+00:00,,pseudo_real_time
early,union,historical_mean,2018-05,0.012244897959183666,0.4,-0.38775510204081637,0.38775510204081637,0.1503540191586839,2018-04,2018-05-14T01:30:00+00:00,,pseudo_real_time
early,union,last_available_actual,2018-05,-0.2,0.4,-0.6000000000000001,0.6000000000000001,0.3600000000000001,2018-04,2018-05-14T01:30:00+00:00,,pseudo_real_time
early,union,no_change,2018-06,0.0,0.3,-0.3,0.3,0.09,2018-05,2018-06-14T01:30:00+00:00,,pseudo_real_time
early,union,historical_mean,2018-06,0.019999999999999993,0.3,-0.27999999999999997,0.27999999999999997,0.07839999999999998,2018-05,2018-06-14T01:30:00+00:00,,pseudo_real_time
early,union,last_available_actual,2018-06,0.4,0.3,0.10000000000000003,0.10000000000000003,0.010000000000000007,2018-05,2018-06-14T01:30:00+00:00,,pseudo_real_time
early,union,no_change,2018-07,0.0,0.1,-0.1,0.1,0.010000000000000002,2018-06,2018-07-16T01:30:00+00:00,,pseudo_real_time
early,union,historical_mean,2018-07,0.025490196078431365,0.1,-0.07450980392156864,0.07450980392156864,0.005551710880430606,2018-06,2018-07-16T01:30:00+00:00,,pseudo_real_time
early,union,last_available_actual,2018-07,0.3,0.1,0.19999999999999998,0.19999999999999998,0.039999999999999994,2018-06,2018-07-16T01:30:00+00:00,,pseudo_real_time
early,union,no_change,2018-08,0.0,0.4,-0.4,0.4,0.16000000000000003,2018-07,2018-08-14T01:30:00+00:00,,pseudo_real_time
early,union,historical_mean,2018-08,0.026923076923076918,0.4,-0.3730769230769231,0.3730769230769231,0.1391863905325444,2018-07,2018-08-14T01:30:00+00:00,,pseudo_real_time
early,union,last_available_actual,2018-08,0.1,0.4,-0.30000000000000004,0.30000000000000004,0.09000000000000002,2018-07,2018-08-14T01:30:00+00:00,,pseudo_real_time
early,union,no_change,2018-09,0.0,0.6,-0.6,0.6,0.36,2018-08,2018-09-14T01:30:00+00:00,,pseudo_real_time
early,union,historical_mean,2018-09,0.033962264150943396,0.6,-0.5660377358490566,0.5660377358490566,0.32039871840512635,2018-08,2018-09-14T01:30:00+00:00,,pseudo_real_time
early,union,last_available_actual,2018-09,0.4,0.6,-0.19999999999999996,0.19999999999999996,0.03999999999999998,2018-08,2018-09-14T01:30:00+00:00,,pseudo_real_time
early,union,no_change,2018-10,0.0,0.4,-0.4,0.4,0.16000000000000003,2018-08,2018-10-15T01:30:00+00:00,,pseudo_real_time
early,union,historical_mean,2018-10,0.033962264150943396,0.4,-0.36603773584905663,0.36603773584905663,0.13398362406550376,2018-08,2018-10-15T01:30:00+00:00,,pseudo_real_time
early,union,last_available_actual,2018-10,0.4,0.4,0.0,0.0,0.0,2018-08,2018-10-15T01:30:00+00:00,,pseudo_real_time
early,union,no_change,2018-11,0.0,-0.2,0.2,0.2,0.04000000000000001,2018-10,2018-11-14T01:30:00+00:00,,pseudo_real_time
early,union,historical_mean,2018-11,0.050909090909090904,-0.2,0.2509090909090909,0.2509090909090909,0.06295537190082645,2018-10,2018-11-14T01:30:00+00:00,,pseudo_real_time
early,union,last_available_actual,2018-11,0.4,-0.2,0.6000000000000001,0.6000000000000001,0.3600000000000001,2018-10,2018-11-14T01:30:00+00:00,,pseudo_real_time
early,union,no_change,2018-12,0.0,-1.0,1.0,1.0,1.0,2018-11,2018-12-14T01:30:00+00:00,,pseudo_real_time
early,union,historical_mean,2018-12,0.04642857142857143,-1.0,1.0464285714285715,1.0464285714285715,1.095012755102041,2018-11,2018-12-14T01:30:00+00:00,,pseudo_real_time
early,union,last_available_actual,2018-12,-0.2,-1.0,0.8,0.8,0.6400000000000001,2018-11,2018-12-14T01:30:00+00:00,,pseudo_real_time
early,union,no_change,2019-01,0.0,-0.6,0.6,0.6,0.36,2018-12,2019-01-14T01:30:00+00:00,,pseudo_real_time
early,union,historical_mean,2019-01,0.028070175438596492,-0.6,0.6280701754385964,0.6280701754385964,0.3944721452754693,2018-12,2019-01-14T01:30:00+00:00,,pseudo_real_time
early,union,last_available_actual,2019-01,-1.0,-0.6,-0.4,0.4,0.16000000000000003,2018-12,2019-01-14T01:30:00+00:00,,pseudo_real_time
early,union,no_change,2019-04,0.0,0.3,-0.3,0.3,0.09,2019-01,2019-04-15T01:30:00+00:00,,pseudo_real_time
early,union,historical_mean,2019-04,0.017241379310344827,0.3,-0.2827586206896552,0.2827586206896552,0.07995243757431629,2019-01,2019-04-15T01:30:00+00:00,,pseudo_real_time
early,union,last_available_actual,2019-04,-0.6,0.3,-0.8999999999999999,0.8999999999999999,0.8099999999999998,2019-01,2019-04-15T01:30:00+00:00,,pseudo_real_time
early,union,no_change,2019-05,0.0,0.2,-0.2,0.2,0.04000000000000001,2019-04,2019-05-14T01:30:00+00:00,,pseudo_real_time
early,union,historical_mean,2019-05,0.022033898305084745,0.2,-0.17796610169491528,0.17796610169491528,0.03167193335248493,2019-04,2019-05-14T01:30:00+00:00,,pseudo_real_time
early,union,last_available_actual,2019-05,0.3,0.2,0.09999999999999998,0.09999999999999998,0.009999999999999995,2019-04,2019-05-14T01:30:00+00:00,,pseudo_real_time
early,union,no_change,2019-06,0.0,-0.3,0.3,0.3,0.09,2019-05,2019-06-14T01:30:00+00:00,,pseudo_real_time
early,union,historical_mean,2019-06,0.025,-0.3,0.325,0.325,0.10562500000000001,2019-05,2019-06-14T01:30:00+00:00,,pseudo_real_time
early,union,last_available_actual,2019-06,0.2,-0.3,0.5,0.5,0.25,2019-05,2019-06-14T01:30:00+00:00,,pseudo_real_time
early,union,no_change,2019-07,0.0,-0.2,0.2,0.2,0.04000000000000001,2019-06,2019-07-15T01:30:00+00:00,,pseudo_real_time
early,union,historical_mean,2019-07,0.019672131147540982,-0.2,0.219672131147541,0.219672131147541,0.04825584520290245,2019-06,2019-07-15T01:30:00+00:00,,pseudo_real_time
early,union,last_available_actual,2019-07,-0.3,-0.2,-0.09999999999999998,0.09999999999999998,0.009999999999999995,2019-06,2019-07-15T01:30:00+00:00,,pseudo_real_time
early,union,no_change,2019-08,0.0,-0.1,0.1,0.1,0.010000000000000002,2019-07,2019-08-14T01:30:00+00:00,,pseudo_real_time
early,union,historical_mean,2019-08,0.016129032258064516,-0.1,0.11612903225806452,0.11612903225806452,0.01348595213319459,2019-07,2019-08-14T01:30:00+00:00,,pseudo_real_time
early,union,last_available_actual,2019-08,-0.2,-0.1,-0.1,0.1,0.010000000000000002,2019-07,2019-08-14T01:30:00+00:00,,pseudo_real_time
early,union,no_change,2019-09,0.0,0.1,-0.1,0.1,0.010000000000000002,2019-08,2019-09-16T01:30:00+00:00,,pseudo_real_time
early,union,historical_mean,2019-09,0.014285714285714285,0.1,-0.08571428571428572,0.08571428571428572,0.007346938775510205,2019-08,2019-09-16T01:30:00+00:00,,pseudo_real_time
early,union,last_available_actual,2019-09,-0.1,0.1,-0.2,0.2,0.04000000000000001,2019-08,2019-09-16T01:30:00+00:00,,pseudo_real_time
early,union,no_change,2019-10,0.0,0.1,-0.1,0.1,0.010000000000000002,2019-08,2019-10-14T01:30:00+00:00,,pseudo_real_time
early,union,historical_mean,2019-10,0.014285714285714285,0.1,-0.08571428571428572,0.08571428571428572,0.007346938775510205,2019-08,2019-10-14T01:30:00+00:00,,pseudo_real_time
early,union,last_available_actual,2019-10,-0.1,0.1,-0.2,0.2,0.04000000000000001,2019-08,2019-10-14T01:30:00+00:00,,pseudo_real_time
early,union,no_change,2019-11,0.0,-0.1,0.1,0.1,0.010000000000000002,2019-10,2019-11-14T01:30:00+00:00,,pseudo_real_time
early,union,historical_mean,2019-11,0.016923076923076923,-0.1,0.11692307692307694,0.11692307692307694,0.013671005917159766,2019-10,2019-11-14T01:30:00+00:00,,pseudo_real_time
early,union,last_available_actual,2019-11,0.1,-0.1,0.2,0.2,0.04000000000000001,2019-10,2019-11-14T01:30:00+00:00,,pseudo_real_time
early,union,no_change,2019-12,0.0,0.0,0.0,0.0,0.0,2019-11,2019-12-16T01:30:00+00:00,,pseudo_real_time
early,union,historical_mean,2019-12,0.01515151515151515,0.0,0.01515151515151515,0.01515151515151515,0.00022956841138659318,2019-11,2019-12-16T01:30:00+00:00,,pseudo_real_time
early,union,last_available_actual,2019-12,-0.1,0.0,-0.1,0.1,0.010000000000000002,2019-11,2019-12-16T01:30:00+00:00,,pseudo_real_time
early,union,no_change,2020-01,0.0,0.0,0.0,0.0,0.0,2019-12,2020-01-14T01:30:00+00:00,,pseudo_real_time
early,union,historical_mean,2020-01,0.014925373134328356,0.0,0.014925373134328356,0.014925373134328356,0.00022276676319893065,2019-12,2020-01-14T01:30:00+00:00,,pseudo_real_time
early,union,last_available_actual,2020-01,0.0,0.0,0.0,0.0,0.0,2019-12,2020-01-14T01:30:00+00:00,,pseudo_real_time
early,union,no_change,2020-02,0.0,-0.5,0.5,0.5,0.25,2020-01,2020-02-14T01:30:00+00:00,,pseudo_real_time
early,union,historical_mean,2020-02,0.014705882352941175,-0.5,0.5147058823529411,0.5147058823529411,0.26492214532871966,2020-01,2020-02-14T01:30:00+00:00,,pseudo_real_time
early,union,last_available_actual,2020-02,0.0,-0.5,0.5,0.5,0.25,2020-01,2020-02-14T01:30:00+00:00,,pseudo_real_time
early,union,no_change,2020-03,0.0,-1.0,1.0,1.0,1.0,2020-02,2020-03-16T01:30:00+00:00,,pseudo_real_time
early,union,historical_mean,2020-03,0.007246376811594201,-1.0,1.0072463768115942,1.0072463768115942,1.014545263600084,2020-02,2020-03-16T01:30:00+00:00,,pseudo_real_time
early,union,last_available_actual,2020-03,-0.5,-1.0,0.5,0.5,0.25,2020-02,2020-03-16T01:30:00+00:00,,pseudo_real_time
early,union,no_change,2020-04,0.0,-1.3,1.3,1.3,1.6900000000000002,2020-03,2020-04-14T01:30:00+00:00,,pseudo_real_time
early,union,historical_mean,2020-04,-0.007142857142857144,-1.3,1.292857142857143,1.292857142857143,1.671479591836735,2020-03,2020-04-14T01:30:00+00:00,,pseudo_real_time
early,union,last_available_actual,2020-04,-1.0,-1.3,0.30000000000000004,0.30000000000000004,0.09000000000000002,2020-03,2020-04-14T01:30:00+00:00,,pseudo_real_time
early,union,no_change,2020-05,0.0,-0.4,0.4,0.4,0.16000000000000003,2020-04,2020-05-14T01:30:00+00:00,,pseudo_real_time
early,union,historical_mean,2020-05,-0.025352112676056342,-0.4,0.37464788732394366,0.37464788732394366,0.14036103947629439,2020-04,2020-05-14T01:30:00+00:00,,pseudo_real_time
early,union,last_available_actual,2020-05,-1.3,-0.4,-0.9,0.9,0.81,2020-04,2020-05-14T01:30:00+00:00,,pseudo_real_time
early,union,no_change,2020-06,0.0,0.4,-0.4,0.4,0.16000000000000003,2020-05,2020-06-15T01:30:00+00:00,,pseudo_real_time
early,union,historical_mean,2020-06,-0.030555555555555558,0.4,-0.4305555555555556,0.4305555555555556,0.18537808641975312,2020-05,2020-06-15T01:30:00+00:00,,pseudo_real_time
early,union,last_available_actual,2020-06,-0.4,0.4,-0.8,0.8,0.6400000000000001,2020-05,2020-06-15T01:30:00+00:00,,pseudo_real_time
early,union,no_change,2020-07,0.0,0.4,-0.4,0.4,0.16000000000000003,2020-06,2020-07-14T01:30:00+00:00,,pseudo_real_time
early,union,historical_mean,2020-07,-0.024657534246575345,0.4,-0.4246575342465754,0.4246575342465754,0.18033402139238133,2020-06,2020-07-14T01:30:00+00:00,,pseudo_real_time
early,union,last_available_actual,2020-07,0.4,0.4,0.0,0.0,0.0,2020-06,2020-07-14T01:30:00+00:00,,pseudo_real_time
early,union,no_change,2020-08,0.0,0.3,-0.3,0.3,0.09,2020-07,2020-08-14T01:30:00+00:00,,pseudo_real_time
early,union,historical_mean,2020-08,-0.018918918918918923,0.3,-0.31891891891891894,0.31891891891891894,0.10170927684441199,2020-07,2020-08-14T01:30:00+00:00,,pseudo_real_time
early,union,last_available_actual,2020-08,0.4,0.3,0.10000000000000003,0.10000000000000003,0.010000000000000007,2020-07,2020-08-14T01:30:00+00:00,,pseudo_real_time
early,union,no_change,2020-09,0.0,0.1,-0.1,0.1,0.010000000000000002,2020-08,2020-09-14T01:30:00+00:00,,pseudo_real_time
early,union,historical_mean,2020-09,-0.014666666666666672,0.1,-0.11466666666666668,0.11466666666666668,0.013148444444444447,2020-08,2020-09-14T01:30:00+00:00,,pseudo_real_time
early,union,last_available_actual,2020-09,0.3,0.1,0.19999999999999998,0.19999999999999998,0.039999999999999994,2020-08,2020-09-14T01:30:00+00:00,,pseudo_real_time
early,union,no_change,2020-10,0.0,0.0,0.0,0.0,0.0,2020-08,2020-10-14T01:30:00+00:00,,pseudo_real_time
early,union,historical_mean,2020-10,-0.014666666666666672,0.0,-0.014666666666666672,0.014666666666666672,0.00021511111111111126,2020-08,2020-10-14T01:30:00+00:00,,pseudo_real_time
early,union,last_available_actual,2020-10,0.3,0.0,0.3,0.3,0.09,2020-08,2020-10-14T01:30:00+00:00,,pseudo_real_time
early,union,no_change,2020-11,0.0,0.5,-0.5,0.5,0.25,2020-10,2020-11-16T01:30:00+00:00,,pseudo_real_time
early,union,historical_mean,2020-11,-0.01298701298701299,0.5,-0.512987012987013,0.512987012987013,0.26315567549333785,2020-10,2020-11-16T01:30:00+00:00,,pseudo_real_time
early,union,last_available_actual,2020-11,0.0,0.5,-0.5,0.5,0.25,2020-10,2020-11-16T01:30:00+00:00,,pseudo_real_time
early,union,no_change,2020-12,0.0,1.1,-1.1,1.1,1.2100000000000002,2020-11,2020-12-14T01:30:00+00:00,,pseudo_real_time
early,union,historical_mean,2020-12,-0.0064102564102564135,1.1,-1.1064102564102565,1.1064102564102565,1.2241436554898095,2020-11,2020-12-14T01:30:00+00:00,,pseudo_real_time
early,union,last_available_actual,2020-12,0.5,1.1,-0.6000000000000001,0.6000000000000001,0.3600000000000001,2020-11,2020-12-14T01:30:00+00:00,,pseudo_real_time
early,union,no_change,2021-01,0.0,1.0,-1.0,1.0,1.0,2020-12,2021-01-14T01:30:00+00:00,,pseudo_real_time
early,union,historical_mean,2021-01,0.0075949367088607575,1.0,-0.9924050632911392,0.9924050632911392,0.98486780964589,2020-12,2021-01-14T01:30:00+00:00,,pseudo_real_time
early,union,last_available_actual,2021-01,1.1,1.0,0.10000000000000009,0.10000000000000009,0.010000000000000018,2020-12,2021-01-14T01:30:00+00:00,,pseudo_real_time
early,union,no_change,2021-02,0.0,0.8,-0.8,0.8,0.6400000000000001,2021-01,2021-02-19T01:30:00+00:00,,pseudo_real_time
early,union,historical_mean,2021-02,0.02,0.8,-0.78,0.78,0.6084,2021-01,2021-02-19T01:30:00+00:00,,pseudo_real_time
early,union,last_available_actual,2021-02,1.0,0.8,0.19999999999999996,0.19999999999999996,0.03999999999999998,2021-01,2021-02-19T01:30:00+00:00,,pseudo_real_time
early,union,no_change,2021-03,0.0,1.6,-1.6,1.6,2.5600000000000005,2021-02,2021-03-15T01:30:00+00:00,,pseudo_real_time
early,union,historical_mean,2021-03,0.029629629629629634,1.6,-1.5703703703703704,1.5703703703703704,2.4660631001371742,2021-02,2021-03-15T01:30:00+00:00,,pseudo_real_time
early,union,last_available_actual,2021-03,0.8,1.6,-0.8,0.8,0.6400000000000001,2021-02,2021-03-15T01:30:00+00:00,,pseudo_real_time
early,union,no_change,2021-04,0.0,0.9,-0.9,0.9,0.81,2021-03,2021-04-14T01:30:00+00:00,,pseudo_real_time
early,union,historical_mean,2021-04,0.04878048780487805,0.9,-0.8512195121951219,0.8512195121951219,0.7245746579417013,2021-03,2021-04-14T01:30:00+00:00,,pseudo_real_time
early,union,last_available_actual,2021-04,1.6,0.9,0.7000000000000001,0.7000000000000001,0.4900000000000001,2021-03,2021-04-14T01:30:00+00:00,,pseudo_real_time
early,union,no_change,2021-05,0.0,1.6,-1.6,1.6,2.5600000000000005,2021-04,2021-05-14T01:30:00+00:00,,pseudo_real_time
early,union,historical_mean,2021-05,0.05903614457831326,1.6,-1.540963855421687,1.540963855421687,2.3745696037160697,2021-04,2021-05-14T01:30:00+00:00,,pseudo_real_time
early,union,last_available_actual,2021-05,0.9,1.6,-0.7000000000000001,0.7000000000000001,0.4900000000000001,2021-04,2021-05-14T01:30:00+00:00,,pseudo_real_time
early,union,no_change,2021-06,0.0,0.3,-0.3,0.3,0.09,2021-05,2021-06-15T01:30:00+00:00,,pseudo_real_time
early,union,historical_mean,2021-06,0.07738095238095238,0.3,-0.2226190476190476,0.2226190476190476,0.049559240362811785,2021-05,2021-06-15T01:30:00+00:00,,pseudo_real_time
early,union,last_available_actual,2021-06,1.6,0.3,1.3,1.3,1.6900000000000002,2021-05,2021-06-15T01:30:00+00:00,,pseudo_real_time
early,union,no_change,2021-07,0.0,0.5,-0.5,0.5,0.25,2021-06,2021-07-14T01:30:00+00:00,,pseudo_real_time
early,union,historical_mean,2021-07,0.08,0.5,-0.42,0.42,0.17639999999999997,2021-06,2021-07-14T01:30:00+00:00,,pseudo_real_time
early,union,last_available_actual,2021-07,0.3,0.5,-0.2,0.2,0.04000000000000001,2021-06,2021-07-14T01:30:00+00:00,,pseudo_real_time
early,union,no_change,2021-08,0.0,0.7,-0.7,0.7,0.48999999999999994,2021-07,2021-08-16T01:30:00+00:00,,pseudo_real_time
early,union,historical_mean,2021-08,0.08488372093023255,0.7,-0.6151162790697674,0.6151162790697674,0.378368036776636,2021-07,2021-08-16T01:30:00+00:00,,pseudo_real_time
early,union,last_available_actual,2021-08,0.5,0.7,-0.19999999999999996,0.19999999999999996,0.03999999999999998,2021-07,2021-08-16T01:30:00+00:00,,pseudo_real_time
early,union,no_change,2021-09,0.0,1.2,-1.2,1.2,1.44,2021-08,2021-09-14T01:30:00+00:00,,pseudo_real_time
early,union,historical_mean,2021-09,0.09195402298850575,1.2,-1.108045977011494,1.108045977011494,1.2277658871713566,2021-08,2021-09-14T01:30:00+00:00,,pseudo_real_time
early,union,last_available_actual,2021-09,0.7,1.2,-0.5,0.5,0.25,2021-08,2021-09-14T01:30:00+00:00,,pseudo_real_time
early,union,no_change,2021-10,0.0,2.5,-2.5,2.5,6.25,2021-08,2021-10-14T01:30:00+00:00,,pseudo_real_time
early,union,historical_mean,2021-10,0.09195402298850575,2.5,-2.4080459770114944,2.4080459770114944,5.798685427401242,2021-08,2021-10-14T01:30:00+00:00,,pseudo_real_time
early,union,last_available_actual,2021-10,0.7,2.5,-1.8,1.8,3.24,2021-08,2021-10-14T01:30:00+00:00,,pseudo_real_time
early,union,no_change,2021-11,0.0,0.0,0.0,0.0,0.0,2021-10,2021-11-15T01:30:00+00:00,,pseudo_real_time
early,union,historical_mean,2021-11,0.13146067415730336,0.0,0.13146067415730336,0.13146067415730336,0.01728190884989269,2021-10,2021-11-15T01:30:00+00:00,,pseudo_real_time
early,union,last_available_actual,2021-11,2.5,0.0,2.5,2.5,6.25,2021-10,2021-11-15T01:30:00+00:00,,pseudo_real_time
early,union,no_change,2021-12,0.0,-1.2,1.2,1.2,1.44,2021-11,2021-12-14T01:30:00+00:00,,pseudo_real_time
early,union,historical_mean,2021-12,0.13,-1.2,1.33,1.33,1.7689000000000001,2021-11,2021-12-14T01:30:00+00:00,,pseudo_real_time
early,union,last_available_actual,2021-12,0.0,-1.2,1.2,1.2,1.44,2021-11,2021-12-14T01:30:00+00:00,,pseudo_real_time
early,union,no_change,2022-01,0.0,-0.2,0.2,0.2,0.04000000000000001,2021-12,2022-01-14T01:30:00+00:00,,pseudo_real_time
early,union,historical_mean,2022-01,0.11538461538461539,-0.2,0.3153846153846154,0.3153846153846154,0.09946745562130177,2021-12,2022-01-14T01:30:00+00:00,,pseudo_real_time
early,union,last_available_actual,2022-01,-1.2,-0.2,-1.0,1.0,1.0,2021-12,2022-01-14T01:30:00+00:00,,pseudo_real_time
early,union,no_change,2022-04,0.0,0.6,-0.6,0.6,0.36,2022-01,2022-04-14T01:30:00+00:00,,pseudo_real_time
early,union,historical_mean,2022-04,0.11195652173913044,0.6,-0.4880434782608695,0.4880434782608695,0.23818643667296782,2022-01,2022-04-14T01:30:00+00:00,,pseudo_real_time
early,union,last_available_actual,2022-04,-0.2,0.6,-0.8,0.8,0.6400000000000001,2022-01,2022-04-14T01:30:00+00:00,,pseudo_real_time
early,union,no_change,2022-05,0.0,0.1,-0.1,0.1,0.010000000000000002,2022-04,2022-05-14T01:30:00+00:00,,pseudo_real_time
early,union,historical_mean,2022-05,0.11720430107526882,0.1,0.01720430107526881,0.01720430107526881,0.00029598797548849553,2022-04,2022-05-14T01:30:00+00:00,,pseudo_real_time
early,union,last_available_actual,2022-05,0.6,0.1,0.5,0.5,0.25,2022-04,2022-05-14T01:30:00+00:00,,pseudo_real_time
early,union,no_change,2022-06,0.0,0.0,0.0,0.0,0.0,2022-05,2022-06-14T01:30:00+00:00,,pseudo_real_time
early,union,historical_mean,2022-06,0.11702127659574468,0.0,0.11702127659574468,0.11702127659574468,0.013693979176097782,2022-05,2022-06-14T01:30:00+00:00,,pseudo_real_time
early,union,last_available_actual,2022-06,0.1,0.0,0.1,0.1,0.010000000000000002,2022-05,2022-06-14T01:30:00+00:00,,pseudo_real_time
early,union,no_change,2022-07,0.0,-1.3,1.3,1.3,1.6900000000000002,2022-06,2022-07-14T01:30:00+00:00,,pseudo_real_time
early,union,historical_mean,2022-07,0.11578947368421053,-1.3,1.4157894736842105,1.4157894736842105,2.0044598337950137,2022-06,2022-07-14T01:30:00+00:00,,pseudo_real_time
early,union,last_available_actual,2022-07,0.0,-1.3,1.3,1.3,1.6900000000000002,2022-06,2022-07-14T01:30:00+00:00,,pseudo_real_time
early,union,no_change,2022-08,0.0,-1.2,1.2,1.2,1.44,2022-07,2022-08-14T01:30:00+00:00,,pseudo_real_time
early,union,historical_mean,2022-08,0.10104166666666668,-1.2,1.3010416666666667,1.3010416666666667,1.6927094184027778,2022-07,2022-08-14T01:30:00+00:00,,pseudo_real_time
early,union,last_available_actual,2022-08,-1.3,-1.2,-0.10000000000000009,0.10000000000000009,0.010000000000000018,2022-07,2022-08-14T01:30:00+00:00,,pseudo_real_time
early,union,no_change,2022-09,0.0,-0.1,0.1,0.1,0.010000000000000002,2022-08,2022-09-14T01:30:00+00:00,,pseudo_real_time
early,union,historical_mean,2022-09,0.08762886597938147,-0.1,0.18762886597938147,0.18762886597938147,0.035204591348708694,2022-08,2022-09-14T01:30:00+00:00,,pseudo_real_time
early,union,last_available_actual,2022-09,-1.2,-0.1,-1.0999999999999999,1.0999999999999999,1.2099999999999997,2022-08,2022-09-14T01:30:00+00:00,,pseudo_real_time
early,union,no_change,2022-10,0.0,0.2,-0.2,0.2,0.04000000000000001,2022-08,2022-10-14T01:30:00+00:00,,pseudo_real_time
early,union,historical_mean,2022-10,0.08762886597938147,0.2,-0.11237113402061855,0.11237113402061855,0.012627271761079814,2022-08,2022-10-14T01:30:00+00:00,,pseudo_real_time
early,union,last_available_actual,2022-10,-1.2,0.2,-1.4,1.4,1.9599999999999997,2022-08,2022-10-14T01:30:00+00:00,,pseudo_real_time
early,union,no_change,2022-11,0.0,0.1,-0.1,0.1,0.010000000000000002,2022-10,2022-11-14T01:30:00+00:00,,pseudo_real_time
early,union,historical_mean,2022-11,0.08686868686868689,0.1,-0.013131313131313119,0.013131313131313119,0.00017243138455259635,2022-10,2022-11-14T01:30:00+00:00,,pseudo_real_time
early,union,last_available_actual,2022-11,0.2,0.1,0.1,0.1,0.010000000000000002,2022-10,2022-11-14T01:30:00+00:00,,pseudo_real_time
early,union,no_change,2022-12,0.0,-0.5,0.5,0.5,0.25,2022-11,2022-12-14T01:30:00+00:00,,pseudo_real_time
early,union,historical_mean,2022-12,0.08700000000000001,-0.5,0.587,0.587,0.34456899999999996,2022-11,2022-12-14T01:30:00+00:00,,pseudo_real_time
early,union,last_available_actual,2022-12,0.1,-0.5,0.6,0.6,0.36,2022-11,2022-12-14T01:30:00+00:00,,pseudo_real_time
early,union,no_change,2023-01,0.0,-0.4,0.4,0.4,0.16000000000000003,2022-12,2023-01-14T01:30:00+00:00,,pseudo_real_time
early,union,historical_mean,2023-01,0.0811881188118812,-0.4,0.4811881188118812,0.4811881188118812,0.23154200568571712,2022-12,2023-01-14T01:30:00+00:00,,pseudo_real_time
early,union,last_available_actual,2023-01,-0.5,-0.4,-0.09999999999999998,0.09999999999999998,0.009999999999999995,2022-12,2023-01-14T01:30:00+00:00,,pseudo_real_time
early,union,no_change,2023-02,0.0,0.0,0.0,0.0,0.0,2023-01,2023-02-14T01:30:00+00:00,,pseudo_real_time
early,union,historical_mean,2023-02,0.07647058823529412,0.0,0.07647058823529412,0.07647058823529412,0.005847750865051904,2023-01,2023-02-14T01:30:00+00:00,,pseudo_real_time
early,union,last_available_actual,2023-02,-0.4,0.0,-0.4,0.4,0.16000000000000003,2023-01,2023-02-14T01:30:00+00:00,,pseudo_real_time
early,union,no_change,2023-03,0.0,0.0,0.0,0.0,0.0,2023-02,2023-03-14T01:30:00+00:00,,pseudo_real_time
early,union,historical_mean,2023-03,0.07572815533980583,0.0,0.07572815533980583,0.07572815533980583,0.005734753511169762,2023-02,2023-03-14T01:30:00+00:00,,pseudo_real_time
early,union,last_available_actual,2023-03,0.0,0.0,0.0,0.0,0.0,2023-02,2023-03-14T01:30:00+00:00,,pseudo_real_time
early,union,no_change,2023-04,0.0,-0.5,0.5,0.5,0.25,2023-03,2023-04-14T01:30:00+00:00,,pseudo_real_time
early,union,historical_mean,2023-04,0.07499999999999998,-0.5,0.575,0.575,0.33062499999999995,2023-03,2023-04-14T01:30:00+00:00,,pseudo_real_time
early,union,last_available_actual,2023-04,0.0,-0.5,0.5,0.5,0.25,2023-03,2023-04-14T01:30:00+00:00,,pseudo_real_time
early,union,no_change,2023-05,0.0,-0.9,0.9,0.9,0.81,2023-04,2023-05-14T01:30:00+00:00,,pseudo_real_time
early,union,historical_mean,2023-05,0.06952380952380952,-0.9,0.9695238095238096,0.9695238095238096,0.9399764172335602,2023-04,2023-05-14T01:30:00+00:00,,pseudo_real_time
early,union,last_available_actual,2023-05,-0.5,-0.9,0.4,0.4,0.16000000000000003,2023-04,2023-05-14T01:30:00+00:00,,pseudo_real_time
early,union,no_change,2023-06,0.0,-0.8,0.8,0.8,0.6400000000000001,2023-05,2023-06-14T01:30:00+00:00,,pseudo_real_time
early,union,historical_mean,2023-06,0.060377358490566024,-0.8,0.8603773584905661,0.8603773584905661,0.7402491990032041,2023-05,2023-06-14T01:30:00+00:00,,pseudo_real_time
early,union,last_available_actual,2023-06,-0.9,-0.8,-0.09999999999999998,0.09999999999999998,0.009999999999999995,2023-05,2023-06-14T01:30:00+00:00,,pseudo_real_time
early,union,no_change,2023-07,0.0,-0.2,0.2,0.2,0.04000000000000001,2023-06,2023-07-14T01:30:00+00:00,,pseudo_real_time
early,union,historical_mean,2023-07,0.05233644859813083,-0.2,0.25233644859813087,0.25233644859813087,0.06367368329111714,2023-06,2023-07-14T01:30:00+00:00,,pseudo_real_time
early,union,last_available_actual,2023-07,-0.8,-0.2,-0.6000000000000001,0.6000000000000001,0.3600000000000001,2023-06,2023-07-14T01:30:00+00:00,,pseudo_real_time
early,union,no_change,2023-08,0.0,0.2,-0.2,0.2,0.04000000000000001,2023-07,2023-08-14T01:30:00+00:00,,pseudo_real_time
early,union,historical_mean,2023-08,0.04999999999999999,0.2,-0.15000000000000002,0.15000000000000002,0.022500000000000006,2023-07,2023-08-14T01:30:00+00:00,,pseudo_real_time
early,union,last_available_actual,2023-08,-0.2,0.2,-0.4,0.4,0.16000000000000003,2023-07,2023-08-14T01:30:00+00:00,,pseudo_real_time
early,union,no_change,2023-09,0.0,0.4,-0.4,0.4,0.16000000000000003,2023-08,2023-09-14T01:30:00+00:00,,pseudo_real_time
early,union,historical_mean,2023-09,0.051376146788990815,0.4,-0.3486238532110092,0.3486238532110092,0.12153859102769128,2023-08,2023-09-14T01:30:00+00:00,,pseudo_real_time
early,union,last_available_actual,2023-09,0.2,0.4,-0.2,0.2,0.04000000000000001,2023-08,2023-09-14T01:30:00+00:00,,pseudo_real_time
early,union,no_change,2023-10,0.0,0.0,0.0,0.0,0.0,2023-09,2023-10-14T01:30:00+00:00,,pseudo_real_time
early,union,historical_mean,2023-10,0.054545454545454536,0.0,0.054545454545454536,0.054545454545454536,0.002975206611570247,2023-09,2023-10-14T01:30:00+00:00,,pseudo_real_time
early,union,last_available_actual,2023-10,0.4,0.0,0.4,0.4,0.16000000000000003,2023-09,2023-10-14T01:30:00+00:00,,pseudo_real_time
early,union,no_change,2023-11,0.0,-0.3,0.3,0.3,0.09,2023-10,2023-11-14T01:30:00+00:00,,pseudo_real_time
early,union,historical_mean,2023-11,0.05405405405405404,-0.3,0.35405405405405405,0.35405405405405405,0.12535427319211104,2023-10,2023-11-14T01:30:00+00:00,,pseudo_real_time
early,union,last_available_actual,2023-11,0.0,-0.3,0.3,0.3,0.09,2023-10,2023-11-14T01:30:00+00:00,,pseudo_real_time
early,union,no_change,2023-12,0.0,-0.3,0.3,0.3,0.09,2023-11,2023-12-14T01:30:00+00:00,,pseudo_real_time
early,union,historical_mean,2023-12,0.050892857142857136,-0.3,0.3508928571428571,0.3508928571428571,0.12312579719387753,2023-11,2023-12-14T01:30:00+00:00,,pseudo_real_time
early,union,last_available_actual,2023-12,-0.3,-0.3,0.0,0.0,0.0,2023-11,2023-12-14T01:30:00+00:00,,pseudo_real_time
early,union,no_change,2024-01,0.0,-0.2,0.2,0.2,0.04000000000000001,2023-12,2024-01-14T01:30:00+00:00,,pseudo_real_time
early,union,historical_mean,2024-01,0.04778761061946902,-0.2,0.24778761061946902,0.24778761061946902,0.0613986999765056,2023-12,2024-01-14T01:30:00+00:00,,pseudo_real_time
early,union,last_available_actual,2024-01,-0.3,-0.2,-0.09999999999999998,0.09999999999999998,0.009999999999999995,2023-12,2024-01-14T01:30:00+00:00,,pseudo_real_time
early,union,no_change,2024-02,0.0,-0.2,0.2,0.2,0.04000000000000001,2024-01,2024-02-14T01:30:00+00:00,,pseudo_real_time
early,union,historical_mean,2024-02,0.045614035087719294,-0.2,0.2456140350877193,0.2456140350877193,0.06032625423207141,2024-01,2024-02-14T01:30:00+00:00,,pseudo_real_time
early,union,last_available_actual,2024-02,-0.2,-0.2,0.0,0.0,0.0,2024-01,2024-02-14T01:30:00+00:00,,pseudo_real_time
early,union,no_change,2024-03,0.0,-0.1,0.1,0.1,0.010000000000000002,2024-02,2024-03-14T01:30:00+00:00,,pseudo_real_time
early,union,historical_mean,2024-03,0.04347826086956521,-0.1,0.14347826086956522,0.14347826086956522,0.02058601134215501,2024-02,2024-03-14T01:30:00+00:00,,pseudo_real_time
early,union,last_available_actual,2024-03,-0.2,-0.1,-0.1,0.1,0.010000000000000002,2024-02,2024-03-14T01:30:00+00:00,,pseudo_real_time
early,union,no_change,2024-04,0.0,-0.2,0.2,0.2,0.04000000000000001,2024-03,2024-04-14T01:30:00+00:00,,pseudo_real_time
early,union,historical_mean,2024-04,0.04224137931034482,-0.2,0.24224137931034484,0.24224137931034484,0.05868088585017837,2024-03,2024-04-14T01:30:00+00:00,,pseudo_real_time
early,union,last_available_actual,2024-04,-0.1,-0.2,0.1,0.1,0.010000000000000002,2024-03,2024-04-14T01:30:00+00:00,,pseudo_real_time
early,union,no_change,2024-05,0.0,0.2,-0.2,0.2,0.04000000000000001,2024-04,2024-05-14T01:30:00+00:00,,pseudo_real_time
early,union,historical_mean,2024-05,0.04017094017094017,0.2,-0.15982905982905984,0.15982905982905984,0.02554532836584119,2024-04,2024-05-14T01:30:00+00:00,,pseudo_real_time
early,union,last_available_actual,2024-05,-0.2,0.2,-0.4,0.4,0.16000000000000003,2024-04,2024-05-14T01:30:00+00:00,,pseudo_real_time
early,union,no_change,2024-06,0.0,0.1,-0.1,0.1,0.010000000000000002,2024-05,2024-06-14T01:30:00+00:00,,pseudo_real_time
early,union,historical_mean,2024-06,0.04152542372881356,0.1,-0.05847457627118645,0.05847457627118645,0.0034192760700948012,2024-05,2024-06-14T01:30:00+00:00,,pseudo_real_time
early,union,last_available_actual,2024-06,0.2,0.1,0.1,0.1,0.010000000000000002,2024-05,2024-06-14T01:30:00+00:00,,pseudo_real_time
early,union,no_change,2024-07,0.0,-0.2,0.2,0.2,0.04000000000000001,2024-06,2024-07-14T01:30:00+00:00,,pseudo_real_time
early,union,historical_mean,2024-07,0.042016806722689065,-0.2,0.24201680672268908,0.24201680672268908,0.05857213473624744,2024-06,2024-07-14T01:30:00+00:00,,pseudo_real_time
early,union,last_available_actual,2024-07,0.1,-0.2,0.30000000000000004,0.30000000000000004,0.09000000000000002,2024-06,2024-07-14T01:30:00+00:00,,pseudo_real_time
early,union,no_change,2024-08,0.0,-0.7,0.7,0.7,0.48999999999999994,2024-07,2024-08-14T01:30:00+00:00,,pseudo_real_time
early,union,historical_mean,2024-08,0.04,-0.7,0.74,0.74,0.5476,2024-07,2024-08-14T01:30:00+00:00,,pseudo_real_time
early,union,last_available_actual,2024-08,-0.2,-0.7,0.49999999999999994,0.49999999999999994,0.24999999999999994,2024-07,2024-08-14T01:30:00+00:00,,pseudo_real_time
early,union,no_change,2024-09,0.0,-0.6,0.6,0.6,0.36,2024-08,2024-09-14T01:30:00+00:00,,pseudo_real_time
early,union,historical_mean,2024-09,0.033884297520661154,-0.6,0.6338842975206611,0.6338842975206611,0.40180930264326203,2024-08,2024-09-14T01:30:00+00:00,,pseudo_real_time
early,union,last_available_actual,2024-09,-0.7,-0.6,-0.09999999999999998,0.09999999999999998,0.009999999999999995,2024-08,2024-09-14T01:30:00+00:00,,pseudo_real_time
early,union,no_change,2024-10,0.0,-0.1,0.1,0.1,0.010000000000000002,2024-09,2024-10-14T01:30:00+00:00,,pseudo_real_time
early,union,historical_mean,2024-10,0.02868852459016393,-0.1,0.12868852459016394,0.12868852459016394,0.01656073636119323,2024-09,2024-10-14T01:30:00+00:00,,pseudo_real_time
early,union,last_available_actual,2024-10,-0.6,-0.1,-0.5,0.5,0.25,2024-09,2024-10-14T01:30:00+00:00,,pseudo_real_time
early,union,no_change,2024-11,0.0,-0.1,0.1,0.1,0.010000000000000002,2024-10,2024-11-14T01:30:00+00:00,,pseudo_real_time
early,union,historical_mean,2024-11,0.027642276422764223,-0.1,0.12764227642276424,0.12764227642276424,0.016292550730385356,2024-10,2024-11-14T01:30:00+00:00,,pseudo_real_time
early,union,last_available_actual,2024-11,-0.1,-0.1,0.0,0.0,0.0,2024-10,2024-11-14T01:30:00+00:00,,pseudo_real_time
early,union,no_change,2024-12,0.0,-0.1,0.1,0.1,0.010000000000000002,2024-11,2024-12-14T01:30:00+00:00,,pseudo_real_time
early,union,historical_mean,2024-12,0.026612903225806447,-0.1,0.12661290322580646,0.12661290322580646,0.01603082726326743,2024-11,2024-12-14T01:30:00+00:00,,pseudo_real_time
early,union,last_available_actual,2024-12,-0.1,-0.1,0.0,0.0,0.0,2024-11,2024-12-14T01:30:00+00:00,,pseudo_real_time
early,union,no_change,2025-01,0.0,-0.2,0.2,0.2,0.04000000000000001,2024-12,2025-01-14T01:30:00+00:00,,pseudo_real_time
early,union,historical_mean,2025-01,0.025599999999999994,-0.2,0.2256,0.2256,0.05089536,2024-12,2025-01-14T01:30:00+00:00,,pseudo_real_time
early,union,last_available_actual,2025-01,-0.1,-0.2,0.1,0.1,0.010000000000000002,2024-12,2025-01-14T01:30:00+00:00,,pseudo_real_time
early,union,no_change,2025-02,0.0,-0.1,0.1,0.1,0.010000000000000002,2025-01,2025-02-14T01:30:00+00:00,,pseudo_real_time
early,union,historical_mean,2025-02,0.0238095238095238,-0.1,0.12380952380952381,0.12380952380952381,0.015328798185941045,2025-01,2025-02-14T01:30:00+00:00,,pseudo_real_time
early,union,last_available_actual,2025-02,-0.2,-0.1,-0.1,0.1,0.010000000000000002,2025-01,2025-02-14T01:30:00+00:00,,pseudo_real_time
early,union,no_change,2025-03,0.0,-0.4,0.4,0.4,0.16000000000000003,2025-02,2025-03-14T01:30:00+00:00,,pseudo_real_time
early,union,historical_mean,2025-03,0.02283464566929133,-0.4,0.42283464566929135,0.42283464566929135,0.17878913757827516,2025-02,2025-03-14T01:30:00+00:00,,pseudo_real_time
early,union,last_available_actual,2025-03,-0.1,-0.4,0.30000000000000004,0.30000000000000004,0.09000000000000002,2025-02,2025-03-14T01:30:00+00:00,,pseudo_real_time
early,union,no_change,2025-04,0.0,-0.4,0.4,0.4,0.16000000000000003,2025-03,2025-04-14T01:30:00+00:00,,pseudo_real_time
early,union,historical_mean,2025-04,0.01953125,-0.4,0.41953125,0.41953125,0.17600646972656253,2025-03,2025-04-14T01:30:00+00:00,,pseudo_real_time
early,union,last_available_actual,2025-04,-0.4,-0.4,0.0,0.0,0.0,2025-03,2025-04-14T01:30:00+00:00,,pseudo_real_time
early,union,no_change,2025-05,0.0,-0.4,0.4,0.4,0.16000000000000003,2025-04,2025-05-14T01:30:00+00:00,,pseudo_real_time
early,union,historical_mean,2025-05,0.016279069767441857,-0.4,0.4162790697674419,0.4162790697674419,0.17328826392644675,2025-04,2025-05-14T01:30:00+00:00,,pseudo_real_time
early,union,last_available_actual,2025-05,-0.4,-0.4,0.0,0.0,0.0,2025-04,2025-05-14T01:30:00+00:00,,pseudo_real_time
early,union,no_change,2025-06,0.0,-0.4,0.4,0.4,0.16000000000000003,2025-05,2025-06-14T01:30:00+00:00,,pseudo_real_time
early,union,historical_mean,2025-06,0.013076923076923071,-0.4,0.4130769230769231,0.4130769230769231,0.17063254437869826,2025-05,2025-06-14T01:30:00+00:00,,pseudo_real_time
early,union,last_available_actual,2025-06,-0.4,-0.4,0.0,0.0,0.0,2025-05,2025-06-14T01:30:00+00:00,,pseudo_real_time
early,union,no_change,2025-07,0.0,-0.2,0.2,0.2,0.04000000000000001,2025-06,2025-07-14T01:30:00+00:00,,pseudo_real_time
early,union,historical_mean,2025-07,0.0099236641221374,-0.2,0.20992366412213742,0.20992366412213742,0.04406794475846396,2025-06,2025-07-14T01:30:00+00:00,,pseudo_real_time
early,union,last_available_actual,2025-07,-0.4,-0.2,-0.2,0.2,0.04000000000000001,2025-06,2025-07-14T01:30:00+00:00,,pseudo_real_time
early,union,no_change,2025-08,0.0,0.0,0.0,0.0,0.0,2025-07,2025-08-14T01:30:00+00:00,,pseudo_real_time
early,union,historical_mean,2025-08,0.00833333333333333,0.0,0.00833333333333333,0.00833333333333333,6.944444444444439e-05,2025-07,2025-08-14T01:30:00+00:00,,pseudo_real_time
early,union,last_available_actual,2025-08,-0.2,0.0,-0.2,0.2,0.04000000000000001,2025-07,2025-08-14T01:30:00+00:00,,pseudo_real_time
early,union,no_change,2025-09,0.0,0.0,0.0,0.0,0.0,2025-08,2025-09-14T01:30:00+00:00,,pseudo_real_time
early,union,historical_mean,2025-09,0.008270676691729319,0.0,0.008270676691729319,0.008270676691729319,6.840409293911463e-05,2025-08,2025-09-14T01:30:00+00:00,,pseudo_real_time
early,union,last_available_actual,2025-09,0.0,0.0,0.0,0.0,0.0,2025-08,2025-09-14T01:30:00+00:00,,pseudo_real_time
early,union,no_change,2025-12,0.0,0.2,-0.2,0.2,0.04000000000000001,2025-09,2025-12-14T01:30:00+00:00,,pseudo_real_time
early,union,historical_mean,2025-12,0.008208955223880593,0.2,-0.1917910447761194,0.1917910447761194,0.03678380485631544,2025-09,2025-12-14T01:30:00+00:00,,pseudo_real_time
early,union,last_available_actual,2025-12,0.0,0.2,-0.2,0.2,0.04000000000000001,2025-09,2025-12-14T01:30:00+00:00,,pseudo_real_time
early,union,no_change,2026-01,0.0,0.4,-0.4,0.4,0.16000000000000003,2025-12,2026-01-14T01:30:00+00:00,,pseudo_real_time
early,union,historical_mean,2026-01,0.009629629629629625,0.4,-0.3903703703703704,0.3903703703703704,0.15238902606310017,2025-12,2026-01-14T01:30:00+00:00,,pseudo_real_time
early,union,last_available_actual,2026-01,0.2,0.4,-0.2,0.2,0.04000000000000001,2025-12,2026-01-14T01:30:00+00:00,,pseudo_real_time
early,union,no_change,2026-02,0.0,0.4,-0.4,0.4,0.16000000000000003,2026-01,2026-02-14T01:30:00+00:00,,pseudo_real_time
early,union,historical_mean,2026-02,0.012499999999999995,0.4,-0.3875,0.3875,0.15015625000000002,2026-01,2026-02-14T01:30:00+00:00,,pseudo_real_time
early,union,last_available_actual,2026-02,0.4,0.4,0.0,0.0,0.0,2026-01,2026-02-14T01:30:00+00:00,,pseudo_real_time
early,union,no_change,2026-03,0.0,1.0,-1.0,1.0,1.0,2026-02,2026-03-14T01:30:00+00:00,,pseudo_real_time
early,union,historical_mean,2026-03,0.015328467153284666,1.0,-0.9846715328467154,0.9846715328467154,0.9695780275987,2026-02,2026-03-14T01:30:00+00:00,,pseudo_real_time
early,union,last_available_actual,2026-03,0.4,1.0,-0.6,0.6,0.36,2026-02,2026-03-14T01:30:00+00:00,,pseudo_real_time
early,union,no_change,2026-04,0.0,1.7,-1.7,1.7,2.8899999999999997,2026-03,2026-04-14T01:30:00+00:00,,pseudo_real_time
early,union,historical_mean,2026-04,0.022463768115942025,1.7,-1.6775362318840579,1.6775362318840579,2.8141278092837636,2026-03,2026-04-14T01:30:00+00:00,,pseudo_real_time
early,union,last_available_actual,2026-04,1.0,1.7,-0.7,0.7,0.48999999999999994,2026-03,2026-04-14T01:30:00+00:00,,pseudo_real_time
early,union,no_change,2026-05,0.0,0.5,-0.5,0.5,0.25,2026-04,2026-05-14T01:30:00+00:00,,pseudo_real_time
early,union,historical_mean,2026-05,0.034532374100719423,0.5,-0.4654676258992806,0.4654676258992806,0.21666011076031264,2026-04,2026-05-14T01:30:00+00:00,,pseudo_real_time
early,union,last_available_actual,2026-05,1.7,0.5,1.2,1.2,1.44,2026-04,2026-05-14T01:30:00+00:00,,pseudo_real_time
early,union,no_change,2026-06,0.0,-0.3,0.3,0.3,0.09,2026-05,2026-06-14T01:30:00+00:00,,pseudo_real_time
early,union,historical_mean,2026-06,0.03785714285714285,-0.3,0.33785714285714286,0.33785714285714286,0.11414744897959184,2026-05,2026-06-14T01:30:00+00:00,,pseudo_real_time
early,union,last_available_actual,2026-06,0.5,-0.3,0.8,0.8,0.6400000000000001,2026-05,2026-06-14T01:30:00+00:00,,pseudo_real_time
early,union,no_change,2026-07,0.0,-0.7,0.7,0.7,0.48999999999999994,2026-06,2026-07-14T01:30:00+00:00,,pseudo_real_time
early,union,historical_mean,2026-07,0.03546099290780142,-0.7,0.7354609929078014,0.7354609929078014,0.5409028720889292,2026-06,2026-07-14T01:30:00+00:00,,pseudo_real_time
early,union,last_available_actual,2026-07,-0.3,-0.7,0.39999999999999997,0.39999999999999997,0.15999999999999998,2026-06,2026-07-14T01:30:00+00:00,,pseudo_real_time
early,union,no_change,2026-08,0.0,0.4,-0.4,0.4,0.16000000000000003,2026-07,2026-08-14T01:30:00+00:00,,pseudo_real_time
early,union,historical_mean,2026-08,0.030281690140845068,0.4,-0.36971830985915494,0.36971830985915494,0.1366916286451101,2026-07,2026-08-14T01:30:00+00:00,,pseudo_real_time
early,union,last_available_actual,2026-08,-0.7,0.4,-1.1,1.1,1.2100000000000002,2026-07,2026-08-14T01:30:00+00:00,,pseudo_real_time
early_carry,union,ridge,2016-04,-0.032323700616309015,0.7,-0.732323700616309,0.732323700616309,0.5362980024843654,2016-01,2016-04-14T01:30:00+00:00,25.0,pseudo_real_time
early_carry,union,ridge,2016-05,0.4920470528062087,0.5,-0.007952947193791304,0.007952947193791304,6.324936906723298e-05,2016-04,2016-05-16T01:30:00+00:00,5.0,pseudo_real_time
early_carry,union,ridge,2016-06,-0.2989110258857232,-0.2,-0.0989110258857232,0.0989110258857232,0.009783391041766206,2016-05,2016-06-14T01:30:00+00:00,5.0,pseudo_real_time
early_carry,union,ridge,2016-07,-0.0481160784197347,0.2,-0.2481160784197347,0.2481160784197347,0.06156158837038794,2016-06,2016-07-14T01:30:00+00:00,5.0,pseudo_real_time
early_carry,union,ridge,2016-08,0.09421665495451143,0.2,-0.10578334504548859,0.10578334504548859,0.011190116089012894,2016-07,2016-08-15T01:30:00+00:00,25.0,pseudo_real_time
early_carry,union,ridge,2016-09,0.345180663658401,0.5,-0.154819336341599,0.154819336341599,0.023969026905253158,2016-08,2016-09-14T01:30:00+00:00,25.0,pseudo_real_time
early_carry,union,ridge,2016-10,0.496502621541459,0.7,-0.20349737845854093,0.20349737845854093,0.04141118303949864,2016-08,2016-10-14T01:30:00+00:00,25.0,pseudo_real_time
early_carry,union,ridge,2016-11,0.8599562327328799,1.5,-0.6400437672671201,0.6400437672671201,0.4096560240174874,2016-10,2016-11-14T01:30:00+00:00,25.0,pseudo_real_time
early_carry,union,ridge,2016-12,0.5921704508681186,1.6,-1.0078295491318814,1.0078295491318814,1.0157204001033713,2016-11,2016-12-14T01:30:00+00:00,5.0,pseudo_real_time
early_carry,union,ridge,2017-01,0.396944004674041,0.8,-0.40305599532595904,0.40305599532595904,0.16245413536819953,2016-12,2017-01-16T01:30:00+00:00,5.0,pseudo_real_time
early_carry,union,ridge,2017-03,0.595378260989489,0.3,0.295378260989489,0.295378260989489,0.08724831706517468,2017-01,2017-03-14T01:30:00+00:00,5.0,pseudo_real_time
early_carry,union,ridge,2017-04,-0.25550905174563643,-0.4,0.1444909482543636,0.1444909482543636,0.02087763412744518,2017-03,2017-04-14T01:30:00+00:00,5.0,pseudo_real_time
early_carry,union,ridge,2017-05,0.6336643281474997,-0.3,0.9336643281474997,0.9336643281474997,0.871729077655122,2017-04,2017-05-15T01:30:00+00:00,25.0,pseudo_real_time
early_carry,union,ridge,2017-06,-0.17977687463600694,-0.2,0.020223125363993066,0.020223125363993066,0.0004089747994877797,2017-05,2017-06-14T01:30:00+00:00,25.0,pseudo_real_time
early_carry,union,ridge,2017-07,0.26002155411408107,0.2,0.060021554114081055,0.060021554114081055,0.0036025869582695606,2017-06,2017-07-14T01:30:00+00:00,25.0,pseudo_real_time
early_carry,union,ridge,2017-08,0.5504776714703554,0.9,-0.3495223285296446,0.3495223285296446,0.12216585814078482,2017-07,2017-08-14T01:30:00+00:00,25.0,pseudo_real_time
early_carry,union,ridge,2017-09,1.180102326243046,1.0,0.1801023262430459,0.1801023262430459,0.03243684791815654,2017-08,2017-09-14T01:30:00+00:00,25.0,pseudo_real_time
early_carry,union,ridge,2017-10,0.47135486215197625,0.7,-0.2286451378480237,0.2286451378480237,0.05227859906154176,2017-08,2017-10-16T01:30:00+00:00,25.0,pseudo_real_time
early_carry,union,ridge,2017-11,0.6185375659430279,0.5,0.11853756594302789,0.11853756594302789,0.014051154539697686,2017-10,2017-11-14T01:30:00+00:00,25.0,pseudo_real_time
early_carry,union,ridge,2017-12,0.6102152915181444,0.8,-0.1897847084818557,0.1897847084818557,0.036018235573542945,2017-11,2017-12-14T01:30:00+00:00,25.0,pseudo_real_time
early_carry,union,ridge,2018-01,0.059663250133126594,0.3,-0.2403367498668734,0.2403367498668734,0.05776175333657207,2017-12,2018-01-15T01:30:00+00:00,25.0,pseudo_real_time
early_carry,union,ridge,2018-02,0.09545110584976207,-0.1,0.19545110584976208,0.19545110584976208,0.0382011347778949,2018-01,2018-02-14T01:30:00+00:00,25.0,pseudo_real_time
early_carry,union,ridge,2018-03,-0.03598178882604012,-0.2,0.1640182111739599,0.1640182111739599,0.026901973596705705,2018-02,2018-03-14T01:30:00+00:00,25.0,pseudo_real_time
early_carry,union,ridge,2018-04,-0.08801000851841614,-0.2,0.11198999148158387,0.11198999148158387,0.012541758192045227,2018-03,2018-04-16T01:30:00+00:00,25.0,pseudo_real_time
early_carry,union,ridge,2018-05,0.4652791347052031,0.4,0.06527913470520308,0.06527913470520308,0.004261365427860049,2018-04,2018-05-14T01:30:00+00:00,25.0,pseudo_real_time
early_carry,union,ridge,2018-06,0.2644716209024022,0.3,-0.03552837909759776,0.03552837909759776,0.0012622657213026216,2018-05,2018-06-14T01:30:00+00:00,25.0,pseudo_real_time
early_carry,union,ridge,2018-07,0.24250139935723639,0.1,0.14250139935723638,0.14250139935723638,0.02030664881877057,2018-06,2018-07-16T01:30:00+00:00,25.0,pseudo_real_time
early_carry,union,ridge,2018-08,0.43344373134010566,0.4,0.03344373134010564,0.03344373134010564,0.0011184831659491643,2018-07,2018-08-14T01:30:00+00:00,25.0,pseudo_real_time
early_carry,union,ridge,2018-09,0.5369087470385926,0.6,-0.06309125296140738,0.06309125296140738,0.003980506200240296,2018-08,2018-09-14T01:30:00+00:00,5.0,pseudo_real_time
early_carry,union,ridge,2018-10,0.5150777302224817,0.4,0.11507773022248169,0.11507773022248169,0.013242883993158275,2018-08,2018-10-15T01:30:00+00:00,5.0,pseudo_real_time
early_carry,union,ridge,2018-11,-0.3047720125897105,-0.2,-0.10477201258971047,0.10477201258971047,0.01097717462209845,2018-10,2018-11-14T01:30:00+00:00,5.0,pseudo_real_time
early_carry,union,ridge,2018-12,-0.6581339810642848,-1.0,0.3418660189357152,0.3418660189357152,0.1168723749029548,2018-11,2018-12-14T01:30:00+00:00,25.0,pseudo_real_time
early_carry,union,ridge,2019-01,-0.7692023863980675,-0.6,-0.1692023863980675,0.1692023863980675,0.02862944756280094,2018-12,2019-01-14T01:30:00+00:00,25.0,pseudo_real_time
early_carry,union,ridge,2019-04,0.06721141242877716,0.3,-0.23278858757122284,0.23278858757122284,0.05419052650340488,2019-01,2019-04-15T01:30:00+00:00,25.0,pseudo_real_time
early_carry,union,ridge,2019-05,-0.21354744653006238,0.2,-0.41354744653006237,0.41354744653006237,0.1710214905315348,2019-04,2019-05-14T01:30:00+00:00,25.0,pseudo_real_time
early_carry,union,ridge,2019-06,-0.8295264928142019,-0.3,-0.5295264928142018,0.5295264928142018,0.28039830659210896,2019-05,2019-06-14T01:30:00+00:00,25.0,pseudo_real_time
early_carry,union,ridge,2019-07,0.17367202930804446,-0.2,0.37367202930804444,0.37367202930804444,0.13963078548719202,2019-06,2019-07-15T01:30:00+00:00,25.0,pseudo_real_time
early_carry,union,ridge,2019-08,-0.2074762492109891,-0.1,-0.10747624921098908,0.10747624921098908,0.011551144144462632,2019-07,2019-08-14T01:30:00+00:00,25.0,pseudo_real_time
early_carry,union,ridge,2019-09,0.6328129391932258,0.1,0.5328129391932258,0.5328129391932258,0.28388962817172414,2019-08,2019-09-16T01:30:00+00:00,25.0,pseudo_real_time
early_carry,union,ridge,2019-10,-2.616665654554179,0.1,-2.716665654554179,2.716665654554179,7.380272278634287,2019-08,2019-10-14T01:30:00+00:00,25.0,pseudo_real_time
early_carry,union,ridge,2019-11,0.40424454339212723,-0.1,0.5042445433921272,0.5042445433921272,0.25426255954073484,2019-10,2019-11-14T01:30:00+00:00,25.0,pseudo_real_time
early_carry,union,ridge,2019-12,0.03799213296962715,0.0,0.03799213296962715,0.03799213296962715,0.00144340216758183,2019-11,2019-12-16T01:30:00+00:00,25.0,pseudo_real_time
early_carry,union,ridge,2020-01,0.0627224088233428,0.0,0.0627224088233428,0.0627224088233428,0.003934100568602552,2019-12,2020-01-14T01:30:00+00:00,25.0,pseudo_real_time
early_carry,union,ridge,2020-02,-0.4966408525405451,-0.5,0.0033591474594549253,0.0033591474594549253,1.1283871654362479e-05,2020-01,2020-02-14T01:30:00+00:00,25.0,pseudo_real_time
early_carry,union,ridge,2020-03,-0.03888891155882905,-1.0,0.961111088441171,0.961111088441171,0.9237345243245724,2020-02,2020-03-16T01:30:00+00:00,25.0,pseudo_real_time
early_carry,union,ridge,2020-04,-1.4054259431133378,-1.3,-0.10542594311333775,0.10542594311333775,0.011114629481336727,2020-03,2020-04-14T01:30:00+00:00,25.0,pseudo_real_time
early_carry,union,ridge,2020-05,-0.17636390285574155,-0.4,0.22363609714425847,0.22363609714425847,0.05001310394591621,2020-04,2020-05-14T01:30:00+00:00,25.0,pseudo_real_time
early_carry,union,ridge,2020-06,-0.269119304028611,0.4,-0.669119304028611,0.669119304028611,0.4477206430237327,2020-05,2020-06-15T01:30:00+00:00,25.0,pseudo_real_time
early_carry,union,ridge,2020-07,-0.7918979181909026,0.4,-1.1918979181909026,1.1918979181909026,1.4206206473878076,2020-06,2020-07-14T01:30:00+00:00,25.0,pseudo_real_time
early_carry,union,ridge,2020-08,0.3079151184056639,0.3,0.00791511840566389,0.00791511840566389,6.264909937567928e-05,2020-07,2020-08-14T01:30:00+00:00,25.0,pseudo_real_time
early_carry,union,ridge,2020-09,0.19198926072531391,0.1,0.09198926072531391,0.09198926072531391,0.00846202408878978,2020-08,2020-09-14T01:30:00+00:00,25.0,pseudo_real_time
early_carry,union,ridge,2020-10,-0.4490015399441873,0.0,-0.4490015399441873,0.4490015399441873,0.2016023828722516,2020-08,2020-10-14T01:30:00+00:00,25.0,pseudo_real_time
early_carry,union,ridge,2020-11,0.4181160630889922,0.5,-0.08188393691100782,0.08188393691100782,0.006704979124045908,2020-10,2020-11-16T01:30:00+00:00,25.0,pseudo_real_time
early_carry,union,ridge,2020-12,0.7288271035191081,1.1,-0.371172896480892,0.371172896480892,0.13776931908201498,2020-11,2020-12-14T01:30:00+00:00,25.0,pseudo_real_time
early_carry,union,ridge,2021-01,0.5916836787751338,1.0,-0.40831632122486616,0.40831632122486616,0.16672221817860808,2020-12,2021-01-14T01:30:00+00:00,25.0,pseudo_real_time
early_carry,union,ridge,2021-02,-0.36471375262878775,0.8,-1.1647137526287878,1.1647137526287878,1.356558125562633,2021-01,2021-02-19T01:30:00+00:00,25.0,pseudo_real_time
early_carry,union,ridge,2021-03,1.0028644014230235,1.6,-0.5971355985769766,0.5971355985769766,0.3565709230878842,2021-02,2021-03-15T01:30:00+00:00,25.0,pseudo_real_time
early_carry,union,ridge,2021-04,-0.037723056995431534,0.9,-0.9377230569954316,0.9377230569954316,0.8793245316208574,2021-03,2021-04-14T01:30:00+00:00,25.0,pseudo_real_time
early_carry,union,ridge,2021-05,2.18541767638949,1.6,0.5854176763894898,0.5854176763894898,0.34271385582926944,2021-04,2021-05-14T01:30:00+00:00,25.0,pseudo_real_time
early_carry,union,ridge,2021-06,0.09074233801325582,0.3,-0.20925766198674417,0.20925766198674417,0.04378876910015848,2021-05,2021-06-15T01:30:00+00:00,25.0,pseudo_real_time
early_carry,union,ridge,2021-07,0.5426173093667804,0.5,0.04261730936678043,0.04261730936678043,0.001816235057663871,2021-06,2021-07-14T01:30:00+00:00,25.0,pseudo_real_time
early_carry,union,ridge,2021-08,0.47996032161281127,0.7,-0.2200396783871887,0.2200396783871887,0.04841746006473743,2021-07,2021-08-16T01:30:00+00:00,25.0,pseudo_real_time
early_carry,union,ridge,2021-09,0.5219090560725126,1.2,-0.6780909439274874,0.6780909439274874,0.4598073282364708,2021-08,2021-09-14T01:30:00+00:00,25.0,pseudo_real_time
early_carry,union,ridge,2021-10,1.4025517578612747,2.5,-1.0974482421387253,1.0974482421387253,1.204392644173378,2021-08,2021-10-14T01:30:00+00:00,25.0,pseudo_real_time
early_carry,union,ridge,2021-11,-0.5323254885671805,0.0,-0.5323254885671805,0.5323254885671805,0.28337042577828747,2021-10,2021-11-15T01:30:00+00:00,25.0,pseudo_real_time
early_carry,union,ridge,2021-12,-1.3763913974692055,-1.2,-0.1763913974692055,0.1763913974692055,0.03111392510113924,2021-11,2021-12-14T01:30:00+00:00,25.0,pseudo_real_time
early_carry,union,ridge,2022-01,-0.03115945691788634,-0.2,0.16884054308211366,0.16884054308211366,0.02850712898826308,2021-12,2022-01-14T01:30:00+00:00,25.0,pseudo_real_time
early_carry,union,ridge,2022-04,0.30058857551477847,0.6,-0.2994114244852215,0.2994114244852215,0.08964720111226951,2022-01,2022-04-14T01:30:00+00:00,25.0,pseudo_real_time
early_carry,union,ridge,2022-05,0.05731007695292935,0.1,-0.04268992304707066,0.04268992304707066,0.0018224295297648145,2022-04,2022-05-14T01:30:00+00:00,25.0,pseudo_real_time
early_carry,union,ridge,2022-06,0.862604337916707,0.0,0.862604337916707,0.862604337916707,0.7440862437927204,2022-05,2022-06-14T01:30:00+00:00,25.0,pseudo_real_time
early_carry,union,ridge,2022-07,-0.9367041816687613,-1.3,0.3632958183312387,0.3632958183312387,0.13198385161696438,2022-06,2022-07-14T01:30:00+00:00,25.0,pseudo_real_time
early_carry,union,ridge,2022-08,-1.2277156318363356,-1.2,-0.02771563183633563,0.02771563183633563,0.0007681562480873011,2022-07,2022-08-14T01:30:00+00:00,25.0,pseudo_real_time
early_carry,union,ridge,2022-09,0.1614244878234582,-0.1,0.2614244878234582,0.2614244878234582,0.06834276283375743,2022-08,2022-09-14T01:30:00+00:00,25.0,pseudo_real_time
early_carry,union,ridge,2022-10,0.47833721022581654,0.2,0.27833721022581653,0.27833721022581653,0.07747160259629039,2022-08,2022-10-14T01:30:00+00:00,25.0,pseudo_real_time
early_carry,union,ridge,2022-11,-0.9063998857333986,0.1,-1.0063998857333987,1.0063998857333987,1.012840730004198,2022-10,2022-11-14T01:30:00+00:00,25.0,pseudo_real_time
early_carry,union,ridge,2022-12,-0.5101803445841211,-0.5,-0.010180344584121093,0.010180344584121093,0.00010363941585144367,2022-11,2022-12-14T01:30:00+00:00,25.0,pseudo_real_time
early_carry,union,ridge,2023-01,-0.5524219575042909,-0.4,-0.15242195750429088,0.15242195750429088,0.023232453129439855,2022-12,2023-01-14T01:30:00+00:00,25.0,pseudo_real_time
early_carry,union,ridge,2023-03,0.25430466323856343,0.0,0.25430466323856343,0.25430466323856343,0.06467086174487915,2023-01,2023-03-14T01:30:00+00:00,25.0,pseudo_real_time
early_carry,union,ridge,2023-04,-0.9955948077650005,-0.5,-0.49559480776500053,0.49559480776500053,0.24561421348362783,2023-03,2023-04-14T01:30:00+00:00,25.0,pseudo_real_time
early_carry,union,ridge,2023-05,-0.5850524052132327,-0.9,0.31494759478676737,0.31494759478676737,0.09919198746196982,2023-04,2023-05-14T01:30:00+00:00,25.0,pseudo_real_time
early_carry,union,ridge,2023-06,-0.8685029968653024,-0.8,-0.06850299686530237,0.06850299686530237,0.004692660579527626,2023-05,2023-06-14T01:30:00+00:00,25.0,pseudo_real_time
early_carry,union,ridge,2023-07,-0.05576468555523643,-0.2,0.1442353144447636,0.1442353144447636,0.020803825932979827,2023-06,2023-07-14T01:30:00+00:00,25.0,pseudo_real_time
early_carry,union,ridge,2023-08,0.7075240496244231,0.2,0.5075240496244231,0.5075240496244231,0.25758066094717386,2023-07,2023-08-14T01:30:00+00:00,25.0,pseudo_real_time
early_carry,union,ridge,2023-09,-0.00038661910195263854,0.4,-0.40038661910195267,0.40038661910195267,0.16030944475589212,2023-08,2023-09-14T01:30:00+00:00,25.0,pseudo_real_time
early_carry,union,ridge,2023-10,-0.2879969342084937,0.0,-0.2879969342084937,0.2879969342084937,0.08294223411349146,2023-09,2023-10-14T01:30:00+00:00,25.0,pseudo_real_time
early_carry,union,ridge,2023-11,-0.32654773990463126,-0.3,-0.026547739904631273,0.026547739904631273,0.0007047824940439517,2023-10,2023-11-14T01:30:00+00:00,25.0,pseudo_real_time
early_carry,union,ridge,2023-12,-0.1263001093119396,-0.3,0.17369989068806038,0.17369989068806038,0.030171652025044127,2023-11,2023-12-14T01:30:00+00:00,25.0,pseudo_real_time
early_carry,union,ridge,2024-01,-0.41834913423056375,-0.2,-0.21834913423056374,0.21834913423056374,0.04767634441923674,2023-12,2024-01-14T01:30:00+00:00,25.0,pseudo_real_time
early_carry,union,ridge,2024-02,-0.23169673291607945,-0.2,-0.03169673291607944,0.03169673291607944,0.0010046828775532738,2024-01,2024-02-14T01:30:00+00:00,25.0,pseudo_real_time
early_carry,union,ridge,2024-03,0.11651836921460698,-0.1,0.216518369214607,0.216518369214607,0.04688020420735287,2024-02,2024-03-14T01:30:00+00:00,25.0,pseudo_real_time
early_carry,union,ridge,2024-04,0.7602297603645937,-0.2,0.9602297603645937,0.9602297603645937,0.9220411926898451,2024-03,2024-04-14T01:30:00+00:00,25.0,pseudo_real_time
early_carry,union,ridge,2024-05,-0.0197852889985373,0.2,-0.2197852889985373,0.2197852889985373,0.04830557326017056,2024-04,2024-05-14T01:30:00+00:00,25.0,pseudo_real_time
early_carry,union,ridge,2024-06,-0.16091166970964757,0.1,-0.2609116697096476,0.2609116697096476,0.06807489939067622,2024-05,2024-06-14T01:30:00+00:00,25.0,pseudo_real_time
early_carry,union,ridge,2024-07,-0.0417957506947012,-0.2,0.1582042493052988,0.1582042493052988,0.025028584498253136,2024-06,2024-07-14T01:30:00+00:00,25.0,pseudo_real_time
early_carry,union,ridge,2024-08,-0.214236160221081,-0.7,0.48576383977891896,0.48576383977891896,0.23596650803675925,2024-07,2024-08-14T01:30:00+00:00,25.0,pseudo_real_time
early_carry,union,ridge,2024-09,-0.6910306113161991,-0.6,-0.09103061131619916,0.09103061131619916,0.008286572196600927,2024-08,2024-09-14T01:30:00+00:00,25.0,pseudo_real_time
early_carry,union,ridge,2024-10,1.368655453469111,-0.1,1.4686554534691112,1.4686554534691112,2.1569488410045605,2024-09,2024-10-14T01:30:00+00:00,25.0,pseudo_real_time
early_carry,union,ridge,2024-11,-0.23509866046036246,-0.1,-0.13509866046036245,0.13509866046036245,0.0182516480581843,2024-10,2024-11-14T01:30:00+00:00,25.0,pseudo_real_time
early_carry,union,ridge,2024-12,0.16962163744706144,-0.1,0.26962163744706147,0.26962163744706147,0.07269582737963466,2024-11,2024-12-14T01:30:00+00:00,25.0,pseudo_real_time
early_carry,union,ridge,2025-01,-0.5277056674698347,-0.2,-0.3277056674698347,0.3277056674698347,0.10739100449184988,2024-12,2025-01-14T01:30:00+00:00,25.0,pseudo_real_time
early_carry,union,ridge,2025-03,-0.17288932712928556,-0.4,0.22711067287071446,0.22711067287071446,0.051579257731788675,2025-01,2025-03-14T01:30:00+00:00,25.0,pseudo_real_time
early_carry,union,ridge,2025-04,-0.46835179555571754,-0.4,-0.06835179555571752,0.06835179555571752,0.004671967955690606,2025-03,2025-04-14T01:30:00+00:00,25.0,pseudo_real_time
early_carry,union,ridge,2025-05,-0.9764055114442359,-0.4,-0.5764055114442359,0.5764055114442359,0.3322433136232912,2025-04,2025-05-14T01:30:00+00:00,25.0,pseudo_real_time
early_carry,union,ridge,2025-06,-0.35429643452267445,-0.4,0.04570356547732557,0.04570356547732557,0.0020888158973401856,2025-05,2025-06-14T01:30:00+00:00,25.0,pseudo_real_time
early_carry,union,ridge,2025-07,-0.10619710322032529,-0.2,0.09380289677967472,0.09380289677967472,0.00879898344425831,2025-06,2025-07-14T01:30:00+00:00,25.0,pseudo_real_time
early_carry,union,ridge,2025-08,-0.05643153604346504,0.0,-0.05643153604346504,0.05643153604346504,0.003184518260224894,2025-07,2025-08-14T01:30:00+00:00,25.0,pseudo_real_time
early_carry,union,ridge,2025-09,-0.2647885562714181,0.0,-0.2647885562714181,0.2647885562714181,0.07011297953230196,2025-08,2025-09-14T01:30:00+00:00,25.0,pseudo_real_time
early_carry,union,ridge,2025-12,0.20726657145735938,0.2,0.007266571457359372,0.007266571457359372,5.2803060744909905e-05,2025-09,2025-12-14T01:30:00+00:00,25.0,pseudo_real_time
early_carry,union,ridge,2026-01,-0.27966272151291477,0.4,-0.6796627215129147,0.6796627215129147,0.4619414150143419,2025-12,2026-01-14T01:30:00+00:00,25.0,pseudo_real_time
early_carry,union,ridge,2026-02,0.47010383112713944,0.4,0.07010383112713942,0.07010383112713942,0.004914547138702481,2026-01,2026-02-14T01:30:00+00:00,25.0,pseudo_real_time
early_carry,union,ridge,2026-03,0.8350523911694422,1.0,-0.1649476088305578,0.1649476088305578,0.027207713658918713,2026-02,2026-03-14T01:30:00+00:00,25.0,pseudo_real_time
early_carry,union,ridge,2026-04,3.218832222640054,1.7,1.518832222640054,1.518832222640054,2.3068513205297263,2026-03,2026-04-14T01:30:00+00:00,25.0,pseudo_real_time
early_carry,union,ridge,2026-05,0.42293008929465464,0.5,-0.07706991070534536,0.07706991070534536,0.005939771136129907,2026-04,2026-05-14T01:30:00+00:00,25.0,pseudo_real_time
early_carry,union,ridge,2026-06,0.700949673867249,-0.3,1.000949673867249,1.000949673867249,1.001900249614952,2026-05,2026-06-14T01:30:00+00:00,25.0,pseudo_real_time
early_carry,union,ridge,2026-07,0.5454662103307757,-0.7,1.2454662103307756,1.2454662103307756,1.5511860810757039,2026-06,2026-07-14T01:30:00+00:00,25.0,pseudo_real_time
early_carry,union,ridge,2026-08,-0.2914430699638057,0.4,-0.6914430699638057,0.6914430699638057,0.47809351900097224,2026-07,2026-08-14T01:30:00+00:00,25.0,pseudo_real_time
early_carry,union,histgb,2016-04,-0.3523677000509923,0.7,-1.0523677000509923,1.0523677000509923,1.1074777761106154,2016-01,2016-04-14T01:30:00+00:00,25.0,pseudo_real_time
early_carry,union,histgb,2016-05,-0.186932916453869,0.5,-0.686932916453869,0.686932916453869,0.4718768317078182,2016-04,2016-05-16T01:30:00+00:00,5.0,pseudo_real_time
early_carry,union,histgb,2016-06,-0.3368014669036607,-0.2,-0.13680146690366068,0.13680146690366068,0.01871464134699337,2016-05,2016-06-14T01:30:00+00:00,25.0,pseudo_real_time
early_carry,union,histgb,2016-07,-0.12753972914395928,0.2,-0.3275397291439593,0.3275397291439593,0.10728227416769821,2016-06,2016-07-14T01:30:00+00:00,25.0,pseudo_real_time
early_carry,union,histgb,2016-08,-0.21366188717930404,0.2,-0.4136618871793041,0.4136618871793041,0.1711161569047433,2016-07,2016-08-15T01:30:00+00:00,5.0,pseudo_real_time
early_carry,union,histgb,2016-09,-0.058031880901732995,0.5,-0.558031880901733,0.558031880901733,0.31139958010272584,2016-08,2016-09-14T01:30:00+00:00,25.0,pseudo_real_time
early_carry,union,histgb,2016-10,0.02571213814100844,0.7,-0.6742878618589915,0.6742878618589915,0.4546641206503704,2016-08,2016-10-14T01:30:00+00:00,25.0,pseudo_real_time
early_carry,union,histgb,2016-11,0.31336237112160176,1.5,-1.1866376288783982,1.1866376288783982,1.408108862270147,2016-10,2016-11-14T01:30:00+00:00,5.0,pseudo_real_time
early_carry,union,histgb,2016-12,0.48586220601660624,1.6,-1.1141377939833939,1.1141377939833939,1.2413030239821834,2016-11,2016-12-14T01:30:00+00:00,5.0,pseudo_real_time
early_carry,union,histgb,2017-01,0.6348911016028863,0.8,-0.16510889839711373,0.16510889839711373,0.027260948329908427,2016-12,2017-01-16T01:30:00+00:00,5.0,pseudo_real_time
early_carry,union,histgb,2017-03,0.5538936098441831,0.3,0.25389360984418313,0.25389360984418313,0.06446196511971028,2017-01,2017-03-14T01:30:00+00:00,25.0,pseudo_real_time
early_carry,union,histgb,2017-04,0.15341520087998367,-0.4,0.5534152008799837,0.5534152008799837,0.30626838456503275,2017-03,2017-04-14T01:30:00+00:00,25.0,pseudo_real_time
early_carry,union,histgb,2017-05,-0.14915074122267627,-0.3,0.15084925877732372,0.15084925877732372,0.022755498873667977,2017-04,2017-05-15T01:30:00+00:00,25.0,pseudo_real_time
early_carry,union,histgb,2017-06,-0.08336271389172287,-0.2,0.11663728610827714,0.11663728610827714,0.013604256510704101,2017-05,2017-06-14T01:30:00+00:00,5.0,pseudo_real_time
early_carry,union,histgb,2017-07,0.5791876964464666,0.2,0.3791876964464666,0.3791876964464666,0.1437833091363777,2017-06,2017-07-14T01:30:00+00:00,5.0,pseudo_real_time
early_carry,union,histgb,2017-08,0.5946482082901013,0.9,-0.3053517917098987,0.3053517917098987,0.09323971670044534,2017-07,2017-08-14T01:30:00+00:00,5.0,pseudo_real_time
early_carry,union,histgb,2017-09,0.8395641125018668,1.0,-0.1604358874981332,0.1604358874981332,0.025739673997313653,2017-08,2017-09-14T01:30:00+00:00,5.0,pseudo_real_time
early_carry,union,histgb,2017-10,0.4707297657332799,0.7,-0.22927023426672005,0.22927023426672005,0.05256484032071669,2017-08,2017-10-16T01:30:00+00:00,5.0,pseudo_real_time
early_carry,union,histgb,2017-11,0.18207648478736269,0.5,-0.3179235152126373,0.3179235152126373,0.10107536152516002,2017-10,2017-11-14T01:30:00+00:00,5.0,pseudo_real_time
early_carry,union,histgb,2017-12,0.3468416184850769,0.8,-0.45315838151492316,0.45315838151492316,0.20535251873722465,2017-11,2017-12-14T01:30:00+00:00,5.0,pseudo_real_time
early_carry,union,histgb,2018-01,-0.22026688465856206,0.3,-0.5202668846585621,0.5202668846585621,0.2706776312723255,2017-12,2018-01-15T01:30:00+00:00,5.0,pseudo_real_time
early_carry,union,histgb,2018-02,-0.38316791144518214,-0.1,-0.28316791144518216,0.28316791144518216,0.08018406607222653,2018-01,2018-02-14T01:30:00+00:00,5.0,pseudo_real_time
early_carry,union,histgb,2018-03,0.4005690513682045,-0.2,0.6005690513682045,0.6005690513682045,0.36068318546130507,2018-02,2018-03-14T01:30:00+00:00,5.0,pseudo_real_time
early_carry,union,histgb,2018-04,-0.2566760356095596,-0.2,-0.05667603560955958,0.05667603560955958,0.003212173012416066,2018-03,2018-04-16T01:30:00+00:00,5.0,pseudo_real_time
early_carry,union,histgb,2018-05,0.012777525192929053,0.4,-0.38722247480707095,0.38722247480707095,0.1499412449957127,2018-04,2018-05-14T01:30:00+00:00,5.0,pseudo_real_time
early_carry,union,histgb,2018-06,0.061994944098121785,0.3,-0.2380050559018782,0.2380050559018782,0.05664640663485617,2018-05,2018-06-14T01:30:00+00:00,5.0,pseudo_real_time
early_carry,union,histgb,2018-07,0.03623845848278056,0.1,-0.06376154151721944,0.06376154151721944,0.004065534176652098,2018-06,2018-07-16T01:30:00+00:00,5.0,pseudo_real_time
early_carry,union,histgb,2018-08,0.5193231173746218,0.4,0.11932311737462176,0.11932311737462176,0.01423800633999776,2018-07,2018-08-14T01:30:00+00:00,5.0,pseudo_real_time
early_carry,union,histgb,2018-09,0.30704463140570964,0.6,-0.29295536859429033,0.29295536859429033,0.08582284798821652,2018-08,2018-09-14T01:30:00+00:00,5.0,pseudo_real_time
early_carry,union,histgb,2018-10,0.40882010577892536,0.4,0.008820105778925336,0.008820105778925336,7.779426595143211e-05,2018-08,2018-10-15T01:30:00+00:00,5.0,pseudo_real_time
early_carry,union,histgb,2018-11,-0.32088537988031635,-0.2,-0.12088537988031633,0.12088537988031633,0.01461327506880839,2018-10,2018-11-14T01:30:00+00:00,5.0,pseudo_real_time
early_carry,union,histgb,2018-12,-0.24836155136739824,-1.0,0.7516384486326018,0.7516384486326018,0.5649603574628244,2018-11,2018-12-14T01:30:00+00:00,5.0,pseudo_real_time
early_carry,union,histgb,2019-01,-0.10497484327255585,-0.6,0.4950251567274441,0.4950251567274441,0.24504990579303063,2018-12,2019-01-14T01:30:00+00:00,5.0,pseudo_real_time
early_carry,union,histgb,2019-04,-0.06508180112589229,0.3,-0.3650818011258923,0.3650818011258923,0.13328472151332557,2019-01,2019-04-15T01:30:00+00:00,5.0,pseudo_real_time
early_carry,union,histgb,2019-05,-0.13196718921862044,0.2,-0.33196718921862045,0.33196718921862045,0.11020221471771136,2019-04,2019-05-14T01:30:00+00:00,5.0,pseudo_real_time
early_carry,union,histgb,2019-06,-0.27347293452941535,-0.3,0.026527065470584643,0.026527065470584643,0.000703685202480684,2019-05,2019-06-14T01:30:00+00:00,5.0,pseudo_real_time
early_carry,union,histgb,2019-07,-0.18003785074295026,-0.2,0.019962149257049755,0.019962149257049755,0.0003984874029607321,2019-06,2019-07-15T01:30:00+00:00,5.0,pseudo_real_time
early_carry,union,histgb,2019-08,0.3159861407279318,-0.1,0.41598614072793183,0.41598614072793183,0.17304446927771872,2019-07,2019-08-14T01:30:00+00:00,5.0,pseudo_real_time
early_carry,union,histgb,2019-09,0.22655992726559154,0.1,0.12655992726559154,0.12655992726559154,0.01601741518947182,2019-08,2019-09-16T01:30:00+00:00,25.0,pseudo_real_time
early_carry,union,histgb,2019-10,-0.1286025312827829,0.1,-0.2286025312827829,0.2286025312827829,0.052259117308895736,2019-08,2019-10-14T01:30:00+00:00,25.0,pseudo_real_time
early_carry,union,histgb,2019-11,-0.25886564785079874,-0.1,-0.15886564785079874,0.15886564785079874,0.025238294067053992,2019-10,2019-11-14T01:30:00+00:00,5.0,pseudo_real_time
early_carry,union,histgb,2019-12,0.10245023076790787,0.0,0.10245023076790787,0.10245023076790787,0.010496049784397575,2019-11,2019-12-16T01:30:00+00:00,5.0,pseudo_real_time
early_carry,union,histgb,2020-01,-0.41909259207784394,0.0,-0.41909259207784394,0.41909259207784394,0.1756386007345261,2019-12,2020-01-14T01:30:00+00:00,5.0,pseudo_real_time
early_carry,union,histgb,2020-02,-0.27419508455598235,-0.5,0.22580491544401765,0.22580491544401765,0.05098785983867996,2020-01,2020-02-14T01:30:00+00:00,5.0,pseudo_real_time
early_carry,union,histgb,2020-03,-0.13879744771696081,-1.0,0.8612025522830392,0.8612025522830392,0.7416698360588209,2020-02,2020-03-16T01:30:00+00:00,25.0,pseudo_real_time
early_carry,union,histgb,2020-04,-0.5485974068932737,-1.3,0.7514025931067263,0.7514025931067263,0.5646058569275125,2020-03,2020-04-14T01:30:00+00:00,5.0,pseudo_real_time
early_carry,union,histgb,2020-05,0.06253759431520131,-0.4,0.46253759431520136,0.46253759431520136,0.2139410261548938,2020-04,2020-05-14T01:30:00+00:00,25.0,pseudo_real_time
early_carry,union,histgb,2020-06,-0.18575319172077298,0.4,-0.585753191720773,0.585753191720773,0.34310680161107265,2020-05,2020-06-15T01:30:00+00:00,5.0,pseudo_real_time
early_carry,union,histgb,2020-07,0.31907847252504856,0.4,-0.08092152747495146,0.08092152747495146,0.006548293608879324,2020-06,2020-07-14T01:30:00+00:00,25.0,pseudo_real_time
early_carry,union,histgb,2020-08,0.21504859284154101,0.3,-0.08495140715845897,0.08495140715845897,0.007216741578202275,2020-07,2020-08-14T01:30:00+00:00,5.0,pseudo_real_time
early_carry,union,histgb,2020-09,0.32993532960524563,0.1,0.22993532960524563,0.22993532960524563,0.05287025580067294,2020-08,2020-09-14T01:30:00+00:00,5.0,pseudo_real_time
early_carry,union,histgb,2020-10,-0.06391035906974933,0.0,-0.06391035906974933,0.06391035906974933,0.004084533996424291,2020-08,2020-10-14T01:30:00+00:00,5.0,pseudo_real_time
early_carry,union,histgb,2020-11,0.4889942344528659,0.5,-0.011005765547134116,0.011005765547134116,0.00012112687527848431,2020-10,2020-11-16T01:30:00+00:00,5.0,pseudo_real_time
early_carry,union,histgb,2020-12,0.6537434718936446,1.1,-0.4462565281063555,0.4462565281063555,0.19914488887753848,2020-11,2020-12-14T01:30:00+00:00,5.0,pseudo_real_time
early_carry,union,histgb,2021-01,0.6260371402150031,1.0,-0.3739628597849969,0.3739628597849969,0.13984822049857323,2020-12,2021-01-14T01:30:00+00:00,5.0,pseudo_real_time
early_carry,union,histgb,2021-02,-0.0823037127797935,0.8,-0.8823037127797936,0.8823037127797936,0.7784598415850085,2021-01,2021-02-19T01:30:00+00:00,5.0,pseudo_real_time
early_carry,union,histgb,2021-03,0.6667144021439443,1.6,-0.9332855978560558,0.9332855978560558,0.8710220071655355,2021-02,2021-03-15T01:30:00+00:00,5.0,pseudo_real_time
early_carry,union,histgb,2021-04,0.7005127065541669,0.9,-0.19948729344583316,0.19948729344583316,0.03979518024634395,2021-03,2021-04-14T01:30:00+00:00,5.0,pseudo_real_time
early_carry,union,histgb,2021-05,0.973739885388456,1.6,-0.6262601146115441,0.6262601146115441,0.39220173115326434,2021-04,2021-05-14T01:30:00+00:00,5.0,pseudo_real_time
early_carry,union,histgb,2021-06,0.3994357041991833,0.3,0.0994357041991833,0.0994357041991833,0.009887459269587479,2021-05,2021-06-15T01:30:00+00:00,5.0,pseudo_real_time
early_carry,union,histgb,2021-07,-0.033052504883265506,0.5,-0.5330525048832655,0.5330525048832655,0.28414497296232377,2021-06,2021-07-14T01:30:00+00:00,5.0,pseudo_real_time
early_carry,union,histgb,2021-08,0.5292429759728092,0.7,-0.17075702402719073,0.17075702402719073,0.029157961254622593,2021-07,2021-08-16T01:30:00+00:00,5.0,pseudo_real_time
early_carry,union,histgb,2021-09,0.43955445518017794,1.2,-0.760445544819822,0.760445544819822,0.5782774266363159,2021-08,2021-09-14T01:30:00+00:00,5.0,pseudo_real_time
early_carry,union,histgb,2021-10,0.9440765381465323,2.5,-1.5559234618534679,1.5559234618534679,2.42089781914608,2021-08,2021-10-14T01:30:00+00:00,5.0,pseudo_real_time
early_carry,union,histgb,2021-11,-0.2404553055291877,0.0,-0.2404553055291877,0.2404553055291877,0.057818753957135004,2021-10,2021-11-15T01:30:00+00:00,5.0,pseudo_real_time
early_carry,union,histgb,2021-12,-0.6731877099588099,-1.2,0.52681229004119,0.52681229004119,0.2775311889384429,2021-11,2021-12-14T01:30:00+00:00,5.0,pseudo_real_time
early_carry,union,histgb,2022-01,-0.1075212996475562,-0.2,0.09247870035244381,0.09247870035244381,0.00855231001887709,2021-12,2022-01-14T01:30:00+00:00,5.0,pseudo_real_time
early_carry,union,histgb,2022-04,0.46870055598058713,0.6,-0.13129944401941285,0.13129944401941285,0.017239543999806928,2022-01,2022-04-14T01:30:00+00:00,5.0,pseudo_real_time
early_carry,union,histgb,2022-05,0.08008834469656054,0.1,-0.01991165530343947,0.01991165530343947,0.0003964740169229891,2022-04,2022-05-14T01:30:00+00:00,5.0,pseudo_real_time
early_carry,union,histgb,2022-06,-0.35501359648558617,0.0,-0.35501359648558617,0.35501359648558617,0.1260346536896306,2022-05,2022-06-14T01:30:00+00:00,5.0,pseudo_real_time
early_carry,union,histgb,2022-07,-0.6490307776994371,-1.3,0.650969222300563,0.650969222300563,0.42376092838259977,2022-06,2022-07-14T01:30:00+00:00,5.0,pseudo_real_time
early_carry,union,histgb,2022-08,-0.7746664165645707,-1.2,0.42533358343542926,0.42533358343542926,0.18090865719802326,2022-07,2022-08-14T01:30:00+00:00,5.0,pseudo_real_time
early_carry,union,histgb,2022-09,0.06524258266687068,-0.1,0.1652425826668707,0.1652425826668707,0.027305111126417595,2022-08,2022-09-14T01:30:00+00:00,5.0,pseudo_real_time
early_carry,union,histgb,2022-10,-0.09057833279227934,0.2,-0.29057833279227935,0.29057833279227935,0.08443576748834064,2022-08,2022-10-14T01:30:00+00:00,5.0,pseudo_real_time
early_carry,union,histgb,2022-11,-0.9152686681983597,0.1,-1.0152686681983598,1.0152686681983598,1.0307704686252712,2022-10,2022-11-14T01:30:00+00:00,5.0,pseudo_real_time
early_carry,union,histgb,2022-12,-0.30715421634136675,-0.5,0.19284578365863325,0.19284578365863325,0.03718949627491238,2022-11,2022-12-14T01:30:00+00:00,5.0,pseudo_real_time
early_carry,union,histgb,2023-01,0.13694611209550633,-0.4,0.5369461120955064,0.5369461120955064,0.28831112729448005,2022-12,2023-01-14T01:30:00+00:00,5.0,pseudo_real_time
early_carry,union,histgb,2023-03,-0.24101353286549673,0.0,-0.24101353286549673,0.24101353286549673,0.05808752302430787,2023-01,2023-03-14T01:30:00+00:00,5.0,pseudo_real_time
early_carry,union,histgb,2023-04,-0.12689654881968498,-0.5,0.373103451180315,0.373103451180315,0.1392061852826617,2023-03,2023-04-14T01:30:00+00:00,5.0,pseudo_real_time
early_carry,union,histgb,2023-05,-0.47499611602328917,-0.9,0.42500388397671085,0.42500388397671085,0.1806283013952895,2023-04,2023-05-14T01:30:00+00:00,5.0,pseudo_real_time
early_carry,union,histgb,2023-06,-0.4703644289690426,-0.8,0.3296355710309574,0.3296355710309574,0.10865960968890537,2023-05,2023-06-14T01:30:00+00:00,5.0,pseudo_real_time
early_carry,union,histgb,2023-07,-0.004912491544585247,-0.2,0.19508750845541475,0.19508750845541475,0.03805913595534152,2023-06,2023-07-14T01:30:00+00:00,5.0,pseudo_real_time
early_carry,union,histgb,2023-08,0.6677746600600137,0.2,0.4677746600600137,0.4677746600600137,0.2188131325942614,2023-07,2023-08-14T01:30:00+00:00,5.0,pseudo_real_time
early_carry,union,histgb,2023-09,0.09485688294847114,0.4,-0.30514311705152886,0.30514311705152886,0.09311232188392304,2023-08,2023-09-14T01:30:00+00:00,5.0,pseudo_real_time
early_carry,union,histgb,2023-10,-0.13129039531948175,0.0,-0.13129039531948175,0.13129039531948175,0.017237167903145795,2023-09,2023-10-14T01:30:00+00:00,5.0,pseudo_real_time
early_carry,union,histgb,2023-11,-0.4111380148291632,-0.3,-0.11113801482916319,0.11113801482916319,0.012351658340167297,2023-10,2023-11-14T01:30:00+00:00,5.0,pseudo_real_time
early_carry,union,histgb,2023-12,-0.2288781512990531,-0.3,0.0711218487009469,0.0711218487009469,0.005058317362640382,2023-11,2023-12-14T01:30:00+00:00,5.0,pseudo_real_time
early_carry,union,histgb,2024-01,-0.20524347032636972,-0.2,-0.005243470326369709,0.005243470326369709,2.7493981063519664e-05,2023-12,2024-01-14T01:30:00+00:00,5.0,pseudo_real_time
early_carry,union,histgb,2024-02,0.07637054216212713,-0.2,0.27637054216212714,0.27637054216212714,0.0763806765749881,2024-01,2024-02-14T01:30:00+00:00,5.0,pseudo_real_time
early_carry,union,histgb,2024-03,0.2217533005509723,-0.1,0.3217533005509723,0.3217533005509723,0.10352518641544431,2024-02,2024-03-14T01:30:00+00:00,5.0,pseudo_real_time
early_carry,union,histgb,2024-04,-0.13413694414446287,-0.2,0.06586305585553714,0.06586305585553714,0.004337942126629606,2024-03,2024-04-14T01:30:00+00:00,5.0,pseudo_real_time
early_carry,union,histgb,2024-05,0.059232676853837006,0.2,-0.140767323146163,0.140767323146163,0.019815439265736277,2024-04,2024-05-14T01:30:00+00:00,5.0,pseudo_real_time
early_carry,union,histgb,2024-06,0.054741829487633,0.1,-0.045258170512367,0.045258170512367,0.002048301998126486,2024-05,2024-06-14T01:30:00+00:00,5.0,pseudo_real_time
early_carry,union,histgb,2024-07,-0.3226792615570218,-0.2,-0.1226792615570218,0.1226792615570218,0.015050201216176166,2024-06,2024-07-14T01:30:00+00:00,5.0,pseudo_real_time
early_carry,union,histgb,2024-08,-0.5005004770091649,-0.7,0.19949952299083507,0.19949952299083507,0.039800059673570726,2024-07,2024-08-14T01:30:00+00:00,5.0,pseudo_real_time
early_carry,union,histgb,2024-09,-0.43327829808014534,-0.6,0.16672170191985464,0.16672170191985464,0.02779612589105286,2024-08,2024-09-14T01:30:00+00:00,5.0,pseudo_real_time
early_carry,union,histgb,2024-10,0.30231585679578477,-0.1,0.40231585679578474,0.40231585679578474,0.16185804862932637,2024-09,2024-10-14T01:30:00+00:00,5.0,pseudo_real_time
early_carry,union,histgb,2024-11,-0.4450712021747954,-0.1,-0.34507120217479537,0.34507120217479537,0.1190741345703585,2024-10,2024-11-14T01:30:00+00:00,5.0,pseudo_real_time
early_carry,union,histgb,2024-12,0.014948412508921198,-0.1,0.11494841250892121,0.11494841250892121,0.013213137538321115,2024-11,2024-12-14T01:30:00+00:00,5.0,pseudo_real_time
early_carry,union,histgb,2025-01,-0.48361889832479016,-0.2,-0.28361889832479015,0.28361889832479015,0.08043967948696765,2024-12,2025-01-14T01:30:00+00:00,5.0,pseudo_real_time
early_carry,union,histgb,2025-03,-0.24556668153661668,-0.4,0.15443331846338335,0.15443331846338335,0.02384964985161278,2025-01,2025-03-14T01:30:00+00:00,5.0,pseudo_real_time
early_carry,union,histgb,2025-04,-0.3098406144416395,-0.4,0.0901593855583605,0.0901593855583605,0.008128714804261104,2025-03,2025-04-14T01:30:00+00:00,5.0,pseudo_real_time
early_carry,union,histgb,2025-05,-0.7708294922954134,-0.4,-0.3708294922954134,0.3708294922954134,0.13751451235607406,2025-04,2025-05-14T01:30:00+00:00,5.0,pseudo_real_time
early_carry,union,histgb,2025-06,-0.14691381862627578,-0.4,0.25308618137372424,0.25308618137372424,0.06405261520233364,2025-05,2025-06-14T01:30:00+00:00,5.0,pseudo_real_time
early_carry,union,histgb,2025-07,0.1261563136284324,-0.2,0.32615631362843245,0.32615631362843245,0.10637794091968839,2025-06,2025-07-14T01:30:00+00:00,5.0,pseudo_real_time
early_carry,union,histgb,2025-08,-0.009925379829683154,0.0,-0.009925379829683154,0.009925379829683154,9.851316476348119e-05,2025-07,2025-08-14T01:30:00+00:00,5.0,pseudo_real_time
early_carry,union,histgb,2025-09,-0.19823544086030648,0.0,-0.19823544086030648,0.19823544086030648,0.03929729001308007,2025-08,2025-09-14T01:30:00+00:00,5.0,pseudo_real_time
early_carry,union,histgb,2025-12,-0.12975610309553606,0.2,-0.32975610309553605,0.32975610309553605,0.1087390875287538,2025-09,2025-12-14T01:30:00+00:00,5.0,pseudo_real_time
early_carry,union,histgb,2026-01,-0.215212063457375,0.4,-0.615212063457375,0.615212063457375,0.3784858830234812,2025-12,2026-01-14T01:30:00+00:00,5.0,pseudo_real_time
early_carry,union,histgb,2026-02,0.07999331925420732,0.4,-0.3200066807457927,0.3200066807457927,0.10240427572193969,2026-01,2026-02-14T01:30:00+00:00,5.0,pseudo_real_time
early_carry,union,histgb,2026-03,0.4096426252833203,1.0,-0.5903573747166797,0.5903573747166797,0.3485218298823702,2026-02,2026-03-14T01:30:00+00:00,5.0,pseudo_real_time
early_carry,union,histgb,2026-04,0.7986885508108554,1.7,-0.9013114491891445,0.9013114491891445,0.8123623284394359,2026-03,2026-04-14T01:30:00+00:00,5.0,pseudo_real_time
early_carry,union,histgb,2026-05,0.32410258461462266,0.5,-0.17589741538537734,0.17589741538537734,0.030939900739255982,2026-04,2026-05-14T01:30:00+00:00,5.0,pseudo_real_time
early_carry,union,histgb,2026-06,-0.014062954777398322,-0.3,0.28593704522260166,0.28593704522260166,0.08175999383063215,2026-05,2026-06-14T01:30:00+00:00,5.0,pseudo_real_time
early_carry,union,histgb,2026-07,-0.06460233083465958,-0.7,0.6353976691653404,0.6353976691653404,0.40373019798074733,2026-06,2026-07-14T01:30:00+00:00,5.0,pseudo_real_time
early_carry,union,histgb,2026-08,0.3541597423455849,0.4,-0.04584025765441513,0.04584025765441513,0.0021013292218231647,2026-07,2026-08-14T01:30:00+00:00,5.0,pseudo_real_time
early_carry,union,xgboost,2016-04,-0.32682010531425476,0.7,-1.0268201053142547,1.0268201053142547,1.054359528677577,2016-01,2016-04-14T01:30:00+00:00,25.0,pseudo_real_time
early_carry,union,xgboost,2016-05,-0.3128070831298828,0.5,-0.8128070831298828,0.8128070831298828,0.6606553543861082,2016-04,2016-05-16T01:30:00+00:00,25.0,pseudo_real_time
early_carry,union,xgboost,2016-06,-0.3321132957935333,-0.2,-0.13211329579353331,0.13211329579353331,0.01745392292542963,2016-05,2016-06-14T01:30:00+00:00,5.0,pseudo_real_time
early_carry,union,xgboost,2016-07,-0.1735241860151291,0.2,-0.3735241860151291,0.3735241860151291,0.13952031753826477,2016-06,2016-07-14T01:30:00+00:00,5.0,pseudo_real_time
early_carry,union,xgboost,2016-08,-0.10842380672693253,0.2,-0.30842380672693254,0.30842380672693254,0.09512524455593224,2016-07,2016-08-15T01:30:00+00:00,5.0,pseudo_real_time
early_carry,union,xgboost,2016-09,0.10582823306322098,0.5,-0.394171766936779,0.394171766936779,0.15537138185006244,2016-08,2016-09-14T01:30:00+00:00,5.0,pseudo_real_time
early_carry,union,xgboost,2016-10,0.03210387006402016,0.7,-0.6678961299359798,0.6678961299359798,0.4460852403834592,2016-08,2016-10-14T01:30:00+00:00,5.0,pseudo_real_time
early_carry,union,xgboost,2016-11,0.27263545989990234,1.5,-1.2273645401000977,1.2273645401000977,1.5064237142951242,2016-10,2016-11-14T01:30:00+00:00,5.0,pseudo_real_time
early_carry,union,xgboost,2016-12,0.4029662013053894,1.6,-1.1970337986946107,1.1970337986946107,1.4328899152172498,2016-11,2016-12-14T01:30:00+00:00,5.0,pseudo_real_time
early_carry,union,xgboost,2017-01,0.4511382579803467,0.8,-0.34886174201965336,0.34886174201965336,0.12170451504498718,2016-12,2017-01-16T01:30:00+00:00,5.0,pseudo_real_time
early_carry,union,xgboost,2017-03,0.45641452074050903,0.3,0.15641452074050904,0.15641452074050904,0.024465502298483134,2017-01,2017-03-14T01:30:00+00:00,5.0,pseudo_real_time
early_carry,union,xgboost,2017-04,-0.06867647171020508,-0.4,0.33132352828979494,0.33132352828979494,0.10977528039839855,2017-03,2017-04-14T01:30:00+00:00,5.0,pseudo_real_time
early_carry,union,xgboost,2017-05,-0.18852557241916656,-0.3,0.11147442758083342,0.11147442758083342,0.012426548004474475,2017-04,2017-05-15T01:30:00+00:00,5.0,pseudo_real_time
early_carry,union,xgboost,2017-06,-0.05822756141424179,-0.2,0.14177243858575822,0.14177243858575822,0.020099424342552585,2017-05,2017-06-14T01:30:00+00:00,5.0,pseudo_real_time
early_carry,union,xgboost,2017-07,0.43771684169769287,0.2,0.23771684169769286,0.23771684169769286,0.056509296826725966,2017-06,2017-07-14T01:30:00+00:00,5.0,pseudo_real_time
early_carry,union,xgboost,2017-08,0.5898891091346741,0.9,-0.31011089086532595,0.31011089086532595,0.09616876463328611,2017-07,2017-08-14T01:30:00+00:00,5.0,pseudo_real_time
early_carry,union,xgboost,2017-09,0.6552702188491821,1.0,-0.34472978115081787,0.34472978115081787,0.11883862201229078,2017-08,2017-09-14T01:30:00+00:00,5.0,pseudo_real_time
early_carry,union,xgboost,2017-10,-0.10367482155561447,0.7,-0.8036748215556144,0.8036748215556144,0.6458932188024487,2017-08,2017-10-16T01:30:00+00:00,5.0,pseudo_real_time
early_carry,union,xgboost,2017-11,0.0927429124712944,0.5,-0.4072570875287056,0.4072570875287056,0.16585833534236377,2017-10,2017-11-14T01:30:00+00:00,5.0,pseudo_real_time
early_carry,union,xgboost,2017-12,0.38214802742004395,0.8,-0.4178519725799561,0.4178519725799561,0.1746002709889604,2017-11,2017-12-14T01:30:00+00:00,5.0,pseudo_real_time
early_carry,union,xgboost,2018-01,-0.16195465624332428,0.3,-0.46195465624332427,0.46195465624332427,0.21340210442488788,2017-12,2018-01-15T01:30:00+00:00,5.0,pseudo_real_time
early_carry,union,xgboost,2018-02,-0.329250305891037,-0.1,-0.22925030589103698,0.22925030589103698,0.052555702751134026,2018-01,2018-02-14T01:30:00+00:00,5.0,pseudo_real_time
early_carry,union,xgboost,2018-03,0.4057557284832001,-0.2,0.6057557284832,0.6057557284832,0.36694000259021237,2018-02,2018-03-14T01:30:00+00:00,5.0,pseudo_real_time
early_carry,union,xgboost,2018-04,-0.12600252032279968,-0.2,0.07399747967720033,0.07399747967720033,0.005475626998577675,2018-03,2018-04-16T01:30:00+00:00,5.0,pseudo_real_time
early_carry,union,xgboost,2018-05,0.10248026251792908,0.4,-0.29751973748207095,0.29751973748207095,0.08851799419140041,2018-04,2018-05-14T01:30:00+00:00,5.0,pseudo_real_time
early_carry,union,xgboost,2018-06,0.023641731590032578,0.3,-0.2763582684099674,0.2763582684099674,0.07637389251855559,2018-05,2018-06-14T01:30:00+00:00,5.0,pseudo_real_time
early_carry,union,xgboost,2018-07,0.09481575340032578,0.1,-0.00518424659967423,0.00518424659967423,2.6876412806233822e-05,2018-06,2018-07-16T01:30:00+00:00,5.0,pseudo_real_time
early_carry,union,xgboost,2018-08,0.39517876505851746,0.4,-0.004821234941482566,0.004821234941482566,2.3244306360972405e-05,2018-07,2018-08-14T01:30:00+00:00,5.0,pseudo_real_time
early_carry,union,xgboost,2018-09,0.42164310812950134,0.6,-0.17835689187049864,0.17835689187049864,0.031811180877704744,2018-08,2018-09-14T01:30:00+00:00,5.0,pseudo_real_time
early_carry,union,xgboost,2018-10,0.4062862694263458,0.4,0.006286269426345803,0.006286269426345803,3.951718330060999e-05,2018-08,2018-10-15T01:30:00+00:00,5.0,pseudo_real_time
early_carry,union,xgboost,2018-11,-0.20232230424880981,-0.2,-0.0023223042488098034,0.0023223042488098034,5.393097024040065e-06,2018-10,2018-11-14T01:30:00+00:00,5.0,pseudo_real_time
early_carry,union,xgboost,2018-12,-0.3395129442214966,-1.0,0.6604870557785034,0.6604870557785034,0.4362431508509559,2018-11,2018-12-14T01:30:00+00:00,5.0,pseudo_real_time
early_carry,union,xgboost,2019-01,-0.17121846973896027,-0.6,0.4287815302610397,0.4287815302610397,0.18385360069299891,2018-12,2019-01-14T01:30:00+00:00,5.0,pseudo_real_time
early_carry,union,xgboost,2019-04,-0.14291128516197205,0.3,-0.44291128516197203,0.44291128516197203,0.19617040652382972,2019-01,2019-04-15T01:30:00+00:00,5.0,pseudo_real_time
early_carry,union,xgboost,2019-05,-0.12411600351333618,0.2,-0.3241160035133362,0.3241160035133362,0.10505118373345695,2019-04,2019-05-14T01:30:00+00:00,5.0,pseudo_real_time
early_carry,union,xgboost,2019-06,-0.35989418625831604,-0.3,-0.05989418625831605,0.05989418625831605,0.0035873135475458554,2019-05,2019-06-14T01:30:00+00:00,5.0,pseudo_real_time
early_carry,union,xgboost,2019-07,-0.19353049993515015,-0.2,0.006469500064849865,0.006469500064849865,4.1854431089092404e-05,2019-06,2019-07-15T01:30:00+00:00,5.0,pseudo_real_time
early_carry,union,xgboost,2019-08,0.057418808341026306,-0.1,0.1574188083410263,0.1574188083410263,0.024780681219508775,2019-07,2019-08-14T01:30:00+00:00,5.0,pseudo_real_time
early_carry,union,xgboost,2019-09,0.18271838128566742,0.1,0.08271838128566741,0.08271838128566741,0.006842330602521053,2019-08,2019-09-16T01:30:00+00:00,5.0,pseudo_real_time
early_carry,union,xgboost,2019-10,-0.03819333016872406,0.1,-0.13819333016872407,0.13819333016872407,0.01909739650312198,2019-08,2019-10-14T01:30:00+00:00,5.0,pseudo_real_time
early_carry,union,xgboost,2019-11,-0.2705681324005127,-0.1,-0.1705681324005127,0.1705681324005127,0.029093487790598827,2019-10,2019-11-14T01:30:00+00:00,5.0,pseudo_real_time
early_carry,union,xgboost,2019-12,0.03299722075462341,0.0,0.03299722075462341,0.03299722075462341,0.0010888165775293501,2019-11,2019-12-16T01:30:00+00:00,5.0,pseudo_real_time
early_carry,union,xgboost,2020-01,-0.17509523034095764,0.0,-0.17509523034095764,0.17509523034095764,0.030658339688153013,2019-12,2020-01-14T01:30:00+00:00,5.0,pseudo_real_time
early_carry,union,xgboost,2020-02,-0.3465380072593689,-0.5,0.1534619927406311,0.1534619927406311,0.023550583215925514,2020-01,2020-02-14T01:30:00+00:00,5.0,pseudo_real_time
early_carry,union,xgboost,2020-03,-0.0039848810993134975,-1.0,0.9960151189006865,0.9960151189006865,0.9920461170787487,2020-02,2020-03-16T01:30:00+00:00,5.0,pseudo_real_time
early_carry,union,xgboost,2020-04,-0.5141475796699524,-1.3,0.7858524203300477,0.7858524203300477,0.6175640265385939,2020-03,2020-04-14T01:30:00+00:00,5.0,pseudo_real_time
early_carry,union,xgboost,2020-05,-0.0869876965880394,-0.4,0.3130123034119606,0.3130123034119606,0.0979767020872613,2020-04,2020-05-14T01:30:00+00:00,5.0,pseudo_real_time
early_carry,union,xgboost,2020-06,-0.18550460040569305,0.4,-0.5855046004056931,0.5855046004056931,0.3428156370962303,2020-05,2020-06-15T01:30:00+00:00,5.0,pseudo_real_time
early_carry,union,xgboost,2020-07,0.12377013266086578,0.4,-0.27622986733913424,0.27622986733913424,0.0763029396101957,2020-06,2020-07-14T01:30:00+00:00,5.0,pseudo_real_time
early_carry,union,xgboost,2020-08,0.31130489706993103,0.3,0.011304897069931041,0.011304897069931041,0.00012780069776173545,2020-07,2020-08-14T01:30:00+00:00,5.0,pseudo_real_time
early_carry,union,xgboost,2020-09,0.36333197355270386,0.1,0.2633319735527039,0.2633319735527039,0.06934372829516193,2020-08,2020-09-14T01:30:00+00:00,5.0,pseudo_real_time
early_carry,union,xgboost,2020-10,0.020570924505591393,0.0,0.020570924505591393,0.020570924505591393,0.0004231629350147405,2020-08,2020-10-14T01:30:00+00:00,5.0,pseudo_real_time
early_carry,union,xgboost,2020-11,0.37909239530563354,0.5,-0.12090760469436646,0.12090760469436646,0.014618648872929185,2020-10,2020-11-16T01:30:00+00:00,5.0,pseudo_real_time
early_carry,union,xgboost,2020-12,0.6192994713783264,1.1,-0.4807005286216737,0.4807005286216737,0.23107299821715652,2020-11,2020-12-14T01:30:00+00:00,5.0,pseudo_real_time
early_carry,union,xgboost,2021-01,0.6187683343887329,1.0,-0.3812316656112671,0.3812316656112671,0.14533758286474097,2020-12,2021-01-14T01:30:00+00:00,5.0,pseudo_real_time
early_carry,union,xgboost,2021-02,-0.06486205011606216,0.8,-0.8648620501160622,0.8648620501160622,0.7479863657309581,2021-01,2021-02-19T01:30:00+00:00,5.0,pseudo_real_time
early_carry,union,xgboost,2021-03,0.5402771830558777,1.6,-1.0597228169441224,1.0597228169441224,1.123012448751986,2021-02,2021-03-15T01:30:00+00:00,5.0,pseudo_real_time
early_carry,union,xgboost,2021-04,0.5055762529373169,0.9,-0.3944237470626831,0.3944237470626831,0.15557009224696744,2021-03,2021-04-14T01:30:00+00:00,5.0,pseudo_real_time
early_carry,union,xgboost,2021-05,0.9482036232948303,1.6,-0.6517963767051698,0.6517963767051698,0.4248385166859876,2021-04,2021-05-14T01:30:00+00:00,5.0,pseudo_real_time
early_carry,union,xgboost,2021-06,0.3065637946128845,0.3,0.006563794612884533,0.006563794612884533,4.308339972013201e-05,2021-05,2021-06-15T01:30:00+00:00,5.0,pseudo_real_time
early_carry,union,xgboost,2021-07,-0.05504661798477173,0.5,-0.5550466179847717,0.5550466179847717,0.3080767481363331,2021-06,2021-07-14T01:30:00+00:00,5.0,pseudo_real_time
early_carry,union,xgboost,2021-08,0.6090678572654724,0.7,-0.09093214273452754,0.09093214273452754,0.00826865458229249,2021-07,2021-08-16T01:30:00+00:00,5.0,pseudo_real_time
early_carry,union,xgboost,2021-09,0.5415661931037903,1.2,-0.6584338068962097,0.6584338068962097,0.4335350780638351,2021-08,2021-09-14T01:30:00+00:00,5.0,pseudo_real_time
early_carry,union,xgboost,2021-10,0.9095128774642944,2.5,-1.5904871225357056,1.5904871225357056,2.5296492869519085,2021-08,2021-10-14T01:30:00+00:00,5.0,pseudo_real_time
early_carry,union,xgboost,2021-11,-0.31109464168548584,0.0,-0.31109464168548584,0.31109464168548584,0.09677987608542082,2021-10,2021-11-15T01:30:00+00:00,5.0,pseudo_real_time
early_carry,union,xgboost,2021-12,-0.6531997919082642,-1.2,0.5468002080917358,0.5468002080917358,0.2989904675691656,2021-11,2021-12-14T01:30:00+00:00,5.0,pseudo_real_time
early_carry,union,xgboost,2022-01,0.048436012119054794,-0.2,0.2484360121190548,0.2484360121190548,0.061720452117619146,2021-12,2022-01-14T01:30:00+00:00,5.0,pseudo_real_time
early_carry,union,xgboost,2022-04,0.6440666913986206,0.6,0.04406669139862063,0.04406669139862063,0.0019418732908212653,2022-01,2022-04-14T01:30:00+00:00,5.0,pseudo_real_time
early_carry,union,xgboost,2022-05,0.23375046253204346,0.1,0.13375046253204345,0.13375046253204345,0.017889186227535558,2022-04,2022-05-14T01:30:00+00:00,5.0,pseudo_real_time
early_carry,union,xgboost,2022-06,-0.19951391220092773,0.0,-0.19951391220092773,0.19951391220092773,0.0398058011617195,2022-05,2022-06-14T01:30:00+00:00,5.0,pseudo_real_time
early_carry,union,xgboost,2022-07,-0.4810129702091217,-1.3,0.8189870297908783,0.8189870297908783,0.670739754965685,2022-06,2022-07-14T01:30:00+00:00,5.0,pseudo_real_time
early_carry,union,xgboost,2022-08,-0.7214013934135437,-1.2,0.47859860658645625,0.47859860658645625,0.22905662622649753,2022-07,2022-08-14T01:30:00+00:00,5.0,pseudo_real_time
early_carry,union,xgboost,2022-09,0.07327915728092194,-0.1,0.17327915728092194,0.17327915728092194,0.030025666347986483,2022-08,2022-09-14T01:30:00+00:00,5.0,pseudo_real_time
early_carry,union,xgboost,2022-10,-0.05535538122057915,0.2,-0.25535538122057916,0.25535538122057916,0.06520637071830732,2022-08,2022-10-14T01:30:00+00:00,5.0,pseudo_real_time
early_carry,union,xgboost,2022-11,-0.7605173587799072,0.1,-0.8605173587799072,0.8605173587799072,0.7404901247615475,2022-10,2022-11-14T01:30:00+00:00,5.0,pseudo_real_time
early_carry,union,xgboost,2022-12,-0.31581583619117737,-0.5,0.18418416380882263,0.18418416380882263,0.03392380619795521,2022-11,2022-12-14T01:30:00+00:00,5.0,pseudo_real_time
early_carry,union,xgboost,2023-01,0.23900246620178223,-0.4,0.6390024662017822,0.6390024662017822,0.40832415181195986,2022-12,2023-01-14T01:30:00+00:00,5.0,pseudo_real_time
early_carry,union,xgboost,2023-03,-0.15930818021297455,0.0,-0.15930818021297455,0.15930818021297455,0.025379096282769575,2023-01,2023-03-14T01:30:00+00:00,5.0,pseudo_real_time
early_carry,union,xgboost,2023-04,-0.10326320677995682,-0.5,0.3967367932200432,0.3967367932200432,0.1574000830945233,2023-03,2023-04-14T01:30:00+00:00,5.0,pseudo_real_time
early_carry,union,xgboost,2023-05,-0.5883683562278748,-0.9,0.31163164377212527,0.31163164377212527,0.09711428140011678,2023-04,2023-05-14T01:30:00+00:00,5.0,pseudo_real_time
early_carry,union,xgboost,2023-06,-0.6554584503173828,-0.8,0.14454154968261723,0.14454154968261723,0.020892259584652507,2023-05,2023-06-14T01:30:00+00:00,5.0,pseudo_real_time
early_carry,union,xgboost,2023-07,0.08789942413568497,-0.2,0.287899424135685,0.287899424135685,0.08288607841765903,2023-06,2023-07-14T01:30:00+00:00,5.0,pseudo_real_time
early_carry,union,xgboost,2023-08,0.5419277548789978,0.2,0.3419277548789978,0.3419277548789978,0.116914589556592,2023-07,2023-08-14T01:30:00+00:00,5.0,pseudo_real_time
early_carry,union,xgboost,2023-09,0.1234075054526329,0.4,-0.2765924945473671,0.2765924945473671,0.07650340803993531,2023-08,2023-09-14T01:30:00+00:00,5.0,pseudo_real_time
early_carry,union,xgboost,2023-10,-0.1363305300474167,0.0,-0.1363305300474167,0.1363305300474167,0.018586013423009584,2023-09,2023-10-14T01:30:00+00:00,5.0,pseudo_real_time
early_carry,union,xgboost,2023-11,-0.4749801456928253,-0.3,-0.17498014569282533,0.17498014569282533,0.030618051386682377,2023-10,2023-11-14T01:30:00+00:00,5.0,pseudo_real_time
early_carry,union,xgboost,2023-12,-0.351087749004364,-0.3,-0.051087749004364025,0.051087749004364025,0.0026099580983328973,2023-11,2023-12-14T01:30:00+00:00,5.0,pseudo_real_time
early_carry,union,xgboost,2024-01,-0.21460972726345062,-0.2,-0.014609727263450611,0.014609727263450611,0.00021344413071241208,2023-12,2024-01-14T01:30:00+00:00,5.0,pseudo_real_time
early_carry,union,xgboost,2024-02,-0.042190779000520706,-0.2,0.1578092209994793,0.1578092209994793,0.0249037502324625,2024-01,2024-02-14T01:30:00+00:00,5.0,pseudo_real_time
early_carry,union,xgboost,2024-03,0.047276969999074936,-0.1,0.14727696999907494,0.14727696999907494,0.02169050589210842,2024-02,2024-03-14T01:30:00+00:00,5.0,pseudo_real_time
early_carry,union,xgboost,2024-04,-0.19698399305343628,-0.2,0.003016006946563732,0.003016006946563732,9.096297901720686e-06,2024-03,2024-04-14T01:30:00+00:00,5.0,pseudo_real_time
early_carry,union,xgboost,2024-05,0.08240511268377304,0.2,-0.11759488731622697,0.11759488731622697,0.013828557522916118,2024-04,2024-05-14T01:30:00+00:00,5.0,pseudo_real_time
early_carry,union,xgboost,2024-06,0.013300145976245403,0.1,-0.0866998540237546,0.0866998540237546,0.007516864687740357,2024-05,2024-06-14T01:30:00+00:00,5.0,pseudo_real_time
early_carry,union,xgboost,2024-07,-0.4054414629936218,-0.2,-0.20544146299362182,0.20544146299362182,0.04220619471695968,2024-06,2024-07-14T01:30:00+00:00,5.0,pseudo_real_time
early_carry,union,xgboost,2024-08,-0.6015845537185669,-0.7,0.09841544628143306,0.09841544628143306,0.009685600066773636,2024-07,2024-08-14T01:30:00+00:00,5.0,pseudo_real_time
early_carry,union,xgboost,2024-09,-0.5001082420349121,-0.6,0.09989175796508787,0.09989175796508787,0.009978363309355696,2024-08,2024-09-14T01:30:00+00:00,5.0,pseudo_real_time
early_carry,union,xgboost,2024-10,0.29768049716949463,-0.1,0.3976804971694946,0.3976804971694946,0.1581497778289764,2024-09,2024-10-14T01:30:00+00:00,5.0,pseudo_real_time
early_carry,union,xgboost,2024-11,-0.49391651153564453,-0.1,-0.39391651153564455,0.39391651153564455,0.1551702180604116,2024-10,2024-11-14T01:30:00+00:00,5.0,pseudo_real_time
early_carry,union,xgboost,2024-12,-0.07276379317045212,-0.1,0.027236206829547888,0.027236206829547888,0.000741810962461911,2024-11,2024-12-14T01:30:00+00:00,25.0,pseudo_real_time
early_carry,union,xgboost,2025-01,-0.40936586260795593,-0.2,-0.20936586260795592,0.20936586260795592,0.04383406442557348,2024-12,2025-01-14T01:30:00+00:00,5.0,pseudo_real_time
early_carry,union,xgboost,2025-03,-0.24934488534927368,-0.4,0.15065511465072634,0.15065511465072634,0.022696963570423497,2025-01,2025-03-14T01:30:00+00:00,25.0,pseudo_real_time
early_carry,union,xgboost,2025-04,-0.32587316632270813,-0.4,0.07412683367729189,0.07412683367729189,0.005494787471020895,2025-03,2025-04-14T01:30:00+00:00,5.0,pseudo_real_time
early_carry,union,xgboost,2025-05,-0.6049919724464417,-0.4,-0.20499197244644163,0.20499197244644163,0.042021708767482686,2025-04,2025-05-14T01:30:00+00:00,25.0,pseudo_real_time
early_carry,union,xgboost,2025-06,-0.14689047634601593,-0.4,0.2531095236539841,0.2531095236539841,0.06406443096434673,2025-05,2025-06-14T01:30:00+00:00,5.0,pseudo_real_time
early_carry,union,xgboost,2025-07,0.09647740423679352,-0.2,0.29647740423679353,0.29647740423679353,0.08789885122298707,2025-06,2025-07-14T01:30:00+00:00,5.0,pseudo_real_time
early_carry,union,xgboost,2025-08,-0.08599445968866348,0.0,-0.08599445968866348,0.08599445968866348,0.007395047097145169,2025-07,2025-08-14T01:30:00+00:00,5.0,pseudo_real_time
early_carry,union,xgboost,2025-09,-0.23034027218818665,0.0,-0.23034027218818665,0.23034027218818665,0.05305664099172791,2025-08,2025-09-14T01:30:00+00:00,5.0,pseudo_real_time
early_carry,union,xgboost,2025-12,-0.13845700025558472,0.2,-0.33845700025558473,0.33845700025558473,0.11455314102200888,2025-09,2025-12-14T01:30:00+00:00,25.0,pseudo_real_time
early_carry,union,xgboost,2026-01,-0.11582585424184799,0.4,-0.515825854241848,0.515825854241848,0.26607631190433223,2025-12,2026-01-14T01:30:00+00:00,25.0,pseudo_real_time
early_carry,union,xgboost,2026-02,-0.002946297638118267,0.4,-0.4029462976381183,0.4029462976381183,0.162365718780267,2026-01,2026-02-14T01:30:00+00:00,25.0,pseudo_real_time
early_carry,union,xgboost,2026-03,0.37132149934768677,1.0,-0.6286785006523132,0.6286785006523132,0.3952366571824406,2026-02,2026-03-14T01:30:00+00:00,25.0,pseudo_real_time
early_carry,union,xgboost,2026-04,0.5887823700904846,1.7,-1.1112176299095153,1.1112176299095153,1.2348046210217205,2026-03,2026-04-14T01:30:00+00:00,25.0,pseudo_real_time
early_carry,union,xgboost,2026-05,0.24901434779167175,0.5,-0.25098565220832825,0.25098565220832825,0.0629937976144399,2026-04,2026-05-14T01:30:00+00:00,25.0,pseudo_real_time
early_carry,union,xgboost,2026-06,-0.03705373778939247,-0.3,0.2629462622106075,0.2629462622106075,0.06914073681052957,2026-05,2026-06-14T01:30:00+00:00,5.0,pseudo_real_time
early_carry,union,xgboost,2026-07,-0.16349174082279205,-0.7,0.5365082591772079,0.5365082591772079,0.28784111216535807,2026-06,2026-07-14T01:30:00+00:00,5.0,pseudo_real_time
early_carry,union,xgboost,2026-08,0.2886376976966858,0.4,-0.11136230230331423,0.11136230230331423,0.012401562374294746,2026-07,2026-08-14T01:30:00+00:00,5.0,pseudo_real_time
early_carry,union,catboost,2016-04,-0.30248308477458913,0.7,-1.0024830847745891,1.0024830847745891,1.0049723352591762,2016-01,2016-04-14T01:30:00+00:00,5.0,pseudo_real_time
early_carry,union,catboost,2016-05,-0.024807959365059695,0.5,-0.5248079593650596,0.5248079593650596,0.2754233942129181,2016-04,2016-05-16T01:30:00+00:00,5.0,pseudo_real_time
early_carry,union,catboost,2016-06,-0.315311065595772,-0.2,-0.11531106559577198,0.11531106559577198,0.013296641848832428,2016-05,2016-06-14T01:30:00+00:00,5.0,pseudo_real_time
early_carry,union,catboost,2016-07,-0.1610693332581166,0.2,-0.36106933325811663,0.36106933325811663,0.1303710634194609,2016-06,2016-07-14T01:30:00+00:00,5.0,pseudo_real_time
early_carry,union,catboost,2016-08,-0.017209207930430126,0.2,-0.21720920793043014,0.21720920793043014,0.047179840009764835,2016-07,2016-08-15T01:30:00+00:00,5.0,pseudo_real_time
early_carry,union,catboost,2016-09,0.21341393292377742,0.5,-0.2865860670762226,0.2865860670762226,0.08213157384221716,2016-08,2016-09-14T01:30:00+00:00,5.0,pseudo_real_time
early_carry,union,catboost,2016-10,0.07439123488509797,0.7,-0.625608765114902,0.625608765114902,0.39138632698859266,2016-08,2016-10-14T01:30:00+00:00,5.0,pseudo_real_time
early_carry,union,catboost,2016-11,0.37993407581378025,1.5,-1.1200659241862199,1.1200659241862199,1.2545476745231308,2016-10,2016-11-14T01:30:00+00:00,5.0,pseudo_real_time
early_carry,union,catboost,2016-12,0.26974690304423316,1.6,-1.3302530969557669,1.3302530969557669,1.769573301960409,2016-11,2016-12-14T01:30:00+00:00,5.0,pseudo_real_time
early_carry,union,catboost,2017-01,-0.014766677232825473,0.8,-0.8147666772328255,0.8147666772328255,0.6638447383290192,2016-12,2017-01-16T01:30:00+00:00,5.0,pseudo_real_time
early_carry,union,catboost,2017-03,0.1290265816455184,0.3,-0.1709734183544816,0.1709734183544816,0.029231909783816585,2017-01,2017-03-14T01:30:00+00:00,5.0,pseudo_real_time
early_carry,union,catboost,2017-04,-0.2639222268592446,-0.4,0.13607777314075542,0.13607777314075542,0.018517160342946898,2017-03,2017-04-14T01:30:00+00:00,5.0,pseudo_real_time
early_carry,union,catboost,2017-05,-0.22992967011257134,-0.3,0.07007032988742865,0.07007032988742865,0.004909851130533076,2017-04,2017-05-15T01:30:00+00:00,25.0,pseudo_real_time
early_carry,union,catboost,2017-06,-0.11947300312399611,-0.2,0.0805269968760039,0.0805269968760039,0.0064845972258679415,2017-05,2017-06-14T01:30:00+00:00,5.0,pseudo_real_time
early_carry,union,catboost,2017-07,0.21057547865023574,0.2,0.010575478650235726,0.010575478650235726,0.00011184074868159164,2017-06,2017-07-14T01:30:00+00:00,5.0,pseudo_real_time
early_carry,union,catboost,2017-08,0.799458631988726,0.9,-0.100541368011274,0.100541368011274,0.01010856668157843,2017-07,2017-08-14T01:30:00+00:00,5.0,pseudo_real_time
early_carry,union,catboost,2017-09,0.8387569025074486,1.0,-0.1612430974925514,0.1612430974925514,0.02599933648899243,2017-08,2017-09-14T01:30:00+00:00,5.0,pseudo_real_time
early_carry,union,catboost,2017-10,0.17485282105926214,0.7,-0.5251471789407378,0.5251471789407378,0.2757795595494153,2017-08,2017-10-16T01:30:00+00:00,5.0,pseudo_real_time
early_carry,union,catboost,2017-11,0.15888006043815658,0.5,-0.3411199395618434,0.3411199395618434,0.11636281316667568,2017-10,2017-11-14T01:30:00+00:00,5.0,pseudo_real_time
early_carry,union,catboost,2017-12,0.3566717415813131,0.8,-0.44332825841868695,0.44332825841868695,0.19653994471254607,2017-11,2017-12-14T01:30:00+00:00,5.0,pseudo_real_time
early_carry,union,catboost,2018-01,-0.10714241181537862,0.3,-0.4071424118153786,0.4071424118153786,0.16576494349884333,2017-12,2018-01-15T01:30:00+00:00,5.0,pseudo_real_time
early_carry,union,catboost,2018-02,-0.29175040523036266,-0.1,-0.19175040523036266,0.19175040523036266,0.03676821790600829,2018-01,2018-02-14T01:30:00+00:00,5.0,pseudo_real_time
early_carry,union,catboost,2018-03,0.15862566040536322,-0.2,0.35862566040536326,0.35862566040536326,0.12861236430118292,2018-02,2018-03-14T01:30:00+00:00,5.0,pseudo_real_time
early_carry,union,catboost,2018-04,-0.16445088605473257,-0.2,0.03554911394526744,0.03554911394526744,0.001263739502293608,2018-03,2018-04-16T01:30:00+00:00,5.0,pseudo_real_time
early_carry,union,catboost,2018-05,0.11951123324581431,0.4,-0.2804887667541857,0.2804887667541857,0.078673948275284,2018-04,2018-05-14T01:30:00+00:00,5.0,pseudo_real_time
early_carry,union,catboost,2018-06,-0.0021227767359383674,0.3,-0.30212277673593835,0.30212277673593835,0.09127817222263365,2018-05,2018-06-14T01:30:00+00:00,5.0,pseudo_real_time
early_carry,union,catboost,2018-07,0.10322431361437383,0.1,0.003224313614373822,0.003224313614373822,1.039619828383638e-05,2018-06,2018-07-16T01:30:00+00:00,5.0,pseudo_real_time
early_carry,union,catboost,2018-08,0.15348772025441326,0.4,-0.24651227974558676,0.24651227974558676,0.06076830406536642,2018-07,2018-08-14T01:30:00+00:00,5.0,pseudo_real_time
early_carry,union,catboost,2018-09,0.34134932991296557,0.6,-0.2586506700870344,0.2586506700870344,0.06690016913647191,2018-08,2018-09-14T01:30:00+00:00,5.0,pseudo_real_time
early_carry,union,catboost,2018-10,0.3274824101745758,0.4,-0.07251758982542422,0.07251758982542422,0.00525880083408847,2018-08,2018-10-15T01:30:00+00:00,5.0,pseudo_real_time
early_carry,union,catboost,2018-11,-0.11359216393156885,-0.2,0.08640783606843117,0.08640783606843117,0.007466314134028874,2018-10,2018-11-14T01:30:00+00:00,5.0,pseudo_real_time
early_carry,union,catboost,2018-12,-0.348232895951842,-1.0,0.6517671040481581,0.6517671040481581,0.4248003579193225,2018-11,2018-12-14T01:30:00+00:00,5.0,pseudo_real_time
early_carry,union,catboost,2019-01,-0.24602805267550082,-0.6,0.35397194732449916,0.35397194732449916,0.125296139492698,2018-12,2019-01-14T01:30:00+00:00,5.0,pseudo_real_time
early_carry,union,catboost,2019-04,-0.015015077516293898,0.3,-0.3150150775162939,0.3150150775162939,0.09923449906259664,2019-01,2019-04-15T01:30:00+00:00,5.0,pseudo_real_time
early_carry,union,catboost,2019-05,0.023215661224620196,0.2,-0.1767843387753798,0.1767843387753798,0.03125270243624825,2019-04,2019-05-14T01:30:00+00:00,5.0,pseudo_real_time
early_carry,union,catboost,2019-06,-0.2764438813099289,-0.3,0.02355611869007107,0.02355611869007107,0.0005548907277407156,2019-05,2019-06-14T01:30:00+00:00,5.0,pseudo_real_time
early_carry,union,catboost,2019-07,-0.033412515139532036,-0.2,0.16658748486046798,0.16658748486046798,0.027751390112136648,2019-06,2019-07-15T01:30:00+00:00,5.0,pseudo_real_time
early_carry,union,catboost,2019-08,-0.05403964616462281,-0.1,0.04596035383537719,0.04596035383537719,0.0021123541246730712,2019-07,2019-08-14T01:30:00+00:00,5.0,pseudo_real_time
early_carry,union,catboost,2019-09,0.09804903484611778,0.1,-0.0019509651538822254,0.0019509651538822254,3.8062650316626955e-06,2019-08,2019-09-16T01:30:00+00:00,5.0,pseudo_real_time
early_carry,union,catboost,2019-10,-0.07154249547585005,0.1,-0.17154249547585004,0.17154249547585004,0.029426827754082032,2019-08,2019-10-14T01:30:00+00:00,5.0,pseudo_real_time
early_carry,union,catboost,2019-11,-0.22337537987228487,-0.1,-0.12337537987228486,0.12337537987228486,0.015221484358630593,2019-10,2019-11-14T01:30:00+00:00,5.0,pseudo_real_time
early_carry,union,catboost,2019-12,0.06858487190804326,0.0,0.06858487190804326,0.06858487190804326,0.004703884654642701,2019-11,2019-12-16T01:30:00+00:00,25.0,pseudo_real_time
early_carry,union,catboost,2020-01,-0.09672706522060857,0.0,-0.09672706522060857,0.09672706522060857,0.009356125146191864,2019-12,2020-01-14T01:30:00+00:00,25.0,pseudo_real_time
early_carry,union,catboost,2020-02,-0.26472905339345976,-0.5,0.23527094660654024,0.23527094660654024,0.05535241831713751,2020-01,2020-02-14T01:30:00+00:00,25.0,pseudo_real_time
early_carry,union,catboost,2020-03,-0.08328462927903925,-1.0,0.9167153707209608,0.9167153707209608,0.8403670709160685,2020-02,2020-03-16T01:30:00+00:00,25.0,pseudo_real_time
early_carry,union,catboost,2020-04,-0.33834943787233823,-1.3,0.9616505621276619,0.9616505621276619,0.9247718036404481,2020-03,2020-04-14T01:30:00+00:00,25.0,pseudo_real_time
early_carry,union,catboost,2020-05,-0.12004185651684401,-0.4,0.279958143483156,0.279958143483156,0.07837656210253537,2020-04,2020-05-14T01:30:00+00:00,25.0,pseudo_real_time
early_carry,union,catboost,2020-06,-0.21009419766635448,0.4,-0.6100941976663545,0.6100941976663545,0.37221493002615286,2020-05,2020-06-15T01:30:00+00:00,5.0,pseudo_real_time
early_carry,union,catboost,2020-07,0.014494600989181872,0.4,-0.38550539901081815,0.38550539901081815,0.14861441266649011,2020-06,2020-07-14T01:30:00+00:00,25.0,pseudo_real_time
early_carry,union,catboost,2020-08,0.22857690281986498,0.3,-0.07142309718013501,0.07142309718013501,0.00510125881080301,2020-07,2020-08-14T01:30:00+00:00,5.0,pseudo_real_time
early_carry,union,catboost,2020-09,0.21155112385917227,0.1,0.11155112385917226,0.11155112385917226,0.012443653234244392,2020-08,2020-09-14T01:30:00+00:00,5.0,pseudo_real_time
early_carry,union,catboost,2020-10,-0.08171170883306819,0.0,-0.08171170883306819,0.08171170883306819,0.006676803360420114,2020-08,2020-10-14T01:30:00+00:00,5.0,pseudo_real_time
early_carry,union,catboost,2020-11,0.3021628944400222,0.5,-0.1978371055599778,0.1978371055599778,0.0391395203363498,2020-10,2020-11-16T01:30:00+00:00,5.0,pseudo_real_time
early_carry,union,catboost,2020-12,0.4432073765110315,1.1,-0.6567926234889686,0.6567926234889686,0.4313765502695221,2020-11,2020-12-14T01:30:00+00:00,5.0,pseudo_real_time
early_carry,union,catboost,2021-01,0.3236161471397119,1.0,-0.6763838528602881,0.6763838528602881,0.4574951164101279,2020-12,2021-01-14T01:30:00+00:00,5.0,pseudo_real_time
early_carry,union,catboost,2021-02,-0.037592006333590104,0.8,-0.8375920063335901,0.8375920063335901,0.7015603690739288,2021-01,2021-02-19T01:30:00+00:00,5.0,pseudo_real_time
early_carry,union,catboost,2021-03,0.5665941275828111,1.6,-1.0334058724171888,1.0334058724171888,1.0679276971463312,2021-02,2021-03-15T01:30:00+00:00,5.0,pseudo_real_time
early_carry,union,catboost,2021-04,0.5272608465713693,0.9,-0.37273915342863073,0.37273915342863073,0.1389344764986923,2021-03,2021-04-14T01:30:00+00:00,5.0,pseudo_real_time
early_carry,union,catboost,2021-05,0.9104137021915705,1.6,-0.6895862978084296,0.6895862978084296,0.4755292621251362,2021-04,2021-05-14T01:30:00+00:00,5.0,pseudo_real_time
early_carry,union,catboost,2021-06,0.06871076715263771,0.3,-0.23128923284736227,0.23128923284736227,0.053494709231121366,2021-05,2021-06-15T01:30:00+00:00,5.0,pseudo_real_time
early_carry,union,catboost,2021-07,0.04901629070383125,0.5,-0.45098370929616877,0.45098370929616877,0.20338630605053126,2021-06,2021-07-14T01:30:00+00:00,5.0,pseudo_real_time
early_carry,union,catboost,2021-08,0.4746637319651494,0.7,-0.22533626803485057,0.22533626803485057,0.05077643369187402,2021-07,2021-08-16T01:30:00+00:00,5.0,pseudo_real_time
early_carry,union,catboost,2021-09,0.4628417116782553,1.2,-0.7371582883217447,0.7371582883217447,0.5434023420414444,2021-08,2021-09-14T01:30:00+00:00,5.0,pseudo_real_time
early_carry,union,catboost,2021-10,0.9800238658952161,2.5,-1.519976134104784,1.519976134104784,2.310327448248124,2021-08,2021-10-14T01:30:00+00:00,5.0,pseudo_real_time
early_carry,union,catboost,2021-11,-0.38110771179333613,0.0,-0.38110771179333613,0.38110771179333613,0.14524308798835256,2021-10,2021-11-15T01:30:00+00:00,5.0,pseudo_real_time
early_carry,union,catboost,2021-12,-0.39009447864015245,-1.2,0.8099055213598475,0.8099055213598475,0.6559469535291664,2021-11,2021-12-14T01:30:00+00:00,5.0,pseudo_real_time
early_carry,union,catboost,2022-01,-0.2242597792959231,-0.2,-0.0242597792959231,0.0242597792959231,0.0005885368914868991,2021-12,2022-01-14T01:30:00+00:00,5.0,pseudo_real_time
early_carry,union,catboost,2022-04,0.27379992216102567,0.6,-0.3262000778389743,0.3262000778389743,0.1064064907821529,2022-01,2022-04-14T01:30:00+00:00,5.0,pseudo_real_time
early_carry,union,catboost,2022-05,0.05734397010661192,0.1,-0.042656029893388084,0.042656029893388084,0.0018195368862656178,2022-04,2022-05-14T01:30:00+00:00,25.0,pseudo_real_time
early_carry,union,catboost,2022-06,-0.09410964827684509,0.0,-0.09410964827684509,0.09410964827684509,0.008856625898791493,2022-05,2022-06-14T01:30:00+00:00,5.0,pseudo_real_time
early_carry,union,catboost,2022-07,-0.3746089396843601,-1.3,0.9253910603156399,0.9253910603156399,0.8563486145121043,2022-06,2022-07-14T01:30:00+00:00,25.0,pseudo_real_time
early_carry,union,catboost,2022-08,-0.40609971099643727,-1.2,0.7939002890035627,0.7939002890035627,0.6302776688799404,2022-07,2022-08-14T01:30:00+00:00,5.0,pseudo_real_time
early_carry,union,catboost,2022-09,-0.20237264255074727,-0.1,-0.10237264255074727,0.10237264255074727,0.01048015794282307,2022-08,2022-09-14T01:30:00+00:00,25.0,pseudo_real_time
early_carry,union,catboost,2022-10,-0.01698587769371901,0.2,-0.21698587769371902,0.21698587769371902,0.047082871118513586,2022-08,2022-10-14T01:30:00+00:00,25.0,pseudo_real_time
early_carry,union,catboost,2022-11,-0.6125949918356819,0.1,-0.7125949918356819,0.7125949918356819,0.5077916223892955,2022-10,2022-11-14T01:30:00+00:00,5.0,pseudo_real_time
early_carry,union,catboost,2022-12,-0.1365780356900007,-0.5,0.3634219643099993,0.3634219643099993,0.1320755241429384,2022-11,2022-12-14T01:30:00+00:00,5.0,pseudo_real_time
early_carry,union,catboost,2023-01,0.22073645102647976,-0.4,0.6207364510264798,0.6207364510264798,0.38531374163294935,2022-12,2023-01-14T01:30:00+00:00,5.0,pseudo_real_time
early_carry,union,catboost,2023-03,-0.11491991350178249,0.0,-0.11491991350178249,0.11491991350178249,0.01320658651925717,2023-01,2023-03-14T01:30:00+00:00,5.0,pseudo_real_time
early_carry,union,catboost,2023-04,-0.22190796293531995,-0.5,0.27809203706468005,0.27809203706468005,0.07733518107878339,2023-03,2023-04-14T01:30:00+00:00,5.0,pseudo_real_time
early_carry,union,catboost,2023-05,-0.4919377669899003,-0.9,0.4080622330100997,0.4080622330100997,0.1665147860091889,2023-04,2023-05-14T01:30:00+00:00,5.0,pseudo_real_time
early_carry,union,catboost,2023-06,-0.5024163038944418,-0.8,0.29758369610555824,0.29758369610555824,0.08855605618784523,2023-05,2023-06-14T01:30:00+00:00,5.0,pseudo_real_time
early_carry,union,catboost,2023-07,0.058030217200730844,-0.2,0.2580302172007308,0.2580302172007308,0.06657959298865633,2023-06,2023-07-14T01:30:00+00:00,5.0,pseudo_real_time
early_carry,union,catboost,2023-08,0.396432279858612,0.2,0.196432279858612,0.196432279858612,0.038585640570452065,2023-07,2023-08-14T01:30:00+00:00,5.0,pseudo_real_time
early_carry,union,catboost,2023-09,0.05766421918762436,0.4,-0.34233578081237565,0.34233578081237565,0.1171937868244189,2023-08,2023-09-14T01:30:00+00:00,5.0,pseudo_real_time
early_carry,union,catboost,2023-10,-0.23131827236926655,0.0,-0.23131827236926655,0.23131827236926655,0.053508143131902185,2023-09,2023-10-14T01:30:00+00:00,5.0,pseudo_real_time
early_carry,union,catboost,2023-11,-0.37253553802078415,-0.3,-0.07253553802078416,0.07253553802078416,0.005261404275964625,2023-10,2023-11-14T01:30:00+00:00,5.0,pseudo_real_time
early_carry,union,catboost,2023-12,-0.18649906414375997,-0.3,0.11350093585624002,0.11350093585624002,0.012882462440242312,2023-11,2023-12-14T01:30:00+00:00,5.0,pseudo_real_time
early_carry,union,catboost,2024-01,-0.19861501375976282,-0.2,0.001384986240237196,0.001384986240237196,1.918186885646364e-06,2023-12,2024-01-14T01:30:00+00:00,5.0,pseudo_real_time
early_carry,union,catboost,2024-02,-0.13892942442065223,-0.2,0.06107057557934778,0.06107057557934778,0.0037296152015928296,2024-01,2024-02-14T01:30:00+00:00,5.0,pseudo_real_time
early_carry,union,catboost,2024-03,-0.04219152436322696,-0.1,0.05780847563677305,0.05780847563677305,0.0033418198554473833,2024-02,2024-03-14T01:30:00+00:00,5.0,pseudo_real_time
early_carry,union,catboost,2024-04,-0.12420014391627646,-0.2,0.07579985608372355,0.07579985608372355,0.005745618182313203,2024-03,2024-04-14T01:30:00+00:00,5.0,pseudo_real_time
early_carry,union,catboost,2024-05,0.10778929125079757,0.2,-0.09221070874920244,0.09221070874920244,0.008502814808030239,2024-04,2024-05-14T01:30:00+00:00,5.0,pseudo_real_time
early_carry,union,catboost,2024-06,-0.09330832431014749,0.1,-0.1933083243101475,0.1933083243101475,0.03736810824759716,2024-05,2024-06-14T01:30:00+00:00,5.0,pseudo_real_time
early_carry,union,catboost,2024-07,-0.37654388294432417,-0.2,-0.17654388294432416,0.17654388294432416,0.03116774260505923,2024-06,2024-07-14T01:30:00+00:00,5.0,pseudo_real_time
early_carry,union,catboost,2024-08,-0.44252899721166117,-0.7,0.2574710027883388,0.2574710027883388,0.06629131727683275,2024-07,2024-08-14T01:30:00+00:00,5.0,pseudo_real_time
early_carry,union,catboost,2024-09,-0.3999304120254907,-0.6,0.2000695879745093,0.2000695879745093,0.040027840032289916,2024-08,2024-09-14T01:30:00+00:00,5.0,pseudo_real_time
early_carry,union,catboost,2024-10,0.4290535459225635,-0.1,0.5290535459225635,0.5290535459225635,0.279897654453238,2024-09,2024-10-14T01:30:00+00:00,5.0,pseudo_real_time
early_carry,union,catboost,2024-11,-0.3797699984629622,-0.1,-0.27976999846296224,0.27976999846296224,0.07827125203996589,2024-10,2024-11-14T01:30:00+00:00,5.0,pseudo_real_time
early_carry,union,catboost,2024-12,-0.08517530926849477,-0.1,0.014824690731505233,0.014824690731505233,0.00021977145528477714,2024-11,2024-12-14T01:30:00+00:00,5.0,pseudo_real_time
early_carry,union,catboost,2025-01,-0.202268025802991,-0.2,-0.002268025802990986,0.002268025802990986,5.143941043032907e-06,2024-12,2025-01-14T01:30:00+00:00,5.0,pseudo_real_time
early_carry,union,catboost,2025-03,-0.20469085843225637,-0.4,0.19530914156774365,0.19530914156774365,0.03814566077992893,2025-01,2025-03-14T01:30:00+00:00,5.0,pseudo_real_time
early_carry,union,catboost,2025-04,-0.27594336811515535,-0.4,0.12405663188484467,0.12405663188484467,0.015390047914611859,2025-03,2025-04-14T01:30:00+00:00,5.0,pseudo_real_time
early_carry,union,catboost,2025-05,-0.4571798969568777,-0.4,-0.057179896956877696,0.057179896956877696,0.003269540615999151,2025-04,2025-05-14T01:30:00+00:00,5.0,pseudo_real_time
early_carry,union,catboost,2025-06,-0.20714426719071183,-0.4,0.1928557328092882,0.1928557328092882,0.037193333677407556,2025-05,2025-06-14T01:30:00+00:00,5.0,pseudo_real_time
early_carry,union,catboost,2025-07,0.13297294672157572,-0.2,0.33297294672157574,0.33297294672157574,0.11087098324844931,2025-06,2025-07-14T01:30:00+00:00,5.0,pseudo_real_time
early_carry,union,catboost,2025-08,-0.089029069090819,0.0,-0.089029069090819,0.089029069090819,0.007926175143177823,2025-07,2025-08-14T01:30:00+00:00,5.0,pseudo_real_time
early_carry,union,catboost,2025-09,-0.24092212956618875,0.0,-0.24092212956618875,0.24092212956618875,0.058043472514707435,2025-08,2025-09-14T01:30:00+00:00,5.0,pseudo_real_time
early_carry,union,catboost,2025-12,-0.09378893432259872,0.2,-0.2937889343225987,0.2937889343225987,0.08631193793040823,2025-09,2025-12-14T01:30:00+00:00,5.0,pseudo_real_time
early_carry,union,catboost,2026-01,-0.23768357651003444,0.4,-0.6376835765100345,0.6376835765100345,0.406640343750629,2025-12,2026-01-14T01:30:00+00:00,5.0,pseudo_real_time
early_carry,union,catboost,2026-02,-0.12381716486657646,0.4,-0.5238171648665765,0.5238171648665765,0.27438442220885817,2026-01,2026-02-14T01:30:00+00:00,5.0,pseudo_real_time
early_carry,union,catboost,2026-03,0.3442205215653637,1.0,-0.6557794784346362,0.6557794784346362,0.43004672433600355,2026-02,2026-03-14T01:30:00+00:00,5.0,pseudo_real_time
early_carry,union,catboost,2026-04,0.6024654825998743,1.7,-1.0975345174001256,1.0975345174001256,1.2045820168847268,2026-03,2026-04-14T01:30:00+00:00,5.0,pseudo_real_time
early_carry,union,catboost,2026-05,0.1648378075128884,0.5,-0.3351621924871116,0.3351621924871116,0.11233369527276765,2026-04,2026-05-14T01:30:00+00:00,5.0,pseudo_real_time
early_carry,union,catboost,2026-06,-0.16580039915024622,-0.3,0.13419960084975377,0.13419960084975377,0.018009532868233234,2026-05,2026-06-14T01:30:00+00:00,5.0,pseudo_real_time
early_carry,union,catboost,2026-07,-0.2494465253149598,-0.7,0.45055347468504015,0.45055347468504015,0.2029984335507631,2026-06,2026-07-14T01:30:00+00:00,5.0,pseudo_real_time
early_carry,union,catboost,2026-08,0.2002154844431911,0.4,-0.19978451555680893,0.19978451555680893,0.03991385265626883,2026-07,2026-08-14T01:30:00+00:00,5.0,pseudo_real_time
early_carry,union,lightgbm,2016-04,-0.2966732966412693,0.7,-0.9966732966412692,0.9966732966412692,0.9933576602377755,2016-01,2016-04-14T01:30:00+00:00,25.0,pseudo_real_time
early_carry,union,lightgbm,2016-05,-0.1571531147315552,0.5,-0.6571531147315552,0.6571531147315552,0.4318502162013846,2016-04,2016-05-16T01:30:00+00:00,5.0,pseudo_real_time
early_carry,union,lightgbm,2016-06,-0.35691476400710176,-0.2,-0.15691476400710175,0.15691476400710175,0.024622243163404434,2016-05,2016-06-14T01:30:00+00:00,25.0,pseudo_real_time
early_carry,union,lightgbm,2016-07,-0.15861826969584,0.2,-0.35861826969584,0.35861826969584,0.12860706335963823,2016-06,2016-07-14T01:30:00+00:00,25.0,pseudo_real_time
early_carry,union,lightgbm,2016-08,-0.04550600915916994,0.2,-0.24550600915916995,0.24550600915916995,0.06027320053326244,2016-07,2016-08-15T01:30:00+00:00,5.0,pseudo_real_time
early_carry,union,lightgbm,2016-09,0.18639258690873858,0.5,-0.3136074130912614,0.3136074130912614,0.09834960954579307,2016-08,2016-09-14T01:30:00+00:00,5.0,pseudo_real_time
early_carry,union,lightgbm,2016-10,0.043937569886578876,0.7,-0.656062430113421,0.656062430113421,0.43041791220632747,2016-08,2016-10-14T01:30:00+00:00,5.0,pseudo_real_time
early_carry,union,lightgbm,2016-11,0.2676960636393003,1.5,-1.2323039363606996,1.2323039363606996,1.5185729915700752,2016-10,2016-11-14T01:30:00+00:00,5.0,pseudo_real_time
early_carry,union,lightgbm,2016-12,0.3785073435310969,1.6,-1.2214926564689033,1.2214926564689033,1.492044309807458,2016-11,2016-12-14T01:30:00+00:00,5.0,pseudo_real_time
early_carry,union,lightgbm,2017-01,0.4685622684323802,0.8,-0.33143773156761985,0.33143773156761985,0.10985096990668963,2016-12,2017-01-16T01:30:00+00:00,5.0,pseudo_real_time
early_carry,union,lightgbm,2017-03,0.3853042838377724,0.3,0.08530428383777239,0.08530428383777239,0.007276820841075235,2017-01,2017-03-14T01:30:00+00:00,5.0,pseudo_real_time
early_carry,union,lightgbm,2017-04,-0.07838005396446922,-0.4,0.3216199460355308,0.3216199460355308,0.10343938968789773,2017-03,2017-04-14T01:30:00+00:00,5.0,pseudo_real_time
early_carry,union,lightgbm,2017-05,-0.12978708130167724,-0.3,0.17021291869832275,0.17021291869832275,0.02897243769180183,2017-04,2017-05-15T01:30:00+00:00,5.0,pseudo_real_time
early_carry,union,lightgbm,2017-06,-0.10518326061532951,-0.2,0.0948167393846705,0.0948167393846705,0.008990214067540527,2017-05,2017-06-14T01:30:00+00:00,5.0,pseudo_real_time
early_carry,union,lightgbm,2017-07,0.38941758596586123,0.2,0.18941758596586122,0.18941758596586122,0.03587902187313443,2017-06,2017-07-14T01:30:00+00:00,5.0,pseudo_real_time
early_carry,union,lightgbm,2017-08,0.5390216383405907,0.9,-0.36097836165940933,0.36097836165940933,0.13030537758631133,2017-07,2017-08-14T01:30:00+00:00,5.0,pseudo_real_time
early_carry,union,lightgbm,2017-09,0.5868857712014068,1.0,-0.41311422879859316,0.41311422879859316,0.17066336603585638,2017-08,2017-09-14T01:30:00+00:00,5.0,pseudo_real_time
early_carry,union,lightgbm,2017-10,0.28141872800903694,0.7,-0.418581271990963,0.418581271990963,0.17521028126157256,2017-08,2017-10-16T01:30:00+00:00,5.0,pseudo_real_time
early_carry,union,lightgbm,2017-11,0.10837579197086758,0.5,-0.39162420802913245,0.39162420802913245,0.1533695203144452,2017-10,2017-11-14T01:30:00+00:00,5.0,pseudo_real_time
early_carry,union,lightgbm,2017-12,0.3073220476919111,0.8,-0.4926779523080889,0.4926779523080889,0.24273156469049154,2017-11,2017-12-14T01:30:00+00:00,5.0,pseudo_real_time
early_carry,union,lightgbm,2018-01,-0.14870333153483306,0.3,-0.44870333153483305,0.44870333153483305,0.2013346797304583,2017-12,2018-01-15T01:30:00+00:00,5.0,pseudo_real_time
early_carry,union,lightgbm,2018-02,-0.32175386841316245,-0.1,-0.22175386841316244,0.22175386841316244,0.049174778156202165,2018-01,2018-02-14T01:30:00+00:00,5.0,pseudo_real_time
early_carry,union,lightgbm,2018-03,0.30484938968853104,-0.2,0.5048493896885311,0.5048493896885311,0.2548729062688823,2018-02,2018-03-14T01:30:00+00:00,5.0,pseudo_real_time
early_carry,union,lightgbm,2018-04,-0.16233788500639454,-0.2,0.03766211499360547,0.03766211499360547,0.001418434905791562,2018-03,2018-04-16T01:30:00+00:00,5.0,pseudo_real_time
early_carry,union,lightgbm,2018-05,0.360852363150901,0.4,-0.039147636849099,0.039147636849099,0.0015325374708689337,2018-04,2018-05-14T01:30:00+00:00,5.0,pseudo_real_time
early_carry,union,lightgbm,2018-06,0.024410263221526396,0.3,-0.2755897367784736,0.2755897367784736,0.07594970301762836,2018-05,2018-06-14T01:30:00+00:00,5.0,pseudo_real_time
early_carry,union,lightgbm,2018-07,0.06822651311512858,0.1,-0.03177348688487143,0.03177348688487143,0.0010095544688230968,2018-06,2018-07-16T01:30:00+00:00,5.0,pseudo_real_time
early_carry,union,lightgbm,2018-08,0.4026137611992365,0.4,0.002613761199236453,0.002613761199236453,6.831747606633981e-06,2018-07,2018-08-14T01:30:00+00:00,5.0,pseudo_real_time
early_carry,union,lightgbm,2018-09,0.4662850328016486,0.6,-0.13371496719835135,0.13371496719835135,0.01787969245285618,2018-08,2018-09-14T01:30:00+00:00,5.0,pseudo_real_time
early_carry,union,lightgbm,2018-10,0.340634850994233,0.4,-0.059365149005767004,0.059365149005767004,0.0035242209164769193,2018-08,2018-10-15T01:30:00+00:00,5.0,pseudo_real_time
early_carry,union,lightgbm,2018-11,-0.08097218706046874,-0.2,0.11902781293953127,0.11902781293953127,0.014167620253168048,2018-10,2018-11-14T01:30:00+00:00,5.0,pseudo_real_time
early_carry,union,lightgbm,2018-12,-0.23934225485799776,-1.0,0.7606577451420022,0.7606577451420022,0.5786002052445153,2018-11,2018-12-14T01:30:00+00:00,5.0,pseudo_real_time
early_carry,union,lightgbm,2019-01,-0.2891569278174896,-0.6,0.3108430721825104,0.3108430721825104,0.09662341552386136,2018-12,2019-01-14T01:30:00+00:00,5.0,pseudo_real_time
early_carry,union,lightgbm,2019-04,-0.05953867230729206,0.3,-0.35953867230729203,0.35953867230729203,0.1292680568844903,2019-01,2019-04-15T01:30:00+00:00,5.0,pseudo_real_time
early_carry,union,lightgbm,2019-05,-0.08650527541827129,0.2,-0.2865052754182713,0.2865052754182713,0.0820852728424995,2019-04,2019-05-14T01:30:00+00:00,5.0,pseudo_real_time
early_carry,union,lightgbm,2019-06,-0.24451314672079738,-0.3,0.05548685327920261,0.05548685327920261,0.003078790886827757,2019-05,2019-06-14T01:30:00+00:00,5.0,pseudo_real_time
early_carry,union,lightgbm,2019-07,-0.20316271062574198,-0.2,-0.0031627106257419713,0.0031627106257419713,1.0002738502181171e-05,2019-06,2019-07-15T01:30:00+00:00,5.0,pseudo_real_time
early_carry,union,lightgbm,2019-08,0.14958809422862704,-0.1,0.24958809422862704,0.24958809422862704,0.062294216780678015,2019-07,2019-08-14T01:30:00+00:00,5.0,pseudo_real_time
early_carry,union,lightgbm,2019-09,0.24025426501431174,0.1,0.14025426501431174,0.14025426501431174,0.01967125885470479,2019-08,2019-09-16T01:30:00+00:00,5.0,pseudo_real_time
early_carry,union,lightgbm,2019-10,-0.04886400516658349,0.1,-0.1488640051665835,0.1488640051665835,0.022160492034236597,2019-08,2019-10-14T01:30:00+00:00,5.0,pseudo_real_time
early_carry,union,lightgbm,2019-11,-0.3032800871824993,-0.1,-0.20328008718249932,0.20328008718249932,0.04132279384492452,2019-10,2019-11-14T01:30:00+00:00,5.0,pseudo_real_time
early_carry,union,lightgbm,2019-12,0.09614544384653975,0.0,0.09614544384653975,0.09614544384653975,0.009243946372448129,2019-11,2019-12-16T01:30:00+00:00,5.0,pseudo_real_time
early_carry,union,lightgbm,2020-01,-0.19110998142767915,0.0,-0.19110998142767915,0.19110998142767915,0.03652302500128787,2019-12,2020-01-14T01:30:00+00:00,5.0,pseudo_real_time
early_carry,union,lightgbm,2020-02,-0.43568858439922736,-0.5,0.06431141560077264,0.06431141560077264,0.0041359581765753025,2020-01,2020-02-14T01:30:00+00:00,5.0,pseudo_real_time
early_carry,union,lightgbm,2020-03,-0.013102594168597763,-1.0,0.9868974058314023,0.9868974058314023,0.9739664896367516,2020-02,2020-03-16T01:30:00+00:00,5.0,pseudo_real_time
early_carry,union,lightgbm,2020-04,-0.4992049987862127,-1.3,0.8007950012137873,0.8007950012137873,0.6412726339689897,2020-03,2020-04-14T01:30:00+00:00,5.0,pseudo_real_time
early_carry,union,lightgbm,2020-05,0.034316039210743894,-0.4,0.4343160392107439,0.4343160392107439,0.18863042191570845,2020-04,2020-05-14T01:30:00+00:00,5.0,pseudo_real_time
early_carry,union,lightgbm,2020-06,-0.12837513552439755,0.4,-0.5283751355243975,0.5283751355243975,0.2791802838404254,2020-05,2020-06-15T01:30:00+00:00,5.0,pseudo_real_time
early_carry,union,lightgbm,2020-07,0.2741773436518478,0.4,-0.1258226563481522,0.1258226563481522,0.015831340850505207,2020-06,2020-07-14T01:30:00+00:00,5.0,pseudo_real_time
early_carry,union,lightgbm,2020-08,0.2509552309743501,0.3,-0.049044769025649915,0.049044769025649915,0.0024053893687793495,2020-07,2020-08-14T01:30:00+00:00,5.0,pseudo_real_time
early_carry,union,lightgbm,2020-09,0.3779793140329764,0.1,0.2779793140329764,0.2779793140329764,0.0772724990302441,2020-08,2020-09-14T01:30:00+00:00,5.0,pseudo_real_time
early_carry,union,lightgbm,2020-10,-0.06245767436074487,0.0,-0.06245767436074487,0.06245767436074487,0.003900961086552847,2020-08,2020-10-14T01:30:00+00:00,5.0,pseudo_real_time
early_carry,union,lightgbm,2020-11,0.3577770636974579,0.5,-0.14222293630254212,0.14222293630254212,0.020227363610516955,2020-10,2020-11-16T01:30:00+00:00,5.0,pseudo_real_time
early_carry,union,lightgbm,2020-12,0.6008071296010066,1.1,-0.4991928703989935,0.4991928703989935,0.24919352185718632,2020-11,2020-12-14T01:30:00+00:00,5.0,pseudo_real_time
early_carry,union,lightgbm,2021-01,0.4781315128501802,1.0,-0.5218684871498198,0.5218684871498198,0.27234671788004167,2020-12,2021-01-14T01:30:00+00:00,5.0,pseudo_real_time
early_carry,union,lightgbm,2021-02,-0.14433399483426146,0.8,-0.9443339948342615,0.9443339948342615,0.891766693799635,2021-01,2021-02-19T01:30:00+00:00,5.0,pseudo_real_time
early_carry,union,lightgbm,2021-03,0.5832973734173585,1.6,-1.0167026265826415,1.0167026265826415,1.0336842309000422,2021-02,2021-03-15T01:30:00+00:00,5.0,pseudo_real_time
early_carry,union,lightgbm,2021-04,0.5262905533358634,0.9,-0.37370944666413664,0.37370944666413664,0.13965875052601517,2021-03,2021-04-14T01:30:00+00:00,5.0,pseudo_real_time
early_carry,union,lightgbm,2021-05,0.9390376851285166,1.6,-0.6609623148714835,0.6609623148714835,0.43687118168027006,2021-04,2021-05-14T01:30:00+00:00,5.0,pseudo_real_time
early_carry,union,lightgbm,2021-06,0.21661451231236387,0.3,-0.08338548768763612,0.08338548768763612,0.006953139556904915,2021-05,2021-06-15T01:30:00+00:00,5.0,pseudo_real_time
early_carry,union,lightgbm,2021-07,-0.06442990925244516,0.5,-0.5644299092524452,0.5644299092524452,0.3185811224587235,2021-06,2021-07-14T01:30:00+00:00,5.0,pseudo_real_time
early_carry,union,lightgbm,2021-08,0.6591921248852155,0.7,-0.04080787511478445,0.04080787511478445,0.0016652826713838443,2021-07,2021-08-16T01:30:00+00:00,5.0,pseudo_real_time
early_carry,union,lightgbm,2021-09,0.5927819853216288,1.2,-0.6072180146783711,0.6072180146783711,0.3687137173499425,2021-08,2021-09-14T01:30:00+00:00,5.0,pseudo_real_time
early_carry,union,lightgbm,2021-10,0.8834895891776552,2.5,-1.616510410822345,1.616510410822345,2.6131059082970265,2021-08,2021-10-14T01:30:00+00:00,5.0,pseudo_real_time
early_carry,union,lightgbm,2021-11,-0.28272870168816266,0.0,-0.28272870168816266,0.28272870168816266,0.07993551875827408,2021-10,2021-11-15T01:30:00+00:00,5.0,pseudo_real_time
early_carry,union,lightgbm,2021-12,-0.619958063432346,-1.2,0.5800419365676539,0.5800419365676539,0.33644864817715425,2021-11,2021-12-14T01:30:00+00:00,5.0,pseudo_real_time
early_carry,union,lightgbm,2022-01,-0.2073360790765761,-0.2,-0.007336079076576102,0.007336079076576102,5.381805621777767e-05,2021-12,2022-01-14T01:30:00+00:00,5.0,pseudo_real_time
early_carry,union,lightgbm,2022-04,0.46828469174493453,0.6,-0.13171530825506544,0.13171530825506544,0.01734892242872691,2022-01,2022-04-14T01:30:00+00:00,5.0,pseudo_real_time
early_carry,union,lightgbm,2022-05,0.03340681474266316,0.1,-0.06659318525733685,0.06659318525733685,0.004434652322717985,2022-04,2022-05-14T01:30:00+00:00,5.0,pseudo_real_time
early_carry,union,lightgbm,2022-06,-0.22053607304528744,0.0,-0.22053607304528744,0.22053607304528744,0.04863615951423636,2022-05,2022-06-14T01:30:00+00:00,5.0,pseudo_real_time
early_carry,union,lightgbm,2022-07,-0.42201302978829064,-1.3,0.8779869702117093,0.8779869702117093,0.770861119861537,2022-06,2022-07-14T01:30:00+00:00,5.0,pseudo_real_time
early_carry,union,lightgbm,2022-08,-0.6007136006349302,-1.2,0.5992863993650698,0.5992863993650698,0.3591441884639499,2022-07,2022-08-14T01:30:00+00:00,5.0,pseudo_real_time
early_carry,union,lightgbm,2022-09,-0.02049692306490413,-0.1,0.07950307693509587,0.07950307693509587,0.006320739242147773,2022-08,2022-09-14T01:30:00+00:00,5.0,pseudo_real_time
early_carry,union,lightgbm,2022-10,-0.028410127055619478,0.2,-0.2284101270556195,0.2284101270556195,0.05217118614156424,2022-08,2022-10-14T01:30:00+00:00,5.0,pseudo_real_time
early_carry,union,lightgbm,2022-11,-0.8317300753713729,0.1,-0.9317300753713729,0.9317300753713729,0.8681209333515442,2022-10,2022-11-14T01:30:00+00:00,5.0,pseudo_real_time
early_carry,union,lightgbm,2022-12,-0.25482413260808523,-0.5,0.24517586739191477,0.24517586739191477,0.060111205951377776,2022-11,2022-12-14T01:30:00+00:00,5.0,pseudo_real_time
early_carry,union,lightgbm,2023-01,0.11658938312482157,-0.4,0.5165893831248216,0.5165893831248216,0.26686459075728375,2022-12,2023-01-14T01:30:00+00:00,5.0,pseudo_real_time
early_carry,union,lightgbm,2023-03,-0.2750628810844505,0.0,-0.2750628810844505,0.2750628810844505,0.07565958855047855,2023-01,2023-03-14T01:30:00+00:00,5.0,pseudo_real_time
early_carry,union,lightgbm,2023-04,-0.16858440940321642,-0.5,0.3314155905967836,0.3314155905967836,0.10983629369061489,2023-03,2023-04-14T01:30:00+00:00,5.0,pseudo_real_time
early_carry,union,lightgbm,2023-05,-0.5142045433193126,-0.9,0.3857954566806874,0.3857954566806874,0.14883813439546012,2023-04,2023-05-14T01:30:00+00:00,5.0,pseudo_real_time
early_carry,union,lightgbm,2023-06,-0.46521348328010736,-0.8,0.3347865167198927,0.3347865167198927,0.11208201177743898,2023-05,2023-06-14T01:30:00+00:00,5.0,pseudo_real_time
early_carry,union,lightgbm,2023-07,-0.0890793727018251,-0.2,0.11092062729817491,0.11092062729817491,0.012303385560220625,2023-06,2023-07-14T01:30:00+00:00,5.0,pseudo_real_time
early_carry,union,lightgbm,2023-08,0.5214574683700708,0.2,0.3214574683700708,0.3214574683700708,0.10333490397089505,2023-07,2023-08-14T01:30:00+00:00,5.0,pseudo_real_time
early_carry,union,lightgbm,2023-09,0.17665842283657043,0.4,-0.2233415771634296,0.2233415771634296,0.04988146008984817,2023-08,2023-09-14T01:30:00+00:00,5.0,pseudo_real_time
early_carry,union,lightgbm,2023-10,-0.21522645437568644,0.0,-0.21522645437568644,0.21522645437568644,0.04632242666312943,2023-09,2023-10-14T01:30:00+00:00,5.0,pseudo_real_time
early_carry,union,lightgbm,2023-11,-0.47215924571994167,-0.3,-0.17215924571994168,0.17215924571994168,0.029638805886859257,2023-10,2023-11-14T01:30:00+00:00,5.0,pseudo_real_time
early_carry,union,lightgbm,2023-12,-0.1131278022783127,-0.3,0.18687219772168728,0.18687219772168728,0.034921218281333384,2023-11,2023-12-14T01:30:00+00:00,5.0,pseudo_real_time
early_carry,union,lightgbm,2024-01,-0.2634563985219287,-0.2,-0.06345639852192869,0.06345639852192869,0.004026714513373834,2023-12,2024-01-14T01:30:00+00:00,5.0,pseudo_real_time
early_carry,union,lightgbm,2024-02,-0.10015028408011506,-0.2,0.09984971591988495,0.09984971591988495,0.009969965769281726,2024-01,2024-02-14T01:30:00+00:00,5.0,pseudo_real_time
early_carry,union,lightgbm,2024-03,0.12388048293936539,-0.1,0.2238804829393654,0.2238804829393654,0.050122470641163486,2024-02,2024-03-14T01:30:00+00:00,5.0,pseudo_real_time
early_carry,union,lightgbm,2024-04,-0.16918410146136442,-0.2,0.03081589853863559,0.03081589853863559,0.000949619602743483,2024-03,2024-04-14T01:30:00+00:00,5.0,pseudo_real_time
early_carry,union,lightgbm,2024-05,0.08100567400984615,0.2,-0.11899432599015386,0.11899432599015386,0.014159649617851006,2024-04,2024-05-14T01:30:00+00:00,5.0,pseudo_real_time
early_carry,union,lightgbm,2024-06,-0.027353407243204973,0.1,-0.12735340724320499,0.12735340724320499,0.016218890336453615,2024-05,2024-06-14T01:30:00+00:00,5.0,pseudo_real_time
early_carry,union,lightgbm,2024-07,-0.32267833082308467,-0.2,-0.12267833082308466,0.12267833082308466,0.015049972853538204,2024-06,2024-07-14T01:30:00+00:00,5.0,pseudo_real_time
early_carry,union,lightgbm,2024-08,-0.43197409791893593,-0.7,0.268025902081064,0.268025902081064,0.07183788418636812,2024-07,2024-08-14T01:30:00+00:00,5.0,pseudo_real_time
early_carry,union,lightgbm,2024-09,-0.48648171052928263,-0.6,0.11351828947071735,0.11351828947071735,0.012886402044357577,2024-08,2024-09-14T01:30:00+00:00,5.0,pseudo_real_time
early_carry,union,lightgbm,2024-10,0.23327352950740834,-0.1,0.33327352950740835,0.33327352950740835,0.11107124547032539,2024-09,2024-10-14T01:30:00+00:00,5.0,pseudo_real_time
early_carry,union,lightgbm,2024-11,-0.5099425180097843,-0.1,-0.4099425180097843,0.4099425180097843,0.16805286807220235,2024-10,2024-11-14T01:30:00+00:00,5.0,pseudo_real_time
early_carry,union,lightgbm,2024-12,-0.11795229383851451,-0.1,-0.017952293838514502,0.017952293838514502,0.00032228485406436577,2024-11,2024-12-14T01:30:00+00:00,5.0,pseudo_real_time
early_carry,union,lightgbm,2025-01,-0.43924404280071205,-0.2,-0.23924404280071204,0.23924404280071204,0.05723771201562894,2024-12,2025-01-14T01:30:00+00:00,5.0,pseudo_real_time
early_carry,union,lightgbm,2025-03,-0.1581356372952284,-0.4,0.24186436270477163,0.24186436270477163,0.058498369946585325,2025-01,2025-03-14T01:30:00+00:00,5.0,pseudo_real_time
early_carry,union,lightgbm,2025-04,-0.33872210217995447,-0.4,0.06127789782004556,0.06127789782004556,0.003754980761243944,2025-03,2025-04-14T01:30:00+00:00,5.0,pseudo_real_time
early_carry,union,lightgbm,2025-05,-0.6057786207131153,-0.4,-0.20577862071311526,0.20577862071311526,0.04234484074259215,2025-04,2025-05-14T01:30:00+00:00,5.0,pseudo_real_time
early_carry,union,lightgbm,2025-06,-0.0912491208978941,-0.4,0.3087508791021059,0.3087508791021059,0.09532710534632322,2025-05,2025-06-14T01:30:00+00:00,5.0,pseudo_real_time
early_carry,union,lightgbm,2025-07,0.09015633698432907,-0.2,0.2901563369843291,0.2901563369843291,0.08419069989216353,2025-06,2025-07-14T01:30:00+00:00,5.0,pseudo_real_time
early_carry,union,lightgbm,2025-08,-0.07377267639527613,0.0,-0.07377267639527613,0.07377267639527613,0.005442407782522131,2025-07,2025-08-14T01:30:00+00:00,5.0,pseudo_real_time
early_carry,union,lightgbm,2025-09,-0.1978598815139809,0.0,-0.1978598815139809,0.1978598815139809,0.03914853271272656,2025-08,2025-09-14T01:30:00+00:00,5.0,pseudo_real_time
early_carry,union,lightgbm,2025-12,-0.06761617459128574,0.2,-0.2676161745912857,0.2676161745912857,0.07161841690287353,2025-09,2025-12-14T01:30:00+00:00,5.0,pseudo_real_time
early_carry,union,lightgbm,2026-01,-0.22280640718769196,0.4,-0.622806407187692,0.622806407187692,0.38788782083404116,2025-12,2026-01-14T01:30:00+00:00,5.0,pseudo_real_time
early_carry,union,lightgbm,2026-02,-0.00018468182416199182,0.4,-0.400184681824162,0.400184681824162,0.16014777956670578,2026-01,2026-02-14T01:30:00+00:00,5.0,pseudo_real_time
early_carry,union,lightgbm,2026-03,0.4674718784315271,1.0,-0.532528121568473,0.532528121568473,0.2835862002612463,2026-02,2026-03-14T01:30:00+00:00,5.0,pseudo_real_time
early_carry,union,lightgbm,2026-04,0.7679516712136112,1.7,-0.9320483287863888,0.9320483287863888,0.8687140871935003,2026-03,2026-04-14T01:30:00+00:00,5.0,pseudo_real_time
early_carry,union,lightgbm,2026-05,0.3295434621207714,0.5,-0.1704565378792286,0.1704565378792286,0.029055431305772893,2026-04,2026-05-14T01:30:00+00:00,5.0,pseudo_real_time
early_carry,union,lightgbm,2026-06,-0.07054786311321025,-0.3,0.22945213688678973,0.22945213688678973,0.05264828312191409,2026-05,2026-06-14T01:30:00+00:00,5.0,pseudo_real_time
early_carry,union,lightgbm,2026-07,-0.2634873100394609,-0.7,0.43651268996053905,0.43651268996053905,0.19054332849658567,2026-06,2026-07-14T01:30:00+00:00,5.0,pseudo_real_time
early_carry,union,lightgbm,2026-08,0.291409183166569,0.4,-0.10859081683343103,0.10859081683343103,0.011791965500551766,2026-07,2026-08-14T01:30:00+00:00,5.0,pseudo_real_time
early_carry,union,no_change,2016-04,0.0,0.7,-0.7,0.7,0.48999999999999994,2016-01,2016-04-14T01:30:00+00:00,,pseudo_real_time
early_carry,union,historical_mean,2016-04,-0.4083333333333334,0.7,-1.1083333333333334,1.1083333333333334,1.228402777777778,2016-01,2016-04-14T01:30:00+00:00,,pseudo_real_time
early_carry,union,last_available_actual,2016-04,-0.5,0.7,-1.2,1.2,1.44,2016-01,2016-04-14T01:30:00+00:00,,pseudo_real_time
early_carry,union,no_change,2016-05,0.0,0.5,-0.5,0.5,0.25,2016-04,2016-05-16T01:30:00+00:00,,pseudo_real_time
early_carry,union,historical_mean,2016-05,-0.36400000000000005,0.5,-0.8640000000000001,0.8640000000000001,0.7464960000000002,2016-04,2016-05-16T01:30:00+00:00,,pseudo_real_time
early_carry,union,last_available_actual,2016-05,0.7,0.5,0.19999999999999996,0.19999999999999996,0.03999999999999998,2016-04,2016-05-16T01:30:00+00:00,,pseudo_real_time
early_carry,union,no_change,2016-06,0.0,-0.2,0.2,0.2,0.04000000000000001,2016-05,2016-06-14T01:30:00+00:00,,pseudo_real_time
early_carry,union,historical_mean,2016-06,-0.3307692307692308,-0.2,-0.1307692307692308,0.1307692307692308,0.01710059171597634,2016-05,2016-06-14T01:30:00+00:00,,pseudo_real_time
early_carry,union,last_available_actual,2016-06,0.5,-0.2,0.7,0.7,0.48999999999999994,2016-05,2016-06-14T01:30:00+00:00,,pseudo_real_time
early_carry,union,no_change,2016-07,0.0,0.2,-0.2,0.2,0.04000000000000001,2016-06,2016-07-14T01:30:00+00:00,,pseudo_real_time
early_carry,union,historical_mean,2016-07,-0.32592592592592595,0.2,-0.5259259259259259,0.5259259259259259,0.2765980795610425,2016-06,2016-07-14T01:30:00+00:00,,pseudo_real_time
early_carry,union,last_available_actual,2016-07,-0.2,0.2,-0.4,0.4,0.16000000000000003,2016-06,2016-07-14T01:30:00+00:00,,pseudo_real_time
early_carry,union,no_change,2016-08,0.0,0.2,-0.2,0.2,0.04000000000000001,2016-07,2016-08-15T01:30:00+00:00,,pseudo_real_time
early_carry,union,historical_mean,2016-08,-0.3071428571428572,0.2,-0.5071428571428572,0.5071428571428572,0.2571938775510205,2016-07,2016-08-15T01:30:00+00:00,,pseudo_real_time
early_carry,union,last_available_actual,2016-08,0.2,0.2,0.0,0.0,0.0,2016-07,2016-08-15T01:30:00+00:00,,pseudo_real_time
early_carry,union,no_change,2016-09,0.0,0.5,-0.5,0.5,0.25,2016-08,2016-09-14T01:30:00+00:00,,pseudo_real_time
early_carry,union,historical_mean,2016-09,-0.2896551724137932,0.5,-0.7896551724137932,0.7896551724137932,0.6235552913198575,2016-08,2016-09-14T01:30:00+00:00,,pseudo_real_time
early_carry,union,last_available_actual,2016-09,0.2,0.5,-0.3,0.3,0.09,2016-08,2016-09-14T01:30:00+00:00,,pseudo_real_time
early_carry,union,no_change,2016-10,0.0,0.7,-0.7,0.7,0.48999999999999994,2016-08,2016-10-14T01:30:00+00:00,,pseudo_real_time
early_carry,union,historical_mean,2016-10,-0.2896551724137932,0.7,-0.9896551724137932,0.9896551724137932,0.9794173602853747,2016-08,2016-10-14T01:30:00+00:00,,pseudo_real_time
early_carry,union,last_available_actual,2016-10,0.2,0.7,-0.49999999999999994,0.49999999999999994,0.24999999999999994,2016-08,2016-10-14T01:30:00+00:00,,pseudo_real_time
early_carry,union,no_change,2016-11,0.0,1.5,-1.5,1.5,2.25,2016-10,2016-11-14T01:30:00+00:00,,pseudo_real_time
early_carry,union,historical_mean,2016-11,-0.2322580645161291,1.5,-1.7322580645161292,1.7322580645161292,3.000718002081166,2016-10,2016-11-14T01:30:00+00:00,,pseudo_real_time
early_carry,union,last_available_actual,2016-11,0.7,1.5,-0.8,0.8,0.6400000000000001,2016-10,2016-11-14T01:30:00+00:00,,pseudo_real_time
early_carry,union,no_change,2016-12,0.0,1.6,-1.6,1.6,2.5600000000000005,2016-11,2016-12-14T01:30:00+00:00,,pseudo_real_time
early_carry,union,historical_mean,2016-12,-0.178125,1.6,-1.7781250000000002,1.7781250000000002,3.1617285156250006,2016-11,2016-12-14T01:30:00+00:00,,pseudo_real_time
early_carry,union,last_available_actual,2016-12,1.5,1.6,-0.10000000000000009,0.10000000000000009,0.010000000000000018,2016-11,2016-12-14T01:30:00+00:00,,pseudo_real_time
early_carry,union,no_change,2017-01,0.0,0.8,-0.8,0.8,0.6400000000000001,2016-12,2017-01-16T01:30:00+00:00,,pseudo_real_time
early_carry,union,historical_mean,2017-01,-0.12424242424242424,0.8,-0.9242424242424243,0.9242424242424243,0.8542240587695135,2016-12,2017-01-16T01:30:00+00:00,,pseudo_real_time
early_carry,union,last_available_actual,2017-01,1.6,0.8,0.8,0.8,0.6400000000000001,2016-12,2017-01-16T01:30:00+00:00,,pseudo_real_time
early_carry,union,no_change,2017-03,0.0,0.3,-0.3,0.3,0.09,2017-01,2017-03-14T01:30:00+00:00,,pseudo_real_time
early_carry,union,historical_mean,2017-03,-0.09705882352941175,0.3,-0.39705882352941174,0.39705882352941174,0.15765570934256054,2017-01,2017-03-14T01:30:00+00:00,,pseudo_real_time
early_carry,union,last_available_actual,2017-03,0.8,0.3,0.5,0.5,0.25,2017-01,2017-03-14T01:30:00+00:00,,pseudo_real_time
early_carry,union,no_change,2017-04,0.0,-0.4,0.4,0.4,0.16000000000000003,2017-03,2017-04-14T01:30:00+00:00,,pseudo_real_time
early_carry,union,historical_mean,2017-04,-0.08571428571428572,-0.4,0.3142857142857143,0.3142857142857143,0.09877551020408162,2017-03,2017-04-14T01:30:00+00:00,,pseudo_real_time
early_carry,union,last_available_actual,2017-04,0.3,-0.4,0.7,0.7,0.48999999999999994,2017-03,2017-04-14T01:30:00+00:00,,pseudo_real_time
early_carry,union,no_change,2017-05,0.0,-0.3,0.3,0.3,0.09,2017-04,2017-05-15T01:30:00+00:00,,pseudo_real_time
early_carry,union,historical_mean,2017-05,-0.09444444444444444,-0.3,0.20555555555555555,0.20555555555555555,0.04225308641975308,2017-04,2017-05-15T01:30:00+00:00,,pseudo_real_time
early_carry,union,last_available_actual,2017-05,-0.4,-0.3,-0.10000000000000003,0.10000000000000003,0.010000000000000007,2017-04,2017-05-15T01:30:00+00:00,,pseudo_real_time
early_carry,union,no_change,2017-06,0.0,-0.2,0.2,0.2,0.04000000000000001,2017-05,2017-06-14T01:30:00+00:00,,pseudo_real_time
early_carry,union,historical_mean,2017-06,-0.09999999999999999,-0.2,0.10000000000000002,0.10000000000000002,0.010000000000000004,2017-05,2017-06-14T01:30:00+00:00,,pseudo_real_time
early_carry,union,last_available_actual,2017-06,-0.3,-0.2,-0.09999999999999998,0.09999999999999998,0.009999999999999995,2017-05,2017-06-14T01:30:00+00:00,,pseudo_real_time
early_carry,union,no_change,2017-07,0.0,0.2,-0.2,0.2,0.04000000000000001,2017-06,2017-07-14T01:30:00+00:00,,pseudo_real_time
early_carry,union,historical_mean,2017-07,-0.10263157894736842,0.2,-0.3026315789473684,0.3026315789473684,0.09158587257617729,2017-06,2017-07-14T01:30:00+00:00,,pseudo_real_time
early_carry,union,last_available_actual,2017-07,-0.2,0.2,-0.4,0.4,0.16000000000000003,2017-06,2017-07-14T01:30:00+00:00,,pseudo_real_time
early_carry,union,no_change,2017-08,0.0,0.9,-0.9,0.9,0.81,2017-07,2017-08-14T01:30:00+00:00,,pseudo_real_time
early_carry,union,historical_mean,2017-08,-0.09487179487179487,0.9,-0.9948717948717949,0.9948717948717949,0.9897698882314268,2017-07,2017-08-14T01:30:00+00:00,,pseudo_real_time
early_carry,union,last_available_actual,2017-08,0.2,0.9,-0.7,0.7,0.48999999999999994,2017-07,2017-08-14T01:30:00+00:00,,pseudo_real_time
early_carry,union,no_change,2017-09,0.0,1.0,-1.0,1.0,1.0,2017-08,2017-09-14T01:30:00+00:00,,pseudo_real_time
early_carry,union,historical_mean,2017-09,-0.07,1.0,-1.07,1.07,1.1449,2017-08,2017-09-14T01:30:00+00:00,,pseudo_real_time
early_carry,union,last_available_actual,2017-09,0.9,1.0,-0.09999999999999998,0.09999999999999998,0.009999999999999995,2017-08,2017-09-14T01:30:00+00:00,,pseudo_real_time
early_carry,union,no_change,2017-10,0.0,0.7,-0.7,0.7,0.48999999999999994,2017-08,2017-10-16T01:30:00+00:00,,pseudo_real_time
early_carry,union,historical_mean,2017-10,-0.07,0.7,-0.77,0.77,0.5929,2017-08,2017-10-16T01:30:00+00:00,,pseudo_real_time
early_carry,union,last_available_actual,2017-10,0.9,0.7,0.20000000000000007,0.20000000000000007,0.04000000000000003,2017-08,2017-10-16T01:30:00+00:00,,pseudo_real_time
early_carry,union,no_change,2017-11,0.0,0.5,-0.5,0.5,0.25,2017-10,2017-11-14T01:30:00+00:00,,pseudo_real_time
early_carry,union,historical_mean,2017-11,-0.026190476190476198,0.5,-0.5261904761904762,0.5261904761904762,0.2768764172335601,2017-10,2017-11-14T01:30:00+00:00,,pseudo_real_time
early_carry,union,last_available_actual,2017-11,0.7,0.5,0.19999999999999996,0.19999999999999996,0.03999999999999998,2017-10,2017-11-14T01:30:00+00:00,,pseudo_real_time
early_carry,union,no_change,2017-12,0.0,0.8,-0.8,0.8,0.6400000000000001,2017-11,2017-12-14T01:30:00+00:00,,pseudo_real_time
early_carry,union,historical_mean,2017-12,-0.01395348837209303,0.8,-0.813953488372093,0.813953488372093,0.662520281233099,2017-11,2017-12-14T01:30:00+00:00,,pseudo_real_time
early_carry,union,last_available_actual,2017-12,0.5,0.8,-0.30000000000000004,0.30000000000000004,0.09000000000000002,2017-11,2017-12-14T01:30:00+00:00,,pseudo_real_time
early_carry,union,no_change,2018-01,0.0,0.3,-0.3,0.3,0.09,2017-12,2018-01-15T01:30:00+00:00,,pseudo_real_time
early_carry,union,historical_mean,2018-01,0.004545454545454539,0.3,-0.29545454545454547,0.29545454545454547,0.08729338842975208,2017-12,2018-01-15T01:30:00+00:00,,pseudo_real_time
early_carry,union,last_available_actual,2018-01,0.8,0.3,0.5,0.5,0.25,2017-12,2018-01-15T01:30:00+00:00,,pseudo_real_time
early_carry,union,no_change,2018-02,0.0,-0.1,0.1,0.1,0.010000000000000002,2018-01,2018-02-14T01:30:00+00:00,,pseudo_real_time
early_carry,union,historical_mean,2018-02,0.011111111111111105,-0.1,0.1111111111111111,0.1111111111111111,0.012345679012345678,2018-01,2018-02-14T01:30:00+00:00,,pseudo_real_time
early_carry,union,last_available_actual,2018-02,0.3,-0.1,0.4,0.4,0.16000000000000003,2018-01,2018-02-14T01:30:00+00:00,,pseudo_real_time
early_carry,union,no_change,2018-03,0.0,-0.2,0.2,0.2,0.04000000000000001,2018-02,2018-03-14T01:30:00+00:00,,pseudo_real_time
early_carry,union,historical_mean,2018-03,0.008695652173913037,-0.2,0.20869565217391306,0.20869565217391306,0.043553875236294906,2018-02,2018-03-14T01:30:00+00:00,,pseudo_real_time
early_carry,union,last_available_actual,2018-03,-0.1,-0.2,0.1,0.1,0.010000000000000002,2018-02,2018-03-14T01:30:00+00:00,,pseudo_real_time
early_carry,union,no_change,2018-04,0.0,-0.2,0.2,0.2,0.04000000000000001,2018-03,2018-04-16T01:30:00+00:00,,pseudo_real_time
early_carry,union,historical_mean,2018-04,0.004255319148936163,-0.2,0.2042553191489362,0.2042553191489362,0.04172023540063378,2018-03,2018-04-16T01:30:00+00:00,,pseudo_real_time
early_carry,union,last_available_actual,2018-04,-0.2,-0.2,0.0,0.0,0.0,2018-03,2018-04-16T01:30:00+00:00,,pseudo_real_time
early_carry,union,no_change,2018-05,0.0,0.4,-0.4,0.4,0.16000000000000003,2018-04,2018-05-14T01:30:00+00:00,,pseudo_real_time
early_carry,union,historical_mean,2018-05,-4.625929269271485e-18,0.4,-0.4,0.4,0.16000000000000003,2018-04,2018-05-14T01:30:00+00:00,,pseudo_real_time
early_carry,union,last_available_actual,2018-05,-0.2,0.4,-0.6000000000000001,0.6000000000000001,0.3600000000000001,2018-04,2018-05-14T01:30:00+00:00,,pseudo_real_time
early_carry,union,no_change,2018-06,0.0,0.3,-0.3,0.3,0.09,2018-05,2018-06-14T01:30:00+00:00,,pseudo_real_time
early_carry,union,historical_mean,2018-06,0.008163265306122445,0.3,-0.29183673469387755,0.29183673469387755,0.08516867971678467,2018-05,2018-06-14T01:30:00+00:00,,pseudo_real_time
early_carry,union,last_available_actual,2018-06,0.4,0.3,0.10000000000000003,0.10000000000000003,0.010000000000000007,2018-05,2018-06-14T01:30:00+00:00,,pseudo_real_time
early_carry,union,no_change,2018-07,0.0,0.1,-0.1,0.1,0.010000000000000002,2018-06,2018-07-16T01:30:00+00:00,,pseudo_real_time
early_carry,union,historical_mean,2018-07,0.013999999999999995,0.1,-0.08600000000000001,0.08600000000000001,0.0073960000000000015,2018-06,2018-07-16T01:30:00+00:00,,pseudo_real_time
early_carry,union,last_available_actual,2018-07,0.3,0.1,0.19999999999999998,0.19999999999999998,0.039999999999999994,2018-06,2018-07-16T01:30:00+00:00,,pseudo_real_time
early_carry,union,no_change,2018-08,0.0,0.4,-0.4,0.4,0.16000000000000003,2018-07,2018-08-14T01:30:00+00:00,,pseudo_real_time
early_carry,union,historical_mean,2018-08,0.015686274509803914,0.4,-0.3843137254901961,0.3843137254901961,0.14769703960015382,2018-07,2018-08-14T01:30:00+00:00,,pseudo_real_time
early_carry,union,last_available_actual,2018-08,0.1,0.4,-0.30000000000000004,0.30000000000000004,0.09000000000000002,2018-07,2018-08-14T01:30:00+00:00,,pseudo_real_time
early_carry,union,no_change,2018-09,0.0,0.6,-0.6,0.6,0.36,2018-08,2018-09-14T01:30:00+00:00,,pseudo_real_time
early_carry,union,historical_mean,2018-09,0.02307692307692307,0.6,-0.5769230769230769,0.5769230769230769,0.33284023668639046,2018-08,2018-09-14T01:30:00+00:00,,pseudo_real_time
early_carry,union,last_available_actual,2018-09,0.4,0.6,-0.19999999999999996,0.19999999999999996,0.03999999999999998,2018-08,2018-09-14T01:30:00+00:00,,pseudo_real_time
early_carry,union,no_change,2018-10,0.0,0.4,-0.4,0.4,0.16000000000000003,2018-08,2018-10-15T01:30:00+00:00,,pseudo_real_time
early_carry,union,historical_mean,2018-10,0.02307692307692307,0.4,-0.37692307692307697,0.37692307692307697,0.1420710059171598,2018-08,2018-10-15T01:30:00+00:00,,pseudo_real_time
early_carry,union,last_available_actual,2018-10,0.4,0.4,0.0,0.0,0.0,2018-08,2018-10-15T01:30:00+00:00,,pseudo_real_time
early_carry,union,no_change,2018-11,0.0,-0.2,0.2,0.2,0.04000000000000001,2018-10,2018-11-14T01:30:00+00:00,,pseudo_real_time
early_carry,union,historical_mean,2018-11,0.04074074074074074,-0.2,0.24074074074074076,0.24074074074074076,0.05795610425240055,2018-10,2018-11-14T01:30:00+00:00,,pseudo_real_time
early_carry,union,last_available_actual,2018-11,0.4,-0.2,0.6000000000000001,0.6000000000000001,0.3600000000000001,2018-10,2018-11-14T01:30:00+00:00,,pseudo_real_time
early_carry,union,no_change,2018-12,0.0,-1.0,1.0,1.0,1.0,2018-11,2018-12-14T01:30:00+00:00,,pseudo_real_time
early_carry,union,historical_mean,2018-12,0.03636363636363636,-1.0,1.0363636363636364,1.0363636363636364,1.0740495867768596,2018-11,2018-12-14T01:30:00+00:00,,pseudo_real_time
early_carry,union,last_available_actual,2018-12,-0.2,-1.0,0.8,0.8,0.6400000000000001,2018-11,2018-12-14T01:30:00+00:00,,pseudo_real_time
early_carry,union,no_change,2019-01,0.0,-0.6,0.6,0.6,0.36,2018-12,2019-01-14T01:30:00+00:00,,pseudo_real_time
early_carry,union,historical_mean,2019-01,0.017857142857142853,-0.6,0.6178571428571429,0.6178571428571429,0.38174744897959184,2018-12,2019-01-14T01:30:00+00:00,,pseudo_real_time
early_carry,union,last_available_actual,2019-01,-1.0,-0.6,-0.4,0.4,0.16000000000000003,2018-12,2019-01-14T01:30:00+00:00,,pseudo_real_time
early_carry,union,no_change,2019-04,0.0,0.3,-0.3,0.3,0.09,2019-01,2019-04-15T01:30:00+00:00,,pseudo_real_time
early_carry,union,historical_mean,2019-04,0.0070175438596491195,0.3,-0.29298245614035084,0.29298245614035084,0.0858387196060326,2019-01,2019-04-15T01:30:00+00:00,,pseudo_real_time
early_carry,union,last_available_actual,2019-04,-0.6,0.3,-0.8999999999999999,0.8999999999999999,0.8099999999999998,2019-01,2019-04-15T01:30:00+00:00,,pseudo_real_time
early_carry,union,no_change,2019-05,0.0,0.2,-0.2,0.2,0.04000000000000001,2019-04,2019-05-14T01:30:00+00:00,,pseudo_real_time
early_carry,union,historical_mean,2019-05,0.012068965517241374,0.2,-0.18793103448275864,0.18793103448275864,0.03531807372175982,2019-04,2019-05-14T01:30:00+00:00,,pseudo_real_time
early_carry,union,last_available_actual,2019-05,0.3,0.2,0.09999999999999998,0.09999999999999998,0.009999999999999995,2019-04,2019-05-14T01:30:00+00:00,,pseudo_real_time
early_carry,union,no_change,2019-06,0.0,-0.3,0.3,0.3,0.09,2019-05,2019-06-14T01:30:00+00:00,,pseudo_real_time
early_carry,union,historical_mean,2019-06,0.015254237288135589,-0.3,0.31525423728813556,0.31525423728813556,0.09938523412812408,2019-05,2019-06-14T01:30:00+00:00,,pseudo_real_time
early_carry,union,last_available_actual,2019-06,0.2,-0.3,0.5,0.5,0.25,2019-05,2019-06-14T01:30:00+00:00,,pseudo_real_time
early_carry,union,no_change,2019-07,0.0,-0.2,0.2,0.2,0.04000000000000001,2019-06,2019-07-15T01:30:00+00:00,,pseudo_real_time
early_carry,union,historical_mean,2019-07,0.009999999999999993,-0.2,0.21,0.21,0.04409999999999999,2019-06,2019-07-15T01:30:00+00:00,,pseudo_real_time
early_carry,union,last_available_actual,2019-07,-0.3,-0.2,-0.09999999999999998,0.09999999999999998,0.009999999999999995,2019-06,2019-07-15T01:30:00+00:00,,pseudo_real_time
early_carry,union,no_change,2019-08,0.0,-0.1,0.1,0.1,0.010000000000000002,2019-07,2019-08-14T01:30:00+00:00,,pseudo_real_time
early_carry,union,historical_mean,2019-08,0.006557377049180322,-0.1,0.10655737704918032,0.10655737704918032,0.011354474603601181,2019-07,2019-08-14T01:30:00+00:00,,pseudo_real_time
early_carry,union,last_available_actual,2019-08,-0.2,-0.1,-0.1,0.1,0.010000000000000002,2019-07,2019-08-14T01:30:00+00:00,,pseudo_real_time
early_carry,union,no_change,2019-09,0.0,0.1,-0.1,0.1,0.010000000000000002,2019-08,2019-09-16T01:30:00+00:00,,pseudo_real_time
early_carry,union,historical_mean,2019-09,0.004838709677419348,0.1,-0.09516129032258065,0.09516129032258065,0.009055671175858482,2019-08,2019-09-16T01:30:00+00:00,,pseudo_real_time
early_carry,union,last_available_actual,2019-09,-0.1,0.1,-0.2,0.2,0.04000000000000001,2019-08,2019-09-16T01:30:00+00:00,,pseudo_real_time
early_carry,union,no_change,2019-10,0.0,0.1,-0.1,0.1,0.010000000000000002,2019-08,2019-10-14T01:30:00+00:00,,pseudo_real_time
early_carry,union,historical_mean,2019-10,0.004838709677419348,0.1,-0.09516129032258065,0.09516129032258065,0.009055671175858482,2019-08,2019-10-14T01:30:00+00:00,,pseudo_real_time
early_carry,union,last_available_actual,2019-10,-0.1,0.1,-0.2,0.2,0.04000000000000001,2019-08,2019-10-14T01:30:00+00:00,,pseudo_real_time
early_carry,union,no_change,2019-11,0.0,-0.1,0.1,0.1,0.010000000000000002,2019-10,2019-11-14T01:30:00+00:00,,pseudo_real_time
early_carry,union,historical_mean,2019-11,0.007812499999999993,-0.1,0.1078125,0.1078125,0.011623535156250002,2019-10,2019-11-14T01:30:00+00:00,,pseudo_real_time
early_carry,union,last_available_actual,2019-11,0.1,-0.1,0.2,0.2,0.04000000000000001,2019-10,2019-11-14T01:30:00+00:00,,pseudo_real_time
early_carry,union,no_change,2019-12,0.0,0.0,0.0,0.0,0.0,2019-11,2019-12-16T01:30:00+00:00,,pseudo_real_time
early_carry,union,historical_mean,2019-12,0.006153846153846148,0.0,0.006153846153846148,0.006153846153846148,3.786982248520702e-05,2019-11,2019-12-16T01:30:00+00:00,,pseudo_real_time
early_carry,union,last_available_actual,2019-12,-0.1,0.0,-0.1,0.1,0.010000000000000002,2019-11,2019-12-16T01:30:00+00:00,,pseudo_real_time
early_carry,union,no_change,2020-01,0.0,0.0,0.0,0.0,0.0,2019-12,2020-01-14T01:30:00+00:00,,pseudo_real_time
early_carry,union,historical_mean,2020-01,0.0060606060606060545,0.0,0.0060606060606060545,0.0060606060606060545,3.673094582185484e-05,2019-12,2020-01-14T01:30:00+00:00,,pseudo_real_time
early_carry,union,last_available_actual,2020-01,0.0,0.0,0.0,0.0,0.0,2019-12,2020-01-14T01:30:00+00:00,,pseudo_real_time
early_carry,union,no_change,2020-02,0.0,-0.5,0.5,0.5,0.25,2020-01,2020-02-14T01:30:00+00:00,,pseudo_real_time
early_carry,union,historical_mean,2020-02,0.005970149253731337,-0.5,0.5059701492537313,0.5059701492537313,0.2560057919358431,2020-01,2020-02-14T01:30:00+00:00,,pseudo_real_time
early_carry,union,last_available_actual,2020-02,0.0,-0.5,0.5,0.5,0.25,2020-01,2020-02-14T01:30:00+00:00,,pseudo_real_time
early_carry,union,no_change,2020-03,0.0,-1.0,1.0,1.0,1.0,2020-02,2020-03-16T01:30:00+00:00,,pseudo_real_time
early_carry,union,historical_mean,2020-03,-0.001470588235294124,-1.0,0.9985294117647059,0.9985294117647059,0.9970609861591696,2020-02,2020-03-16T01:30:00+00:00,,pseudo_real_time
early_carry,union,last_available_actual,2020-03,-0.5,-1.0,0.5,0.5,0.25,2020-02,2020-03-16T01:30:00+00:00,,pseudo_real_time
early_carry,union,no_change,2020-04,0.0,-1.3,1.3,1.3,1.6900000000000002,2020-03,2020-04-14T01:30:00+00:00,,pseudo_real_time
early_carry,union,historical_mean,2020-04,-0.015942028985507253,-1.3,1.2840579710144928,1.2840579710144928,1.648804872925856,2020-03,2020-04-14T01:30:00+00:00,,pseudo_real_time
early_carry,union,last_available_actual,2020-04,-1.0,-1.3,0.30000000000000004,0.30000000000000004,0.09000000000000002,2020-03,2020-04-14T01:30:00+00:00,,pseudo_real_time
early_carry,union,no_change,2020-05,0.0,-0.4,0.4,0.4,0.16000000000000003,2020-04,2020-05-14T01:30:00+00:00,,pseudo_real_time
early_carry,union,historical_mean,2020-05,-0.03428571428571429,-0.4,0.3657142857142857,0.3657142857142857,0.1337469387755102,2020-04,2020-05-14T01:30:00+00:00,,pseudo_real_time
early_carry,union,last_available_actual,2020-05,-1.3,-0.4,-0.9,0.9,0.81,2020-04,2020-05-14T01:30:00+00:00,,pseudo_real_time
early_carry,union,no_change,2020-06,0.0,0.4,-0.4,0.4,0.16000000000000003,2020-05,2020-06-15T01:30:00+00:00,,pseudo_real_time
early_carry,union,historical_mean,2020-06,-0.03943661971830986,0.4,-0.4394366197183099,0.4394366197183099,0.1931045427494545,2020-05,2020-06-15T01:30:00+00:00,,pseudo_real_time
early_carry,union,last_available_actual,2020-06,-0.4,0.4,-0.8,0.8,0.6400000000000001,2020-05,2020-06-15T01:30:00+00:00,,pseudo_real_time
early_carry,union,no_change,2020-07,0.0,0.4,-0.4,0.4,0.16000000000000003,2020-06,2020-07-14T01:30:00+00:00,,pseudo_real_time
early_carry,union,historical_mean,2020-07,-0.03333333333333335,0.4,-0.43333333333333335,0.43333333333333335,0.1877777777777778,2020-06,2020-07-14T01:30:00+00:00,,pseudo_real_time
early_carry,union,last_available_actual,2020-07,0.4,0.4,0.0,0.0,0.0,2020-06,2020-07-14T01:30:00+00:00,,pseudo_real_time
early_carry,union,no_change,2020-08,0.0,0.3,-0.3,0.3,0.09,2020-07,2020-08-14T01:30:00+00:00,,pseudo_real_time
early_carry,union,historical_mean,2020-08,-0.027397260273972615,0.3,-0.3273972602739726,0.3273972602739726,0.10718896603490335,2020-07,2020-08-14T01:30:00+00:00,,pseudo_real_time
early_carry,union,last_available_actual,2020-08,0.4,0.3,0.10000000000000003,0.10000000000000003,0.010000000000000007,2020-07,2020-08-14T01:30:00+00:00,,pseudo_real_time
early_carry,union,no_change,2020-09,0.0,0.1,-0.1,0.1,0.010000000000000002,2020-08,2020-09-14T01:30:00+00:00,,pseudo_real_time
early_carry,union,historical_mean,2020-09,-0.022972972972972985,0.1,-0.122972972972973,0.122972972972973,0.015122352081811546,2020-08,2020-09-14T01:30:00+00:00,,pseudo_real_time
early_carry,union,last_available_actual,2020-09,0.3,0.1,0.19999999999999998,0.19999999999999998,0.039999999999999994,2020-08,2020-09-14T01:30:00+00:00,,pseudo_real_time
early_carry,union,no_change,2020-10,0.0,0.0,0.0,0.0,0.0,2020-08,2020-10-14T01:30:00+00:00,,pseudo_real_time
early_carry,union,historical_mean,2020-10,-0.022972972972972985,0.0,-0.022972972972972985,0.022972972972972985,0.0005277574872169472,2020-08,2020-10-14T01:30:00+00:00,,pseudo_real_time
early_carry,union,last_available_actual,2020-10,0.3,0.0,0.3,0.3,0.09,2020-08,2020-10-14T01:30:00+00:00,,pseudo_real_time
early_carry,union,no_change,2020-11,0.0,0.5,-0.5,0.5,0.25,2020-10,2020-11-16T01:30:00+00:00,,pseudo_real_time
early_carry,union,historical_mean,2020-11,-0.02105263157894738,0.5,-0.5210526315789474,0.5210526315789474,0.27149584487534634,2020-10,2020-11-16T01:30:00+00:00,,pseudo_real_time
early_carry,union,last_available_actual,2020-11,0.0,0.5,-0.5,0.5,0.25,2020-10,2020-11-16T01:30:00+00:00,,pseudo_real_time
early_carry,union,no_change,2020-12,0.0,1.1,-1.1,1.1,1.2100000000000002,2020-11,2020-12-14T01:30:00+00:00,,pseudo_real_time
early_carry,union,historical_mean,2020-12,-0.014285714285714296,1.1,-1.1142857142857143,1.1142857142857143,1.2416326530612245,2020-11,2020-12-14T01:30:00+00:00,,pseudo_real_time
early_carry,union,last_available_actual,2020-12,0.5,1.1,-0.6000000000000001,0.6000000000000001,0.3600000000000001,2020-11,2020-12-14T01:30:00+00:00,,pseudo_real_time
early_carry,union,no_change,2021-01,0.0,1.0,-1.0,1.0,1.0,2020-12,2021-01-14T01:30:00+00:00,,pseudo_real_time
early_carry,union,historical_mean,2021-01,-8.540177112501205e-18,1.0,-1.0,1.0,1.0,2020-12,2021-01-14T01:30:00+00:00,,pseudo_real_time
early_carry,union,last_available_actual,2021-01,1.1,1.0,0.10000000000000009,0.10000000000000009,0.010000000000000018,2020-12,2021-01-14T01:30:00+00:00,,pseudo_real_time
early_carry,union,no_change,2021-02,0.0,0.8,-0.8,0.8,0.6400000000000001,2021-01,2021-02-19T01:30:00+00:00,,pseudo_real_time
early_carry,union,historical_mean,2021-02,0.012658227848101257,0.8,-0.7873417721518988,0.7873417721518988,0.6199070661752926,2021-01,2021-02-19T01:30:00+00:00,,pseudo_real_time
early_carry,union,last_available_actual,2021-02,1.0,0.8,0.19999999999999996,0.19999999999999996,0.03999999999999998,2021-01,2021-02-19T01:30:00+00:00,,pseudo_real_time
early_carry,union,no_change,2021-03,0.0,1.6,-1.6,1.6,2.5600000000000005,2021-02,2021-03-15T01:30:00+00:00,,pseudo_real_time
early_carry,union,historical_mean,2021-03,0.0225,1.6,-1.5775000000000001,1.5775000000000001,2.4885062500000004,2021-02,2021-03-15T01:30:00+00:00,,pseudo_real_time
early_carry,union,last_available_actual,2021-03,0.8,1.6,-0.8,0.8,0.6400000000000001,2021-02,2021-03-15T01:30:00+00:00,,pseudo_real_time
early_carry,union,no_change,2021-04,0.0,0.9,-0.9,0.9,0.81,2021-03,2021-04-14T01:30:00+00:00,,pseudo_real_time
early_carry,union,historical_mean,2021-04,0.04197530864197531,0.9,-0.8580246913580247,0.8580246913580247,0.7362063709800336,2021-03,2021-04-14T01:30:00+00:00,,pseudo_real_time
early_carry,union,last_available_actual,2021-04,1.6,0.9,0.7000000000000001,0.7000000000000001,0.4900000000000001,2021-03,2021-04-14T01:30:00+00:00,,pseudo_real_time
early_carry,union,no_change,2021-05,0.0,1.6,-1.6,1.6,2.5600000000000005,2021-04,2021-05-14T01:30:00+00:00,,pseudo_real_time
early_carry,union,historical_mean,2021-05,0.0524390243902439,1.6,-1.5475609756097561,1.5475609756097561,2.39494497323022,2021-04,2021-05-14T01:30:00+00:00,,pseudo_real_time
early_carry,union,last_available_actual,2021-05,0.9,1.6,-0.7000000000000001,0.7000000000000001,0.4900000000000001,2021-04,2021-05-14T01:30:00+00:00,,pseudo_real_time
early_carry,union,no_change,2021-06,0.0,0.3,-0.3,0.3,0.09,2021-05,2021-06-15T01:30:00+00:00,,pseudo_real_time
early_carry,union,historical_mean,2021-06,0.07108433734939759,0.3,-0.2289156626506024,0.2289156626506024,0.0524023806067644,2021-05,2021-06-15T01:30:00+00:00,,pseudo_real_time
early_carry,union,last_available_actual,2021-06,1.6,0.3,1.3,1.3,1.6900000000000002,2021-05,2021-06-15T01:30:00+00:00,,pseudo_real_time
early_carry,union,no_change,2021-07,0.0,0.5,-0.5,0.5,0.25,2021-06,2021-07-14T01:30:00+00:00,,pseudo_real_time
early_carry,union,historical_mean,2021-07,0.07380952380952381,0.5,-0.4261904761904762,0.4261904761904762,0.18163832199546484,2021-06,2021-07-14T01:30:00+00:00,,pseudo_real_time
early_carry,union,last_available_actual,2021-07,0.3,0.5,-0.2,0.2,0.04000000000000001,2021-06,2021-07-14T01:30:00+00:00,,pseudo_real_time
early_carry,union,no_change,2021-08,0.0,0.7,-0.7,0.7,0.48999999999999994,2021-07,2021-08-16T01:30:00+00:00,,pseudo_real_time
early_carry,union,historical_mean,2021-08,0.07882352941176471,0.7,-0.6211764705882352,0.6211764705882352,0.38586020761245665,2021-07,2021-08-16T01:30:00+00:00,,pseudo_real_time
early_carry,union,last_available_actual,2021-08,0.5,0.7,-0.19999999999999996,0.19999999999999996,0.03999999999999998,2021-07,2021-08-16T01:30:00+00:00,,pseudo_real_time
early_carry,union,no_change,2021-09,0.0,1.2,-1.2,1.2,1.44,2021-08,2021-09-14T01:30:00+00:00,,pseudo_real_time
early_carry,union,historical_mean,2021-09,0.08604651162790698,1.2,-1.113953488372093,1.113953488372093,1.2408923742563547,2021-08,2021-09-14T01:30:00+00:00,,pseudo_real_time
early_carry,union,last_available_actual,2021-09,0.7,1.2,-0.5,0.5,0.25,2021-08,2021-09-14T01:30:00+00:00,,pseudo_real_time
early_carry,union,no_change,2021-10,0.0,2.5,-2.5,2.5,6.25,2021-08,2021-10-14T01:30:00+00:00,,pseudo_real_time
early_carry,union,historical_mean,2021-10,0.08604651162790698,2.5,-2.4139534883720932,2.4139534883720932,5.827171444023798,2021-08,2021-10-14T01:30:00+00:00,,pseudo_real_time
early_carry,union,last_available_actual,2021-10,0.7,2.5,-1.8,1.8,3.24,2021-08,2021-10-14T01:30:00+00:00,,pseudo_real_time
early_carry,union,no_change,2021-11,0.0,0.0,0.0,0.0,0.0,2021-10,2021-11-15T01:30:00+00:00,,pseudo_real_time
early_carry,union,historical_mean,2021-11,0.12613636363636363,0.0,0.12613636363636363,0.12613636363636363,0.01591038223140496,2021-10,2021-11-15T01:30:00+00:00,,pseudo_real_time
early_carry,union,last_available_actual,2021-11,2.5,0.0,2.5,2.5,6.25,2021-10,2021-11-15T01:30:00+00:00,,pseudo_real_time
early_carry,union,no_change,2021-12,0.0,-1.2,1.2,1.2,1.44,2021-11,2021-12-14T01:30:00+00:00,,pseudo_real_time
early_carry,union,historical_mean,2021-12,0.12471910112359551,-1.2,1.3247191011235955,1.3247191011235955,1.7548806968817068,2021-11,2021-12-14T01:30:00+00:00,,pseudo_real_time
early_carry,union,last_available_actual,2021-12,0.0,-1.2,1.2,1.2,1.44,2021-11,2021-12-14T01:30:00+00:00,,pseudo_real_time
early_carry,union,no_change,2022-01,0.0,-0.2,0.2,0.2,0.04000000000000001,2021-12,2022-01-14T01:30:00+00:00,,pseudo_real_time
early_carry,union,historical_mean,2022-01,0.11,-0.2,0.31,0.31,0.0961,2021-12,2022-01-14T01:30:00+00:00,,pseudo_real_time
early_carry,union,last_available_actual,2022-01,-1.2,-0.2,-1.0,1.0,1.0,2021-12,2022-01-14T01:30:00+00:00,,pseudo_real_time
early_carry,union,no_change,2022-04,0.0,0.6,-0.6,0.6,0.36,2022-01,2022-04-14T01:30:00+00:00,,pseudo_real_time
early_carry,union,historical_mean,2022-04,0.1065934065934066,0.6,-0.4934065934065934,0.4934065934065934,0.24345006641709935,2022-01,2022-04-14T01:30:00+00:00,,pseudo_real_time
early_carry,union,last_available_actual,2022-04,-0.2,0.6,-0.8,0.8,0.6400000000000001,2022-01,2022-04-14T01:30:00+00:00,,pseudo_real_time
early_carry,union,no_change,2022-05,0.0,0.1,-0.1,0.1,0.010000000000000002,2022-04,2022-05-14T01:30:00+00:00,,pseudo_real_time
early_carry,union,historical_mean,2022-05,0.11195652173913044,0.1,0.011956521739130435,0.011956521739130435,0.00014295841209829868,2022-04,2022-05-14T01:30:00+00:00,,pseudo_real_time
early_carry,union,last_available_actual,2022-05,0.6,0.1,0.5,0.5,0.25,2022-04,2022-05-14T01:30:00+00:00,,pseudo_real_time
early_carry,union,no_change,2022-06,0.0,0.0,0.0,0.0,0.0,2022-05,2022-06-14T01:30:00+00:00,,pseudo_real_time
early_carry,union,historical_mean,2022-06,0.11182795698924732,0.0,0.11182795698924732,0.11182795698924732,0.012505491964388948,2022-05,2022-06-14T01:30:00+00:00,,pseudo_real_time
early_carry,union,last_available_actual,2022-06,0.1,0.0,0.1,0.1,0.010000000000000002,2022-05,2022-06-14T01:30:00+00:00,,pseudo_real_time
early_carry,union,no_change,2022-07,0.0,-1.3,1.3,1.3,1.6900000000000002,2022-06,2022-07-14T01:30:00+00:00,,pseudo_real_time
early_carry,union,historical_mean,2022-07,0.11063829787234043,-1.3,1.4106382978723404,1.4106382978723404,1.9899004074241737,2022-06,2022-07-14T01:30:00+00:00,,pseudo_real_time
early_carry,union,last_available_actual,2022-07,0.0,-1.3,1.3,1.3,1.6900000000000002,2022-06,2022-07-14T01:30:00+00:00,,pseudo_real_time
early_carry,union,no_change,2022-08,0.0,-1.2,1.2,1.2,1.44,2022-07,2022-08-14T01:30:00+00:00,,pseudo_real_time
early_carry,union,historical_mean,2022-08,0.09578947368421052,-1.2,1.2957894736842104,1.2957894736842104,1.679070360110803,2022-07,2022-08-14T01:30:00+00:00,,pseudo_real_time
early_carry,union,last_available_actual,2022-08,-1.3,-1.2,-0.10000000000000009,0.10000000000000009,0.010000000000000018,2022-07,2022-08-14T01:30:00+00:00,,pseudo_real_time
early_carry,union,no_change,2022-09,0.0,-0.1,0.1,0.1,0.010000000000000002,2022-08,2022-09-14T01:30:00+00:00,,pseudo_real_time
early_carry,union,historical_mean,2022-09,0.08229166666666667,-0.1,0.18229166666666669,0.18229166666666669,0.03323025173611112,2022-08,2022-09-14T01:30:00+00:00,,pseudo_real_time
early_carry,union,last_available_actual,2022-09,-1.2,-0.1,-1.0999999999999999,1.0999999999999999,1.2099999999999997,2022-08,2022-09-14T01:30:00+00:00,,pseudo_real_time
early_carry,union,no_change,2022-10,0.0,0.2,-0.2,0.2,0.04000000000000001,2022-08,2022-10-14T01:30:00+00:00,,pseudo_real_time
early_carry,union,historical_mean,2022-10,0.08229166666666667,0.2,-0.11770833333333335,0.11770833333333335,0.013855251736111114,2022-08,2022-10-14T01:30:00+00:00,,pseudo_real_time
early_carry,union,last_available_actual,2022-10,-1.2,0.2,-1.4,1.4,1.9599999999999997,2022-08,2022-10-14T01:30:00+00:00,,pseudo_real_time
early_carry,union,no_change,2022-11,0.0,0.1,-0.1,0.1,0.010000000000000002,2022-10,2022-11-14T01:30:00+00:00,,pseudo_real_time
early_carry,union,historical_mean,2022-11,0.08163265306122448,0.1,-0.018367346938775522,0.018367346938775522,0.00033735943356934657,2022-10,2022-11-14T01:30:00+00:00,,pseudo_real_time
early_carry,union,last_available_actual,2022-11,0.2,0.1,0.1,0.1,0.010000000000000002,2022-10,2022-11-14T01:30:00+00:00,,pseudo_real_time
early_carry,union,no_change,2022-12,0.0,-0.5,0.5,0.5,0.25,2022-11,2022-12-14T01:30:00+00:00,,pseudo_real_time
early_carry,union,historical_mean,2022-12,0.08181818181818182,-0.5,0.5818181818181818,0.5818181818181818,0.33851239669421485,2022-11,2022-12-14T01:30:00+00:00,,pseudo_real_time
early_carry,union,last_available_actual,2022-12,0.1,-0.5,0.6,0.6,0.36,2022-11,2022-12-14T01:30:00+00:00,,pseudo_real_time
early_carry,union,no_change,2023-01,0.0,-0.4,0.4,0.4,0.16000000000000003,2022-12,2023-01-14T01:30:00+00:00,,pseudo_real_time
early_carry,union,historical_mean,2023-01,0.076,-0.4,0.47600000000000003,0.47600000000000003,0.22657600000000003,2022-12,2023-01-14T01:30:00+00:00,,pseudo_real_time
early_carry,union,last_available_actual,2023-01,-0.5,-0.4,-0.09999999999999998,0.09999999999999998,0.009999999999999995,2022-12,2023-01-14T01:30:00+00:00,,pseudo_real_time
early_carry,union,no_change,2023-03,0.0,0.0,0.0,0.0,0.0,2023-01,2023-03-14T01:30:00+00:00,,pseudo_real_time
early_carry,union,historical_mean,2023-03,0.07128712871287128,0.0,0.07128712871287128,0.07128712871287128,0.005081854720125477,2023-01,2023-03-14T01:30:00+00:00,,pseudo_real_time
early_carry,union,last_available_actual,2023-03,-0.4,0.0,-0.4,0.4,0.16000000000000003,2023-01,2023-03-14T01:30:00+00:00,,pseudo_real_time
early_carry,union,no_change,2023-04,0.0,-0.5,0.5,0.5,0.25,2023-03,2023-04-14T01:30:00+00:00,,pseudo_real_time
early_carry,union,historical_mean,2023-04,0.07058823529411765,-0.5,0.5705882352941176,0.5705882352941176,0.3255709342560553,2023-03,2023-04-14T01:30:00+00:00,,pseudo_real_time
early_carry,union,last_available_actual,2023-04,0.0,-0.5,0.5,0.5,0.25,2023-03,2023-04-14T01:30:00+00:00,,pseudo_real_time
early_carry,union,no_change,2023-05,0.0,-0.9,0.9,0.9,0.81,2023-04,2023-05-14T01:30:00+00:00,,pseudo_real_time
early_carry,union,historical_mean,2023-05,0.06504854368932038,-0.9,0.9650485436893204,0.9650485436893204,0.9313186916768781,2023-04,2023-05-14T01:30:00+00:00,,pseudo_real_time
early_carry,union,last_available_actual,2023-05,-0.5,-0.9,0.4,0.4,0.16000000000000003,2023-04,2023-05-14T01:30:00+00:00,,pseudo_real_time
early_carry,union,no_change,2023-06,0.0,-0.8,0.8,0.8,0.6400000000000001,2023-05,2023-06-14T01:30:00+00:00,,pseudo_real_time
early_carry,union,historical_mean,2023-06,0.05576923076923076,-0.8,0.8557692307692308,0.8557692307692308,0.7323409763313611,2023-05,2023-06-14T01:30:00+00:00,,pseudo_real_time
early_carry,union,last_available_actual,2023-06,-0.9,-0.8,-0.09999999999999998,0.09999999999999998,0.009999999999999995,2023-05,2023-06-14T01:30:00+00:00,,pseudo_real_time
early_carry,union,no_change,2023-07,0.0,-0.2,0.2,0.2,0.04000000000000001,2023-06,2023-07-14T01:30:00+00:00,,pseudo_real_time
early_carry,union,historical_mean,2023-07,0.04761904761904761,-0.2,0.24761904761904763,0.24761904761904763,0.06131519274376418,2023-06,2023-07-14T01:30:00+00:00,,pseudo_real_time
early_carry,union,last_available_actual,2023-07,-0.8,-0.2,-0.6000000000000001,0.6000000000000001,0.3600000000000001,2023-06,2023-07-14T01:30:00+00:00,,pseudo_real_time
early_carry,union,no_change,2023-08,0.0,0.2,-0.2,0.2,0.04000000000000001,2023-07,2023-08-14T01:30:00+00:00,,pseudo_real_time
early_carry,union,historical_mean,2023-08,0.04528301886792452,0.2,-0.1547169811320755,0.1547169811320755,0.023937344250623004,2023-07,2023-08-14T01:30:00+00:00,,pseudo_real_time
early_carry,union,last_available_actual,2023-08,-0.2,0.2,-0.4,0.4,0.16000000000000003,2023-07,2023-08-14T01:30:00+00:00,,pseudo_real_time
early_carry,union,no_change,2023-09,0.0,0.4,-0.4,0.4,0.16000000000000003,2023-08,2023-09-14T01:30:00+00:00,,pseudo_real_time
early_carry,union,historical_mean,2023-09,0.046728971962616814,0.4,-0.3532710280373832,0.3532710280373832,0.12480041925058959,2023-08,2023-09-14T01:30:00+00:00,,pseudo_real_time
early_carry,union,last_available_actual,2023-09,0.2,0.4,-0.2,0.2,0.04000000000000001,2023-08,2023-09-14T01:30:00+00:00,,pseudo_real_time
early_carry,union,no_change,2023-10,0.0,0.0,0.0,0.0,0.0,2023-09,2023-10-14T01:30:00+00:00,,pseudo_real_time
early_carry,union,historical_mean,2023-10,0.049999999999999996,0.0,0.049999999999999996,0.049999999999999996,0.0024999999999999996,2023-09,2023-10-14T01:30:00+00:00,,pseudo_real_time
early_carry,union,last_available_actual,2023-10,0.4,0.0,0.4,0.4,0.16000000000000003,2023-09,2023-10-14T01:30:00+00:00,,pseudo_real_time
early_carry,union,no_change,2023-11,0.0,-0.3,0.3,0.3,0.09,2023-10,2023-11-14T01:30:00+00:00,,pseudo_real_time
early_carry,union,historical_mean,2023-11,0.04954128440366972,-0.3,0.3495412844036697,0.3495412844036697,0.12217910950256712,2023-10,2023-11-14T01:30:00+00:00,,pseudo_real_time
early_carry,union,last_available_actual,2023-11,0.0,-0.3,0.3,0.3,0.09,2023-10,2023-11-14T01:30:00+00:00,,pseudo_real_time
early_carry,union,no_change,2023-12,0.0,-0.3,0.3,0.3,0.09,2023-11,2023-12-14T01:30:00+00:00,,pseudo_real_time
early_carry,union,historical_mean,2023-12,0.046363636363636364,-0.3,0.3463636363636364,0.3463636363636364,0.11996776859504132,2023-11,2023-12-14T01:30:00+00:00,,pseudo_real_time
early_carry,union,last_available_actual,2023-12,-0.3,-0.3,0.0,0.0,0.0,2023-11,2023-12-14T01:30:00+00:00,,pseudo_real_time
early_carry,union,no_change,2024-01,0.0,-0.2,0.2,0.2,0.04000000000000001,2023-12,2024-01-14T01:30:00+00:00,,pseudo_real_time
early_carry,union,historical_mean,2024-01,0.04324324324324324,-0.2,0.24324324324324326,0.24324324324324326,0.059167275383491605,2023-12,2024-01-14T01:30:00+00:00,,pseudo_real_time
early_carry,union,last_available_actual,2024-01,-0.3,-0.2,-0.09999999999999998,0.09999999999999998,0.009999999999999995,2023-12,2024-01-14T01:30:00+00:00,,pseudo_real_time
early_carry,union,no_change,2024-02,0.0,-0.2,0.2,0.2,0.04000000000000001,2024-01,2024-02-14T01:30:00+00:00,,pseudo_real_time
early_carry,union,historical_mean,2024-02,0.04107142857142857,-0.2,0.24107142857142858,0.24107142857142858,0.05811543367346939,2024-01,2024-02-14T01:30:00+00:00,,pseudo_real_time
early_carry,union,last_available_actual,2024-02,-0.2,-0.2,0.0,0.0,0.0,2024-01,2024-02-14T01:30:00+00:00,,pseudo_real_time
early_carry,union,no_change,2024-03,0.0,-0.1,0.1,0.1,0.010000000000000002,2024-02,2024-03-14T01:30:00+00:00,,pseudo_real_time
early_carry,union,historical_mean,2024-03,0.038938053097345125,-0.1,0.13893805309734514,0.13893805309734514,0.019303782598480698,2024-02,2024-03-14T01:30:00+00:00,,pseudo_real_time
early_carry,union,last_available_actual,2024-03,-0.2,-0.1,-0.1,0.1,0.010000000000000002,2024-02,2024-03-14T01:30:00+00:00,,pseudo_real_time
early_carry,union,no_change,2024-04,0.0,-0.2,0.2,0.2,0.04000000000000001,2024-03,2024-04-14T01:30:00+00:00,,pseudo_real_time
early_carry,union,historical_mean,2024-04,0.037719298245614034,-0.2,0.23771929824561405,0.23771929824561405,0.056510464758387204,2024-03,2024-04-14T01:30:00+00:00,,pseudo_real_time
early_carry,union,last_available_actual,2024-04,-0.1,-0.2,0.1,0.1,0.010000000000000002,2024-03,2024-04-14T01:30:00+00:00,,pseudo_real_time
early_carry,union,no_change,2024-05,0.0,0.2,-0.2,0.2,0.04000000000000001,2024-04,2024-05-14T01:30:00+00:00,,pseudo_real_time
early_carry,union,historical_mean,2024-05,0.035652173913043476,0.2,-0.16434782608695653,0.16434782608695653,0.027010207939508507,2024-04,2024-05-14T01:30:00+00:00,,pseudo_real_time
early_carry,union,last_available_actual,2024-05,-0.2,0.2,-0.4,0.4,0.16000000000000003,2024-04,2024-05-14T01:30:00+00:00,,pseudo_real_time
early_carry,union,no_change,2024-06,0.0,0.1,-0.1,0.1,0.010000000000000002,2024-05,2024-06-14T01:30:00+00:00,,pseudo_real_time
early_carry,union,historical_mean,2024-06,0.03706896551724138,0.1,-0.06293103448275864,0.06293103448275864,0.003960315101070156,2024-05,2024-06-14T01:30:00+00:00,,pseudo_real_time
early_carry,union,last_available_actual,2024-06,0.2,0.1,0.1,0.1,0.010000000000000002,2024-05,2024-06-14T01:30:00+00:00,,pseudo_real_time
early_carry,union,no_change,2024-07,0.0,-0.2,0.2,0.2,0.04000000000000001,2024-06,2024-07-14T01:30:00+00:00,,pseudo_real_time
early_carry,union,historical_mean,2024-07,0.037606837606837605,-0.2,0.23760683760683762,0.23760683760683762,0.056457009277522105,2024-06,2024-07-14T01:30:00+00:00,,pseudo_real_time
early_carry,union,last_available_actual,2024-07,0.1,-0.2,0.30000000000000004,0.30000000000000004,0.09000000000000002,2024-06,2024-07-14T01:30:00+00:00,,pseudo_real_time
early_carry,union,no_change,2024-08,0.0,-0.7,0.7,0.7,0.48999999999999994,2024-07,2024-08-14T01:30:00+00:00,,pseudo_real_time
early_carry,union,historical_mean,2024-08,0.035593220338983045,-0.7,0.735593220338983,0.735593220338983,0.5410973858086756,2024-07,2024-08-14T01:30:00+00:00,,pseudo_real_time
early_carry,union,last_available_actual,2024-08,-0.2,-0.7,0.49999999999999994,0.49999999999999994,0.24999999999999994,2024-07,2024-08-14T01:30:00+00:00,,pseudo_real_time
early_carry,union,no_change,2024-09,0.0,-0.6,0.6,0.6,0.36,2024-08,2024-09-14T01:30:00+00:00,,pseudo_real_time
early_carry,union,historical_mean,2024-09,0.029411764705882346,-0.6,0.6294117647058823,0.6294117647058823,0.396159169550173,2024-08,2024-09-14T01:30:00+00:00,,pseudo_real_time
early_carry,union,last_available_actual,2024-09,-0.7,-0.6,-0.09999999999999998,0.09999999999999998,0.009999999999999995,2024-08,2024-09-14T01:30:00+00:00,,pseudo_real_time
early_carry,union,no_change,2024-10,0.0,-0.1,0.1,0.1,0.010000000000000002,2024-09,2024-10-14T01:30:00+00:00,,pseudo_real_time
early_carry,union,historical_mean,2024-10,0.024166666666666663,-0.1,0.12416666666666668,0.12416666666666668,0.015417361111111113,2024-09,2024-10-14T01:30:00+00:00,,pseudo_real_time
early_carry,union,last_available_actual,2024-10,-0.6,-0.1,-0.5,0.5,0.25,2024-09,2024-10-14T01:30:00+00:00,,pseudo_real_time
early_carry,union,no_change,2024-11,0.0,-0.1,0.1,0.1,0.010000000000000002,2024-10,2024-11-14T01:30:00+00:00,,pseudo_real_time
early_carry,union,historical_mean,2024-11,0.02314049586776859,-0.1,0.1231404958677686,0.1231404958677686,0.015163581722559934,2024-10,2024-11-14T01:30:00+00:00,,pseudo_real_time
early_carry,union,last_available_actual,2024-11,-0.1,-0.1,0.0,0.0,0.0,2024-10,2024-11-14T01:30:00+00:00,,pseudo_real_time
early_carry,union,no_change,2024-12,0.0,-0.1,0.1,0.1,0.010000000000000002,2024-11,2024-12-14T01:30:00+00:00,,pseudo_real_time
early_carry,union,historical_mean,2024-12,0.022131147540983602,-0.1,0.12213114754098361,0.12213114754098361,0.014916017199677507,2024-11,2024-12-14T01:30:00+00:00,,pseudo_real_time
early_carry,union,last_available_actual,2024-12,-0.1,-0.1,0.0,0.0,0.0,2024-11,2024-12-14T01:30:00+00:00,,pseudo_real_time
early_carry,union,no_change,2025-01,0.0,-0.2,0.2,0.2,0.04000000000000001,2024-12,2025-01-14T01:30:00+00:00,,pseudo_real_time
early_carry,union,historical_mean,2025-01,0.021138211382113813,-0.2,0.22113821138211381,0.22113821138211381,0.048902108533280454,2024-12,2025-01-14T01:30:00+00:00,,pseudo_real_time
early_carry,union,last_available_actual,2025-01,-0.1,-0.2,0.1,0.1,0.010000000000000002,2024-12,2025-01-14T01:30:00+00:00,,pseudo_real_time
early_carry,union,no_change,2025-03,0.0,-0.4,0.4,0.4,0.16000000000000003,2025-01,2025-03-14T01:30:00+00:00,,pseudo_real_time
early_carry,union,historical_mean,2025-03,0.01935483870967741,-0.4,0.41935483870967744,0.41935483870967744,0.1758584807492196,2025-01,2025-03-14T01:30:00+00:00,,pseudo_real_time
early_carry,union,last_available_actual,2025-03,-0.2,-0.4,0.2,0.2,0.04000000000000001,2025-01,2025-03-14T01:30:00+00:00,,pseudo_real_time
early_carry,union,no_change,2025-04,0.0,-0.4,0.4,0.4,0.16000000000000003,2025-03,2025-04-14T01:30:00+00:00,,pseudo_real_time
early_carry,union,historical_mean,2025-04,0.015999999999999993,-0.4,0.41600000000000004,0.41600000000000004,0.17305600000000004,2025-03,2025-04-14T01:30:00+00:00,,pseudo_real_time
early_carry,union,last_available_actual,2025-04,-0.4,-0.4,0.0,0.0,0.0,2025-03,2025-04-14T01:30:00+00:00,,pseudo_real_time
early_carry,union,no_change,2025-05,0.0,-0.4,0.4,0.4,0.16000000000000003,2025-04,2025-05-14T01:30:00+00:00,,pseudo_real_time
early_carry,union,historical_mean,2025-05,0.012698412698412691,-0.4,0.41269841269841273,0.41269841269841273,0.17031997984378938,2025-04,2025-05-14T01:30:00+00:00,,pseudo_real_time
early_carry,union,last_available_actual,2025-05,-0.4,-0.4,0.0,0.0,0.0,2025-04,2025-05-14T01:30:00+00:00,,pseudo_real_time
early_carry,union,no_change,2025-06,0.0,-0.4,0.4,0.4,0.16000000000000003,2025-05,2025-06-14T01:30:00+00:00,,pseudo_real_time
early_carry,union,historical_mean,2025-06,0.00944881889763779,-0.4,0.4094488188976378,0.4094488188976378,0.1676483352966706,2025-05,2025-06-14T01:30:00+00:00,,pseudo_real_time
early_carry,union,last_available_actual,2025-06,-0.4,-0.4,0.0,0.0,0.0,2025-05,2025-06-14T01:30:00+00:00,,pseudo_real_time
early_carry,union,no_change,2025-07,0.0,-0.2,0.2,0.2,0.04000000000000001,2025-06,2025-07-14T01:30:00+00:00,,pseudo_real_time
early_carry,union,historical_mean,2025-07,0.006249999999999999,-0.2,0.20625000000000002,0.20625000000000002,0.04253906250000001,2025-06,2025-07-14T01:30:00+00:00,,pseudo_real_time
early_carry,union,last_available_actual,2025-07,-0.4,-0.2,-0.2,0.2,0.04000000000000001,2025-06,2025-07-14T01:30:00+00:00,,pseudo_real_time
early_carry,union,no_change,2025-08,0.0,0.0,0.0,0.0,0.0,2025-07,2025-08-14T01:30:00+00:00,,pseudo_real_time
early_carry,union,historical_mean,2025-08,0.0046511627906976735,0.0,0.0046511627906976735,0.0046511627906976735,2.163331530557057e-05,2025-07,2025-08-14T01:30:00+00:00,,pseudo_real_time
early_carry,union,last_available_actual,2025-08,-0.2,0.0,-0.2,0.2,0.04000000000000001,2025-07,2025-08-14T01:30:00+00:00,,pseudo_real_time
early_carry,union,no_change,2025-09,0.0,0.0,0.0,0.0,0.0,2025-08,2025-09-14T01:30:00+00:00,,pseudo_real_time
early_carry,union,historical_mean,2025-09,0.004615384615384614,0.0,0.004615384615384614,0.004615384615384614,2.1301775147928983e-05,2025-08,2025-09-14T01:30:00+00:00,,pseudo_real_time
early_carry,union,last_available_actual,2025-09,0.0,0.0,0.0,0.0,0.0,2025-08,2025-09-14T01:30:00+00:00,,pseudo_real_time
early_carry,union,no_change,2025-12,0.0,0.2,-0.2,0.2,0.04000000000000001,2025-09,2025-12-14T01:30:00+00:00,,pseudo_real_time
early_carry,union,historical_mean,2025-12,0.0045801526717557245,0.2,-0.1954198473282443,0.1954198473282443,0.03818891672979431,2025-09,2025-12-14T01:30:00+00:00,,pseudo_real_time
early_carry,union,last_available_actual,2025-12,0.0,0.2,-0.2,0.2,0.04000000000000001,2025-09,2025-12-14T01:30:00+00:00,,pseudo_real_time
early_carry,union,no_change,2026-01,0.0,0.4,-0.4,0.4,0.16000000000000003,2025-12,2026-01-14T01:30:00+00:00,,pseudo_real_time
early_carry,union,historical_mean,2026-01,0.006060606060606059,0.4,-0.393939393939394,0.393939393939394,0.15518824609733703,2025-12,2026-01-14T01:30:00+00:00,,pseudo_real_time
early_carry,union,last_available_actual,2026-01,0.2,0.4,-0.2,0.2,0.04000000000000001,2025-12,2026-01-14T01:30:00+00:00,,pseudo_real_time
early_carry,union,no_change,2026-02,0.0,0.4,-0.4,0.4,0.16000000000000003,2026-01,2026-02-14T01:30:00+00:00,,pseudo_real_time
early_carry,union,historical_mean,2026-02,0.009022556390977442,0.4,-0.3909774436090226,0.3909774436090226,0.15286336141104645,2026-01,2026-02-14T01:30:00+00:00,,pseudo_real_time
early_carry,union,last_available_actual,2026-02,0.4,0.4,0.0,0.0,0.0,2026-01,2026-02-14T01:30:00+00:00,,pseudo_real_time
early_carry,union,no_change,2026-03,0.0,1.0,-1.0,1.0,1.0,2026-02,2026-03-14T01:30:00+00:00,,pseudo_real_time
early_carry,union,historical_mean,2026-03,0.011940298507462685,1.0,-0.9880597014925373,0.9880597014925373,0.976261973713522,2026-02,2026-03-14T01:30:00+00:00,,pseudo_real_time
early_carry,union,last_available_actual,2026-03,0.4,1.0,-0.6,0.6,0.36,2026-02,2026-03-14T01:30:00+00:00,,pseudo_real_time
early_carry,union,no_change,2026-04,0.0,1.7,-1.7,1.7,2.8899999999999997,2026-03,2026-04-14T01:30:00+00:00,,pseudo_real_time
early_carry,union,historical_mean,2026-04,0.01925925925925926,1.7,-1.6807407407407406,1.6807407407407406,2.8248894375857336,2026-03,2026-04-14T01:30:00+00:00,,pseudo_real_time
early_carry,union,last_available_actual,2026-04,1.0,1.7,-0.7,0.7,0.48999999999999994,2026-03,2026-04-14T01:30:00+00:00,,pseudo_real_time
early_carry,union,no_change,2026-05,0.0,0.5,-0.5,0.5,0.25,2026-04,2026-05-14T01:30:00+00:00,,pseudo_real_time
early_carry,union,historical_mean,2026-05,0.03161764705882352,0.5,-0.46838235294117647,0.46838235294117647,0.2193820285467128,2026-04,2026-05-14T01:30:00+00:00,,pseudo_real_time
early_carry,union,last_available_actual,2026-05,1.7,0.5,1.2,1.2,1.44,2026-04,2026-05-14T01:30:00+00:00,,pseudo_real_time
early_carry,union,no_change,2026-06,0.0,-0.3,0.3,0.3,0.09,2026-05,2026-06-14T01:30:00+00:00,,pseudo_real_time
early_carry,union,historical_mean,2026-06,0.03503649635036495,-0.3,0.3350364963503649,0.3350364963503649,0.11224945388672809,2026-05,2026-06-14T01:30:00+00:00,,pseudo_real_time
early_carry,union,last_available_actual,2026-06,0.5,-0.3,0.8,0.8,0.6400000000000001,2026-05,2026-06-14T01:30:00+00:00,,pseudo_real_time
early_carry,union,no_change,2026-07,0.0,-0.7,0.7,0.7,0.48999999999999994,2026-06,2026-07-14T01:30:00+00:00,,pseudo_real_time
early_carry,union,historical_mean,2026-07,0.0326086956521739,-0.7,0.7326086956521739,0.7326086956521739,0.5367155009451796,2026-06,2026-07-14T01:30:00+00:00,,pseudo_real_time
early_carry,union,last_available_actual,2026-07,-0.3,-0.7,0.39999999999999997,0.39999999999999997,0.15999999999999998,2026-06,2026-07-14T01:30:00+00:00,,pseudo_real_time
early_carry,union,no_change,2026-08,0.0,0.4,-0.4,0.4,0.16000000000000003,2026-07,2026-08-14T01:30:00+00:00,,pseudo_real_time
early_carry,union,historical_mean,2026-08,0.027338129496402866,0.4,-0.37266187050359717,0.37266187050359717,0.13887686972723984,2026-07,2026-08-14T01:30:00+00:00,,pseudo_real_time
early_carry,union,last_available_actual,2026-08,-0.7,0.4,-1.1,1.1,1.2100000000000002,2026-07,2026-08-14T01:30:00+00:00,,pseudo_real_time
