price__p_015e142afb02def6,price__p_04e3d3e3e4d2b7a3,price__p_08af219b10a3d0c1,price__p_090787ff4c600967,price__p_09cb91d919e19c81,price__p_0d20aebdd2e3e2a3,price__p_117934e693b030e1,price__p_12702c2817bc3058,price__p_12f4a9142c235af4,price__p_156a750ae05683cb,price__p_15e2359392c5042c,price__p_175e0c5b4d6a8cd9,price__p_1bee12058e36565f,price__p_212ef5b23dbb70ff,price__p_24e9e14ac94c789e,price__p_29096e2e6c801716,price__p_2929b2190c67fa05,price__p_29a1d693bcd6b5ed,price__p_2b23ed0aa617091c,price__p_2c2bb2eb34a2530d,price__p_2fee73ae064112ed,price__p_31deb9fdc417508e,price__p_35042b5fee5e1452,price__p_369ce465f81b2b58,price__p_3862181ef4e50416,price__p_394ed64ad5df6eab,price__p_398b35a78734a78e,price__p_3a66e1c2dcaacdbe,price__p_3abb1bdf911a74ba,price__p_3e3ac34e09abbe85,price__p_44d21f4415cc94bd,price__p_45d6c5200e1a3379,price__p_47f8c50648adab37,price__p_4868c8af6ebb3048,price__p_4b78aecc4ad2673a,price__p_4d6f925d5fd37636,price__p_4eede6d97e9bd55e,price__p_4f0bc051d584c367,price__p_4f513e6f6ede7f06,price__p_57bdf8a55dab3591,price__p_5a70d1f2747b0f36,price__p_5b64eea47fe39565,price__p_679f919cb34f89e9,price__p_6974d4181c18978d,price__p_6a02652f4a9989e9,price__p_6ad195c852babce1,price__p_6f9697bbf4df888a,price__p_7b4d7b259b6753fa,price__p_7bbab6017e1fb60b,price__p_7c74e703f996c871,price__p_8de345911b7fc78f,price__p_8f5fb68c57941b6a,price__p_8f97282e97de7a9b,price__p_9122726a99818701,price__p_9341bdcca7b05d66,price__p_93a4e9685d04bc1a,price__p_955389fa1088a0da,price__p_96d693419d7e59f7,price__p_9aad75ce6ea05520,price__p_9f31a8386b8c5eb8,price__p_a074fa497eab1cb8,price__p_a295b5ca26a7559a,price__p_aaab792e0f7a512c,price__p_ab0f14fdeeb99eb0,price__p_b2354c8beb79d919,price__p_b32a1dc815512f2e,price__p_b4735e773b7401fc,price__p_b6a4aa3d34b35ea7,price__p_b74ad31919d3dab3,price__p_b7a55e9cddc1fa47,price__p_b7b1618afb05d922,price__p_b873db1e2ba44465,price__p_ba1176602ebbd96b,price__p_bbc1e9ba2c1b1332,price__p_bc05e8925dafddbd,price__p_bcb6c83c3cb2c0f1,price__p_bd3edefacd71ccb9,price__p_bdad6ba047be1572,price__p_c0cb077ae13a5415,price__p_c2351f7e990ff8ee,price__p_c67eb545eaecb876,price__p_c790a9428097cdce,price__p_cf6f0c8ecd5041af,price__p_cf91019388b7c9a6,price__p_d03f48cac90afd53,price__p_d499d7f7dc39d7ab,price__p_d513ce0622315a93,price__p_d808a66ec902704a,price__p_d8a34b15fb6f311c,price__p_dde8e41d5f1a8881,price__p_e0705204f7294fed,price__p_e07286f243955a55,price__p_e9114732b34c7687,price__p_e9a1a6b2d848b28d,price__p_ec63403370289989,price__p_f05785b9d3415065,price__p_f155865bddb5ae03,price__p_f72f3a06539c1241,price__p_f7fd37c9c13f589b,price__p_fcdf70fd9a5b0838,target_month,target_mom_pct,feature_cutoff,actual_published_at,feature_hash
-1.5192560118522034,,-0.3190656155814527,-6.7022814256089625,,,-0.44565560265728366,,0.1284066682223073,-4.016604172533476,,,-5.745190082680587,,,-0.7120061474717956,-0.04575350380074436,-4.158173399431033,,-4.255961441879589,-6.887578232341984,,,,-11.551288712184435,-2.3519985302348076,,-3.8349754527545055,-0.6558657833575819,,,,-2.5314582172635216,,-4.261436128024008,,,,,0.17892293196966585,26.43865098482588,,,,0.16723285841555818,-0.9074427009969235,0.15735644474305382,,-3.104811512563981,,-2.0882573357756287,,,,,1.5303818490834387,-0.1479978281892592,-1.9326178316023168,,-1.082892714498423,-0.9497916796463767,,-4.6277503204942265,,-5.623971832287619,,,0.2951647251030958,,-0.741400768935375,-4.666339508886272,-0.8449766044253105,-0.04972610642793619,,-2.3079763675422265,,,,,-1.1855503411017476,,-2.6085600371328788,,,,,-3.006935860973696,0.0,-0.20247757483416018,,-2.6169681312244375,,,-9.532624419038461,1.5126367918752166,1.2220280937332981,0.17993817941178353,,-7.613086003405754,0.1123280095643448,2014-02,-0.2,2014-02-24T01:30:00+00:00,2014-03-09T01:30:00+00:00,76bccbef729bfdaa454db888c3f13ace8cc0e6c971a5f0823fdadaddbb195948
-2.943788984719169,,-5.813154793226966,2.355034221956318,,,0.8893339247563316,,-0.21705915629799769,-4.390049874734262,,,-0.841891773576359,,,-1.1032019558137678,-0.8935172140662452,-1.3296474025715823,,-1.3680103904080154,-6.231642794793056,,,,-6.317890162153156,0.6117398405537559,,-0.10790536206163569,-2.2139739819841875,,,,-6.934741855678843,,-4.166477808590197,,,,,-1.0241756938937818,19.23718926474561,,,,-8.966845629024116,-2.0435828228421204,0.24733538314101908,,-12.239364821406678,,0.9595580120054465,,,,,0.1011975124312093,-1.11274192622286,-12.847620506982446,,-3.147856675887075,-5.531489432569858,,-6.3569059113023085,,-8.626034428440702,,,-4.497463702587883,,-4.657471182262075,-8.068133727130446,-2.555493173218749,-0.06473444392604095,,-2.273888982996696,,,,,1.6664194169600368,,0.16504377405436257,,,,,3.4206755401535998,0.0,-1.4890206628609812,,-11.85527083218537,,,-13.274912729576057,-11.495286936046309,-0.5311105615381908,0.7336466025611916,,2.9720796407927477,-3.309859908897069,2014-03,-0.3,2014-03-24T01:30:00+00:00,2014-04-11T01:30:00+00:00,461a05d32c2c38e5bff1c69a00ed3ed52d6b47c7d594abdf81efaa6ca1fb4d2f
3.460678113444076,,6.092591022307472,3.7512065432629695,,,-0.24624489172728337,,0.6894140793654479,-2.392209759141841,,,5.51921322540134,,,0.1619985859677492,1.640108320512318,4.814821079744788,,-11.774171419607717,-0.9389740349839032,,,,-1.0929070532190317,-0.9989642009398536,,-2.2473147961410875,1.7265687275140753,,,,2.581289817287177,,2.550921416412679,,,,,-1.9403212761787052,8.004270767353635,,,,4.114978155527262,0.5804491737718988,-2.392828883266966,,6.777191887825178,,-0.010870155997436856,,,,,-1.0166132963471193,1.4717859885406028,2.242515501719442,,2.6440772728913444,-2.620898396427208,,-5.070413935476053,,-5.556985115481076,,,-5.026619705531581,,3.2662973807048856,-1.0805606120649958,2.575225100951164,-1.5244830638441411,,4.078778501636286,,,,,0.4435427436868194,,4.261458212528211,,,,,0.17683470567419493,-1.312108796269721,-1.2654274464696733,,5.974020318160097,,,-5.081016283629976,-1.0343116477253431,-3.5938604907971827,0.22953711972968477,,-0.2083933631686063,-3.2357172981023474,2014-04,-0.2,2014-04-24T01:30:00+00:00,2014-05-09T01:30:00+00:00,64d0b24bb5e58b06673f6f89b89dbf6bfd08ae711c09c82524248bbff30d9f19
-3.9927333120747277,,6.644226817271763,-0.9309416479438886,,,0.9813621448324671,,3.513687865888229,0.0,,,1.6869713897925565,,,-1.133795755678552,-0.800950595661034,0.12452054673849972,,-3.3657932259291368,0.6769488055246575,,,,1.092907053219023,-0.16462777979463264,,0.593699115490629,1.708403934950352,,,,-3.804700507122797,,0.6064029294426471,,,,,-0.8098108485293412,-7.042246429654593,,,,4.752606696859636,1.4458920219926599,0.6764219591255876,,4.297579960485326,,-2.145759188266934,,,,,0.0,0.26108026199597073,3.6127552802145004,,-2.0695281485663775,-2.1316571120433045,,-5.8395773728162,,25.869453557852868,,,-2.4646529238292065,,0.08690305937367374,1.22700925918144,-1.6310886728915015,-5.983226613969807,,-2.053010059068662,,,,,0.14585681782561205,,-0.3482669342483562,,,,,-7.601291124805773,-0.18885746878681361,-0.40815425759492185,,5.455535285803268,,,0.9088089603546108,-2.851694027748035,-1.3743309486912525,1.5705672089251221,,-6.07773662808316,-2.2117087247693856,2014-05,-0.1,2014-05-26T01:30:00+00:00,2014-06-10T01:30:00+00:00,d34b44a838750858b0bdbe41016d1bcb9dc19e0c7d555662dcba292dc6018553
-2.5674469149291523,,-0.8522228608123047,-2.140726556170763,,,0.0,,1.9787619905039282,-0.3338901265514599,,,1.610874125549121,,,-2.271636634755226,-1.2237235387630858,2.7229617573487084,,0.0,-1.0360834888526513,,,,0.0,-0.023865128047404455,,0.25839470443433565,1.377689516696,,,,10.427977636150786,,2.011984430843987,,,,,-1.292944284851459,15.532906369249345,,,,-0.4610234485778117,-0.07043417929915771,-3.908828744112,,2.8402055756267046,,-6.149468097482323,,,,,0.0,1.3948567175715234,3.218316926763804,,-5.444922872406653,-1.8982280296274998,,-1.353985868641063,,-3.745756253490044,,,3.847119785903997,,-0.22479109645435905,0.0,-0.6120972600155442,-0.7719720631492047,,-2.826152972649354,,,,,-0.8783492081464875,,-3.5181940563484457,,,,,-9.166250356743651,-2.10131895988163,-1.2083810443459766,,-2.8240491614529932,,,-0.1368493292156295,-3.976415178654598,0.33827685819007625,1.7187216386258173,,-2.6138289189714796,-8.976534496449665,2014-06,-0.2,2014-06-24T01:30:00+00:00,2014-07-09T01:30:00+00:00,a727acd9b437fd81f3d36bcdf1524214aae67ed7f562cbb779cd19a2b5754c7b
-0.8547196366283243,,0.12560749315000017,2.127795465932522,,,-2.8307046951693566,,3.5625927017056367,-2.3329345816646714,,,-0.5299094419331397,,,-0.8497882421116225,-1.6768819209187669,-0.4115703590147534,,0.0,-3.9788948796945096,,,,-3.315220731690051,0.3222661255375332,,0.3694649568874257,6.087247081532161,,,,-0.8330499140608478,,2.122586969975333,,,,,-2.687360363573939,6.271733297231043,,,,-6.298543248824339,-0.17126125838998624,2.2111453607430964,,2.773135858668954,,0.2106878470894269,,,,,0.0,1.4063423490150833,5.7980151298138365,,-1.9240172073651565,-2.404156196877006,,3.407680408828447,,5.9276609929540305,,,-0.7867366003309506,,-0.31918421306949746,-3.7271394797231654,-0.5752707922315424,-0.6965701513519283,,-0.08008378423449558,,,,,-2.8794505445545187,,-3.578378778295635,,,,,-6.612543097270351,-0.1932367751053813,-2.225227429437743,,3.9010414982096493,,,-2.560686163276819,1.7686411438078586,-0.13081016952047578,0.4685724204516674,,-4.0670303709177,-3.1748698314580297,2014-07,-0.1,2014-07-24T01:30:00+00:00,2014-08-09T01:30:00+00:00,0bedc00d062a208f629b3dab3b9bfe088a0be7823d72a377a78d280eae129d7e
-1.4463659720281505,,3.0653459130854914,-1.7814123578607617,,,-0.7735129356259414,,4.179665816960371,-5.4427646576033775,,,-2.9009370669246355,,,-0.5824855245990934,-1.5527662978162187,-0.5645203790193115,,-10.821358464023271,-5.571060701400583,,,,-5.781957088882625,-2.4148395814440327,,-2.3132669047018504,0.8954226481366703,,,,0.8931892062297931,,3.4668074416695305,,,,,0.8348931785051672,3.4697624425696802,,,,0.21786500992221725,3.7418586156275477,1.4740500486823265,,-3.373469283573317,,-1.648412292510267,,,,,-2.3956337385968736,-0.4857612109749466,9.573087145455037,,-5.9064784416483525,-4.175536116454189,,2.6375971816227946,,8.28059036842325,,,0.8118102543205264,,-0.7194216142766029,-5.195973893071111,-0.8092260495432725,-0.30253838515960196,,-1.4932369036054145,,,,,2.200785671555328,,-2.7616528967846987,,,,,0.8888947417245994,0.0,-2.5000994279322613,,-2.3791792889440657,,,-0.3030633340302272,-0.8390967297640812,-0.6851815823543658,0.23932437514016902,,2.6021785486084084,-2.159269170750405,2014-08,-0.2,2014-08-25T01:30:00+00:00,2014-09-11T01:30:00+00:00,2401dff2e53403501144c721eb4349153ca2b18de942b1c154880e3e8cf6a492
-6.358930417023911,,6.479663999594522,-4.6986518950259635,,,-3.8820287133520024,,-1.9164688918520598,-0.11422045787770521,,,-3.722824626045196,,,-3.5834601294654553,-3.8771994238233134,-0.4113222077205483,,0.0,0.0,,,,0.0,-1.7042807804639084,,-1.9470983535935065,-0.574231354428689,,,,-2.11778269954327,,2.501253865463275,,,,,-0.7692345623155614,-6.433341396835655,,,,-2.3030397280125685,-4.2110888575514585,3.0474799255372265,,-6.143176565121589,,1.8099197300400747,,,,,-0.08725242679011667,-1.0866079479946873,-1.2971387510853307,,0.7170826033665805,-0.06397952873394624,,4.533608032955573,,-2.006756305080914,,,4.713234628408526,,0.6419399298721259,0.5584378293900664,-5.185491710725699,-1.4383716457747864,,-8.152165640293031,,,,,0.07339971206426558,,0.48882778902911045,,,,,0.0,0.19323677510538603,-2.3903509403172074,,-0.6411337469996884,,,-0.1627339659375371,3.5942699938409857,-0.8515007770511914,0.14519228816389734,,0.616061142746626,11.475422028162859,2014-09,-0.4,2014-09-24T01:30:00+00:00,2014-10-15T01:30:00+00:00,18aa337ffd6c5d6c24f94b4368319e6a38f0e99ce10e5d605736a47bbdb9f860
-0.7097753332474441,,5.173601683904422,-1.7453713119083085,,,-1.9190694246294406,,-8.153829989186084,1.2681157918669042,,,-3.35122608851428,,,-2.3378987050199673,-3.8330285440452414,-5.66599950593917,,0.0,1.3861812937471967,,,,3.509131981127019,-0.5516569576034585,,-1.2160690813675388,1.798072598362211,,,,-14.312522429584371,,-5.350141182126198,,,,,0.0,-7.286770754512848,,,,0.5353240381625675,-1.0057644860024688,-0.11640541435493934,,-7.235023132841051,,-1.7466063867774324,,,,,0.0,-7.64161693543978,-0.8449707705377804,,1.2586901693221635,0.0,,4.420798647796688,,-4.845238338594686,,,0.14936522567833718,,-0.3353462740089217,2.5138794348939832,-2.446100117020062,-13.144772999855448,,0.3624358273488592,,,,,-2.2136710096094934,,1.2461220437811815,,,,,-3.283407158956374,0.9606221805439933,-2.5929774637447447,,-2.468366815886508,,,0.0,-2.187442452094128,-0.16407258347865877,-0.6644542718668613,,-1.0988397051317786,-2.683009866461402,2014-10,-0.4,2014-10-24T01:30:00+00:00,2014-11-10T01:30:00+00:00,fe79630762c0ae7b913b5da2323742ac002449ca50b106f27bad65dfd026e67a
2.1109870425270985,,2.7479848410615597,-12.332333303705093,,,-7.273728985571841,,-3.495265388393291,3.3838857716223725,,,0.29263465503445074,,,-1.0266932734011294,-1.9944843542686157,-2.0575176230502863,,0.0,4.930858524654495,,,,3.3901551675681416,-5.825252649177366,,-4.929848196748686,1.0960392758561033,,,,-0.7168489478612516,,-0.08124161041736062,,,,,0.09647854100989033,-0.915946719769992,,,,-0.7096371886454897,-1.2999186234920255,-0.7677805317540551,,-12.57787144867512,,-15.6665614461409,,,,,0.0,0.03362437126084991,-8.015744855553654,,2.126051838854179,0.7121250267620456,,0.7015228369276694,,-1.4285957247476428,,,-4.431065990755825,,-0.42783296885470196,4.623786849328783,-1.3912936448603166,-2.4393214517511983,,1.4134155027491206,,,,,-4.6433596415204645,,3.249016742445437,,,,,-9.691182755547706,-0.38314223115559487,-1.6281150416727654,,-0.5418074427565928,,,0.16273396593754075,-4.8610976054011505,-0.48714936570340955,-0.40364038798727153,,4.688054953023929,-4.401041085048918,2014-11,-0.5,2014-11-24T01:30:00+00:00,2014-12-10T01:30:00+00:00,7e68f560a330f8d76ec7ac25e538c45d71bde1d7b15f5bc7db6601501f031ff6
-5.6942306649941825,,2.918543201528549,-32.68635366382721,,,-7.339197563479933,,-0.4694844304207729,1.8018505502678213,,,-14.599670754078295,,,-1.6623558605760234,-0.7811505363803324,-14.643016790039876,,0.0,3.195036974361688,,,,1.1049836186584936,-8.181216826096806,,-6.1692390052709625,-2.397058696668505,,,,-10.137167909659347,,-2.5270122002851636,,,,,-0.926165772472704,3.8147004070952244,,,,-5.741753743157269,-3.5038430746072,0.0,,-39.095733837450815,,-40.060508586816255,,,,,0.0,-2.4112857779602686,-20.174426098074484,,-2.2865397564655567,0.8752098888669676,,-6.285330188202896,,-2.181904739463984,,,1.4128379761963188,,-0.03822915934099571,2.9438934096360523,0.18215814442022588,-4.522829395229616,,-4.622320460531118,,,,,-3.4111354723840184,,-0.9031672030347709,,,,,-5.968048327265852,-0.5774799493883909,-0.9558433662152692,,-2.86001514699215,,,0.1624695727001983,-8.258998891989888,-0.3663662394775576,-0.14201521949433488,,6.835306045545445,1.7936948919733045,2014-12,-0.6,2014-12-24T01:30:00+00:00,2015-01-09T01:30:00+00:00,d16f73e7c6706e437d9beddcd62205f7588b668431f712d0ef88717e5f7703d2
-6.141499061752179,,-0.43728465043721765,0.8872965150025999,,,-14.573859288929405,,-1.6382068987333618,-0.8968669982760376,,,0.09565412201456498,,,-4.345407075711062,-6.241853070009713,-8.866755733779828,,-3.636764417087483,-1.5078060254097454,,,,0.0,-16.350744114505993,,-16.932077526945395,-1.676970096042821,,,,-10.951634369044662,,-4.408420967209755,,,,,-0.33537449053472645,5.745995567322724,,,,-6.5498199567447655,-4.827879187504945,-0.6279455484843136,,-7.760815737020188,,7.835270827150623,,,,,-0.7711219423490244,-1.391801261866111,-18.413299472834417,,-1.5865639581126352,1.386666643858546,,-4.662130197145275,,-3.745756253490044,,,0.11069431054659873,,-10.410153696247065,-1.3760023984042888,-5.294148931489757,-2.8998034167574698,,-5.593102443311178,,,,,-1.249678115540796,,-1.8654093565241476,,,,,-2.6315425966203776,0.0,-1.035718232355298,,-9.550504824784086,,,-1.1647657944050904,-22.944412360088396,-0.7480575369501034,0.06629886824433583,,-5.094095912654543,1.623238376905588,2015-01,-1.1,2015-01-26T01:30:00+00:00,2015-02-10T01:30:00+00:00,811ca5ac8d32ceae12b2fd111c8eb2ac28e31ef7f730e6ce483441ee107b97eb
-0.7705587762290879,,-0.4954898467420899,22.69859377808801,,,-1.4397193003380544,,1.4368987706068304,-5.3123709960306655,,,6.91985879650438,,,0.439735426001904,-0.9793098301047206,7.510894651893328,,-13.036181786324358,-8.01284981903053,,,,-8.821142513556712,-2.2008857477008146,,-3.2292550885068474,4.50687165515959,,,,8.898348637650368,,0.8800047550978666,,,,,0.3898640415657323,-5.635293655113174,,,,-4.4595958677788765,7.426778734958139,0.05112776152120032,,10.829163646668501,,-2.760423839059347,,,,,-0.990107098271157,-1.4099835846789037,13.109660187133274,,-4.072336337950612,-4.169042705420909,,-0.1635917841892237,,11.488027599842201,,,-1.3826203565180044,,10.140038879237222,-10.307520219067703,-1.371858508347618,-0.7344177507770291,,0.3654402396353277,,,,,0.6061569747327453,,-0.9936206659129719,,,,,-2.9661959424527864,-0.3861008657459431,-2.068522133922509,,3.2744703068398016,,,-8.220749010438897,4.433511786553097,1.4095769800393376,0.5011856672804818,,-2.968597244113316,-3.0300161205817036,2015-04,-0.3,2015-04-24T01:30:00+00:00,2015-05-09T01:30:00+00:00,8f597feee55657abccb0c62ccebdb20d55fd4eda9e0fa1cb66761b67e6c676de
-2.1291556135617915,,-1.3259230546697265,6.935298425684068,,,7.007905918211792,,0.15319151932041256,-2.383733117582161,,,-0.07030975642170426,,,-0.7617502853685555,-1.5648163769431047,3.6407513438390784,,-5.641408928009133,-7.718413093069559,,,,-4.473760616869249,9.209658465806598,,8.146545231864495,2.1625324814783746,,,,4.871349898688712,,0.14936179345339218,,,,,0.3883500026397612,0.0,,,,-2.9806898244221216,2.789069922514228,-0.23619268548395744,,-5.214945882341078,,-1.8860343335363212,,,,,0.0,0.5930903430880957,8.59459559621982,,-5.502654785747989,-2.7525683634473137,,6.069952617964898,,10.303222589823514,,,5.134730157051893,,1.7510810880929983,-3.484050466072022,0.37846650566451673,0.10827469512377393,,-2.1555876973475963,,,,,-3.160261070405421,,-5.951076307221008,,,,,-3.2776914602484846,0.0,-0.4958664158158335,,4.965512285655424,,,-2.459569301738785,1.5751755178981073,3.927625482343363,0.0,,-4.303737070484729,0.329689696513709,2015-05,-0.1,2015-05-25T01:30:00+00:00,2015-06-09T01:30:00+00:00,52f83818836ddc07928590cf244f8970bc4c3077d72b74db88131beeff7654a1
-7.300284613121491,,-3.2216936597836763,-3.7876467564975744,,,-1.9678932614042683,,-0.23839943176955408,-2.0834086902842026,,,-3.7087167087305044,,,-5.073268891897817,-7.705025615553607,-2.9742442449817426,,0.0,0.0,,,,-1.3793322132335872,-4.952595289478041,,-5.8793596441054685,-4.271611539866905,,,,-9.255863444764717,,-3.520011990760266,,,,,0.618239990831756,9.478303166349349,,,,-11.069813386296993,-1.7773963309884806,-6.580839262529549,,-2.0701017880212516,,-6.116608246640888,,,,,0.0,-1.102890653656898,3.269370203605731,,-3.2144949543040675,0.0,,2.3518552904368106,,6.103589058636909,,,3.9786228565495705,,-2.9556415039810404,0.0,-6.176961272736286,-0.15828719929199875,,-5.926879346634905,,,,,2.4465925686559973,,-4.33169033607047,,,,,-3.076281387710479,-0.5819609053264153,-3.2978527100480464,,-7.1176564296420315,,,0.0,-1.8146965904936043,-0.5075555125007494,0.0,,-1.5566327658474413,0.4494001168107496,2015-06,-0.4,2015-06-24T01:30:00+00:00,2015-07-09T01:30:00+00:00,518d65ecf85365d842e11c7d6fe28fa6d44e3f41e39534a10b8f2a2aae9504a2
-10.874725326278227,,0.0,-10.349222779676529,,,-3.7986131786195885,,-0.6885812977908556,-1.0582109330536973,,,-3.2905400106303264,,,-4.798984399866287,-9.066661386007112,-7.934671855166249,,0.0,0.0,,,,0.0,-9.523016273397394,,-4.954284134068748,-3.1580874806839327,,,,-0.5332100515323983,,-2.330853590374974,,,,,-0.3859518492177804,8.80215002666305,,,,12.402812881999935,-0.8041459253079369,0.2648340030769093,,-8.219762465609646,,-2.2881231589870845,,,,,0.0,0.24801062543300592,-11.930926630243192,,-4.159092958313226,0.0,,-2.9184290440045455,,13.517477836825254,,,-3.4441966598994407,,-4.545175466700859,0.0,-10.36808413654624,-0.19346548124439844,,-8.202206644221121,,,,,0.6622810391592192,,-3.6221263434318383,,,,,-2.465298355587124,-0.7812539736793624,-7.714399375428664,,-4.175754547333897,,,-2.698331371419921,-3.7358049599051943,-2.4736627643526816,0.0,,-0.8926176667527779,,2015-07,-0.7,2015-07-24T01:30:00+00:00,2015-08-09T01:30:00+00:00,d2ddb92a4a668b38e7893314c083352b2acb6493387f869036685bb9084250d0
10.870203815188443,,0.0,-8.69723147687471,,,-7.125374746785488,,-1.7446707603999227,-1.069528911674792,,,-2.0074854439661247,,,-1.1060947359424949,3.8120534240599175,-1.3801740068627026,,0.0,-1.212136053234485,,,,-1.398624197473984,-7.528897641547289,,-7.808328057777354,-3.5707363827878167,,,,-2.469261259037152,,-2.6119645509031764,,,,,-1.4215018836592348,2.5740219962933084,,,,-2.9549670183912657,0.2680159402409081,-0.8558772232139596,,-8.242527550931483,,-3.759457602743055,,,,,0.0,0.7451367210936723,-8.641806504233946,,-1.900967253715053,-4.56804697904832,,2.868249231962228,,3.3901551675681416,,,-5.813283210262865,,-2.151339728380305,-1.526747213078842,1.615121277359219,-0.08205128665464144,,8.579590135895886,,,,,-4.3995040371390335,,-3.122001736121416,,,,1.2952970416656642,-3.143677342356436,0.7812539736793624,-1.7703014145603486,,-4.376103405986854,,,-4.7797324771439085,-13.499375012735271,3.817224379694675,0.0,,-0.5801398054700285,,2015-08,-0.8,2015-08-24T01:30:00+00:00,2015-09-10T01:30:00+00:00,801e03cc36c3925b07c039bf6215a3ed300a1755cfa72617575da31cefbef49a
-6.7714718050748175,,2.51930151773663,-17.060344965534302,,,-1.7081580539532195,,-5.54899970880754,-3.2789822822990837,,,-2.334879485677329,,,-1.2535266495761803,-5.215984660260607,-3.5716578553017935,,-3.0275130171717626,-2.469261259037152,,,,-1.4184634991956413,5.2349264033282665,,5.243860974885731,-2.6452349964644,,,,-0.7803703174529071,,-1.2160165931501372,,,,,-0.5309224938093848,-7.320340402329493,,,,-0.7735507331435629,0.6452529759992456,-0.49663705449011986,,-4.57093477513384,,0.8452567887517319,,,,,0.0,0.5831197872805014,3.1711910491073323,,-0.6965813866110173,-0.7741974153615285,,13.150072253853114,,-3.96652563924314,,,-0.5181670929858454,,-1.0970757414593295,-1.5504186535965199,-3.4464977629018345,0.0,,-4.679838365777211,,,,,-4.309380952581791,,-1.4051753455650415,,,,2.48073377857737,1.1468252290393601,0.7751976804317924,-3.4007394778019027,,4.337055586555446,,,-2.866853350422215,-6.605922371859356,0.2686723498145775,-0.05682657818260153,,-0.6367420430868863,,2015-09,-0.4,2015-09-24T01:30:00+00:00,2015-10-14T01:30:00+00:00,fa24c7c2260b4249e466a58b6b3bcc340b09aeeb6a26f0ec2c3d13f52eaee885
-2.201331369307247,,-2.7899271644300114,4.821534200938855,,,0.45925220086418234,,-13.740344799715029,-2.406503178263157,,,-0.5518965517396676,,,-3.11556861985663,-1.9777790004322136,-5.04872347863505,,-0.6092513999157193,-3.0716972662060615,,,,-2.0494295014584765,0.3969656108286315,,1.4814796606620255,-0.553866505305243,,,,-3.6998423797047058,,-5.166613391996127,,,,,0.0,-9.278173345096622,,,,2.053223120223436,0.9804838205153541,-2.5863510589919354,,0.5896294250693503,,-0.10038481686222901,,,,,0.0,-12.924855697503704,-0.3586147997819133,,-0.2882439714474025,0.8326052203045241,,-4.700212013513888,,-4.734612059719843,,,-6.2181348169703305,,-2.1203292594082863,-2.2437345118935808,-2.352829160163859,-1.3898572916707068,,-2.4339923102589136,,,,,0.31530893958815437,,-0.9911738115887562,,,,0.4147232486446168,1.8678198373500603,0.0,-3.25139786112961,,-3.023471421090208,,,-2.408322133867035,4.013553870880185,-1.8680573071969242,-0.1911741859926311,,-3.1250853628403235,,2015-10,-0.4,2015-10-26T01:30:00+00:00,2015-11-10T01:30:00+00:00,309d66cd6f42a0ef6a80c396ecb9f4969e8c038d90511fb10d7f4f5300db137f
-2.2711195748362254,,-2.983488931018811,1.4839027472312385,,,-1.8228244546900019,,2.4846323514677064,-4.492783970431992,,,-3.7063484383171854,,,-4.741372470755412,-4.056625405889376,-11.835320242144444,,-2.8170876966696334,-4.7244568807651355,,,,-3.834620500834862,-3.969265095716986,,1.241941043165175,-11.09376897355855,,,,-3.54828322647232,,-11.532663114544226,,,,,-0.39510126466800993,-2.8170876966696334,,,,-8.564208715145947,-4.83907942810505,1.3230862132945218,,-1.5154916965022776,,0.38148323326443684,,,,,0.0,0.44998391860495435,-9.271079093248002,,0.7395267886156914,-0.9386435218457312,,-4.416526665842864,,-3.7041271680349097,,,-1.2158990827245328,,-7.994897741944262,-2.5571874067424765,-6.8701589947738295,-0.6184550654474085,,-3.4092330333739285,,,,,0.7270094315006072,,1.1625534593622198,,,,2.9145187096998706,-1.2247712812116558,-0.9699397088713505,-4.2415481209117045,,-9.672284536056106,,,-5.64859664601588,-7.247351749328766,-3.78380244169221,-1.1386539509837892,,0.49580313308445073,,2015-11,-0.5,2015-11-24T01:30:00+00:00,2015-12-09T01:30:00+00:00,47e58324c2560b6ef995aff8a67ee222dbff69a32d8c80598f99ad012272db00
-8.872394266521521,,-0.2179859239257377,-8.26761317790085,,,-1.7029096411872457,,1.4769499245926039,-1.197619104671565,,,-0.10967168142927816,,,-5.014674579231106,-5.067931430926741,-2.7668064061727264,,-0.9569451016150673,0.0,,,,-0.7604599385219304,-4.588318424927769,,-2.0336276493076797,-2.4672501856841422,,,,-5.008192193090203,,5.832906709407223,,,,,0.1977457634687678,-13.206308336325359,,,,-1.8338330252764152,1.9193502589522453,0.9222585476432115,,-3.297354843765425,,1.5088068432822332,,,,,-10.114450830972288,0.5683356673707193,-6.792540962869337,,-3.8811464119535857,-0.4844913465290621,,-11.121618255496237,,3.7041271680349075,,,-2.2771632202435423,,-1.6692473673703128,-1.6529301951210582,-1.3501279034857223,-0.3534601959242575,,-9.219334905002025,,,,,0.14885298411305847,,-3.130690462504402,,,,-1.4933835859498843,-4.738031087331283,-0.3906254967064988,-3.795881170667883,,-0.9666081467615014,,,-5.784231547845806,-8.832690324678666,0.2121507288631583,0.0,,-11.320299984290806,,2015-12,-0.6,2015-12-24T01:30:00+00:00,2016-01-09T01:30:00+00:00,320570ea81262a167e6f2c362fd0bf17aa09bd9f4c233d2777224f07358b4a8f
5.171894745356596,,2.4165445337785534,1.6307802617466962,,,-2.091769791069134,,-0.8075689173848708,-1.9711065223054098,,,1.4626298266948201,,,0.9180757208793112,5.042560379160546,-2.920721537618264,,-1.9418085857101628,0.0,,,,0.942113031161718,-6.277360773455859,,-4.016636187229499,-0.5196248356919735,,,,1.0080715292699318,,1.2869421247085844,,,,,0.982905495230142,-22.706384382276546,,,,3.1865106550966007,-0.6387649891825619,0.10668943719783586,,1.3728862444061056,,-13.854990889723467,,,,,-6.897040374220651,-0.8833813671954993,0.6796335317859403,,-2.150620522096362,0.0,,-7.745685368603131,,5.884050002293339,,,-5.170680859835673,,2.56643322929135,0.0,6.285731259062083,-0.886407279610499,,3.874589186181529,,,,,-0.36523050095352144,,-1.2444605048083863,,,,-0.35766026375112,-1.472827845044727,-0.5888142625222598,-1.2520380470875694,,-2.097636921445968,,,-2.4937244399631315,1.8435412305524104,-1.1961408756919982,0.0,,8.017451331689175,,2016-01,-0.5,2016-01-25T01:30:00+00:00,2016-02-18T01:30:00+00:00,df12a8ce0b93e9e7a368255fb0ab3d4d4428d0ba8e7373a4ea881fa33f606583
1.5370089224738526,,3.819180869479678,3.454981464834281,,,-2.1364613076441916,,-0.8917814712687162,-1.7102907899662185,,,0.12158193079280305,,,-0.1108340373918774,2.099102883726428,0.11964659667589328,,0.0,2.666824708216127,,,,2.8036432223283163,-1.941842587559509,,-10.617401987189922,7.290516742045042,,,,0.5997019472374265,,-0.04640758940176658,,,,,0.6240269860084673,-30.584937640722988,,,,0.26835362088543735,5.929811633169369,0.6758936653372848,,-0.5455550901537026,,-7.581711356906926,,,,,-0.3714024696371593,0.02157322770818698,0.8296146938512765,,0.0,0.0,,-2.614913564244932,,3.3711057342311874,,,-3.4590719079950856,,5.303336315002817,1.6529301951210507,1.8206712195622092,-1.1576890488867986,,1.3106347505300584,,,,,-3.253226360489829,,-0.3135500889120859,,,,-1.3657072907412784,0.0,-1.5873349156290122,-1.244645472377577,,1.2684259012392145,,,-0.15577675153579684,4.083670570296092,-1.1078433395649698,0.0,,-9.7458894230133,,2016-02,-0.3,2016-02-24T01:30:00+00:00,2016-03-10T01:30:00+00:00,f2d581ddb278c56a93649a896c99abe940908f6a9e9bfefd560cebf1fd8889d7
14.937517459981148,,1.2500162764231468,14.134348490829721,,,0.7669536368453236,,-4.225124164544276,2.4692612590371414,,,3.620529881050153,,,13.628842393112379,22.07254832958524,9.581037452843406,,0.0,2.5975486403260737,,,,2.8987536873252187,1.5578715825058371,,0.4826133583647135,2.943781509745659,,,,14.60074275874452,,4.843820686759282,,,,,0.6974069336073403,24.51224580329849,,,,-6.1297225452069455,-1.7651075164215855,1.2755113888798317,,10.259914842471481,,-5.197195067420223,,,,,0.0,-0.8829003295260731,20.815559581304875,,0.4338401598598141,0.0,,1.7378004466655057,,4.852704089466038,,,0.3187946476187397,,6.837270173017274,1.6260520871780326,17.26445877447462,-3.4594733723994673,,14.548515169555158,,,,,-5.056303115010108,,,,,,1.8677719117157487,-1.8954586428177984,-3.0459207484708575,9.823163697801535,,5.347554672124611,,,3.9400579453150506,5.3503395917276215,-4.114924829325345,0.24394185111516012,,-5.109668266230464,,2016-03,0.5,2016-03-24T01:30:00+00:00,2016-04-11T01:30:00+00:00,38ee7231c1db5540a804b76e84d9d6b4a9715762a2c43830c6389d9cfc571742
20.261999805134398,,7.488850153415588,-5.396200074761316,,,-0.36421101877375917,,-3.021311585832097,0.0,,,1.3996640502850992,,,7.92670352042151,12.450419988887104,4.222176657598007,,0.7423358957411632,0.0,,4.221475240555868,,0.0,-2.06483003776205,,-2.8918722765274265,4.944924425930659,,,,-5.106421278285513,,5.441722411296746,,,,,-1.3096975191563343,0.0,,,,1.6110820272698272,-1.9968954874094644,2.1354008176229797,,0.7528266420791587,,2.435529110280164,,,,,-0.2625006799684223,-1.7978444085057703,12.777364327334348,,5.516026687712085,-2.324850064564829,,4.740948965863328,,4.628075256400618,,,5.926203814737974,,-1.3608430635204702,0.0,17.643822446534642,-0.8795421997020026,,17.88515901805908,,,,,1.4227866238702016,,,,,,-1.298608595307593,-2.22151737015636,1.8386626250439246,8.28936507390892,,-1.911568175267259,,,10.622608598951588,3.048765420191741,0.2684310283562554,0.05744683453596432,,-3.060784508624156,,2016-04,0.7,2016-04-25T01:30:00+00:00,2016-05-10T01:30:00+00:00,55e1f9782be39cb2a68bab093acf70401aac0918d975196e28c9bd33209bcfcc
-12.251221085231695,,1.08674293275813,-4.977453539901247,,,4.2389158573722385,,0.7929288266550075,0.0,,,-5.233059416579315,,,-1.5237675196890905,-6.415388951141937,-6.26263301185353,,12.772437374423118,0.0,,3.0834919777007244,,0.0,2.1622654075472836,,3.4840545324103633,1.8431874596184716,,,,-0.34042354289833915,,3.8540716156449406,,,,,-0.8761818620935679,-6.744128079553254,,,,16.511109684786092,-3.5695853186738584,0.713982756026841,,2.9073247485707165,,2.554531636320195,,,,,0.050860389330650464,6.723353751008719,-4.075811862197858,,0.8972327727577827,-0.9869102338520107,,6.207329302393627,,4.902942724031861,,,-3.9706241420291173,,-1.8907293806876562,0.0,-6.760406371396666,2.5009392394849246,,-7.447012042117908,,,,,2.324676963378501,,,,,,2.32884908748365,0.0,0.0,2.687510145359133,,-3.052700217789398,,,33.98678256223512,0.18918413253119132,0.9632484705645264,0.0,,-3.366858720170989,,2016-05,0.5,2016-05-24T01:30:00+00:00,2016-06-09T01:30:00+00:00,67a8e8ef4381dee8aa3d46fb552412ccb3ab7f6dc0b7ca8dafee339196e94275
-9.871506562123026,,1.0874664218764198,-1.1956366608886653,,,1.6448898086361727,,3.5430262200022002,2.4097551579060523,,,-0.040597230924310695,,,-5.892187067143931,-8.475603151442375,2.8589391089760015,,5.482422357743284,2.5317807984289784,,-0.04049402768433695,,2.8170876966696223,0.8519827112315878,,5.343020845019403,4.307520336854676,,,,-1.1151384649160319,,-1.4106575284530267,,,,,-1.2588772965408452,-16.828105272553735,,,,15.278171434731666,-1.230291411098715,-8.325612057263003,,-6.298169573689383,,-1.5552519564349583,,,,,-0.08478169223395593,5.758415753142114,-10.037357439881392,,2.9996250153795145,-0.9225725070639549,,1.2208034421889877,,-4.401688541677421,,,-5.2499952446442615,,-0.9820234165240569,4.725288485054551,-5.497933027675913,1.7093199266837475,,-8.355631061094943,,,,,1.576104301469688,,,,,,1.814901630263232,0.9376195628555234,0.0,-9.207164154643376,,0.10001517917764707,,,-6.9632666774290914,-2.2555088808250767,0.7303916169809175,0.0665970101889543,,-4.42199109167407,,2016-06,-0.2,2016-06-24T01:30:00+00:00,2016-07-10T01:30:00+00:00,20c9febb4665d4fa592006f90fa292f4b23a9197264ba9c51997947a2ee6adc3
9.550399703528315,,0.0,6.367991548594648,,,-0.810933774389527,,0.2608673984497671,4.515544867309577,,,3.8414352145444934,,,3.697489916788087,4.9163455200783455,12.983744104772285,,-2.745302678130087,4.592893188839973,,-2.5432051562107634,,5.248702605075813,-4.644611909494151,,-3.1858814165457807,7.459389906885591,,,,3.972456497847017,,5.778852729029403,,,,,-1.2992158293653,-13.471142658908997,,,,-2.909984435926443,1.6569165278058147,1.4344553203776949,,9.336532970062429,,-4.335699616586517,,,,,-3.175417043549226,1.511522681773289,8.933570181570282,,-3.8968577881373014,0.0,,3.458312440219176,,-7.2570692834835375,,,-3.9418101054043775,,7.6254720463562755,4.688358589885046,2.2348344433022915,10.245821838610802,,5.8354518636999115,,,,,-0.04826618896398746,,,,,,0.9688088911826594,-0.7204642115047506,0.0,1.4296487735504613,,6.330680119441134,,,-7.793065391584923,-4.040783009105889,-1.1825294412731078,0.13535371822947576,,8.078969099100906,,2016-07,0.2,2016-07-25T01:30:00+00:00,2016-08-09T01:30:00+00:00,5651476cd8efa8790b10cb5b85b9aacb955c4c6e04c6e7dbe2058e2b022f9244
3.5324476382650087,,-0.6199605796865539,-1.539432928924357,,,-3.332149469053708,,-4.424394224284126,8.231595257155158,,,1.5145765807994842,,,5.1128985234677655,5.336718623993816,1.902552985273348,,5.338277656511326,9.078489142742226,,5.653503719638505,,8.267498084385803,-3.0480436309654686,,-4.554076524567615,3.072771401154209,,,,1.7711205030715247,,-2.1342356695456037,,,,,1.0471299867295436,-2.422043189378881,,,,-5.536839250780292,6.246148207606525,0.8241209080877372,,-0.9315249971108077,,-2.8006071231083625,,,,,-2.9318494909635517,-2.509000426121405,2.4812319874702764,,7.533622205224774,0.0,,4.549958407136601,,0.5361943141385374,,,-5.0560919927366195,,6.288056661967557,8.845386712398879,5.792729515556832,6.433705293173587,,2.6332374344236276,,,,,-0.6068190980958907,,,,,,10.514805743366804,0.0,0.0,8.596125187148562,,-1.8552795848065011,,,21.046154620678834,0.33300828844812275,-1.6323590932772063,0.21527054527725856,,-1.1383007928467748,,2016-08,0.2,2016-08-24T01:30:00+00:00,2016-09-09T01:30:00+00:00,56b4c0b221cb6795f4bd6e411692bc41429a539c252df2cbdde51c36524faff9
-2.862586707851083,,-7.971838830405252,2.0907947476133106,,,4.903492278497329,,-0.6020085070937733,12.75398889175849,,,0.4192788795004073,,,-0.2390366128528755,-1.425413889210085,-3.0791376592525155,,20.38400884019591,13.902217811755829,,4.716227641483832,,15.043455906614353,9.337840145969254,,9.976925045699293,2.4062291963739444,,,,0.018230828381199844,,-1.3848713272066422,,,,,1.6686918785014735,0.6430890330290331,,,,2.2671588614231344,2.8169665029845516,2.060694525678074,,1.132969060977166,,10.883611503245382,,,,,-2.524498979912974,-1.1597860124000947,11.096081030875785,,3.6923829028497224,0.0,,9.516471467933195,,-2.7101929777791267,,,1.2760769736104798,,6.455630548974783,12.584267868343503,0.8488188443663407,-3.625770659959922,,-0.44908793625530136,,,,,-2.0425145783065877,,,,,,9.27258703379239,6.304608479787202,0.0,2.860548815918012,,-0.9900523273531608,,,22.948973797254542,6.9894295492254885,0.5550386267556453,0.0,,-2.326688325867103,,2016-09,0.5,2016-09-26T01:30:00+00:00,2016-10-14T01:30:00+00:00,14fbcf9714c8da60c2e912b24147cc8afb34c49ec5d385ce9cf81da2bcb0e8dc
4.532219541244849,,-7.843299048977161,-1.1311644301860644,,,0.4776454155227141,,-9.906877198598837,10.582166392516385,,,2.4087665643742517,,,1.2658860002020604,3.1319835990923526,3.1196066236803435,,14.13295163161323,7.948789023803732,,8.125200211131183,,7.981785503137358,2.7948935429709363,,10.140944391680657,1.588204096170223,,,,2.3485074866978044,,6.744666631208932,,,,,1.3696164007411273,14.310084364067324,,,,-0.4692728680174814,9.359271235656001,3.443740447000238,,2.2980114381347936,,10.822296410747057,,,,,-1.1157716870653134,-5.046143231565859,34.20832990251646,,6.725818091403594,5.376798561997,,13.924315531295417,,-13.510248485656382,,,5.177775140146651,,9.866120658316797,10.367663427001313,3.106973189841618,8.190778991007052,,4.042426377246121,,,,,0.4081512112986679,,,,,,-1.2818958427768212,4.51304188574854,-0.20263431452324726,5.204734326349298,,2.1932332942220105,,,16.456585039252097,16.15831130633883,0.28826359135295304,0.04116920601581026,,0.19858211971206216,,2016-10,0.7,2016-10-24T01:30:00+00:00,2016-11-09T01:30:00+00:00,5c8e2a2f93d13fe1aeacd384acb89428f10f4c5e8872d1bf9cdb380bd677e14f
17.15844575747575,,4.433096466875583,19.64481850253261,,,0.9603328607315591,,4.767542374583969,7.588469752487267,,,5.6452020663801425,,,8.615968499603124,16.429097348605477,10.297047595303734,,21.663325780702877,6.266373643530394,,5.410356838522736,,5.839982578422798,-1.5743382508715609,,2.7930442434767895,15.369597621800605,,,,2.9759439651834123,,11.097948097245165,,,,,7.207659488493078,15.415067982725835,,,,2.3611630844312734,12.714710394371473,3.427896749906177,,9.716987521011216,,1.7865012251816117,,,,,0.0,1.4009594797951215,-10.913217994587523,,8.558390650999117,5.169138822586626,,19.893177488185803,,4.30835861363117,,,17.281846742669398,,15.831589570576677,6.592615011616671,15.388679656768042,-0.4066133340528025,,14.1277400993356,,,,,0.8786538863557285,,,,,,0.8047924951330044,10.60107908800076,0.40485885260003324,14.554720482101327,,17.209877010709494,,,27.318327597124476,4.638358068004596,1.5063441479341713,-0.11440078125003758,,7.429689247465303,,2016-11,1.5,2016-11-24T01:30:00+00:00,2016-12-09T01:30:00+00:00,4b96a5045a8ec67e433d4ebdbba3a4d90ec66907ce9f50dba5ce6f674ca7f59a
13.892009188941987,,2.9877647498571034,3.3521709658236483,,,1.1489346256208885,,-7.097077849683914,0.0,,,1.964718848314189,,,15.672518603779196,13.705685225476708,6.202182977394249,,5.264373348542188,-1.8440592324120189,,0.8144693989226651,,0.0,14.246838273215667,,12.009997154574942,5.507506304059869,,,,16.729147338831655,,-13.06312213595772,,,,,33.056031761978375,31.028190436902186,,,,6.37319651637586,13.476937241121037,2.392822841976308,,27.173196662216327,,9.167382186956715,,,,,0.5454940444530609,4.829658074381393,23.119061854044652,,1.5281756926766223,0.4549245016371129,,-3.3007688877727794,,1.7910926566530025,,,3.143614947628043,,-17.433893972255888,-1.005033585350145,15.782506408923869,0.268897971184559,,14.086386461040348,,,,,0.5445033242670673,,,,,,2.6521111744862913,14.263225210768985,0.20181641562371952,6.210656782969292,,3.4640657572827713,,,-0.041099409774536584,20.864281183840593,10.359676403962057,-0.08474091546328148,,3.523838551648123,,2016-12,1.6,2016-12-26T01:30:00+00:00,2017-01-10T01:30:00+00:00,8c9aaca886f317ae3a88d4ac9a2dd7417f2262d097748ccb1727fd3a09f0a1d5
-5.47593345557001,,-0.8564911645312988,0.9673825357702507,,,,,-6.291382541056932,-1.3474996734865612,,,-2.5380290596300736,,,-0.2569741299339666,-4.375261260636204,-6.142080371854341,,0.0,-0.23501773449535157,,-0.22738356394427592,,-1.2624813185716992,,,,0.7367041431025692,,,,-4.131167052775466,,0.009903516899308256,,,,,5.440905066245443,-0.49002548178399563,,,,-6.754219030899527,-8.914499489322617,1.081838149280782,,2.249573335952973,,11.061589316143685,,,,,1.5822458002754436,1.3656022066885587,25.135943908632008,,0.15463123538840537,0.551999635237013,,-2.893393050480295,,4.625101765075569,,,10.731546501769609,,-8.234006022092688,-1.4037459675588475,-3.4876201941213756,-0.7855042861745671,,-3.7519020907476124,,,,,2.89045262202433,,,,,,0.49728558933983763,1.8861484393395183,0.0,-2.0746601450323108,,1.1002915345437518,,,-10.701190214032884,-6.2374866393636506,7.695008615094485,0.04352457489079481,,-1.6195067880810918,,2017-01,0.8,2017-01-24T01:30:00+00:00,2017-02-14T01:30:00+00:00,59c5ec11329d75926f8130b076172d147df6d678bc1cdc5b9cd9a3ca72d9b489
7.681060053574379,,0.0,10.136372644724254,,-3.3672876941228456,,,-0.7090552042003165,-3.103970487952519,,,0.5133749592429135,,,4.289429262168459,3.6974566806871447,-0.9356742978997882,,0.0,-0.8438868645864595,,-0.881926343408136,,-1.5026718144793128,,,,4.345504978481317,,,,1.1718820709208866,,6.085715906544699,,,,,-0.34756921660220563,-4.485056616535179,,,,-2.2140442147307513,3.590346082192339,-0.08016032493366322,,9.324174663668645,,2.0455070107367113,,,,0.22317143434780815,0.0,0.26992538730678634,2.3786091578965105,,-0.6821731880924566,0.0,0.2326910702367878,1.9995203172210616,,-5.218575317057019,,,0.3083912842516962,,4.292689027519051,-1.6734198991165212,1.7139742845755066,1.2935940088918374,,6.836283522430622,,,,,6.899779726774932,,,,,,-0.13716079352266664,-2.3935061994096394,0.0,3.5158082335758962,,4.170631554160302,,,-10.139062072577813,4.32345047747338,1.925856286062047,-0.04352457489078419,,0.06655363359100659,,2017-02,0.6,2017-02-24T01:30:00+00:00,2017-03-09T01:30:00+00:00,cbf402fb14033725be6b32181cf8620c7e4e120b79c903013c012e24fb7fe37d
7.315717102217058,,-1.1820675823494082,-13.615169462833792,,-2.5478865675371956,,,2.8921701921452816,1.8486582247092702,,,-6.356271004002452,,,6.484488870745168,1.8848053648864522,-8.656841956240713,,-6.16935690053399,1.3969763496220926,,5.861550283444894,,1.851904776723753,,,,-2.587809367371886,,,,-11.934948490157433,,-2.8589162824265966,,,,,-10.438149862782744,-2.79087881170765,,,,-3.5758390314568067,-5.806774845084801,0.7911493854257191,,-24.882049625300823,,-8.568348433887596,,,,-2.366155080512227,4.365550493943303,1.1925307288337765,-25.532096034837785,,9.094472229468495,4.2252216448413495,-2.7808728699239156,3.308988528010199,,-7.410797215372196,,,-4.8345184249154505,,-3.6219600489926833,2.0619287202735608,-2.855995197439383,0.12230067637213071,,6.341952306542861,,,,,6.1694158413382665,,,,,,-1.071075061796165,-6.805013913494154,0.4024150299725327,4.103244038937015,,-3.3412221411566274,,,-0.5839803317158008,-5.755149311388238,-2.5617011161225136,0.0,,6.25981180389235,,2017-03,0.3,2017-03-24T01:30:00+00:00,2017-04-12T01:30:00+00:00,4eac1ac9d20667a1ef3a8d9646839100e002be7dec119a0e98a412a17828e281
-11.626123566346735,,-0.861501751325047,-7.574513450402433,,-1.0778463369201732,,,5.787505006805929,5.334393001426127,,,-1.894668873079322,,,-8.876542945131707,-10.680938155549777,-0.0011809652028740793,,0.0,0.9150716876752267,,2.0821327813585735,,1.8182319083190328,,,,-4.994314676839773,,,,-1.1814977317265134,,3.173095007110853,,,,,-23.387022982501467,-9.368885335523611,,,,-3.065739265636855,-9.259146435343911,0.3517201969365555,,-2.946806225690798,,6.3286875491959815,,,,3.7585227298285626,0.9809342961625441,0.12710291050084987,-31.061221170088732,,0.8486613877318725,1.2272666756723085,1.8809601832763954,0.13596195160394303,,-1.9418085857101512,,,-6.618901970003864,,-9.94136400838931,1.7799822701209083,-17.79788073598177,-0.04032348449538086,,-10.649913312080592,,,,,2.680336746234182,,,,,,0.44822433488997593,-7.218760308846327,0.0,-1.9097181451074603,,-2.421741177946957,,,13.26397296140408,-3.4212539181607613,-1.1344971455958601,0.0,,-1.5716708745219676,,2017-04,-0.4,2017-04-24T01:30:00+00:00,2017-05-10T01:30:00+00:00,749802441fed497649dd5d13e410cf90006a3718575bd328a7e6c645055bd68e
7.179642839497677,,-8.380096808817918,-6.8599070770061745,,-3.445614149889727,,,2.8845504027917936,-5.85683541510673,,,-2.772694853432712,,,1.6939421802069674,-1.8890657094693304,-4.702852530753408,,-4.3761917923748195,-1.4681611727108648,,-1.6807118316381289,,-5.957787255234966,,,,1.6458504774596614,,,,-5.856847096320111,,-1.23880437477334,,,,,6.748871050076581,-4.796166370779071,,,,-3.4420613394104653,-4.102932923327153,-0.24569572564668596,,-5.290403510532923,,-10.11864771870173,,,,-2.510129563203633,0.0,-0.31685856703057746,-13.392429065899009,,-1.7619097440591185,0.0,-2.4037232992909976,2.8437935320533625,,-10.318423623523074,,,3.2791847936422402,,0.5937383379615767,-2.209474698408995,1.1441982448642005,0.5528685286273268,,4.837055516505414,,,,,-0.025251250071045284,,,,,,1.0858296113467116,0.7472223950416328,0.0,-2.7350058700897004,,-2.189777324752192,,,-7.343915036978903,-15.192865333021546,-0.5831269643994911,0.0,,-3.2069584861507643,,2017-05,-0.3,2017-05-24T01:30:00+00:00,2017-06-09T01:30:00+00:00,35abf6cafa5624e241d8ddafa30aa1c8327cbe31c4f24197a7a38f9e943c2927
0.5548769846596677,,-5.684882574808544,7.566085073214107,,-3.5212680064109345,,,-1.0376621521020188,-5.112622396697977,,,1.4814117506747708,,,3.2374243856339975,1.8802243673478356,2.287163531717582,,-5.1548261880576645,-5.1735674399188865,,-3.6721527472988584,,-2.7728388206065544,,,,2.1357797741011897,,,,7.3844119909447015,,-1.9261775507265204,,,,,12.391128143273372,-16.149643452116493,,,,-6.5434565129014315,7.989224771130586,-11.154848977165452,,0.5612560423681815,,-13.545985781511696,,,,-3.3482412555558194,0.0,-0.4312895959760127,-17.06188541667311,,-5.389203274308361,0.3434462448634697,-3.1968049969275087,1.3019308890921406,,-0.7272759329079921,,,3.004235269058457,,1.4758472775430747,-6.193209639798739,5.937486560686626,-0.019101467050749138,,0.30848634229012656,,,,,-0.970678145471105,,,,,,-0.38457825321965466,-8.157155285635124,-0.2010050928024112,0.2132394651890174,,1.278267446675299,,,-8.944716570151474,2.3821432544901393,0.19008939922977192,0.04352457489079481,,-2.8946222620976974,,2017-06,-0.2,2017-06-26T01:30:00+00:00,2017-07-10T01:30:00+00:00,56a161c084bd4e18d8ff3809a16e2ae0bfe9941c552b649d522b8f260b5fa2b5
4.172971164164316,,-4.240384974266712,3.665659928745672,,-1.2222903243142549,,,3.8237224647601096,1.8865361748758414,,,0.11670630241875637,,,5.172310854626565,8.108956481877199,0.9728101375459979,,2.2250608934819724,3.273272727357337,,1.049461055041603,,5.060489390798723,,,,2.2377107731410524,,,,9.871295310032652,,4.081815939353301,,,,,11.786565218545597,11.157519614579561,,,,5.603114047158954,3.3466502528041584,1.6033921674282172,,-4.415179872812123,,-5.8042158541776665,,,,-3.584143802164556,0.0,-0.9632373004167232,6.1701261487532095,,1.5313315301310284,-1.223033067590053,-3.4003153564319772,-4.313088476948455,,1.4493007302566825,,,-0.7812539736793624,,11.531301642403186,2.4554324280300173,10.59508530556493,-0.04904380601799441,,4.893682532467104,,,,,-6.880709740955039,,,,,,-0.10454784015530563,2.9288707400483593,0.0,3.880653581265837,,3.2544948911889526,,,7.201542058949633,1.1568538361153589,-0.3223645507913937,0.04121634057250291,,-0.35730993576503195,,2017-07,0.2,2017-07-24T01:30:00+00:00,2017-08-09T01:30:00+00:00,fd324f642ca543fc5ed147c491e3e56bcb93e21be656d825b42b7ca072e256ff
6.012560376948567,,1.2840221587546015,-2.6882397181305864,,5.13191541405339,,,-2.8102105271086266,0.8163310639160836,,,3.204261314922132,,,10.197734596996227,7.68684341901385,3.9986305218569016,,6.548550536926712,-0.2229272980158687,,5.478292772803665,,0.930239266231341,,,,8.315705689480064,,,,-6.159020412009004,,11.355269947493985,,,,,7.679156397277042,9.24808527941651,,,,-1.5918811073784105,9.22729228635981,1.4345313077277502,,0.3581917618434464,,18.72170422729918,,,,3.7720579309401856,0.0,-3.220730729003617,10.528712068707573,,0.771746187142864,4.543900167255394,3.316099759539344,1.57876149915026,,2.8370697129215565,,,-6.65131372644422,,10.069418534081546,1.0582109330537008,7.615568850723135,-0.09114521720267083,,9.139262537841248,,,,,-3.676736427093558,,,,,,1.4860271510497107,10.934650913861367,0.0,11.547644102157303,,6.2220271154536295,,,11.292736968433262,2.269991847366125,9.099270489169898,-0.041216340572499274,,0.6781212211474544,,2017-08,0.9,2017-08-24T01:30:00+00:00,2017-09-09T01:30:00+00:00,1bf8874cac901f49aaf2ea8f59c1f78c9e50f110544abe3d6868b5248f6fec47
1.352884520774822,,0.1986307176278472,18.895627469602193,,2.247406900923344,,,2.763231842822227,0.0,,,5.065664540993917,,,2.525540907836851,4.915440702758959,8.405136664299736,,9.458544248986781,-0.32671338493260366,,-1.7827938565465078,,0.8115131218990808,,,,1.700850009825267,,,,8.457972234478882,,2.4214318601296947,,,,,21.60563494311549,4.08219945202552,,,,0.5017323789369786,2.958011482982563,2.2805727879518427,,2.1210199626659034,,7.141566614228586,,,,0.8738842567235527,0.0,0.627480599051898,11.668146418584605,,0.8538252960120115,6.723588500367613,0.6463390500388717,9.095385625581796,,0.0,,,5.600055687535509,,1.1533498996337583,1.835679414128571,4.073310805258775,0.31832764941882363,,3.418419835579346,,,,,2.2626826039767076,,,,,,7.025884382610056,11.75406260155845,0.0,5.788132827439942,,1.2171161561418846,,,16.215891705709335,17.131296278162292,18.296832419989915,0.0,,2.1044734443403024,,2017-09,1.0,2017-09-25T01:30:00+00:00,2017-10-16T01:30:00+00:00,c0d3b8c4773655f9622635ec37aab23677780a2f05865ebaa6217458df95a9ff
-2.682110883076634,,5.454262092936362,-16.366171259136845,,8.252789421373874,,,-1.9573578639958213,0.0,,,-2.3622115849996317,,,-1.6886968591481397,0.7637633193873357,-2.956980934027641,,6.453852113757116,0.4296646637580826,,1.9623271184139373,,0.6773481274759754,,,,3.0651174233889624,,,,-3.3993755815712583,,-0.5530378518108465,,,,,8.321089735585566,0.0,,,,6.184086324210914,3.9411382496566336,0.9344369566478548,,-2.222295719047648,,15.059452249220023,,,,1.8564284968510056,0.0,-6.381985299374356,-13.007560429607976,,3.1455486173496876,5.056948429499037,1.716157000786629,17.952628494764905,,-2.8370697129215574,,,7.744351371736642,,-10.879344507935633,-0.7885494273990277,-1.0747335918921608,-0.06803694604896218,,-2.7055642262884145,,,,,0.0,,,,,,1.4543976935043763,6.60617506780927,0.0,-0.46175586503562244,,6.518687703518228,,,-5.764954886283611,-2.2998839235655675,-0.10985323493430121,-0.3441317519347018,,27.786455385441567,,2017-10,0.7,2017-10-24T01:30:00+00:00,2017-11-09T01:30:00+00:00,7d5c6c20c86f22d9f2d64ea58202fd1ead714d0389d1f8b5073fcd62a565d4ed
2.962074381090095,,-0.8663756709503112,5.714256802426236,,11.225381801050096,,,-0.8904456885910634,-0.8163310639160981,,,0.7737551343024807,,,-0.006812375818683897,-0.7613674498663002,2.090668481931364,,-10.70981355563671,-0.5330594687645334,,5.750713230314321,,-2.4191005156064245,,,,-2.519698031167022,,,,4.90351450265889,,-5.376261950715708,,,,,-23.27885186733916,25.711976686914106,,,,-0.24215094843809032,-10.428215149409507,1.7103191180286956,,7.44452829958612,,0.06630661704889367,,,,5.9508992321257175,2.0737921982165517,2.6865441656651323,-1.344824613098144,,6.115923824189208,0.5701066572666841,5.791647768825132,9.561035347848904,,0.7168489478612496,,,1.7189558837883634,,-8.107873531205565,-1.0471299867295365,-0.7003856303721816,-0.6643567403120628,,1.2783684065613539,,,,,-2.809726033595375,,,,,,2.165853802184643,7.47600752091092,0.0,0.501075449503543,,-2.0900964193247966,,,-29.28700663570303,7.890345632820534,3.8659244675322104,0.0,,4.271103532615582,,2017-11,0.5,2017-11-24T01:30:00+00:00,2017-12-09T01:30:00+00:00,9ccae92e96e44141d2f462de9bcef7a762cd934507871b0256642fa905816361
13.474474567692477,,-4.825687924735676,1.6062034411854695,,0.010250177556696287,,,1.8442532176316924,0.09831231334206582,,,-1.1930429603060906,,,3.536065561827495,4.716994845994503,0.8006720321816768,,0.0,-0.7615128527252195,,14.038759795378134,,0.930239266231341,,,,-0.6013378543963125,,,,-6.121412621839835,,-8.111844579167819,,,,,-6.629042192720429,13.167380695105127,,,,0.013283740720908852,1.65075113491812,0.5533056510050446,,7.428350218443533,,1.4097898036176373,,,,0.7664781898740131,0.28430206067413166,0.6469666994764942,-3.465691370086208,,11.736724758351098,3.2078964431585275,0.3654135033418659,-25.179434088475926,,6.230388333615484,,,5.963769133099378,,5.90093333848068,0.12623607819855695,5.175902442779369,-0.95024664023929,,10.65765977957558,,,,,-4.688917107388095,,,,,,1.8133279323412739,-2.4775582133943868,0.0,4.539789223513364,,-1.0577647143485218,,,27.217197045520646,15.17506885314939,-6.104328540432715,0.0,,52.267727243667686,,2017-12,0.8,2017-12-25T01:30:00+00:00,2018-01-10T01:30:00+00:00,bb57a5398b20a3d6bfecb5afb8787b61a6b36a4969f869c33df0d41a31573ff0
-18.404598228994473,,-4.260482135354743,0.4015595333353627,,-7.531951634436136,,,6.349971418802956,0.7180187505740446,,,1.7370591314395718,,,-4.130525865451622,-5.684790930791865,2.4469667683577745,,2.5752496102414764,0.7615128527252122,,2.303411330140973,,1.8349138668196616,,,,2.2149976621993863,,,,6.2088192313421615,,4.304548176587064,,,,,-9.22715888003347,-2.4150460232283097,,,,-1.9922180168579846,0.7319026218880726,-0.3815312578017424,,-1.2457555823572088,,2.5108011986407095,,,,8.419825740445015,1.0537505302785921,-0.8835055462311501,3.275516479772166,,1.3220211428134518,8.18871594721843,8.850585924685435,-15.177888923849931,,1.3333530869465169,,,6.345402529765918,,0.668123357258545,0.9208939085309907,-6.440106134988538,-0.13001673937132327,,-16.43403273645894,,,,,2.5285704021202213,,,,,,0.16477744573221154,-7.642411024182418,0.0,-5.618235661262974,,2.792826807390629,,,4.802802637195984,-6.589136057821163,-1.3121176328776962,0.08499592760987694,,-25.633776280014388,,2018-01,0.3,2018-01-24T01:30:00+00:00,2018-02-09T01:30:00+00:00,c0326c5bcff57926e3435197ea0e747e754ea558ba5731491b3a5791e3daec17
-3.8119369322229617,,-3.777004163491307,3.1142940139141073,,3.1532741498859624,,,-5.030511110128262,-1.0437146278603684,,,2.9216082183354786,,,-1.3773624478611715,0.0306477281823492,0.4419701351599181,,0.0,0.05261773338973572,,2.40539206097916,,-2.8554459633463276,,,,-2.5815880907172692,,,,4.023622861460633,,5.8241493400897,,,,,-2.9676586804654597,-7.447002863848779,,,,3.1441978071707135,-0.46110622374297155,-3.0974521973021414,,-1.5131617992064212,,5.811942845097979,,,,-0.4531760645843066,0.8853968317254761,1.9599368931117394,-2.2383650319233213,,3.909764380354748,-2.9738549553559883,0.5775588329532447,-7.012637040641367,,-2.8710105882431254,,,-1.541985192247537,,4.857915167815698,-2.127739844728485,-1.3210934939206305,-0.17260610345963706,,-2.338708385247006,,,,,0.11216274465229738,,,,,,-2.1812801286745698,-4.030772348809287,0.0,-1.5259378648758457,,-0.5744926537702368,,,-15.145095827246568,5.360426611798939,2.657698483394389,-0.44108596864349475,,-13.614391478985477,,2018-04,-0.2,2018-04-24T01:30:00+00:00,2018-05-10T01:30:00+00:00,8bca80a5eb39979f299938ff73e928172170590f0444e5891d3cf9583861d12c
6.52954938052412,,0.5922715885388147,7.078297163084561,,7.968150124013464,,,-1.742175252314359,1.3514819397166113,,,1.3269554454589283,,,-0.2624155332372607,3.749759872693015,3.314753371888864,,0.0,-0.052617733389726744,,4.326215316715486,,0.7072570817563586,,,,-1.4286964156739732,,,,2.5281869838522435,,0.2054021467769661,,,,,17.17863994957202,-23.301467110947282,,,,-9.29692199226621,5.3199899554096906,-0.8953409214380382,,3.8606576920319537,,10.072442421783766,,,,3.8491243875409724,0.29339874347875705,-2.2076521734312196,3.895806108219239,,3.6257748022624368,-9.980916011446519,3.6115419242371614,-2.7255044165013644,,-2.9558802241544506,,,3.7701213424682947,,5.5465656453120165,1.069528911674795,4.421346522015524,0.15774913406027744,,6.379565240780105,,,,,-0.8268587052236616,,,,,,-6.739416993626904,4.91573387650754,0.0,0.20392029402361644,,-0.08499954486666654,,,7.506036780782495,9.552479510721955,-1.1498933964218958,-0.4222287458267969,,21.556574866708534,,2018-05,0.4,2018-05-24T01:30:00+00:00,2018-06-09T01:30:00+00:00,30adc0741d8a23162c1061aa63fa86e0026062b4ffb05ba335905f97adfae06c
1.1528206083129033,,-3.1738298015270643,9.920303630498207,,-0.6651594369378123,,,-0.6817119840199708,3.340005120815802,,,-3.2715339991761536,,,0.0093008115025103,1.2611702541356293,0.309882950452338,,0.0,-0.881062968215492,,-0.3677826874588563,,6.453852113757116,,,,1.9816546246134321,,,,-4.178183194237272,,-0.8255314595564207,,,,,-6.234416473612564,10.291753400668636,,,,-2.8686572994565758,5.491355626245251,-3.09548032599215,,-3.174718325986034,,-1.9954760565216663,,,,-0.26283987165709977,1.1650617219975274,-2.648127758551371,-4.694351207249723,,-0.04566210125002058,-1.5419570929170467,-0.5149144853032541,-9.146947874385,,14.842000511827322,,,1.0502071666910642,,0.7310467521262141,2.541886670747245,2.3308823740568205,3.7474234977943617,,1.686003070230139,,,,,-0.7676397868001201,,,,,,-0.4032638774498887,9.55575572047245,0.0,-0.5134529943009446,,3.7935082668023847,,,20.450500241767227,-8.001290363508703,-0.9085178260585448,0.0,,-14.347036689617317,,2018-06,0.3,2018-06-25T01:30:00+00:00,2018-07-10T01:30:00+00:00,7960150c8b0cae191c19f5b27652c4041ad11e98abc87f93ecde0625be28dc7c
-0.5163960805624663,,-0.9645245149215779,-8.735107196442032,,1.4915429832986904,,,0.07346500853147227,0.10943485810364154,,,-0.4777434160660229,,,-0.19316931589947625,-2.1368285983423556,-0.08403138375076405,,0.0,0.0,,-0.8634567029479207,,-0.3398625934806973,,,,-13.677834746907713,,,,2.169477898095444,,-3.915588900943725,,,,,-0.8020871960185411,15.944673046080467,,,,4.967405174899212,-4.732112859773873,2.1961569283465074,,4.400830249271823,,7.439620504789424,,,,1.4254691802869324,-1.067453124691985,-0.694054920723285,9.38878610031378,,-1.2408247435418647,4.163528221934188,1.8059181538397246,-1.0402926928814238,,8.26917158451134,,,-3.511356981747524,,-1.3629763786009221,-0.43654575096400744,-1.4561972619271735,-0.5315610552303359,,-0.42871278222582154,,,,,0.937738680343129,,,,,,-0.22404789058522728,0.07328744302267304,0.0,-0.7780495895412689,,-8.740537163814887,,,-6.341739965101109,0.21111158046531642,-0.49200793655252795,0.0,,16.572132291669053,,2018-07,0.1,2018-07-24T01:30:00+00:00,2018-08-09T01:30:00+00:00,98535543e9664ba08639c5921f02ea56550e7248a4e4a6c4c5aa275a2cd70c6a
8.01455382247705,,0.41652019271987156,6.405243928073522,,6.769082197987429,,,0.04518242480569558,-3.7085494356270385,,,4.196215818065981,,,4.199355789026879,2.4658535720211368,7.27365777907539,,-2.575249610241474,0.5823717156634772,,-2.6105900206442505,,-6.438324441622583,,,,-1.388642060202848,,,,11.91223801302107,,3.618602744595998,,,,,-5.0633329025641345,15.634607039069405,,,,5.352920521747773,-8.865741278731216,0.43023155420597603,,11.105387974967151,,10.979738224525008,,,,6.0970255147168615,,-1.183959955068983,5.805550468152295,,-3.577693877442708,-0.2851154971270855,6.447924742293856,-0.7817774907191877,,11.24779834266903,,,-1.0026771954096183,,5.821279681554802,-3.887077438899346,1.944473937470119,0.022517591963772697,,6.784962649890132,,,,,0.8710421517940815,,,,,,,-1.681266381034785,0.0,2.9380343720083637,,0.38095910391611915,,,7.317718479265315,4.2829047264289555,4.782981277364674,,,-0.8038329687214071,,2018-08,0.4,2018-08-24T01:30:00+00:00,2018-09-10T01:30:00+00:00,c6085dd55e6af4a56dca202f4ee5dd1b806a812274aa807669c42ba370987af5
2.075937919670735,,6.384148549281156,-2.8908590383749146,,7.768085143994323,,,1.6686651809688975,2.03843026328592,,,-1.541490025219236,,,1.3159398569754586,0.590419129107487,0.6656796491151447,,3.2088314551500448,0.2986912525520018,,-0.8941175928347913,,-0.03822630015966087,,,,3.627687040606251,,,0.0,9.674084781587364,,0.6205932083308348,,,,,-1.155386006999468,12.663265093336602,,,,2.7005340240635767,5.840450446599026,0.6601759989129339,,-4.215895675735576,,9.564436191488893,,,,6.92084821031517,,0.35992840296468215,5.6333497743613545,,0.7163354413564044,-1.4464198035542966,7.282474714808979,9.37903064058511,0.0,-3.6105004642116323,,,5.168427379593664,,-6.296768243085819,1.7817365191161054,0.25567649374314283,-0.15083950347820105,,1.4947510694427515,,,,,0.5742196016341073,,,,,,,2.3677675274908916,0.0,1.693539444919092,,0.06642665839349662,,,12.550154098099084,8.606523539368345,1.08853123617125,,,2.378704820282723,1.2537606716526073,2018-09,0.6,2018-09-25T01:30:00+00:00,2018-10-16T01:30:00+00:00,e367bc3e7f50f6cf0e052f46f19fe20395256a2cd4483424ff74e9a499effc4a
0.30058713872541676,,-0.21172080621612255,-4.60695326330077,,3.295012972244448,,,-1.094371614497517,1.997707016969628,,,1.8196883367420476,,,-0.8168189651843911,-2.2419340958497602,9.927152049499508,,1.9926458638050624,0.0,,2.0572154075208315,,2.641164653484837,,,,6.131610656857189,,,-0.6960584947623947,-6.37249343046305,,-2.6419508906971796,,,,,-8.457718301795179,14.50002674356601,,,,9.498385146534385,-1.6223303188091471,0.3689367870913927,,-0.6153865574378223,,-1.1212271874768946,,,,1.1584124829019817,,6.964589719583482,-8.618711241745414,,2.4210842919191657,2.5903390948847895,0.8978889909915062,2.3407041206125503,2.1093783059799627,0.7326040092072881,,,5.339544439524462,,-2.3895647136050364,2.1053409197832265,-2.1193330164352013,-0.7727775626284966,,0.3563772831025443,,,,,0.11115762883005993,,,,,,,1.6575332810132852,0.0,-0.7411069155003598,,3.1364851151758377,,,-7.125748355137787,2.3512533542716634,-1.9651133047772045,,,1.9667293070684493,-1.1854185858016464,2018-10,0.4,2018-10-24T01:30:00+00:00,2018-11-09T01:30:00+00:00,d0b1762582cddc6992a2180076c1288e299a04ac23149a062398629872ee0670
-2.997645067660208,,5.008795845619569,-24.22333488463954,,-11.447703332868041,,,5.398448237644762,-0.3275878446285154,,,-3.107794717288103,,,-2.5915827127892666,-4.776270363768951,-8.288370413303635,,10.832787688562815,0.0,,8.594242980072462,,0.5384842646906275,,,,-5.271047285758106,,,-0.29146042200807826,-19.062062661474634,,-3.0187105172560935,,,,,-8.583132068911556,3.236272957427854,,,,-10.013732316030818,-0.41577647698467113,1.7768440997742594,,-17.09873395865935,,-26.130156608660986,,,,-13.836969178146255,,1.8811539533676882,-9.527990609677905,,7.341102706801303,1.68763009239013,-14.903445375822674,-4.153691561843176,0.0,-3.7179003241754014,,,-2.0842163635604023,,-3.629908808367565,0.0,-6.982579596576896,-1.0125383889539983,,-3.3597493823027667,,,,,0.18225050093326456,,,,,,,0.5259595793067227,0.0,-3.824915884967112,,-2.0599466385816516,,,9.445367587390495,-20.456809149533576,-3.278241979081467,,,0.11160715444211294,-2.1596670882892863,2018-11,-0.2,2018-11-26T01:30:00+00:00,2018-12-09T01:30:00+00:00,9f9f5325db27028968e30713e0b7c8f2415c6db5f5e9ebad0cc6de0b821cf546
-12.007130799299908,,-1.1308682714354419,-4.815575268384556,,-14.242826084953267,,,0.22846223044499522,-0.3913899321136329,,,-0.6772760103861956,,,-5.110122677916211,-8.21598047623528,-6.812714408728782,,0.0,0.0,,3.4239825865511344,,-0.46403795565022254,,,,-1.0176610474031118,,,0.08869387193326612,1.1574314815337443,,-0.9891118394849633,,,,,-0.12244464902895114,-9.143420595963184,,,,-8.71864900839503,0.1954961335443277,-0.5301457359319492,,-11.984663267421723,,4.1023247727513015,,,,-8.038430931439086,,-2.2805287131183225,-4.550449650702388,,4.41139374109076,-1.5051482899272233,-9.637631569978224,-7.073927230239054,0.0,1.5037877364540502,,,-5.771972488200765,,2.9513714207149677,-0.5221943981151712,-4.567767023645219,-0.5691207442322825,,-11.57116249127141,,,,,-3.7366540091012563,,,,,,,-6.733673053253693,0.0,-8.045717150304295,,-0.6566538033333256,,,-19.30260596180374,-15.100805777510898,-12.542436212766702,,,15.482291020775598,0.68307140552503,2018-12,-1.0,2018-12-24T01:30:00+00:00,2019-01-10T01:30:00+00:00,4953c79915a7361af97af4bc0be2b8b1d7327067a207b89f81e513c7117e2356
-2.4087618219486484,,-1.1180280477013673,-5.0479899565400315,,-5.6094691916060615,,,-1.9993697929204794,-1.9802627296179753,,,-2.6082849061907853,,,-0.6116227017436205,0.07240942673303541,-1.7079442209432139,,0.0,0.0,,-5.404245316169116,,-4.27618593380817,,,,-0.5878559327070544,,,-1.2323954994127908,-1.813270726634856,,-2.4023728095992123,,,,,1.4070211755285777,-25.28353411216128,,,,-7.233900853557492,-4.293690542488106,-0.8347762887765237,,-8.564359897410144,,-6.0528778484446555,,,,-1.2250546164074811,,-2.1460769791627023,3.3756187331598824,,-4.454562315039803,-4.35293105905823,-1.4728125412767272,-6.475424599251446,-0.5708864220320204,-13.56658651531553,,,-3.2199234633694984,,-2.2356724131231758,-3.7337670437644235,-1.3983687726614746,-0.6949969093243958,,-2.875260787636972,,,,,-8.075710639170122,,,,,,,-6.55160895357975,0.0,0.2670117152327235,,-3.452592142590926,,,-10.62002293487706,-4.397618857048362,-0.022301931067958764,,,2.0240542683616565,0.251810016594862,2019-01,-0.6,2019-01-24T01:30:00+00:00,2019-02-15T01:30:00+00:00,5d833916845d5f76c2e1b6a9ce1218265ec88d767141414abdc9183ba67a77a2
2.6909068180350926,,-0.4034996920358563,4.47385539783087,,0.7125500757831853,,,-0.9738658617359919,-0.8032171697264266,,,-3.7051710477222723,,,0.40495644213842585,2.6228000359974937,-3.671868641890362,,0.0,0.10520779508038346,,-0.3299555197165393,,-0.7210398577782581,,,,0.28536881788682733,,,0.0,2.111957683707069,,0.4317779788472563,,,,,0.643981283138201,1.3605652055778679,,,,-2.0761991448429016,-5.879654222953627,-0.18152119705624561,,3.2277658919349763,,-4.727877133517419,,,,0.49944570666711874,,-1.0129253108800198,-3.4232313037777384,,-2.028201679636563,-0.7471798444714122,0.5516318336140876,0.7352974305258733,-0.14132118540928687,1.6949558313773423,,,-0.26758908249847047,,-0.5579287934300209,-0.8076001549783742,2.380601240658082,0.00322873314226862,,2.8579466976346426,,,,,0.8040922910801872,,,,,,,-1.265796952024456,0.0,0.9846781951694337,,2.2142714205804976,,,2.0862770876611387,0.8023171161732401,2.7372349190404646,,,-20.829211525117834,-0.15100990725979385,2019-02,-0.1,2019-02-25T01:30:00+00:00,2019-03-09T01:30:00+00:00,a31344bdfbad1d60a987b635c561c8211dd5239b69678942641b2e91e661d367
0.8995638677659842,,4.594204596882822,1.7055477426976409,,5.650077407129879,,,-2.6368336535989347,0.8032171697264253,,,-1.6652767752747573,,,1.4401452584843304,1.258696630371206,-0.6729456243470542,,0.0,1.6339664761065371,,-3.0439737837887404,,2.644176050567019,,,,2.409063500106064,,,-0.17730291520832983,1.219462984691369,,3.2096359628540507,,,,,-1.017606934847707,3.974032864951412,,,,-6.383336701754317,2.946415967130903,-0.9411070595366291,,-3.0290217201247778,,-0.03569880446918466,,,,-0.28408106223055973,,-0.9143826922285091,-0.7040750055116267,,-2.160199800209278,-0.4369872361977212,-0.37194949622748974,1.18636500394675,-1.9802627296179753,24.47570277347469,,,2.303892411883191,,-0.9472561784540227,3.890035975015872,1.8302493613730015,0.2528087610958774,,0.9159918275966452,,,,,-0.06880050419310405,,,,,,,-0.8279983810464608,0.0,0.9403428219562316,,2.9797048110380886,,,-0.1520833080189164,8.71192580750181,1.0506339221580232,,,-0.3234006052650838,-1.4205324799123529,2019-03,0.1,2019-03-25T01:30:00+00:00,2019-04-11T01:30:00+00:00,72625de16146b480884f4c1e69787f9455e93e5fd8ead9b2fc786bb29f705da8
3.9919013564948402,,9.531017980432473,-4.37683726093198,,2.6084895793990084,,,0.19066851895713968,-0.8032171697264266,,,-0.6545953987280767,,,0.5132279515156528,3.1237240641321065,0.7602933173706078,,0.0,0.0,,2.357011470711115,,-0.9569451016150673,,,,0.7480090304566251,,,-0.17050706288296613,0.5041007997671232,,0.8856903531375754,,,,,-7.8813289296949725,2.741301410359429,,,,-0.795380821624283,-4.906733790476974,-2.2087596464004697,,-6.645541860676382,,9.54956440450326,,,,0.06791363910255885,,1.8413335556696744,-1.3103296881520807,,3.5386266140938463,-4.6340683459092125,-0.22465341356644775,-21.22849247472061,0.5830920310793144,-4.714677842570196,,,5.838728590115664,,6.093662456459004,-1.5507480175453283,3.2294047066022977,0.44986065944202086,,4.204679441861054,,,,,-1.4248217443614482,,,,,,,-1.318477517675007,0.0,-0.6231699235306083,,-0.8860223280025679,,,-9.570387543020239,-4.66973435761027,-4.2088201407935095,,,-10.32546569993252,-3.443687474932365,2019-04,0.3,2019-04-24T01:30:00+00:00,2019-05-09T01:30:00+00:00,6b2663915fd5a8c5101257ebbe0fb824f7f168507145d8fcd05aea05b70d7d12
2.0390466483286827,,-1.781973330260938,-1.9315196669648718,,,,,-0.2616295773159179,-0.09912440923975648,,,1.281241019333845,4.969016532774453,,1.6977518784200816,0.373841590536624,4.7952520051371845,,0.0,-0.36272602167327983,,-3.132904289214664,,1.5371447711474224,,,,-7.206585180359062,,,-0.7189252304849293,4.843890621963571,,-1.2046693084525,7.778372142232614,,,,-1.8547901709271941,-18.232155679395458,,,,-5.142043188692718,0.271022998641859,-0.19025291671037722,,14.372934930053379,,-1.8151361568539068,,,,,,-0.01659573967464044,-9.67700729785888,,-1.7745037186485488,0.6805525109532357,,0.5998116146982704,-0.2646842851558924,13.815033848081736,,,-1.385259765299281,,1.8360260311715206,1.5895816464197627,1.2953122134201518,-0.37572441957420055,,1.73721557263786,,,,,0.0,,,,4.450550434163813,,,9.990186476699101,1.009090298196272,-0.2758563448073198,,0.6957740496027631,,,-14.466280989668839,-5.503948075815365,-5.472558653286024,,,-3.806784870674293,1.7311156582041662,2019-07,-0.2,2019-07-24T01:30:00+00:00,2019-08-09T01:30:00+00:00,156bc4e92522dabdabbe3a49b7ff05c190e17d0857e2232482bd679f33267a11
-6.613831898113879,,1.6564274998958766,-3.8003797882935118,,,,,1.1098199101911137,0.0,,,-4.5751749593833555,3.267940207736887,,-1.2784640524164843,-2.356567776167332,-0.8106884964953756,,-5.971923470162231,-0.5030802526381807,,-0.8991069559857221,,-1.5371447711474246,,,,-2.739381141890834,,,-0.48390967807359936,-8.112736216976721,,2.6579946021159007,-0.2578723247521983,,,,-2.902277699060554,-17.10255970521031,,,,2.6797429058388382,2.864726096041743,0.43748274552089794,,-4.692046245458441,,-2.679489751983118,,,,,,-0.5086892045533093,4.328906296042775,,-0.7566836766431144,-2.0187942974883026,,0.49469037300883995,-0.6137986704173903,27.14215515800004,,,-4.71674932231427,,-0.8679843825532085,-1.7213629086274416,-2.636062764580959,-4.446984176026671,,-4.790213423148022,,,,,0.017634846502297716,,,,3.420142891248722,,,-5.811630313060843,0.0,1.394965950871188,,-0.8064050549649507,,,9.560720718774334,-0.06426258902781405,-2.72274534630253,,,-4.669393198700105,1.6263607960084834,2019-08,-0.1,2019-08-26T01:30:00+00:00,2019-09-10T01:30:00+00:00,6d0d685d100c3d285380df9e604e619caa03a85b84e110ef8bbfa55e19c7e07f
0.8861752264358403,,3.3609765366120676,6.415867790131283,,,,,-0.7959464572811591,0.0,,,1.6534051284630689,9.392566871797372,,-1.3415830058880793,-1.2877098830128693,1.5022649154331096,,-3.9220713153281266,0.0,,0.350613932928761,,0.0,,,,2.0534818139479762,,,0.8905564432885781,1.2641274688502135,,1.280373472223387,3.930624208808764,,,,0.8382896495104726,-28.40500116093957,,,,2.0353299423270763,2.3629921643424665,1.2052827081751671,,12.844844801202779,,10.572507203321562,,,,,,-1.177005904973511,6.986374719549465,,2.992975332057699,-3.23531429362309,,16.05576460448332,-0.22377961167077323,18.641154204547984,,,0.36755934309446375,,-0.8100213414370209,0.0,-1.0684445567887928,-4.843974440454744,,0.35820933825044343,,,,,-0.06574569482268239,,,,10.155770401469155,,,0.5662870417002673,-0.2010050928024112,0.18355016387801734,,2.0343867553448307,,,-10.049213400168803,1.8810253360442584,0.4261150290967724,,,-4.237896414229298,3.005048672162356,2019-09,0.1,2019-09-24T01:30:00+00:00,2019-10-15T01:30:00+00:00,43d29aa946a22ad3ba04a1737543b0338d6c5beb48212baa1947576965c65bab
-0.18923470743761986,,3.2141988694107733,-12.97147657259482,,,,,-5.287244335101417,0.0,,,-0.9225889940619181,-5.199153006468206,,-0.5037670230939191,-0.7351249184306287,-0.3806619696909669,,0.0,0.0,,,,0.0,,,,-1.20018698035897,,,2.5469656252622928,-6.184306452106684,,-3.4888739895779923,-3.0213514488333715,,,,1.658795028753182,-2.2960192281500964,,,,5.000713358514116,-0.9190916265845182,1.4059453355693567,,-6.512443220351577,,2.664614723782617,,,,,,-9.948080929265734,0.16904869108689521,,2.6595498646220523,0.7879662927714464,,5.857205502428826,-0.5636260314198214,21.905356606268466,,,-3.022845800554304,,-1.4372978247563502,0.0,-1.9583112423165634,-1.394672393672618,,-0.6452037080083759,,,,,0.04811084832039849,,,,-5.314492314183523,,,0.2715616051631571,-0.4032263527938451,-1.7199467301896527,,-1.1791685100442495,,,-0.14412962628797973,10.073489728934009,-1.469277448429252,,,12.617900814035146,3.006076056944149,2019-10,0.1,2019-10-24T01:30:00+00:00,2019-11-09T01:30:00+00:00,c6936109bae2e6474a7dddd4ec0e1920b20a00bea46061fab449bb95121e86b5
2.4145780799400702,,13.545718797324438,-7.489808866187181,,,,,1.1769671925753078,-3.1396854060672155,,,-3.2863032901959777,-6.163568802552585,,-1.197055149565352,-1.6009203491346113,-4.159745023174781,,-2.4292692569044587,-2.197890671877523,,,,-3.4916265106227877,,,,-2.1301158450883833,,,-1.6002373480578296,-7.034154345981928,,0.2997403777364633,-1.5501182310522155,,,,1.237425001338158,0.0,,,,-1.889351273607208,-6.362586869105257,3.445268347812578,,-2.6093390076096608,,-2.543968464918755,,,,,,0.832873969191133,-6.837268073852585,,4.859787496587831,-0.23668650102661679,,-17.55365135690214,-3.6221263434318383,-5.619455834364194,,,-5.416160958081032,,1.5653197548294269,-3.0572502675448847,0.44410832630312314,4.52208505628302,2.958259788456329,0.8312641196645493,,,,,-0.3581786529110501,,,,-6.486937869792738,,,-3.7515767000925155,0.0,-1.294991442364494,,0.28579260878812496,,,-5.78951246463909,-16.346660473044334,-2.0063491055654596,,,12.559967591917665,3.9804808725193146,2019-11,-0.1,2019-11-25T01:30:00+00:00,2019-12-10T01:30:00+00:00,96e6e3d854736c7026f87cc2fada8adf3915000f34d6adddf38024b569c20f67
-0.14133914748355048,,0.08237465132155022,1.9017195849811819,,,,,-1.3202415875035967,-1.0803500429704247,,,0.7161348718895554,4.500343028129226,,0.027422189709020557,1.7002953409681079,-2.8201918273762416,,-7.663322602091596,-2.2472855852058626,,,,-0.5089069507471293,,,,-0.5442879510201287,,,-0.6292963681445645,4.982052580831445,,1.863684002443245,1.9383421168629715,,,,5.112990176213599,-2.4160496124936324,,,,-4.710961490338415,-3.543852314376425,-0.062272965167580546,,9.726648401206628,,10.919838811517927,,,,,,3.440066107946613,4.828072811286243,,3.6298960493523853,1.2527833041674874,,-13.54984304834565,-1.4448135747386042,-1.1628037995119098,,,2.750373068018125,,5.780369108987758,-0.2950189363194711,4.706141098910255,-0.6684932314092759,5.516246022005681,-1.5309798163649972,,,,,-3.6124526543649464,,,,4.675242430498805,,,-12.297884061326862,0.0,-0.37652531615450363,,3.840569705885879,,,5.523769962786744,3.0831154424567084,-1.7266187664553099,,,4.6266496959680135,0.9778785212467238,2019-12,0.0,2019-12-24T01:30:00+00:00,2020-01-09T01:30:00+00:00,e610698f4ec797b6b371e1b2a2833078376fd2737f05f840cf679d55fdfe3db1
,,-0.6484160345092176,-1.4546491787605766,,,,,0.24234424727143017,0.5673530219126827,,,-0.04829880956829785,-1.7924896547369962,,-0.9240196458428279,0.21410488870365055,-5.864346111719834,,,0.9049835519917856,,,,1.0152371464017909,,,,-0.778995048179368,,,,2.2750167026521018,,1.0881057985514635,-3.5586567991513816,,,,0.07053678785793087,-7.762219818500599,,,,-6.601399002641448,-1.6014465772728752,-0.15377265461777842,,-0.5589918849790046,,5.431085058144724,,,,,,0.6512195179923984,-2.4619788879376405,,-1.9979852972934766,,,-2.5787085611420038,0.0,7.327220110632552,,,0.20241783689565265,,-5.651025102848874,1.1299555253933466,-0.912946440333527,5.602890392373343,-1.1702662813392823,-2.6522695089576422,,,,,-2.7792017329658596,,,,-2.062378575172875,,,-4.925920733000113,,0.058857512026435826,,0.0582630870771672,,,3.6687817025637415,8.739957818290156,1.213733904034736,,,-16.122879287465036,-1.5075377598921367,2020-01,0.0,2020-01-23T01:30:00+00:00,2020-02-10T01:30:00+00:00,0b3e86a3ee49e4d28da69883b5ebd365cf78e51bb3c1a69389b25754dca43cf1
,,0.0,-10.381622506036388,,,,,2.5312306813915972,1.885085964395757,,,-8.293769454015589,-7.555109092488033,,-1.7306123515110294,-3.3415996919844067,-10.403772248204493,,,0.7896667021424761,,,,2.11880802639575,,,,-6.990042133605461,,,,-1.5113637810048184,,-5.135821353114674,-6.432786595337717,,,,0.604571261484017,-2.6784083906817293,,,,6.652738098489708,-5.58444316882828,0.6260774643214075,,-7.286480484247969,,-17.635647732547973,,,,,,0.5814851799377476,-10.055735083088159,,-1.0778927144973645,,,1.378213951459666,0.0,7.080282673219099,,,-0.6989487898839584,0.0,-5.857175016058651,3.054010308897551,-6.509729838398235,-3.1688394280175767,-0.32328638977200236,-3.3960370329767167,,,,-4.076563155601242,0.0,,,,-7.885676626249719,,,2.9128272923023637,,0.0,0.0,-6.735368969544542,,-8.86835597978393,0.25061971849204767,-14.75389720500782,-0.8316107851821006,1.3595860873717114,,-7.971862063860052,-0.6071385853239976,2020-02,-0.5,2020-02-24T01:30:00+00:00,2020-03-10T01:30:00+00:00,844649a290a47687d0a332d24faaa6cf44935c4ebd4e7ba6db07e751d9723c19
,,4.169215837430468,-16.526433479119873,,,,,-0.08585533903637785,-1.065549193763909,,,0.008747630855564178,-10.726526208498202,,-1.0601715272880887,-0.4703601243368212,7.340629980590623,,,-0.7896667021424817,,,,-1.494498275340996,,,,-10.136728963058275,,,,-11.082758554779884,,-9.135086300175143,-8.901147543895274,,,,7.767204063931798,-12.736659592044102,,,,0.11968882338461725,-1.9291835008062186,0.08676073175359401,,-25.465829655446644,,-14.718775700136938,,,,,,6.327098594511522,-8.811248564935315,,-5.953617911105112,,,-6.9337996598228795,0.8281620831722017,-7.352391684655153,,,6.450670322089948,-3.883983331626389,-4.059096639155306,-2.359796346311822,-1.7242991871881959,-8.4099523454133,-4.300691941370476,-1.0292884571734642,,,,-0.9661106209378193,0.8539761548134581,,,,-11.017952043302296,,,4.3306942754900515,,-1.1749625515342188,1.7452449951226208,-9.46761881963169,,-11.323829391220228,-10.407581942292648,-9.287632572875967,0.7895757966173015,-0.048513322965042925,,-5.149951943873276,-3.0803975631547136,2020-03,-1.0,2020-03-24T01:30:00+00:00,2020-04-10T01:30:00+00:00,bb7279df610b145c2577b1e9cfc9957238b5809cd89217f891d9e4d0fff5e406
,,5.645943749407914,-7.033196349450431,,,,,4.528699544637283,-4.592910192752319,,,1.1033334831190387,-7.469867451598622,,-3.911931100988411,-0.21971771055922557,15.200920808603716,,,-4.288869323614161,,,,-6.511420712346788,,,,3.684512101603108,,,,-17.366949107032127,,-3.289377888717921,-3.447181413155799,,,,-16.10048946571595,-7.167503670689089,,,,6.534988020845041,0.6628518231735252,1.6302482784357204,,-17.864208941151436,,-0.47174989207908036,,,,,,13.187064378107982,-17.440546442231323,,-4.332474791305521,,,-10.279410358518323,0.0,-7.347937077105353,,,-4.517999461484228,-7.18257345712555,-10.468261624525532,-6.072226103958324,-3.434165041797922,-6.824063744617996,-3.7067534795493606,-0.4195829281367418,,,,-0.33251864379244334,-3.8132869695444027,,,,-7.716344764365589,,,-5.655216950492125,,-3.7656371014560257,-6.062462181643485,1.2044136496358673,,-2.9801436863175215,-4.533032089358136,-2.8184221954652604,1.8840054046404118,3.013761319165329,,-2.00172705580429,-17.28394591435541,2020-04,-1.3,2020-04-24T01:30:00+00:00,2020-05-12T01:30:00+00:00,b516b045e5a8ea0d8bb21a635c7034a6425e11e3d9a86fb1389a684110f25ce6
,,-3.569282181958313,2.1740802980762863,,,,,5.873055312717341,-2.1049621311870483,,,-4.970545444848916,-4.303796359355358,,1.6197170770897957,1.899029579364073,-11.30044932056095,,,-1.1538953339892126,,,,-1.4460163472629246,,,,4.939898479181797,,,,6.284141953214564,,8.458163285774196,-2.8436695472124387,,,,-2.3118497172253423,9.718032711525277,,,,-12.876804490086865,-0.11669692148682835,-0.37856475715389976,,-3.131337693101763,,-15.003832464656828,,,,,,-0.19929836985584717,0.08890664744008617,,1.8665964249802638,,,-1.5420506028095242,-0.20639842208514825,-19.352780794977097,,,-5.796158739798864,0.0,5.374501739298678,-1.4570901527441737,4.8115972882808595,1.6586118204981743,-0.4342887603384812,1.7931793068908783,,,,2.102133766548364,-14.282227412728583,,,,-3.96480745713519,,,2.0396627907645652,,-2.194481711348132,-3.8374012881615154,3.4953347490755147,,2.5034874967876,4.075223816367896,-5.397714605741219,-2.220922930896455,2.670150564893522,,-11.616271890546528,-2.4958511731639965,2020-05,-0.4,2020-05-25T01:30:00+00:00,2020-06-10T01:30:00+00:00,dcecea37616ec21ce8116908958567e3da06a656e25599026edeffeb2011f15b
,,-3.723548366081998,2.6518683821266458,,,,,1.130499111485143,2.69074529199244,,,5.130465950912896,6.62737190583344,,1.0662906266983954,3.0827368635824888,2.9391781302362383,,,1.7726279725605778,,,,5.292240145434253,,,,-0.7122592329678873,,,,7.088785574860787,,6.132387703492202,-1.1014670396199222,,,,4.987654972940175,1.531670411189324,,,,-0.958625759760829,1.1179471089270387,-6.543070803373281,,2.857623905668017,,-5.825741723912022,,,,,,-1.044483185219487,0.5855780036795372,,-1.3732323325004179,,,-1.8626163424108584,-1.6667052485211646,18.469122614927294,,,1.1283040397333148,-4.348511193973878,8.993617056112098,4.562277186361176,5.356021682024563,2.1886685708749494,-1.9251483866838246,1.7668257470194768,,,,2.1608247435624883,-1.0798510783396125,,,,7.124633967095358,,,-0.4423069026633829,,0.29446153550588944,-3.00937863958456,7.715056736697299,,0.826998748316354,10.36911128106999,-6.163133996095041,-3.7520833639671047,-1.7377773757235662,,-12.09688570084175,11.223982434913017,2020-06,0.4,2020-06-24T01:30:00+00:00,2020-07-09T01:30:00+00:00,62df7fa2ea8dc8d193f725f75e1db52f82428c6010e73caf2955f1dce3c1f354
,,-3.186404880431383,-2.0759461969246322,,,,,4.782159694637057,1.7544309650909524,,,7.1786537484377995,2.8404732430285207,,1.5358730202727344,1.6806257123085842,1.5191507511135691,,,1.851904776723753,,,,2.0408871631207033,,,,6.8851533373102045,,,,-16.64819171626906,,5.430446292165342,-1.1098593664027416,,,,13.629397876808296,-17.43533871447778,,,,6.418229960998066,7.029220347547192,2.072680037431355,,-9.825885744218569,,8.069835327375738,,,,,,2.2979973115946413,1.7666330820397758,,-5.565690171450028,,,-3.770988194844063,0.0,12.237471312355659,,,-2.585157948014706,-6.8992871486951435,4.262798707081368,2.272825107755609,2.910978467711157,1.0622292318089606,-8.139935678263836,0.03664250047542765,,,,-0.07512745188346662,5.008428199710025,,,,2.976497373240138,,,2.7123083029875628,,1.2868101654878135,0.0,9.918629622753503,,3.126739648085343,-1.3620201547982442,5.979152976712464,-0.594332352323268,-1.0141849523140696,,2.1937924845400896,3.4445700316960863,2020-07,0.4,2020-07-24T01:30:00+00:00,2020-08-10T01:30:00+00:00,cb0ed83f42b2929dc272d1c9fbc7f070d56546fe13070a45eda240cd513bcf29
,,0.09481218189958156,-2.7746795460737896,,,,,4.811894229237558,-0.5405889876079936,,,-2.1479117236128964,2.819102018497888,,0.7527815110601069,1.8051622464304455,-2.5735133851472187,,,0.0,,,,0.0,,,,9.544446053486162,,,,8.497834062286143,,-1.1419474080158354,0.3191893373199557,,,,-4.92381029465402,0.0,,,,0.40602904862666866,5.30204320508594,3.2888870316344745,,6.1947724813808485,,11.575226092113128,,,,,,0.7951393520987992,1.1357788518882639,,0.17328881672712482,,,-3.5987146932499168,-2.2563578072618795,-2.1164811192043382,,,5.06547800156947,0.0,-1.0992212482293928,0.0,2.386902600884386,2.1355094799844063,-1.2918288069499069,1.478006566877408,,,,0.9111254298559498,4.049509375994545,,,,2.8869523648934674,,,0.5982080910092352,,1.045018218517123,0.0,-2.101750156387782,,5.8621411400709675,-2.414592689411422,-2.104800494630766,1.2363643992688311,-0.17873105740957515,,0.5205185616939305,16.21977455423618,2020-08,0.3,2020-08-24T01:30:00+00:00,2020-09-09T01:30:00+00:00,8f2891161258ae81bbc01b9d2c117cd5e07b6762ca9aab5dadecf02d4125af12
,,1.4801485148361997,3.5893592392695637,,,,,-2.023818497989991,7.800962564325259,,,4.8575673253669,-1.007169988593286,,0.25052418645105856,0.22679420056408076,0.8088503991867203,,,7.560095932157289,,,,6.074345016901952,,,,1.522094808717747,,,,-7.958319428016727,,0.9684195438793751,-2.0093924354400707,,,,0.7801112210167377,31.72408746933253,,,,6.146255795819792,-6.5182690596330914,0.0536336832379572,,-0.7588494899314442,,-7.505386954504802,,,,,,0.574521713870529,6.9945982637983874,,2.588035069209689,,,-2.6771892522718397,-4.029568154523239,-5.213800793911612,,,-2.3525096602773394,3.1291004302939975,1.2714449398250938,3.943676587098462,-0.6093443136502849,1.8317796274956302,3.826474565484529,0.721932047330139,,,,-0.2663330202441094,1.0128801782534513,,,,-1.196922423502318,,,13.155656453463271,,0.22316863041344126,0.0,1.9646034966666597,,4.686990701867337,4.716892951830561,13.620291819642153,3.9133081909437615,0.08444058616719365,,1.499359781609145,5.14602917358618,2020-09,0.1,2020-09-24T01:30:00+00:00,2020-10-15T01:30:00+00:00,149226f41d496997e27e7fd5493c6d322652133c5044f842b15fcd7307a7209a
,,3.6853686139923556,12.178202143857918,,,,,5.147067011414733,3.308716009171326,,,0.889298645862006,-2.771317614247283,,-0.2658828103485483,-0.782239984095255,2.18463616185235,,,3.4774483478053924,,,,5.150239799915144,,,,-2.7096966890658867,,,,5.316274385097365,,1.7151805073363824,-3.4563620140340765,,,,0.06203892467043793,25.66936774006422,,,,5.756736778452033,-3.3023907424271686,1.6282473943431872,,1.3460811174007008,,8.85356840830992,,,,,,-7.588469752487269,9.834728799278269,,1.6256633413692063,,,3.5046046017997683,0.0,-16.500752472653996,,,1.2061201699016266,3.7701867184011464,5.903756955224516,5.607768316089152,-1.0047336448883193,13.430123043825542,5.18182962147752,1.0567558204481657,,,,0.055988803702141626,0.0,,,,-2.829147299497686,,,-0.12027482421590606,,-0.7213984349073604,0.0,-0.8064770243837697,,10.805230039424732,5.641362196252923,1.2932426515104294,-1.2235143713662207,-0.0223449817824958,,13.916823482139648,-0.16632649181087444,2020-10,0.0,2020-10-26T01:30:00+00:00,2020-11-10T01:30:00+00:00,025e91c58ac54c7b07fd47b421dd0ee87ec03401bba70b0671953ff37db8d3ad
,,2.7084186645122346,39.07089121212705,,,,,2.15850707051669,1.0738567126365808,,,4.078787218547773,-1.8952992695958564,,2.8890253386535405,0.8444561249686008,4.124909192852389,,,0.8019026688095405,,,,1.540972975959381,,,,5.373658489210718,,,,-6.400099351791189,,4.773656597705734,-0.10613112270590432,,,,1.0488152900420484,23.424054952594076,,,,-1.4927025523455018,0.6467508881710488,0.4857719142381999,,19.482235281646783,,-0.38334359245273,,,,,,7.9158684402792225,14.608159691294716,,3.8609446672249472,,,1.592991137141463,0.7266599079259014,-1.6750810424815354,,,7.798878827341263,0.0,11.449072257825913,0.8541845712962773,3.760145722408396,3.3542828946058445,2.968445380169433,8.538471802011532,,,,7.9981196844535525,1.8419922072870534,,,,-1.8819838778241462,,,0.21331765489922644,,0.6554106061291397,0.0,2.1729700264114213,,4.420259069712543,6.189843286775812,13.820620284216249,-0.5271914967329068,0.08686911852915921,,23.130076872612317,2.0816925426611257,2020-11,0.5,2020-11-24T01:30:00+00:00,2020-12-09T01:30:00+00:00,d1405f166aa536a4e9fc046ef7af8101e205e3641e1f7a15c1a6d0f55f35c337
,,-1.107868201233209,-21.144591694080106,,,,,4.379555574532658,5.393685592120076,,,2.7330893716971265,9.183497674170155,,3.230191772369158,7.5702492173579365,1.2534224043883138,,,7.27564946435148,,,,8.451894201587097,,,,5.681983688052103,,,,7.644169549994212,,6.599517866568834,8.965066548935093,,,,-0.10144967098044083,46.265496206255754,,,,-3.594597205136197,0.47299753684426676,-0.424921219676813,,5.71877141615883,,10.624598382180082,,,,,,1.3447770170460953,0.10621060653393637,,0.9084777449517548,,,-2.441712548324486,1.7043990421357142,13.56406530563898,,,1.5269883893437208,0.0,10.044897628367734,8.851220778711017,10.150387917150299,0.8045331441094473,-1.285258156579403,-0.14662588595080986,,,,0.6865801086616141,4.882412681313964,,,,9.590992049781232,,,10.095030843780727,,7.399252997345997,8.306659869861347,9.858044893010646,,1.3587603694846044,5.545416251138384,8.462445036252808,9.08639426450487,-0.29317519570462536,,45.8041672276505,7.19954570167716,2020-12,1.1,2020-12-24T01:30:00+00:00,2021-01-11T01:30:00+00:00,9045d79975d223e488385396451ff1220f9470d6f91a932112f46e960571d420
,,1.6299416772071271,-6.466684223689876,,,,,11.872955726041424,28.738868826308416,,,-4.8080476908946395,3.373460636122974,,5.972900630436746,4.434746385922944,-5.999370007526806,,,29.229403390215865,,,,31.64314857377668,,,,-4.76202111781984,,,,5.833424945075454,,-11.285507112738488,-1.3949692291160078,,,,3.77937482131008,2.8452920447794927,,,,26.279597683042056,0.3301104833696966,3.9559132395566987,,2.097038939001316,,19.409375497954713,,,,,,5.275143091699326,2.1390565911616424,,-1.8483127430089623,,,-2.7653522765348866,0.0,6.8402726884400415,,,5.351426770015879,1.6529301951210507,-19.73097714061335,34.766319009322636,0.5292739194360185,2.6445831462570353,0.2292384040242788,2.8675388474438277,,,,4.9555555492736385,0.9930155164303511,,,,3.745880437523342,,,5.027151025786522,,9.04808764258641,6.995858860691047,1.3797140144657427,,1.2248432182992761,15.06804546435499,3.371525630756312,18.346467534550175,1.660679967220454,,8.093491640109123,4.4199879946804295,2021-01,1.0,2021-01-25T01:30:00+00:00,2021-02-10T01:30:00+00:00,cff9792a80b1702d6c3e6b1a018bacdd1077028437b40ad13bb145c110dafb0e
,,-4.594313249153015,4.504778989886789,,,,,-2.559138806936621,16.152601247635467,,,-5.707433149439948,1.916676072129694,,10.381249789646958,11.056359634514399,-4.535621632382416,,,16.73811056862651,,,,17.976574092476096,,,,-0.36270211007063075,,,,-5.34154601042985,,2.128815491899271,-2.3096845809229336,,,,-6.304227766124021,9.314023728164086,,,,0.6759699964828083,0.48982116465384723,-1.051319898162814,,5.598431476102555,,9.853498765118491,,,,,,-3.955535532883632,-5.84040834045463,,5.298472888528824,,,10.247281794210267,1.534556967466032,-17.589066646366415,,,0.11494518380919252,-5.4067221270275825,-0.9845193574385057,17.68471848100773,11.229957659918236,-3.6993102592612708,3.1877766071935496,8.423211575059756,,,,7.334989108850941,6.024234195351687,,,,2.071306193018348,,,8.045099996051034,,5.588339595168395,-1.4604749623905864,0.6182122680490426,,-11.114989987412791,-16.749341285432294,3.206012072867262,-4.356478981651654,-1.3520363282154402,,-3.267057105613473,3.1005193619656817,2021-04,0.9,2021-04-25T01:30:00+00:00,2021-05-11T01:30:00+00:00,c9afae693902a7c3eb7188099fd904e383741df84cb549b9509fa0e511d72b15
,,-3.884080964945893,13.211214704528224,,,,,1.7593459414789372,19.009070563507926,,,-1.0930720935507634,3.501853127347975,,11.364255471576309,13.586890992629863,-1.3927679932788608,,,19.58392990433377,,,,21.288487848325886,,,,3.586543711642396,,,,-2.858714443738723,,9.627094491531928,3.3594366005954455,,,,-0.6487769531513119,8.263866685435794,,,,6.56415629564371,2.823433984388299,-0.2843379216050358,,18.108762903600475,,-2.890930810849561,,,,,,1.7329941374726345,-4.877329217120047,,3.2049685123597453,,,-1.3304873370921646,2.0101179321087304,-23.49652902793765,,,7.568549491793002,26.662866325394862,5.94399651783016,23.54616401269626,13.45251941739992,4.479474620272315,2.7006211266715274,16.923265934702993,,,,15.407954605447797,0.5755034273880028,,,,3.5989646298244047,,,18.160881085769695,,15.240887348740342,19.44055425523987,11.054081746802801,,0.3598459068485346,30.060576583537348,11.79483869929171,-2.1073768440174274,-0.6455640048763618,,9.795477838022325,11.178730035004916,2021-05,1.6,2021-05-24T01:30:00+00:00,2021-06-09T01:30:00+00:00,c6b1365f6ba9390640501534b3d09ed7ba25960831aef400c1995383d833c420
,,-6.338494340119364,-18.2662368641027,,,,,-0.3046838607304288,-2.6025981677755263,,,-5.289409106712621,2.981275487079109,,-12.683149958564693,-14.240063536047229,-5.617394105042848,,,-2.6748168108389896,,,,-2.8257787388179625,,,,0.6167026723940154,,,,0.3930328709587284,,-4.580509489021275,4.566176801917718,,,,4.0973517453134125,8.985632912186114,,,,-3.5128046217908007,-0.7187108663373183,0.15411672450411334,,-5.531690183466869,,-2.51206498081639,,,,,,-0.9273695289749677,-1.798329994529009,,-5.1737640095816895,,,6.230803214852276,6.688650872467927,-28.58818919476331,,,14.912929947358226,10.109611687136882,-2.4894503942306474,-3.342659169741338,-13.061766146479965,-0.15161515986510177,-6.040687549004367,-13.234824494430875,,,,-14.334251739016995,0.04127569470559204,,,,3.0487128249677857,,,17.709961281280304,,-10.736836876010466,9.40289496482764,-7.751433712475523,,-6.346277330150079,0.08759736244632083,-10.200271883749032,-9.21559347330231,-0.8605862033757938,,2.1328765661917424,8.694455536039824,2021-06,0.3,2021-06-24T01:30:00+00:00,2021-07-09T01:30:00+00:00,0ccb652034f9f9535505e2d07f427f9c93e5e938028efe065c8053005c9464fe
,,-2.185108317334243,5.080659350733326,,,,,-4.443885996934662,3.335435603959268,,,5.608924275630288,0.309532516176816,,2.3894731676265324,1.3539110936522534,1.591919390306322,,,3.4276434529181476,,,,4.920726532250714,,,,-0.5970804010531332,,,,6.965798269529714,,2.0573308137083064,-0.8979389488343847,,,,0.9762809164381951,6.590477488771827,,,,3.740443385351748,2.556590961221178,-0.19762852282119928,,8.961067330108342,,6.890660685141071,,,,,,-0.6772831643758027,16.87157132025014,,-10.10811860384521,,,15.533929688702269,11.874630937293148,11.53820741188452,,,2.7474355010078684,7.410797215372184,0.2315700824006485,5.528391083813739,3.4173273067649093,5.184846033132557,-4.839834022397632,1.3871018503309107,,,,2.2830529767149756,0.8656046815746683,,,,0.3583899865875766,,,4.103139667786256,,-1.5511312316683579,5.34678514006359,-0.4880480073944166,,5.078407177819876,-2.3106388440457337,1.5695389463690874,0.14400711446669,-1.5674579937048956,,13.761762823929374,3.3896884601423456,2021-07,0.5,2021-07-26T01:30:00+00:00,2021-08-09T01:30:00+00:00,40cc2e2eddc55af326decd01a428c95d6b1c24b7e4a0c14b67bc0e13b2bcab55
,,1.0868666504733457,-5.76850527958764,,,,,0.4404559725537873,2.6111144003685807,,,0.28947954622853467,-3.4263624603114518,,1.4716176709620539,1.6226530477232202,-1.8869684973329928,,,2.681125745065677,,,,3.016129584309761,,,,1.3258017444215704,,,,-3.337944951841918,,5.014955736818901,-2.7685481042933406,,,,2.505918302167232,24.180967787676135,,,,1.9741186086562372,-2.0221611723191786,0.8980327396796498,,-11.751124627811043,,8.420072509569753,,,,,,0.20653262141466117,1.0440885132860112,,2.9076264081509082,,,12.26150723967461,3.4537162304617155,-4.5909701304077855,,,-2.633730351852574,8.309299586573298,1.928799090858896,3.372359198308201,-0.40499376095028494,7.076827389536273,0.13701760535947172,0.33652609819900287,,,,0.27118791082128857,1.952743948678732,,,,-3.5788757034259864,,,3.4571344065088723,,1.655316560729747,20.49438387510317,0.5284072047942218,,2.77110014211269,11.516502887305103,2.634620003123173,-1.5618635551288116,-0.4912254671334476,,24.387859632932667,6.0716174854566844,2021-08,0.7,2021-08-24T01:30:00+00:00,2021-09-09T01:30:00+00:00,1cfb913c18863a1ecda49d31703e3c9c74d5bb5ef29f480783f4609eabab5f3c
,,3.259190100146405,7.106364003868829,,,,,-4.800013765876269,15.95557808191185,,,4.542290312679078,1.1482432517793706,,0.9380083492929595,0.7963288636073786,2.9721391276122535,,,16.632121544751353,,,,19.79976568163635,,,,0.7889587275162924,,,,-0.9943897440596513,,12.0854343771038,7.91780844675,,,,-0.6882307068604037,16.910185489876277,,,,3.2893304272279593,-3.434891536173971,0.6215206169494925,,14.855041935416269,,6.909341526128178,,,,,,0.7365919922714395,-7.943274421737559,,14.614631042785565,,,16.40719750973172,2.366937056983734,-18.366474034042223,,,-2.889697356944119,10.04183290638104,8.086560398566913,15.529288440603544,0.9831480036996982,-1.7204619362004,9.402309818760548,4.538932774820075,,,,4.810945137099894,1.3614688132314279,,,,1.283695038481694,,,12.91528889132765,,2.3747287521328073,45.50407565690232,1.3327518277092487,,-4.488040995242728,31.589056314575608,15.310109999295621,-2.5720069013864992,0.05128205240592105,,8.692474659814058,-0.10513740514477905,2021-09,1.2,2021-09-24T01:30:00+00:00,2021-10-14T01:30:00+00:00,ca56149b46537931c4f5eb44373d83c54dd3f478cb0102d257bb46b7aefcbf9e
,,-1.8374431501473518,2.743229919020041,,,,,-2.6065221887586567,50.26538123602119,,,10.775381556366678,9.179891585152793,,2.688511831838545,2.5030570710162308,11.719206563563702,,,48.941525312993214,,,,51.20009570703314,,,,9.390020449353438,,,,14.899119371003113,,2.826653596741297,13.6806312515485,,,,7.683006646020236,-10.708632775697819,,,,-4.0233537788539175,2.030202303772394,2.6001464815201927,,-2.3757630611625626,,18.49149757828687,,,,,,2.0738092011025917,14.067928583940098,,29.16381811204699,,,68.62794505011291,0.33937916905173887,3.174869831458027,,,17.09879840890658,43.31404203687478,27.00188488097795,54.22317976723583,0.7415887696488066,17.66055289116149,32.41405932576865,4.023941852500364,,,,5.220995265623921,3.5267812287599334,,,,9.31545966454334,,,28.517252685728835,,3.638239781062644,2.9705154413915693,3.351937917184707,,8.588779645631705,3.3850917482399865,31.789016384812847,-5.043549483344649,-1.4849520717469853,,4.800588171242013,-11.06126677385729,2021-10,2.5,2021-10-25T01:30:00+00:00,2021-11-10T01:30:00+00:00,c696648755c6ac2509ea1c48b8596521aeb0e51d71da967bdf9202bf2bf0bc1a
,,-0.606672814526925,-9.985466585835681,,,,,5.595351317584889,-40.17503935839258,,,-7.148958271856386,-3.1733130396005236,,-11.53849169650114,-12.456827410504111,-11.46670548111437,,,-43.48388236673754,,,,-56.2875043754291,,,,-9.063115941163018,,,,-9.725355361421414,,-21.679844003115797,-1.5353982335662657,,,,5.24442295394853,-35.422579337029894,,,,-6.325213611215153,0.3057516888484716,6.933705504141237,,-16.139261268397334,,-11.5808725389355,,,,,,4.217180194332601,0.595870145882997,,-5.092614487246068,,,-40.390011357922674,2.009391114703749,32.41194686542118,,,-20.409355619968377,-31.765888170064354,-34.57712632117177,-57.696414524489526,-18.388124901203305,4.458350253567221,-1.2546457376538975,-20.78047934022619,,,,-21.734884386809387,4.967458326712573,,,,-3.249868224407199,,,1.9849798220031099,,-7.893510414357685,-30.881436384739523,-2.066612950109907,,-1.5565817293721358,-23.09135027244572,-39.275589445094944,-5.484384002829333,-0.05725588330472286,,16.19925988560014,-25.846601196551827,2021-11,0.0,2021-11-24T01:30:00+00:00,2021-12-09T01:30:00+00:00,b4038751d18b2d43a2f3cb3b3123a124482d50de17e5bb6d1121842bc6eb216e
,,-4.283110267621501,-6.833915824313077,,,,,-1.0015768667899316,-8.737259386094012,,,-3.7363079167148925,-4.994299024212552,,-0.06943908928040389,-1.1368050150816733,-3.3204558774099926,,,-9.358927891633424,,,,-7.822318847163749,,,,2.442935859970396,,,,-9.082840717653543,,1.619455827323317,-4.632150446798774,,,,-5.643000934460976,-19.1719424898159,,,,1.6579521302171945,2.5314157833945217,0.26886491591825684,,-7.167104037254715,,-9.786209864373948,,,,,,-1.4673435403823083,-4.470246463480485,,-11.724962834459085,,,-22.365972879687018,-0.30511083928962346,-8.239953176706674,,,-3.3270976560889816,4.975071001480442,-8.720208173135017,-8.66890931379393,-0.29981992761130655,-2.198895111203928,-12.975739400128425,1.6242317501409218,,,,2.6547780626809394,0.13200202947312664,,,,-5.082472858860848,,,0.9389740349839137,,-3.5385646561685498,-36.419547738512975,-3.0899989333069184,,-0.3558370134342191,-26.899945519248153,-4.897386132570438,10.990253386536338,0.018221337236246454,,-46.47221981060236,2.6300542241850033,2021-12,-1.2,2021-12-24T01:30:00+00:00,2022-01-12T01:30:00+00:00,abb80a5188f6140844350d89285f37316a37918ce758b602434b50f912da9f41
,,-6.976714249233195,3.7222570508292225,,,,,-0.36532501244336735,-13.327130332573098,,,,1.9597002121488825,,-0.79619951612349,-2.351009329746629,,,,-13.463674035557338,,,,-10.563632314594933,,,,5.38041215223241,,,,,,10.979618515554607,0.5841485631955872,,,,,-12.29913199415412,,,,3.889175815643578,-0.9008894266375774,1.2184781263581506,,11.760926723959708,,8.654181153028617,,,,,,-0.49272784142664505,-9.211300319090764,,-9.245382919606971,,,9.869672844513582,0.0,-15.210777819745813,,,3.303693068683039,-0.9723564912440548,-0.2815428536488221,-13.379871750604128,,1.8295273216668895,-10.067612681232793,-1.9963347646750795,,,,-1.6151604854882946,0.06533101277664348,,,,2.0557341530094737,,,-3.0041784902507978,,-1.1870447200220897,23.96344493780018,2.501594223955606,,2.8132901686149228,,-6.658522145140884,,-1.0123953420789507,,3.92606609602538,-7.640790901144927,2022-01,-0.2,2022-01-24T01:30:00+00:00,2022-02-16T01:30:00+00:00,4bf120f98fb6ba394a6f63052d7a9ec30aac17779f9eeb98a4be9150c2e8f21c
,,0.15107696228170617,3.574002397698206,,,,,0.40330306158768914,4.257199793633413,,,,14.633039262212556,,4.1283232099615725,3.9144017214293734,,3.2321399693377924,,4.195981833147781,6.524844108258568,,,7.828830505916449,,0.71792952810355,,1.7155816736018854,,,,,,5.935102887426603,4.88993025859419,,1.4423083363384037,,,8.752055537986317,2.606108726788161,1.4699490406603506,,13.73469030834144,-0.23794904477006207,0.41794432529049647,,3.2539927745584585,,2.993707695516677,,,,,,0.4330776069316718,2.638565868136572,,-1.015881752499124,,,16.234881083960094,1.5163292803345365,-12.94580672368867,,,,-5.314313606999463,2.7985100636332083,9.992727381048239,,1.0710382881081126,-0.8656397229815892,3.6879482652887554,,,,3.101121544900713,2.4951280968779024,,,-14.005440190468427,14.859201008226899,,,-2.437163682128618,,2.3007294734858315,-13.208672087491117,1.1362354473472924,,-3.3254183838781635,,5.032022864342387,,-0.04207758115996014,,25.82246102295504,15.264681071999716,2022-02,0.5,2022-02-24T01:30:00+00:00,2022-03-09T01:30:00+00:00,6eb7cd117f67fd32a7778856b8898663b0ab40bc138ee5cb6472fd3cb4e3adcd
,,3.0867268053030754,7.018839267100365,,,,,3.2463955443229353,39.115387881911204,,,,7.903672848400467,,-0.46204147033234844,-0.38615649841145766,,1.677336749866523,,40.037534323899905,0.5550116645188048,,,37.41110463187985,,-4.169111270658264,,0.20430065768368005,,,,,,-3.2860390213447603,10.15503207831587,,2.0775772979615743,,,29.872342124108993,8.199074111891541,4.78059573130422,,16.95125098852294,-1.456309215279973,11.231528247216431,,5.072727544381711,,15.239678079395713,,,,,,-0.19184484554792106,0.44643746766000053,,2.271391025353213,,,-6.064156881469826,3.9596865123110385,-3.3060862260888175,,,,-12.966708972152876,2.683727157129086,39.46541920039488,,-0.36457214221861073,-0.6395990405820393,-0.7111937940010162,6.601427477749823,,,-0.3611086211043671,7.637367268714791,,,23.356003954169164,7.278555156075554,,,-15.378473802019975,,1.6192025412865372,29.65619012725614,0.9179635918029027,,-4.834995699905963,,11.620184053387622,,-1.129537053193487,,21.736818045893887,-6.600714790261398,2022-03,1.1,2022-03-24T01:30:00+00:00,2022-04-11T01:30:00+00:00,fb20f6023a5041d7bdcd1441e24dc86359ceb8b1ea9b6f835bf5e605cbbc87ff
,,5.790831903845219,1.3513013549067836,,,,,0.43646569317143036,-21.197025071608454,,,,-13.208484357507261,,2.8592649824836336,2.1894793824156236,,2.591941917864377,,-21.13131226841871,-4.084717107081721,,,-28.95146936122116,,1.1820406223476414,,10.451339182935037,,,,,,-2.0953064343351504,-2.1348618272669326,,-0.4554016770010277,,,28.947078970328484,2.266268926500579,-1.2546248173832724,,-8.635804636449599,1.8984165046268635,-0.9676387265819104,,2.1811246872399113,,-8.834299471003819,,,,,,1.586978301961089,4.055396411484474,,-1.171316466365309,,,23.115897457581983,4.200739400853874,8.841095734405293,,,,2.313114574732857,1.0160949448620575,-30.522638210269047,,-1.3346750561269354,0.504267942112317,3.1331894816395374,2.0908881559619563,,,3.7261252850545628,1.0869672236903891,,,8.55051003465492,-12.928507790027519,,,-1.222324328223104,,3.723755965062331,0.572830386028408,3.262714363703225,,-0.504480364113279,,-2.4632666577027877,,-0.013302294665438278,,-2.865451929511619,-9.261998938035495,2022-04,0.6,2022-04-24T01:30:00+00:00,2022-05-11T01:30:00+00:00,c9b961f9e5dac6cfc4fe373480314330be09f30dcad893ddc6c3051bc28bfc95
,,3.4925659765047183,4.7075737355642255,,,,,1.9462424592377923,6.051257072101798,,,,0.9236715570761788,,-4.020950402146368,-2.2260589964272763,,-5.3370998015448405,,5.8337551233312075,5.71129545737164,,,10.441234387595195,,-1.2616965131295008,,-8.980274934626548,,,,,,-5.73272680986328,2.1684941795871144,,-1.8605600922544712,,,0.16071145045825433,4.189744204663618,-0.8644364519545845,,-6.013213772229388,-2.907588971661826,2.196390563801541,,7.937038016143605,,5.0550623190395205,,,,,,3.019064085315792,-5.8777284083840655,,-4.496831621302221,,,-4.083469688480043,9.948754759830424,17.58906664636642,,,,5.595702911631582,-3.7961639529724915,12.838543148611098,,-1.4462298215366516,-1.461586965663697,-2.9853550292716626,9.712973007794488,,,-3.539182165160083,0.4627116205281027,,,-6.86573167259485,0.9824170898489131,,,1.2953411053836068,,-1.8051882235526648,-8.358720430739439,-3.8553347970113823,,-1.9594891886449048,,-5.505159393277681,,0.1382574467129719,,-3.329311706385494,-2.538533271524818,2022-05,0.1,2022-05-24T01:30:00+00:00,2022-06-10T01:30:00+00:00,ab6c3e0bc9d863df0a73cb7653306379d88e420ee2503565f8eb84ae79e94413
,,1.1435387523163665,7.379126276163094,,,,,0.6047503714715989,5.019078934730373,,,,7.639120721710932,,-5.977614180079815,-4.139823435469264,,-5.525629398953842,,5.027513716401038,10.85418670904488,,,4.3297583736705665,,-3.0941009207834864,,0.798913207748275,,,,,,-1.7770107369805788,2.762928897303844,,0.3445232101630018,,,-0.8061525896254994,-1.765905928168506,0.5981064455813542,,0.6117804021053289,-0.2155658091964927,-3.2590395026697383,,7.225178002527254,,-3.457134406508856,,,,,,5.61920058165338,7.8155115427399435,,-12.227705350371314,,,-4.672418291666105,4.969738560622198,5.644131090495163,,,,11.636444434305544,-6.625078359934432,5.078465529753253,,-6.575684435834593,-13.538402473336053,-5.031349261136769,-0.05662870597440188,,,-6.7869926705824115,2.042930626944147,,,-5.080371789222284,7.995222391829647,,,0.05472761650664569,,-3.50040742104571,0.04828751861494008,-1.4045438469760065,,0.7150551711085285,,1.2183932248293317,,-0.15156151112426763,,-12.3398351600353,-9.953075860370983,2022-06,0.0,2022-06-24T01:30:00+00:00,2022-07-09T01:30:00+00:00,95b04bec3e0ef472ef81b69eb1c90641f7244b1932d2c201faa4efdc6b1aa480
,,0.08432054179709741,-7.539563650882529,,,,,-1.1012971602683823,-5.235958203078572,,,,-5.804285245101281,,-14.130562216063842,-13.727136843143045,,-17.597141644341878,,-5.603838052347034,-17.028548182603096,,,-6.1174223369153635,,-2.527565924136986,,-11.041874409044114,,,,,,-11.8253148595432,-5.882716988199775,,-7.748511398486496,,,-14.56610259141888,-1.6060873611320814,-5.979372261704906,,-3.2007290766403504,-0.3609869088900548,-2.861931660812152,,-6.144311336563638,,-5.9666340041326,,,,,,-4.104826569495456,-7.12814733533367,,-8.563320386727542,,,-4.639722220299889,2.244630565226681,32.06685714480875,,,,-14.912980470510274,-25.21023118845941,-5.4527641576367,,-21.711432499392824,-8.511285542847427,-12.306883986521482,-21.431615194742086,,,-13.451543534154514,0.0737758512415447,,,-15.315584366240204,-5.969669835920813,,,-2.0459210615931678,,-8.63678897295365,-13.227110337890249,-22.18558192158124,,-4.199440858377561,,-11.328492423940704,,-0.029275173531408676,,-5.4308656361624505,-4.359317146099292,2022-07,-1.3,2022-07-24T01:30:00+00:00,2022-08-10T01:30:00+00:00,9256c0763b3b803488f37d171d60f778cc84949a3f7498d1cc5af8e6c32fd4c6
,,0.7886858544791326,-15.642795790245959,,,,,-2.1769716033490063,-7.976199541111728,,,,0.431897691912082,,1.1575751275652242,-0.6768567139358803,,3.180480087006636,,-8.141503310990341,0.31567277085039047,,,-5.444631700168008,,-3.313736885643147,,8.691728080674094,,,,,,4.077849007732882,1.7773450322909272,,-4.272120989111662,,,-82.30824075884225,1.2328523891996312,-2.8382673330493073,,2.856623586055263,1.2691197791455542,0.6956662864777717,,-16.8334225613839,,-2.090408994403161,,,,,,0.14984337363022562,-9.524529424620521,,1.0242677148822192,,,-9.212599016910232,-9.041563559643107,-5.455898425043449,,,,-8.341711651992332,2.249191091165377,-5.535856395371415,,-5.145187402181762,3.4635496662756338,3.9249020824799197,-9.130604190947237,,,5.002467326431458,0.0,,,-8.350797093826596,0.16514921504963453,,,-3.178472706067939,,-3.2185907968348713,-19.906263383451442,9.668449040445585,,-1.8093315821150728,,1.5761560362467932,,-0.023958790994295695,,13.087376984285187,1.0506770976231263,2022-08,-1.2,2022-08-24T01:30:00+00:00,2022-09-09T01:30:00+00:00,eaa7e924da46d03926c184aeed420012651baee080fd80a3ddfd13b61dcf06c3
,,4.335479510675468,10.998109583037847,,,,,0.49644318407965715,16.53123970336505,,,,1.8033934671597858,,-1.4269793501472041,-1.7442982407516485,,-1.2819108120964544,,17.162564340994034,3.677098687899119,,,17.60020815789906,,-0.9631174144371022,,0.11292877606321138,,,,,,1.4181358509779762,5.629948710584216,,5.30446876454631,,,-34.773818942061304,3.223195119779837,2.2924171096468644,,14.100701497333798,-0.7402067182835029,-0.16535092197672754,,0.6218861590429894,,2.768899338999928,,,,,,-0.7960547000763812,2.2780284066118193,,2.3062652389356377,,,1.243903424268299,-2.7116263373111047,10.208412611327965,,,,24.045526616059593,-0.2946409575437852,11.274264677294763,,-2.059285551727554,1.5947805162132136,-4.979854823105233,5.852921597372731,,,-3.6147476251673174,-13.095051328760066,,,-0.12488781235293679,1.834045374002074,,,-4.8444664620472295,,-2.897685380639107,7.385750681870172,1.2524036387108786,,0.5939842276690996,,10.518998040548874,,-0.10655302020382848,,-3.2292349829585425,-3.2152258866577825,2022-09,-0.1,2022-09-24T01:30:00+00:00,2022-10-14T01:30:00+00:00,fd045770639810371b7e6fb1765753aec338cad384636eedfc519bc02e0ae9e1
,,10.1537819265033,-9.883612617892078,,,,,0.40269493575036586,12.401026518303707,,,,-4.812289227794154,,-0.6884106295451807,-1.7152589528150863,,-1.49732209606771,,12.511567913976194,-4.627122300111159,,,10.502113837049777,,-0.05280140926430418,,0.853098965048378,,,,,,-1.3873036240248973,-1.7617256597473017,,1.7531951895553293,,,9.58955742305253,1.7757940074227512,-0.8761544764480607,,9.920155883555788,1.5932798850306775,2.1983844532304406,,0.30694486306467683,,-5.452722403840378,,,,,,-0.6642255935475102,-2.094900433287556,,5.183036188102386,,,21.957012695411855,-0.14200438918232638,15.595736505220724,,,,-3.2994250936058465,-3.601945800495459,12.06749300061066,,0.08544242865587859,-0.1396973451866726,0.25880055661247237,1.380436045186211,,,-0.1078032069304487,-2.9073373586091007,,,3.913509587896766,-4.924273354780522,,,-3.0733576764759793,,-0.1417909215675691,9.032182722019153,1.0717050860290962,,-0.6333736089689481,,3.7078708739298207,,0.41491628225468247,,6.551624363250109,2.2626191190846656,2022-10,0.2,2022-10-24T01:30:00+00:00,2022-11-09T01:30:00+00:00,be75f2f254bf79855b6143854473b14dd2758cbe2a6d4e8e5b59de54b28af9de
,,2.8833522326579732,-4.370341019996378,,,,,2.4112339453525733,-3.887349640763296,,,,-2.069258774994351,,-2.5831300691814794,-5.436053896210196,,-2.4758725691021297,,-4.102428035082246,-13.473394013225176,,,-4.51124111484655,,-2.8814089731696515,,-3.8034584260512085,,,,,,2.2196391943862706,3.2710676249148127,,-1.9229197268022125,,,15.268655072236893,-2.3452372922846414,-2.3027353778773496,,0.6763612690736329,2.2468011935170615,2.6005601111815566,,-11.14945874223938,,-1.7282936986966497,,,,,,-0.039717831237829945,-10.916006024657854,,3.0628389490117938,,,-20.402674286465647,-8.868742191687918,-13.095606284679,,,,-1.7255248559437368,-3.917696916212971,-4.520493285859111,,-6.502346836807726,2.7121864690302515,-1.9014138426703187,2.5036624009128974,,,-4.030894867290153,0.14702160406128875,,,-11.952607626983367,-2.1526408399216344,,,-10.037943499548112,,-3.4096603543445694,-8.662611760157592,4.990887183043359,,0.029333992860083955,,-4.2446690247256935,,0.5056733436527404,,-25.3047021479823,-4.783058319924071,2022-11,0.1,2022-11-24T01:30:00+00:00,2022-12-09T01:30:00+00:00,9a55ad233fd9e9f81a1e7dacc09b523133b177c19ccef3f75841b8a67e9961cd
,,-0.2021564030781759,-2.6571494365365025,,,,,1.7535005796322505,-11.138901620813742,,,,-7.544429919457972,,4.7168594189679025,5.635016003242813,,6.69236955157345,,-9.812619852081635,3.1395027059928493,,,-9.70030922123243,,-1.5797732168136804,,0.5019227896147169,,,,,,-0.21551903664492902,-12.542944239653325,,0.8327077606523798,,,-17.37555244859113,-1.3991162536993629,-0.4652053140451806,,-14.025021938540998,-0.8412049513707057,-0.42772195136348296,,-7.647178213109653,,0.13286054406208742,,,,,,-2.994456156032963,-7.104269748533583,,-1.8510026770868322,,,4.567501419036093,-0.6491187595827748,-28.90547562637532,,,,8.175512310080268,3.410811580084219,-9.634135703459211,,-0.9769578543337398,1.7309637535091607,2.5977988085641885,5.778691149300912,,,3.469950610061422,0.0,,,11.952607626983367,-7.603799257715377,,,-3.4401426717332435,,0.5125295957565612,8.662611760157592,-1.7434127957897398,,3.2102163362269494,,-9.298301922332977,,0.16623353037095318,,28.51495725351721,-1.9976839530674508,2022-12,-0.5,2022-12-24T01:30:00+00:00,2023-01-12T01:30:00+00:00,a7ce80285378d2c4749547b55190e929f3ebeb352a37159a741182685cc82e5a
,,-1.9805999983148919,5.393584239703922,,,,,-1.4081508816990094,-9.294931963696444,,,,7.457921845522006,,1.0557015336638231,2.7400268647117905,,2.1096165511248466,,-9.29325874813797,2.69422975158402,,,-7.979938648120716,,0.1900383713691825,,-3.0817282728411377,,,,,,-2.5192358419709118,-4.234013032417512,,-1.9817100726106447,,,-22.015958789159708,0.792620870615682,-1.458873728747719,,-2.2032767166368545,-0.7866153177335954,-0.4950890528711004,,6.052762187936332,,0.19056165390031035,,,,,,-3.751720490216571,2.2478241476212006,,-4.963860659080243,,,-2.890660949769585,0.0,-22.040006536845887,,,,3.129267647803019,2.3085094630142877,-5.406164173823118,,2.8620510209487366,-7.470817624112391,,-1.6225741329103753,,,,-9.200699934139953,,,-3.8276324649673255,7.739848256332118,,,-4.082199452025517,,1.6916997187714597,0.6661816821981082,3.6843865317611386,,1.6291672170104725,,0.7079675588061548,,-0.03955435479087046,,-16.881037703946454,4.818467892506721,2023-01,-0.4,2023-01-24T01:30:00+00:00,2023-02-10T01:30:00+00:00,6107f8e112f0a37ec7d3e748a92d1a975bf9b8274bc7cf3ef9ccb437c5df4366
,,3.2090125153287734,-2.4602328209071254,,,,,-0.7241109597178853,-18.450745167172425,,,,1.3631891252446715,,0.11560825959773056,0.9138414517643538,,0.15354998705738732,,-18.45117085283231,1.4199727079813644,,,-26.55413992425814,,-1.5429547601774567,,-3.883991590469782,,,,,,0.5870205998388486,3.247960502715349,,0.016939718841160353,,,6.488762220587481,-3.2284353881673904,0.06041014817110463,,-1.9339091526698913,-1.0996810488838713,-0.6702395975771097,,0.5669998990344461,,4.4910160530755,,,,,,-0.9095190307753446,8.767229597531086,,0.7207238404949167,,,-13.738924551463116,1.1024390974895495,2.0339684237122784,,,,-17.70726911787519,-1.9046997538707038,-26.417869445452713,,1.0883626818696028,0.0,,-0.27176458845953944,,,,-3.8242307270600246,,,0.0,1.431528886974662,,,-7.758548606128522,,-0.45781309657608676,-4.980282248381825,0.09240299436846494,-0.07522537633767254,-4.618398237508189,,2.467160440768352,,0.3107391766722233,0.08973872828088637,-2.305289948375592,3.2398992531324806,2023-02,0.0,2023-02-24T01:30:00+00:00,2023-03-09T01:30:00+00:00,08fa2af6063e1ae33751e75d4a3c03339c8f0e1a54f24964e226ce2c7a253c3f
,,1.3644051010060614,-0.48595497023400924,,,,,-0.5564445080475255,10.105851060007073,,,,-0.4343779111035526,,4.283898937578077,6.103740955163793,,5.112096342196466,,10.121882679752849,0.955693878851163,,,14.937333788267912,,-9.461692594462265,,-1.6684177587215723,,,,,,-1.5335903014396222,-0.7633288866911331,,0.02298502958859224,,,16.234439419756754,-6.908562462454236,-1.3505502614776093,,-10.256748325770088,0.5236255240887917,-2.7171170334101937,,2.7470698566949747,,-5.575698658863542,,,,,,-1.2401776227136108,-1.2872619975899742,,3.6019508980969053,,,-21.051399733546127,-0.04581245606253727,1.3333530869465169,,,,-6.846603893567282,-1.0093928139981472,13.622002958936324,,-1.1948008442333558,-1.2080359521956976,,0.8796241324690239,,,,6.861028157365621,,,0.0,-0.2842192655860583,,,-16.48391098470143,,0.7903601736512522,4.167269640056808,-0.9576006580568407,3.6515019545757,-5.257164713814948,,0.7574283769340193,,-0.06049209184637097,2.6016177191314296,-24.60391426921985,0.5167089825735642,2023-03,0.0,2023-03-24T01:30:00+00:00,2023-04-11T01:30:00+00:00,884ef39d5648cc7c4b59f348b869a7981c16df73a47fe99f59f183fea83a1adb
,,-2.647390585911192,3.8611836507231683,,,,,-1.9190819384774187,-10.385597605741227,,,,3.8293489166503054,,-6.200656688618003,-2.8621537974828364,,-4.760999689254412,,-10.40699323025773,4.397336512311969,,,-8.728686824452488,,-2.0654184517390974,,-1.8636816070393363,,,,,,2.3924404450547603,1.266919431810523,,0.22111205369282041,,,-9.731515578508013,-11.88308458291892,-0.67168722555432,,3.8084606430000756,0.3104947663528234,-7.264603983471497,,4.167985582769358,,-5.975116614771304,,,,,,-4.31893851890991,-3.682837592138926,,-2.1759017761812034,,,15.079960055150249,-0.06302641588339779,-6.851994643675606,,,,-15.814876607408952,-2.380871774073528,-7.685502265990005,,1.8648167443466535,4.142463253773551,,-7.530252513482365,,,,2.9498374173682897,,,-5.148018897030812,3.405401695483296,,,-15.636596165329001,,-0.7242577124331366,-17.824823140631878,2.261338952072516,-6.900791764102947,-0.7013042172337061,,-4.583187543887899,,0.0,-6.7433463745765225,-7.994192627598899,7.5514760542838415,2023-04,-0.5,2023-04-24T01:30:00+00:00,2023-05-11T01:30:00+00:00,587f85f21ba8e8f0e1d70784cd3d5d2413957e90ca49b98a278cbde7400aa49b
,,-0.5853034298300371,-9.096408222764474,,,,,-2.5910785454403387,-4.214964110191036,,,,-2.744746700920258,,-8.410580593821521,-7.3587137465703405,,-9.565131012529585,,-4.161404451416001,-5.950752682057841,,,-2.4701163533326733,,1.5788161619999495,,-5.765183844525968,,,,,,-2.057139922175586,-3.921223723970866,,-2.883490765723948,,,-40.09780518341028,-6.850919204869673,-4.8394265257440185,,0.37415566414089724,-0.6133469640546678,-7.721385964712367,,-10.311079592381091,,-11.276559900255544,,,,,,-2.2063015650404845,-1.9963796667010554,,-5.642989218624603,,,-6.981184955946723,-6.090944529498009,0.7067167223092353,,,,-5.401269543085645,-4.726982753292204,-1.6926206104069381,,5.894701898340913,-2.2165491288772716,,-9.24774294278767,,,,2.9606578616433175,,,-21.885992397719985,-2.9130423946951334,,,-16.55237511553874,,-3.7603247051744857,-23.233197736861598,-6.275230612056686,-7.507101103051017,4.916241253056685,,-5.697255932437157,,0.22862558738485483,-7.615877404168815,-9.009453881109883,17.84893449017519,2023-05,-0.9,2023-05-24T01:30:00+00:00,2023-06-09T01:30:00+00:00,ed457ca7603c20b072ec957ba81690fdc8709a03bf795a895094b2df8a113f78
,,-1.1718942954047267,-5.46974798130665,,,,,1.4988973692117913,-20.907141213807638,,,,-0.4938281640582454,,1.5676919565133083,-1.9140270016085668,,1.0530613927171537,,-21.006613792776015,0.31560787464946294,,,-21.551814692126868,,-4.202357949650066,,-3.2926238083945942,,,,,,1.7286777622567213,-2.9761047160830123,,-0.9887227254179984,,,-2.2847551416300194,-1.9808040323713034,-3.4412298735036435,,-10.691000420847208,0.44074912676991174,3.3347488962371545,,-8.5063972539957,,-16.806966099820634,,,,,,0.6447941831249113,-6.13207501836054,,-8.832553356336948,,,-1.7452449951226165,-5.342275238926315,0.701757265864654,,,,-20.356076379707325,-2.4385504850348223,-23.10482057117656,,7.429804770035786,-6.9861836706351,,-7.677401204032323,,,,2.833417131887949,,,-7.587154384255218,-0.6268552720562227,,,-11.504091957458467,,-2.802118757191053,-0.5120781156277108,4.343103538165293,1.1717099465404701,-0.7624657933607427,,-16.11218114727891,,1.0860307761297472,1.7514390905047157,-2.601896866761921,-11.663599793358232,2023-06,-0.8,2023-06-24T01:30:00+00:00,2023-07-10T01:30:00+00:00,2cee613245ce77a8358eac2598a70632598aa3a2277c68c0ddfdfeaaae247c31
,,0.0,4.523354652314083,,,,,4.227823131074827,8.400566387613665,,,,1.0912202881125475,,0.046974473946161,-0.8100998442573427,,-0.37463798918050717,,8.411579548071993,2.135274186928572,,,9.46773852041494,,-2.121730569641725,,0.45189112792392105,,,,,,-1.393407484897438,0.8629856296097511,,3.2814914092485012,,,-2.594261275313191,0.5890411651289782,2.8407849839158805,,10.237156007352596,1.595983826043014,0.9280892863201372,,7.527239477116949,,-0.03183446107267059,,,,,,3.7645402351075488,5.106511378532694,,-7.334397867791622,,,-10.865772682854956,-8.894972754324492,-2.8370697129215574,,,,7.8136129402954735,2.948313442595771,9.397551160486561,,2.1702328209797455,-4.0704810557279005,,9.143741303131653,,,,0.0,,,3.485353188464011,1.1749431050193015,,,24.44419993164434,,-0.02566241112433825,9.138315976792198,0.9111879802995051,-1.56444619435784,2.685441052411952,,13.449400894768823,,0.8712230177353066,-1.3177781114481804,1.2269180192628824,-5.588443035130651,2023-07,-0.2,2023-07-24T01:30:00+00:00,2023-08-09T01:30:00+00:00,1310b79d2c847de335bc97aa02b87a8e79964d1a9a61b33d7f5cb404f2e7ce29
,,0.0,9.412827145387125,,,,,1.8673692038416005,-4.7929607402327035,,,,4.9474540603167805,,-0.20041326466095255,-0.037091529956287284,,2.096235495568605,,-4.768483813118599,1.3680031646484563,,,-5.684041552033305,,-0.5209873832898474,,-0.48484467601583836,,,,,,0.9532329674918593,9.257540361632314,,0.5774449951081595,,,32.40325461455736,0.5819538274720135,2.0880045054670147,,9.861078322909055,2.4156414327601716,4.1195756438267335,,15.393539364650783,,28.025184612144514,,,,,,0.745383248983762,5.253592640789149,,-3.6833627403910794,,,4.65446252646422,0.24551939659498576,20.71896233719682,,,,12.067755531198362,4.487669644642935,-6.6189095922327,,1.1869541914486532,-0.10658141163477697,,6.13438240394829,,,,1.0472302469549655,,,11.82801064992117,4.789341869876881,,,16.558120428202947,,-0.27843239234304995,9.605917818230978,-0.5368940990203009,-1.2314989414567634,-3.100064348274538,,4.044041831657619,,1.45652249109178,-0.8666125918993511,-7.433350065418367,8.564882179233061,2023-08,0.2,2023-08-24T01:30:00+00:00,2023-09-09T01:30:00+00:00,a4331b2499df57dcdb4db2c11692af3b63f9877febb15c1638c25e3bce6e2d87
,,2.596305431355051,12.475851736726337,,,,,-0.8342436830035022,11.659865898918795,,,,1.277783237304528,,0.34860900892699226,-1.154212957864471,,-0.017624029150441405,,11.661561999174179,5.734054661524485,,,13.01756847775504,,4.277263813803024,,7.908753864333905,,,,,,4.983353615420761,1.6910104182466659,,3.2235187318021574,,,41.178108073327465,4.627938145102574,7.771101180496055,,0.7513819440571343,4.849000224565949,4.581262509995556,,11.256758475306974,,7.503977526002238,,,,,,0.11668277957648143,18.295199508838625,,-2.043578038698142,,,14.200636033001066,4.456751106775558,-4.179712867846159,,,,3.118162305965519,4.279216010978683,13.22536186166387,,1.1390531790248353,-3.8591745439098837,,1.259802135914307,,,,4.20137785867034,,,-4.259048118856016,1.470179206792399,,,-18.209521897971158,,-1.0174913710760842,4.237156255011742,1.2653647959921488,2.439972862963956,10.045588371451558,,4.087061289036862,,2.066277397189297,1.917123162327248,12.645787373731181,1.4934168929625973,2023-09,0.4,2023-09-24T01:30:00+00:00,2023-10-13T01:30:00+00:00,5921974c8f20d9724146ecda3452cd1be262646b5e5cfb5d4efad53632adc25e
,,-6.621702836979698,-12.125633362252342,,,,,-5.785435133308488,10.199542066488064,,,,-2.0223021991825214,,-3.09043278317033,-4.249761176571517,,-3.570480627758828,,10.148471060569305,-4.390983232363169,,,11.067723915461064,,5.318942672360377,,-2.911347319055152,,,,,,-1.9127328938863084,-2.0731287351197287,,-3.688118125317203,,,-8.355521657288131,10.101094597591558,-5.275155853226758,,-9.832374098822385,-1.769127995606974,0.6371958759648749,,-9.33751022990641,,-2.4666109696091185,,,,,,-7.3503758073029415,-8.376815132228904,,4.110167568555178,,,7.605972294927119,0.21085403665242677,-6.9428506431762775,,,,3.970289060946594,-7.685628367308259,8.29780611231055,,-1.8697388715247372,-1.5075662405447272,,-5.2763731085614,,,,0.6871628213401899,,,8.883294227090614,-2.1490684401610043,,,-0.20470836217247995,,-0.4603999706319642,9.6542752016713,-4.061657225496173,-1.3551293889809735,3.2332533864911883,,-2.12688848745215,,0.545190060033785,-1.2748502166108866,8.560152122241684,1.513299276601503,2023-10,0.0,2023-10-24T01:30:00+00:00,2023-11-09T01:30:00+00:00,1bbe6c03f2c547487e7eb950971a010e15947a0bed25bae6ea69c5590c37ee7a
,,-10.375637396726734,0.49078861267983115,,,,,-3.6112134659351938,-7.084910386928299,,,,-5.28869141325788,,5.2608486570992055,3.941548190616214,,4.328022001950948,,-7.014357115504601,-4.112882246902628,,,-8.47897405336748,,-4.462646862833728,,1.1168101187738384,,,,,,-1.0485465503210278,-4.737365616902851,,0.027888422241693987,,,-7.090263573413836,-3.4676508113013655,0.31820459264179674,,-2.599630268306168,1.5111303841363686,-2.020738457505635,,-1.1612252470156201,,-1.8314896040110284,,,,,,2.119271132014325,-4.2333359104871136,,4.80441738327106,,,-16.094355868512466,3.8178584027952858,-4.683129968409909,,,,-13.553208660144595,0.20809549445723707,-4.8489477162728045,,-7.522767837734305,4.32157516687499,,5.164319311019596,,,,0.0,,,-3.836970386097329,-5.398557609005226,,,-5.619571441367438,,-1.153753699181377,1.1581342145687894,2.231240565121593,6.6245901132015215,-1.9205124993615832,,0.08935220251960319,,0.5766403361313116,6.3534454746098925,10.274262871777953,-6.686616056658303,2023-11,-0.3,2023-11-24T01:30:00+00:00,2023-12-09T01:30:00+00:00,d1b9f8a641e671b5d9fd9c44c70437d194207bcb398d85403ec80618714d3148
,,-0.13774910831814852,-5.211334640248041,,,,,-3.971577032702383,0.3987643605256157,,,,-0.330560721319072,,1.1287072590588805,2.145173872825578,,1.7734210902829513,,0.3678986648121836,-0.35252918533701044,,,0.607180864147388,,2.3757203097211956,,-2.821477295225689,,,,,,-1.1415132693562366,-0.8342629994604102,,-0.9966697996068419,,,2.2679923221370277,-4.797298417459625,-1.5771374340606608,,-5.691404794715515,-6.328254440231289,-1.4165067019381463,,-11.001967965526594,,-0.13016914109827737,,,,,,-2.699114486658286,-4.111676891721063,,1.721316846915344,,,-3.577576910700294,2.2402769796365836,-0.6872879287762065,,,,-9.302852080965494,-2.090347130312172,0.9969355358089755,,-3.3819678311784056,0.16150743752982777,,-2.6166229262969103,,,,-1.7153079226249468,,,11.970122147451068,-0.32094382684918216,,,-9.148685775709135,,1.0513962012698561,11.040797547586855,0.9412965856607841,0.626309495806492,-5.531696531180012,,0.7415131113821232,,0.044219526097644395,1.1106273140665563,6.486774562322663,0.520640819057375,2023-12,-0.3,2023-12-24T01:30:00+00:00,2024-01-12T01:30:00+00:00,48792b7e78b9adf5afc2bb424c5e2f9f68cb0332e760fd34fdf4b88b2ae1cbc6
,,-1.1573183343026108,3.5057840844427846,,,,,-6.032291718298024,-3.998909105782198,,,,1.0936697515504024,,-0.5843768127013893,0.3237201178981794,,-0.5613151447391708,,-4.00310298298937,1.8021888172247191,,,-4.466219744336651,,-2.3512623162029214,,0.9668089622148226,,,,,,1.5881735686671223,-2.1074668031491797,,0.2140608138268422,,,-19.34554890182641,-0.8355926841630525,-1.7195109924374679,,-10.613876188981065,3.541930071843316,-4.597315366519221,,9.368117880538364,,-6.4292300302157015,,,,,,-5.888000931750016,5.572986414611807,,-3.2869666329760183,,,-2.7567615362256657,-0.07555248108554673,-5.675281659244948,,,,-12.66905390991041,-2.530674538880581,-4.616418173440116,,1.8222067108091027,-1.1904902506318427,,,,,,-5.329858172436196,,,-8.133151761353744,1.2697902514180917,,,-0.8108797113952503,,0.30675871720252407,-6.373556727743786,-1.0546028855471292,-1.2821666910302056,3.303955163440906,,-1.9308828262348552,,0.1104633435429535,-1.3823270591040495,-12.204211080701947,0.9058746468354825,2024-01,-0.2,2024-01-24T01:30:00+00:00,2024-02-08T01:30:00+00:00,daad78408b2fa9d5a6746da4b87fbf1f6b5037739a7e7cbd65e9e96236ae905e
,,3.883587292806666,2.3378844896854787,,,,,-1.8839947120430107,-7.5612244817543734,,,,4.831121011438826,,-1.930293959059207,-1.9255705993635586,,-0.22028751171879146,,-7.528676783853561,-0.32310205814464205,,,-6.784978244122709,,-4.1934411341848605,,5.642698045920307,,,,,,5.965563053285369,2.7591027403129997,,1.965682904158899,,,14.483094787845605,3.737346163080204,1.4924953442149593,,-4.334971322224321,2.6262671626300116,-2.995902664682536,-4.782569802896236,1.3871090136796556,,3.4441577632319547,,,,,,-0.7424926339114313,-0.3574952187997012,,-2.928280520048788,,,-4.613811759702614,-1.8542626398952389,2.6847250036188055,,,,-0.869652895607571,-1.1400371303933814,-7.059227019990311,,0.8279072150282119,-3.6537507431358938,,,,,,1.8120689536211396,,,-14.433613945390247,5.144973600985413,,,2.9643636902178,,-2.7759109067937984,-6.118402702843444,7.347374049127439,1.0773093974483072,-1.3353630595437211,,1.2690578104067067,,-0.022024006255753216,0.7212046001256022,-2.8551160223208503,-10.234388718577545,2024-04,-0.2,2024-04-24T01:30:00+00:00,2024-05-11T01:30:00+00:00,94dcf18028961de7752e393fb9bea9f516c55bc803ae86c4ebababb6c445df98
,,-1.3102608349079685,-2.3283426566921164,,,,,0.013085294328755865,3.3187257701832444,,,,-4.159440891434903,,0.7184321928346974,0.38654860655774387,,-0.052521009610668884,,3.319707824041756,-3.9609138095045826,,,5.092009042725695,,-3.816425595830452,,5.045998415350105,,,,,,1.1521483454534611,-4.36741673075921,,1.7101063753691101,,,-6.4520251458842885,0.9105764149337784,0.39241903049081656,,4.242953832409717,9.046323759950557,-5.047764881366274,7.192843572478817,0.6920678777347717,,2.415903824992259,,,,,,2.032550016080832,-1.01496900136215,,-2.783870622788388,,,1.928590688658325,-1.236650654213339,1.31580845775112,,,,8.757294591719832,3.3525822360190243,5.038653899823465,,-4.672206630679765,0.5023733702716996,,,,,,-2.3895999628363125,,,19.529219260228075,-4.173392460256516,,,1.0294314537074307,,0.33818392040797274,5.961563734162651,7.19883700776683,2.150150449834498,-0.4252330415778196,,4.74102259008656,,-0.29411785908162624,1.9885204957936924,7.37842847613808,-1.4500181265470364,2024-05,0.2,2024-05-24T01:30:00+00:00,2024-06-12T01:30:00+00:00,185b84491aa815361a50fd4c8253e6909c401f993673fd55a6190bd07987038a
,,-1.7969452576772071,1.3478712156778987,,,,,3.201852844588581,3.1041702685569508,,,,-0.4654316832533053,,-2.116697550008767,-1.8587316702638805,,,,3.065063853811115,5.566084710555382,,,2.1439137264331496,,0.4202971187865349,,-0.4338860714446611,,,,,,-0.2755994327066642,1.3435602826116868,,1.4587990428881437,,,0.08765522840279728,-1.212800826058335,1.419336429109685,,-4.459300070641135,3.374630168273053,-4.4579746644101625,-0.1063716726189878,7.088006156025129,,-1.9750241713861656,,,,,,-0.8340039804498662,14.526215807982926,,11.767232433603777,,,3.18228216597618,1.8247233774489842,19.53087523207659,,,,8.7156331836449,1.8135941379596652,2.464098388922745,,-2.3039015483395504,6.75441611427538,,,,,,-9.24123270157353,,,-7.128786011340018,-0.5523025672863029,,,-2.5557798076173506,,-0.5858717374048327,-1.2739025777429713,-4.176471400260995,-3.035026059008187,6.61567017112155,,-5.706854763683888,,0.11039559538839633,,0.4871043218208802,-0.871927286728822,2024-06,0.1,2024-06-24T01:30:00+00:00,2024-07-10T01:30:00+00:00,4bdde64f0d3f1ed3dd2727505e830e84876760a0dafb0310acfb59bdffa958c5
,,-0.7763812002214834,-0.6021902606972308,,,,,0.1224222877003991,-2.7371973796607114,,-2.8431809589912507,,0.44736608382476434,,-2.461252278640656,-3.677532488099363,,,,-2.713322372623263,1.7138910401057355,,,-3.0675249893480614,,-0.2213910363008261,,1.7614654440187036,,,,,,-3.6072400990550966,-0.17214270088383826,,-1.8593110185359905,,,18.988632955772744,-3.38129473112334,-0.2825210026725449,,-8.036111154520958,4.671760235225791,1.0452985991744324,-1.8822265096401571,-9.452030742413395,,0.24877131898899124,,,,,,-1.2341466857188417,-1.3165295361542724,,-0.20688643407071783,,,2.4134982709384194,0.6985502536864359,2.127739844728488,,,,-8.394326841483117,-3.467959071836342,-3.5739539469752812,,-0.2748743503829087,-1.335972718993153,,,-2.47151676396188,,,1.65858294659935,,,2.033180696502209,0.41094894608171406,,,-3.0996580693623805,,-1.0307864766833381,-0.4420010279666539,-0.5450226285523123,-3.504455231586487,-3.641553574436165,,-1.3528954940319564,,-0.03923780612913661,,3.519264772564131,-9.41156272941657,2024-07,-0.2,2024-07-24T01:30:00+00:00,2024-08-09T01:30:00+00:00,8f4683a89fe832ef040f4e7ddf8beb89e052283b2bb1bd4b713aee1f2391153e
,,0.0,-0.24970117332369315,,,,,-4.108043402179783,-1.1386593219570422,,-10.034797383428199,,-1.5422322744813992,,-8.018835963181964,-12.37849452406992,,,,-1.1181191047131305,-6.369653669166003,,,-1.26727501370171,,0.1489203551467833,,-4.009040272693811,,,,,,-3.3871797251470284,-1.9371604195061454,,-2.060417462500002,,,15.166311635545663,-0.5920564209050531,-1.0577254838727643,,-5.563132301468915,-9.286725020873671,-0.9104643635431824,-7.431488366641584,-1.2813805854535518,,1.5310885271953016,,,,,,-2.3689999763191993,-4.772336844730263,,-4.168528618144307,,,-3.1417452083284783,-0.06507874757865935,9.531017980432473,,,,1.0006984818488571,-4.129252354580432,-1.416497895083543,,-7.48194680628034,-4.283483115371037,,,-13.27002245525607,,,4.450677457565807,,,-10.211881495801029,-1.419074430112593,,,0.3129718308697882,,-3.5709053297470956,-13.278111123381855,-7.827138994989659,-11.352146106495212,2.3788861964014574,,-3.5167895180614717,,-0.16201888854468696,,7.3870194369504425,-6.354218151996364,2024-08,-0.7,2024-08-24T01:30:00+00:00,2024-09-09T01:30:00+00:00,e9c03a55f784d6c0e24fcb56f5778934623ee7eb0083dcdca88e68ff347ed310
,,-0.8555270327658133,-3.556350258378954,,,,,-2.41586657548343,1.7803964214186592,,3.6290001405200645,,-4.985545676531859,,-2.2956157023638992,-0.9428053947804071,,,,1.736521402159927,-5.386112145644463,,,2.0726130517116954,,-1.0509858543966473,,2.668788502696431,,,,,,2.581097605108582,-4.2370132066787365,,-0.9142783706148856,,,-10.887204724288344,0.45661806136096056,-1.613891615155292,,6.154657687210021,-8.605715875585094,-0.5445365458571949,-9.215176925893921,-2.421587021127482,,-1.2549558081168233,,,,,,0.6450902552353899,8.714497837788873,,-0.5257473065748551,,,5.809191229440901,-2.748849059612477,-8.483887993702943,,,,-3.467142024384959,-3.7885571724202087,3.6389795754160215,,-0.6062487138344634,1.6921801161100172,,,-2.3696897651969264,,,1.8541940360912266,,,-12.700210314649299,-5.271618012106661,,,0.8399663296804762,,-2.7512051589716235,-4.512043528046954,1.6256176897068126,4.6453894540696785,9.13512632490831,,-1.6906759056240765,,-0.598796806620606,,7.488868806687128,-14.793519020418177,2024-09,-0.6,2024-09-24T01:30:00+00:00,2024-10-13T01:30:00+00:00,4640a59b3f708d540a4d3a353541993050f3b6cb0287d4f369b3fc828f926e64
,,-14.680405562640228,-4.358908323015257,,,,,-5.2512294815976235,0.26434644758021236,,10.538672076520312,,-5.12413490185432,,9.289729818081355,13.97160297468821,,,,0.2787782035480827,3.4605529177475525,,,0.10513866128192048,,0.6265516066820718,,6.361004232979729,,,,,,5.100660155024947,-1.565103222832121,,3.3856953024361336,,,-3.413300636945847,2.3608341604508842,1.5796269864594898,,-1.8445759606028926,-0.04094941582068189,-0.03695567414305516,-2.663639732438984,-10.560923096432619,,-2.044945448755152,,,,,,-8.261013228076026,2.128432566639021,,6.279281222754801,,,7.696104113612839,-0.5064830455797305,-7.010956618702659,,,,5.892428369354505,4.2998438692504015,0.4922077205428455,,4.019240908677912,7.831330638614204,,,14.019188966139753,,,-2.58423853895467,,,16.67304011419003,-5.240832750644881,,,0.23498715624436953,,8.622755299114814,8.829260714567821,4.011104654655423,13.400185928212819,7.134120817223169,,0.521225615743138,,-1.3411330509884338,,-5.3804157084305855,0.8557656096110148,2024-10,-0.1,2024-10-24T01:30:00+00:00,2024-11-09T01:30:00+00:00,04525b62418d3067c27a025a2a87f7b1863b5229ecce1f0f163d39ff647cec03
,,2.971131491507729,0.4227131678245048,,,,,-0.9585423543404088,-1.6973062628461477,,-8.017155606392876,,-2.0618540880889524,,-3.0035386535405655,-3.05767133204564,,,,-1.6726514297342652,-5.281252875646619,,,-1.7891935769153526,,3.616234498765531,,-0.43381430733734855,,,,,,0.7503189607944449,0.9334014076233907,,0.22812193461055594,,,4.449340754741466,-0.05742909260349231,-1.4244139388143764,,1.0507402532965358,1.9738737318296002,-0.09450437272436267,-1.762440778047477,-3.4960459576977243,,-3.2712325418095487,,,,,,-1.4640026647184565,-15.140969003337085,,5.357664943765648,,,9.911499932009564,-2.1790613195516246,-9.363560503399256,,,,-4.428040874189394,-5.079671314811649,-2.150620522096373,,-1.3243791091051331,0.7976114070008817,,,-2.2758754605005516,,,2.749441868356143,,,-5.566047241128079,-2.3273723224912635,,,-2.8679022070780555,,-3.7948222281649207,-11.163997114266943,-3.017503847959382,-9.47597834511056,-1.1411302282331504,,0.8947428112200235,,-2.0524312462292382,,-11.901032430326866,15.01951543251488,2024-11,-0.1,2024-11-24T01:30:00+00:00,2024-12-09T01:30:00+00:00,d72e6150956838bc0e9ff535f8fe56601b6d99e6f3ffe68df37d7bd8115e9872
,,0.9225924665411502,1.4437301724121345,,,,,-2.6462350541207997,-6.434461139449053,,1.1433212746759294,,5.789969242707942,,-0.28159700569360174,0.033410363091644496,,,,-6.468007397240291,-2.2336277917918386,,,-7.3655464844177985,,6.803644313137427,,3.5631119110450644,,,,,,-3.6916353318409514,1.7225569404203926,,3.7456536745354465,,,6.258976142185796,-0.14052122905046,0.4588754950569468,,-5.357375783642431,3.2096642497956345,-1.3658587405398004,-2.346291696233954,4.618442942150326,,4.459285035790448,,,,,,-2.539843131787808,-1.7745320042780184,,-1.1939611500331233,,,-10.113918367927385,1.4873206117999596,-3.1155167779795576,,,,-6.699943853010288,-3.450024582902907,-9.297177887239375,,-3.4303505283793507,0.0992555912751643,,,-0.18965400915006084,,,0.6483795002549545,,,-4.8946067844809305,6.123961861024608,,,-3.4006367985195087,,-1.3378743136452897,-3.7808167958063112,0.020210632333658936,1.0771355229915212,2.8510625777494156,,6.2989968806191605,,-1.1469254224639767,,0.5863647460161499,-3.699730955500602,2024-12,-0.1,2024-12-24T01:30:00+00:00,2025-01-09T01:30:00+00:00,d5f5ba0aa06aeff078bdf2bc2881adef1778931b8396c0d3f7631f213e767912
,,0.11072794743799494,-4.874197579996586,,,,,-0.29565410321113716,-2.9422789537270986,,-1.2200094840723401,,9.622486580414797,,-2.6643589735223308,-3.3255742479770727,,,,-2.923923584261543,6.14499623162226,,,-2.6104289406821835,,0.7498659242869974,,-6.331446404228261,,,,,,0.43663961717906274,4.454361091210257,,-2.8429429025417385,,,-1.5830320822125523,3.436591598420957,-1.207721509389226,,5.1382889932644185,-3.8421895972857176,-1.8167026131405708,-7.915215636345541,-0.32584536619042803,,1.6411014241661168,,,,,,0.7750988551286535,6.22233431801319,,-3.66987562967425,,,2.339904394391178,0.1894388442451297,-1.2739025777429827,,,,-6.8999560204089025,1.0987933526868467,-2.6028172054335754,,0.04938933714073253,-1.5244578619952969,,,-2.827612095068306,,,-0.8466562713719906,,,-6.931505136761894,9.93128377554894,,,-0.42016868536999696,,-0.9777575648720201,-8.788004720543368,1.3351194728244926,-1.9442834094150658,-3.9342969732018425,,-0.08613441602242991,,0.16280966498988877,,-1.388179433126899,-1.2594985445888063,2025-01,-0.2,2025-01-24T01:30:00+00:00,2025-02-09T01:30:00+00:00,2e60e8cc8fdd1074a4dba6391be41a6df78c64815a3656e9a7da3f946ac6daf1
,,0.41248145769498984,1.152349304088069,,,,,3.2003119657740142,-2.589141393274159,,-0.4699323687395308,,-3.202074051886955,,1.2892120391277966,-0.04605641992754206,,,,-2.6521181564207996,0.687287928776205,,,-2.8626907984708083,,-0.4086333656908833,,-2.4638278919920737,,,,,,1.8348597944833023,-3.9038747986334594,,-4.346719033396255,,,-2.7927346903579964,1.4911125334437128,-0.4888268460432184,,16.42474988219547,2.064292116000653,0.24583575302144292,4.5191994191373555,3.238615712205201,,-2.9128077593699224,,,,,,1.0836860079158994,0.3307740759520676,,-2.464190393692898,,,8.149212835930758,0.18570734491463464,-5.264373348542191,,,,-3.0044522672827587,-0.270138169562119,-1.709738565463594,,1.625335319635798,-2.009478782535592,,,-0.34744053286504945,,,2.25199547569089,,,-7.269814127801869,-3.3601146051566695,,,-1.2409309559499715,,0.08672722489112011,-7.410797215372185,1.751361458984272,-0.23671486924955218,2.769881911863369,,-2.876428824273973,,0.5562007386285241,,-1.4124003608342897,1.1812429293121562,2025-02,-0.1,2025-02-24T01:30:00+00:00,2025-03-09T01:30:00+00:00,7d88af0910a11c1996dda85341ef818e9ed81361350b19cb1215c4d1bc1278d1
,,0.7474321266401983,-5.161720145660795,,,,,4.732567658643612,-8.648417447435305,,-2.664432896237122,,-5.789676492545174,,1.0234190913452825,0.06619943540505539,,,,-8.580256703656977,-4.018007730553073,,,-8.882373611136067,,-7.559661556484805,,0.5559857943713475,,,,,,1.2039975075060212,-2.2799767475291572,,-1.1740633529910274,,,37.03149183326006,-2.2038739258669224,-1.1038856590809891,,-4.924720034645205,2.1012541794578365,1.6208626948410638,4.4269250663891615,-12.55956698384403,,-0.7231489379728002,,,,,,3.8155259185579022,-5.768784860825797,,4.472289999397813,,,-2.55788319384134,6.063255911180131,0.0,,,,-4.461156178815772,-2.6858984452217083,-9.131191285254905,,-0.9028131997851876,-0.07711091501484374,,,-0.9285172341842913,,,1.890218063074189,,,-8.69854846757617,-5.884826305077094,,,-0.8868088887785239,,-1.119146530701849,-4.87863180229824,3.53563167408387,-2.8080025768040877,-3.413743912453371,,4.330718463066248,,0.6960288085662716,,3.6207207783558197,-6.947083678763496,2025-03,-0.4,2025-03-24T01:30:00+00:00,2025-04-10T01:30:00+00:00,21497552283014d4cc6307f4cdc166777bd1a0e8bd9d014d280de7f2e123cb71
,,-0.9374944525071374,-7.355602246697021,,,,,0.09112863436492476,-2.12611357485192,,-2.547719377794006,,-1.424212245660208,,-2.312631130473085,1.5927721546004106,,,,-2.1689009630210614,-9.010024569921296,,,-0.6334410245313054,,-4.005532245757465,,-5.708479511131085,,,,,,-5.328564861399624,-1.5921165473301326,,-6.145972417641998,,,6.271317158128858,-3.682388640193288,-0.7197734402737155,,-1.626769610803085,-3.3647418164855574,-0.5345819613664748,3.019924315642867,-8.928453450809224,,3.3997494000711495,,,,,,1.2831470955515205,-15.88125612825004,,-4.888957268882402,,,-16.755572845285513,1.6124810055445724,0.673403218134412,,,,0.8075414005545332,-1.5012250935636868,0.38095284166676485,,-4.910114995484493,-3.8264626251318252,,,-2.399027626045262,,,-3.711889765625742,,,1.0124125270190651,-1.4816848973125518,,,0.6430890330290331,,-1.5520475821835922,-1.0637102447818374,-5.116521153682213,-2.3506990088396864,-12.786972897650047,,-3.1843936347765154,,0.09685477639445406,,1.1129176078724496,1.3713894512802554,2025-04,-0.4,2025-04-24T01:30:00+00:00,2025-05-10T01:30:00+00:00,aae389d85704291ac304a9b5c58242859518e7eb7c15691f0c03c45ed6033572
,,0.5995269505946736,2.8538465072989716,,,,,5.351335407634377,-6.919353367283605,,1.2017722586703936,,-3.5491041212850094,,-1.3319429767997362,0.1895520633185966,,,,-6.8992871486951435,8.320307451888862,,,-8.549231244110105,,-2.9398895373435443,,0.5286355923148025,,,,,,2.1801060070740697,-2.5111175066931035,,-2.1633429965334567,,,-10.568450723687942,-2.277980528867508,-0.30374597073861387,,-10.80068491287751,0.0962887060768072,1.8997626390207085,2.006791173271319,-2.881894861221551,,-4.945413653758797,,,,,,2.480674244931219,4.913345562416955,,-5.928343988527076,,,1.7550386966518658,-0.37246322343933147,-1.3513719166722933,,,,2.958483069064084,-1.2298355521854254,-8.135852862640332,,2.971189995703148,-0.9125130414838268,,,0.03930045246103403,,,-10.607236802937194,,,-0.42381107550680885,-3.577410871767576,,,0.5174622704822547,,-0.27229260549700657,-1.174213926513268,3.4386179960320082,0.74583764303719,2.007640993715445,,-4.199342464299467,,1.7575766181310002,,-1.812561584428422,-2.661333627661621,2025-05,-0.4,2025-05-24T01:30:00+00:00,2025-06-09T01:30:00+00:00,c97dc0c323c06f80fbae5dab1a60615a19173cde18c57aa358ab48e11c1be3a9
,,0.06345597293954743,0.8534684682592605,,,,,0.9709231232544293,-1.8839815812486806,,-2.863625157617242,,2.861432330269311,,-2.904762486409304,-3.6878630385365883,,,,-1.9231361927887645,0.8678115551319054,,,-2.0054025014156593,,1.0368528521845075,,-2.64585602378888,,,,,,2.5267441756050815,4.779066383634848,,-1.393518680029619,,,5.008550113811691,-1.6743617310064642,-0.7926908867925173,,-2.577030933299103,-0.19267021667025372,-0.6182272503641848,-5.964460884309255,2.754425118021495,,-5.683420740603208,,,,,,2.2226463990439633,-5.747253215801767,,-5.965594556518151,,,2.8879615616420664,-0.2574650547802624,-3.4605529177475605,,,,-10.622849592237147,-0.5831646374031254,-2.463590147420413,,1.9718341323625692,-0.21592451034347526,,,-3.328160661733997,,,0.5559289583050393,,,-12.188409761967591,3.0026551833012096,,,3.432958083325431,,-0.5880732797834446,-9.916661928506382,0.49642270472007854,-2.511282941589,-7.419986852894188,,-1.2751306572220593,,1.27843356869206,,-3.8896301441990557,-6.431185955264832,2025-06,-0.4,2025-06-24T01:30:00+00:00,2025-07-09T01:30:00+00:00,9d2e5aa184503d4da9056d475f6b789f2e9ced7354da98729c2188c1d834cefe
,,0.0,-4.177729966036587,,,,,-0.3983983678923297,2.124510861373628,,1.7370126168780722,,0.058362126971744324,,1.8576930758010597,-0.21137312276417386,,,,2.1767824923796213,-5.925900665072255,,,5.1256125884136,,-1.2120400286982933,,0.23702246136178595,,,,,,-0.372755840562447,-1.0384309305716493,,-1.3261683374116289,,,6.733742071841539,-2.060320278612234,-1.4912446194730427,,-1.989416932166175,0.5441434527228775,0.1611071297553885,-0.1754386414893362,-5.649274409068317,,-1.5367443465621617,,,,,,0.1934302604537241,-0.5636124349041562,,-7.134700070598249,,,-3.0254028843887486,-0.9920778975945876,1.398624197473987,,,,0.19663415045444635,1.1279676688580444,5.809740308709054,,3.441201239855503,-2.102466522328619,,,3.043639615022419,,,3.4326356221409506,,,-2.947768201478215,0.06750648198016485,,,6.7136261865247056,,0.40935517202989113,4.772985692866493,-0.7446035627730634,1.601054770888348,4.277311773186093,,-2.0584375717128953,,-0.05685821445343415,,2.1569532400859712,-0.08244703245494059,2025-07,-0.2,2025-07-24T01:30:00+00:00,2025-08-09T01:30:00+00:00,0ee0a5e616afa8365af856c99ec2552f7e04ec2413e35f63cc9000bf74d72b10
,,0.0,-3.5647765989461475,,,,,-0.5164189296741969,9.640158509683644,,2.314113571727677,,-0.7049539710069794,,3.1286092782965915,3.9924657246480812,,,,9.579943772495316,2.1176435603512935,,,10.562531110489184,,5.100035278346347,,0.8202719257413636,,,,,,0.20424259079948848,-1.3973304306660281,,1.1744568554407935,,,3.4410474642451687,-1.1840372719413164,-0.8438868645864708,,5.313665746542659,-0.5411488400308917,0.11962957514407453,-3.132396765821592,3.494529190106272,,-2.0131256564920292,,,,,,1.0066022539904196,1.146522651933793,,-1.7467693040390948,,,-0.32143294808627065,0.9669238287913468,-4.255961441879589,,,,0.5301383857844945,0.35950940061666825,11.853619786552374,,-1.1551698937809338,-3.8823441082903636,,,5.40432910126176,,,0.0,,,21.326652655137334,-0.7463037136571409,,,3.5534023377218524,,0.8568661472119132,21.440987134545512,1.0974719462871965,3.1272013814315684,2.0965041768616346,,1.987853485493185,,-0.17324592874212696,,-6.771390372825091,0.31293775023612297,2025-08,0.0,2025-08-24T01:30:00+00:00,2025-09-10T01:30:00+00:00,b85e3253b768bae444d297b62e0b52af475824dfcab44cdc0d3b2d2c34e5136c
,,0.48647782539738194,-3.0477885938801066,,,,,-0.5928571792731973,-0.8214723084336994,,-2.6120777054372084,,-1.2832440069884474,,-1.9205370153598693,-0.8051984191365346,,,,-0.7509060554377245,-0.45055135277470165,,,-4.9163546020262325,,5.165866104083379,,-1.115057946222387,,,,,,1.2545886610120547,-1.3856443854364418,,-0.38635815088177333,,,-4.760767872576451,-2.9630754759848474,-2.890487582525191,,-1.1080080379292445,1.0823473890560047,-0.5208129823020794,-3.8319748970176053,-3.080373239356309,,3.1756570180638386,,,,,,-0.25013815703803166,-0.0673848651451628,,1.2766906947883143,,,2.666219537028334,-0.314960890289622,-5.971923470162231,,,,-0.10350182052149205,-1.539525163087119,-6.438500472577494,,0.27264637456895036,-2.4685441072770793,,,-1.548264927830344,,,-6.9132526539199946,,,-1.2416168853740628,-1.4442229365507586,,,1.2759766754952855,,-0.6902135309607969,-0.2529512309956037,1.7194632289901142,-2.386422228306026,1.4227379896854286,,-0.3315286493292761,,-0.3971213955666823,,-4.516268173372431,-0.8256321669122907,2025-09,0.0,2025-09-24T01:30:00+00:00,2025-10-15T01:30:00+00:00,f6a4eb05ad6618d13692564b35278eddc76ee10c422b195f886d24bc876258f1
,,-0.707425608892805,-7.656773525368192,,,,,-6.718089803140029,5.131391556618926,,-1.6196285307095448,,-1.656302866366279,,-1.8673704298481701,-1.943092377696794,,,,5.141649306005947,-2.9607673773374463,,,5.833502080834791,,4.94971701485171,,-0.6471517890678741,,,,,,0.059328725933460016,-1.5488981579864824,,-2.582287073004472,,,-4.5241722815179575,-1.5677208021758482,-3.659665332109034,,-1.4596848846757227,0.24970870446205845,1.3215235243067727,-5.446277085234202,-6.289004275264226,,-3.0818108045085646,,,,,,-4.4264095573575375,-5.584569234562545,,2.2223136784710475,,,-1.81895090086669,-0.5979989660787478,-17.618656822643867,,,,0.5622182212121107,-2.8987536873252298,4.723253846791375,,-2.6861733596303004,3.4675534147857032,,,-3.0349770597513497,,,-1.7612290406201911,,,2.5898223034068315,-1.5867042592448082,,,0.6515726773374494,,-0.913956834105179,4.713381854671009,5.881052732380376,-2.3386189551184464,-4.318482846091695,,-2.0622976974135807,,-2.045143260172675,,-0.6126706599637559,6.7167296338831335,2025-10,0.1,2025-10-24T01:30:00+00:00,2025-11-09T01:30:00+00:00,0d62d312feada5369314e56d2e866009f2054aaddd4f8652511d8ee5978e5be8
,,0.2341627110968665,-1.7848534114119419,,,,,0.6385363172663329,13.34334382385366,,0.5590446672759045,,-2.6041094904617226,,0.19590935957866157,-1.5090211776165352,,,,13.237762251005064,0.8364934539378471,,,14.726865079217276,,8.43982731504862,,2.1298154347521003,,,,,,3.5397559812317723,0.4292847989479767,,-1.7156719036036785,,,28.074651442754888,1.0825740831079989,-2.3831571011904877,,3.042084874094594,2.071673526950589,1.7513724500069099,2.345392380450076,-4.5703311912840485,,-0.8524182256810932,,,,,,1.3679270760954327,-8.057134835568263,,-0.39069486742049064,,,-3.6101651351112674,2.038675308831822,6.224230887722079,,,,8.369734856173405,-2.8418353503630813,14.626756693189124,,1.2739291969387423,-1.979126695173409,,,-1.1277007932742096,,,0.35473609387982347,,,8.573346733231977,-2.7789434785327063,,,-1.0509578111859823,,-0.9125557217475183,10.199916795512152,1.4021569169474233,0.9120792886879182,3.829141535453806,,-8.18636558612149,,-0.6698187505410763,,10.564431476641492,-9.26084065263476,2025-11,0.1,2025-11-24T01:30:00+00:00,2025-12-10T01:30:00+00:00,0079588a52c625d4162315b7007d0cc5683f061951d75b2465dcec6b7b5aa5dd
,,-1.6789873004166171,2.6609312906707077,,,,,2.868834935623404,-10.193780838032398,,2.1666936705107522,,0.03849903489488152,,0.05256702416474619,-0.9652470276525037,,,,-10.133480455223951,-3.849752010324387,,,-13.01021867958106,,0.022016386570889574,,3.40131813782819,,,,,,0.6291340616884548,-2.255344060135623,,-6.352056133178709,,,19.91174601181343,0.10940822011646895,-3.72034673926444,,1.358315721470481,-2.1698257890802806,0.3570357819420391,3.8043698430824753,-1.1584559327121209,,1.6386305865200832,,,,,,-0.22358348275766976,3.2087271907898627,,0.1422475346542779,,,-10.378571218275988,5.28685455649956,-0.8658062743114542,,,,-2.1055648134964016,-3.4829056127655793,-16.188720886207484,,1.9105128286388644,-3.929024048334404,,,-0.6680825934918228,,,0.3534821637493029,,,-4.483126978378449,0.11702300001274746,,,-4.0144686049244385,,-0.051625592689854886,-9.53101798043249,6.571458777192863,0.9764216556371595,0.766648321976115,,3.338306228369333,,0.7611568601031489,,-8.520466869645427,-1.9579844052299646,2025-12,0.2,2025-12-24T01:30:00+00:00,2026-01-09T01:30:00+00:00,595c61f6f1d70bddf40f711adbf9fe60211e5c621fbf14f6833b9cec8937860c
,,0.4464801909014282,,,,,,0.5408438705980678,,,1.2913723871834903,,-1.890183244334686,,-0.3714812315851489,-0.5369781107903346,,,,-6.407591237178139,5.8149594862403235,,,,,-15.479033757975177,,5.477493370259289,,,,,,10.264587351522346,-4.821379719639422,,3.5202031017064392,,,-1.629616279443344,-1.794256747654488,4.213652335782367,,1.4956656045774006,1.693439613726883,-0.0721067210667941,2.742739337106501,4.582565432030699,,1.72829361514308,,,,,,-2.375924244487029,9.503109137508943,,-0.8923850046845396,,,-6.221584255260991,1.0211356334415989,11.488027599842201,,,,-2.8671501221800675,,,,3.1605248881744674,,,,0.5494351601546399,,,-5.8113662588737265,,,-7.736532990282001,,,,-9.896005386499006,,-0.44607174134797994,-1.2005107127432146,10.006456944714822,1.026326037256419,4.5739779978790045,,-0.31362884479979125,,0.2836306601581559,,-5.733402188324832,,2026-01,0.4,2026-01-24T01:30:00+00:00,2026-02-11T01:30:00+00:00,7ecc2baee472d56d7d3db513bdb8914f5e037184e12d02c5d5b0da5ee4bba033
,,0.25919557044563296,,-2.4743184861605894,,,,-0.7855972060896763,,-1.2589410498309295,-0.7122325861342415,,1.2373843175504358,,-0.040262280539295585,0.826928644048445,,,,4.333479729042615,-0.6460516385985305,,-27.635050644223085,,,-4.362533742097526,,-0.16835020811137646,,,,,36.4133724612112,-0.0719917823720914,6.340751078333819,,3.7279801518909994,,,39.54179779017307,-3.05009785375739,8.248441275722664,,-12.33469530730592,0.2708744945114021,-0.05051977179245799,-0.021202162700005175,5.93535794554956,,12.954788855348632,,2.5553558701870265,,,,-1.413223026200714,10.857870640532168,,-3.1338970192719704,,,2.1106178547184697,3.468523713524337,-11.531084651099437,,5.153275603311281,,6.165263695396742,,,,-0.3428006084593606,,,,0.35858670325862985,,,12.391015676920578,-1.3235081829835669,,4.238939296026797,,2.5751221952766303,,25.660431345236738,,-0.0841875947311999,5.431540021226993,2.0542574862813097,0.03762109333648705,-0.5883025189921363,,18.12207098264951,,0.24950112743432046,,11.157528546343688,,2026-04,1.7,2026-04-24T01:30:00+00:00,2026-05-11T01:30:00+00:00,f2235056385ab517af2fd0ba8409f5f006d25df862c0b0f3c62f9774b5cc6b3b
,,-0.7486859366045244,,2.1556738365704065,,,,-0.25892216597048023,,-2.218110195502623,3.2062293895173553,,-11.739515083135597,,3.0648747984745417,5.710593813454825,,,,8.273094849576905,-5.332532933857474,,-1.4184634991956413,,,5.082555116636339,,3.2837379916989686,,,,,-37.418406046561344,-2.0473703352781403,-8.821092289138106,,-1.3674493286547447,,,-0.22464707778780665,0.28999344996032533,3.8533367784104358,,-1.0256500167188998,-0.856424112346996,-1.9904474976453577,-1.3395082478819165,-4.401607880751009,,1.3314885424557104,,-2.8955252252028796,,,,0.3780722839905931,-7.039299912554847,,-3.778354412840562,,,-11.657634981897266,-1.4670592789441492,5.406722127027579,,9.031403359430904,,3.0219388154435243,,,,5.92966653156108,,,,4.353867955935198,,,-8.31810951217241,0.4615392808401183,,6.3238466637126916,,2.3316930940226728,,-5.978640179244552,,0.3387947599199449,3.761686357130677,3.727678164394014,3.9066387327753778,6.030093575781583,,-3.045031490806036,,-0.03738550732060474,,18.691069851576923,,2026-05,0.5,2026-05-24T01:30:00+00:00,2026-06-10T01:30:00+00:00,b1c2a4c84308e2b43a44a40b98fb9ba9b01248cceb79261aa018754f9f577f26
,,-0.9699370882923213,,-1.9993399283091364,,,,-0.7285690755774339,,-3.098901689570513,-2.0926387317682416,,-2.0614942646995664,,-2.5913822716985955,-1.4461466487987076,,,,3.182354581283758,-2.0888457322414853,,-3.4887259000440665,,,6.437664760419665,,0.07823291804395545,,,,,-3.038978714452099,-1.627041704976537,-3.5678859632180164,,-6.323696083853402,,,8.6632010081495,-2.591859635266273,-1.2361741577288372,,-4.126294902428801,-1.3152817983323597,-2.9863777565297434,-0.6522055190216958,-12.659550353673646,,-11.603686368434085,,-3.276981360698076,,,,-1.9776726102088569,-16.19314536875864,,1.1985451806560912,,,3.317771491816694,-0.35209839672030535,0.0,,-6.544115928508469,,19.463996781163846,,,,-3.1980523020217504,,,,-2.2319077575610033,,,-7.752508875670057,-0.8075496974165872,,11.55529825489662,,4.538284299199096,,-14.858465918161176,,0.14062097569422347,20.532931503908276,-0.6050028958768761,-2.6884982124421573,0.4962789342129097,,1.3048095415356553,,-0.3371000133365255,,2.23829905622157,,2026-06,-0.3,2026-06-24T01:30:00+00:00,2026-07-09T01:30:00+00:00,fe072fa268d7a0fbc63c7226b6e017f3a8458ef155ab40f876761c24dcce1138
,,-0.11409169319094381,,-1.3891612815608447,,,,-0.7032285636044583,,-1.336001095583988,-2.393449871186,,0.007842741826539192,,-1.3749982421961455,-1.5563851022686024,,,,-5.8893232904533885,-2.8551901928440775,,-4.849434993861027,,,6.841954096809431,,0.16278893537448053,,,,,6.99989252395669,-3.3383112653281843,-2.834373326717521,,0.6849872215051186,,,2.200025599290079,-0.45085095290381855,-7.088104082439631,,4.133077092400547,-2.7224746582377066,-0.8245693141164107,-2.7022005328636842,7.778727692544239,,-7.675147921133877,,0.307841076645587,,,,2.3365233368730753,-0.21198888515950995,,-3.9989648216158433,,,-2.281795202281953,1.0361069107333576,14.660347419187545,,-4.314982420302991,,5.126402485065539,,,,0.4630038948948768,,,,-1.8493236355678055,,,-4.147104284069941,-0.7579794607676175,,6.716945619062577,,2.205325118646596,,-7.931101147772364,,-0.2641357267048756,-0.21984933478227078,-0.4939150217600662,-2.495740270704033,-3.8367442214697456,,-17.33282914945752,,-0.20781959731182176,,-10.852331094909651,,2026-07,-0.7,2026-07-24T01:30:00+00:00,2026-08-09T01:30:00+00:00,e67bffc2ca583868ec28a02ec14afa047a506a3dc007c9908a42e835cf7d97fa
,,0.0,,-0.7662872745569137,,,,-2.0190183757572067,,-1.446249464345935,-1.8357518123448224,,6.759519498964763,,-1.0269367024096046,0.04308302164783169,,,,5.8893232904533885,4.653442794788656,,9.47453675893661,,,-1.059775784405879,,3.695550366282061,,,,,-4.072086694773636,3.3299630791754833,8.61237026886142,,2.1051677846434433,,,-7.0235700490169,-1.0275892961923345,1.7801178065844012,,5.029075742727255,-0.2193486736592513,-1.3478131334899375,-2.788677455777139,0.4314865199966996,,6.156226536422956,,-2.004200265133827,,,,0.8551415676901082,2.9306787979168263,,-0.36064955941117444,,,-0.6407477870646597,-0.2835163406986708,0.0,,0.26427354918602364,,7.335294022769047,,,,4.1259394749027685,,,,-1.226635782173979,,,5.136104085770301,-3.0392665041293716,,-8.719357613379787,,-1.001924798770113,,-1.1494379425735133,,-0.8713948958794021,6.825546889289806,3.6518251938177713,-2.797677917163652,0.5294693940675131,,5.65069160413678,,-0.17811677626524788,,-2.1655857127853966,,2026-08,0.4,2026-08-24T01:30:00+00:00,2026-09-09T01:30:00+00:00,58fd83171b6760e05b28f762586e8c235c9160b15ce29bbbf9450ce915ea0ca9
