target_month,as_of,vintage,global__mean,global__median,global__trimmed_mean,global__std,global__n_products,global__missing_fraction,global__second_window_missing_fraction,twentieth__mean,twentieth__median,twentieth__trimmed_mean,twentieth__std,twentieth__n_products,twentieth__missing_fraction,category__一、黑色金属__mean,category__一、黑色金属__missing,twentieth_category__一、黑色金属__mean,twentieth_category__一、黑色金属__missing,category__七、农产品（主要用于加工）__mean,category__七、农产品（主要用于加工）__missing,twentieth_category__七、农产品（主要用于加工）__mean,twentieth_category__七、农产品（主要用于加工）__missing,category__三、化工产品__mean,category__三、化工产品__missing,twentieth_category__三、化工产品__mean,twentieth_category__三、化工产品__missing,category__九、林产品__mean,category__九、林产品__missing,twentieth_category__九、林产品__mean,twentieth_category__九、林产品__missing,category__二、有色金属__mean,category__二、有色金属__missing,twentieth_category__二、有色金属__mean,twentieth_category__二、有色金属__missing,category__五、煤炭__mean,category__五、煤炭__missing,twentieth_category__五、煤炭__mean,twentieth_category__五、煤炭__missing,category__八、农业生产资料__mean,category__八、农业生产资料__missing,twentieth_category__八、农业生产资料__mean,twentieth_category__八、农业生产资料__missing,category__六、非金属建材__mean,category__六、非金属建材__missing,twentieth_category__六、非金属建材__mean,twentieth_category__六、非金属建材__missing,category__四、石油天然气__mean,category__四、石油天然气__missing,twentieth_category__四、石油天然气__mean,twentieth_category__四、石油天然气__missing,product__农药（草甘膦，95%原药）,missing__农药（草甘膦，95%原药）,twentieth_product__农药（草甘膦，95%原药）,twentieth_missing__农药（草甘膦，95%原药）,product__复合肥（硫酸钾复合肥，氮磷钾含量45%）,missing__复合肥（硫酸钾复合肥，氮磷钾含量45%）,twentieth_product__复合肥（硫酸钾复合肥，氮磷钾含量45%）,twentieth_missing__复合肥（硫酸钾复合肥，氮磷钾含量45%）,product__大同混煤（5800大卡）,missing__大同混煤（5800大卡）,twentieth_product__大同混煤（5800大卡）,twentieth_missing__大同混煤（5800大卡）,product__大豆（黄豆）,missing__大豆（黄豆）,twentieth_product__大豆（黄豆）,twentieth_missing__大豆（黄豆）,product__天然橡胶（标准胶SCRWF）,missing__天然橡胶（标准胶SCRWF）,twentieth_product__天然橡胶（标准胶SCRWF）,twentieth_missing__天然橡胶（标准胶SCRWF）,product__小麦（国标三等）,missing__小麦（国标三等）,twentieth_product__小麦（国标三等）,twentieth_missing__小麦（国标三等）,product__尿素（小颗料）,missing__尿素（小颗料）,twentieth_product__尿素（小颗料）,twentieth_missing__尿素（小颗料）,product__山西优混（5500大卡）,missing__山西优混（5500大卡）,twentieth_product__山西优混（5500大卡）,twentieth_missing__山西优混（5500大卡）,product__山西大混（5000大卡）,missing__山西大混（5000大卡）,twentieth_product__山西大混（5000大卡）,twentieth_missing__山西大混（5000大卡）,product__无烟煤（洗中块）,missing__无烟煤（洗中块）,twentieth_product__无烟煤（洗中块）,twentieth_missing__无烟煤（洗中块）,product__无缝钢管（219*6，20#）,missing__无缝钢管（219*6，20#）,twentieth_product__无缝钢管（219*6，20#）,twentieth_missing__无缝钢管（219*6，20#）,product__普通中板（20mm，Q235）,missing__普通中板（20mm，Q235）,twentieth_product__普通中板（20mm，Q235）,twentieth_missing__普通中板（20mm，Q235）,product__普通混煤（4500大卡）,missing__普通混煤（4500大卡）,twentieth_product__普通混煤（4500大卡）,twentieth_missing__普通混煤（4500大卡）,product__普通硅酸盐水泥（P.O 42.5散装）,missing__普通硅酸盐水泥（P.O 42.5散装）,twentieth_product__普通硅酸盐水泥（P.O 42.5散装）,twentieth_missing__普通硅酸盐水泥（P.O 42.5散装）,product__普通硅酸盐水泥（P.O 42.5袋装）,missing__普通硅酸盐水泥（P.O 42.5袋装）,twentieth_product__普通硅酸盐水泥（P.O 42.5袋装）,twentieth_missing__普通硅酸盐水泥（P.O 42.5袋装）,product__柴油（0#国VI）,missing__柴油（0#国VI）,twentieth_product__柴油（0#国VI）,twentieth_missing__柴油（0#国VI）,product__棉花（皮棉，白棉三级）,missing__棉花（皮棉，白棉三级）,twentieth_product__棉花（皮棉，白棉三级）,twentieth_missing__棉花（皮棉，白棉三级）,product__汽油（92#国VI）,missing__汽油（92#国VI）,twentieth_product__汽油（92#国VI）,twentieth_missing__汽油（92#国VI）,product__汽油（95#国VI）,missing__汽油（95#国VI）,twentieth_product__汽油（95#国VI）,twentieth_missing__汽油（95#国VI）,product__浮法平板玻璃（4.8/5mm）,missing__浮法平板玻璃（4.8/5mm）,twentieth_product__浮法平板玻璃（4.8/5mm）,twentieth_missing__浮法平板玻璃（4.8/5mm）,product__涤纶长丝（FDY150D/96F）,missing__涤纶长丝（FDY150D/96F）,twentieth_product__涤纶长丝（FDY150D/96F）,twentieth_missing__涤纶长丝（FDY150D/96F）,product__液化天然气（LNG）,missing__液化天然气（LNG）,twentieth_product__液化天然气（LNG）,twentieth_missing__液化天然气（LNG）,product__液化石油气（LPG）,missing__液化石油气（LPG）,twentieth_product__液化石油气（LPG）,twentieth_missing__液化石油气（LPG）,product__烧碱（液碱，32%）,missing__烧碱（液碱，32%）,twentieth_product__烧碱（液碱，32%）,twentieth_missing__烧碱（液碱，32%）,product__热轧普通薄板（3mm，Q235）,missing__热轧普通薄板（3mm，Q235）,twentieth_product__热轧普通薄板（3mm，Q235）,twentieth_missing__热轧普通薄板（3mm，Q235）,product__焦炭（二级冶金焦）,missing__焦炭（二级冶金焦）,twentieth_product__焦炭（二级冶金焦）,twentieth_missing__焦炭（二级冶金焦）,product__焦煤（主焦煤）,missing__焦煤（主焦煤）,twentieth_product__焦煤（主焦煤）,twentieth_missing__焦煤（主焦煤）,product__玉米（黄玉米二等）,missing__玉米（黄玉米二等）,twentieth_product__玉米（黄玉米二等）,twentieth_missing__玉米（黄玉米二等）,product__瓦楞纸（高强）,missing__瓦楞纸（高强）,twentieth_product__瓦楞纸（高强）,twentieth_missing__瓦楞纸（高强）,product__生猪（外三元）,missing__生猪（外三元）,twentieth_product__生猪（外三元）,twentieth_missing__生猪（外三元）,product__甲醇（优等品）,missing__甲醇（优等品）,twentieth_product__甲醇（优等品）,twentieth_missing__甲醇（优等品）,product__电解铜（1#）,missing__电解铜（1#）,twentieth_product__电解铜（1#）,twentieth_missing__电解铜（1#）,product__石蜡（58#半）,missing__石蜡（58#半）,twentieth_product__石蜡（58#半）,twentieth_missing__石蜡（58#半）,product__硫酸（98%）,missing__硫酸（98%）,twentieth_product__硫酸（98%）,twentieth_missing__硫酸（98%）,product__稻米（粳稻米）,missing__稻米（粳稻米）,twentieth_product__稻米（粳稻米）,twentieth_missing__稻米（粳稻米）,product__纯苯（石油苯，工业级）,missing__纯苯（石油苯，工业级）,twentieth_product__纯苯（石油苯，工业级）,twentieth_missing__纯苯（石油苯，工业级）,product__纸浆（漂白化学浆）,missing__纸浆（漂白化学浆）,twentieth_product__纸浆（漂白化学浆）,twentieth_missing__纸浆（漂白化学浆）,product__线材（Φ6.5mm，HPB300）,missing__线材（Φ6.5mm，HPB300）,twentieth_product__线材（Φ6.5mm，HPB300）,twentieth_missing__线材（Φ6.5mm，HPB300）,product__聚丙烯（T30S）,missing__聚丙烯（T30S）,twentieth_product__聚丙烯（T30S）,twentieth_missing__聚丙烯（T30S）,product__聚乙烯（LLDPE，7042）,missing__聚乙烯（LLDPE，7042）,twentieth_product__聚乙烯（LLDPE，7042）,twentieth_missing__聚乙烯（LLDPE，7042）,product__聚氯乙烯（SG5）,missing__聚氯乙烯（SG5）,twentieth_product__聚氯乙烯（SG5）,twentieth_missing__聚氯乙烯（SG5）,product__花生（油料花生米）,missing__花生（油料花生米）,twentieth_product__花生（油料花生米）,twentieth_missing__花生（油料花生米）,product__苯乙烯（一级品）,missing__苯乙烯（一级品）,twentieth_product__苯乙烯（一级品）,twentieth_missing__苯乙烯（一级品）,product__螺纹钢（Φ16-25mm，HRB400E）,missing__螺纹钢（Φ16-25mm，HRB400E）,twentieth_product__螺纹钢（Φ16-25mm，HRB400E）,twentieth_missing__螺纹钢（Φ16-25mm，HRB400E）,product__角钢（5#）,missing__角钢（5#）,twentieth_product__角钢（5#）,twentieth_missing__角钢（5#）,product__豆粕（粗蛋白含量≥43%）,missing__豆粕（粗蛋白含量≥43%）,twentieth_product__豆粕（粗蛋白含量≥43%）,twentieth_missing__豆粕（粗蛋白含量≥43%）,product__铅锭（1#）,missing__铅锭（1#）,twentieth_product__铅锭（1#）,twentieth_missing__铅锭（1#）,product__铝锭（A00）,missing__铝锭（A00）,twentieth_product__铝锭（A00）,twentieth_missing__铝锭（A00）,product__锌锭（0#）,missing__锌锭（0#）,twentieth_product__锌锭（0#）,twentieth_missing__锌锭（0#）,product__顺丁胶（BR9000）,missing__顺丁胶（BR9000）,twentieth_product__顺丁胶（BR9000）,twentieth_missing__顺丁胶（BR9000）,feature_hash,target_mom_pct,feature_cutoff,actual_published_at,availability_basis,realtime_status,product__涤纶长丝（POY150D/48F）注2,missing__涤纶长丝（POY150D/48F）注2,twentieth_product__涤纶长丝（POY150D/48F）注2,twentieth_missing__涤纶长丝（POY150D/48F）注2,product__热轧普通板卷（4.75-11.5mm，Q235）注2,missing__热轧普通板卷（4.75-11.5mm，Q235）注2,twentieth_product__热轧普通板卷（4.75-11.5mm，Q235）注2,twentieth_missing__热轧普通板卷（4.75-11.5mm，Q235）注2,product__焦炭（准一级冶金焦）注2,missing__焦炭（准一级冶金焦）注2,twentieth_product__焦炭（准一级冶金焦）注2,twentieth_missing__焦炭（准一级冶金焦）注2,product__瓦楞纸（AA级120g）注2,missing__瓦楞纸（AA级120g）注2,twentieth_product__瓦楞纸（AA级120g）注2,twentieth_missing__瓦楞纸（AA级120g）注2,product__纸浆（进口针叶浆）注2,missing__纸浆（进口针叶浆）注2,twentieth_product__纸浆（进口针叶浆）注2,twentieth_missing__纸浆（进口针叶浆）注2,product__聚丙烯（拉丝料）注2,missing__聚丙烯（拉丝料）注2,twentieth_product__聚丙烯（拉丝料）注2,twentieth_missing__聚丙烯（拉丝料）注2,product__聚乙烯(LLDPE，熔融指数2薄膜料）注2,missing__聚乙烯(LLDPE，熔融指数2薄膜料）注2,twentieth_product__聚乙烯(LLDPE，熔融指数2薄膜料）注2,twentieth_missing__聚乙烯(LLDPE，熔融指数2薄膜料）注2,product__尿素（小颗粒）,missing__尿素（小颗粒）,twentieth_product__尿素（小颗粒）,twentieth_missing__尿素（小颗粒）,product__涤纶长丝（POY150D/48F）,missing__涤纶长丝（POY150D/48F）,twentieth_product__涤纶长丝（POY150D/48F）,twentieth_missing__涤纶长丝（POY150D/48F）,product__热轧普通板卷（4.75-11.5mm，Q235）,missing__热轧普通板卷（4.75-11.5mm，Q235）,twentieth_product__热轧普通板卷（4.75-11.5mm，Q235）,twentieth_missing__热轧普通板卷（4.75-11.5mm，Q235）,product__焦炭（准一级冶金焦）,missing__焦炭（准一级冶金焦）,twentieth_product__焦炭（准一级冶金焦）,twentieth_missing__焦炭（准一级冶金焦）,product__瓦楞纸（AA级120g）,missing__瓦楞纸（AA级120g）,twentieth_product__瓦楞纸（AA级120g）,twentieth_missing__瓦楞纸（AA级120g）,product__纸浆（进口针叶浆）,missing__纸浆（进口针叶浆）,twentieth_product__纸浆（进口针叶浆）,twentieth_missing__纸浆（进口针叶浆）,product__聚丙烯（拉丝料）,missing__聚丙烯（拉丝料）,twentieth_product__聚丙烯（拉丝料）,twentieth_missing__聚丙烯（拉丝料）,product__聚乙烯(LLDPE，熔融指数2薄膜料）,missing__聚乙烯(LLDPE，熔融指数2薄膜料）,twentieth_product__聚乙烯(LLDPE，熔融指数2薄膜料）,twentieth_missing__聚乙烯(LLDPE，熔融指数2薄膜料）,product__聚乙烯（LLDPE，熔融指数2薄膜料）,missing__聚乙烯（LLDPE，熔融指数2薄膜料）,twentieth_product__聚乙烯（LLDPE，熔融指数2薄膜料）,twentieth_missing__聚乙烯（LLDPE，熔融指数2薄膜料）,product__线材（Φ8-10mm，HPB300）注1,missing__线材（Φ8-10mm，HPB300）注1,twentieth_product__线材（Φ8-10mm，HPB300）注1,twentieth_missing__线材（Φ8-10mm，HPB300）注1,product__螺纹钢（Φ20mm，HRB400E）注1,missing__螺纹钢（Φ20mm，HRB400E）注1,twentieth_product__螺纹钢（Φ20mm，HRB400E）注1,twentieth_missing__螺纹钢（Φ20mm，HRB400E）注1,product__线材（Φ8-10mm，HPB300）,missing__线材（Φ8-10mm，HPB300）,twentieth_product__线材（Φ8-10mm，HPB300）,twentieth_missing__线材（Φ8-10mm，HPB300）,product__螺纹钢（Φ20mm，HRB400E）,missing__螺纹钢（Φ20mm，HRB400E）,twentieth_product__螺纹钢（Φ20mm，HRB400E）,twentieth_missing__螺纹钢（Φ20mm，HRB400E）,category__七、农产品__mean,category__七、农产品__missing,twentieth_category__七、农产品__mean,twentieth_category__七、农产品__missing,"product__无缝钢管（219*6,20#）","missing__无缝钢管（219*6,20#）","twentieth_product__无缝钢管（219*6,20#）","twentieth_missing__无缝钢管（219*6,20#）","product__普通中板（20mm,Q235）","missing__普通中板（20mm,Q235）","twentieth_product__普通中板（20mm,Q235）","twentieth_missing__普通中板（20mm,Q235）",product__普通硅酸盐水泥（P.O42.5散装）,missing__普通硅酸盐水泥（P.O42.5散装）,twentieth_product__普通硅酸盐水泥（P.O42.5散装）,twentieth_missing__普通硅酸盐水泥（P.O42.5散装）,product__普通硅酸盐水泥（P.O42.5袋装）,missing__普通硅酸盐水泥（P.O42.5袋装）,twentieth_product__普通硅酸盐水泥（P.O42.5袋装）,twentieth_missing__普通硅酸盐水泥（P.O42.5袋装）,product__烧碱（液碱，32%),missing__烧碱（液碱，32%),twentieth_product__烧碱（液碱，32%),twentieth_missing__烧碱（液碱，32%),product__热轧普通板卷（4.75—11.5mm，Q235）,missing__热轧普通板卷（4.75—11.5mm，Q235）,twentieth_product__热轧普通板卷（4.75—11.5mm，Q235）,twentieth_missing__热轧普通板卷（4.75—11.5mm，Q235）,"product__线材（Φ8—10mm,HPB300）","missing__线材（Φ8—10mm,HPB300）","twentieth_product__线材（Φ8—10mm,HPB300）","twentieth_missing__线材（Φ8—10mm,HPB300）","product__螺纹钢（Φ20mm,HRB400E）","missing__螺纹钢（Φ20mm,HRB400E）","twentieth_product__螺纹钢（Φ20mm,HRB400E）","twentieth_missing__螺纹钢（Φ20mm,HRB400E）",product__尿素（中小颗粒）,missing__尿素（中小颗粒）,twentieth_product__尿素（中小颗粒）,twentieth_missing__尿素（中小颗粒）,product__线材（Φ8—10mm，HPB300）,missing__线材（Φ8—10mm，HPB300）,twentieth_product__线材（Φ8—10mm，HPB300）,twentieth_missing__线材（Φ8—10mm，HPB300）,category__九、林业__mean,category__九、林业__missing,twentieth_category__九、林业__mean,twentieth_category__九、林业__missing,category__八、农资__mean,category__八、农资__missing,twentieth_category__八、农资__mean,twentieth_category__八、农资__missing,category__六、非金属矿物制品__mean,category__六、非金属矿物制品__missing,twentieth_category__六、非金属矿物制品__mean,twentieth_category__六、非金属矿物制品__missing,product__乙醇（95.0%）,missing__乙醇（95.0%）,twentieth_product__乙醇（95.0%）,twentieth_missing__乙醇（95.0%）,product__冰醋酸（99.5%及以上）,missing__冰醋酸（99.5%及以上）,twentieth_product__冰醋酸（99.5%及以上）,twentieth_missing__冰醋酸（99.5%及以上）,product__多晶硅（致密料）,missing__多晶硅（致密料）,twentieth_product__多晶硅（致密料）,twentieth_missing__多晶硅（致密料）,product__浮法平板玻璃（5/6mm）,missing__浮法平板玻璃（5/6mm）,twentieth_product__浮法平板玻璃（5/6mm）,twentieth_missing__浮法平板玻璃（5/6mm）,product__白糖（国标一级白砂糖）,missing__白糖（国标一级白砂糖）,twentieth_product__白糖（国标一级白砂糖）,twentieth_missing__白糖（国标一级白砂糖）,product__磷肥（55%磷酸一铵）,missing__磷肥（55%磷酸一铵）,twentieth_product__磷肥（55%磷酸一铵）,twentieth_missing__磷肥（55%磷酸一铵）,product__磷酸铁锂（普通动力型）,missing__磷酸铁锂（普通动力型）,twentieth_product__磷酸铁锂（普通动力型）,twentieth_missing__磷酸铁锂（普通动力型）,product__钾肥（港口62%白色氯化钾）,missing__钾肥（港口62%白色氯化钾）,twentieth_product__钾肥（港口62%白色氯化钾）,twentieth_missing__钾肥（港口62%白色氯化钾）
2021-10,2021-10-14T09:30:00+08:00,early,,,,,0,1.0,1.0,,,,,0,1.0,,1.0,,1.0,,1.0,,1.0,,1.0,,1.0,,1.0,,1.0,,1.0,,1.0,,1.0,,1.0,,1.0,,1.0,,1.0,,1.0,,1.0,,1.0,,1,,1,,1,,1,,1.0,,1.0,,1,,1,,1,,1,,1,,1,,1.0,,1.0,,1,,1,,1.0,,1.0,,1,,1,,1,,1,,1,,1,,1.0,,1.0,,1.0,,1.0,,1.0,,1.0,,1,,1,,1,,1,,1.0,,1.0,,1,,1,,1.0,,1.0,,1.0,,1.0,,1,,1,,1,,1,,1,,1,,1.0,,1.0,,1.0,,1.0,,1,,1,,1,,1,,1.0,,1.0,,1,,1,,1,,1,,1,,1,,1,,1,,1,,1,,1,,1,,1,,1,,1.0,,1.0,,1.0,,1.0,,1.0,,1.0,,1.0,,1.0,,1.0,,1.0,,1,,1,,1.0,,1.0,,1.0,,1.0,,1,,1,,1,,1,,1,,1,,1,,1,,1,,1,,1,,1,2d75ef9c490b20c4e0eb848498fddad382d3fc2a4720795b57601a4a89aefc69,2.5,2021-10-14T01:30:00+00:00,2021-11-10T01:30:00+00:00,publication,pseudo_real_time,,,,,,,,,,,,,,,,,,,,,,,,,,,,,,,,,,,,,,,,,,,,,,,,,,,,,,,,,,,,,,,,,,,,,,,,,,,,,,,,,,,,,,,,,,,,,,,,,,,,,,,,,,,,,,,,,,,,,,,,,,,,,,,,,,,,,,,,,,,,,,,,,,,,,,,,,,,,,,,,,,,,,,,,
2021-11,2021-11-15T09:30:00+08:00,early,-1.0761225332867894,-1.2127952818351266,-1.1956280329765152,10.283178416427853,50,0.0,1.0,,,,,0,1.0,-6.286005431174037,0.0,,1.0,5.895648921603421,0.0,,1.0,-6.525268113678588,0.0,,1.0,1.6104695128733715,0.0,,1.0,-1.5249520911283354,0.0,,1.0,-7.80673813633375,0.0,,1.0,1.5686964411501163,0.0,,1.0,0.5936094509112587,0.0,,1.0,8.571007465118106,0.0,,1.0,7.528741824300258,0,,1,1.598733591764222,0,,1,-6.2958711713074,0.0,,1.0,2.9643379731554087,0,,1,1.87971845866169,0,,1,3.764213425185281,0,,1,-4.421386092614132,0.0,,1.0,-9.871990322870369,0,,1,-16.141375693291664,0.0,,1.0,3.431987584012798,0,,1,-1.2763604169459648,0,,1,-3.5693317536048172,0,,1,-17.730625551672613,0.0,,1.0,2.920013437338622,0.0,,1.0,10.435061563891146,0.0,,1.0,6.297869313095418,0,,1,6.893827924935746,0,,1,8.019354805595617,0.0,,1.0,8.047128292172907,0,,1,-11.574246648495992,0.0,,1.0,3.6240791156781604,0.0,,1.0,19.208669367293787,0,,1,5.107408262258133,0,,1,8.811265646907259,0,,1,-7.570246185184525,0.0,,1.0,-2.3213636158155246,0.0,,1.0,-5.7179281833914715,0,,1,3.2532615954388064,0,,1,8.50495585383856,0.0,,1.0,38.59581928000456,0,,1,-16.946409071355845,0,,1,0.8912895163186663,0,,1,4.745614750292771,0,,1,-19.98645436593829,0,,1,-1.1492301467242882,0,,1,-6.238892139786176,0,,1,-5.553265773880136,0.0,,1.0,-10.876087200693872,0.0,,1.0,-7.67807665952084,0.0,,1.0,-5.590903979886374,0.0,,1.0,-20.731912374955776,0.0,,1.0,-1.2827142499045607,0,,1,-1.6211320357455785,0.0,,1.0,-10.925753217093389,0.0,,1.0,-3.4982538135216577,0,,1,-5.874324429263595,0,,1,5.421475809515972,0,,1,-12.415295051035544,0,,1,0.002721360687564246,0,,1,1.105754727817568,0,,1,c5d9882c991a6960aea89a73397c921750926e7c0b501f75a82ee761df5efef0,1.0,2021-11-15T01:30:00+00:00,2021-12-09T01:30:00+00:00,publication,pseudo_real_time,,,,,,,,,,,,,,,,,,,,,,,,,,,,,,,,,,,,,,,,,,,,,,,,,,,,,,,,,,,,,,,,,,,,,,,,,,,,,,,,,,,,,,,,,,,,,,,,,,,,,,,,,,,,,,,,,,,,,,,,,,,,,,,,,,,,,,,,,,,,,,,,,,,,,,,,,,,,,,,,,,,,,,,,
2021-12,2021-12-14T09:30:00+08:00,early,-5.89400316819475,-4.507677619294242,-4.587637123234897,8.709209200024413,50,0.0,1.0,,,,,0,1.0,-4.900904815229452,0.0,,1.0,0.7116545343355749,0.0,,1.0,-9.84239282460613,0.0,,1.0,1.4724355953692978,0.0,,1.0,-1.5582849821641638,0.0,,1.0,-15.091537574999526,0.0,,1.0,-2.8163287851812715,0.0,,1.0,-8.255144743123209,0.0,,1.0,-5.315503465754202,0.0,,1.0,0.06607310097192096,0,,1,0.16393347900457358,0,,1,-6.689923933292705,0.0,,1.0,0.3689766519280382,0,,1,2.390451379914122,0,,1,2.166873086316337,0,,1,-8.67899293552031,0.0,,1.0,-7.135335245201735,0,,1,-9.114217989937188,0.0,,1.0,-3.7205112215328002,0,,1,-5.59466310117641,0,,1,-5.2087058596634765,0,,1,-9.318402863337694,0.0,,1.0,-7.5312051356278555,0.0,,1.0,-8.287738051123313,0.0,,1.0,-4.1187640183930645,0,,1,-0.7348829761828993,0,,1,-5.325612397434413,0.0,,1.0,-5.307066059304124,0,,1,-8.946491042618456,0.0,,1.0,-10.792140842208118,0.0,,1.0,-9.015578720665687,0,,1,-8.922429485176085,0,,1,-32.205835404198204,0,,1,-6.279315082769117,0.0,,1.0,-28.809226885951826,0.0,,1.0,-40.85314488574273,0,,1,0.7916685080877334,0,,1,-4.52258608534169,0.0,,1.0,5.393494021523923,0,,1,-8.05211361430098,0,,1,-1.0758989856692398,0,,1,0.79642988644816,0,,1,-18.05973967617526,0,,1,0.3512081903039625,0,,1,-12.476190072196667,0,,1,6.549441491535461,0.0,,1.0,-3.9888471519046176,0.0,,1.0,-3.4382640040460375,0.0,,1.0,-1.5185077633320037,0.0,,1.0,-5.475799531154286,0.0,,1.0,-1.5077978621062071,0,,1,-11.114540803082969,0.0,,1.0,-3.841128542616295,0.0,,1.0,-4.492769153246794,0,,1,-1.1363033451862876,0,,1,-1.1314667122905049,0,,1,-3.0626872964220127,0,,1,-0.963086934274898,0,,1,4.709203464633236,0,,1,f08ea5a602dda3f2efa994ff7272a4a261e29bfa8bcb20276255af88e7c4c136,-1.2,2021-12-14T01:30:00+00:00,2022-01-12T01:30:00+00:00,publication,pseudo_real_time,,,,,,,,,,,,,,,,,,,,,,,,,,,,,,,,,,,,,,,,,,,,,,,,,,,,,,,,,,,,,,,,,,,,,,,,,,,,,,,,,,,,,,,,,,,,,,,,,,,,,,,,,,,,,,,,,,,,,,,,,,,,,,,,,,,,,,,,,,,,,,,,,,,,,,,,,,,,,,,,,,,,,,,,
2022-01,2022-01-14T09:30:00+08:00,early,-3.238920448359092,-0.9739185706799663,-2.3092803876370533,8.734531230856934,43,0.24561403508771928,1.0,,,,,0,1.0,-0.953176843783824,0.2857142857142857,,1.0,-1.5252668995534873,0.0,,1.0,-0.553236681901401,0.46153846153846156,,1.0,-1.2375039437693307,0.8,,1.0,2.3123899795216225,0.0,,1.0,-14.242959741662022,0.25,,1.0,-0.3933289021396377,0.0,,1.0,-6.253163135249609,0.0,,1.0,-3.5079540838269008,0.0,,1.0,-0.9739185706799663,0,,1,-0.08616983543315483,0,,1,-23.98275104753856,0.0,,1.0,-0.8284801567939808,0,,1,-1.2375039437693307,0,,1,0.2457794144886978,0,,1,-0.1198983003057918,0.0,,1.0,-24.433165381182313,0,,1,-22.40515399629989,0.0,,1.0,-0.4708800589908328,0,,1,-0.8783204149598391,0,,1,-1.0154294317882944,0,,1,-28.966496006431075,0.0,,1.0,-7.088053520875838,0.0,,1.0,-9.270313590654974,0.0,,1.0,-1.7535634578036399,0,,1,0.8581085576489509,0,,1,-3.4765507988278155,0.0,,1.0,-3.466228025547471,0,,1,-2.401122294218015,0.0,,1.0,,1.0,,1.0,-12.890207758444333,0,,1,0.4074072318751694,0,,1,13.773568049503023,0,,1,,1.0,,1.0,,1.0,,1.0,14.800688040470552,0,,1,-0.5428343998847361,0,,1,,1.0,,1.0,-9.298221119742722,0,,1,-7.6589854917117295,0,,1,0.08974545650709896,0,,1,0.13141830578668612,0,,1,-7.247812279987002,0,,1,-0.6823343011585945,0,,1,6.408910554617774,0,,1,,1.0,,1.0,-1.3831650590734752,0.0,,1.0,,1.0,,1.0,,1.0,,1.0,-4.077167675270717,0.0,,1.0,-4.783261259334887,0,,1,1.7332084778857721,0.0,,1.0,-1.0636196387945667,0.0,,1.0,-0.4253496743029448,0,,1,2.829108068349374,0,,1,-0.6062704412738332,0,,1,6.355634074716425,0,,1,3.410450828136799,0,,1,-6.804378408346927,0,,1,d4be125b5662df327352f952d9de3537220c2f4a3bb4c59baefa6676463c0920,-0.2,2022-01-14T01:30:00+00:00,2022-02-16T01:30:00+00:00,publication,pseudo_real_time,,1.0,,1.0,,1.0,,1.0,,1.0,,1.0,,1.0,,1.0,,1.0,,1.0,,1.0,,1.0,,1.0,,1.0,,,,,,,,,,,,,,,,,,,,,,,,,,,,,,,,,,,,,,,,,,,,,,,,,,,,,,,,,,,,,,,,,,,,,,,,,,,,,,,,,,,,,,,,,,,,,,,,,,,,,,,,,,,,,,,,,,,,,,,,,,,,,,,,,,,,,,,,,,,,
2022-03,2022-03-14T09:30:00+08:00,early,,,,,0,1.0,1.0,,,,,0,1.0,,1.0,,1.0,,1.0,,1.0,,1.0,,1.0,,1.0,,1.0,,1.0,,1.0,,1.0,,1.0,,1.0,,1.0,,1.0,,1.0,,1.0,,1.0,,1,,1,,1,,1,,1.0,,1.0,,1,,1,,1,,1,,1,,1,,1.0,,1.0,,1,,1,,1.0,,1.0,,1,,1,,1,,1,,1,,1,,1.0,,1.0,,1.0,,1.0,,1.0,,1.0,,1,,1,,1,,1,,1.0,,1.0,,1,,1,,1.0,,1.0,,,,,,1,,1,,1,,1,,1,,1,,,,,,,,,,1,,1,,1,,1,,,,,,1,,1,,1,,1,,1,,1,,1,,1,,1,,1,,1,,1,,1,,1,,,,,,1.0,,1.0,,,,,,,,,,1.0,,1.0,,1,,1,,1.0,,1.0,,1.0,,1.0,,1,,1,,1,,1,,1,,1,,1,,1,,1,,1,,1,,1,c76dd16f14457069f777967acf204aa76be3c4312aeb96184e67a2cbe1c274ca,1.1,2022-03-14T01:30:00+00:00,2022-04-11T01:30:00+00:00,publication,pseudo_real_time,,,,,,,,,,,,,,,,,,,,,,,,,,,,,,1.0,,1.0,,1.0,,1.0,,1.0,,1.0,,1.0,,1.0,,1.0,,1.0,,1.0,,1.0,,1.0,,1.0,,1.0,,1.0,,,,,,,,,,,,,,,,,,,,,,,,,,,,,,,,,,,,,,,,,,,,,,,,,,,,,,,,,,,,,,,,,,,,,,,,,,,,,,,,,,,,,,,,,,,,,,,,,,,,,,,,,,,,
2022-04,2022-04-14T09:30:00+08:00,early,2.3832034264502404,1.6203949178624901,1.8478923368860323,6.5438232908861975,50,0.0,1.0,,,,,0,1.0,2.556564258861346,0.0,,1.0,1.2100066687569515,0.0,,1.0,6.500455218217837,0.0,,1.0,0.17661006112618124,0.0,,1.0,2.327630452991839,0.0,,1.0,4.637185979084399,0.0,,1.0,0.5592651962458476,0.0,,1.0,-3.477096400165338,0.0,,1.0,-0.7351633333447095,0.0,,1.0,-7.451113323765019,0,,1,3.4374787601260044,0,,1,6.862198991001354,0.0,,1.0,-0.019917614495449563,0,,1,-0.9250071996250673,0,,1,1.5450392586612807,0,,1,,,,,6.676570501014839,0,,1,0.42171645074278086,0.0,,1.0,0.6319224487805178,0,,1,2.1559320137108666,0,,1,1.5790214179410327,0,,1,-1.1102542287430646,0.0,,1.0,-0.10803208988108466,0.0,,1.0,1.4198155112858084,0.0,,1.0,3.1555820950588633,0,,1,0.017116322830637833,0,,1,-3.453681561749987,0.0,,1.0,-3.5899753301538646,0,,1,-11.743072621900737,0.0,,1.0,,,,,-1.3685247193665915,0,,1,-2.212505939482855,0,,1,9.941319327341809,0,,1,,,,,,,,,7.91738260482589,0,,1,1.3802104166045273,0,,1,,,,,1.6617684177839473,0,,1,3.8357955240687343,0,,1,2.2892184907695525,0,,1,3.0581254556261777,0,,1,38.70578115103109,0,,1,-0.5096730047539246,0,,1,3.6041097979026535,0,,1,,,,,2.8788022096185655,0.0,,1.0,,,,,,,,,3.427188302127375,0.0,,1.0,7.013022982348441,0,,1,2.1235310166708015,0.0,,1.0,3.156926958197379,0.0,,1.0,2.3590836220388085,0,,1,-1.4075134289238491,0,,1,1.119548645617589,0,,1,0.9141848786193048,0,,1,4.9875697969609085,0,,1,4.818119193739516,0,,1,6c93a997b83da587cb1c9d9291e969213e7da317af6329fb4f86294e52df244e,0.6,2022-04-14T01:30:00+00:00,2022-05-11T01:30:00+00:00,publication,pseudo_real_time,,,,,,,,,,,,,,,,,,,,,,,,,,,,,5.691430152376557,0.0,,1.0,-3.15595046687538,0.0,,1.0,3.2096193316614228,0.0,,1.0,11.060765085968471,0.0,,1.0,-0.6327029230085297,0.0,,1.0,2.0875403060121407,0.0,,1.0,0.6514871277955337,0.0,,1.0,1.0531712083762381,0.0,,1.0,,,,,,,,,,,,,,,,,,,,,,,,,,,,,,,,,,,,,,,,,,,,,,,,,,,,,,,,,,,,,,,,,,,,,,,,,,,,,,,,,,,,,,,,,,,,,,,,,,,,,,,,,,,,
2022-05,2022-05-14T09:30:00+08:00,early,-0.29340795624131605,-0.2565262839754699,-0.48859792884550446,4.235394035586895,49,0.039215686274509776,1.0,,,,,0,1.0,-0.7395928806448734,0.0,,1.0,1.9004875654903954,0.0,,1.0,-0.41480791942784484,0.18181818181818182,,1.0,-0.35434330560095156,0.0,,1.0,-1.7270785216239104,0.0,,1.0,-2.6351700573088204,0.0,,1.0,4.184132939086674,0.0,,1.0,-1.1002131412465563,0.0,,1.0,-0.7073811350146526,0.0,,1.0,1.277116792986604,0,,1,8.125141274751375,0,,1,-8.155920759116626,0.0,,1.0,2.0200536620564855,0,,1,-3.9028555821503605,0,,1,3.4376712926422437,0,,1,,,,,-7.548611837019574,0,,1,-6.749746306622731,0.0,,1.0,0.31592389420498146,0,,1,0.7538680006772597,0,,1,-0.5780602375234198,0,,1,-5.771134460987295,0.0,,1.0,-2.1739276134895227,0.0,,1.0,-0.6200194637550352,0.0,,1.0,0.2002516396195304,0,,1,-1.6205144201557324,0,,1,-2.151327479839282,0.0,,1.0,-2.2779053756676664,0,,1,-0.5066923464951109,0.0,,1.0,,,,,-1.522473934955407,0,,1,1.352717801119109,0,,1,2.4288451969033007,0,,1,,,,,,,,,2.383576821234506,0,,1,1.0508509925951128,0,,1,,,,,16.407355988528995,0,,1,-5.710511966734688,0,,1,-0.9306451984792263,0,,1,0.15445053963579988,0,,1,1.667938757192298,0,,1,0.29164979184747614,0,,1,3.1558703572225175,0,,1,,,,,-0.4108880605929674,0.0,,1.0,,,,,,,,,-3.1490270788502035,0.0,,1.0,0.5569198898760604,0,,1,2.2853622675678675,0.0,,1.0,-0.34671346787432794,0.0,,1.0,-1.377317416263289,0,,1,-6.940086673467478,0,,1,0.7425577206133301,0,,1,-6.468977180169732,0,,1,-0.251249428460013,0,,1,-5.050889108924286,0,,1,78bc0779e71f752722ec7083f60a911d445390486602bbcd6a5ed321055df6a6,0.1,2022-05-14T01:30:00+00:00,2022-06-10T01:30:00+00:00,publication,pseudo_real_time,,,,,,,,,,,,,,,,,,,,,,,,,,,,,3.1501407495220444,0.0,,1.0,1.5627667228036526,0.0,,1.0,-2.4784461022924953,0.0,,1.0,7.079722247144993,0.0,,1.0,-0.2565262839754699,0.0,,1.0,3.0963519493229756,0.0,,1.0,-0.923626422031061,0.0,,1.0,,1.0,,1.0,,1.0,,1.0,,,,,,,,,,,,,,,,,,,,,,,,,,,,,,,,,,,,,,,,,,,,,,,,,,,,,,,,,,,,,,,,,,,,,,,,,,,,,,,,,,,,,,,,,,,,,,,,,,,,,,,,
2022-06,2022-06-14T09:30:00+08:00,early,0.08583884354101658,0.11316691565682813,0.19508613512485456,4.83225357105746,50,0.0,1.0,,,,,0,1.0,-3.240358917963075,0.0,,1.0,1.354312102052405,0.0,,1.0,2.056006235479954,0.0,,1.0,0.08504073603986206,0.0,,1.0,-0.5420321128599499,0.0,,1.0,1.36517157388408,0.0,,1.0,2.455664989589833,0.0,,1.0,-7.21600978536781,0.0,,1.0,-0.1704373121539866,0.0,,1.0,0.5585563440983521,0,,1,3.382520410059447,0,,1,4.152540433851335,0.0,,1.0,8.126249016785248,0,,1,3.546803185305901,0,,1,-1.6034232006607723,0,,1,,,,,3.920353897246827,0,,1,3.7075443002801785,0.0,,1.0,12.451056373433062,0,,1,-2.9698917173520636,0,,1,-2.4060604069448845,0,,1,6.1930968986206,0.0,,1.0,-6.4822861610272025,0.0,,1.0,-8.691293216587285,0.0,,1.0,1.9472446290782435,0,,1,-3.549331493156887,0,,1,2.5807894039023997,0.0,,1.0,2.5111256513750915,0,,1,-6.474449978488943,0.0,,1.0,,,,,-8.221846673955016,0,,1,-0.7222677784319297,0,,1,-4.263271930704395,0,,1,,,,,,,,,-7.0457252192309126,0,,1,0.5386361279268665,0,,1,,,,,4.166420239282124,0,,1,-0.4509090084474066,0,,1,-0.11061510177450717,0,,1,0.882330895107291,0,,1,2.082381932447762,0,,1,-0.10624594269124041,0,,1,7.155166598070744,0,,1,,,,,-2.9300586315987043,0.0,,1.0,,,,,,,,,-2.939020857219317,0.0,,1.0,3.1062361055881933,0,,1,5.586746710507098,0.0,,1.0,-3.9093644406773937,0.0,,1.0,-3.6692122574983532,0,,1,0.1559559633457066,0,,1,-1.2748579917936729,0,,1,0.9050643588574045,0,,1,-1.6877197167290243,0,,1,5.743111113214604,0,,1,e536a4b3d8b33e0823f7108678ee19da8f904c6b6ff62a85e282b8e9a5d2ab0b,0.2,2022-06-14T01:30:00+00:00,2022-07-09T01:30:00+00:00,publication,pseudo_real_time,,,,,,,,,,,,,,,,,,,,,,,,,,,,,3.4259182146116993,0.0,,1.0,6.826744822959934,0.0,,1.0,-3.5575660537070535,0.0,,1.0,-13.822665667012524,0.0,,1.0,-3.246571308955273,0.0,,1.0,-0.04510966823104201,0.0,,1.0,0.7487351060025677,0.0,,1.0,,,,,0.07037786796794965,0.0,,1.0,,,,,,,,,,,,,,,,,,,,,,,,,,,,,,,,,,,,,,,,,,,,,,,,,,,,,,,,,,,,,,,,,,,,,,,,,,,,,,,,,,,,,,,,,,,,,,,,,,,,,,,,
2022-07,2022-07-14T09:30:00+08:00,early,-3.5219241373544437,-3.5590357789702596,-3.7511972747553615,5.544046713409876,50,0.0,1.0,,,,,0,1.0,-7.921687184361485,0.0,,1.0,0.49265191059663316,0.0,,1.0,-4.082393288392686,0.0,,1.0,-1.1323820357428713,0.0,,1.0,-6.470297599347955,0.0,,1.0,-3.723666209421431,0.0,,1.0,-1.2301609969381146,0.0,,1.0,-6.4097293164883204,0.0,,1.0,-2.2366158752582916,0.0,,1.0,-0.6405958766889078,0,,1,3.2202522326236833,0,,1,-3.3168778992483374,0.0,,1.0,-3.5114585177808273,0,,1,-0.9404227720368237,0,,1,-2.1416750025251017,0,,1,,,,,-3.6713456170489085,0,,1,-4.2615437541421874,0.0,,1.0,-1.9931022005863903,0,,1,-4.021512025374375,0,,1,-8.134697410812434,0,,1,-4.729327789652758,0.0,,1.0,-7.6901763918723205,0.0,,1.0,-7.349039033695226,0.0,,1.0,-1.9718998155591267,0,,1,-11.643700336229788,0,,1,-0.35652431023312275,0.0,,1.0,-0.3921435498935841,0,,1,-4.189972523897416,0.0,,1.0,,,,,-6.911466273653301,0,,1,-4.5537588304051795,0,,1,-1.7467833447774113,0,,1,,,,,,,,,-2.5293043275505704,0,,1,0.25265424938173064,0,,1,,,,,25.694671568857867,0,,1,-5.119375474421583,0,,1,-12.158754601569846,0,,1,0.7660975281945664,0,,1,-2.009968556116538,0,,1,-0.03789521497093446,0,,1,-1.9481140112635273,0,,1,,,,,-8.03948798673823,0.0,,1.0,,,,,,,,,-13.787283161858172,0.0,,1.0,-0.13980906673061094,0,,1,-2.703078228604502,0.0,,1.0,-8.877926327838347,0.0,,1.0,-9.118182759038914,0,,1,-4.5315723952292695,0,,1,0.06424599849773183,0,,1,-6.224022646688784,0,,1,-7.562659147630922,0,,1,-1.5442186884723748,0,,1,000c6975f7b13ded024f7313632cc3eee85f54be882539b25057fd93837e8a82,-1.3,2022-07-14T01:30:00+00:00,2022-08-10T01:30:00+00:00,publication,pseudo_real_time,,,,,,,,,,,,,,,,,,,,,,,,,,,,,-6.2701393467491195,0.0,,1.0,-5.578200760909321,0.0,,1.0,-9.338316596366605,0.0,,1.0,-5.564161877720864,0.0,,1.0,-1.1477663228962467,0.0,,1.0,-1.308957012295544,0.0,,1.0,-2.780297617343737,0.0,,1.0,,,,,-3.6066130401596923,0.0,,1.0,,,,,,,,,,,,,,,,,,,,,,,,,,,,,,,,,,,,,,,,,,,,,,,,,,,,,,,,,,,,,,,,,,,,,,,,,,,,,,,,,,,,,,,,,,,,,,,,,,,,,,,,
2022-08,2022-08-14T09:30:00+08:00,early,-4.356854507771463,-3.1116730580240652,-3.1213104654688566,6.987207369425875,50,0.0,1.0,,,,,0,1.0,-2.993599781286757,0.0,,1.0,-1.4768377709924632,0.0,,1.0,-7.6106079995583995,0.0,,1.0,-1.8588000752241267,0.0,,1.0,0.46506357498990497,0.0,,1.0,-10.87678786023175,0.0,,1.0,-6.080921380704478,0.0,,1.0,-2.752883976333758,0.0,,1.0,-0.9342112531465298,0.0,,1.0,-2.2548291987272426,0,,1,-4.114536685142957,0,,1,-5.844007767762182,0.0,,1.0,-0.8537483568944906,0,,1,-2.7361100741975894,0,,1,-0.3953523412334582,0,,1,,,,,-5.941009686470589,0,,1,-4.663932186684453,0.0,,1.0,-15.914977231845507,0,,1,-5.438307020093081,0,,1,-4.786957207444929,0,,1,-4.219341639724712,0.0,,1.0,-2.4282799244776485,0.0,,1.0,-1.4308729428859397,0.0,,1.0,-2.889002850791364,0,,1,-10.337061458725781,0,,1,-3.0956821906838363,0.0,,1.0,-2.9353936266788945,0,,1,-4.3994990616376874,0.0,,1.0,,,,,7.539556646815443,0,,1,-4.224745497540526,0,,1,-6.307284982698482,0,,1,,,,,,,,,-21.201216667139995,0,,1,-2.0307984383818156,0,,1,,,,,-0.08194933434586546,0,,1,-0.19509771412071045,0,,1,-0.1810627745108023,0,,1,0.0,0,,1,-38.22864542637363,0,,1,-0.03858893031643377,0,,1,-5.9964156010354195,0,,1,,,,,-0.011532665929412987,0.0,,1.0,,,,,,,,,-1.5453279785741643,0.0,,1.0,0.5516552652603666,0,,1,-9.231981781395225,0.0,,1.0,-0.05939659955670184,0.0,,1.0,-4.061713574551516,0,,1,1.3711414266977724,0,,1,1.4955613041264642,0,,1,-0.8043186920405361,0,,1,1.350074462384494,0,,1,-3.589219146170349,0,,1,a4e8abe4d5932711d8d09fe25982588f28e7cc3404ad57425a2186cadabfe6e4,-1.2,2022-08-14T01:30:00+00:00,2022-09-09T01:30:00+00:00,publication,pseudo_real_time,,,,,,,,,,,,,,,,,,,,,,,,,,,,,-11.873398258243235,0.0,,1.0,-3.586084681024099,0.0,,1.0,-3.6036916201449007,0.0,,1.0,-18.353029841994818,0.0,,1.0,-3.664916967228926,0.0,,1.0,0.8246268157541354,0.0,,1.0,-3.127663925364294,0.0,,1.0,,,,,-4.298358758827618,0.0,,1.0,,,,,,,,,,,,,,,,,,,,,,,,,,,,,,,,,,,,,,,,,,,,,,,,,,,,,,,,,,,,,,,,,,,,,,,,,,,,,,,,,,,,,,,,,,,,,,,,,,,,,,,,
2022-09,2022-09-14T09:30:00+08:00,early,0.5374781884546574,0.4895878057474343,1.0194341286698159,6.764879279163606,50,0.0,1.0,,,,,0,1.0,-0.9070866013659772,0.0,,1.0,1.9232129450111328,0.0,,1.0,-4.441158343754951,0.0,,1.0,-0.6676112416623282,0.0,,1.0,1.3344437844509103,0.0,,1.0,7.626628311228543,0.0,,1.0,-3.3224198380534493,0.0,,1.0,3.052733532466361,0.0,,1.0,0.9050047056223328,0.0,,1.0,-4.576854051114664,0,,1,-3.9767526328770897,0,,1,7.378635830000791,0.0,,1.0,1.0364442586573839,0,,1,-2.008138153096523,0,,1,-0.027441152319323127,0,,1,,,,,7.7252756757431165,0,,1,10.08197803483642,0.0,,1.0,12.238252789560725,0,,1,-1.3428116643310464,0,,1,-0.5466221056131063,0,,1,5.910919626143449,0.0,,1.0,4.017110020031434,0.0,,1.0,4.02189199257278,0.0,,1.0,5.538874845905041,0,,1,-1.1554176502257234,0,,1,3.349461469469456,0.0,,1.0,3.3930545907082674,0,,1,1.1191985847948698,0.0,,1.0,,,,,-3.5296245405432276,0,,1,2.783985425530654,0,,1,-3.432613301326511,0,,1,,,,,,,,,3.5199682457330255,0,,1,-0.6104540406534824,0,,1,,,,,7.578311449022521,0,,1,3.2094757554347937,0,,1,2.5871598824093036,0,,1,-6.105723557336193,0,,1,-37.25402879039101,0,,1,-0.07588328501971996,0,,1,-6.992550471504372,0,,1,,,,,-2.314288493830577,0.0,,1.0,,,,,,,,,-0.43073686861632354,0.0,,1.0,1.495646098034407,0,,1,2.755699197445412,0.0,,1.0,-1.5295270590419343,0.0,,1.0,0.3797799235668537,0,,1,7.144497882593001,0,,1,-0.9898183155455021,0,,1,1.1924133234396348,0,,1,2.5480202475002054,0,,1,-2.5655596716942246,0,,1,90b41eb56191d66b4be92f7514a6c8842a6c2cb81bcd0ef88aa5c18e789ced9e,-0.1,2022-09-14T01:30:00+00:00,2022-10-14T01:30:00+00:00,publication,pseudo_real_time,,,,,,,,,,,,,,,,,,,,,,,,,,,,,-1.4136528301685956,0.0,,1.0,0.853632774264931,0.0,,1.0,-0.08905020894605303,0.0,,1.0,6.531367976582271,0.0,,1.0,-0.5940912598184762,0.0,,1.0,0.5993956879280149,0.0,,1.0,-0.6192193728273456,0.0,,1.0,,,,,0.06431731166514003,0.0,,1.0,,,,,,,,,,,,,,,,,,,,,,,,,,,,,,,,,,,,,,,,,,,,,,,,,,,,,,,,,,,,,,,,,,,,,,,,,,,,,,,,,,,,,,,,,,,,,,,,,,,,,,,,
2022-10,2022-10-14T09:30:00+08:00,early,2.407347219777018,0.36565013926171464,1.783670940064796,5.490353089054981,50,0.0,1.0,,,,,0,1.0,-0.29865310342039847,0.0,,1.0,3.4842538293643908,0.0,,1.0,3.2785612960317456,0.0,,1.0,1.40881367236949,0.0,,1.0,-0.43159587489081863,0.0,,1.0,9.343348537389314,0.0,,1.0,0.681432931528925,0.0,,1.0,0.5575034597589289,0.0,,1.0,-1.686778406498869,0.0,,1.0,-1.1130753670293447,0,,1,-0.5972292680246449,0,,1,14.122783668838125,0.0,,1.0,-2.1035798625533433,0,,1,2.591253726203228,0,,1,0.437206353209947,0,,1,,,,,14.333359796196369,0,,1,11.553832652596466,0.0,,1.0,6.350620432789864,0,,1,-0.9566863723205921,0,,1,-1.0603064960065713,0,,1,12.122896601595484,0.0,,1.0,2.7289093768133195,0.0,,1.0,-0.8047408191437362,0.0,,1.0,-0.7858590296532921,0,,1,-0.6381120711864202,0,,1,-4.1283691627239,0.0,,1.0,-4.052971766953666,0,,1,-0.2516581783927967,0.0,,1.0,,,,,8.867110724081972,0,,1,-3.40493571295633,0,,1,18.631961158391796,0,,1,,,,,,,,,6.131683557861595,0,,1,0.4980262204287088,0,,1,,,,,8.478545099075506,0,,1,9.501438065686463,0,,1,-0.4066250515428687,0,,1,-6.615645490787997,0,,1,-3.542388357937274,0,,1,0.051279451187329086,0,,1,3.825460880072561,0,,1,,,,,-0.12188131283202362,0.0,,1.0,,,,,,,,,-1.9626684534137993,0.0,,1.0,10.002710528561247,0,,1,0.050402011354940046,0.0,,1.0,0.5638152634280509,0.0,,1.0,-0.5109536281047371,0,,1,11.147954916192154,0,,1,0.4824715616836162,0,,1,-0.9185040881190426,0,,1,-0.8837259215849793,0,,1,0.94231269997514,0,,1,60d28a0eab74f9ded5ab8a30a366edbcc9fc97ec2e9775eaada9c1fb904daef5,0.2,2022-10-14T01:30:00+00:00,2022-11-09T01:30:00+00:00,publication,pseudo_real_time,,,,,,,,,,,,,,,,,,,,,,,,,,,,,3.7546034296407647,0.0,,1.0,-0.7842028753112052,0.0,,1.0,0.2940939253134823,0.0,,1.0,0.7882630518472846,0.0,,1.0,-0.7775934485571795,0.0,,1.0,2.412780739462421,0.0,,1.0,1.8565554898400023,0.0,,1.0,,,,,4.266742341658834,0.0,,1.0,,,,,,,,,,,,,,,,,,,,,,,,,,,,,,,,,,,,,,,,,,,,,,,,,,,,,,,,,,,,,,,,,,,,,,,,,,,,,,,,,,,,,,,,,,,,,,,,,,,,,,,,
2022-11,2022-11-14T09:30:00+08:00,early,-1.6492313924838213,-1.5343316628374546,-1.5800962994272827,4.590894564644984,50,0.0,1.0,,,,,0,1.0,-3.736184941223872,0.0,,1.0,0.6538152475010421,0.0,,1.0,-4.612848452954175,0.0,,1.0,-2.0467409876125995,0.0,,1.0,-0.36043286760072507,0.0,,1.0,1.3870826378830687,0.0,,1.0,-3.15954423775591,0.0,,1.0,1.4845336416456305,0.0,,1.0,-2.708181611820725,0.0,,1.0,-6.070462681981519,0,,1,-2.204563662607245,0,,1,3.4295567841754844,0.0,,1.0,0.5659978238833447,0,,1,-4.676092970202727,0,,1,2.6056539942100008,0,,1,,,,,3.3851471157131683,0,,1,3.6210391963493382,0.0,,1.0,-1.4790660894062082,0,,1,-1.589597236268701,0,,1,-4.289291653699072,0,,1,3.858497168375478,0.0,,1.0,2.7284591013053276,0.0,,1.0,2.0229455136628474,0.0,,1.0,1.8240840382536532,0,,1,-3.4256764452451898,0,,1,-2.262210682364205,0.0,,1.0,-2.1792200386971152,0,,1,-0.2978036900312841,0.0,,1.0,,,,,-11.399970129060629,0,,1,-2.6495704566601006,0,,1,-10.639006339315877,0,,1,,,,,,,,,-1.310678376135739,0,,1,1.0372786305087063,0,,1,,,,,-0.7348803907030388,0,,1,-3.892512860356459,0,,1,2.306595956631988,0,,1,0.41779759760405,0,,1,15.630656657542144,0,,1,0.389663624271264,0,,1,-8.759560866762463,0,,1,,,,,-3.372922759350165,0.0,,1.0,,,,,,,,,-5.644069786895684,0.0,,1.0,1.7084655618520856,0,,1,-8.795692740265105,0.0,,1.0,-5.2683017048570004,0.0,,1.0,-3.172338932589086,0,,1,3.084019181231164,0,,1,0.17466381624579203,0,,1,-0.6608181449331363,0,,1,-3.262173098347544,0,,1,-8.458604417586935,0,,1,2948a4a1d75f81f0f9a878b3ad0a5c9b1868722b5ed4004166f713a3ec5cf2e1,0.1,2022-11-14T01:30:00+00:00,2022-12-09T01:30:00+00:00,publication,pseudo_real_time,,,,,,,,,,,,,,,,,,,,,,,,,,,,,-1.203606368678967,0.0,,1.0,-9.5883844938513,0.0,,1.0,-4.72465736057921,0.0,,1.0,-1.7949173338900406,0.0,,1.0,-1.0190693026466886,0.0,,1.0,-0.4450606899883827,0.0,,1.0,-3.350494797550426,0.0,,1.0,,,,,-2.6308148844996526,0.0,,1.0,,,,,,,,,,,,,,,,,,,,,,,,,,,,,,,,,,,,,,,,,,,,,,,,,,,,,,,,,,,,,,,,,,,,,,,,,,,,,,,,,,,,,,,,,,,,,,,,,,,,,,,,
2022-12,2022-12-14T09:30:00+08:00,early,-2.1896192647949153,-1.0054552204820655,-1.6526643290897631,4.548604622815683,50,0.0,1.0,,,,,0,1.0,0.36999611076454597,0.0,,1.0,-2.355093042061661,0.0,,1.0,-2.972274695824248,0.0,,1.0,0.15857389888040388,0.0,,1.0,1.3362494510537917,0.0,,1.0,-7.136784469866663,0.0,,1.0,-0.9307977597251001,0.0,,1.0,0.12950132122440072,0.0,,1.0,-2.7661312509808194,0.0,,1.0,-4.973372571308154,0,,1,-4.370802884043394,0,,1,-12.767559740017784,0.0,,1.0,-1.2479934934146644,0,,1,3.7370435639314232,0,,1,0.5762322088509458,0,,1,,,,,-12.043035467409922,0,,1,-12.938701853689762,0.0,,1.0,-0.26973211498322147,0,,1,-2.3982762471513257,0,,1,0.1592084804199172,0,,1,-13.070233994088268,0.0,,1.0,0.6146808263110166,0.0,,1.0,3.104538948813762,0.0,,1.0,-4.891220515472529,0,,1,-2.801209238123369,0,,1,-4.23484700383657,0.0,,1.0,-4.1992371094250664,0,,1,-3.3307158114515762,0.0,,1.0,,,,,-2.3058359233875616,0,,1,-0.9656469537631857,0,,1,-1.0452634872009452,0,,1,,,,,,,,,0.3423500493936183,0,,1,3.0808210574977077,0,,1,,,,,-11.976520822461476,0,,1,-4.41528656494724,0,,1,-0.12004226556464176,0,,1,0.0,0,,1,-4.824074838665521,0,,1,0.1587656675018952,0,,1,-7.60389279424047,0,,1,,,,,0.15070110347416737,0.0,,1.0,,,,,,,,,0.6034262475470022,0.0,,1.0,1.4897829258183641,0,,1,-3.2901134058400845,0.0,,1.0,0.4556632592127179,0.0,,1.0,1.3719399867363222,0,,1,-8.12062264216269,0,,1,1.5330165294678544,0,,1,2.9474760550928267,0,,1,0.9845474852191269,0,,1,-5.927332058839812,0,,1,de41af23f390758b2e64cbd06c28ad7144eece546bd2386e35d9f57a08137fd3,-0.5,2022-12-14T01:30:00+00:00,2023-01-12T01:30:00+00:00,publication,pseudo_real_time,,,,,,,,,,,,,,,,,,,,,,,,,,,,,6.551782176176248,0.0,,1.0,-2.7826122876618298,0.0,,1.0,2.4807400818954766,0.0,,1.0,0.7894218317286955,0.0,,1.0,-1.71948277381216,0.0,,1.0,-1.5418390934780513,0.0,,1.0,-0.8312084409902738,0.0,,1.0,,,,,0.39361067259669497,0.0,,1.0,,,,,,,,,,,,,,,,,,,,,,,,,,,,,,,,,,,,,,,,,,,,,,,,,,,,,,,,,,,,,,,,,,,,,,,,,,,,,,,,,,,,,,,,,,,,,,,,,,,,,,,,
2023-01,2023-01-14T09:30:00+08:00,early,-1.9340413693391312,-0.8226507707497583,-1.3605476448359592,5.212505317745008,48,0.07692307692307687,1.0,,,,,0,1.0,2.1953052167564824,0.5,,1.0,-3.9210067717668315,0.0,,1.0,-1.8150274675283096,0.0,,1.0,-0.030752168331896822,0.0,,1.0,-1.5337127246720081,0.0,,1.0,-2.488229537879033,0.0,,1.0,-1.219587658319585,0.0,,1.0,-2.03211960565676,0.0,,1.0,-3.116173630853414,0.0,,1.0,-3.274115139622233,0,,1,0.2504752398061923,0,,1,-8.496383614987055,0.0,,1.0,-3.3307112147904765,0,,1,0.03816167966544529,0,,1,-0.7825130506266437,0,,1,,,,,-8.303132474718069,0,,1,-8.729545521059096,0.0,,1.0,5.1176299967287555,0,,1,1.8726084761438788,0,,1,2.8539651724734596,0,,1,-5.9366188254216175,0.0,,1.0,-3.760583616143487,0.0,,1.0,-3.8453730805459605,0.0,,1.0,-7.989733357488412,0,,1,1.5787089417600222,0,,1,-1.840911848428689,0.0,,1.0,-1.9156286885787008,0,,1,1.5095978797191674,0.0,,1.0,,,,,4.538168212121821,0,,1,-2.706353759412422,0,,1,0.8323586909922919,0,,1,,,,,,,,,4.263168985407794,0,,1,-1.5504572552457474,0,,1,,,,,-21.11157660458323,0,,1,-4.2495435255383125,0,,1,-0.15815917489686435,0,,1,-8.782582343334079,0,,1,-18.374617349017942,0,,1,0.07655909682784338,0,,1,1.9568775354742762,0,,1,,,,,,1.0,,1.0,,,,,,,,,1.0502766026941228,0.0,,1.0,-1.723429545107948,0,,1,1.3390473170193309,0.0,,1.0,,1.0,,1.0,1.3844342702814014,0,,1,-4.524634542368468,0,,1,1.1920541695917173,0,,1,-3.373345753890881,0,,1,-3.795400139492004,0,,1,-2.5066282017438204,0,,1,9e7886cb209d20378328a2d555d5a076d3883e7c4e5a1e57ce286aa0bcc6d022,-0.4,2023-01-14T01:30:00+00:00,2023-02-10T01:30:00+00:00,publication,pseudo_real_time,,,,,,,,,,,,,,,,,,,,,,,,,,,,,-0.6351230751427149,0.0,,1.0,3.783964373964942,0.0,,1.0,2.6702129481271903,0.0,,1.0,4.667274688896052,0.0,,1.0,-0.2725562367840895,0.0,,1.0,0.14213805212295377,0.0,,1.0,-1.1192216282551137,0.0,,1.0,,,,,-0.862788490872873,0.0,,1.0,,1.0,,1.0,,1.0,,1.0,,,,,,,,,,,,,,,,,,,,,,,,,,,,,,,,,,,,,,,,,,,,,,,,,,,,,,,,,,,,,,,,,,,,,,,,,,,,,,,,,,,,,,,,,,,,,,,,
2023-03,2023-03-14T09:30:00+08:00,early,,,,,0,1.0,1.0,,,,,0,1.0,,1.0,,1.0,,1.0,,1.0,,1.0,,1.0,,1.0,,1.0,,1.0,,1.0,,1.0,,1.0,,1.0,,1.0,,1.0,,1.0,,1.0,,1.0,,1,,1,,1,,1,,1.0,,1.0,,1,,1,,1,,1,,1,,1,,,,,,1,,1,,1.0,,1.0,,1,,1,,1,,1,,1,,1,,1.0,,1.0,,1.0,,1.0,,1.0,,1.0,,1,,1,,1,,1,,1.0,,1.0,,1,,1,,1.0,,1.0,,,,,,1,,1,,1,,1,,1,,1,,,,,,,,,,1,,1,,1,,1,,,,,,1,,1,,1,,1,,1,,1,,1,,1,,1,,1,,1,,1,,1,,1,,,,,,,,,,,,,,,,,,1.0,,1.0,,1,,1,,1.0,,1.0,,,,,,1,,1,,1,,1,,1,,1,,1,,1,,1,,1,,1,,1,5272c68b0e8e637af3541fcf02f3344e03b2f68301ee3096c1724103ddf9d3ba,0.0,2023-03-14T01:30:00+00:00,2023-04-11T01:30:00+00:00,publication,pseudo_real_time,,,,,,,,,,,,,,,,,,,,,,,,,,,,,,1.0,,1.0,,1.0,,1.0,,1.0,,1.0,,1.0,,1.0,,1.0,,1.0,,1.0,,1.0,,1.0,,1.0,,,,,,1.0,,1.0,,,,,,,,,,1.0,,1.0,,1.0,,1.0,,,,,,,,,,,,,,,,,,,,,,,,,,,,,,,,,,,,,,,,,,,,,,,,,,,,,,,,,,,,,,,,,,,,,,,,,,,,,,,,,,,,,,,,
2023-04,2023-04-14T09:30:00+08:00,early,-2.3503321932985815,-2.082534983300162,-2.152307341115144,3.8479516065846937,50,0.0,1.0,,,,,0,1.0,-1.5101199445170124,0.0,,1.0,-3.321959948403421,0.0,,1.0,-0.1943628574444424,0.0,,1.0,-6.076027588201604,0.0,,1.0,-0.29422650957012564,0.0,,1.0,-4.866459735787743,0.0,,1.0,-3.640824066560159,0.0,,1.0,2.226655988000211,0.0,,1.0,-3.7039784411793115,0.0,,1.0,-8.121601967544642,0,,1,-0.09588534514653686,0,,1,-4.511189780674232,0.0,,1.0,-2.845486173406141,0,,1,-3.081466357911582,0,,1,-6.383124270710066,0,,1,,,,,-4.51522730278791,0,,1,-4.670864786016265,0.0,,1.0,-8.514270282680778,0,,1,0.1374943359712385,0,,1,0.21590430025175675,0,,1,-4.469301852572959,0.0,,1.0,0.39203154878358165,0.0,,1.0,2.8625677126215265,0.0,,1.0,-1.9385047408310392,0,,1,-0.674562380895882,0,,1,-0.5895871610809256,0.0,,1.0,-0.3599405651268639,0,,1,3.4253687025955255,0.0,,1.0,,,,,-16.58796332366517,0,,1,-6.36709800607079,0,,1,0.5174373974963141,0,,1,,,,,,,,,-6.404102087706885,0,,1,-1.924365156339383,0,,1,,,,,-4.519955329200668,0,,1,-4.429599265606734,0,,1,0.4846589117595566,0,,1,3.6192231496989207,0,,1,3.0784629490397126,0,,1,-0.05257623917587432,0,,1,2.317087586889838,0,,1,,,,,,,,,,,,,,,,,-2.2265652257692854,0.0,,1.0,-2.8328976108250243,0,,1,1.5360441056095413,0.0,,1.0,,,,,-2.3947009156208536,0,,1,-7.3427124266743276,0,,1,0.08376358356307798,0,,1,0.6512731976012669,0,,1,-2.396601731204404,0,,1,-5.307011695687971,0,,1,e6f5f7b89fcf7504b0ae5161993bc518a9101825f6898efa81a34eac8039fe16,-0.5,2023-04-14T01:30:00+00:00,2023-05-11T01:30:00+00:00,publication,pseudo_real_time,,,,,,,,,,,,,,,,,,,,,,,,,,,,,-2.7049848869893003,0.0,,1.0,4.042378959817964,0.0,,1.0,-1.1985527935558449,0.0,,1.0,-0.9802620580751662,0.0,,1.0,-7.260846913161169,0.0,,1.0,-7.8857694935320595,0.0,,1.0,-1.1365010362455692,0.0,,1.0,,,,,-0.33536234998823455,0.0,,1.0,,,,,,,,,-2.990040435478018,0.0,,1.0,-2.830824158670352,0.0,,1.0,,,,,,,,,,,,,,,,,,,,,,,,,,,,,,,,,,,,,,,,,,,,,,,,,,,,,,,,,,,,,,,,,,,,,,,,,,,,,,,,,,,,,,,,
2023-05,2023-05-14T09:30:00+08:00,early,-2.738953637268483,-1.920780681728269,-2.3258297961945056,6.059977876899378,50,0.0,1.0,,,,,0,1.0,-6.012698499420455,0.0,,1.0,0.29519696646307936,0.0,,1.0,-3.473464118531406,0.0,,1.0,-1.6701973894565583,0.0,,1.0,-1.4559600975045814,0.0,,1.0,-7.332083665715422,0.0,,1.0,-7.610027322080422,0.0,,1.0,4.471606146179667,0.0,,1.0,0.512642722134372,0.0,,1.0,-13.097526792969996,0,,1,-3.0753922589900453,0,,1,-4.863570188511063,0.0,,1.0,-3.951614884262599,0,,1,1.8134383241667662,0,,1,-3.544012945189333,0,,1,,,,,-4.861112828546048,0,,1,-1.207805610177257,0.0,,1.0,-7.722418310773706,0,,1,-2.086806851636175,0,,1,-5.120633267642826,0,,1,-1.707184793066603,0.0,,1.0,-3.4347578366198688,0.0,,1.0,-0.8750942076205072,0.0,,1.0,0.8145982878708125,0,,1,4.645539803089555,0,,1,1.364561380466962,0.0,,1.0,1.4580005659175046,0,,1,17.724670482779377,0.0,,1.0,,,,,-1.413851393014399,0,,1,-1.3179550751456235,0,,1,1.512897125336109,0,,1,,,,,,,,,-18.352894306389757,0,,1,-0.423460523407647,0,,1,,,,,0.8940468221272783,0,,1,-0.6669689371333893,0,,1,-2.5315521328861026,0,,1,2.170502566710975,0,,1,-22.91255153196264,0,,1,0.07759364833492144,0,,1,-3.37919936751739,0,,1,,,,,,,,,,,,,,,,,-2.2740246390923486,0.0,,1.0,-0.6185293989044395,0,,1,-4.024584993489403,0.0,,1.0,,,,,-6.741137446295846,0,,1,5.282013209916899,0,,1,0.13158407245688347,0,,1,0.08000122747652907,0,,1,-3.503873557065636,0,,1,2.184557606466312,0,,1,71012aa4fd54fa515ad1915a6ddf47fbca9df161081d245b0758d7bb23956ab7,-0.9,2023-05-14T01:30:00+00:00,2023-06-09T01:30:00+00:00,publication,pseudo_real_time,,,,,,,,,,,,,,,,,,,,,,,,,,,,,-6.657162914281227,0.0,,1.0,-2.9582826592683853,0.0,,1.0,-7.6139299418556305,0.0,,1.0,-12.609599622543524,0.0,,1.0,2.1251709382046773,0.0,,1.0,-8.949201430741118,0.0,,1.0,-1.7547545118203631,0.0,,1.0,,,,,-0.46172927683255555,0.0,,1.0,,,,,,,,,-7.217391079788532,0.0,,1.0,-7.296292409303719,0.0,,1.0,,,,,,,,,,,,,,,,,,,,,,,,,,,,,,,,,,,,,,,,,,,,,,,,,,,,,,,,,,,,,,,,,,,,,,,,,,,,,,,,,,,,,,,,
2023-06,2023-06-14T09:30:00+08:00,early,-4.561872658546864,-3.2623835093381333,-4.078285198856686,4.931078489012425,50,0.0,1.0,,,,,0,1.0,-2.9816805733154528,0.0,,1.0,-0.7410204476200686,0.0,,1.0,-5.022755087108573,0.0,,1.0,-1.2665263625173824,0.0,,1.0,-2.2440417018773067,0.0,,1.0,-11.254371249243109,0.0,,1.0,-7.679416689289366,0.0,,1.0,-4.897661182672404,0.0,,1.0,-4.126709463292628,0.0,,1.0,-10.900209956250245,0,,1,-4.446829301777007,0,,1,-14.69152285776264,0.0,,1.0,-0.23531392460787703,0,,1,0.023345276055588837,0,,1,0.9296385129473849,0,,1,,,,,-14.733425377797065,0,,1,-15.11491670287107,0.0,,1.0,-4.140847784853009,0,,1,-3.441325000672404,0,,1,-3.8032161464107954,0,,1,-16.018599042503123,0.0,,1.0,-6.2609220422728376,0.0,,1.0,-3.29823934273004,0.0,,1.0,-2.7181003317775545,0,,1,4.626203722890622,0,,1,-1.3178228836511514,0.0,,1.0,-1.1364568037621499,0,,1,-5.133822163014332,0.0,,1.0,,,,,-8.982216050249757,0,,1,-13.006008009392339,0,,1,0.3567250440239462,0,,1,,,,,,,,,-3.9398557660034,0,,1,-0.8871130738327676,0,,1,,,,,-0.5117232257559043,0,,1,-10.314829574895414,0,,1,-0.8402160163120278,0,,1,2.400347299077184,0,,1,-13.20727157897941,0,,1,0.4905960078984177,0,,1,-5.242012375948386,0,,1,,,,,,,,,,,,,,,,,-3.7734512927473625,0.0,,1.0,-0.8820984647140315,0,,1,-3.0846176860322245,0.0,,1.0,,,,,-3.226527675946226,0,,1,-9.458353135786393,0,,1,-0.6547061525882255,0,,1,-0.44289103614389225,0,,1,-7.03835360246508,0,,1,-7.088014985618352,0,,1,94a7ac0c82a678d16da93aff08c9f60195bed40b9914b0b3ad0dad7eadcee4ac,-0.8,2023-06-14T01:30:00+00:00,2023-07-10T01:30:00+00:00,publication,pseudo_real_time,,,,,,,,,,,,,,,,,,,,,,,,,,,,,-7.6912108098408485,0.0,,1.0,-0.5462284217308504,0.0,,1.0,-2.644651548903908,0.0,,1.0,-10.14143121291145,0.0,,1.0,-2.1942598164728073,0.0,,1.0,-1.6286645471349286,0.0,,1.0,-4.496316504702418,0.0,,1.0,,,,,-2.831533494455256,0.0,,1.0,,,,,,,,,-2.215011722249858,0.0,,1.0,-2.5593513457095236,0.0,,1.0,,,,,,,,,,,,,,,,,,,,,,,,,,,,,,,,,,,,,,,,,,,,,,,,,,,,,,,,,,,,,,,,,,,,,,,,,,,,,,,,,,,,,,,,
2023-07,2023-07-14T09:30:00+08:00,early,0.05255995212001882,0.550323962110068,0.24099423085775032,3.324574420582268,50,0.0,1.0,,,,,0,1.0,0.6163472051665059,0.0,,1.0,1.5743378743006446,0.0,,1.0,-1.3299474688175146,0.0,,1.0,-0.3340564069506236,0.0,,1.0,1.2301647191516993,0.0,,1.0,1.3573106184506043,0.0,,1.0,1.5465892966027301,0.0,,1.0,-5.659344208925689,0.0,,1.0,-0.24111886319473128,0.0,,1.0,7.433801171519375,0,,1,-5.084901521259248,0,,1,2.761875092892497,0.0,,1.0,3.114046760892579,0,,1,1.3348465925326307,0,,1,0.8679564762903621,0,,1,,,,,2.7672187006761164,0,,1,3.309674853325819,0.0,,1.0,-5.215414136732722,0,,1,-0.1102816952061144,0,,1,-0.08179939687580391,0,,1,3.16719424345107,0.0,,1.0,-6.03309584557958,0.0,,1.0,-4.612928948351797,0.0,,1.0,-2.7673870656361053,0,,1,1.030568282605278,0,,1,0.005334749440897035,0.0,,1.0,-0.07520073982344415,0,,1,-6.33200783284569,0.0,,1.0,,,,,6.081337911242203,0,,1,-5.280333184838806,0,,1,-10.027141564576434,0,,1,,,,,,,,,3.341178413667286,0,,1,3.5349046072937034,0,,1,,,,,-2.453192132341216,0,,1,0.5925241212290999,0,,1,2.37904532265085,0,,1,0.5895351504468681,0,,1,0.45001831358295635,0,,1,1.1651108285373681,0,,1,-2.200636511953168,0,,1,,,,,,,,,,,,,,,,,0.051090855580964385,0.0,,1.0,-0.14969066141451134,0,,1,-4.261633164410199,0.0,,1.0,,,,,1.5867630867951121,0,,1,5.484998832541596,0,,1,1.082846826741705,0,,1,-0.003597324862817008,0,,1,1.46236405207706,0,,1,0.7923532682061131,0,,1,78652197eb8d276cd3cf375f6c53a8efedf1c36cda46ea37b6c799302ee65b3c,-0.2,2023-07-14T01:30:00+00:00,2023-08-09T01:30:00+00:00,publication,pseudo_real_time,,,,,,,,,,,,,,,,,,,,,,,,,,,,,2.290868239548064,0.0,,1.0,-0.6271372842876599,0.0,,1.0,0.8956855151697604,0.0,,1.0,-0.6305528381258367,0.0,,1.0,-2.2951873578542283,0.0,,1.0,-0.04182845553027324,0.0,,1.0,0.34442055460746257,0.0,,1.0,,,,,1.5866667238457188,0.0,,1.0,,,,,,,,,0.8966029473428139,0.0,,1.0,0.5111127737732677,0.0,,1.0,,,,,,,,,,,,,,,,,,,,,,,,,,,,,,,,,,,,,,,,,,,,,,,,,,,,,,,,,,,,,,,,,,,,,,,,,,,,,,,,,,,,,,,,
2023-08,2023-08-14T09:30:00+08:00,early,3.9850986426369217,1.9816834883665055,3.1280265542778176,6.3544795468702535,50,0.0,1.0,,,,,0,1.0,1.3832028692515788,0.0,,1.0,3.7732381078207395,0.0,,1.0,6.098519041602607,0.0,,1.0,0.08498009445829946,0.0,,1.0,1.41663813226997,0.0,,1.0,5.194265942478003,0.0,,1.0,12.212691396882681,0.0,,1.0,0.2930152608685854,0.0,,1.0,3.3310242091150015,0.0,,1.0,32.59267183848532,0,,1,-3.7027232724285883,0,,1,1.0531687127179767,0.0,,1.0,2.1405498728985135,0,,1,-0.20633230729840338,0,,1,0.7798448318408521,0,,1,,,,,1.0729141961660642,0,,1,1.0158238828719584,0.0,,1.0,11.853292238665627,0,,1,0.321226132424979,0,,1,1.0892194935694595,0,,1,1.0211499536099196,0.0,,1.0,-2.951065662283047,0.0,,1.0,0.916399727899154,0.0,,1.0,8.044112945825656,0,,1,3.4520834783457586,0,,1,2.9702110042076804,0.0,,1.0,3.0346700109787954,0,,1,2.913711716989649,0.0,,1.0,,,,,-7.297534790734921,0,,1,13.227467605096393,0,,1,0.9105322549254163,0,,1,,,,,,,,,11.536089899357975,0,,1,0.49113211421414676,0,,1,,,,,16.072563296678425,0,,1,6.041157897765865,0,,1,0.8823130469016526,0,,1,0.007218479316404151,0,,1,10.56749401492258,0,,1,0.1903941489462505,0,,1,15.720671361146968,0,,1,,,,,,,,,,,,,,,,,5.398683548201802,0.0,,1.0,0.0,0,,1,11.666679393344124,0.0,,1.0,,,,,1.859163751150204,0,,1,7.05933711964197,0,,1,2.54054052471552,0,,1,0.13949573187989997,0,,1,2.104203225582807,0,,1,3.5826880196020157,0,,1,7881c06e065dd524498983f3d88a584d64cfc8717f455f8e547848ba46d03210,0.2,2023-08-14T01:30:00+00:00,2023-09-09T01:30:00+00:00,publication,pseudo_real_time,,,,,,,,,,,,,,,,,,,,,,,,,,,,,7.748125624591309,0.0,,1.0,3.0004415176314083,0.0,,1.0,3.5793405084203345,0.0,,1.0,8.807422713956496,0.0,,1.0,-1.1751403465944408,0.0,,1.0,1.6364129372677425,0.0,,1.0,2.579134968901226,0.0,,1.0,,,,,1.51770743958466,0.0,,1.0,,,,,,,,,0.6651896108334395,0.0,,1.0,0.7850777191110557,0.0,,1.0,,,,,,,,,,,,,,,,,,,,,,,,,,,,,,,,,,,,,,,,,,,,,,,,,,,,,,,,,,,,,,,,,,,,,,,,,,,,,,,,,,,,,,,,
2023-09,2023-09-14T09:30:00+08:00,early,2.7939812502857126,1.520027062440413,2.000288370241133,6.980864578910986,50,0.0,1.0,,,,,0,1.0,-0.6643040033830451,0.0,,1.0,2.5353973373518226,0.0,,1.0,8.97332752202658,0.0,,1.0,2.484416057829698,0.0,,1.0,2.5614673534597916,0.0,,1.0,0.42355599742765065,0.0,,1.0,-2.2390806560409664,0.0,,1.0,-1.0180866443120573,0.0,,1.0,3.795987491206798,0.0,,1.0,-11.857708764176639,0,,1,3.19174039703694,0,,1,0.4104339880421071,0.0,,1.0,0.246067140564498,0,,1,4.492415875397147,0,,1,5.593472554773317,0,,1,,,,,0.3850413623814617,0,,1,0.283601129820816,0.0,,1.0,2.387255588451949,0,,1,-0.9862579336359605,0,,1,-1.260379030088983,0,,1,0.055752342339139865,0.0,,1.0,-2.29487844987628,0.0,,1.0,-3.819823433863517,0.0,,1.0,1.4690368239682892,0,,1,1.5478707158858624,0,,1,1.4410694822425054,0.0,,1.0,1.3572421069349772,0,,1,3.060441950803625,0.0,,1.0,,,,,5.0974318025277405,0,,1,10.816106946350104,0,,1,4.80954150077899,0,,1,,,,,,,,,1.1762289347584525,0,,1,1.3897117100307261,0,,1,,,,,1.3511961138211204,0,,1,4.6697826506051845,0,,1,1.0205649319322962,0,,1,2.5950377852171713,0,,1,44.40669376400545,0,,1,1.4921834089949637,0,,1,5.67746525911925,0,,1,,,,,,,,,,,,,,,,,4.052744848167311,0.0,,1.0,1.2133460277913741,0,,1,4.777547679254765,0.0,,1.0,,,,,-0.6411730957832517,0,,1,7.44933102695272,0,,1,2.9578678795725084,0,,1,3.4405050292175545,0,,1,2.826931573116808,0,,1,12.304141750018582,0,,1,318ddfad8c855fff2e8d43161ea7692431ada6abfbf9c27626e230e7e468e067,0.4,2023-09-14T01:30:00+00:00,2023-10-13T01:30:00+00:00,publication,pseudo_real_time,,,,,,,,,,,,,,,,,,,,,,,,,,,,,1.9487263990168011,0.0,,1.0,1.580860743097142,0.0,,1.0,-0.7429956241192098,0.0,,1.0,-1.7334213638003713,0.0,,1.0,1.845611666618167,0.0,,1.0,1.1152206314737794,0.0,,1.0,5.01956947319068,0.0,,1.0,,,,,2.4349275520284284,0.0,,1.0,,,,,,,,,-0.19718402235725663,0.0,,1.0,-0.15783431431360886,0.0,,1.0,,,,,,,,,,,,,,,,,,,,,,,,,,,,,,,,,,,,,,,,,,,,,,,,,,,,,,,,,,,,,,,,,,,,,,,,,,,,,,,,,,,,,,,,
2023-10,2023-10-14T09:30:00+08:00,early,1.9167381791313338,0.7193429660533495,1.0651232780964168,5.899850616770618,50,0.0,1.0,,,,,0,1.0,-0.9312303111325705,0.0,,1.0,-2.4409658614208087,0.0,,1.0,0.9595114803870748,0.0,,1.0,5.153355434287729,0.0,,1.0,0.6168979750732272,0.0,,1.0,12.380394631739176,0.0,,1.0,-1.6266036081508772,0.0,,1.0,0.19487689957827206,0.0,,1.0,1.8436104018742216,0.0,,1.0,-3.938762461301757,0,,1,1.3940929625638068,0,,1,15.128692040189003,0.0,,1.0,-4.658532783956451,0,,1,1.3348736282656695,0,,1,0.7648603832756726,0,,1,,,,,15.088790185499255,0,,1,16.31626952705106,0.0,,1.0,6.70965738804989,0,,1,-0.4340705944469181,0,,1,-2.3452108250023094,0,,1,13.930698475939133,0.0,,1.0,1.145373944117446,0.0,,1.0,-1.266700724159019,0.0,,1.0,0.7612671529408648,0,,1,0.777810009371693,0,,1,0.6911303922364337,0.0,,1.0,0.7327284533303098,0,,1,0.7059574787763891,0.0,,1.0,,,,,6.262161357409847,0,,1,0.8958546062992311,0,,1,17.488111947329067,0,,1,,,,,,,,,11.887962109707448,0,,1,-3.794044742330142,0,,1,,,,,-4.959433052719916,0,,1,-0.11351383641895829,0,,1,-2.5267697394638065,0,,1,1.7185204490286412,0,,1,7.072378388986183,0,,1,0.9008913623921899,0,,1,-4.1119153640052035,0,,1,,,,,,,,,,,,,,,,,-4.2506641847358155,0.0,,1.0,-2.2908506113244305,0,,1,-4.583526865810227,0.0,,1.0,,,,,-1.1366756380690755,0,,1,-6.268427456075082,0,,1,0.7640444128464765,0,,1,1.8651679942264041,0,,1,2.3651492326838346,0,,1,-0.5662416056857277,0,,1,f94f53683c84beb0592b3a09910b889eabe92cdc3910eed96785c107e5f22908,0.2,2023-10-14T01:30:00+00:00,2023-11-09T01:30:00+00:00,publication,pseudo_real_time,,,,,,,,,,,,,,,,,,,,,,,,,,,,,-2.3351413257146807,0.0,,1.0,0.6659438432811933,0.0,,1.0,-1.7291507097308316,0.0,,1.0,7.600692695738433,0.0,,1.0,5.0587129546647045,0.0,,1.0,9.066479719932813,0.0,,1.0,-0.9263073214420335,0.0,,1.0,,,,,-1.0791501976277293,0.0,,1.0,,,,,,,,,0.05680111625563565,0.0,,1.0,0.0009247841980762972,0.0,,1.0,,,,,,,,,,,,,,,,,,,,,,,,,,,,,,,,,,,,,,,,,,,,,,,,,,,,,,,,,,,,,,,,,,,,,,,,,,,,,,,,,,,,,,,,
2023-11,2023-11-14T09:30:00+08:00,early,-1.8414989213162178,-1.4735715932313593,-1.9561513404927096,3.681793377914176,34,0.48484848484848486,1.0,,,,,0,1.0,1.0641323644363647,0.9090909090909091,,1.0,,1.0,,1.0,-2.4306722540392225,0.18181818181818182,,1.0,-0.762099930985058,0.0,,1.0,-0.6760132562307701,0.0,,1.0,-4.566338444218608,0.0,,1.0,0.6972176501684165,0.0,,1.0,-1.7999265060676002,0.8,,1.0,-0.8560083199773202,0.0,,1.0,-2.264624067431654,0,,1,1.4264332160395738,0,,1,-4.410062115969437,0.0,,1.0,,1,,1,-0.35959815552553426,0,,1,,1,,1,,,,,-4.36885588350598,0,,1,-6.372605589548597,0.0,,1.0,-8.071687774682452,0,,1,,1,,1,,1,,1,-5.376714565355207,0.0,,1.0,,1.0,,1.0,,1.0,,1.0,-3.8005563855916495,0,,1,,1,,1,-4.577930152779306,0.0,,1.0,-4.479521687006205,0,,1,-1.7999265060676002,0.0,,1.0,,,,,12.099206938661618,0,,1,-4.40873598892133,0,,1,,1,,1,,,,,,,,,-1.5106894611481407,0,,1,,1,,1,,,,,,1,,1,-1.2537311293234046,0,,1,0.37472972443454067,0,,1,0.03148735577295124,0,,1,-9.849916383323015,0,,1,,1,,1,0.12971235691620558,0,,1,,,,,,,,,,,,,,,,,-0.40421618307720913,0.0,,1.0,,1,,1,-0.8888562965607739,0.0,,1.0,,,,,1.0641323644363647,0,,1,,1,,1,-0.13163956289490286,0,,1,-1.48190050650112,0,,1,-1.4652426799615985,0,,1,-2.1282949429735285,0,,1,7964b27a232f26ea320aac8c21ded745ffc4a72750f8afca3d8eeeb20850830c,-0.3,2023-11-14T01:30:00+00:00,2023-12-09T01:30:00+00:00,publication,pseudo_real_time,,,,,,,,,,,,,,,,,,,,,,,,,,,,,2.92984380189733,0.0,,1.0,-5.433043783400128,0.0,,1.0,,1.0,,1.0,-1.853753719320439,0.0,,1.0,-0.8361922218396366,0.0,,1.0,-1.090509415590003,0.0,,1.0,-1.2055233674770283,0.0,,1.0,,,,,-0.8421805571341198,0.0,,1.0,,,,,,,,,,1.0,,1.0,,1.0,,1.0,,1.0,,1.0,,1.0,,1.0,,1.0,,1.0,,1.0,,1.0,,1.0,,1.0,,1.0,,1.0,,1.0,,1.0,,1.0,,1.0,,1.0,,1.0,,,,,,,,,,,,,,,,,,,,,,,,,,,,,,,,,,,,,,,,,,,,,,,,,,,,
2023-12,2023-12-14T09:30:00+08:00,early,-0.9397435148040458,-1.5174521175032833,-1.3380568763022158,4.382816134088579,34,0.48484848484848486,1.0,,,,,0,1.0,2.0016523415708862,0.9090909090909091,,1.0,,1.0,,1.0,-2.3965649458466816,0.18181818181818182,,1.0,-3.2085719046609498,0.0,,1.0,-1.4304195626343497,0.0,,1.0,0.2402111819753845,0.0,,1.0,-1.470517579622877,0.0,,1.0,-3.752477553654173,0.8,,1.0,1.5743497751545086,0.0,,1.0,-6.154594788680996,0,,1,3.365673474818183,0,,1,-2.3075035990946393,0.0,,1.0,,1,,1,-3.807649326024407,0,,1,,1,,1,,,,,-2.32212279469432,0,,1,-2.66673657202715,0.0,,1.0,-7.354706283193067,0,,1,,1,,1,,1,,1,-1.1716587045929914,0.0,,1.0,,1.0,,1.0,,1.0,,1.0,-0.9191733021526883,0,,1,,1,,1,-0.9352090381607934,0.0,,1.0,-0.9849024664153468,0,,1,-3.752477553654173,0.0,,1.0,,,,,11.764145341096976,0,,1,1.2323835356396984,0,,1,,1,,1,,,,,,,,,11.01564068728099,0,,1,,1,,1,,,,,,1,,1,0.0915626577469836,0,,1,1.596937103492806,0,,1,-0.7111454190807941,0,,1,1.1514501562870336,0,,1,,1,,1,-10.244737463528287,0,,1,,,,,,,,,,,,,,,,,-3.093102949078421,0.0,,1.0,,1,,1,-4.375982514073116,0.0,,1.0,,,,,2.0016523415708862,0,,1,,1,,1,-3.203029008929206,0,,1,-1.5147017697781682,0,,1,-2.60088457532283,0,,1,-3.046244587885571,0,,1,ce88bcb035c90d840c88eb86e225726b0fbc94b0ff7d60f077b7b626fb869196,-0.3,2023-12-14T01:30:00+00:00,2024-01-12T01:30:00+00:00,publication,pseudo_real_time,,,,,,,,,,,,,,,,,,,,,,,,,,,,,-1.6226314250058185,0.0,,1.0,1.0595302419792383,0.0,,1.0,,1.0,,1.0,6.488565540148867,0.0,,1.0,-0.6060265242243266,0.0,,1.0,-5.212039863734117,0.0,,1.0,-1.5202024652283985,0.0,,1.0,,,,,-1.5913575888395963,0.0,,1.0,,,,,,,,,,1.0,,1.0,,1.0,,1.0,,1.0,,1.0,,1.0,,1.0,,1.0,,1.0,,1.0,,1.0,,1.0,,1.0,,1.0,,1.0,,1.0,,1.0,,1.0,,1.0,,1.0,,1.0,,,,,,,,,,,,,,,,,,,,,,,,,,,,,,,,,,,,,,,,,,,,,,,,,,,,
2024-01,2024-01-14T09:30:00+08:00,early,-0.3326291318502954,-0.02540931535435177,-0.18440024059439278,2.477348009632694,49,0.039215686274509776,1.0,,,,,0,1.0,0.4735943089847319,0.0,,1.0,-1.683527691945335,0.0,,1.0,0.21800786284419976,0.0,,1.0,1.2268244809506361,0.0,,1.0,1.4500902530809754,0.0,,1.0,-1.559693926103441,0.0,,1.0,-1.1934554888950544,0.5,,1.0,0.11021225326412283,0.0,,1.0,-0.7264921936510279,0.0,,1.0,-2.438099947383655,0,,1,0.05118896959354596,0,,1,-0.8658940177071571,0.0,,1.0,-2.6442336246585927,0,,1,2.7855206014163767,0,,1,-3.1922819474948003,0,,1,,,,,-0.8629513347634892,0,,1,-0.4987899569553464,0.0,,1.0,-9.767980089607605,0,,1,0.17593276189899906,0,,1,1.0190869484949148,0,,1,-1.3354412287125021,0.0,,1.0,-0.5398510921833698,0.0,,1.0,-0.2949033119141488,0.0,,1.0,-1.5208891997882512,0,,1,0.9070943392924316,0,,1,0.67066552647505,0.0,,1.0,0.5685335082249441,0,,1,1.165391163889887,0.0,,1.0,,,,,1.6148918433821244,0,,1,-1.9150018215067246,0,,1,-4.29446355310152,0,,1,,,,,,,,,1.4641722461322144,0,,1,-3.9364808228631585,0,,1,,,,,-1.5692859632991403,0,,1,-0.9270341043148685,0,,1,0.32675920155440635,0,,1,-3.7771530186933098,0,,1,-5.369929030906909,0,,1,0.15973725626627344,0,,1,4.2110208252830805,0,,1,,,,,,,,,,,,,,,,,-0.8328989902920015,0.0,,1.0,-0.4495419989894398,0,,1,1.7710913718455443,0.0,,1.0,,,,,1.1285169351074034,0,,1,-2.743228773816254,0,,1,-0.18808026970299452,0,,1,3.117982277249471,0,,1,2.543699803223019,0,,1,4.515912196235891,0,,1,1b81d2eacf908681caf25376ab0d9435432c3724fa547d4d40099a17a6e7354e,-0.2,2024-01-14T01:30:00+00:00,2024-02-08T01:30:00+00:00,publication,pseudo_real_time,,,,,,,,,,,,,,,,,,,,,,,,,,,,,,1.0,,1.0,1.9057777696663467,0.0,,1.0,0.9199982290299866,0.0,,1.0,0.9490268988897969,0.0,,1.0,0.4548020639159933,0.0,,1.0,0.4401507775195384,0.0,,1.0,-0.02540931535435177,0.0,,1.0,,,,,1.2260114593807858,0.0,,1.0,,,,,,,,,-0.23205289949844435,0.0,,1.0,-0.16991612112446777,0.0,,1.0,,,,,,,,,,,,,,,,,,,,,,,,,,,,,,,,,,,,,,1.0,,1.0,,,,,,,,,,,,,,,,,,,,,,,,,,,,,,,,,,,,,,,,,,,,,,,,
2024-02,2024-02-14T09:30:00+08:00,early,-0.7517337612461735,-0.4438734568429103,-0.6823957552798037,3.3206599629618156,49,0.039215686274509776,1.0,,,,,0,1.0,0.35803037674354493,0.0,,1.0,-1.0833955527876908,0.0,,1.0,0.6889931080368005,0.0,,1.0,-1.0596569738942145,0.0,,1.0,-0.28393048790047787,0.0,,1.0,-2.650396895927725,0.0,,1.0,-0.9745217528778662,0.5,,1.0,-0.26456664450606376,0.0,,1.0,-1.9326147725896148,0.0,,1.0,-1.5051700489128221,0,,1,-0.4438734568429103,0,,1,-1.8757545822239732,0.0,,1.0,-3.589440712048051,0,,1,-1.8064244974582504,0,,1,-3.414311743579564,0,,1,,,,,-1.8705230745525776,0,,1,-2.1243406349246134,0.0,,1.0,-3.959943920085106,0,,1,1.98720305327726,0,,1,1.137621843811965,0,,1,-2.154039956560958,0.0,,1.0,-2.021219170696342,0.0,,1.0,0.4142771088331685,0.0,,1.0,-0.4165214252075695,0,,1,2.9124223206602253,0,,1,1.04007811005247,0.0,,1.0,0.9755826415105142,0,,1,0.813242128344982,0.0,,1.0,,,,,-8.271741176309396,0,,1,-1.9778644066540316,0,,1,2.4807653279123936,0,,1,,,,,,,,,-3.3529075877250283,0,,1,-4.4028903477355,0,,1,,,,,8.458305971685562,0,,1,1.8117465498206184,0,,1,0.29413209338556656,0,,1,-2.9452223789296763,0,,1,-10.888222076183835,0,,1,-0.03312107536727576,0,,1,8.355542691010353,0,,1,,,,,,,,,,,,,,,,,-0.44421368805621797,0.0,,1.0,-0.8367605460077806,0,,1,2.741222572191185,0.0,,1.0,,,,,-0.25488022978365094,0,,1,-7.761368289909141,0,,1,1.460905390106835,0,,1,-1.1849737739515096,0,,1,-1.7057856611428033,0,,1,1.1770616489178936,0,,1,7e13ec54539bd9f370b2dade974d92a93c5fb083e799a6d0bfcec5a3e025df2a,-0.2,2024-02-14T01:30:00+00:00,2024-03-09T01:30:00+00:00,publication,pseudo_real_time,,,,,,,,,,,,,,,,,,,,,,,,,,,,,,1.0,,1.0,1.9568450055817903,0.0,,1.0,-0.19318263723045145,0.0,,1.0,-3.215268515421823,0.0,,1.0,-0.9800397540249325,0.0,,1.0,-0.3925066701994606,0.0,,1.0,-0.814557300799185,0.0,,1.0,,,,,0.5137403499730084,0.0,,1.0,,,,,,,,,-0.26341077261542245,0.0,,1.0,-0.26516899699843033,0.0,,1.0,,,,,,,,,,,,,,,,,,,,,,,,,,,,,,,,,,,,,,1.0,,1.0,,,,,,,,,,,,,,,,,,,,,,,,,,,,,,,,,,,,,,,,,,,,,,,,
2024-03,2024-03-14T09:30:00+08:00,early,,,,,0,1.0,1.0,,,,,0,1.0,,1.0,,1.0,,1.0,,1.0,,1.0,,1.0,,1.0,,1.0,,1.0,,1.0,,1.0,,1.0,,1.0,,1.0,,1.0,,1.0,,1.0,,1.0,,1,,1,,1,,1,,1.0,,1.0,,1,,1,,1,,1,,1,,1,,,,,,1,,1,,1.0,,1.0,,1,,1,,1,,1,,1,,1,,1.0,,1.0,,1.0,,1.0,,1.0,,1.0,,1,,1,,1,,1,,1.0,,1.0,,1,,1,,1.0,,1.0,,,,,,1,,1,,1,,1,,1,,1,,,,,,,,,,1,,1,,1,,1,,,,,,1,,1,,1,,1,,1,,1,,1,,1,,1,,1,,1,,1,,1,,1,,,,,,,,,,,,,,,,,,1.0,,1.0,,1,,1,,1.0,,1.0,,,,,,1,,1,,1,,1,,1,,1,,1,,1,,1,,1,,1,,1,d18fc660db1b8569c6b500f2b319b4b42d4b344c869e456a49ce11bd5d491186,-0.1,2024-03-14T01:30:00+00:00,2024-04-11T01:30:00+00:00,publication,pseudo_real_time,,,,,,,,,,,,,,,,,,,,,,,,,,,,,,,,,,1.0,,1.0,,1.0,,1.0,,1.0,,1.0,,1.0,,1.0,,1.0,,1.0,,1.0,,1.0,,,,,,1.0,,1.0,,,,,,,,,,1.0,,1.0,,1.0,,1.0,,,,,,,,,,,,,,,,,,,,,,,,,,,,,,,,,,,,,,1.0,,1.0,,,,,,,,,,,,,,,,,,,,,,,,,,,,,,,,,,,,,,,,,,,,,,,,
2024-04,2024-04-14T09:30:00+08:00,early,-0.9964626327776088,-0.1129879112555313,-0.9618884371524992,5.841615268191384,50,0.0,1.0,,,,,0,1.0,-3.719256091262396,0.0,,1.0,1.1554191809209469,0.0,,1.0,3.394413900754678,0.0,,1.0,0.642932175009007,0.0,,1.0,2.6097732550873327,0.0,,1.0,-9.628242116704978,0.0,,1.0,-2.342670386483943,0.0,,1.0,-5.682524504870542,0.0,,1.0,1.4017170665669205,0.0,,1.0,0.30869698639006277,0,,1,-1.2520064136423712,0,,1,-8.320993667149445,0.0,,1.0,1.2785142821582276,0,,1,2.6448980904024753,0,,1,-2.085158677966149,0,,1,,,,,-8.302072384862292,0,,1,-8.439558641085657,0.0,,1.0,-7.164703399823987,0,,1,-1.933303941006791,0,,1,-3.6836530123850797,0,,1,-8.699321920659427,0.0,,1.0,-2.838085587669495,0.0,,1.0,-3.6181665489699055,0.0,,1.0,2.203772080866843,0,,1,0.34281695899061265,0,,1,2.1873456533202837,0.0,,1.0,1.9975114428844005,0,,1,-10.591321377972223,0.0,,1.0,,,,,-1.3206448177793242,0,,1,0.4292178000871962,0,,1,4.898792544951226,0,,1,,,,,,,,,-14.201299896049077,0,,1,-0.8242735410920555,0,,1,,,,,6.315036066030961,0,,1,-0.17827266425593558,0,,1,4.402167496868858,0,,1,2.913100240022125,0,,1,24.29994298971054,0,,1,-0.04770315825512702,0,,1,1.0239305840066595,0,,1,,,,,,,,,,,,,,,,,-0.7739196596910962,0.0,,1.0,2.42207583249877,0,,1,2.2300645793478884,0.0,,1.0,,,,,-3.6977181805212425,0,,1,1.8420456850023341,0,,1,1.7975475953599294,0,,1,2.937713492729281,0,,1,1.3016644353912614,0,,1,2.2938766623207525,0,,1,85b087df2c8822da81f1a5d0dcb597c12354293c7dd06a4e0d29d34ed21cad6f,-0.2,2024-04-14T01:30:00+00:00,2024-05-11T01:30:00+00:00,publication,pseudo_real_time,,,,,,,,,,,,,,,,,,,,,,,,,,,,,,,,,-1.7342213415413157,0.0,,1.0,-3.3705230450084835,0.0,,1.0,-12.269744907304958,0.0,,1.0,-3.598559080775861,0.0,,1.0,2.882457515400407,0.0,,1.0,1.1147493651539813,0.0,,1.0,,,,,0.7691959475440756,0.0,,1.0,,,,,,,,,-4.76738838151283,0.0,,1.0,-4.862949987139948,0.0,,1.0,,,,,,,,,,,,,,,,,,,,,,,,,,,,,,,,,,,,,-6.0847017321995205,0.0,,1.0,,,,,,,,,,,,,,,,,,,,,,,,,,,,,,,,,,,,,,,,,,,,,,,,
2024-05,2024-05-14T09:30:00+08:00,early,1.0752144959849808,0.691112979296675,0.6931576937978879,3.485154497087619,50,0.0,1.0,,,,,0,1.0,1.488902332479482,0.0,,1.0,-1.0923323724353913,0.0,,1.0,-0.12431948982148844,0.0,,1.0,-1.2162281787817737,0.0,,1.0,4.23052656431946,0.0,,1.0,5.008642190198851,0.0,,1.0,1.6601135298882654,0.0,,1.0,-1.732061294835157,0.0,,1.0,1.1151818207643929,0.0,,1.0,2.1650053778130443,0,,1,-1.4170315430870433,0,,1,0.7932577121021159,0.0,,1.0,0.8537839501658545,0,,1,-2.3516000098257517,0,,1,-4.34007161379437,0,,1,,,,,0.7787773889477588,0,,1,1.7915733054860044,0.0,,1.0,10.146859984055512,0,,1,-1.080813815125099,0,,1,0.7937996469984264,0,,1,1.7095317340269627,0.0,,1.0,-2.084826798067646,0.0,,1.0,-0.5055303414218566,0.0,,1.0,-1.7534695327965502,0,,1,-2.593876146991172,0,,1,-0.2773494106203529,0.0,,1.0,-0.2922011500901265,0,,1,-2.6058267450159684,0.0,,1.0,,,,,6.341613709020468,0,,1,3.8600167381343065,0,,1,-3.317780172953659,0,,1,,,,,,,,,5.762753577997194,0,,1,-1.4661029554105824,0,,1,,,,,-1.481784792894335,0,,1,4.85427779034607,0,,1,6.3832028202168125,0,,1,-1.1875194290613884,0,,1,-3.133300992718435,0,,1,-0.18304922369382087,0,,1,1.159012526966582,0,,1,,,,,,,,,,,,,,,,,0.6034485696455913,0.0,,1.0,0.45970896113902937,0,,1,-0.2772700863719235,0.0,,1.0,,,,,1.361657222545387,0,,1,0.012732841996267251,0,,1,3.7579698687888374,0,,1,2.324673434886916,0,,1,4.456260133385272,0,,1,-1.4118690935000766,0,,1,6d221eb27e7e5d9575545005cee0b6509f7b96323aeb16732c6f2b207e6fc5a9,0.2,2024-05-14T01:30:00+00:00,2024-06-12T01:30:00+00:00,publication,pseudo_real_time,,,,,,,,,,,,,,,,,,,,,,,,,,,,,,,,,-2.0966142925008837,0.0,,1.0,1.0502714344445367,0.0,,1.0,14.077741628776415,0.0,,1.0,-3.2807751482504486,0.0,,1.0,1.9836906217308794,0.0,,1.0,0.5433147380941955,0.0,,1.0,,,,,1.8335861147776533,0.0,,1.0,,,,,,,,,3.1858398290766248,0.0,,1.0,3.622659676937016,0.0,,1.0,,,,,,,,,,,,,,,,,,,,,,,,,,,,,,,,,,,,,4.232366754938795,0.0,,1.0,,,,,,,,,,,,,,,,,,,,,,,,,,,,,,,,,,,,,,,,,,,,,,,,
2024-06,2024-06-14T09:30:00+08:00,early,1.626243130845638,0.6317919010059527,1.2710405214798868,3.9574971607221636,46,0.14814814814814814,1.0,,,,,0,1.0,-0.03777140260021199,0.5,,1.0,1.7377105695283805,0.0,,1.0,2.0375488840752136,0.0,,1.0,1.8269321466545307,0.0,,1.0,3.86623494119894,0.0,,1.0,3.75370052904369,0.0,,1.0,1.018773603851084,0.0,,1.0,-1.353510954897459,0.8,,1.0,-1.3738922553999953,0.0,,1.0,-1.3899133024722632,0,,1,0.938733106983777,0,,1,4.546309499064512,0.0,,1.0,0.09066680733409464,0,,1,6.414422911900056,0,,1,-2.7834936021992376,0,,1,,,,,4.5410449353307785,0,,1,4.0275813312916675,0.0,,1.0,12.141500461791164,0,,1,0.5526845416249213,0,,1,-0.3381944062407685,0,,1,4.4923354657522285,0.0,,1.0,,1.0,,1.0,,1.0,,1.0,-0.11060456276799381,0,,1,-0.6219348314938882,0,,1,-1.6181544817492468,0.0,,1.0,-1.5303748506392554,0,,1,-1.353510954897459,0.0,,1.0,,,,,0.7108992603869841,0,,1,-0.8104477210531043,0,,1,3.4799580162588652,0,,1,,,,,,,,,-0.4704536207998273,0,,1,2.042306756197227,0,,1,,,,,16.881564378817473,0,,1,-2.5628976941341444,0,,1,1.9611429020701387,0,,1,-4.884671176577355,0,,1,-4.1712842211798895,0,,1,0.015352958811796434,0,,1,4.145025872682725,0,,1,,,,,,,,,,,,,,,,,5.695672423887303,0.0,,1.0,-1.7788102519526325,0,,1,2.1114424772548084,0.0,,1.0,,,,,-0.24681947678443222,0,,1,0.056032340712212206,0,,1,5.912019819236121,0,,1,2.641891938371875,0,,1,4.949885105117625,0,,1,5.141850940726099,0,,1,f489cf7f54be1f36c8f99241947123670eb4afd3b965861b90507d5a9d4f7d66,0.1,2024-06-14T01:30:00+00:00,2024-07-10T01:30:00+00:00,publication,pseudo_real_time,,,,,,,,,,,,,,,,,,,,,,,,,,,,,,,,,3.1146104536095107,0.0,,1.0,,1.0,,1.0,-3.002414369124696,0.0,,1.0,-0.7615476812563163,0.0,,1.0,-0.1720787906801474,0.0,,1.0,1.6838797478921135,0.0,,1.0,,,,,1.737230823754748,0.0,,1.0,,,,,,,,,,1.0,,1.0,-0.1187562690005685,0.0,,1.0,,,,,,,,,,,,,,1.0,,1.0,,1.0,,1.0,,,,,,1.0,,1.0,,,,,,,,,3.5075010070417383,0.0,,1.0,,1.0,,1.0,,,,,,,,,,,,,,,,,,,,,,,,,,,,,,,,,,,,,,,,,,,,
2024-07,2024-07-14T09:30:00+08:00,early,-0.8596877509919494,-0.9585701948354033,-1.0533065977255154,2.649900468847916,50,0.0,1.0,,,,,0,1.0,-2.7893034998607633,0.0,,1.0,-0.8234847679753633,0.0,,1.0,0.8662140773411338,0.0,,1.0,-0.7023431718793609,0.0,,1.0,-0.5672357986653598,0.0,,1.0,-2.651822843181347,0.0,,1.0,-1.0339135747512562,0.0,,1.0,-0.3847786537937033,0.0,,1.0,-0.18800331363958248,0.0,,1.0,-2.6741617474837547,0,,1,0.4440469564697179,0,,1,-2.5832067913688137,0.0,,1.0,-0.6602146568226084,0,,1,-1.214748945061256,0,,1,-0.0550254939335372,0,,1,,,,,-2.5675699340747817,0,,1,-2.90584522751584,0.0,,1.0,-7.576026591292222,0,,1,-1.2879539598872736,0,,1,-3.167886907915867,0,,1,-3.201105828778303,0.0,,1.0,,,,,,,,,0.33700461345958077,0,,1,-1.9009673344851117,0,,1,0.15121419684948195,0.0,,1.0,0.11995885163125482,0,,1,-3.727811055997644,0.0,,1.0,,,,,1.3498129315966616,0,,1,-1.0455144564310752,0,,1,1.2252668861970846,0,,1,,,,,,,,,-0.08060653320242885,0,,1,1.7089348412644751,0,,1,,,,,-0.7562384000251845,0,,1,-3.286013291140251,0,,1,-2.71065448938803,0,,1,-2.040496018943399,0,,1,10.137009091098923,0,,1,0.07112861058279928,0,,1,-1.7240623453444415,0,,1,,,,,,,,,,,,,,,,,-3.1898408117747,0.0,,1.0,-0.8652582062998087,0,,1,-1.2107787500631009,0.0,,1.0,,,,,-3.203614171838329,0,,1,-4.130237504083931,0,,1,2.7655085262224555,0,,1,-2.807491891520039,0,,1,0.48369466002417427,0,,1,4.064897943835975,0,,1,20ec4bfb6cac48f6c323b40968523e40155836b1519eef4138859cd687bceb06,-0.2,2024-07-14T01:30:00+00:00,2024-08-09T01:30:00+00:00,publication,pseudo_real_time,,,,,,,,,,,,,,,,,,,,,,,,,,,,,,,,,2.700474122862767,0.0,,1.0,,,,,0.35160100396295957,0.0,,1.0,0.5693894028164331,0.0,,1.0,-1.4616699733932597,0.0,,1.0,0.1321793917148596,0.0,,1.0,,,,,-0.1869914639757762,0.0,,1.0,,,,,,,,,,,,,-3.770010919788109,0.0,,1.0,,,,,,,,,,,,,2.1493086818879026,0.0,,1.0,0.4241664127286314,0.0,,1.0,,,,,-1.8411191044120276,0.0,,1.0,,,,,,,,,-0.8716259332397314,0.0,,1.0,-3.465235935322976,0.0,,1.0,,,,,,,,,,,,,,,,,,,,,,,,,,,,,,,,,,,,,,,,,,,,
2024-08,2024-08-14T09:30:00+08:00,early,-1.3413444479468035,-1.24244344609167,-1.8426444084486655,4.178290910269688,48,0.07692307692307687,1.0,,,,,0,1.0,-4.536791827766699,0.0,,1.0,-0.38108883791945136,0.0,,1.0,-0.1458011818101671,0.0,,1.0,-1.1789156228408029,0.0,,1.0,-4.934398052101427,0.0,,1.0,-0.8633127738798583,0.0,,1.0,-1.815534837780828,0.0,,1.0,-7.022539988829918,0.8,,1.0,1.521602163811739,0.0,,1.0,-0.2702397243188937,0,,1,0.5313726982755598,0,,1,-0.01437864120046199,0.0,,1.0,-0.6123422434168463,0,,1,-1.1397010710827833,0,,1,-0.20625809211930454,0,,1,,,,,-0.01532467376603656,0,,1,0.009688573092299755,0.0,,1.0,0.9404227210620354,0,,1,-1.2053190077049434,0,,1,-5.1696612609460875,0,,1,-0.12120631386259932,0.0,,1.0,,1.0,,1.0,,1.0,,1.0,-1.2795678844783964,0,,1,-3.4919691661037136,0,,1,-0.47067163670175133,0.0,,1.0,-0.500798917294502,0,,1,-7.022539988829918,0.0,,1.0,,,,,6.560232865021293,0,,1,1.9057068948289033,0,,1,-0.9685210245223154,0,,1,,,,,,,,,-4.418166770622284,0,,1,-1.9795255075883251,0,,1,,,,,7.849558679971978,0,,1,-1.447170684206486,0,,1,-6.838726798231407,0,,1,2.914711661494888,0,,1,18.212074930227562,0,,1,-0.15997323118561246,0,,1,-4.622414866659455,0,,1,,,,,,,,,,,,,,,,,-2.1409037384516805,0.0,,1.0,-0.08214208825857779,0,,1,-1.0465562408648517,0.0,,1.0,,,,,-3.3695112711459014,0,,1,-4.366059054655209,0,,1,-2.038951208241426,0,,1,-4.955581934015447,0,,1,-5.904332267917429,0,,1,-2.87273098144873,0,,1,1410edc9801ebcb0dbbf0b1e6efdecea367e4eff2a8326f6bed694b15ca0257e,-0.7,2024-08-14T01:30:00+00:00,2024-09-09T01:30:00+00:00,publication,pseudo_real_time,,,,,,,,,,,,,,,,,,,,,,,,,,,,,,,,,-3.3186076463985525,0.0,,1.0,,,,,-2.424224311861961,0.0,,1.0,-0.6725919277480666,0.0,,1.0,-1.7244538696915588,0.0,,1.0,-1.1150172530858704,0.0,,1.0,,,,,-2.138164312691289,0.0,,1.0,,,,,,,,,,,,,-6.449736245236913,0.0,,1.0,,,,,,,,,,,,,,1.0,,1.0,,1.0,,1.0,,,,,-5.547369067733235,0.0,,1.0,,,,,,,,,-5.70773748729915,0.0,,1.0,-5.479154113833114,0.0,,1.0,,,,,,,,,,,,,,,,,,,,,,,,,,,,,,,,,,,,,,,,,,,,
2024-09,2024-09-14T09:30:00+08:00,early,-1.1971319123019095,-0.930914103680021,-1.0620529828672196,3.3126599048015195,50,0.0,1.0,,,,,0,1.0,-2.9234401585273453,0.0,,1.0,-0.7130319487837545,0.0,,1.0,0.019132369353154034,0.0,,1.0,1.9774270452574354,0.0,,1.0,-0.2012809152384636,0.0,,1.0,-3.9281209830795185,0.0,,1.0,-2.1382836180316436,0.0,,1.0,-3.3539374105746664,0.0,,1.0,0.3405549542273662,0.0,,1.0,-0.24360730443104406,0,,1,-0.836729899410322,0,,1,-0.9663195882288457,0.0,,1.0,-0.8955086191311965,0,,1,4.771125355953485,0,,1,-0.5038215552173504,0,,1,,,,,-0.9807264245901466,0,,1,-1.0847051994459371,0.0,,1.0,-3.085586271214856,0,,1,-3.3470243719075956,0,,1,-4.470147880343654,0,,1,-1.1408871678414527,0.0,,1.0,-1.443602393658831,0.0,,1.0,-1.0435780415372284,0.0,,1.0,-1.9476295764072213,0,,1,-1.5593837304093794,0,,1,-2.3841523939339937,0.0,,1.0,-2.340964787130396,0,,1,-7.574631796527941,0.0,,1.0,,,,,6.790749366978223,0,,1,-0.28211056473971424,0,,1,3.9363864967566387,0,,1,,,,,,,,,-8.60891832699694,0,,1,-1.4728863077375793,0,,1,,,,,-3.2605380879878383,0,,1,0.24764400489943614,0,,1,0.45176758940459255,0,,1,2.2074376805972995,0,,1,-1.617516121585894,0,,1,-0.2789922434198008,0,,1,0.4402083190144708,0,,1,,,,,,,,,,,,,,,,,-2.2998784607244844,0.0,,1.0,0.21185395750978375,0,,1,-0.35961969868732974,0.0,,1.0,,,,,-3.4535801083364586,0,,1,2.055020996123325,0,,1,-6.804424459213451,0,,1,2.127217388581233,0,,1,3.420315820273771,0,,1,3.886358394813195,0,,1,cace3ac26bee5c1a45d09f5c6faee54ddf2aac2cc2ad8c13241cb634839f009e,-0.6,2024-09-14T01:30:00+00:00,2024-10-13T01:30:00+00:00,publication,pseudo_real_time,,,,,,,,,,,,,,,,,,,,,,,,,,,,,,,,,-2.8802229531446257,0.0,,1.0,,,,,-11.629703903238447,0.0,,1.0,-0.188074360214886,0.0,,1.0,1.3492301400337066,0.0,,1.0,-0.311930519802597,0.0,,1.0,,,,,-0.8501057680072696,0.0,,1.0,,,,,,,,,,,,,-0.2129832273850789,0.0,,1.0,,,,,,,,,,,,,,,,,,,,,,,,,-5.561733249205222,0.0,,1.0,,,,,,,,,-5.334513650253565,0.0,,1.0,-0.4951721139860637,0.0,,1.0,,,,,,,,,,,,,,,,,,,,,,,,,,,,,,,,,,,,,,,,,,,,
2024-10,2024-10-14T09:30:00+08:00,early,1.0842320570065693,1.361268777956422,0.9348574792846781,5.278545444258916,50,0.0,1.0,,,,,0,1.0,8.909356449561889,0.0,,1.0,-3.0615876951948295,0.0,,1.0,-0.45928647482743684,0.0,,1.0,4.52483175614898,0.0,,1.0,2.9898651034156107,0.0,,1.0,3.9912264024614013,0.0,,1.0,-1.2674268757290033,0.0,,1.0,0.33748723167938505,0.0,,1.0,-3.4736151840666967,0.0,,1.0,1.2328774035847974,0,,1,-1.2205723747631816,0,,1,2.471965771817926,0.0,,1.0,-4.021935291102592,0,,1,12.821612710171976,0,,1,-1.0498146120302507,0,,1,,,,,2.5329849397591535,0,,1,2.8033635068803306,0.0,,1.0,3.1460558739949374,0,,1,4.740308562343628,0,,1,10.376918719170366,0,,1,4.383497410601976,0.0,,1.0,2.5118890046810165,0.0,,1.0,4.253597318199536,0.0,,1.0,-3.5241909366493034,0,,1,4.751902350606007,0,,1,-5.193262910557009,0.0,,1.0,-4.915654194685903,0,,1,-5.7530246278423975,0.0,,1.0,,,,,-3.8285920117171557,0,,1,-2.4565345052299796,0,,1,1.8792964962672485,0,,1,,,,,,,,,4.513525072484885,0,,1,-6.219727466292343,0,,1,,,,,-7.821571545983959,0,,1,-0.8682131536558492,0,,1,5.131383206470633,0,,1,-0.9234565455608323,0,,1,-7.209343104041835,0,,1,-0.7046047538753325,0,,1,-4.440902292468593,0,,1,,,,,,,,,,,,,,,,,2.145567584772727,0.0,,1.0,-10.916610395208215,0,,1,-3.1193182169581517,0.0,,1.0,,,,,6.799862026889576,0,,1,1.4896601523280468,0,,1,-1.8078285993978624,0,,1,3.4437111503870086,0,,1,5.192194656202664,0,,1,5.254147697231304,0,,1,b2b9faba7c1caef4d38b4d49fb7ba82a0963097d81f9490f4e14ca5818789f1e,-0.1,2024-10-14T01:30:00+00:00,2024-11-09T01:30:00+00:00,publication,pseudo_real_time,,,,,,,,,,,,,,,,,,,,,,,,,,,,,,,,,-0.7939971450385689,0.0,,1.0,,,,,8.087192241690602,0.0,,1.0,-0.2640813582644816,0.0,,1.0,1.0169639165394444,0.0,,1.0,0.7196014127184287,0.0,,1.0,,,,,1.840295972898921,0.0,,1.0,,,,,,,,,,,,,11.790538327683398,0.0,,1.0,,,,,,,,,,,,,,,,,,,,,,,,,10.225407791299958,0.0,,1.0,,,,,,,,,-3.8145856560086253,0.0,,1.0,9.523103269984396,0.0,,1.0,,,,,,,,,,,,,,,,,,,,,,,,,,,,,,,,,,,,,,,,,,,,
2024-11,2024-11-14T09:30:00+08:00,early,-0.526870378902726,-0.9952047673853067,-0.7956102093889017,3.3826843217057476,50,0.0,1.0,,,,,0,1.0,-1.60853313661349,0.0,,1.0,-1.1941839865081654,0.0,,1.0,-0.5593761449922529,0.0,,1.0,0.3032074107202159,0.0,,1.0,0.8454049537829658,0.0,,1.0,-0.9188180655073547,0.0,,1.0,-1.5455802405329762,0.0,,1.0,5.789214640882858,0.0,,1.0,-2.0225842622096972,0.0,,1.0,-1.2972276300245746,0,,1,-1.7680356809803566,0,,1,-1.0570212303729563,0.0,,1.0,-3.0898641446051616,0,,1,-1.0596933120320247,0,,1,0.7647158546960461,0,,1,,,,,-1.0882830833730353,0,,1,-1.3734640407088419,0.0,,1.0,0.4331738284026344,0,,1,-0.610015795252492,0,,1,-0.4554233777533083,0,,1,-1.8025811147875963,0.0,,1.0,5.4496375913333805,0.0,,1.0,3.4434479404698513,0.0,,1.0,1.2501775419494745,0,,1,-0.9333883043976572,0,,1,-2.5924052130728112,0.0,,1.0,-2.36457109781988,0,,1,8.474558390845344,0.0,,1.0,,,,,-7.061222369819234,0,,1,-1.4956349262042616,0,,1,13.6074252539368,0,,1,,,,,,,,,-3.657361433725902,0,,1,0.390525267445362,0,,1,,,,,-4.050838161456038,0,,1,-0.7986066780938543,0,,1,-0.5126605920264766,0,,1,0.12815049170852624,0,,1,1.7255252561864394,0,,1,-1.5923390220669662,0,,1,-6.255385815995587,0,,1,,,,,,,,,,,,,,,,,-2.307606606507042,0.0,,1.0,0.06888032341983778,0,,1,-1.1552597908066575,0.0,,1.0,,,,,-0.734031609449302,0,,1,-1.1111637051007475,0,,1,0.29361728825653155,0,,1,2.6267188345351333,0,,1,0.9739442843666748,0,,1,-6.379523993996478,0,,1,08ce4996f1b1af45dcbd8f698a44ce325ab1258f30834bf10e16bc65aa011d6d,-0.1,2024-11-14T01:30:00+00:00,2024-12-09T01:30:00+00:00,publication,pseudo_real_time,,,,,,,,,,,,,,,,,,,,,,,,,,,,,,,,,-2.2958335870500375,0.0,,1.0,,,,,2.113810616014215,0.0,,1.0,2.1422998538497935,0.0,,1.0,-0.17298430965712108,0.0,,1.0,-1.4453074959102292,0.0,,1.0,,,,,-0.2891879916858844,0.0,,1.0,,,,,,,,,,,,,-3.759889881957923,0.0,,1.0,,,,,,,,,,,,,,,,,,,,,,,,,0.28209008416549436,0.0,,1.0,,,,,,,,,-1.571477410593998,0.0,,1.0,-4.373928239433409,0.0,,1.0,,,,,,,,,,,,,,,,,,,,,,,,,,,,,,,,,,,,,,,,,,,,
2024-12,2024-12-14T09:30:00+08:00,early,-0.6682913107212366,-0.9204796940406943,-0.6424597354935535,2.738369972943468,50,0.0,1.0,,,,,0,1.0,-1.1218241266798479,0.0,,1.0,-1.5604886465183436,0.0,,1.0,0.14239303667588885,0.0,,1.0,1.8180553620473645,0.0,,1.0,0.38500116127019357,0.0,,1.0,-4.075783269970141,0.0,,1.0,-1.1888264511147628,0.0,,1.0,0.93608232211034,0.0,,1.0,1.1118170958310822,0.0,,1.0,-2.3624529008937634,0,,1,-0.249962973738517,0,,1,-3.0055436459897047,0.0,,1.0,-1.5979768545157753,0,,1,1.4328300521500674,0,,1,-0.8868959093693803,0,,1,,,,,-3.0049867331858873,0,,1,-3.308557887222556,0.0,,1.0,-6.132959243482712,0,,1,-1.391720687425463,0,,1,-0.2772697955951569,0,,1,-3.896836147039294,0.0,,1.0,0.9477122472057133,0.0,,1.0,0.07565391835320519,0.0,,1.0,0.8414986284910759,0,,1,-1.4738281653662917,0,,1,2.5464798407530216,0.0,,1.0,2.463051543066623,0,,1,1.7848808007721013,0.0,,1.0,,,,,-1.230120683366139,0,,1,0.6201892621041986,0,,1,-0.6910528139395516,0,,1,,,,,,,,,-4.882701215413436,0,,1,-1.4710605235405825,0,,1,,,,,-3.261981003628604,0,,1,5.33384949727572,0,,1,-1.9359383108870194,0,,1,1.4298039839377144,0,,1,4.288470782310885,0,,1,-1.1929523419913322,0,,1,2.9178785542513377,0,,1,,,,,,,,,,,,,,,,,-3.662700269888778,0.0,,1.0,0.8091277062196809,0,,1,1.0920970751963661,0.0,,1.0,,,,,-1.159636195456948,0,,1,-3.408342079954462,0,,1,3.0554470427056164,0,,1,-2.1836554272812934,0,,1,2.6041513405434706,0,,1,-7.908134664878736,0,,1,9181c4f07dfb267675fac855b04596268169df3ae9101b0fde034fe25f2ef1d1,-0.1,2024-12-14T01:30:00+00:00,2025-01-09T01:30:00+00:00,publication,pseudo_real_time,,,,,,,,,,,,,,,,,,,,,,,,,,,,,,,,,-3.4303248868424285,0.0,,1.0,,,,,-4.298898017457393,0.0,,1.0,3.807707295408315,0.0,,1.0,0.21362873858371176,0.0,,1.0,0.6117222779272959,0.0,,1.0,,,,,2.8721248153467784,0.0,,1.0,,,,,,,,,,,,,-2.5029058402840825,0.0,,1.0,,,,,,,,,,,,,,,,,,,,,,,,,-0.1627084056261392,0.0,,1.0,,,,,,,,,-0.9540634787120081,0.0,,1.0,-1.236703835691297,0.0,,1.0,,,,,,,,,,,,,,,,,,,,,,,,,,,,,,,,,,,,,,,,,,,,
2025-01,2025-01-14T09:30:00+08:00,early,-1.5205729674061956,-0.9384744055582117,-1.3219839185607516,2.9717990835740866,50,0.0,1.0,,,,,0,1.0,-1.3671826957460056,0.0,,1.0,-0.9741356934693732,0.0,,1.0,-0.975730729924258,0.0,,1.0,0.0952868678424162,0.0,,1.0,-1.5957992071917044,0.0,,1.0,-5.817192543040827,0.0,,1.0,-1.7626188849911715,0.0,,1.0,-1.7370924868768896,0.0,,1.0,1.1736097988822294,0.0,,1.0,-1.0474797501701585,0,,1,0.9408653704921595,0,,1,-4.959371149457134,0.0,,1.0,-0.49781767590288606,0,,1,-4.745503437145639,0,,1,-1.9315678965717016,0,,1,,,,,-4.990232490864675,0,,1,-5.402275589566571,0.0,,1.0,-6.252695770588213,0,,1,-1.0222087350235889,0,,1,-2.0054137532064975,0,,1,-7.024659982469456,0.0,,1.0,-2.514478303499667,0.0,,1.0,-0.6836988560684661,0.0,,1.0,-0.17463819171575687,0,,1,-2.323099483992208,0,,1,3.2341714926062344,0.0,,1.0,2.9870402275836727,0,,1,-2.013100301062535,0.0,,1.0,,,,,-0.7523429020714133,0,,1,1.927545362118127,0,,1,-10.612527193580757,0,,1,,,,,,,,,-8.238886856451424,0,,1,-2.0352952709524113,0,,1,,,,,-0.6165763560181731,0,,1,2.1018016127709336,0,,1,-0.5294824412074866,0,,1,-0.18011719522748673,0,,1,2.173609155147055,0,,1,0.06097128763000504,0,,1,-2.4724487846603886,0,,1,,,,,,,,,,,,,,,,,-0.8547400760928346,0.0,,1.0,0.3832436872174544,0,,1,-4.102485662108854,0.0,,1.0,,,,,-2.104174300899268,0,,1,-0.8329438391650651,0,,1,-1.4552154537940463,0,,1,-2.6240055178581483,0,,1,-1.7744934159071368,0,,1,0.2562623823899384,0,,1,9e0a0e1ef5a57f45b631ffe447663afa3da7072cee2c1901e2e64adca4b30dc3,-0.2,2025-01-14T01:30:00+00:00,2025-02-09T01:30:00+00:00,publication,pseudo_real_time,,,,,,,,,,,,,,,,,,,,,,,,,,,,,,,,,2.7812856985105654,0.0,,1.0,,,,,-3.8522259618883212,0.0,,1.0,3.205647190929186,0.0,,1.0,1.8257168497437015,0.0,,1.0,-0.5431177368821273,0.0,,1.0,,,,,1.5150533052638888,0.0,,1.0,,,,,,,,,,,,,-0.3700881600484829,0.0,,1.0,,,,,,,,,,,,,,,,,,,,,,,,,-2.512042361435643,0.0,,1.0,,,,,,,,,-5.181242275295515,0.0,,1.0,-0.18916886386255355,0.0,,1.0,,,,,,,,,,,,,,,,,,,,,,,,,,,,,,,,,,,,,,,,,,,,
2025-03,2025-03-14T09:30:00+08:00,early,,,,,0,1.0,1.0,,,,,0,1.0,,1.0,,1.0,,1.0,,1.0,,1.0,,1.0,,1.0,,1.0,,1.0,,1.0,,1.0,,1.0,,1.0,,1.0,,1.0,,1.0,,1.0,,1.0,,1,,1,,1,,1,,1.0,,1.0,,1,,1,,1,,1,,1,,1,,,,,,1,,1,,1.0,,1.0,,1,,1,,1,,1,,1,,1,,1.0,,1.0,,1.0,,1.0,,1.0,,1.0,,1,,1,,1,,1,,1.0,,1.0,,1,,1,,1.0,,1.0,,,,,,1,,1,,1,,1,,1,,1,,,,,,,,,,1,,1,,1,,1,,,,,,1,,1,,1,,1,,1,,1,,1,,1,,1,,1,,1,,1,,1,,1,,,,,,,,,,,,,,,,,,1.0,,1.0,,1,,1,,1.0,,1.0,,,,,,1,,1,,1,,1,,1,,1,,1,,1,,1,,1,,1,,1,5984703b2fda59ec274fedc12bcfca4349369655b154ca2326f543b7685bd9aa,-0.4,2025-03-14T01:30:00+00:00,2025-04-10T01:30:00+00:00,publication,pseudo_real_time,,,,,,,,,,,,,,,,,,,,,,,,,,,,,,,,,,1.0,,1.0,,,,,,1.0,,1.0,,1.0,,1.0,,1.0,,1.0,,1.0,,1.0,,,,,,1.0,,1.0,,,,,,,,,,,,,,1.0,,1.0,,,,,,,,,,,,,,,,,,,,,,,,,,1.0,,1.0,,,,,,,,,,1.0,,1.0,,1.0,,1.0,,,,,,,,,,,,,,,,,,,,,,,,,,,,,,,,,,,,,,,,,,,,
2025-04,2025-04-14T09:30:00+08:00,early,-1.2443129374605595,-1.1573993292459215,-1.3491871024210182,3.773087412526998,50,0.0,1.0,,,,,0,1.0,-0.7852757779195721,0.0,,1.0,-1.3815418673198914,0.0,,1.0,-1.5670071766822153,0.0,,1.0,-4.382006157979654,0.0,,1.0,-0.934587297213753,0.0,,1.0,-2.387694922104889,0.0,,1.0,2.557036201657413,0.0,,1.0,-1.1194474047746052,0.0,,1.0,-0.24935329554158148,0.0,,1.0,0.5096588036189454,0,,1,2.1828428909055084,0,,1,-3.2478085534765078,0.0,,1.0,0.9505436231566914,0,,1,-5.459521592796975,0,,1,-0.40424356930937816,0,,1,,,,,-3.2651943535146333,0,,1,-2.107259007710882,0.0,,1.0,-0.8902636573679887,0,,1,-0.3869121514043084,0,,1,1.415819419767689,0,,1,-1.5234987047769983,0.0,,1.0,0.10397598751836286,0.0,,1.0,-1.5445030727697053,0.0,,1.0,-0.4202554073828063,0,,1,-1.0710289593006255,0,,1,-1.6344040529565629,0.0,,1.0,-1.701432278741926,0,,1,-1.9178151290724736,0.0,,1.0,,,,,0.27466711445039477,0,,1,3.2177871041631687,0,,1,-7.577916145325352,0,,1,,,,,,,,,-2.685007716079825,0,,1,0.9971873013255445,0,,1,,,,,-0.675675675675667,0,,1,-0.040817451297614604,0,,1,0.2879832390354953,0,,1,-1.2324822527817572,0,,1,16.952372202554773,0,,1,0.11679884825997447,0,,1,-7.823757289116075,0,,1,,,,,,,,,,,,,,,,,-0.8708678707450466,0.0,,1.0,-0.04369537511639381,0,,1,-5.007534177527146,0.0,,1.0,,,,,-1.082316405710086,0,,1,-10.922221131899276,0,,1,-0.5657809368633928,0,,1,-1.5276335998647215,0,,1,-1.9329178911623932,0,,1,-3.541343694290862,0,,1,2cc944830e5b557a2d6fe8ca9616a1eb54fee80938c99c1bb5e3574eb03ae08c,-0.4,2025-04-14T01:30:00+00:00,2025-05-10T01:30:00+00:00,publication,pseudo_real_time,,,,,,,,,,,,,,,,,,,,,,,,,,,,,,,,,-4.271796484228756,0.0,,1.0,,,,,-2.994832461807392,0.0,,1.0,-5.212175144888506,0.0,,1.0,-2.474321736253481,0.0,,1.0,-0.3558923665896949,0.0,,1.0,,,,,-3.13251849025638,0.0,,1.0,,,,,,,,,,,,,-1.87401908533063,0.0,,1.0,,,,,,,,,,,,,,,,,,,,,,,,,-0.8310259684621932,0.0,,1.0,,,,,,,,,4.978606910447785,0.0,,1.0,-1.9532004763779038,0.0,,1.0,,,,,,,,,,,,,,,,,,,,,,,,,,,,,,,,,,,,,,,,,,,,
2025-05,2025-05-14T09:30:00+08:00,early,-1.4598010111529565,-1.310785300918515,-1.4133189586421322,2.7856491658671163,50,0.0,1.0,,,,,0,1.0,-0.45772997124252107,0.0,,1.0,1.4829550947186454,0.0,,1.0,-4.418304226512333,0.0,,1.0,-3.3766526297135173,0.0,,1.0,-0.534395119908162,0.0,,1.0,-0.5297208271282579,0.0,,1.0,-0.45639891581115527,0.0,,1.0,-1.4506305655178762,0.0,,1.0,-2.7045994366934063,0.0,,1.0,0.04588592301355444,0,,1,0.2907458496964349,0,,1,-2.514716678739827,0.0,,1.0,1.878188635537877,0,,1,-4.548606911290578,0,,1,1.0771049615865484,0,,1,,,,,-2.481798026877374,0,,1,-2.899355156835275,0.0,,1.0,3.75238578863427,0,,1,-0.9568688623577555,0,,1,0.5541659670831773,0,,1,-2.0478909816730373,0.0,,1.0,-4.270469447608936,0.0,,1.0,-0.409734316467457,0.0,,1.0,-2.83166449088816,0,,1,-1.9175447760017426,0,,1,-2.421581911071333,0.0,,1.0,-2.4140069522458205,0,,1,0.3283120675227649,0.0,,1.0,,,,,-0.6990373736285735,0,,1,-1.7933762638901247,0,,1,-3.5368244471502823,0,,1,,,,,,,,,0.0,0,,1,3.1478198503836796,0,,1,,,,,0.33955955097846086,0,,1,-2.6390836069882764,0,,1,0.8885561861203265,0,,1,-6.067929628436425,0,,1,-5.7657306987691115,0,,1,0.7237016839906364,0,,1,-9.298178497442526,0,,1,,,,,,,,,,,,,,,,,-2.660834486816269,0.0,,1.0,0.2456718899270565,0,,1,-5.336603290537479,0.0,,1.0,,,,,-1.3921396073252605,0,,1,6.369138961346647,0,,1,-1.0488574189182038,0,,1,-1.2294309945117696,0,,1,-0.7478482523230008,0,,1,-7.619712598272908,0,,1,4bd6044be0a5c1eadcf95dc77e86e42877c2871d777657ff89b32a85a9f1c3d5,-0.4,2025-05-14T01:30:00+00:00,2025-06-09T01:30:00+00:00,publication,pseudo_real_time,,,,,,,,,,,,,,,,,,,,,,,,,,,,,,,,,-2.663754217455424,0.0,,1.0,,,,,2.483329265593439,0.0,,1.0,-2.547456335512959,0.0,,1.0,-3.033894642337015,0.0,,1.0,-0.7783673939956933,0.0,,1.0,,,,,-3.883953027695354,0.0,,1.0,,,,,,,,,,,,,-0.02849601209411587,0.0,,1.0,,,,,,,,,,,,,,,,,,,,,,,,,-1.0354700270723134,0.0,,1.0,,,,,,,,,-1.7058285201434553,0.0,,1.0,0.11242871431114163,0.0,,1.0,,,,,,,,,,,,,,,,,,,,,,,,,,,,,,,,,,,,,,,,,,,,
2025-06,2025-06-14T09:30:00+08:00,early,-1.9528300395434603,-2.1584550284306276,-2.0080179852996376,2.7771437765635416,34,0.48484848484848486,1.0,,,,,0,1.0,-1.8437596203647197,0.0,,1.0,,1.0,,1.0,-0.5267121750537018,0.0,,1.0,,1.0,,1.0,0.13327112096957844,0.0,,1.0,-4.725152732189409,0.0,,1.0,,1.0,,1.0,-4.15474347177763,0.8,,1.0,-2.228135626421187,0.0,,1.0,,1,,1,,1,,1,-3.835896099218724,0.0,,1.0,,1,,1,,1,,1,,1,,1,,,,,-3.8717278962292476,0,,1,-4.644886085755453,0.0,,1.0,-3.1201574346599354,0,,1,-0.448162784535468,0,,1,-2.1769436834329374,0,,1,-5.223676858776814,0.0,,1.0,,1.0,,1.0,,1.0,,1.0,1.2378158768146483,0,,1,,1,,1,-0.8557697812516127,0.0,,1.0,-0.80690692194369,0,,1,-4.15474347177763,0.0,,1.0,,,,,-3.1819842226059136,0,,1,-6.897027518373487,0,,1,4.446133811903011,0,,1,,,,,,,,,-5.531078333705632,0,,1,,1,,1,,,,,,1,,1,-6.948318959247465,0,,1,0.3981789537654627,0,,1,-2.8649411911670657,0,,1,-0.2070673000083519,0,,1,,1,,1,-1.0464730683106434,0,,1,,,,,,,,,,,,,,,,,-1.0581202519452093,0.0,,1.0,,1,,1,1.1192272180147933,0.0,,1.0,,,,,-2.1552446221958053,0,,1,,1,,1,-0.8453942019194955,0,,1,1.4345896377374168,0,,1,-0.4542899057050702,0,,1,-2.1715608079620807,0,,1,fc00e0ba3d4f7e3ea54df8e1ddd7e486259e44163bf4b92cc857633e686aac40,-0.4,2025-06-14T01:30:00+00:00,2025-07-09T01:30:00+00:00,publication,pseudo_real_time,,,,,,,,,,,,,,,,,,,,,,,,,,,,,,,,,4.641551688872803,0.0,,1.0,,,,,-6.848646416980064,0.0,,1.0,,1.0,,1.0,,1.0,,1.0,-1.5726685638090068,0.0,,1.0,,,,,-2.4698255180448685,0.0,,1.0,,,,,,,,,,,,,-1.9583111784941436,0.0,,1.0,,1.0,,1.0,,,,,,,,,,1.0,,1.0,,1.0,,1.0,,,,,-2.1622300188645123,0.0,,1.0,,,,,,,,,,1.0,,1.0,-2.1616654346654505,0.0,,1.0,,1.0,,1.0,,1.0,,1.0,,,,,,,,,,,,,,,,,,,,,,,,,,,,,,,,,,,,
2025-07,2025-07-14T09:30:00+08:00,early,-0.005340795307468751,0.2529014651187822,0.16389188776474375,2.772706763918591,50,0.0,1.0,,,,,0,1.0,-0.7444576114651668,0.0,,1.0,1.057879208764951,0.0,,1.0,0.02399773308219282,0.0,,1.0,-1.361044188529762,0.0,,1.0,0.8253069345940087,0.0,,1.0,-2.034754982253162,0.0,,1.0,0.7450570289187901,0.0,,1.0,-2.0608414930182555,0.0,,1.0,2.4115396662933013,0.0,,1.0,5.284312910341043,0,,1,-1.5378743170219544,0,,1,0.3214432004669778,0.0,,1.0,0.7541786194055455,0,,1,-0.015928621284891496,0,,1,0.3285627437154035,0,,1,,,,,0.33909062340558976,0,,1,2.0694541547036818,0.0,,1.0,-7.895184704509467,0,,1,-0.044755369053864,0,,1,-1.8702346289532747,0,,1,2.3533757243247093,0.0,,1.0,-3.9170302552846015,0.0,,1.0,0.35984201179852954,0.0,,1.0,3.3819016253992364,0,,1,2.2860033667193633,0,,1,3.936489238880468,0.0,,1.0,3.800003844104744,0,,1,-2.6253362355686947,0.0,,1.0,,,,,0.2909071442651266,0,,1,0.5579447255998533,0,,1,-6.062319161445229,0,,1,,,,,,,,,-4.283609242210825,0,,1,1.9968134809588607,0,,1,,,,,4.381931334420023,0,,1,3.2375297138222345,0,,1,1.1417995316209617,0,,1,2.5019914195103783,0,,1,5.080545391693455,0,,1,0.24156674419056434,0,,1,-1.8650961945030256,0,,1,,,,,,,,,,,,,,,,,0.7807537122908992,0.0,,1.0,0.0,0,,1,-0.3839801219948644,0.0,,1.0,,,,,-0.703939721635041,0,,1,-1.5260226192901538,0,,1,1.7472811864278865,0,,1,1.1393460095929624,0,,1,-0.7271989892657758,0,,1,-1.5642339748102485,0,,1,69f3b46cb88a1ca80236b9a421be79d00fa1a5a3f3521ea6c6529bd531659afc,-0.2,2025-07-14T01:30:00+00:00,2025-08-09T01:30:00+00:00,publication,pseudo_real_time,,,,,,,,,,,,,,,,,,,,,,,,,,,,,,,,,0.264236186047,0.0,,1.0,,,,,-7.147854631952799,0.0,,1.0,-1.6516959138604448,0.0,,1.0,-2.415508030443949,0.0,,1.0,0.03623002530049695,0.0,,1.0,,,,,0.7163117544212103,0.0,,1.0,,,,,,,,,,,,,-0.7838674433021732,0.0,,1.0,,,,,,,,,,,,,,,,,,,,,,,,,-0.20439339391202793,0.0,,1.0,,,,,,,,,-1.5112675065627184,0.0,,1.0,-0.85955511193462,0.0,,1.0,,,,,,,,,,,,,,,,,,,,,,,,,,,,,,,,,,,,,,,,,,,,
2025-08,2025-08-14T09:30:00+08:00,early,1.920326369051255,0.5358532018680546,1.2798075232656871,4.919863671742142,50,0.0,1.0,,,,,0,1.0,4.306801337986185,0.0,,1.0,-0.3304551692355265,0.0,,1.0,0.5749533361161193,0.0,,1.0,1.4972011677079333,0.0,,1.0,0.13258552193686557,0.0,,1.0,9.442650960457263,0.0,,1.0,1.1517717710928443,0.0,,1.0,-0.8116145332251726,0.0,,1.0,-0.8452259350510761,0.0,,1.0,3.500909718678078,0,,1,1.1879599387019484,0,,1,5.163546511373938,0.0,,1.0,0.1921827767021467,0,,1,3.7680190965083815,0,,1,-0.08541580153318933,0,,1,,,,,5.190508572294785,0,,1,6.582768620371485,0.0,,1.0,0.09348594848071196,0,,1,0.9845718936644132,0,,1,4.019436705811443,0,,1,7.450553338834351,0.0,,1.0,-4.509961330629255,0.0,,1.0,-3.159863130232301,0.0,,1.0,-1.5825087194668699,0,,1,0.09770332583534408,0,,1,-0.9649426948155284,0.0,,1.0,-0.9551482636547025,0,,1,5.234980861186038,0.0,,1.0,,,,,-0.5537273201275162,0,,1,-1.7008105335682804,0,,1,1.04822574789521,0,,1,,,,,,,,,25.894172901192054,0,,1,-0.6480471105763796,0,,1,,,,,-4.257831525779354,0,,1,0.3859244824096679,0,,1,-0.015731129701992655,0,,1,0.6857819213264413,0,,1,4.061070620120953,0,,1,-0.16928452320795626,0,,1,1.6315947036478846,0,,1,,,,,,,,,,,,,,,,,3.0611628172888294,0.0,,1.0,0.0,0,,1,-3.6308924004133165,0.0,,1.0,,,,,4.4200092077454896,0,,1,2.227051504675176,0,,1,-0.9583851872655196,0,,1,0.1308628189407302,0,,1,1.3735955857742443,0,,1,1.5438575504762873,0,,1,c419254baeb01346b0ed6d6738e423b8ef17dfdb5921108b4e63510ee64d22fe,0.0,2025-08-14T01:30:00+00:00,2025-09-10T01:30:00+00:00,publication,pseudo_real_time,,,,,,,,,,,,,,,,,,,,,,,,,,,,,,,,,-1.8591333032686241,0.0,,1.0,,,,,15.72352083065352,0.0,,1.0,1.024988852454172,0.0,,1.0,-0.3014044458387531,0.0,,1.0,-0.5701769473924442,0.0,,1.0,,,,,0.07790009039674527,0.0,,1.0,,,,,,,,,,,,,5.063867796875841,0.0,,1.0,,,,,,,,,,,,,,,,,,,,,,,,,6.59068352120671,0.0,,1.0,,,,,,,,,-1.2335543441014933,0.0,,1.0,4.762238902613211,0.0,,1.0,,,,,,,,,,,,,,,,,,,,,,,,,,,,,,,,,,,,,,,,,,,,
2025-09,2025-09-14T09:30:00+08:00,early,-0.2473997050319028,-0.3704244137398859,-0.4301082191377521,2.2773606972625604,50,0.0,1.0,,,,,0,1.0,-1.4892447861374665,0.0,,1.0,-0.11192607714169915,0.0,,1.0,-0.34082451025887417,0.0,,1.0,1.5924838842870945,0.0,,1.0,-0.052442348635682534,0.0,,1.0,1.816725526572359,0.0,,1.0,-0.1730536078295614,0.0,,1.0,-2.057507063961711,0.0,,1.0,-1.6206569573332092,0.0,,1.0,1.496813022872979,0,,1,-0.04955421436113582,0,,1,2.606953666822019,0.0,,1.0,-0.31389527927166316,0,,1,1.7820352175518472,0,,1,-0.26606815219332686,0,,1,,,,,2.6504689222582503,0,,1,0.380900371980703,0.0,,1.0,-0.8259755288997364,0,,1,-0.42695354820810855,0,,1,-0.5459165359594119,0,,1,-0.8964476229511708,0.0,,1.0,0.2860476581542578,0.0,,1.0,-2.4230246487870457,0.0,,1.0,-1.4305411997745658,0,,1,0.7246903033523519,0,,1,-1.32208986620266,0.0,,1.0,-1.1940425397233436,0,,1,-4.035544201252344,0.0,,1.0,,,,,-5.267078353111355,0,,1,1.65132673418939,0,,1,3.8565187131830907,0,,1,,,,,,,,,0.7871434625574091,0,,1,-1.100925580679908,0,,1,,,,,-1.4350409692771087,0,,1,-1.7045008350828506,0,,1,0.7152258867656762,0,,1,-2.1615165193767214,0,,1,0.36036234580227067,0,,1,-0.103393252535977,0,,1,-1.9606519358862287,0,,1,,,,,,,,,,,,,,,,,-3.1187581852645154,0.0,,1.0,0.025093878518190504,0,,1,-2.1516702560380234,0.0,,1.0,,,,,-1.4211724459106534,0,,1,1.5741304349538483,0,,1,0.20827839443383994,0,,1,0.2934119541298517,0,,1,-1.426685629872098,0,,1,1.0502118211451066,0,,1,0018cee020a0637efe016a2fb804b3228b04f83a7d8a24e3e7596ae1000b337c,0.1,2025-09-14T01:30:00+00:00,2025-10-15T01:30:00+00:00,publication,pseudo_real_time,,,,,,,,,,,,,,,,,,,,,,,,,,,,,,,,,1.8826676044253743,0.0,,1.0,,,,,8.01403541423904,0.0,,1.0,5.327859588690544,0.0,,1.0,-2.3324431533811083,0.0,,1.0,-1.8725939136302951,0.0,,1.0,,,,,0.25016953875732867,0.0,,1.0,,,,,,,,,,,,,-2.3462087465074193,0.0,,1.0,,,,,,,,,,,,,,,,,,,,,,,,,-1.4181300373764663,0.0,,1.0,,,,,,,,,-1.9664196320005274,0.0,,1.0,-2.7770874028627395,0.0,,1.0,,,,,,,,,,,,,,,,,,,,,,,,,,,,,,,,,,,,,,,,,,,,
2025-11,2025-11-14T09:30:00+08:00,early,,,,,0,1.0,1.0,,,,,0,1.0,,1.0,,1.0,,1.0,,1.0,,1.0,,1.0,,1.0,,1.0,,1.0,,1.0,,1.0,,1.0,,1.0,,1.0,,1.0,,1.0,,1.0,,1.0,,1,,1,,1,,1,,1.0,,1.0,,1,,1,,1,,1,,1,,1,,,,,,1,,1,,1.0,,1.0,,1,,1,,1,,1,,1,,1,,1.0,,1.0,,1.0,,1.0,,1.0,,1.0,,1,,1,,1,,1,,1.0,,1.0,,1,,1,,1.0,,1.0,,,,,,1,,1,,1,,1,,1,,1,,,,,,,,,,1,,1,,1,,1,,,,,,1,,1,,1,,1,,1,,1,,1,,1,,1,,1,,1,,1,,1,,1,,,,,,,,,,,,,,,,,,1.0,,1.0,,1,,1,,1.0,,1.0,,,,,,1,,1,,1,,1,,1,,1,,1,,1,,1,,1,,1,,1,77766b326f5a8b41f8e4fa727819eec588bcead33330face928f8a3a1647a44f,0.1,2025-11-14T01:30:00+00:00,2025-12-10T01:30:00+00:00,publication,pseudo_real_time,,,,,,,,,,,,,,,,,,,,,,,,,,,,,,,,,,1.0,,1.0,,,,,,1.0,,1.0,,1.0,,1.0,,1.0,,1.0,,1.0,,1.0,,,,,,1.0,,1.0,,,,,,,,,,,,,,1.0,,1.0,,,,,,,,,,,,,,,,,,,,,,,,,,1.0,,1.0,,,,,,,,,,1.0,,1.0,,1.0,,1.0,,,,,,,,,,,,,,,,,,,,,,,,,,,,,,,,,,,,,,,,,,,,
2025-12,2025-12-14T09:30:00+08:00,early,0.2783644966652322,0.012686894125013268,0.01170813514243214,3.650781878047954,50,0.0,1.0,,,,,0,1.0,0.5323468625303283,0.0,,1.0,-0.018534175534910657,0.0,,1.0,0.8274508376322318,0.0,,1.0,0.9149190527948118,0.0,,1.0,0.7791689607482291,0.0,,1.0,-0.012032286602733906,0.0,,1.0,1.8762105922441255,0.0,,1.0,-2.7888358689994845,0.0,,1.0,-0.07357041314258835,0.0,,1.0,-1.6709927490185759,0,,1,3.5124760660306,0,,1,1.1411431700143522,0.0,,1.0,-0.03150887992031811,0,,1,0.5746666264822017,0,,1,0.7143958627903935,0,,1,,,,,1.1351970091152839,0,,1,0.36066348580117497,0.0,,1.0,-0.951898320497981,0,,1,-0.23195024447431903,0,,1,-0.5460342818024904,0,,1,-0.5052784799074205,0.0,,1.0,-0.8583304615552593,0.0,,1.0,-4.674514834879367,0.0,,1.0,0.34143642963759874,0,,1,0.9553847254129527,0,,1,-0.09655966051538586,0.0,,1.0,-0.10841218533913306,0,,1,-2.833662310563827,0.0,,1.0,,,,,-2.8468581937732287,0,,1,2.0031934614948876,0,,1,-5.968774196053514,0,,1,,,,,,,,,-3.6736288765953966,0,,1,2.390147363551856,0,,1,,,,,-3.820251848365523,0,,1,0.3402479071155531,0,,1,2.3940604841769115,0,,1,0.2657776696397312,0,,1,21.124609628132486,0,,1,0.056882668170344645,0,,1,-0.7206451850293198,0,,1,,,,,,,,,,,,,,,,,-2.612962509324038,0.0,,1.0,-0.9950366773296615,0,,1,2.885420459842033,0.0,,1.0,,,,,0.3853310091159635,0,,1,0.5817133814106707,0,,1,-1.2656182729020649,0,,1,0.8327931524842276,0,,1,1.1554404792338417,0,,1,-1.6269199448321232,0,,1,665f823f1859c235949c81ad8bea5de1d01da81d26128919cf44e3e87a150a7c,0.2,2025-12-14T01:30:00+00:00,2026-01-09T01:30:00+00:00,publication,pseudo_real_time,,,,,,,,,,,,,,,,,,,,,,,,,,,,,,,,,-0.6779499137094865,0.0,,1.0,,,,,2.40957600585085,0.0,,1.0,3.1242727635058793,0.0,,1.0,-0.9541822316036458,0.0,,1.0,-2.327728759141023,0.0,,1.0,,,,,-2.1407891106782526,0.0,,1.0,,,,,,,,,,,,,1.6101483180452576,0.0,,1.0,,,,,,,,,,,,,,,,,,,,,,,,,-0.03947374020395099,0.0,,1.0,,,,,,,,,3.7871484597203526,0.0,,1.0,2.016060114501509,0.0,,1.0,,,,,,,,,,,,,,,,,,,,,,,,,,,,,,,,,,,,,,,,,,,,
2026-01,2026-01-14T09:30:00+08:00,early,-0.520655149132356,-0.03151577735035784,-0.35354541730637096,4.480716417491033,41,0.30508474576271183,1.0,,,,,0,1.0,-0.04942507792533402,0.0,,1.0,1.1440988350819916,0.1111111111111111,,1.0,0.4691298334653735,0.38461538461538464,,1.0,-1.646137076416984,0.0,,1.0,4.841230031214654,0.0,,1.0,-6.820647220416926,0.42857142857142855,,1.0,-0.8092616319787056,0.4,,1.0,,1.0,,1.0,-3.7344550226514706,0.16666666666666666,,1.0,-6.592222352604303,0,,1,2.228588364598966,0,,1,,1.0,,1.0,-1.5521975587536898,0,,1,3.4711514420144503,0,,1,-0.2790766745706406,0,,1,,,,,-10.87584051313603,0,,1,,1.0,,1.0,-5.879519946032455,0,,1,-0.23614150511401277,0,,1,-0.8091540641464859,0,,1,,1.0,,1.0,,1.0,,1.0,,1.0,,1.0,-3.38046806860317,0,,1,2.6960374157750957,0,,1,,1.0,,1.0,-0.9948966637564403,0,,1,,1.0,,1.0,,,,,-10.838615522775005,0,,1,0.008251330738626644,0,,1,-4.54638596004712,0,,1,,,,,,,,,-2.7021691484523025,0,,1,0.5053324389400602,0,,1,,,,,6.086420374704097,0,,1,0.5651889146698735,0,,1,9.35383934031405,0,,1,-3.4665461888613662,0,,1,3.332496732696092,0,,1,0.5807864516451465,0,,1,-0.10805579876921127,0,,1,,,,,,,,,,,,,,,,,,1.0,,1.0,-0.03151577735035784,0,,1,,1.0,,1.0,,,,,-0.3900954594290593,0,,1,1.1470040102662231,0,,1,1.2585536563265614,0,,1,5.643592566085488,0,,1,3.108934562132519,0,,1,8.012096041261639,0,,1,621d038ffa83bcea70c4143324164e1d6e3d7ae152279749bd77651e808ae317,0.4,2026-01-14T01:30:00+00:00,2026-02-11T01:30:00+00:00,publication,pseudo_real_time,,,,,,,,,,,,,,,,,,,,,,,,,,,,,,,,,1.6891295479868589,0.0,,1.0,,,,,-7.825059274046916,0.0,,1.0,-9.236295355723673,0.0,,1.0,0.8267326844582701,0.0,,1.0,-0.7627492790924997,0.0,,1.0,,,,,-4.428681530982645,0.0,,1.0,,,,,,,,,,,,,0.4145911450642527,0.0,,1.0,,,,,,,,,,,,,,,,,,,,,,,,,-0.24191985148370948,0.0,,1.0,,,,,,,,,1.9358490920692195,0.0,,1.0,0.9661692675570106,0.0,,1.0,,,,,,,,,,1.0,,1.0,,1.0,,1.0,,1.0,,1.0,,1.0,,1.0,,1.0,,1.0,,1.0,,1.0,,1.0,,1.0,,1.0,,1.0,,1.0,,1.0
2026-02,2026-02-14T09:30:00+08:00,early,0.6425797254548292,0.1777399321899235,0.43147554873864813,3.343709537807189,41,0.30508474576271183,1.0,,,,,0,1.0,-0.5598172245955563,0.0,,1.0,0.1360609286357456,0.1111111111111111,,1.0,3.387104621466192,0.38461538461538464,,1.0,-1.9067997414959876,0.0,,1.0,0.31922826584144137,0.0,,1.0,0.582047477943357,0.42857142857142855,,1.0,0.3282062650656365,0.4,,1.0,,1.0,,1.0,0.5300050289115387,0.16666666666666666,,1.0,-1.3286662534322815,0,,1,0.8446267316643977,0,,1,,1.0,,1.0,0.6022505891384975,0,,1,2.6920861548035218,0,,1,0.5422938372349422,0,,1,,,,,-0.6390642225998336,0,,1,,1.0,,1.0,2.229217667683058,0,,1,-0.19167511376097476,0,,1,-0.4244730420916256,0,,1,,1.0,,1.0,,1.0,,1.0,,1.0,,1.0,-2.0116820845362593,0,,1,0.3255469142655206,0,,1,,1.0,,1.0,0.03712478024257432,0,,1,,1.0,,1.0,,,,,5.300899034553906,0,,1,0.1777399321899235,0,,1,-8.205455682969685,0,,1,,,,,,,,,-0.1777093710369547,0,,1,0.6874879507475916,0,,1,,,,,-1.1620658053637771,0,,1,-1.3063391706828706,0,,1,0.856069337883195,0,,1,-0.8540565178924505,0,,1,2.5230784208994725,0,,1,0.26305313289825466,0,,1,11.326630162002461,0,,1,,,,,,,,,,,,,,,,,,1.0,,1.0,0.06498839334252089,0,,1,,1.0,,1.0,,,,,-0.8739009958089695,0,,1,-0.2350675831775856,0,,1,-3.03570084837905,0,,1,0.8833494687142774,0,,1,2.573195105147343,0,,1,9.449433411897854,0,,1,64390868d13600a5d7e141487445a2292e96b43341a529bb8651eb7ba9879e23,0.4,2026-02-14T01:30:00+00:00,2026-03-09T01:30:00+00:00,publication,pseudo_real_time,,,,,,,,,,,,,,,,,,,,,,,,,,,,,,,,,5.68375493745861,0.0,,1.0,,,,,0.915745837727158,0.0,,1.0,-4.692969153482844,0.0,,1.0,-3.719516225808641,0.0,,1.0,4.364584286136889,0.0,,1.0,,,,,3.261150606986807,0.0,,1.0,,,,,,,,,,,,,-0.6586338263434116,0.0,,1.0,,,,,,,,,,,,,,,,,,,,,,,,,-0.43308496346948333,0.0,,1.0,,,,,,,,,1.4686583169647933,0.0,,1.0,-0.7771354060988725,0.0,,1.0,,,,,,,,,,1.0,,1.0,,1.0,,1.0,,1.0,,1.0,,1.0,,1.0,,1.0,,1.0,,1.0,,1.0,,1.0,,1.0,,1.0,,1.0,,1.0,,1.0
2026-03,2026-03-14T09:30:00+08:00,early,,,,,0,1.0,1.0,,,,,0,1.0,,1.0,,1.0,,1.0,,1.0,,1.0,,1.0,,1.0,,1.0,,1.0,,1.0,,1.0,,1.0,,1.0,,1.0,,,,,,1.0,,1.0,,1,,1,,1,,1,,,,,,1,,1,,1,,1,,1,,1,,,,,,1,,1,,,,,,1,,1,,1,,1,,1,,1,,,,,,1.0,,1.0,,,,,,1,,1,,1,,1,,,,,,1,,1,,,,,,,,,,1,,1,,1,,1,,1,,1,,,,,,,,,,1,,1,,1,,1,,,,,,1,,1,,1,,1,,1,,1,,1,,1,,1,,1,,1,,1,,1,,1,,,,,,,,,,,,,,,,,,,,,,1,,1,,,,,,,,,,1,,1,,1,,1,,1,,1,,1,,1,,1,,1,,1,,1,ae677984e96b7aea7bcaa29a8f6e02a1cb33b491fade8625aafba9f441e0d21d,1.0,2026-03-14T01:30:00+00:00,2026-04-10T01:30:00+00:00,publication,pseudo_real_time,,,,,,,,,,,,,,,,,,,,,,,,,,,,,,,,,,1.0,,1.0,,,,,,1.0,,1.0,,1.0,,1.0,,1.0,,1.0,,1.0,,1.0,,,,,,1.0,,1.0,,,,,,,,,,,,,,1.0,,1.0,,,,,,,,,,,,,,,,,,,,,,,,,,1.0,,1.0,,,,,,,,,,1.0,,1.0,,1.0,,1.0,,,,,,,,,,1.0,,1.0,,1.0,,1.0,,1.0,,1.0,,1.0,,1.0,,1.0,,1.0,,1.0,,1.0,,1.0,,1.0,,1.0,,1.0,,1.0,,1.0
2026-04,2026-04-14T09:30:00+08:00,early,6.235337625708933,0.9441419085777294,4.798998788006999,11.761264726970403,50,0.0,1.0,,,,,0,1.0,0.8545195332097784,0.0,,1.0,-0.8364933547399542,0.0,,1.0,18.500787285805572,0.0,,1.0,-1.1591356681778597,0.0,,1.0,-2.397949702181746,0.0,,1.0,3.0430635095334146,0.0,,1.0,4.771965031922977,0.0,,1.0,,,,,21.07712423329565,0.0,,1.0,19.79502267540301,0,,1,2.7187116327426533,0,,1,,,,,0.8653239079683464,0,,1,-1.6482918771423347,0,,1,0.9179964461182704,0,,1,,,,,2.545010906448806,0,,1,,,,,4.306475304117473,0,,1,0.40868237085547693,0,,1,1.3206639978939578,0,,1,,,,,-0.8069380451678315,0.0,,1.0,,,,,21.716333967959866,0,,1,0.7560129820605709,0,,1,,,,,20.00451154828921,0,,1,,,,,,,,,19.1361980125941,0,,1,27.93598789224357,0,,1,10.359724572481353,0,,1,,,,,,,,,4.933927395763788,0,,1,0.9019903492681921,0,,1,,,,,-10.131490626325443,0,,1,26.11217421390581,0,,1,-4.7800982775151875,0,,1,16.5925897453915,0,,1,35.07577206140146,0,,1,0.5397723491269052,0,,1,14.515184570571499,0,,1,,,,,,,,,,,,,,,,,,,,,0.22268022275808813,0,,1,,,,,,,,,2.1021084730128576,0,,1,-1.7675173265818098,0,,1,-0.3584712150821649,0,,1,-1.0610511233413693,0,,1,-3.392178192788263,0,,1,25.515122475672218,0,,1,68b74f3ee96ebf87f70a5c4ae43763b6253462b7c91e554020146a20f43d973e,1.7,2026-04-14T01:30:00+00:00,2026-05-11T01:30:00+00:00,publication,pseudo_real_time,,,,,,,,,,,,,,,,,,,,,,,,,,,,,,,,,10.557838612854662,0.0,,1.0,,,,,0.38684043180359357,0.0,,1.0,0.45048940340466764,0.0,,1.0,-2.279604530795912,0.0,,1.0,17.849477039501405,0.0,,1.0,,,,,15.735513070719156,0.0,,1.0,,,,,,,,,,,,,0.39480659515333577,0.0,,1.0,,,,,,,,,,,,,,,,,,,,,,,,,0.9702873710371885,0.0,,1.0,,,,,,,,,0.8883875572069075,0.0,,1.0,-0.0694316086941467,0.0,,1.0,,,,,,,,,-5.896316805326653,0.0,,1.0,4.967145995713485,0.0,,1.0,43.661596785597084,0.0,,1.0,-17.91035203622866,0.0,,1.0,1.0283396654165304,0.0,,1.0,0.166791502947293,0.0,,1.0,1.858414579535951,0.0,,1.0,-0.8408892545568145,0.0,,1.0,-1.4007112852736365,0.0,,1.0
2026-05,2026-05-14T09:30:00+08:00,early,-0.1515961231353267,0.1645268127822028,0.3536167754505294,6.029430002027579,50,0.0,1.0,,,,,0,1.0,2.120967895418525,0.0,,1.0,0.6782034379339295,0.0,,1.0,-3.347551494084325,0.0,,1.0,1.8554070427657174,0.0,,1.0,1.6661467986273077,0.0,,1.0,2.8866394475949715,0.0,,1.0,1.8247638329218514,0.0,,1.0,,,,,-2.1135125671651447,0.0,,1.0,5.210412642799159,0,,1,0.4150104985374335,0,,1,,,,,-0.3404586032516232,0,,1,5.167240874741319,0,,1,-0.6499874492648415,0,,1,,,,,4.99664097590559,0,,1,,,,,0.5237315495216613,0,,1,-0.016078531996048813,0,,1,3.4845963341215884,0,,1,,,,,-2.9893657450050397,0.0,,1.0,,,,,-10.168619103654628,0,,1,5.7730710344907035,0,,1,,,,,-13.856163511352346,0,,1,,,,,,,,,18.010846881959676,0,,1,-2.3921278637311154,0,,1,-12.343413674096658,0,,1,,,,,,,,,1.806289099325191,0,,1,-0.14770508525474615,0,,1,,,,,6.031803948809824,0,,1,-0.7125045950240277,0,,1,3.8950415902039586,0,,1,-2.161499239047311,0,,1,4.867444275462782,0,,1,0.03428136037169378,0,,1,-0.4046454901571816,0,,1,,,,,,,,,,,,,,,,,,,,,-0.42303918649739525,0,,1,,,,,,,,,0.9889376007349127,0,,1,-4.336622422455329,0,,1,0.5000193755532856,0,,1,-0.10634445281809062,0,,1,2.375870681570077,0,,1,-6.516454571411981,0,,1,459bd13c348233e480b1f6b8a26ed9ced6564694dcb0edb32d727bf0d0625bc8,0.5,2026-05-14T01:30:00+00:00,2026-06-10T01:30:00+00:00,publication,pseudo_real_time,,,,,,,,,,,,,,,,,,,,,,,,,,,,,,,,,-4.343552787327576,0.0,,1.0,,,,,4.219896165627442,0.0,,1.0,0.7435594247580044,0.0,,1.0,-0.34457917120217124,0.0,,1.0,0.7287934214927079,0.0,,1.0,,,,,-2.492172490359287,0.0,,1.0,,,,,,,,,,,,,2.8859658679899964,0.0,,1.0,,,,,,,,,,,,,,,,,,,,,,,,,3.247567924575381,0.0,,1.0,,,,,,,,,0.4646044109805545,0.0,,1.0,2.1348181770853185,0.0,,1.0,,,,,,,,,-3.9733334925750246,0.0,,1.0,-1.740599701175095,0.0,,1.0,-22.70668022472115,0.0,,1.0,-6.1300010067578325,0.0,,1.0,-2.8006337259622023,0.0,,1.0,0.16248734445707805,0.0,,1.0,2.867225331184785,0.0,,1.0,8.840719402389892,0.0,,1.0,0.16656628110732755,0.0,,1.0
2026-06,2026-06-14T09:30:00+08:00,early,-0.9192474282403096,-0.8024833832366733,-0.8325267316635869,3.7417170946972966,50,0.0,1.0,,,,,0,1.0,-0.5643433711777949,0.0,,1.0,-0.9257612453492611,0.0,,1.0,-3.0662095959380298,0.0,,1.0,0.9531479414088456,0.0,,1.0,0.3738482341580518,0.0,,1.0,6.487752564476984,0.0,,1.0,-2.4856976034337137,0.0,,1.0,,,,,-3.0187361195257223,0.0,,1.0,-11.352027788529387,0,,1,-0.9036998608936354,0,,1,,,,,-0.5771154710282413,0,,1,0.6082967667807144,0,,1,-1.3160577223749919,0,,1,,,,,4.186455433642909,0,,1,,,,,7.374963076087777,0,,1,0.1322930348225848,0,,1,0.2243151627821128,0,,1,,,,,-0.13140991664108115,0.0,,1.0,,,,,-1.9529680211684584,0,,1,-0.8037493042966587,0,,1,,,,,-1.500279922086851,0,,1,,,,,,,,,1.1960718656801355,0,,1,-5.6146764163136496,0,,1,-1.0313372709106257,0,,1,,,,,,,,,8.53913409352316,0,,1,-0.8012174621766881,0,,1,,,,,-0.5141558506544286,0,,1,0.7990971987233889,0,,1,0.8977440736964014,0,,1,-7.221828103739787,0,,1,2.0983019820592888,0,,1,-0.11590032276310062,0,,1,-7.647202583955445,0,,1,,,,,,,,,,,,,,,,,,,,,-0.5843444077194985,0,,1,,,,,,,,,-0.5396444348947992,0,,1,-3.156844500397081,0,,1,-0.4360607394933099,0,,1,-0.8674596619791469,0,,1,1.9011692644082625,0,,1,-8.747331819663943,0,,1,73b871d6d0b887559bad54890f61db25c5bbcfa80ebacd18f0ead1ddc775b8b8,-0.3,2026-06-14T01:30:00+00:00,2026-07-09T01:30:00+00:00,publication,pseudo_real_time,,,,,,,,,,,,,,,,,,,,,,,,,,,,,,,,,-2.3261859253379833,0.0,,1.0,,,,,5.850457654654089,0.0,,1.0,4.67349367096732,0.0,,1.0,-2.4223466135214973,0.0,,1.0,2.828052353655376,0.0,,1.0,,,,,-3.550626721229895,0.0,,1.0,,,,,,,,,,,,,-1.3375614533565883,0.0,,1.0,,,,,,,,,,,,,,,,,,,,,,,,,-0.9113494066139001,0.0,,1.0,,,,,,,,,-1.1986604110801926,0.0,,1.0,-0.9541131298061797,0.0,,1.0,,,,,,,,,-1.0999442751521782,0.0,,1.0,-2.9256724828226783,0.0,,1.0,-8.31741577845869,0.0,,1.0,-1.565860710445234,0.0,,1.0,-1.6025621983702196,0.0,,1.0,-0.46246616673266117,0.0,,1.0,1.1926468956663538,0.0,,1.0,-4.907984507377117,0.0,,1.0,-0.1667468523317081,0.0,,1.0
2026-07,2026-07-14T09:30:00+08:00,early,-1.9397076100095831,-1.4567173071073254,-1.6579943057426376,5.538593024945808,50,0.0,1.0,,,,,0,1.0,-1.7324251728800686,0.0,,1.0,0.5669766537201821,0.0,,1.0,-5.388838775020199,0.0,,1.0,-0.16861966299146536,0.0,,1.0,-2.4688512693091207,0.0,,1.0,5.449553117148129,0.0,,1.0,-0.7026821789329927,0.0,,1.0,,,,,-6.987093794129646,0.0,,1.0,-6.763277328101254,0,,1,0.5136548961737628,0,,1,,,,,0.05640953836110349,0,,1,-3.643337062381755,0,,1,-1.4272771810445302,0,,1,,,,,-2.517349539303827,0,,1,,,,,7.1929376895656345,0,,1,-0.1529184051944813,0,,1,-1.4861574331701206,0,,1,,,,,-0.7903762049373508,0.0,,1.0,,,,,-5.56045499358674,0,,1,-0.14267743880423792,0,,1,,,,,-3.8139328440774363,0,,1,,,,,,,,,-5.83005610023176,0,,1,-14.554796100383612,0,,1,0.8419704465857201,0,,1,,,,,,,,,7.606737254420934,0,,1,-0.16959207767161738,0,,1,,,,,7.396061090715923,0,,1,-14.734098834673237,0,,1,-1.9939177135939627,0,,1,-5.176228932368679,0,,1,6.633354701476077,0,,1,-0.21229725284501472,0,,1,-8.125177190136727,0,,1,,,,,,,,,,,,,,,,,,,,,-0.2201312453383274,0,,1,,,,,,,,,-1.8086239756242426,0,,1,0.8893410219948772,0,,1,-1.9113372085184384,0,,1,-4.591113662696359,0,,1,-1.3790364924277223,0,,1,-13.283245074374317,0,,1,b06b16dc814083a7748ca49d032d46153604966ac8d765b6994b7fe3eae11e67,-0.7,2026-07-14T01:30:00+00:00,2026-08-09T01:30:00+00:00,publication,pseudo_real_time,,,,,,,,,,,,,,,,,,,,,,,,,,,,,,,,,-4.775601320176607,0.0,,1.0,,,,,9.515887063909776,0.0,,1.0,6.036532721427961,0.0,,1.0,-2.899054648020602,0.0,,1.0,-15.754147378139491,0.0,,1.0,,,,,-10.684298683291354,0.0,,1.0,,,,,,,,,,,,,-2.5629705491972716,0.0,,1.0,,,,,,,,,,,,,,,,,,,,,,,,,-1.964507558953362,0.0,,1.0,,,,,,,,,-0.8377563042667338,0.0,,1.0,-2.419373115140934,0.0,,1.0,,,,,,,,,-1.7948204528422165,0.0,,1.0,-0.16387028993548763,0.0,,1.0,4.20196188027108,0.0,,1.0,-3.4323214467175194,0.0,,1.0,-1.1617637068717788,0.0,,1.0,-1.067046571886536,0.0,,1.0,4.194862115492529,0.0,,1.0,-3.4340747828278473,0.0,,1.0,-0.6208942739632675,0.0,,1.0
2026-08,2026-08-14T09:30:00+08:00,early,0.49163286000527334,-0.38046194209887263,0.12322099596445506,3.375619347147463,50,0.0,1.0,,,,,0,1.0,-1.0222599891665667,0.0,,1.0,0.005184982042356425,0.0,,1.0,1.1508562762409262,0.0,,1.0,-0.1803865169925727,0.0,,1.0,1.2982642637498925,0.0,,1.0,0.7615378299735374,0.0,,1.0,-1.3166080207306923,0.0,,1.0,,,,,4.766625750262231,0.0,,1.0,-2.654853512304569,0,,1,0.3361927346352867,0,,1,,,,,0.8771303019025064,0,,1,-1.4067712158494727,0,,1,-1.459613921980872,0,,1,,,,,1.0584427267215948,0,,1,,,,,7.448240428198035,0,,1,-0.3302330107183637,0,,1,-0.4306908734793815,0,,1,,,,,-2.815706792803572,0.0,,1.0,,,,,7.40219266095668,0,,1,1.10959615676332,0,,1,,,,,7.2723780336065245,0,,1,,,,,,,,,-4.464007282196709,0,,1,11.106323665127363,0,,1,-0.7658216528935959,0,,1,,,,,,,,,-1.307245756034681,0,,1,-1.5250266682987226,0,,1,,,,,-1.9579092600897137,0,,1,-0.2582371442454606,0,,1,2.9068205485593555,0,,1,2.5162416738172992,0,,1,-3.6100570538665817,0,,1,-0.09641579240722031,0,,1,4.955454520795059,0,,1,,,,,,,,,,,,,,,,,,,,,-0.08109167536723727,0,,1,,,,,,,,,-0.5528750987762298,0,,1,4.67219561006293,0,,1,-1.9290114963851968,0,,1,1.9434449048432267,0,,1,2.2718030979821844,0,,1,2.4998185921072023,0,,1,173d049d4d4bff089b8b0447aa97e064f7157533960a90f191981eff588c6d92,0.4,2026-08-14T01:30:00+00:00,2026-09-09T01:30:00+00:00,publication,pseudo_real_time,,,,,,,,,,,,,,,,,,,,,,,,,,,,,,,,,4.43504191765168,0.0,,1.0,,,,,-4.153286078990799,0.0,,1.0,0.4644055641212802,0.0,,1.0,0.4012061007504744,0.0,,1.0,4.649131819737811,0.0,,1.0,,,,,5.872334141228908,0.0,,1.0,,,,,,,,,,,,,-1.949097130141189,0.0,,1.0,,,,,,,,,,,,,,,,,,,,,,,,,-1.3528811324684233,0.0,,1.0,,,,,,,,,-2.165559755208748,0.0,,1.0,-1.5177826894158126,0.0,,1.0,,,,,,,,,-2.3130061377806754,0.0,,1.0,-0.467652639796693,0.0,,1.0,-0.7962368451640386,0.0,,1.0,-3.366958735473855,0.0,,1.0,-0.7563528850645995,0.0,,1.0,-1.4921999122037828,0.0,,1.0,-0.22236441982196112,0.0,,1.0,-3.8543566169041013,0.0,,1.0,-1.8764551509534704,0.0,,1.0
