target_month,as_of,vintage,global__mean,global__median,global__trimmed_mean,global__std,global__n_products,global__missing_fraction,global__second_window_missing_fraction,twentieth__mean,twentieth__median,twentieth__trimmed_mean,twentieth__std,twentieth__n_products,twentieth__missing_fraction,category__一、黑色金属__mean,category__一、黑色金属__missing,twentieth_category__一、黑色金属__mean,twentieth_category__一、黑色金属__missing,category__七、农产品（主要用于加工）__mean,category__七、农产品（主要用于加工）__missing,twentieth_category__七、农产品（主要用于加工）__mean,twentieth_category__七、农产品（主要用于加工）__missing,category__三、化工产品__mean,category__三、化工产品__missing,twentieth_category__三、化工产品__mean,twentieth_category__三、化工产品__missing,category__九、林产品__mean,category__九、林产品__missing,twentieth_category__九、林产品__mean,twentieth_category__九、林产品__missing,category__二、有色金属__mean,category__二、有色金属__missing,twentieth_category__二、有色金属__mean,twentieth_category__二、有色金属__missing,category__五、煤炭__mean,category__五、煤炭__missing,twentieth_category__五、煤炭__mean,twentieth_category__五、煤炭__missing,category__八、农业生产资料__mean,category__八、农业生产资料__missing,twentieth_category__八、农业生产资料__mean,twentieth_category__八、农业生产资料__missing,category__六、非金属建材__mean,category__六、非金属建材__missing,twentieth_category__六、非金属建材__mean,twentieth_category__六、非金属建材__missing,category__四、石油天然气__mean,category__四、石油天然气__missing,twentieth_category__四、石油天然气__mean,twentieth_category__四、石油天然气__missing,product__农药（草甘膦，95%原药）,missing__农药（草甘膦，95%原药）,twentieth_product__农药（草甘膦，95%原药）,twentieth_missing__农药（草甘膦，95%原药）,product__复合肥（硫酸钾复合肥，氮磷钾含量45%）,missing__复合肥（硫酸钾复合肥，氮磷钾含量45%）,twentieth_product__复合肥（硫酸钾复合肥，氮磷钾含量45%）,twentieth_missing__复合肥（硫酸钾复合肥，氮磷钾含量45%）,product__大同混煤（5800大卡）,missing__大同混煤（5800大卡）,twentieth_product__大同混煤（5800大卡）,twentieth_missing__大同混煤（5800大卡）,product__大豆（黄豆）,missing__大豆（黄豆）,twentieth_product__大豆（黄豆）,twentieth_missing__大豆（黄豆）,product__天然橡胶（标准胶SCRWF）,missing__天然橡胶（标准胶SCRWF）,twentieth_product__天然橡胶（标准胶SCRWF）,twentieth_missing__天然橡胶（标准胶SCRWF）,product__小麦（国标三等）,missing__小麦（国标三等）,twentieth_product__小麦（国标三等）,twentieth_missing__小麦（国标三等）,product__尿素（小颗料）,missing__尿素（小颗料）,twentieth_product__尿素（小颗料）,twentieth_missing__尿素（小颗料）,product__山西优混（5500大卡）,missing__山西优混（5500大卡）,twentieth_product__山西优混（5500大卡）,twentieth_missing__山西优混（5500大卡）,product__山西大混（5000大卡）,missing__山西大混（5000大卡）,twentieth_product__山西大混（5000大卡）,twentieth_missing__山西大混（5000大卡）,product__无烟煤（洗中块）,missing__无烟煤（洗中块）,twentieth_product__无烟煤（洗中块）,twentieth_missing__无烟煤（洗中块）,product__无缝钢管（219*6，20#）,missing__无缝钢管（219*6，20#）,twentieth_product__无缝钢管（219*6，20#）,twentieth_missing__无缝钢管（219*6，20#）,product__普通中板（20mm，Q235）,missing__普通中板（20mm，Q235）,twentieth_product__普通中板（20mm，Q235）,twentieth_missing__普通中板（20mm，Q235）,product__普通混煤（4500大卡）,missing__普通混煤（4500大卡）,twentieth_product__普通混煤（4500大卡）,twentieth_missing__普通混煤（4500大卡）,product__普通硅酸盐水泥（P.O 42.5散装）,missing__普通硅酸盐水泥（P.O 42.5散装）,twentieth_product__普通硅酸盐水泥（P.O 42.5散装）,twentieth_missing__普通硅酸盐水泥（P.O 42.5散装）,product__普通硅酸盐水泥（P.O 42.5袋装）,missing__普通硅酸盐水泥（P.O 42.5袋装）,twentieth_product__普通硅酸盐水泥（P.O 42.5袋装）,twentieth_missing__普通硅酸盐水泥（P.O 42.5袋装）,product__柴油（0#国VI）,missing__柴油（0#国VI）,twentieth_product__柴油（0#国VI）,twentieth_missing__柴油（0#国VI）,product__棉花（皮棉，白棉三级）,missing__棉花（皮棉，白棉三级）,twentieth_product__棉花（皮棉，白棉三级）,twentieth_missing__棉花（皮棉，白棉三级）,product__汽油（92#国VI）,missing__汽油（92#国VI）,twentieth_product__汽油（92#国VI）,twentieth_missing__汽油（92#国VI）,product__汽油（95#国VI）,missing__汽油（95#国VI）,twentieth_product__汽油（95#国VI）,twentieth_missing__汽油（95#国VI）,product__浮法平板玻璃（4.8/5mm）,missing__浮法平板玻璃（4.8/5mm）,twentieth_product__浮法平板玻璃（4.8/5mm）,twentieth_missing__浮法平板玻璃（4.8/5mm）,product__涤纶长丝（FDY150D/96F）,missing__涤纶长丝（FDY150D/96F）,twentieth_product__涤纶长丝（FDY150D/96F）,twentieth_missing__涤纶长丝（FDY150D/96F）,product__液化天然气（LNG）,missing__液化天然气（LNG）,twentieth_product__液化天然气（LNG）,twentieth_missing__液化天然气（LNG）,product__液化石油气（LPG）,missing__液化石油气（LPG）,twentieth_product__液化石油气（LPG）,twentieth_missing__液化石油气（LPG）,product__烧碱（液碱，32%）,missing__烧碱（液碱，32%）,twentieth_product__烧碱（液碱，32%）,twentieth_missing__烧碱（液碱，32%）,product__热轧普通薄板（3mm，Q235）,missing__热轧普通薄板（3mm，Q235）,twentieth_product__热轧普通薄板（3mm，Q235）,twentieth_missing__热轧普通薄板（3mm，Q235）,product__焦炭（二级冶金焦）,missing__焦炭（二级冶金焦）,twentieth_product__焦炭（二级冶金焦）,twentieth_missing__焦炭（二级冶金焦）,product__焦煤（主焦煤）,missing__焦煤（主焦煤）,twentieth_product__焦煤（主焦煤）,twentieth_missing__焦煤（主焦煤）,product__玉米（黄玉米二等）,missing__玉米（黄玉米二等）,twentieth_product__玉米（黄玉米二等）,twentieth_missing__玉米（黄玉米二等）,product__瓦楞纸（高强）,missing__瓦楞纸（高强）,twentieth_product__瓦楞纸（高强）,twentieth_missing__瓦楞纸（高强）,product__生猪（外三元）,missing__生猪（外三元）,twentieth_product__生猪（外三元）,twentieth_missing__生猪（外三元）,product__甲醇（优等品）,missing__甲醇（优等品）,twentieth_product__甲醇（优等品）,twentieth_missing__甲醇（优等品）,product__电解铜（1#）,missing__电解铜（1#）,twentieth_product__电解铜（1#）,twentieth_missing__电解铜（1#）,product__石蜡（58#半）,missing__石蜡（58#半）,twentieth_product__石蜡（58#半）,twentieth_missing__石蜡（58#半）,product__硫酸（98%）,missing__硫酸（98%）,twentieth_product__硫酸（98%）,twentieth_missing__硫酸（98%）,product__稻米（粳稻米）,missing__稻米（粳稻米）,twentieth_product__稻米（粳稻米）,twentieth_missing__稻米（粳稻米）,product__纯苯（石油苯，工业级）,missing__纯苯（石油苯，工业级）,twentieth_product__纯苯（石油苯，工业级）,twentieth_missing__纯苯（石油苯，工业级）,product__纸浆（漂白化学浆）,missing__纸浆（漂白化学浆）,twentieth_product__纸浆（漂白化学浆）,twentieth_missing__纸浆（漂白化学浆）,product__线材（Φ6.5mm，HPB300）,missing__线材（Φ6.5mm，HPB300）,twentieth_product__线材（Φ6.5mm，HPB300）,twentieth_missing__线材（Φ6.5mm，HPB300）,product__聚丙烯（T30S）,missing__聚丙烯（T30S）,twentieth_product__聚丙烯（T30S）,twentieth_missing__聚丙烯（T30S）,product__聚乙烯（LLDPE，7042）,missing__聚乙烯（LLDPE，7042）,twentieth_product__聚乙烯（LLDPE，7042）,twentieth_missing__聚乙烯（LLDPE，7042）,product__聚氯乙烯（SG5）,missing__聚氯乙烯（SG5）,twentieth_product__聚氯乙烯（SG5）,twentieth_missing__聚氯乙烯（SG5）,product__花生（油料花生米）,missing__花生（油料花生米）,twentieth_product__花生（油料花生米）,twentieth_missing__花生（油料花生米）,product__苯乙烯（一级品）,missing__苯乙烯（一级品）,twentieth_product__苯乙烯（一级品）,twentieth_missing__苯乙烯（一级品）,product__螺纹钢（Φ16-25mm，HRB400E）,missing__螺纹钢（Φ16-25mm，HRB400E）,twentieth_product__螺纹钢（Φ16-25mm，HRB400E）,twentieth_missing__螺纹钢（Φ16-25mm，HRB400E）,product__角钢（5#）,missing__角钢（5#）,twentieth_product__角钢（5#）,twentieth_missing__角钢（5#）,product__豆粕（粗蛋白含量≥43%）,missing__豆粕（粗蛋白含量≥43%）,twentieth_product__豆粕（粗蛋白含量≥43%）,twentieth_missing__豆粕（粗蛋白含量≥43%）,product__铅锭（1#）,missing__铅锭（1#）,twentieth_product__铅锭（1#）,twentieth_missing__铅锭（1#）,product__铝锭（A00）,missing__铝锭（A00）,twentieth_product__铝锭（A00）,twentieth_missing__铝锭（A00）,product__锌锭（0#）,missing__锌锭（0#）,twentieth_product__锌锭（0#）,twentieth_missing__锌锭（0#）,product__顺丁胶（BR9000）,missing__顺丁胶（BR9000）,twentieth_product__顺丁胶（BR9000）,twentieth_missing__顺丁胶（BR9000）,feature_hash,target_mom_pct,feature_cutoff,actual_published_at,availability_basis,realtime_status,product__涤纶长丝（POY150D/48F）,missing__涤纶长丝（POY150D/48F）,twentieth_product__涤纶长丝（POY150D/48F）,twentieth_missing__涤纶长丝（POY150D/48F）,product__涤纶长丝（POY150D/48F）注2,missing__涤纶长丝（POY150D/48F）注2,twentieth_product__涤纶长丝（POY150D/48F）注2,twentieth_missing__涤纶长丝（POY150D/48F）注2,product__热轧普通板卷（4.75-11.5mm，Q235）,missing__热轧普通板卷（4.75-11.5mm，Q235）,twentieth_product__热轧普通板卷（4.75-11.5mm，Q235）,twentieth_missing__热轧普通板卷（4.75-11.5mm，Q235）,product__热轧普通板卷（4.75-11.5mm，Q235）注2,missing__热轧普通板卷（4.75-11.5mm，Q235）注2,twentieth_product__热轧普通板卷（4.75-11.5mm，Q235）注2,twentieth_missing__热轧普通板卷（4.75-11.5mm，Q235）注2,product__焦炭（准一级冶金焦）,missing__焦炭（准一级冶金焦）,twentieth_product__焦炭（准一级冶金焦）,twentieth_missing__焦炭（准一级冶金焦）,product__焦炭（准一级冶金焦）注2,missing__焦炭（准一级冶金焦）注2,twentieth_product__焦炭（准一级冶金焦）注2,twentieth_missing__焦炭（准一级冶金焦）注2,product__瓦楞纸（AA级120g）,missing__瓦楞纸（AA级120g）,twentieth_product__瓦楞纸（AA级120g）,twentieth_missing__瓦楞纸（AA级120g）,product__瓦楞纸（AA级120g）注2,missing__瓦楞纸（AA级120g）注2,twentieth_product__瓦楞纸（AA级120g）注2,twentieth_missing__瓦楞纸（AA级120g）注2,product__纸浆（进口针叶浆）,missing__纸浆（进口针叶浆）,twentieth_product__纸浆（进口针叶浆）,twentieth_missing__纸浆（进口针叶浆）,product__纸浆（进口针叶浆）注2,missing__纸浆（进口针叶浆）注2,twentieth_product__纸浆（进口针叶浆）注2,twentieth_missing__纸浆（进口针叶浆）注2,product__聚丙烯（拉丝料）,missing__聚丙烯（拉丝料）,twentieth_product__聚丙烯（拉丝料）,twentieth_missing__聚丙烯（拉丝料）,product__聚丙烯（拉丝料）注2,missing__聚丙烯（拉丝料）注2,twentieth_product__聚丙烯（拉丝料）注2,twentieth_missing__聚丙烯（拉丝料）注2,product__聚乙烯(LLDPE，熔融指数2薄膜料）,missing__聚乙烯(LLDPE，熔融指数2薄膜料）,twentieth_product__聚乙烯(LLDPE，熔融指数2薄膜料）,twentieth_missing__聚乙烯(LLDPE，熔融指数2薄膜料）,product__聚乙烯(LLDPE，熔融指数2薄膜料）注2,missing__聚乙烯(LLDPE，熔融指数2薄膜料）注2,twentieth_product__聚乙烯(LLDPE，熔融指数2薄膜料）注2,twentieth_missing__聚乙烯(LLDPE，熔融指数2薄膜料）注2,product__尿素（小颗粒）,missing__尿素（小颗粒）,twentieth_product__尿素（小颗粒）,twentieth_missing__尿素（小颗粒）,product__聚乙烯（LLDPE，熔融指数2薄膜料）,missing__聚乙烯（LLDPE，熔融指数2薄膜料）,twentieth_product__聚乙烯（LLDPE，熔融指数2薄膜料）,twentieth_missing__聚乙烯（LLDPE，熔融指数2薄膜料）,product__线材（Φ8-10mm，HPB300）,missing__线材（Φ8-10mm，HPB300）,twentieth_product__线材（Φ8-10mm，HPB300）,twentieth_missing__线材（Φ8-10mm，HPB300）,product__线材（Φ8-10mm，HPB300）注1,missing__线材（Φ8-10mm，HPB300）注1,twentieth_product__线材（Φ8-10mm，HPB300）注1,twentieth_missing__线材（Φ8-10mm，HPB300）注1,product__螺纹钢（Φ20mm，HRB400E）,missing__螺纹钢（Φ20mm，HRB400E）,twentieth_product__螺纹钢（Φ20mm，HRB400E）,twentieth_missing__螺纹钢（Φ20mm，HRB400E）,product__螺纹钢（Φ20mm，HRB400E）注1,missing__螺纹钢（Φ20mm，HRB400E）注1,twentieth_product__螺纹钢（Φ20mm，HRB400E）注1,twentieth_missing__螺纹钢（Φ20mm，HRB400E）注1,category__七、农产品__mean,category__七、农产品__missing,twentieth_category__七、农产品__mean,twentieth_category__七、农产品__missing,"product__无缝钢管（219*6,20#）","missing__无缝钢管（219*6,20#）","twentieth_product__无缝钢管（219*6,20#）","twentieth_missing__无缝钢管（219*6,20#）","product__普通中板（20mm,Q235）","missing__普通中板（20mm,Q235）","twentieth_product__普通中板（20mm,Q235）","twentieth_missing__普通中板（20mm,Q235）",product__普通硅酸盐水泥（P.O42.5散装）,missing__普通硅酸盐水泥（P.O42.5散装）,twentieth_product__普通硅酸盐水泥（P.O42.5散装）,twentieth_missing__普通硅酸盐水泥（P.O42.5散装）,product__普通硅酸盐水泥（P.O42.5袋装）,missing__普通硅酸盐水泥（P.O42.5袋装）,twentieth_product__普通硅酸盐水泥（P.O42.5袋装）,twentieth_missing__普通硅酸盐水泥（P.O42.5袋装）,product__烧碱（液碱，32%),missing__烧碱（液碱，32%),twentieth_product__烧碱（液碱，32%),twentieth_missing__烧碱（液碱，32%),product__热轧普通板卷（4.75—11.5mm，Q235）,missing__热轧普通板卷（4.75—11.5mm，Q235）,twentieth_product__热轧普通板卷（4.75—11.5mm，Q235）,twentieth_missing__热轧普通板卷（4.75—11.5mm，Q235）,"product__线材（Φ8—10mm,HPB300）","missing__线材（Φ8—10mm,HPB300）","twentieth_product__线材（Φ8—10mm,HPB300）","twentieth_missing__线材（Φ8—10mm,HPB300）","product__螺纹钢（Φ20mm,HRB400E）","missing__螺纹钢（Φ20mm,HRB400E）","twentieth_product__螺纹钢（Φ20mm,HRB400E）","twentieth_missing__螺纹钢（Φ20mm,HRB400E）",product__尿素（中小颗粒）,missing__尿素（中小颗粒）,twentieth_product__尿素（中小颗粒）,twentieth_missing__尿素（中小颗粒）,product__线材（Φ8—10mm，HPB300）,missing__线材（Φ8—10mm，HPB300）,twentieth_product__线材（Φ8—10mm，HPB300）,twentieth_missing__线材（Φ8—10mm，HPB300）,category__九、林业__mean,category__九、林业__missing,twentieth_category__九、林业__mean,twentieth_category__九、林业__missing,category__八、农资__mean,category__八、农资__missing,twentieth_category__八、农资__mean,twentieth_category__八、农资__missing,category__六、非金属矿物制品__mean,category__六、非金属矿物制品__missing,twentieth_category__六、非金属矿物制品__mean,twentieth_category__六、非金属矿物制品__missing,product__乙醇（95.0%）,missing__乙醇（95.0%）,twentieth_product__乙醇（95.0%）,twentieth_missing__乙醇（95.0%）,product__冰醋酸（99.5%及以上）,missing__冰醋酸（99.5%及以上）,twentieth_product__冰醋酸（99.5%及以上）,twentieth_missing__冰醋酸（99.5%及以上）,product__多晶硅（致密料）,missing__多晶硅（致密料）,twentieth_product__多晶硅（致密料）,twentieth_missing__多晶硅（致密料）,product__浮法平板玻璃（5/6mm）,missing__浮法平板玻璃（5/6mm）,twentieth_product__浮法平板玻璃（5/6mm）,twentieth_missing__浮法平板玻璃（5/6mm）,product__白糖（国标一级白砂糖）,missing__白糖（国标一级白砂糖）,twentieth_product__白糖（国标一级白砂糖）,twentieth_missing__白糖（国标一级白砂糖）,product__磷肥（55%磷酸一铵）,missing__磷肥（55%磷酸一铵）,twentieth_product__磷肥（55%磷酸一铵）,twentieth_missing__磷肥（55%磷酸一铵）,product__磷酸铁锂（普通动力型）,missing__磷酸铁锂（普通动力型）,twentieth_product__磷酸铁锂（普通动力型）,twentieth_missing__磷酸铁锂（普通动力型）,product__钾肥（港口62%白色氯化钾）,missing__钾肥（港口62%白色氯化钾）,twentieth_product__钾肥（港口62%白色氯化钾）,twentieth_missing__钾肥（港口62%白色氯化钾）
2021-10,2021-10-25T09:30:00+08:00,final,,,,,0,1.0,0.0,,,,,0,1.0,,1.0,,1.0,,1.0,,1.0,,1.0,,1.0,,1.0,,1.0,,1.0,,1.0,,1.0,,1.0,,1.0,,1.0,,1.0,,1.0,,1.0,,1.0,,1,,1,,1,,1,,1.0,,1.0,,1,,1,,1,,1,,1,,1,,1.0,,1.0,,1,,1,,1.0,,1.0,,1,,1,,1,,1,,1,,1,,1.0,,1.0,,1,,1,,1.0,,1.0,,1,,1,,1,,1,,1.0,,1.0,,1,,1,,1.0,,1.0,,1.0,,1.0,,1,,1,,1,,1,,1,,1,,1.0,,1.0,,1.0,,1.0,,1,,1,,1,,1,,1.0,,1.0,,1,,1,,1,,1,,1,,1,,1,,1,,1,,1,,1,,1,,1,,1,,1.0,,1.0,,1.0,,1.0,,1.0,,1.0,,1.0,,1.0,,1.0,,1.0,,1,,1,,1.0,,1.0,,1.0,,1.0,,1,,1,,1,,1,,1,,1,,1,,1,,1,,1,,1,,1,203aa026363dbe6a409f88f3eea5cf6c9a62ddf143aea15cb9c6aa028cc20ccb,2.5,2021-10-25T01:30:00+00:00,2021-11-10T01:30:00+00:00,publication,pseudo_real_time,,,,,,,,,,,,,,,,,,,,,,,,,,,,,,,,,,,,,,,,,,,,,,,,,,,,,,,,,,,,,,,,,,,,,,,,,,,,,,,,,,,,,,,,,,,,,,,,,,,,,,,,,,,,,,,,,,,,,,,,,,,,,,,,,,,,,,,,,,,,,,,,,,,,,,,,,,,,,,,,,,,,,,,,
2021-11,2021-11-24T09:30:00+08:00,final,-4.1531768055484495,-4.3683082392545325,-4.348826182025559,12.60752589626925,50,0.0,0.0,-10.162541862065048,-8.127278812261576,-9.846305329595523,15.736679978569514,50,0.0,-10.245272883399636,0.0,-14.215826516971196,0.0,7.242838763714966,0.0,6.6613796992630405,0.0,-10.720118358836817,0.0,-17.55806598052299,0.0,1.3331017281444433,0.0,-0.4989515477397927,0.0,-3.2815037610718223,0.0,-7.473627358626393,0.0,-16.57254639907361,0.0,-32.80481619662006,0.0,-0.3363430378719248,0.0,-4.808954950788391,0.0,-3.167531975202549,0.0,-9.662798175838734,0.0,6.452905032369409,0.0,0.6496375072745179,0.0,7.1921878162189685,0,2.004811547714534,0,1.9004169217343916,0,2.0297152803680856,0,-13.973526407749592,0.0,-33.085225158168996,0.0,4.147696021406026,0,4.307366544076631,0,1.7370831429885172,0,-1.5445296106948732,0,5.922617130910381,0,7.17974029918748,0,-10.101633851569135,0.0,-18.461391680447793,0.0,-17.41827236336906,0,-35.263100076897715,0,-25.003142516116426,0.0,-43.04308286915993,0.0,-5.185638768821602,0,-27.21489706222533,0,-4.073858604157985,0,-7.590010724682084,0,-7.452345326560746,0,-11.712201839541619,0,-25.689293930831624,0.0,-43.83992805755397,0.0,0.9512911023115517,0,-4.965114392341336,0,7.989538154003624,0.0,-1.2468078714135415,0.0,4.455432298997495,0,-1.5236710910505151,0,7.89762537308365,0,4.559228267215336,0,4.308922109064372,0.0,-3.1976274550531167,0.0,4.334982237366654,0,-3.123491846148565,0,-18.443425181922823,0.0,-22.776472263761324,0.0,-0.609973614211439,0.0,-9.267407880151826,0.0,20.31768041034458,0,17.585153864223578,0,-0.2794269924646036,0,-10.935443511041079,0,-9.903993754201236,0,-33.228918681869466,0,-12.30677613473258,0.0,-16.79653971085706,0.0,-11.944281712901576,0.0,-20.619187469407702,0.0,-16.793669093725363,0,-26.568292682926796,0,4.483623566469191,0,5.754852052179373,0,8.532230853267842,0.0,5.384378708628231,0.0,44.45918856072076,0,38.28124999999999,0,-22.219859311393545,0,-32.48064540375319,0,0.5225382839204767,0,-2.0454048523702006,0,5.579840130907955,0,5.092905082716805,0,-26.482016457728076,0,-29.828349346863853,0,-0.8201316916667293,0,-0.05723949525173333,0,-9.480470695113837,0,-14.904209135522894,0,-6.27000881182303,0.0,-5.336703741152736,0.0,-15.093444332332185,0.0,-18.76343996399343,0.0,-8.644423718284258,0.0,-10.833703061348073,0.0,-5.448784910125718,0.0,-6.899402390438332,0.0,-23.507744131750858,0.0,-29.232566024940702,0.0,-1.086115761747725,0,-0.6048362708214696,0,-4.66275787435108,0.0,-9.503106863810581,0.0,-15.47109059009425,0.0,-19.53507766079442,0.0,-7.074122312520075,0,-10.897689201958576,0,-7.06179308945583,0,-6.129323802481281,0,3.8702070628210428,0,0.30621958607111593,0,-15.39796393957064,0,-19.49077726836542,0,-2.1207964514581694,0,-8.664546899841067,0,3.75884087879189,0,0.5976489834690418,0,4b8dc919763606f616f4caccec7baf495e936c083b40ded013c117d9a09d5443,1.0,2021-11-24T01:30:00+00:00,2021-12-09T01:30:00+00:00,publication,pseudo_real_time,,,,,,,,,,,,,,,,,,,,,,,,,,,,,,,,,,,,,,,,,,,,,,,,,,,,,,,,,,,,,,,,,,,,,,,,,,,,,,,,,,,,,,,,,,,,,,,,,,,,,,,,,,,,,,,,,,,,,,,,,,,,,,,,,,,,,,,,,,,,,,,,,,,,,,,,,,,,,,,,,,,,,,,,
2021-12,2021-12-24T09:30:00+08:00,final,-7.0592253877560935,-5.074798410690029,-5.4768457256437255,9.228343925857487,50,0.0,0.0,-5.123948198488417,-3.5720293112314776,-3.801691945555521,8.590373884643201,50,0.0,-4.636829681483825,0.0,-0.1080029705075465,0.0,-0.05430218256999386,0.0,-1.8463958901654993,0.0,-11.042712827630444,0.0,-8.412724377318575,0.0,1.527595156581884,0.0,1.9249954148914459,0.0,-1.267593175694865,0.0,0.9066604695672691,0.0,-17.635720332869983,0.0,-11.733991802567504,0.0,-2.8087033778044006,0.0,-0.8778693797026554,0.0,-9.52704428292378,0.0,-6.855963439267874,0.0,-8.888978836121527,0.0,-10.11886137582086,0.0,0.34637081543517295,0,0.9433962264150771,0,0.07762238236234065,0,-0.30464584920024756,0,-11.401116171701718,0.0,-8.36643890036549,0.0,0.021846953448659657,0,-1.456630518012032,0,0.9375621600457642,0,-0.3552046638006612,0,2.260858824972795,0,0.2692266817811403,0,-8.850103331210715,0.0,-3.2723585163227957,0.0,-11.9732463452291,0,-8.934328864754788,0,-13.30187786524688,0.0,-7.5241991817183385,0.0,-3.6881458376183134,0,5.100905768314018,0,-5.903756377004195,0,-3.4766894356390043,0,-5.160161432691983,0,-1.1303678028113981,0,-13.335371587463388,0.0,-8.303785885851498,0.0,-10.186176110222437,0,-11.06368448010935,0,-11.248726112221608,0.0,-12.169151201703707,0.0,-5.155650835097138,0,-4.526503871352018,0,-0.9959141828878106,0,-2.1748956422323182,0,-6.784154735425268,0.0,-4.9554758186608305,0.0,-6.734255188105988,0,-4.87163445942821,0,-7.146230626327293,0.0,2.664945364009436,0.0,-11.606672793603673,0.0,-8.68256083715886,0.0,-24.040660353265025,0,-37.169037344840355,0,-11.482130416795458,0,-9.322605951142982,0,-33.00461259125915,0,-20.04128354287854,0,-5.844911436127748,0.0,-0.2993709165200742,0.0,-29.970930931281224,0.0,-23.585632804069707,0.0,-39.77935359154923,0,-30.52446274952672,0,0.4869452472760067,0,-0.9965777894776274,0,-4.993945986282921,0.0,-5.486736736736686,0.0,0.5799906241258692,0,-7.909604519773983,0,-9.44936685053251,0,-4.779398122379306,0,-2.243398389828557,0,-3.0427464176765042,0,0.8629785119597068,0,0.1320891904992466,0,-21.162587675197088,0,-17.446153846153866,0,0.3512081903039625,0,0.01822299742270068,0,-11.313050536639157,0,-6.9162946738014615,0,8.639169295982809,0.0,11.616927645211685,0.0,-3.581292386615094,0.0,1.6374941005067554,0.0,-3.8592815731539027,0.0,-3.2659338671007796,0.0,-2.525580306232484,0.0,-3.667369186823951,0.0,-8.568602265456693,0.0,-8.350812934549975,0.0,-2.762833852855791,0,-4.192680759915846,0,-10.307509671764725,0.0,-6.605633483650353,0.0,-3.197625648202577,0.0,2.6903312173425813,0.0,-4.133230808261347,0,-0.06941498592413808,0,-0.37651926494364213,0,1.6717724288839706,0,-0.044453469166655914,0,2.563728190391464,0,-2.4475090048401653,0,1.6326400881476582,0,-0.3350118389440816,0,2.4730200174064585,0,1.3701359875349435,0,-4.371803278688654,0,18bf5f4b57f5876583041780f16d5de63a8086e7cd75c0eb3c37583bf35fe1ed,-1.2,2021-12-24T01:30:00+00:00,2022-01-12T01:30:00+00:00,publication,pseudo_real_time,,,,,,,,,,,,,,,,,,,,,,,,,,,,,,,,,,,,,,,,,,,,,,,,,,,,,,,,,,,,,,,,,,,,,,,,,,,,,,,,,,,,,,,,,,,,,,,,,,,,,,,,,,,,,,,,,,,,,,,,,,,,,,,,,,,,,,,,,,,,,,,,,,,,,,,,,,,,,,,,,,,,,,,,
2022-01,2022-01-24T09:30:00+08:00,final,-2.6753565762975096,-1.0036782965865485,-2.428889672249845,8.727788009883628,43,0.328125,0.21875,-0.7326157403894666,-0.4915159290915667,-1.180910610162116,7.9052513428754985,43,0.328125,-1.1471869898696219,0.375,-1.5750760907262424,0.375,-2.0793731532031354,0.0,-1.9593379908888575,0.0,-1.0400545255387217,0.5625,-0.06421161797156597,0.5625,0.06949028554094834,0.8571428571428571,2.8532369024519064,0.8571428571428571,3.6463294835833313,0.0,4.692287149890563,0.0,-10.25857113911155,0.3333333333333333,-3.5852170381579858,0.3333333333333333,-0.137114471644287,0.0,0.13312313670319384,0.0,-8.05604226468805,0.0,-8.58815431806365,0.0,-2.318823683876101,0.0,2.9585165234685165,0.0,-1.8345384706115309,0,-2.9595015576324037,0,-0.08616983543315483,0,0.0,0,-20.51843093256106,0.0,-12.47723922656719,0.0,-0.8320749351379056,0,-0.4915159290915667,0,0.06949028554094834,0,2.8532369024519064,0,0.7809869624311653,0,1.2259318141670876,0,1.5093648911118247,0.0,3.3588709677419852,0.0,-20.87536604767267,0,-12.596664492686132,0,-18.39163576739508,0.0,-10.024819251106114,0.0,-0.7028872399766573,0,-0.9676443906864267,0,-1.1914419819556554,0,-1.180027138906449,0,-1.6465096874359986,0,-2.323588415168689,0,-22.93823421001731,0.0,-12.523387800923091,0.0,-9.294487781128447,0,-8.830869648684908,0,-10.898142664586231,0.0,-9.577416002771015,0.0,-1.1297153399503688,0,0.5858580379180731,0,1.217686672214293,0,1.8463657036211902,0,-1.5061746556540896,0.0,2.0770099084410263,0.0,-1.5314896139981966,0,1.9790283884011648,0,-3.975496348349476,0.0,-7.356177302735026,0.0,,1.0,,1.0,-13.03071393798805,0,4.004154654909301,0,3.153733138547411,0,9.039695793010578,0,11.398336615597733,0,10.373151842290511,0,,1.0,,1.0,,1.0,,1.0,21.875127362953474,0,27.078452933021037,0,-0.6043791681093313,0,-0.36465851249717984,0,,1.0,,1.0,-13.776229139802618,0,-14.110429447852798,0,-7.76125313468927,0,-6.441681929776713,0,0.7045114316916605,0,2.533146647399711,0,0.13141830578668612,0,0.06535235813095928,0,-11.167401518367548,0,-11.572866194558282,0,-0.8449442042437234,0,-1.0072878709005666,0,10.127118903673358,0,12.480452751507968,0,,1.0,,1.0,-1.471844000260864,0.0,-1.976539944680979,0.0,,1.0,,1.0,,1.0,,1.0,-3.810911895848708,0.0,-0.2811468934429937,0.0,-6.368467532913638,0,-6.7389039912603295,0,3.223083984014968,0.0,3.792400640559107,0.0,-1.0036782965865485,0.0,-1.6021867115223163,0.0,-0.422460983109044,0,-0.7930382433527795,0,3.7924361199366783,0,3.9657943067033017,0,-0.20756029876785512,0,-0.896843576503522,0,9.29388982337323,0,11.605057960136694,0,4.79447697803629,0,5.52778756852937,0,-9.289354633151587,0,-8.799791542380563,0,9ed64a5577c16adaa563f2e2fab3325432bba0417ff52dfc2b4712976d3e8e49,-0.2,2022-01-24T01:30:00+00:00,2022-02-16T01:30:00+00:00,publication,pseudo_real_time,,1.0,,1.0,,1.0,,1.0,,1.0,,1.0,,1.0,,1.0,,1.0,,1.0,,1.0,,1.0,,1.0,,1.0,,1.0,,1.0,,1.0,,1.0,,1.0,,1.0,,1.0,,1.0,,1.0,,1.0,,1.0,,1.0,,1.0,,1.0,,,,,,,,,,,,,,,,,,,,,,,,,,,,,,,,,,,,,,,,,,,,,,,,,,,,,,,,,,,,,,,,,,,,,,,,,,,,,,,,,,,,,,,,,,,,,,,,,,,,,,,,,,,,,,,,
2022-03,2022-03-24T09:30:00+08:00,final,,,,,0,1.0,0.0196078431372549,8.009299151744823,2.5087234885654164,5.454857951843354,15.370793364906326,50,0.019607843137254943,,1.0,0.23472498589638735,0.0,,1.0,3.9828769517136204,0.0,,1.0,6.4446669797047615,0.0,,1.0,-0.08626472074101994,0.0,,1.0,-0.8879230855621194,0.0,,1.0,34.219180237181256,0.0,,1.0,-1.130339448209652,0.25,,1.0,-1.5759190433561505,0.0,,1.0,12.523653763334407,0.0,,1,-14.254342105263143,0,,1,4.03912716328066,0,,1.0,47.868603436817594,0.0,,1,-0.19166094094669908,0,,1,-4.7199710404030615,0,,1,11.886556374252775,0,,1.0,,1.0,,1,49.238474905448285,0,,1.0,45.369856936896994,0.0,,1,-12.161219342027554,0,,1,1.6323826671875237,0,,1,-0.38541187298669904,0,,1.0,48.38709677419356,0.0,,1,2.297383535417947,0,,1.0,-0.6375579598145831,0.0,,1,10.688561634162422,0,,1,-0.3639083848540615,0,,1.0,7.549987291366632,0.0,,1,8.224407052439474,0,,1.0,-6.387582705671815,0.0,,,,,,1,24.2801593173911,0,,1,16.46222445069211,0,,1,-5.883947939262535,0,,,,,,,,,,1,34.52258286106827,0,,1,3.2996658566221115,0,,,,,,1,-3.252032520325225,0,,1,12.322256109636728,0,,1,0.9221897993661278,0,,1,7.936582833954704,0,,1,34.81367059277864,0,,1,-1.1231817344871653,0,,1,5.20359381208106,0,,,,,,1.0,-0.7086707956169754,0.0,,,,,,,,,,1.0,2.7200634417128855,0.0,,1,3.13486018931567,0,,1.0,7.271025296897311,0.0,,1.0,-0.360457408021142,0.0,,1,-0.46097570079502326,0,,1,18.47271677413156,0,,1,-1.4457563223205667,0,,1,-3.232635312964791,0,,1,0.20450949367075258,0,,1,0.4474354843433821,0,18d60e533a12219b18ca1b09d5509ec93b7fad8b51fe405fbb3b427e3a57b42b,1.1,2022-03-24T01:30:00+00:00,2022-04-11T01:30:00+00:00,publication,pseudo_real_time,,1.0,0.5565547076265963,0.0,,,,,,1.0,1.6914830256106406,0.0,,,,,,1.0,26.308866087871596,0.0,,,,,,1.0,-4.083399098800893,0.0,,,,,,1.0,8.544575976980894,0.0,,,,,,1.0,4.8967091182138756,0.0,,,,,,1.0,2.0993091730196687,0.0,,,,,,1.0,6.824196597353528,0.0,,,,,,,,,,,,,,,,,,,,,,,,,,,,,,,,,,,,,,,,,,,,,,,,,,,,,,,,,,,,,,,,,,,,,,,,,,,,,,,,,,,,,,,,,,,,,,,,,,,,,,,,,,,,
2022-04,2022-04-24T09:30:00+08:00,final,1.7405529437248837,1.385615291379311,1.0622828945523626,7.854162088754292,50,0.0,0.0,-0.32730083689927836,0.7978744575109235,-0.07916002237571718,9.973841733036181,50,0.0,2.8889794291344537,0.0,3.0855243630441023,0.0,1.3558752234275855,0.0,0.8333790919262574,0.0,7.011491810999997,0.0,6.016683332621105,0.0,0.32625346343342926,0.0,0.9926627425530284,0.0,2.609585244960282,0.0,3.5441485535472306,0.0,0.279404771259955,0.0,-11.107068130501082,0.0,1.0514698281683454,0.0,1.7294116925163634,0.0,-3.737521179935314,0.0,-3.1683196058395455,0.0,-2.7638216666072317,0.0,-6.13340597887009,0.0,-6.54132177373232,0,-1.2148842890616773,0,4.299446719289643,0,4.290218994995135,0,-1.9176277401214037,0.0,-19.1011235955056,0.0,0.776569332066608,0,1.5996376811593767,0,-1.4517831242475858,0,-0.5032099990695107,0,1.600772355804286,0,-0.9629721669981091,0,,,,,-1.6491676747922734,0,-19.047945205479426,0,-8.772084483435476,0.0,-25.137320720170898,0.0,1.2821947315975424,0,2.3400745402333585,0,3.3360773512703856,0,3.7939564112849786,0,1.8396164511185804,0,2.2136243768166284,0,-9.969937859877485,0.0,-26.304347826087003,0.0,-0.2384682003258856,0,-1.1644832605530886,0,0.9863697474871921,0.0,0.5055415127357816,0.0,1.8815705701620118,0,-2.112234955690704,0,-0.6468430762669483,0,-1.3258077622908078,0,-6.932170209692551,0.0,-12.127657479345649,0.0,-7.025942268908017,0,-12.373335366958143,0,-11.960465086967249,0.0,-8.846017069701329,0.0,,,,,-3.226505408506285,0,-2.824787190920013,0,-4.462050238986824,0,-8.455317055169418,0,15.956948878536984,0,26.005954095841737,0,,,,,,,,,8.757564951902989,0,0.5744741965339948,0,1.3997207995907475,0,0.43741959198676306,0,,,,,4.306620651953216,0,9.243697478991596,0,1.3715097831678744,0,-2.4331758234007923,0,2.9596911163189783,0,3.3165245180434004,0,3.1821675562882725,0,1.0928961748633939,0,42.356817210740324,0,33.57204239472928,0,-0.4182228110958905,0,-0.013301409949442096,0,2.9542396716862003,0,2.205085096792303,0,,,,,3.083457240469478,0.0,3.1827905395949188,0.0,,,,,,,,,2.9588415763651157,0.0,1.0212747184878521,0.0,7.371088729033754,0,5.961784447404136,0,1.9939756541212366,0.0,1.3604726959227342,0.0,3.4962370469850588,0.0,3.7964156513783545,0.0,2.528787264046325,0,2.900534358301219,0,-3.542704193665089,0,-8.273425124893453,0,1.040884168440382,0,1.9165510050934587,0,-1.4629431032226015,0,-2.073507406683163,0,7.900708798304368,0,11.017026097735226,0,5.141552007893949,0,4.138750574117788,0,9bbea46bad3a515b09fd438f88851fb0a79cc057150aadf9168c3fa18931d3bb,0.6,2022-04-24T01:30:00+00:00,2022-05-11T01:30:00+00:00,publication,pseudo_real_time,-3.0387054949170955,0.0,-4.002416918429012,0.0,,,,,3.049701220916895,0.0,2.6258248408885136,0.0,,,,,14.224891473545792,0.0,8.926711696968006,0.0,,,,,-0.2655989791591404,0.0,1.189054330227995,0.0,,,,,2.696142493707014,0.0,2.292143896500601,0.0,,,,,-0.01890126620743409,0.0,-1.2467872119762906,0.0,,,,,0.43864008861281806,0.0,-0.45436629587454713,0.0,,,,,5.396284538947714,0.0,2.112900371615633,0.0,,,,,,,,,,,,,,,,,,,,,,,,,,,,,,,,,,,,,,,,,,,,,,,,,,,,,,,,,,,,,,,,,,,,,,,,,,,,,,,,,,,,,,,,,,,,,,,,,,,,,,,,,,,,
2022-05,2022-05-24T09:30:00+08:00,final,-0.21352358829789606,-1.2382746837183105,-0.6043853161893532,4.547869151800857,49,0.039215686274509776,0.0196078431372549,0.6375922752680894,-0.8607109426725292,0.14451110354528582,5.8979405872677715,49,0.039215686274509776,-1.846369849940323,0.0,-3.257889367495201,0.0,2.483283558791814,0.0,2.862834545799106,0.0,-0.013333144642495477,0.18181818181818182,-0.05917717855513752,0.18181818181818182,0.07874032654253815,0.0,0.36152207928040997,0.0,-3.373461201504483,0.0,-5.202010480969895,0.0,-1.7745687006725124,0.0,4.007323343809084,0.0,5.998690847403494,0.0,7.321523763375033,0.0,-2.078757085895854,0.0,-2.784921292559686,0.0,-0.8684839081553392,0.0,1.0802801334399474,0.0,1.78708566209199,0,1.3037669902912443,0,9.740978842361061,0,10.460471567267696,0,-5.365575073496395,0.0,6.238095238095235,0.0,2.9488804193585008,0,3.065099941158679,0,-3.1850054962655197,0,-1.940415981546712,0,2.8555942378843806,0,2.220688789912841,0,,,,,-4.944105349306136,0,6.007276419324732,0,-3.027650263359103,0.0,11.00580862121673,0.0,3.3319250496152364,0,5.7552238805970175,0,0.04724596879334985,0,-1.7889923029854495,0,-1.2666993824357111,0,-2.201465132483345,0,-1.2382746837183105,0.0,13.699115044247845,0.0,-3.35512406459103,0,-4.397222806648407,0,-1.248061393960358,0.0,-1.4509576320371858,0.0,0.5644956743036375,0,2.1921768909007855,0,-1.8556062427384932,0,-1.4358221514058818,0,-2.4016006169133544,0.0,0.9872586483184174,0.0,-2.473664364311988,0,0.9279505673227997,0,-1.6330857991361734,0.0,-2.5065834389934647,0.0,,,,,-3.3260410724981564,0,-3.27450009124811,0,2.056560555165125,0,5.185011001562005,0,1.8384812709320457,0,-4.0012194192515285,0,,,,,,,,,-2.579926258515689,0,-8.018912829625902,0,1.5168152769111738,0,1.9653052261747832,0,,,,,19.333256708457117,0,19.230769230769223,0,-6.661300140094009,0,-5.356368367789479,0,-2.0472576265541744,0,-3.7819626999174933,0,0.3693463753227013,0,0.4637837837837863,0,2.231055163175021,0,0.16084066051898693,0,0.2610196770661327,0,0.13835306638282657,0,5.345420008421126,0,8.260522332018123,0,,,,,-1.586460453414396,0.0,-2.9412334579838375,0.0,,,,,,,,,-3.6563283616490208,0.0,-3.7250128279311747,0.0,2.2151696828727125,0,3.5542723448739504,0,3.4792945537781277,0.0,4.820139407518116,0.0,-1.763324093992481,0.0,-3.4772854739203316,0.0,-2.58704035705244,0,-3.9411829014977586,0,-7.408861289477017,0,-5.835990081473576,0,-1.1165193618607645,0,-2.8657253256357142,0,-7.1347849567627355,0,-5.5715015558960745,0,-3.1952828608402575,0,-8.588852342430295,0,-5.234308392655668,0,-5.708325165915208,0,1b645e0616027f2104762ddb8d51669ae446cff44f477606ffadec3690413ba7,0.1,2022-05-24T01:30:00+00:00,2022-06-10T01:30:00+00:00,publication,pseudo_real_time,3.7604661155913037,0.0,5.877539716508455,0.0,,,,,-3.921940781540261,0.0,-5.197176936100485,0.0,,,,,1.401625674072812,0.0,-6.635342967192064,0.0,,,,,-0.5732465047873635,0.0,-1.253770491803313,0.0,,,,,3.9944729806804977,0.0,4.278752711191255,0.0,,,,,-1.222778519281384,0.0,-0.8607109426725292,0.0,,,,,,1.0,,1.0,,,,,6.46800803775743,0.0,10.200332732566162,0.0,,1.0,,1.0,,,,,,,,,,,,,,,,,,,,,,,,,,,,,,,,,,,,,,,,,,,,,,,,,,,,,,,,,,,,,,,,,,,,,,,,,,,,,,,,,,,,,,,,,,,,,,,,,,,,,,,,
2022-06,2022-06-24T09:30:00+08:00,final,0.0752003519043937,-0.06927231945590918,0.1762479736429429,5.856902833692951,50,0.0,0.0,-0.04953766598937282,0.0515208868564826,0.028561817572161762,5.801469995399227,50,0.0,-4.672764193253624,0.0,-5.023671626047999,0.0,1.2145587966188194,0.0,0.5293461032695671,0.0,2.4477171842898033,0.0,2.5137617461249016,0.0,-0.4227244883528995,0.0,-1.3598369672923571,0.0,-1.4262312535652517,0.0,-0.6423154391471586,0.0,3.2533379547459726,0.0,3.9104341690971043,0.0,2.9539472273992633,0.0,1.6978104646489252,0.0,-9.690523155311325,0.0,-11.215142618619472,0.0,0.33540351978782007,0.0,1.0200816843519045,0.0,0.5585563440983521,0,0.05474259479902769,0,5.0113590002372,0,5.095301474096647,0,6.226461885105448,0.0,5.147168683699396,0.0,7.432466791066848,0,5.780076813950925,0,2.5031334250919124,0,0.7176177950141781,0,-2.6832331498373283,0,-3.2065050629026537,0,,,,,5.998623232400265,0,5.156037991858939,0,6.122158476045585,0.0,4.424860001836074,0.0,14.072854518808068,0,12.340521621316489,0,-3.545182200848766,0,-3.4398517814103795,0,-3.56989844499922,0,-4.05530308865442,0,8.212702638100417,0.0,5.209630552096322,0.0,-9.581577944650958,0,-11.509683098591603,0,-10.981311860132422,0.0,-12.661955241460532,0.0,2.559360449718738,0,2.801451745689406,0,-5.080776135749069,0,-6.364148253094609,0,5.278163850053796,0.0,8.323531369981527,0.0,5.084390790890355,0,7.938475467793313,0,-8.508679661150593,0.0,-9.473789515806281,0.0,,,,,-10.759862050694869,0,-11.608851513436228,0,-1.7298505375160058,0,-3.3980582524270426,0,-4.690085096821286,0,-4.564941251190908,0,,,,,,,,,-5.930547457048054,0,0.048299178913937514,0,0.8042164681373605,0,0.6065826782958167,0,,,,,6.294422986377317,0,5.806451612903244,0,-0.12343639744535273,0,1.2258458718398888,0,-1.3156298494058045,0,-1.3947261482623012,0,1.5802186162749061,0,2.063941288510452,0,0.907691729973439,0,-0.8029118938015257,0,-0.14410089553379413,0,-0.1514467146689435,0,8.456775466295285,0,7.4925954879270575,0,,,,,-4.492287443455359,0.0,-4.906873215818424,0.0,,,,,,,,,-4.9404482905914895,0.0,-6.410387254068089,0.0,2.9620842391480933,0,1.150102151183828,0,7.2378897769842885,0.0,7.658205927465259,0.0,-5.920764022760524,0.0,-6.561799618162264,0.0,-5.327837986007189,0,-5.802462110434549,0,0.13139006934112796,0,0.6136556004889304,0,-1.6665731248614986,0,-0.21533363296685337,0,-0.792057077188528,0,-1.7613150102796946,0,-1.9306649628051755,0,0.8021130349202148,0,6.826088480712694,0,8.129037048036077,0,1b17a6c15cca190412d726bc95119f4086d684ecb3c9804b3215ecaf89ee4207,0.2,2022-06-24T01:30:00+00:00,2022-07-09T01:30:00+00:00,publication,pseudo_real_time,10.29561836205011,0.0,11.465157477974397,0.0,,,,,-5.180615061450686,0.0,-5.37573994180796,0.0,,,,,-11.928887610189925,0.0,-4.953478846041429,0.0,,,,,-3.300592677972305,0.0,-3.046723510505474,0.0,,,,,-0.47071421217830584,0.0,-1.750405186385776,0.0,,,,,0.5221860532068092,0.0,0.599898673544579,0.0,,,,,,,,,,,,,3.291926337862238,0.0,-0.05661267494889939,0.0,-0.015108241466465635,0.0,0.34511737352227845,0.0,,,,,,,,,,,,,,,,,,,,,,,,,,,,,,,,,,,,,,,,,,,,,,,,,,,,,,,,,,,,,,,,,,,,,,,,,,,,,,,,,,,,,,,,,,,,,,,,,,,,,,,,
2022-07,2022-07-24T09:30:00+08:00,final,-5.283361979420684,-4.341016660433445,-5.5674953679252654,7.312527108733569,50,0.0,0.0,-6.9511516435145815,-5.869092049774022,-7.265956901290599,8.676853832143392,50,0.0,-10.870373369297736,0.0,-12.430026531792896,0.0,0.6514834362886157,0.0,0.9069211862868625,0.0,-6.941017804299681,0.0,-10.010188929891617,0.0,-2.1815207838508517,0.0,-2.7338782529133785,0.0,-8.898998844541667,0.0,-10.466057864321723,0.0,-5.4995721860438564,0.0,-8.89087399683893,0.0,-3.6217044218561583,0.0,-6.348601363984479,0.0,-7.893758409215994,0.0,-6.877238434028392,0.0,-3.260599446219539,0.0,-4.691899931402051,0.0,-1.3352935699732886,0,-2.025134099616944,0,3.550259809934205,0,2.2700119474312808,0,-3.2642464925614583,0.0,-5.101243339254045,0.0,-4.0761594538355235,0,-4.0217195754215025,0,-3.0317655644353887,0,-4.112485797247819,0,-3.018672523007252,0,-2.8213663021081334,0,,,,,-3.6151067255618363,0,-5.44971537001899,0,-4.003089024117247,0.0,-5.93406593406594,0.0,-7.454654610093487,0,-13.854271356783931,0,-6.450578233748687,0,-8.27432801861009,0,-11.046601878002134,0,-12.826636695700962,0,-4.119549352784579,0.0,-5.306766620635262,0.0,-9.487102509492924,0,-8.206913703058872,0,-8.919073163527132,0.0,-8.159136884693185,0.0,-3.572470286606165,0,-5.713028864049213,0,-16.343931382492354,0,-19.516204904875362,0,-1.8483526459835764,0.0,-5.794978436574782,0.0,-1.8418067277018384,0,-5.63904894099325,0,-5.275099554627921,0.0,-4.265664714333119,0.0,,,,,-7.409681311582085,0,-5.286027931938839,0,-5.657383233638137,0,-5.792118487172777,0,-3.3664108359374056,0,-4.5337326345562,0,,,,,,,,,-7.0382367601584175,0,-12.389655172413773,0,-0.2921485807018372,0,-1.0952550838387263,0,,,,,32.94808892458161,0,37.80487804878049,0,-7.806053727729865,0,-10.710378390613776,0,-16.624513587849556,0,-19.896915073488984,0,0.7660975281945664,0,0.0738030723165558,0,-8.494373884655623,0,-13.554932009497072,0,-0.05252618395505875,0,-0.02927088877060309,0,-3.3932305519445793,0,-5.959355922481181,0,,,,,-10.555535256592725,0.0,-11.579720793534241,0.0,,,,,,,,,-18.993868795545517,0.0,-22.2834779237144,0.0,-0.09769886344932069,0,0.08435610155990447,0,-4.270228764587852,0.0,-7.262349026600838,0.0,-11.690281672584607,0.0,-12.586061386754267,0.0,-11.939130976945494,0,-13.177607732581556,0,-3.8550844468313374,0,-3.150047905031164,0,-0.34656019124909976,0,-0.3603361344538582,0,-9.492577920659459,0,-11.152889106957797,0,-9.132343678408555,0,-10.454091142386249,0,-3.760212007694732,0,-6.880025267957003,0,f5bbf065757272f5c0abd936b55c8443c5f316e683732494600713fd973fd1dc,-1.3,2022-07-24T01:30:00+00:00,2022-08-10T01:30:00+00:00,publication,pseudo_real_time,-9.322769805943203,0.0,-15.657599999999874,0.0,,,,,-13.540112197912768,0.0,-16.135804563576244,0.0,,,,,-9.002122337029972,0.0,-14.200400184700563,0.0,,,,,-1.8515539599000388,0.0,-2.495890410958881,0.0,,,,,-1.6612428272171278,0.0,-1.5932585505334365,0.0,,,,,-4.411804556279038,0.0,-5.804118165482105,0.0,,,,,,,,,,,,,-13.08007950552939,0.0,-19.290681939767776,0.0,-5.591225112678999,0.0,-7.455919958013715,0.0,,,,,,,,,,,,,,,,,,,,,,,,,,,,,,,,,,,,,,,,,,,,,,,,,,,,,,,,,,,,,,,,,,,,,,,,,,,,,,,,,,,,,,,,,,,,,,,,,,,,,,,,
2022-08,2022-08-24T09:30:00+08:00,final,-4.566565917808817,-2.877568111913793,-3.3632821063131138,8.50706410084467,50,0.0,0.0,-2.89981839770679,-0.34926355972387113,-1.8573994679774792,9.825245685747973,50,0.0,-2.3271663330964634,0.0,1.614438285545485,0.0,-1.290356743297984,0.0,-0.9955666230772402,0.0,-10.568619829362344,0.0,-10.675295186261344,0.0,-2.0859021484080285,0.0,-1.2706707354013858,0.0,1.8612221732432017,0.0,6.1678162408144495,0.0,-10.56140102777103,0.0,-8.604972302422082,0.0,-7.641374302137314,0.0,-6.83317227937426,0.0,-1.2654897116267698,0.0,1.8699921528819292,0.0,0.18449522268100313,0.0,2.384171497999478,0.0,-3.033412045233745,0,-3.1284902219038853,0,-6.257610789593391,0,-8.644859813084086,0,-6.734276993120475,0.0,-7.6663921539267195,0.0,-0.6451804213436685,0,0.149955694908272,0,-3.302908205859171,0,-1.793061452881747,0,-0.29989970198369154,0,0.6980916653073851,0,,,,,-6.857509754488128,0,-7.818897005699577,0,-4.85386106951292,0.0,-5.299065420560707,0.0,-14.533780220673458,0,-8.003266639444675,0,-5.5282108796151,0,-3.167345427619312,0,-4.306164195176622,0,-0.6745711983425208,0,-4.50000077560685,0.0,-5.385416666666658,0.0,-1.6855343826162212,0,1.0295312923326092,0,0.15674785988531512,0.0,3.5242290748898384,0.0,-1.3904697245767685,0,1.7932338022777563,0,-10.202588599261686,0,-5.015063870812169,0,-2.218984376175094,0.0,0.165285661468925,0.0,-1.986751453199488,0,0.43283171418295097,0,-2.267682612149404,0.0,1.05621609142334,0.0,,,,,10.41744498429126,0,13.982389208158269,0,-3.714268094253891,0,-2.0687113980910348,0,-8.327584686775577,0,-8.800975949808315,0,,,,,,,,,-21.521806452491266,0,-18.05014366119579,0,-2.3585343845113065,0,-2.1534465966886933,0,,,,,0.036216806634032456,0,-5.309734513274355,0,-0.7430441829202107,0,1.5886428933581127,0,2.1577194348812307,0,10.151278093748086,0,0.0,0,0.0,0,-49.67353354381673,0,-56.09238451935084,0,-0.03858893031643377,0,-0.023955921105221434,0,-11.530270750116228,0,-15.492865700903991,0,,,,,0.5712427483386986,0.0,4.002944039507152,0.0,,,,,,,,,-2.730764799304232,0.0,2.2746761042079453,0.0,0.6928820700204609,0,0.7918041738883327,0,-12.607837194993301,0.0,-14.480687460973417,0.0,0.9081295109826286,0.0,5.129703498564451,0.0,-3.024371424523354,0,1.1643009555617034,0,2.4928392143784213,0,2.8978163831585277,0,1.1779945243396759,0,1.2772072813635262,0,-0.13860768751160135,0,4.162135052435291,0,4.247782421263501,0,9.080644535710894,0,-7.43703349758979,0,-9.085010212433302,0,80dd3069bbb60c6a329ee3e742da4aa3a32361f0e35671bb36e795ab209961dc,-1.2,2022-08-24T01:30:00+00:00,2022-09-09T01:30:00+00:00,publication,pseudo_real_time,-3.6241277729301133,0.0,0.31617154203184433,0.0,,,,,-2.583623758585033,0.0,3.2315978456014376,0.0,,,,,-14.928571928504123,0.0,-8.01162456946045,0.0,,,,,-3.806656514314758,0.0,-3.259434094804582,0.0,,,,,0.8518582749498436,0.0,1.2404833414821717,0.0,,,,,-3.7808191990930515,0.0,-2.79836691049593,0.0,,,,,,,,,,,,,-13.633100071584806,0.0,-8.726166803134808,0.0,-5.231182666084227,0.0,-4.182151648245547,0.0,,,,,,,,,,,,,,,,,,,,,,,,,,,,,,,,,,,,,,,,,,,,,,,,,,,,,,,,,,,,,,,,,,,,,,,,,,,,,,,,,,,,,,,,,,,,,,,,,,,,,,,,
2022-09,2022-09-24T09:30:00+08:00,final,1.359933253552429,0.8560042491087887,1.5398703713737747,8.088068149789732,50,0.0,0.0,2.4914583745537193,1.255975568551342,2.027147114210548,8.548299184610817,50,0.0,-1.4288389920325224,0.0,-2.6139904624488564,0.0,2.7824597746292965,0.0,3.464576979267119,0.0,-3.4530231960915065,0.0,0.8743811754232869,0.0,0.029535798593829227,0.0,0.9709867316169181,0.0,1.6252059654286044,0.0,0.516009196410842,0.0,11.262662867262256,0.0,14.657322936076154,0.0,-2.7448833399486436,0.0,-0.45886331673363995,0.0,2.415825182298399,0.0,0.2588477119312058,0.0,0.7332255897193857,0.0,-0.5302961341017696,0.0,-5.033454142940925,0,-4.728994358018752,0,-4.414592425650415,0,-2.6751918158567887,0,12.01936861306306,0.0,17.976161517878868,0.0,0.2228470658467002,0,-0.7928945756482351,0,-1.0044405934978045,0,0.5957518119736639,0,-0.04849334706041922,0,-0.16521429265593363,0,,,,,12.538366818524722,0,18.723330140207235,0,14.457286514749265,0.0,19.24405408072629,0.0,20.454372883385364,0,27.182803880540202,0,-2.1489311679984557,0,-2.856105067961531,0,-0.890374961311947,0,-1.7291734272865935,0,8.721365737613409,0.0,11.934382913134385,0.0,3.563594097651779,0,2.3330651649236516,0,3.6322788219711306,0.0,1.607565011820343,0.0,6.477230490813869,0,5.7914468040099,0,-1.5240501917920448,0,-2.038227065980701,0,3.060535701063344,0.0,1.8509672796751024,0.0,3.103556239955468,0,1.8197528002276147,0,0.05160262727228718,0.0,-3.164087040950377,0.0,,,,,-2.0691518892346075,0,-3.177651927069388,0,3.069371034956346,0,2.8075896296563334,0,-2.190110951120024,0,1.251672081024281,0,,,,,,,,,5.357331377301216,0,7.665337880024996,0,-0.22523202798232522,0,0.4976775049767418,0,,,,,9.216008705352234,0,10.747663551401889,0,6.783964073725861,0,11.092164365330204,0,3.108670498495511,0,1.2602790560784032,0,-9.242188039238107,0,-12.27388139111018,0,-39.91207715423663,0,-29.371623542792154,0,-0.09119095133812191,0,-0.10649627263056,0,-6.149969423729351,0,0.6238238857525554,0,,,,,-3.3139412355412428,0.0,-4.85789293459653,0.0,,,,,,,,,-0.9641513294139396,0.0,-0.2942073170731968,0.0,3.025054765264871,0,4.430834462045804,0,5.0884213215363685,0.0,11.625696834834129,0.0,-2.0745036490461817,0.0,-3.550195756198881,0.0,0.013769568940465318,0,-1.416846256132723,0,11.684734178743478,0,15.14327252262795,0,-1.0189403556779277,0,-0.7374739352596305,0,1.6496401957933453,0,1.4282391002092922,0,2.761453523103489,0,0.11299256461530315,0,-2.1729955089444952,0,2.3041736281204086,0,b4d8b37670008d1cbff2d9bcaa299e1d60d1e9a5d6e07056127c2e217554a4af,-0.1,2022-09-24T01:30:00+00:00,2022-10-14T01:30:00+00:00,publication,pseudo_real_time,2.269184387187038,0.0,3.7455402730675185,0.0,,,,,-0.15905250723777048,0.0,-1.273729332516881,0.0,,,,,5.290548126198756,0.0,-0.1248098599789022,0.0,,,,,-0.8494816242550831,0.0,-0.9584942926021264,0.0,,,,,1.9425296135343753,0.0,3.275702675479217,0.0,,,,,0.49861194947216825,0.0,2.318894930933141,0.0,,,,,,,,,,,,,1.213396548745409,0.0,6.027596223674621,0.0,2.218890674607936,0.0,5.447676615035985,0.0,,,,,,,,,,,,,,,,,,,,,,,,,,,,,,,,,,,,,,,,,,,,,,,,,,,,,,,,,,,,,,,,,,,,,,,,,,,,,,,,,,,,,,,,,,,,,,,,,,,,,,,,
2022-10,2022-10-24T09:30:00+08:00,final,2.722664217750903,0.531566494470944,1.9331281834829253,6.342877254712936,50,0.0,0.0,2.271790129114496,0.283276077749131,1.5385971024239222,6.467208090433573,50,0.0,-0.7364423481395129,0.0,-0.643857741252412,0.0,4.709626146161341,0.0,5.057395893661064,0.0,3.0166109664987024,0.0,2.005619825522973,0.0,1.2400260943589705,0.0,0.36916515933002875,0.0,0.19415542316717127,0.0,0.5406329985246656,0.0,10.784873076007353,0.0,8.661153887802271,0.0,0.3389116021761609,0.0,-0.5928352407107107,0.0,1.201900581889329,0.0,2.4895057278209793,0.0,-1.984083652981508,0.0,-2.108471441552402,0.0,-2.309084469614489,0,-3.026610169491372,0,-0.5972292680246449,0,-0.14190361065852256,0,16.091997612673417,0.0,13.202749140893399,0.0,-1.7832862652144388,0,-0.6620244914759849,0,1.4828528971552462,0,-0.6313720263877747,0,1.3153646229314375,0,2.222726977740262,0,,,,,16.344673322574746,0,13.327954228709698,0,13.503932600777382,0.0,11.073408921625452,0.0,5.086333622063263,0,-3.245587795393324,0,-0.9571552916841752,0,-0.14169044573447187,0,-1.5515710064831127,0,-1.700632135107022,0,13.956332219913085,0.0,12.82580898986922,0.0,3.7892381526838887,0,5.319706498951747,0,-0.6592901222283335,0.0,-0.13959981386688722,0.0,-0.829296767247861,0,-1.7462980037548,0,-0.4631008735759956,0,0.08547894109719563,0,-4.6009120734974225,0.0,-4.804996855647565,0.0,-4.510163395264353,0,-4.698333850770985,0,0.47575371521243176,0.0,2.288410498378078,0.0,,,,,8.627001984607574,0,6.7710080662806496,0,-4.227876272293015,0,-5.306727082607202,0,22.33649850325776,0,24.554119090308664,0,,,,,,,,,8.731649908558442,0,9.452647544274418,0,0.6452347180782914,0,0.4035068412751402,0,,,,,13.453637972907034,0,16.877637130801652,0,8.43130484968575,0,3.7774699561978644,0,0.5873792737294561,0,1.0774684152161853,0,-6.3632553941939705,0,-2.8654809228145095,0,0.8306075982982843,0,10.064412238325225,0,0.22568534956552022,0,0.4157782515992999,0,2.5124935847141523,0,0.307416421160374,0,,,,,-0.4448888502252634,0.0,0.25913573433788806,0.0,,,,,,,,,-3.0142826946448698,0.0,-3.5378476309874856,0.0,11.172679020337162,0,10.687177867752366,0,-3.723143575719475,0.0,-9.410885229561579,0.0,-0.05026247638410421,0.0,-0.10774512014840286,0.0,-0.779925696902602,0,-0.6860465116279102,0,13.110794624261715,0,10.42888563049858,0,1.027833176673668,0,1.6060402684564865,0,-0.9253077428600394,0,-1.3777249137254506,0,0.08671698512560048,0,0.8567482241514413,0,-0.3767427630360195,0,-2.0731098232901477,0,fcc45bc29bb198481735f73f48256c50319d9074d3bd7b854f20e2f0095d81ca,0.2,2022-10-24T01:30:00+00:00,2022-11-09T01:30:00+00:00,publication,pseudo_real_time,-1.9902305374896085,0.0,-4.52170320322738,0.0,,,,,-0.6348507671578202,0.0,-1.4861679692345537,0.0,,,,,1.7791922454911295,0.0,3.9910961846370365,0.0,,,,,-0.5438562982937485,0.0,-0.05278747177351712,0.0,,,,,2.781081684215414,0.0,1.791654976151378,0.0,,,,,1.0463841484423477,0.0,-0.8723274282223353,0.0,,,,,,,,,,,,,3.9230485441676164,0.0,1.3900080580177623,0.0,4.113220551478704,0.0,1.7686538645265297,0.0,,,,,,,,,,,,,,,,,,,,,,,,,,,,,,,,,,,,,,,,,,,,,,,,,,,,,,,,,,,,,,,,,,,,,,,,,,,,,,,,,,,,,,,,,,,,,,,,,,,,,,,,
2022-11,2022-11-24T09:30:00+08:00,final,-2.2751984066143542,-2.392201455285499,-2.091745080235227,5.428550173729599,50,0.0,0.0,-3.141223520131977,-2.497763461335394,-2.7769285014271206,6.230957387836576,50,0.0,-3.704615664065305,0.0,-3.245473534013,0.0,0.26426966667977736,0.0,-1.177923868300931,0.0,-5.017145057997505,0.0,-5.191179745625783,0.0,-1.9693025946420317,0.0,-1.7096347608783875,0.0,0.86571454344774,0.0,1.4755457611223575,0.0,-1.451962034820642,0.0,-5.419666493112492,0.0,-4.351248116658409,0.0,-5.167386416966352,0.0,1.2518816380056796,0.0,0.3963517376698243,0.0,-3.5946749683252075,0.0,-4.1292759453388035,0.0,-8.386045724822841,0,-9.550584381876606,0,-5.397837197406094,0,-8.48684210526326,0,0.5995465758971938,0.0,-3.8127618238115475,0.0,0.42657032874002215,0,-0.039709944751330474,0,-2.880647025153066,0,0.029338295696587576,0,3.0678067851980457,0,2.6346697139955233,0,,,,,0.4864572677010212,0,-4.019417475728089,0,0.39015911953467125,0.0,-4.410997690187048,0.0,-2.181626654988533,0,-1.7107229350234583,0,-2.475104606521695,0,-3.352186508483986,0,-5.02809729420722,0,-5.290941811637722,0,0.4446864685787304,0.0,-4.419841339028857,0.0,3.4489484679571087,0,3.110226424483673,0,2.4605159191298127,0.0,2.7493010251631,0.0,2.549417382565772,0,3.325155177677101,0,-4.787645084217795,0,-6.295452780869029,0,-2.4372778179764407,0.0,-2.129636886833656,0.0,-2.3471250925945575,0,-2.0479965251384322,0,-2.1538194730698823,0.0,-4.6704722366373,0.0,,,,,-17.150666343259708,0,-22.356862798672104,0,-2.6001955362903595,0,-1.7134443728721374,0,-13.314328370247667,0,-18.455943632093373,0,,,,,,,,,-3.7102804597230254,0,-8.298011085751503,0,1.8109735870884043,0,2.4405392568776954,0,,,,,-4.566934455803639,0,-12.274368231046914,0,-4.494394995895746,0,-4.155844155844206,0,4.218762697262955,0,5.1175300330219,0,0.41779759760405,0,0.1471297338064097,0,18.664250135309242,0,16.495976591075383,0,0.5358025654087206,0,0.5069540290901176,0,-10.232442938543707,0,-10.550376707955557,0,,,,,-2.7886088778560096,0.0,-1.8834509991623833,0.0,,,,,,,,,-5.259520229554502,0.0,-3.841947601160184,0.0,2.8577484423524235,0,2.9253232528045134,0,-8.342262818151958,0.0,-4.276217765042972,0.0,-4.90347599281408,0.0,-3.9507349621231205,0.0,-2.99309136861849,0,-2.5500526870389764,0,2.7698351646720374,0,0.6786537574919764,0,1.4923196043908882,0,2.2722318733361524,0,0.7778904774819506,0,2.2444564629530035,0,-3.0261146053448327,0,-3.7320353248216276,0,-9.998716715066614,0,-10.341310190732166,0,4396b8989a56cbed7cdd5d713ebc36342e84ed90e398b872b3a0e7fbd57d05c2,0.1,2022-11-24T01:30:00+00:00,2022-12-09T01:30:00+00:00,publication,pseudo_real_time,-11.651479282270722,0.0,-12.605159664507276,0.0,,,,,-4.039315844374333,0.0,-2.4454742356318118,0.0,,,,,-6.192676560744551,0.0,-11.265913102256935,0.0,,,,,-1.8184698399895183,0.0,-2.8402922449458425,0.0,,,,,-1.2087909187835109,0.0,-2.317950333385908,0.0,,,,,-3.2022222383379275,0.0,-2.2764247682903536,0.0,,,,,,,,,,,,,0.7301385722537077,0.0,2.535267236240813,0.0,-2.3403331272154455,0.0,-1.9045495617071326,0.0,,,,,,,,,,,,,,,,,,,,,,,,,,,,,,,,,,,,,,,,,,,,,,,,,,,,,,,,,,,,,,,,,,,,,,,,,,,,,,,,,,,,,,,,,,,,,,,,,,,,,,,,
2022-12,2022-12-24T09:30:00+08:00,final,-1.9717787318703728,-0.3309498212853802,-1.4856265456929474,5.955254504118958,50,0.0,0.0,-0.9992993024946124,-0.4454667169690989,-1.0919724802420199,8.415193137890395,50,0.0,2.2074214220917225,0.0,4.037434423663527,0.0,-3.920186467676362,0.0,-5.100562418036086,0.0,-3.2818289183330775,0.0,-2.99664780324911,0.0,0.19460655183970443,0.0,0.10185508476496981,0.0,0.9860134177820127,0.0,-0.5695206102447858,0.0,-5.546255676397671,0.0,-1.1503731250616784,0.0,-0.7386135028848191,0.0,0.6400872070650351,0.0,-0.3979308866781996,0.0,-0.6886025149498103,0.0,-1.658022437416954,0.0,1.1253467826397185,0.0,-5.369266594338425,0,-3.3816425120773035,0,-4.131275423242636,0,-0.6470165348669662,0,-12.87819329338999,0.0,-10.540932904121654,0.0,-2.170616310555119,0,-2.950066497400531,0,4.469568898521915,0,3.2622996153620707,0,0.29857562487783207,0,-0.4268085237993124,0,,,,,-11.965687744750966,0,-9.34655067772609,0,-12.507623128902038,0.0,-9.244680021825527,0.0,3.6602735269447115,0,8.51900393184797,0,-1.3995425659540142,0,0.5138452754781531,0,2.541349322300454,0,5.7968077020522175,0,-12.62112233219195,0.0,-9.184604159066016,0.0,-0.2692858329207304,0,-1.8339768339768143,0,2.6424411932854084,0.0,1.7460317460317194,0.0,-8.078947261435115,0,-11.788199763645185,0,-2.5852298969737912,0,-0.9722011241076159,0,-5.875428524158517,0.0,-7.321900490796176,0.0,-5.826455121451017,0,-7.266861779965388,0,-3.566948020399277,0.0,-1.9778624569043362,0.0,,,,,10.225310092192954,0,32.99609388746171,0,-0.39261380965003007,0,0.13294884278335184,0,0.23886977735628306,0,4.673418191953914,0,,,,,,,,,3.3255285437553703,0,9.048888888888834,0,2.8141969665414663,0,1.7689646563714512,0,,,,,-20.387195208657204,0,-25.10288065843621,0,-6.966569769382865,0,-8.879102679915622,0,-0.0058619181142066335,0,-1.7283032893514998,0,0.0,0,0.0,0,-9.394100881445283,0,-15.94976452119304,0,0.23544631389085074,0,0.16637177489637742,0,-8.232855017197224,0,-7.362094563727645,0,,,,,1.6897554187695993,0.0,2.6318356993024783,0.0,,,,,,,,,2.234166051264016,0.0,3.4696467718273096,0.0,1.207370223545685,0,-0.2019522046449322,0,-2.715779937153272,0.0,-2.6221578323495436,0.0,2.1778533909778557,0.0,3.530855814682437,0.0,3.181781217757683,0,4.829873125720953,0,-10.774039454080615,0,-13.085926767167914,0,0.998432518871379,0,-0.8376767226624449,0,2.0850628147486647,0,-0.21528696112145226,0,0.8664202556222139,0,0.5031845321562536,0,-7.184482358464556,0,-6.857787810383714,0,1c4502af930615f81ba134d70f8b043c5053e3822aaa0a3bb7d4e0011e0a9477,-0.5,2022-12-24T01:30:00+00:00,2023-01-12T01:30:00+00:00,publication,pseudo_real_time,-0.9905054391427375,0.0,3.189304906286755,0.0,,,,,5.053331748698756,0.0,6.921388924744923,0.0,,,,,4.163034693751172,0.0,12.696263066570735,0.0,,,,,-2.041435031461667,0.0,-1.567360251260845,0.0,,,,,-1.844314211541135,0.0,-1.3893741098063161,0.0,,,,,-0.5716560283718608,0.0,-0.46412491013888546,0.0,,,,,,,,,,,,,7.284701508926604,0.0,5.948920668139375,0.0,0.7646244192067237,0.0,0.8361844151493704,0.0,,,,,,,,,,,,,,,,,,,,,,,,,,,,,,,,,,,,,,,,,,,,,,,,,,,,,,,,,,,,,,,,,,,,,,,,,,,,,,,,,,,,,,,,,,,,,,,,,,,,,,,,
2023-01,2023-01-24T09:30:00+08:00,final,-1.750418594937979,-0.5804973674230688,-0.9869892791657501,5.829728178305332,48,0.11111111111111116,0.07407407407407407,-1.6845979861902514,-0.6386975513655865,-1.1120534288874753,5.9747731839972085,48,0.11111111111111116,3.0351523802949134,0.6,1.9193302010296385,0.6,-4.37688300624538,0.0,-3.3288781989569456,0.0,-1.3582691627456778,0.0,-0.618933976927507,0.0,0.43374212519439465,0.0,0.876166664516982,0.0,-1.2598037025049043,0.0,-0.6382308037797882,0.0,-2.636163027668418,0.0,-4.370166816551866,0.0,-1.4574091268377796,0.0,-1.869827102689818,0.0,-2.4635412213862313,0.0,-2.3682682991881223,0.0,-2.2681609546659076,0.0,-2.081296939542485,0.0,-3.8386797943757127,0,-4.000000000000055,0,0.2504752398061923,0,0.0,0,-8.744328191593162,0.0,-8.87603189162495,0.0,-3.9584415607881644,0,-3.682215380234554,0,1.192543186835112,0,1.6425105091456553,0,-0.7755407288853042,0,-0.4938655070663378,0,,,,,-8.549082637633637,0,-8.87450717845724,0,-7.974236735208164,0.0,-7.66984454178479,0.0,6.17580957657394,0,3.1787439613527098,0,2.308781792973284,0,1.7060899906681641,0,4.031409890462506,0,2.777910819483785,0,-5.3566874655754155,0.0,-5.262629306015892,0.0,-4.724466026949833,0,-4.8426745329400065,0,-5.748772897625624,0.0,-7.198573657231948,0.0,-7.674579853141806,0,-4.145630465794261,0,2.3524359466872378,0,2.903401246705432,0,2.098621209162519,0.0,8.047254008813853,0.0,1.9235527241953783,0,7.743069253667126,0,3.0826152604167647,0.0,4.936443292607588,0.0,,,,,-0.18700452443308127,0,-15.533094315159909,0,-0.9832023057833638,0,0.19074333800847162,0,-0.3854540059608334,0,-2.8492810225457132,0,,,,,,,,,3.961787776999153,0,0.6684056080860643,0,-1.6019027984200442,0,-1.3982828105834313,0,,,,,-24.344663135072626,0,-19.78021978021977,0,-3.120239974613033,0,0.7104795737121973,0,1.8368434086798293,0,3.7531013615734916,0,-8.786352977995092,0,-8.790123456790194,0,-21.037616039085847,0,-19.760926410160643,0,0.056768735255918246,0,-0.03954653308738791,0,3.7214172906478855,0,6.239694256522397,0,,,,,,1.0,,1.0,,,,,,,,,2.5116588627274345,0.0,2.3353617739829464,0.0,-1.9790095841805937,0,-1.9611149687530753,0,3.725656366602919,0.0,5.541688696528826,0.0,,1.0,,1.0,2.1223263074226018,0,1.0612937239259914,0,-4.764710924559461,0,-2.1791818584164386,0,-0.06473583691478355,0,-0.7835295956648352,0,-3.33900344383751,0,-2.4877679002135795,0,-3.4723189379471533,0,-3.03472708081423,0,-0.8147257429633197,0,2.2732780766806178,0,f4b8717d18b239ec801d1696e7ca68e772720c648a645cb9424edc6e00d26bdd,-0.4,2023-01-24T01:30:00+00:00,2023-02-10T01:30:00+00:00,publication,pseudo_real_time,4.203431709318129,0.0,2.730852279944233,0.0,,,,,3.6780915303212613,0.0,2.1320262700406136,0.0,,,,,2.033596482758362,0.0,-3.7553043674189643,0.0,,,,,-0.20529534843174244,0.0,0.19021905872255265,0.0,,,,,0.3139785371798144,0.0,0.795770425682738,0.0,,,,,-1.1547903976337748,0.0,-1.4482837267647357,0.0,,,,,,,,,,,,,-0.784022825943818,0.0,-1.6094813080693993,0.0,-1.2320296964963386,0.0,-1.9622032671751986,0.0,,1.0,,1.0,,1.0,,1.0,,1.0,,1.0,,1.0,,1.0,,,,,,,,,,,,,,,,,,,,,,,,,,,,,,,,,,,,,,,,,,,,,,,,,,,,,,,,,,,,,,,,,,,,,,,,,,,,,,,,,,,,,,,,
2023-03,2023-03-24T09:30:00+08:00,final,,,,,0,1.0,0.0,0.03185758223564368,-0.05313788141413947,0.16858732579180263,7.318650638336199,50,0.0,,1.0,3.844017432355308,0.0,,1.0,-1.5935446626229224,0.0,,1.0,-0.09375598661564566,0.0,,1.0,-6.9415177691554995,0.0,,1.0,-0.9011247165948869,0.0,,1.0,7.089698387078002,0.0,,1.0,-4.786428162956477,0.0,,1.0,0.99496160418885,0.0,,1.0,-3.6016241957678186,0.0,,1,-15.196986718959279,0,,1,-0.0458019637591689,0,,1.0,10.634137256727799,0.0,,1,-1.2325191124371144,0,,1,-5.121365920549695,0,,1,-2.6805354785998343,0,,,,,,1,10.651875122717435,0,,1.0,16.11063933034089,0.0,,1,-6.617482673820666,0,,1,0.7934917645172265,0,,1,6.293867750277049,0,,1.0,14.593400524644428,0.0,,1,3.667607078738134,0,,1.0,-1.20076849183479,0.0,,1,-0.7604229304469531,0,,1,-1.1876914415169038,0,,1.0,-0.28381574501631635,0.0,,1,-0.4334358547771012,0,,1.0,0.5180462256632064,0.0,,,,,,1,-21.81083810164932,0,,1,-5.423105749669871,0,,1,-18.983228511530456,0,,,,,,,,,,1,4.255319148936125,0,,1,-0.5548992231410932,0,,,,,,1,1.3422818791946662,0,,1,0.7603041216486942,0,,1,-0.9530302632997083,0,,1,7.10187320695265,0,,1,17.626527050610775,0,,1,-0.060473799069110046,0,,1,2.7851497144175417,0,,,,,,,,,,,,,,,,,,1.0,-1.0043155422987249,0.0,,1,1.3737555851689904,0,,1.0,-0.484776119403002,0.0,,,,,,1,4.376982328953341,0,,1,-9.748275710582979,0,,1,0.5249988384981334,0,,1,-1.521890689768826,0,,1,-1.6545767518091468,0,,1,-1.2790122170413514,0,3177f4cd7d1e4d297c410f7b126520eaacddbf4368895df4f46c737eb0aa134e,0.0,2023-03-24T01:30:00+00:00,2023-04-11T01:30:00+00:00,publication,pseudo_real_time,,1.0,0.9602752156894743,0.0,,,,,,1.0,5.245019356057131,0.0,,,,,,1.0,0.0,0.0,,,,,,1.0,-9.027864162209214,0.0,,,,,,1.0,-6.675323224707591,0.0,,,,,,1.0,-1.3414712495983516,0.0,,,,,,,,,,,,,,1.0,0.883504193849018,0.0,,1.0,0.022987671348943237,0.0,,1.0,2.6357551921617515,0.0,,,,,,1.0,3.7189882021653484,0.0,,,,,,,,,,,,,,,,,,,,,,,,,,,,,,,,,,,,,,,,,,,,,,,,,,,,,,,,,,,,,,,,,,,,,,,,,,,,,,,,,,,,,,,,,,,,
2023-04,2023-04-24T09:30:00+08:00,final,-2.897374789835504,-2.8470199398284173,-2.5921232126859453,4.85696995679314,50,0.0,0.0,-2.6234653629902964,-2.252576213243575,-2.5439227464918646,6.12735218250041,50,0.0,-2.6602465017773236,0.0,-4.565678813840962,0.0,-3.1773561602749236,0.0,-2.0757173039660675,0.0,-0.09841250650861513,0.0,0.8795154353155017,0.0,-6.679221038892417,0.0,-4.649095537169765,0.0,-0.15153437298239614,0.0,0.7932362003528226,0.0,-7.828907264264253,0.0,-10.21092040015834,0.0,-6.212127636617672,0.0,-7.26403522430077,0.0,2.932190894112567,0.0,3.3069917239643662,0.0,-2.8697207413089614,0.0,-0.3077826792799891,0.0,-13.529430118358581,0,-14.475385420013009,0,-0.1030420566893912,0,-0.06300655840999073,0,-7.549169805852326,0.0,-9.864489521084053,0.0,-3.8023240786575365,0,-4.227000698521691,0,-3.061989834760675,0,-0.698850817822932,0,-6.923185872269734,0,-7.00700700700691,0,,,,,-7.559137310758815,0,-9.883772513530289,0,-6.952005022431193,0.0,-8.358583220144192,0.0,-12.075549052553578,0,-14.627723246349097,0,-0.21852328971922766,0,-0.7216412866288414,0,-0.5392289445868398,0,-2.8215821712498586,0,-6.604383583179375,0.0,-7.397590361445765,0.0,-0.4475105273665153,0,-2.1523998020781607,0,3.275095850218321,0.0,4.229460379192975,0.0,-0.6163105944803786,0,1.2749788555487005,0,0.13909992986755434,0,1.8823130405290256,0,1.3551285641431778,0.0,3.4640493347487875,0.0,1.668735010194799,0,3.9036133982653904,0,5.9689873594858955,0.0,7.843914594778284,0.0,,,,,-16.73678951171433,0,-7.68300432527726,0,-7.147523325366321,0,-5.800109436027069,0,5.201173852708436,0,16.276361754431417,0,,,,,,,,,-11.0420894467169,0,-16.32653061224491,0,-2.0348693237084974,0,-1.9007847937216653,0,,,,,-6.640749919857755,0,-6.622516556291414,0,-4.794502617098486,0,-4.479745830023874,0,0.8578604263833776,0,2.2871010442711723,0,4.258435409369288,0,2.993776097061516,0,-1.1915722779622595,0,-9.27299703264095,0,-0.05257623917587432,0,0.0,0,3.2108201784763244,0,4.256065559967984,0,,,,,,,,,,,,,,,,,-2.873678143367564,0.0,-2.352752624408989,0.0,-2.8936987768642903,0,-2.61265441048536,0,2.1919616707829817,0.0,3.936696102898768,0.0,,,,,-3.8809503975608366,0,-6.012328529258629,0,-3.2105450015332555,0,3.881911993769474,0,0.20426558399957054,0,0.31097730063783485,0,1.1520982339767376,0,2.4212889027916673,0,-2.8203617362892706,0,-1.8464224462893843,0,-5.187091731259378,0,-3.6158460428871093,0,e8d3c869fd8094eedae5d4a8fe18061247ff9c5f99685c16bf32f6dd7edc7855,-0.5,2023-04-24T01:30:00+00:00,2023-05-11T01:30:00+00:00,publication,pseudo_real_time,4.1119728625670255,0.0,4.495452228273882,0.0,,,,,-2.3336419576075174,0.0,-4.649441528731073,0.0,,,,,-3.02001662835759,0.0,-5.017753326310072,0.0,,,,,-6.360055092573627,0.0,-2.044234779338894,0.0,,,,,-10.615618189342948,0.0,-11.204201014347467,0.0,,,,,-1.3465341262886674,0.0,-0.6694364491215392,0.0,,,,,,,,,,,,,-5.003910734805042,0.0,-7.253713694479311,0.0,-0.3066747336445641,0.0,0.22135668666542807,0.0,-4.55835309300792,0.0,-6.521008403361462,0.0,,,,,-4.4307813281816015,0.0,-6.668070963815907,0.0,,,,,,,,,,,,,,,,,,,,,,,,,,,,,,,,,,,,,,,,,,,,,,,,,,,,,,,,,,,,,,,,,,,,,,,,,,,,,,,,,,,,,,,,,,,,
2023-05,2023-05-24T09:30:00+08:00,final,-4.1105907130485875,-3.6610273394979,-3.714339653837983,7.207556942267529,50,0.0,0.0,-4.95553910448489,-4.670596655977371,-4.592110124807671,7.344965833372616,50,0.0,-7.100572313562227,0.0,-7.0898056897619,0.0,-0.10393418648886255,0.0,-0.6711848406609995,0.0,-5.873010622107747,0.0,-8.374409323982727,0.0,-1.1312684894618343,0.0,0.0029754451471080876,0.0,-2.4575991053019117,0.0,-3.5830332366097046,0.0,-9.259675186076436,0.0,-8.281126477318555,0.0,-10.033651289790718,0.0,-9.999067923299345,0.0,4.624715216586909,0.0,3.9540415854951863,0.0,-1.5159642743880013,0.0,-4.283063025819665,0.0,-16.74688428609071,0,-15.255026494444987,0,-4.506205203955243,0,-5.909156039547204,0,-6.027687729720981,0.0,-4.127369502287811,0.0,-3.5494054262879002,0,-2.1821407451213894,0,3.424080236615247,0,5.039093353686165,0,-5.780346798742768,0,-7.430813569915619,0,,,,,-6.004384888129484,0,-4.076006694890185,0,-3.0074874793385318,0.0,-2.439858625014247,0.0,-8.336265137814243,0,-5.257992148065035,0,-3.064742332261316,0,-3.6905024129437995,0,-6.467136417473508,0,-7.094481325018527,0,-2.7975573694964213,0.0,-1.678376268540225,0.0,-4.866546515924241,0,-5.486725663716831,0,-1.3385846714430227,0.0,-2.1921641791044664,0.0,-0.881394175684737,0,-3.845338851010358,0,5.786961223057753,0,6.0719041278294945,0,0.19000707833517305,0.0,-2.871022324108884,0.0,0.359786559983793,0,-2.70742080873491,0,20.079276837127992,0.0,19.541014599306855,0.0,,,,,-5.167678264104526,0,-8.615521261241147,0,-6.49930570090165,0,-10.663995993990994,0,-0.4615784481374575,0,-6.743073328140693,0,,,,,,,,,-21.569672507834348,0,-20.731707317073145,0,-1.5519187424154142,0,-2.5577981651376045,0,,,,,-0.32419374642695786,0,0.709219858156025,0,-3.31820177318103,0,-5.538000997838026,0,-4.145936362034109,0,-6.082392695377088,0,2.90279885604394,0,3.004921084168303,0,-29.654943096395076,0,-33.03352412101388,0,0.15321182327501345,0,0.22888713496442983,0,-6.236540892939184,0,-9.797297297297341,0,,,,,,,,,,,,,,,,,-3.7726492527079,0.0,-4.617000672936481,0.0,-0.6321668889381775,0,-0.583593866309444,0,-6.087014221224532,0.0,-8.694949494949489,0.0,,,,,-8.113914743755304,0,-8.06660200452632,0,5.06638506456755,0,0.3748565002461116,0,-0.18059705865732,0,-0.6114698313028182,0,-0.7376757851106943,0,-2.0361251466812718,0,-4.766187215405523,0,-5.602145273077641,0,0.14571560251537963,0,-1.9765839591907128,0,01996086ac3451b67ad36a63dbc7f65df717494f580cb75d890852e07eaa7be9,-0.9,2023-05-24T01:30:00+00:00,2023-06-09T01:30:00+00:00,publication,pseudo_real_time,-4.346130636367657,0.0,-5.777155841988353,0.0,,,,,-8.89888923140015,0.0,-9.121915649330829,0.0,,,,,-17.074671190201034,0.0,-19.65657478535924,0.0,,,,,2.3513949308005886,0.0,1.5913453149537764,0.0,,,,,-9.16928063580134,0.0,-6.621512333198617,0.0,,,,,-3.3536904355866324,0.0,-4.724192639018261,0.0,,,,,,,,,,,,,-8.847864379326202,0.0,-8.833021235905846,0.0,-1.6450730670533864,0.0,-2.8423148874540245,0.0,-8.027832200343228,0.0,-7.333093611410674,0.0,,,,,-8.03091895613986,0.0,-7.232239135341249,0.0,,,,,,,,,,,,,,,,,,,,,,,,,,,,,,,,,,,,,,,,,,,,,,,,,,,,,,,,,,,,,,,,,,,,,,,,,,,,,,,,,,,,,,,,,,,,
2023-06,2023-06-24T09:30:00+08:00,final,-5.164481828737189,-3.6170294285072178,-4.565357229108039,5.985346687472789,50,0.0,0.0,-4.329570778502443,-2.3339551585757894,-3.510330936428364,6.858839425164088,50,0.0,-2.000668724907695,0.0,0.15418150384044846,0.0,-0.3448747937220338,0.0,0.4690741690321849,0.0,-6.017678891890361,0.0,-4.475495675013123,0.0,-1.5167119524351975,0.0,-2.2787214268673037,0.0,-1.2231667710397456,0.0,0.8463043236359311,0.0,-14.096343978335213,0.0,-14.866557358948201,0.0,-8.979119582014919,0.0,-7.819734838636826,0.0,-6.839385085624205,0.0,-8.736849043365735,0.0,-4.618594504334158,0.0,-3.2024440675979697,0.0,-12.77485467268607,0,-10.867032967032921,0,-5.530308314963076,0,-5.202083269880924,0,-17.31564438515348,0.0,-18.866270575630658,0.0,0.4143991382419586,0,0.6468774560183657,0,0.4160874663511541,0,-0.7595663965798933,0,0.9617407658894153,0,3.3909749052852316,0,,,,,-17.367881055865947,0,-18.946936261931636,0,-18.035780573563034,0.0,-19.387635853687023,0.0,-11.861672374625707,0,-18.417936954269642,0,-3.58797543047348,0,-2.7632235528942433,0,-3.5459992486615874,0,-1.8958258149884395,0,-18.81089021250709,0.0,-20.629879581844634,0.0,-8.053139052659299,0,-8.453718566078146,0,-5.260920126647874,0.0,-6.747734859322812,0.0,-3.646083426540956,0,-2.9322548028310003,0,6.735664835389993,0,7.712779312076347,0,-1.5473765658520269,0.0,-0.6248946333240495,0.0,-1.3533216561362358,0,-0.4926108374383743,0,-7.204096077565442,0.0,-11.009093704696243,0.0,,,,,-7.6401066552996975,0,-2.56833920544287,0,-16.52871206276113,0,-15.470505145624552,0,-1.6627062232156085,0,-1.7301038062283696,0,,,,,,,,,-4.185492656852857,0,-0.5107692307692382,0,-0.2655973561358817,0,1.5101871728241532,0,,,,,-0.5117232257559043,0,0.7042253521126765,0,-13.801704543313697,0,-14.881161971830975,0,0.9187714535233096,0,4.43879660108706,0,3.004033340585097,0,2.8739402190730257,0,-12.015667236559441,0,-2.258852258852321,0,0.8288956219249722,0,1.0919494973356594,0,-8.099472947734174,0,-8.154647328289741,0,,,,,,,,,,,,,,,,,-3.839554320619212,0.0,-2.4090580582992573,0.0,-1.0304687071023853,0,-1.1650543592201217,0,-5.24507883546398,0.0,-5.322847786782657,0.0,,,,,-1.584800000050025,0,1.5800447135069313,0,-9.891909422228439,0,-10.139345984174833,0,-0.26383510948784883,0,0.44172185430463384,0,0.23248169396288884,0,1.7437058672309727,0,-5.780085122157332,0,-3.239007028078942,0,-7.456953950983728,0,-5.947848105979419,0,5a425afc2277b3551bd074059667bcd87778da625e4c726468bdbbf33ca4b786,-0.8,2023-06-24T01:30:00+00:00,2023-07-10T01:30:00+00:00,publication,pseudo_real_time,-0.8328123228207236,0.0,0.31610644066888105,0.0,,,,,-1.5025037886491035,0.0,1.058625598550538,0.0,,,,,-11.09704658977837,0.0,-7.3064730545045835,0.0,,,,,-3.0523352276694014,0.0,-4.115282882759113,0.0,,,,,-1.9138880959873459,0.0,-1.961315001262905,0.0,,,,,-4.7260015765582715,0.0,-3.3826929428602712,0.0,,,,,,,,,,,,,-8.63219575839561,0.0,-7.390088278996634,0.0,-2.496836961634779,0.0,-0.9838509316771009,0.0,-0.6805703042376363,0.0,1.7668667218543197,0.0,,,,,-1.102163577374337,0.0,1.1786013570135845,0.0,,,,,,,,,,,,,,,,,,,,,,,,,,,,,,,,,,,,,,,,,,,,,,,,,,,,,,,,,,,,,,,,,,,,,,,,,,,,,,,,,,,,,,,,,,,,
2023-07,2023-07-24T09:30:00+08:00,final,0.88669220172673,0.9060164383540609,1.047462026743234,4.299136012820743,50,0.0,0.0,2.4937523563997526,1.1395342433608568,2.183516924783656,6.209421479026684,50,0.0,0.4729175876038078,0.0,-0.6701406361453738,0.0,2.2329742121581257,0.0,2.5173069231678022,0.0,0.2785191667800271,0.0,3.0590647995614946,0.0,-0.09090539880779606,0.0,0.4044077259875006,0.0,1.3410736426201528,0.0,0.39832720191075743,0.0,3.114125303810138,0.0,8.36647875199875,0.0,4.624097214651779,0.0,9.584945325280936,0.0,-6.548767149780358,0.0,-5.498598560740824,0.0,-0.04472108328234553,0.0,0.7247391187808976,0.0,15.88651086932988,0,27.69085985049291,0,-7.343442411958845,0,-8.510843373493962,0,4.081414704626583,0.0,8.763505402160861,0.0,3.8109314208204736,0,3.83629665225063,0,2.2260849587188423,0,2.7218239711216183,0,0.9162229519445246,0,0.932409389398843,0,,,,,4.082532513329806,0,8.775484361149712,0,4.719098394864871,0.0,9.93041461293129,0.0,-2.9263153924126817,0,8.12698412698412,0,-0.14389508297442158,0,-0.025659118609222948,0,-0.3119640697726728,0,-0.8068273781788944,0,4.672998432022948,0.0,9.853284428142715,0.0,-7.451553828408455,0,-7.0718877849210715,0,-5.277487306729914,0.0,-3.9887496803887257,0.0,-1.440477052538242,0,0.866720085469958,0,2.6298146591394866,0,2.1939536618340374,0,0.47481747368640465,0.0,1.1818726744253434,0.0,0.39899013386316085,0,1.0971958122963703,0,-6.917260314202703,0.0,-5.435158216912674,0.0,,,,,4.390816763544622,0,1.234475534939391,0,-4.682008968696887,0,-0.03182939444567719,0,-11.070281110844657,0,-10.296260320543942,0,,,,,,,,,6.273338549475847,0,9.56887486855942,0,4.251287544811425,0,4.318468501892089,0,,,,,-2.6253493821915685,0,-2.797202797202792,0,5.166368111065272,0,14.395780547081118,0,2.5421334054061293,0,0.9153519355208309,0,0.5895351504468681,0,0.0,0,-0.3900676281871068,0,-2.560899437851296,0,1.1898638918587516,0,0.8750292109158623,0,1.1263409575967716,0,7.817780088380452,0,,,,,,,,,,,,,,,,,1.476124902177304,0.0,2.992206509856628,0.0,-0.14969066141451134,0,0.0,0,-1.037677760069751,0.0,4.627218460798877,0.0,,,,,1.6654746377731229,0,0.046985508679974045,0,7.840713272296424,0,10.779500766253749,0,1.5446507040442363,0,1.6087876729941597,0,-0.35981027445339364,0,-1.383744496470727,0,1.6373207354836388,0,0.45291369559876604,0,2.7870653704544948,0,5.239141624104066,0,dbb27b0f2310ba52600f24a3941e945e9c485bb9e30a47b773c790b7c1e9b3c7,-0.2,2023-07-24T01:30:00+00:00,2023-08-09T01:30:00+00:00,publication,pseudo_real_time,0.6106510480639927,0.0,2.1582342954158245,0.0,,,,,0.8452552034486961,0.0,-0.37393709660891983,0.0,,,,,0.8958099247635971,0.0,3.5468034640631334,0.0,,,,,-2.627302151397166,0.0,-2.0993802171031826,0.0,,,,,0.1285009962549357,0.0,0.5907794239440659,0.0,,,,,1.4827987076851197,0.0,2.881520097997301,0.0,,,,,,,,,,,,,5.329223186584302,0.0,9.574819498843862,0.0,2.6338690698588314,0.0,3.3359261303759142,0.0,0.5675263404448753,0.0,-1.309133429929627,0.0,,,,,0.21510849670324708,0.0,-1.5522723022255527,0.0,,,,,,,,,,,,,,,,,,,,,,,,,,,,,,,,,,,,,,,,,,,,,,,,,,,,,,,,,,,,,,,,,,,,,,,,,,,,,,,,,,,,,,,,,,,,
2023-08,2023-08-24T09:30:00+08:00,final,4.598340682873639,2.00292913091735,3.3789661881479596,7.620506805680839,50,0.0,0.0,4.388586347029207,1.4222923051067171,2.9893295453650923,8.9196170733072,50,0.0,0.5767421050677489,0.0,-0.0806328109078916,0.0,4.88522659246355,0.0,5.360643256644088,0.0,8.210664268832463,0.0,8.772266583288499,0.0,-0.34331336429763987,0.0,-0.9961624019569365,0.0,1.0586779507839745,0.0,0.5959296283910975,0.0,4.490277613719224,0.0,2.028262825188982,0.0,11.868071390455826,0.0,8.193380797335678,0.0,0.5300223961268801,0.0,1.7398303638062649,0.0,5.572854953202801,0.0,7.652099627237953,0.0,29.91557963171841,0,18.007878627934307,0,-2.924291127598572,0,0.24582104228116747,0,-1.2271081113359428,0.0,-4.679911699779287,0.0,1.784184904228784,0,0.748168145005716,0,-1.2081211321174652,0,-3.0525050764578037,0,2.502927743344502,0,4.205607476635462,0,,,,,-1.20740647122917,0,-4.656577415599461,0,-1.6454590855285907,0.0,-5.525517605169532,0.0,13.687072322652774,0,12.826105192517415,0,0.004311467940162904,0,-0.2780451288632168,0,0.4086426127324753,0,-0.03708465189870293,0,-2.055535272573495,0.0,-6.404613750189664,0.0,-4.017032841469527,0,-3.616352201257859,0,0.05326924239455104,0.0,-0.1065246338215247,0.0,9.609037870833356,0,9.699585589641222,0,3.1234498864614237,0,1.1940264464882704,0,4.1772176258774145,0.0,4.905883930966593,0.0,4.294878438106273,0,5.071884120635593,0,5.553830787455617,0.0,8.942367926498179,0.0,,,,,-7.972848276901788,0,-7.163796713719157,0,22.800227555742676,0,32.34630794130907,0,2.2216733576059156,0,4.764482945316774,0,,,,,,,,,12.367870476345358,0,10.082420684204614,0,1.5350834325374936,0,1.8849135784907063,0,,,,,19.391076456266855,0,23.02158273381298,0,7.442063572287845,0,4.126926727839705,0,0.2506740984170267,0,-0.5354553985700733,0,0.5286165055588724,0,1.0527328945944006,0,23.1268642409281,0,38.269230769230816,0,0.839101189379415,0,1.467181467181458,0,18.139805337179528,0,16.6415526490266,0,,,,,,,,,,,,,,,,,5.738578382501761,0.0,4.589888890790964,0.0,0.0,0,0.0,0,12.61427024769419,0.0,9.870066881094708,0.0,,,,,0.8632705695932046,0,-0.20021257137207804,0,9.905989127489915,0,10.363666205538111,0,2.7266421965125915,0,2.4450544102473724,0,0.3685623946969557,0,0.9577907033792444,0,0.8888331135093238,0,-0.4836712014921532,0,5.513264710689851,0,5.3940425692008205,0,ea59fcbdcb7afe910d1b714b52137a58255162fbd48e4a778162d9ae15cb69ad,0.2,2023-08-24T01:30:00+00:00,2023-09-09T01:30:00+00:00,publication,pseudo_real_time,2.820142970786606,0.0,1.3774031430319762,0.0,,,,,2.8205506275518633,0.0,2.1183608411742534,0.0,,,,,11.512509437703631,0.0,12.555934370338786,0.0,,,,,-1.0165887585570523,0.0,-0.5196325977970292,0.0,,,,,1.1947697977815979,0.0,0.5836504683840238,0.0,,,,,2.9231722909507054,0.0,2.109955834914056,0.0,,,,,,,,,,,,,8.612925667247643,0.0,6.326442721791557,0.0,1.566807577700122,0.0,0.5791154224385663,0.0,-0.2648042515696248,0.0,-0.8628683288688044,0.0,,,,,-0.3715183958415876,0.0,-1.2239470256188008,0.0,,,,,,,,,,,,,,,,,,,,,,,,,,,,,,,,,,,,,,,,,,,,,,,,,,,,,,,,,,,,,,,,,,,,,,,,,,,,,,,,,,,,,,,,,,,,
2023-09,2023-09-24T09:30:00+08:00,final,4.261909482781195,3.3829864683621973,3.2783290752792693,8.850597190311847,50,0.0,0.0,5.132683601843894,3.7238840459719604,4.325664462229833,9.093454540828713,50,0.0,-0.5189857125076793,0.0,0.4295477876258742,0.0,2.1837629379396346,0.0,0.8122607770683519,0.0,12.563223898380175,0.0,13.72892718529636,0.0,4.2717160133581835,0.0,6.558080584025833,0.0,3.5343446097585236,0.0,4.895352365233297,0.0,3.668783865563723,0.0,8.014867050532962,0.0,-2.9499686007680403,0.0,-3.607491916757969,0.0,-1.1098623639870309,0.0,-1.434623857902211,0.0,5.442087547166249,0.0,5.0060270090280286,0.0,-15.155918965715728,0,-16.647803047451738,0,4.29139177364539,0,4.55755622504041,0,5.015260915697417,0.0,12.366836498378904,0.0,0.0064706819605844105,0,0.11675088041656179,0,6.946169355552437,0,10.567486236022425,0,6.034676004216583,0,4.687823387374966,0,,,,,5.003085467874362,0,12.368742368742277,0,5.459268321700731,0.0,13.902847571189314,0.0,3.6155913986053854,0,3.1672862453531083,0,-1.155791302989787,0,-1.0123324396783315,0,-1.5371249738882495,0,-1.147577473845655,0,5.226065962665703,0.0,14.139776228311929,0.0,-2.697770472956795,0,-2.0228384991843575,0,-4.215009237891298,0.0,-3.7856571580912135,0.0,2.3201999415538657,0,1.7053889324723595,0,1.1854177882705277,0,1.145565090974603,0,2.053978237595456,0.0,1.4810394979381618,0.0,1.9393505581447483,0,1.2859817699225775,0,3.5831926188870002,0.0,1.504624083568938,0.0,,,,,8.809891893786709,0,13.480164521693016,0,13.820322904722508,0,7.792702485966246,0,10.621602239079717,0,15.258397932816528,0,,,,,,,,,3.122511032252677,0,4.328205128205074,0,0.792821474731852,0,-0.8307735269477893,0,,,,,-0.00933554427619332,0,-4.093567251461998,0,5.107944200916425,0,4.171731203333919,0,0.8297606645312394,0,1.2734044106909082,0,3.708781747194212,0,4.290884846175814,0,55.802156388394444,0,50.95039406583206,0,2.1185413154533874,0,2.0877727042110106,0,9.882261112619636,0,11.914789169078093,0,,,,,,,,,,,,,,,,,4.3801965752292915,0.0,4.372094545930761,0.0,1.9193621131096863,0,2.6303030303031636,0,9.41075001646752,0.0,13.28748504315705,0.0,,,,,-0.6365430755652547,0,0.34921735684565464,0,5.422149670050649,0,0.7542119016762988,0,4.052611722648446,0,4.968487727632757,0,4.390909841152844,0,5.109611231101622,0,4.864096210701564,0,8.229906091507901,0,17.202088173374943,0,20.075676447490736,0,0fc5a0f6be6bbb5dd8fff70968b90548410104b4ca0880a764b064fa22411ff7,0.4,2023-09-24T01:30:00+00:00,2023-10-13T01:30:00+00:00,publication,pseudo_real_time,3.6279350591437067,0.0,5.901639344262164,0.0,,,,,-0.7465289400854657,0.0,-0.017622476209590097,0.0,,,,,-1.7602960398502139,0.0,-4.169624686449878,0.0,,,,,3.1827803178373943,0.0,4.3700570167372295,0.0,,,,,2.68619836668472,0.0,4.736698499317846,0.0,,,,,6.717812413202223,0.0,8.081027212452275,0.0,,,,,,,,,,,,,2.0146213897662166,0.0,1.2677710721374187,0.0,2.8794928053738307,0.0,3.276036888610002,0.0,0.39658533214686564,0.0,1.9356179687704127,0.0,,,,,0.5654886853358149,0.0,2.4699837898727544,0.0,,,,,,,,,,,,,,,,,,,,,,,,,,,,,,,,,,,,,,,,,,,,,,,,,,,,,,,,,,,,,,,,,,,,,,,,,,,,,,,,,,,,,,,,,,,,
2023-10,2023-10-24T09:30:00+08:00,final,1.3712819125673372,-0.3138153843894748,0.5977598430405942,6.408894078599958,50,0.0,0.0,-0.5289102926023329,-1.873461960550938,-0.8645627283743968,6.03592448300677,50,0.0,-1.5448155396267103,0.0,-2.2972452540135744,0.0,-3.6220341043030295,0.0,-4.481681892628871,0.0,-0.6191737297229463,0.0,-5.104044157519369,0.0,6.714786579720936,0.0,6.459302057792648,0.0,-0.5501346932368345,0.0,-2.624445093514595,0.0,12.627359034289952,0.0,9.321428518336049,0.0,-2.106242289571729,0.0,-1.7110037734330064,0.0,0.7445642370813587,0.0,1.4081174909807477,0.0,1.7917831581677992,0.0,0.16839783831239044,0.0,-3.938762461301757,0,-0.20449897750501778,0,1.3365125072723214,0,0.21107649009936325,0,15.471975375727725,0.0,10.73784006595214,0.0,-5.993008106907006,0,-7.086734596340922,0,3.5000637385368196,0,3.2860909435333348,0,0.9121891473033901,0,0.6392302876536635,0,,,,,15.430390948052185,0,10.681299576225198,0,16.890954826341297,0.0,11.703431372549018,0.0,6.001702332626712,0,4.05015854713177,0,-0.5319720900119814,0,-0.45934175459876336,0,-3.392896166764377,0,-4.160724561535299,0,14.098378632414125,0.0,8.65179713027417,0.0,2.447380605921442,0,4.195804195804234,0,-1.5843574802828653,0.0,-1.4962593516209493,0.0,-0.23941447795851342,0,-2.05178715526664,0,-0.7236215894082926,0,-1.8523676880221658,0,-0.4280470551813756,0.0,-2.1261405037639665,0.0,-0.35914075524910644,0,-2.0019908178606323,0,1.3706695856054996,0.0,1.5248076287589583,0.0,,,,,9.475161449581968,0,8.937215012276399,0,0.5515908663645931,0,-2.436438707757462,0,15.673182120154886,0,7.90270149086423,0,,,,,,,,,12.070980045195205,0,10.135666535587912,0,-4.992930494176024,0,-5.6212601196761875,0,,,,,-6.471581992338524,0,-6.707317073170736,0,-0.9072233310179997,0,-2.1044297203816957,0,-3.3476596525365125,0,-3.980277436874381,0,1.7505489214492285,0,0.689529202246644,0,3.0832280094972573,0,-8.015970515970498,0,1.0339587676772521,0,0.5466789255274548,0,-4.703099443752796,0,-8.914822638547342,0,,,,,,,,,,,,,,,,,-5.6892844916532725,0.0,-7.397707134231449,0.0,-4.03823473601888,0,-6.407228061887342,0,-6.054261574492178,0.0,-11.419313159486935,0.0,,,,,-2.0922807084987776,0,-3.0431670656760765,0,-8.703043830556158,0,-9.364456815114735,0,0.024849194296243004,0,-1.7535708035892477,0,0.4258303853847689,0,-1.89455623307971,0,0.6964412999081622,0,-2.86937590051504,0,-2.3107685735346055,0,-8.0355550270529,0,b6fc752f8b76345a89682774c9d013c24f6257b66ce33c9b53a5d33b78e67ab6,0.2,2023-10-24T01:30:00+00:00,2023-11-09T01:30:00+00:00,publication,pseudo_real_time,-0.8622943300280236,0.0,-4.295975232198121,0.0,,,,,-2.624113503706176,0.0,-3.5074908724662732,0.0,,,,,8.427131079672415,0.0,9.28980640063213,0.0,,,,,5.949382016288211,0.0,5.462940119127236,0.0,,,,,10.694913984337779,0.0,10.628875110717374,0.0,,,,,-2.274554242525545,0.0,-5.1384341324500555,0.0,,,,,,,,,,,,,-3.716476914685752,0.0,-5.139588832893365,0.0,-2.146661439877187,0.0,-3.6209355057389305,0.0,-0.3119551728239089,0.0,-1.2667584238161742,0.0,,,,,-0.31567559595504074,0.0,-1.3459888459888611,0.0,,,,,,,,,,,,,,,,,,,,,,,,,,,,,,,,,,,,,,,,,,,,,,,,,,,,,,,,,,,,,,,,,,,,,,,,,,,,,,,,,,,,,,,,,,,,
2023-11,2023-11-24T09:30:00+08:00,final,-2.1062201626148958,-1.746013599724651,-2.25041531606072,4.221893195655426,34,0.48484848484848486,0.24242424242424243,-1.557300740252356,-1.4846644028233742,-1.5005821834390678,5.135992938430225,50,0.24242424242424243,2.710105602676737,0.9090909090909091,4.351072378657172,0.45454545454545453,,1.0,-3.383828670466176,0.0,-2.8041678622083444,0.18181818181818182,-2.9903367648609036,0.09090909090909091,-1.2723078099859337,0.0,-3.2249801878859508,0.0,-0.43837286773553963,0.0,0.9647314644204131,0.0,-5.169326764440486,0.0,-5.964398395017766,0.0,0.7046332046412753,0.0,1.2423602149186201,0.0,-3.8465923249563945,0.8,0.9566842812834985,0.4,-0.9326142347820259,0.0,-1.0046340482880327,0.0,-3.8779223109109155,0,-5.464590163934535,0,2.6225024088195523,0,3.8916750250752905,0,-5.492143200481924,0.0,-6.839754327191495,0.0,,1,2.141887165137243,0,-0.08326391622071239,0,-1.902188152684178,0,,1,-2.000458370166743,0,,,,,-5.4390636963656585,0,-6.774003534262696,0,-7.026360702292439,0.0,-8.12945693911138,0.0,-10.700550453904143,0,-12.67488571824349,0,,1,-1.1471234844691858,0,,1,4.020257923040855,0,-4.985691499416121,0.0,-4.733263598326349,0.0,,1,4.9217002237135885,0,,1.0,4.416315049226485,0.0,-4.691440445137864,0,-4.626903645549399,0,,1,-7.246771675890498,0,-5.4471765446613505,0.0,-5.2554227724259865,0.0,-5.333258195097924,0,-5.1512733076978625,0,-3.8465923249563945,0.0,-6.467962429089577,0.0,,,,,13.13058243170666,0,10.820615193079593,0,-3.2858800112746285,0,-1.8148197571345417,0,,1,-14.865987949303955,0,,,,,,,,,-0.10027146226516873,0,1.1648665536017466,0,,1,-3.5467870063029623,0,,,,,,1,-4.575163398692802,0,-0.9802092228468905,0,0.08939213349225694,0,0.8836483449513349,0,2.2563189094933493,0,0.03148735577295124,0,0.0,0,-10.082953073408289,0,-6.844741235392325,0,,1,0.5783061068136705,0,-0.8216264812931756,0,-1.154509048512207,0,,,,,,,,,,,,,,,,,-0.851765476127226,0.0,0.20831216339802966,0.0,,1,-9.85551138873124,0,-0.9729503552358407,0.0,0.49199495271055693,0.0,,,,,2.710105602676737,0,5.401690255574855,0,,1,-2.566130795896077,0,0.32207245810854845,0,1.5226056887349495,0,-1.9627804646062046,0,-1.0430684644587074,0,-0.9964318093958372,0,1.123069723912061,0,-3.9953156920765016,0,-4.144981412639254,0,65dc33a0d3da26032d20a8bc3622609df67441957dc3c963df9e6b45bc681ddc,-0.3,2023-11-24T01:30:00+00:00,2023-12-09T01:30:00+00:00,publication,pseudo_real_time,-5.459729167307291,0.0,-4.029450964661312,0.0,,,,,,1.0,4.423046813840604,0.0,,,,,-2.4412063363579533,0.0,-3.7642912015906944,0.0,,,,,-2.2044127788939916,0.0,-4.364535641479787,0.0,,,,,-1.5292467348430976,0.0,-3.4082167694938867,0.0,,,,,-1.1260328578813688,0.0,0.3187114008753872,0.0,,,,,,,,,,,,,3.369319516015189,0.0,5.299995783615104,0.0,-0.9469284336985127,0.0,0.027892311423784122,0.0,,1.0,6.559620001548956,0.0,,,,,,1.0,6.848942762406944,0.0,,,,,,1.0,,1.0,,1.0,,1.0,,1.0,,1.0,,1.0,,1.0,,1.0,,1.0,,1.0,,1.0,,1.0,,1.0,,1.0,,1.0,,1.0,,1.0,,,,,,,,,,,,,,,,,,,,,,,,,,,,,,,,,,,,,,,,,,,,,,,,,,,,
2023-12,2023-12-24T09:30:00+08:00,final,-0.9656750288078918,-1.3663219271201879,-1.2670463043680018,4.748726050718119,34,0.48484848484848486,0.24242424242424243,-0.7362470010689208,-0.3252221617826253,-0.8223163383647762,4.166973449716779,50,0.24242424242424243,2.3911974626718675,0.9090909090909091,1.3157873816033965,0.45454545454545453,,1.0,-2.199940985443451,0.0,-2.5727682846564353,0.18181818181818182,-2.4977723272609076,0.09090909090909091,-3.1452155012553527,0.0,-2.553787226081007,0.0,-1.740451697828275,0.0,-2.2758763917389238,0.0,1.0832547318228387,0.0,2.5550283117200476,0.0,-2.2337089830220296,0.0,-3.0199318094186496,0.0,-2.668868911994631,0.8,0.8066177714732944,0.4,1.0192386921912893,0.0,0.5649646650141199,0.0,-8.224645848435696,0,-8.742669066669476,0,3.4185852979831877,0,2.2655596318466458,0,-1.5253655852014287,0.0,0.3995604834682318,0.0,,1,-2.663013919384456,0,-4.46561180321783,0,-5.381480746630816,0,,1,-1.406521448616762,0,,,,,-1.5415047317248423,0,0.3685762426284147,0,-1.38849983910405,0.0,0.6090279436350938,0.0,-9.445394645672282,0,-8.8832487309645,0,,1,1.0569427929713093,0,,1,2.1683481403403504,0,0.11544119449582546,0.0,1.0019214932748255,0.0,,1,1.736216874809694,0,,1.0,0.16163793103447593,0.0,-1.3350490054667878,0,-0.8307926829267195,0,,1,-3.325418584157517,0,-1.0819428922806098,0.0,-0.32042935268740413,0.0,-1.1029409220919897,0,-0.33001497087784654,0,-2.668868911994631,0.0,0.5219985085757132,0.0,,,,,9.704854089175933,0,6.701789726505002,0,1.1376626514321868,0,-0.130084457819504,0,,1,-3.5143380109823124,0,,,,,,,,,12.138431566056244,0,11.673357744739043,0,,1,-3.893743716649885,0,,,,,,1,-0.6849315068493259,0,0.5563648061029639,0,0.7442691277165754,0,1.5272218666610051,0,0.9457407151733208,0,-1.2071517676209973,0,-1.7006802721088083,0,1.5895157477579942,0,2.2939068100358595,0,,1,0.044229304371367927,0,-10.758574782198881,0,-10.41834942369583,0,,,,,,,,,,,,,,,,,-2.8013510090392906,0.0,-2.0686508137707045,0.0,,1,-0.1376542777816222,0,-4.7680011932225295,0.0,-5.0778730070961045,0.0,,,,,2.3911974626718675,0,1.1351011930636463,0,,1,-5.5324737344794075,0,-4.462572855814846,0,-6.132178205841762,0,-1.5661622502566082,0,-1.1350227269119442,0,-2.46029355190265,0,-2.7820453493753106,0,-4.463008800744812,0,-4.028294171704222,0,8564fb23060ce5d8ecce23a413585546f230a82480bdc765c2f435562a5c5a7c,-0.3,2023-12-24T01:30:00+00:00,2024-01-12T01:30:00+00:00,publication,pseudo_real_time,0.33716958236070366,0.0,-0.3519085307483045,0.0,,,,,,1.0,1.7892395731814732,0.0,,,,,9.229675163910404,0.0,12.716003005259225,0.0,,,,,0.1894216128721987,0.0,2.4041653562568515,0.0,,,,,-5.159456313420428,0.0,-4.684046287869057,0.0,,,,,-1.5028848977877425,0.0,-1.5647657465264735,0.0,,,,,,,,,,,,,-1.8950663986135812,0.0,-2.5826859934331194,0.0,-1.3441440151363255,0.0,-0.9917195058375627,0.0,,1.0,1.1168176752749528,0.0,,,,,,1.0,0.6282749147886468,0.0,,,,,,1.0,,1.0,,1.0,,1.0,,1.0,,1.0,,1.0,,1.0,,1.0,,1.0,,1.0,,1.0,,1.0,,1.0,,1.0,,1.0,,1.0,,1.0,,,,,,,,,,,,,,,,,,,,,,,,,,,,,,,,,,,,,,,,,,,,,,,,,,,,
2024-01,2024-01-24T09:30:00+08:00,final,-1.2752715621879902,-0.7524009773866737,-1.0403004426011893,3.3981517115948288,49,0.039215686274509776,0.0196078431372549,-2.1135501557733285,-1.2739819519223328,-1.8351671688370843,4.6733174976176866,49,0.039215686274509776,0.11435793570246561,0.0,-0.526289958126467,0.0,-2.883338829560274,0.0,-3.856709052461792,0.0,-0.36398855777160144,0.0,-0.5271615810271749,0.0,0.6666034237275343,0.0,0.06773167713065727,0.0,1.1968285483181675,0.0,1.2821729701258988,0.0,-3.4626049505890655,0.0,-6.086963515731524,0.0,-1.351923528577622,0.5,-0.44156244875186135,0.5,-0.3565295137886677,0.0,-1.1689915926637984,0.0,-2.540552026506447,0.0,-3.768995380074666,0.0,-2.717247586913054,0,-0.8076009501186938,0,0.013400529757810012,0,-0.0755239473850289,0,-2.014996787825072,0.0,-3.920007959407026,0.0,-4.627530896899863,0,-5.718010802756546,0,2.718817672591188,0,3.3591418662796175,0,-3.9465024212264255,0,-4.493239808884857,0,,,,,-2.016295275224947,0,-3.9240373517993388,0,-1.8141173436845504,0.0,-4.367952522255171,0.0,-11.851804017566742,0,-11.899373259052904,0,0.3488789471806455,0,0.3072297032291083,0,0.9487174294528724,0,0.3242446573323011,0,-2.306438166276662,0.0,-4.511482538388422,0.0,-1.8210884271834327,0,-3.2335329341318193,0,-0.8532871872102394,0.0,-1.1834319526626895,0.0,-2.00985625528564,0,-2.085414905336527,0,1.381058665612656,0,1.8389102004127598,0,0.8990110161038326,0.0,1.2778863192331344,0.0,0.7736319415478297,0,1.0996721814733381,0,1.6047870730276692,0.0,0.9099901088031135,0.0,,,,,-6.040814506941831,0,-11.488890502468752,0,-4.140066449655524,0,-6.2269139546639884,0,-4.38754090349551,0,-2.7191096496774927,0,,,,,,,,,-1.9378276839306583,0,-6.17469284557342,0,-5.500669088780385,0,-5.853952926976488,0,,,,,-3.1395246452118624,0,-5.517241379310353,0,-1.1923043352288665,0,-1.912360688956398,0,-0.39771668560455137,0,-1.0490614464827006,0,-4.725217904807351,0,-5.190311418685198,0,-11.499719826933218,0,-17.589348283111427,0,0.15973725626627344,0,0.11052437676520976,0,6.672561189317902,0,9.820955761331728,0,,,,,,,,,,,,,,,,,-1.5215307698548992,0.0,-2.4989213909741665,0.0,-0.7524009773866737,0,-1.150647166020306,0,2.4549359713104035,0.0,3.5679611650486445,0.0,,,,,0.46055394501375535,0,-0.5826726525933117,0,-6.640878528855911,0,-10.070014912923757,0,1.0271949303687042,0,3.6054035938022984,0,2.3298611994474334,0,1.600852075059661,0,1.8279747490610836,0,0.971497658124337,0,4.350913646515445,0,5.731202726801525,0,39e7713b5b541c4d037cca3beffbe46c308e6e087c52f1b3f6ebc34033163f20,-0.2,2024-01-24T01:30:00+00:00,2024-02-08T01:30:00+00:00,publication,pseudo_real_time,1.4974409661664188,0.0,1.8185262360296015,0.0,,,,,0.41430933877987025,0.0,-0.5597427147521881,0.0,,,,,-2.2967553796148272,0.0,-7.81119813364439,0.0,,,,,-0.5486785293404213,0.0,-2.323835522948354,0.0,,,,,-0.17032887206816352,0.0,-0.8321113119392919,0.0,,,,,-0.8599511784504079,0.0,-1.7048117743166613,0.0,,,,,,,,,,,,,,1.0,,1.0,0.8453096629367173,0.0,0.2142900875528951,0.0,-0.7430762531700826,0.0,-1.3728167900523789,0.0,,,,,-0.7432357930422672,0.0,-1.2739819519223328,0.0,,,,,,,,,,,,,,,,,,,,,,,,,,,,,,,,,,,,,,,,,,1.0,,1.0,,,,,,,,,,,,,,,,,,,,,,,,,,,,,,,,,,,,,,,,,,,,,,,,
2024-03,2024-03-24T09:30:00+08:00,final,,,,,0,1.0,0.0,,,,,0,1.0,,1.0,,1.0,,1.0,,1.0,,1.0,,1.0,,1.0,,1.0,,1.0,,1.0,,1.0,,1.0,,1.0,,1.0,,1.0,,1.0,,1.0,,1.0,,1,,1,,1,,1,,1.0,,1.0,,1,,1,,1,,1,,1,,1,,,,,,1,,1,,1.0,,1.0,,1,,1,,1,,1,,1,,1,,1.0,,1.0,,1,,1,,1.0,,1.0,,1,,1,,1,,1,,1.0,,1.0,,1,,1,,1.0,,1.0,,,,,,1,,1,,1,,1,,1,,1,,,,,,,,,,1,,1,,1,,1,,,,,,1,,1,,1,,1,,1,,1,,1,,1,,1,,1,,1,,1,,1,,1,,,,,,,,,,,,,,,,,,1.0,,1.0,,1,,1,,1.0,,1.0,,,,,,1,,1,,1,,1,,1,,1,,1,,1,,1,,1,,1,,1,ccbaa44979a0d1888394279de3ed668ded1369c8e3f27889c3c01437e8f938ce,-0.1,2024-03-24T01:30:00+00:00,2024-04-11T01:30:00+00:00,publication,pseudo_real_time,,1.0,,1.0,,,,,,1.0,,1.0,,,,,,1.0,,1.0,,,,,,1.0,,1.0,,,,,,1.0,,1.0,,,,,,1.0,,1.0,,,,,,,,,,,,,,,,,,1.0,,1.0,,1.0,,1.0,,,,,,1.0,,1.0,,,,,,,,,,,,,,,,,,,,,,,,,,,,,,,,,,,,,,,,,,1.0,,1.0,,,,,,,,,,,,,,,,,,,,,,,,,,,,,,,,,,,,,,,,,,,,,,,,
2024-04,2024-04-24T09:30:00+08:00,final,-0.7235761261822886,-0.06190014757420429,-0.6519024545446148,6.161631783786621,50,0.0,0.0,-0.4236736704550013,-0.3397188053026447,-0.427621301787084,4.860386037115033,50,0.0,-3.295327206767588,0.0,-0.8282949635375337,0.0,0.7392053487518246,0.0,-0.2886914124229856,0.0,3.4455927308862635,0.0,1.779058505506026,0.0,0.7902946146918185,0.0,-0.5417187020021458,0.0,4.714197976173943,0.0,5.559278710129051,0.0,-9.712902624989265,0.0,-6.878803635752568,0.0,-1.9439868214883986,0.0,-1.1661483838292168,0.0,-6.039791341504117,0.0,-5.400574069024608,0.0,2.322927324624175,0.0,2.590811096186409,0.0,1.5130332123818995,0,3.008738340697215,0,-1.8024672011967335,0,-1.8371769576608181,0,-8.859198623887583,0.0,-7.28243459690335,0.0,0.7413181232405469,0,-0.7397429669213286,0,2.414452979265658,0,-1.3264866417696464,0,-2.845237302365591,0,-2.9514703229297967,0,,,,,-8.839606047280117,0,-7.252252252252286,0,-8.828284253868175,0.0,-6.559917355371901,0.0,-4.684585140680527,0,-0.8658823529411984,0,-2.7181080524598165,0,-2.7377365443390578,0,-3.6763934998332535,0,-1.9071499126205216,0,-9.11287111171019,0.0,-6.81582456660252,0.0,-2.9303932097309042,0,-2.8858218318695052,0,-3.547647979435443,0.0,-3.5878068519017488,0.0,2.8579298972008496,0,2.7975184760037255,0,0.40206919588085127,0,0.8313438442987264,0,3.748649010907594,0.0,5.279626722098294,0.0,3.487038234957708,0,4.9497218656396935,0,-11.641332835346002,0.0,-9.72809352330257,0.0,,,,,-1.170378219346931,0,-2.8147427320277925,0,1.881029548374758,0,3.5041557031282924,0,1.0199053277134404,0,-4.508993680116689,0,,,,,,,,,-13.405382512086728,0,-5.934988119913049,0,-1.240039394090888,0,-1.8663584606823078,0,,,,,5.791167456765496,0,2.721088435374174,0,0.8766371746189004,0,1.277144521174786,0,6.907665610020504,0,7.624027475993462,0,3.133295475651071,0,1.8285865422762417,0,25.226216338543672,0,15.584415584415531,0,-0.004254095316206791,0,-0.022021581149486023,0,1.865702451635856,0,1.396774007053168,0,,,,,,,,,,,,,,,,,-0.9740769719664321,0.0,-1.1335633316904437,0.0,3.188165005732589,0,3.959984316893772,0,3.225289826988045,0.0,2.365427229449525,0.0,,,,,-3.5155281940902277,0,-1.9117830813444623,0,-0.11954619983220179,0,-4.242354564267639,0,2.697708058892733,0,2.6610574529523343,0,4.92063407182388,0,6.147094541417578,0,4.330784163958655,0,5.80493537015283,0,1.7156905938769242,0,-0.35685696544392637,0,e1d0f8e0d030a764adcdb9271f5fb39ae63eab19a5d465c2c60936ab13336325,-0.2,2024-04-24T01:30:00+00:00,2024-05-11T01:30:00+00:00,publication,pseudo_real_time,-1.4930195277758385,0.0,-0.32258064516136303,0.0,,,,,-2.8643687278379035,0.0,-0.220045056844815,0.0,,,,,-14.260390685411537,0.0,-13.440326206283675,0.0,,,,,-4.226504365787184,0.0,-4.106732638275344,0.0,,,,,4.182935230596981,0.0,3.8080631740385527,0.0,,,,,1.5357796481037838,0.0,1.5036886732869637,0.0,,,,,,,,,,,,,,,,,1.4578024471242834,0.0,1.985129662092705,0.0,-3.541266315812768,0.0,0.7238115438662605,0.0,,,,,-3.4562984505715577,0.0,1.0831332700573935,0.0,,,,,,,,,,,,,,,,,,,,,,,,,,,,,,,,,,,,,,,,,-5.542526475650361,0.0,-4.670006534524047,0.0,,,,,,,,,,,,,,,,,,,,,,,,,,,,,,,,,,,,,,,,,,,,,,,,
2024-05,2024-05-24T09:30:00+08:00,final,1.4126679122606425,0.9482978258597248,1.0099960657042957,4.115763210707463,50,0.0,0.0,1.494092978653914,0.8178769411735523,1.0873103240134891,4.768769390634597,50,0.0,1.4374839142638678,0.0,0.9294034979749672,0.0,-0.9695530752579338,0.0,-0.41967888797382835,0.0,-0.06523731525921697,0.0,-0.041866407158516306,0.0,-1.0813843815574227,0.0,-1.0847043926342792,0.0,6.082215335874905,0.0,5.816674920195325,0.0,6.281912435509471,0.0,7.714731528250722,0.0,2.2485888161011336,0.0,2.421185587859694,0.0,-1.6763857409778975,0.0,-1.2271322158195768,0.0,0.6070975682235334,0.0,-0.7822573660886961,0.0,2.2063951767342447,0,1.0347483281608048,0,-1.5984949777291708,0,-1.2290355530659445,0,1.7756149598372222,0.0,3.374409766209813,0.0,1.182377173904187,0,2.0533469778202855,0,-1.5034259654383835,0,-0.4243302060513614,0,-5.00259785420678,0,-4.922482061196435,0,,,,,1.769240393850201,0,3.3754249635746,0,3.2735713391431442,0.0,5.223880597014968,0.0,11.103384958717918,0,9.152188360391182,0,-0.773001054731298,0,0.33875640739914564,0,0.5941335684235445,0,0.3872966692485399,0,3.189691962031994,0.0,5.167753219907801,0.0,-2.462076958232274,0,-2.7454780361757396,0,0.03435588997566228,0.0,0.5036373810856116,0.0,-2.7117674357419497,0,-4.2734184838522475,0,-3.55588102099207,0,-4.564739252190387,0,-1.4566854254759332,0.0,-4.087505382442281,0.0,-1.4899262422890782,0,-4.074123151253263,0,-2.601436154677081,0.0,-1.4395559923686028,0.0,,,,,7.078947119979788,0,7.657454691098393,0,3.8931430495825237,0,2.445323218465093,0,-2.5729793050512635,0,1.9473081328751722,0,,,,,,,,,6.442934954103017,0,6.142849465255012,0,-0.9375640738843652,0,0.01308615049077796,0,,,,,-0.3349545973129817,0,1.3245033112582643,0,5.4073352062955555,0,4.855206407886583,0,8.197760632118095,0,7.464284597830571,0,-1.6711256567141508,0,-2.3612750885478704,0,-4.349108937316515,0,-6.248287201973146,0,-0.2167020955319831,0,-0.2936857562408645,0,1.346080723959337,0,0.6944682015668877,0,,,,,,,,,,,,,,,,,1.893857817094887,0.0,3.4094146133029017,0.0,-0.05319387002238881,0,-1.3017142857144413,0,-0.8152540053132963,0.0,-2.301445912913802,0.0,,,,,1.1363625854405308,0,0.7210191082803276,0,1.1620917359829124,0,4.334253811982173,0,7.044977016651472,0,9.46812637908881,0,2.7153231060585052,0,1.158811138335594,0,6.370800588671549,0,5.175477565526327,0,-1.490640205189178,0,-1.0098355732412394,0,fe33fd4d06ec5dd50d4b4f67ec991d9000b03ef31fb2f0e7727e2c6fdd9d35cd,0.2,2024-05-24T01:30:00+00:00,2024-06-12T01:30:00+00:00,publication,pseudo_real_time,-2.875187388017397,0.0,-3.8834951456310045,0.0,,,,,0.7602330662789186,0.0,-0.052507219742774336,0.0,,,,,16.418948480882804,0.0,21.56661432540167,0.0,,,,,-3.8276900229570088,0.0,-3.744517745918253,0.0,,,,,2.0869628437231245,0.0,0.9147347740667771,0.0,,,,,0.6771761558919002,0.0,0.3931900021182975,0.0,,,,,,,,,,,,,,,,,2.1263467850538005,0.0,1.7248124044241864,0.0,3.2537895744107717,0.0,2.00842326928142,0.0,,,,,3.6533857457607386,0.0,2.1734327533831443,0.0,,,,,,,,,,,,,,,,,,,,,,,,,,,,,,,,,,,,,,,,,6.137866249298328,0.0,7.457843988484222,0.0,,,,,,,,,,,,,,,,,,,,,,,,,,,,,,,,,,,,,,,,,,,,,,,,
2024-06,2024-06-24T09:30:00+08:00,final,1.431991183067115,0.13225980349489785,0.9577909551054574,4.578121852471082,46,0.14814814814814814,0.07407407407407407,0.8986769933819155,-0.009310730592134019,0.35001012575860085,5.204749626235912,46,0.14814814814814814,-0.9718674275980759,0.5,-1.8774017382253474,0.5,1.6442015952601108,0.0,1.4152936064078716,0.0,2.6543957793296804,0.0,3.2563588109005805,0.0,1.9981168596009218,0.0,2.018372630357685,0.0,2.639984257075039,0.0,-0.34160195309903757,0.0,3.330929676321444,0.0,1.698203169144371,0.0,0.6556991539398317,0.0,-0.2627460552939898,0.0,-1.1088928219340979,0.8,-0.8681370248709319,0.8,-1.7779177341894208,0.0,-1.659490897288978,0.0,-1.9384351493444771,0,-2.523396226415068,0,1.295741084639582,0,1.8414731785428684,0,4.352077580343723,0.0,3.152852049910857,0.0,-0.20882983085358087,0,-0.830535815494708,0,7.088784451705063,0,6.839412323660679,0,-3.9094952143008426,0,-4.360067258436561,0,,,,,4.333275903301047,0,3.112520554381,0,3.8408858798194947,0.0,2.1670606776989785,0.0,11.092956101993247,0,9.106723493085093,0,0.13808722797825257,0,-0.5841588556707215,0,-1.1907484667445658,0,-1.8415637860081067,0,4.239008130329608,0.0,2.494708194738446,0.0,,1,,1,,1.0,,1.0,0.12643237901154314,0,1.3526266121420383,0,-1.9410690545455693,0,-2.277564385114228,0,-1.672533549231234,0.0,-0.5507801806734243,0.0,-1.5952124743223446,0,-0.4643502284559771,0,-1.1088928219340979,0.0,-0.8681370248709319,0.0,,,,,0.9476918810504149,0,0.48829260352967785,0,-1.368984895023848,0,-1.9556483377973763,0,3.7539797672539295,0,3.2334581772783797,0,,,,,,,,,-0.5506809376482924,0,-1.265822784810131,0,2.9211287748519865,0,3.253663642707537,0,,,,,19.8938568870822,0,21.56862745098041,0,-3.8139162329269825,0,-5.547067810553466,0,-0.27113864359830586,0,-4.090458425146901,0,-7.104899746621057,0,-8.827085852478806,0,-2.6814936049526747,0,0.0876936568255019,0,0.04602414035073827,0,0.11045655375549449,0,5.830747682440388,0,7.3452469932730216,0,,,,,,,,,,,,,,,,,4.4081357490287045,0.0,1.830139627774128,0.0,-2.030908528802071,0,-1.7808964694711282,0,1.4587328850129782,0.0,1.3569959502152114,0.0,,,,,-1.284843307276443,0,-2.0944527356892824,0,-1.6170944117019737,0,-4.361334867663843,0,6.309715342218427,0,3.432216764590118,0,1.3657650141303812,0,-0.27522000611608277,0,3.1555953155496543,0,-0.4329461457232846,0,10.219266804037003,0,15.634267511092528,0,a26c19c3d3b6e33c82d4a023a4e0e2e4b3b7dda528d2a86efdddc7e1aa6e97a3,0.1,2024-06-24T01:30:00+00:00,2024-07-10T01:30:00+00:00,publication,pseudo_real_time,3.9951159807600445,0.0,5.723905723905676,0.0,,,,,,1.0,,1.0,,,,,-3.9910149238887174,0.0,-6.880620000993648,0.0,,,,,-0.4545818942929134,0.0,0.4211816058505999,0.0,,,,,-0.6398519786093843,0.0,-1.2054760384382246,0.0,,,,,1.6241713651600285,0.0,1.429456832777164,0.0,,,,,,,,,,,,,,,,,1.7492173974833867,0.0,1.4694914464176625,0.0,,1.0,,1.0,,,,,-1.5499651643495471,0.0,-2.9894315755332785,0.0,,,,,,,,,,,,,,,,,,1.0,,1.0,,1.0,,1.0,,,,,,1.0,,1.0,,,,,,,,,2.6097915265243903,0.0,-0.10631511800976993,0.0,,1.0,,1.0,,,,,,,,,,,,,,,,,,,,,,,,,,,,,,,,,,,,,,,,,,,,
2024-07,2024-07-24T09:30:00+08:00,final,-1.0665722241468434,-1.2920315785914886,-1.298165559329639,3.638781432901449,48,0.07692307692307687,0.038461538461538464,-0.9414763751127896,-0.8994336128485321,-1.078369875209166,4.364263424313451,48,0.07692307692307687,-3.170083066366439,0.0,-2.6259271992262754,0.0,-0.9069162524277371,0.0,-0.8389428526192523,0.0,1.0810369853582846,0.0,0.727882590901503,0.0,-1.4640791884588147,0.0,-2.3739868630892658,0.0,-0.567902995168815,0.0,0.6182956355215157,0.0,-2.8343093302848668,0.0,-2.621058202612353,0.0,-1.3939111847227672,0.0,-1.4052462117452282,0.0,-6.275900224910155,0.8,-8.982248520710115,0.8,0.2052734070189051,0.0,1.0319311205494561,0.0,-3.1338600256133975,0,-3.0521111984299005,0,0.7501385573688213,0,0.7009958071278357,0,-2.732139634329953,0.0,-2.700075602116798,0.0,-1.0921049143204453,0,-1.2265623282703066,0,-2.0937834371478847,0,-3.576046576860797,0,-0.08733338292294388,0,1.0507809305748292,0,,,,,-2.7190358897858897,0,-2.676842464973194,0,-3.0505301591967093,0.0,-3.0209538501092617,0.0,-8.246138916949048,0,-8.051658163265325,0,-1.3607949948599902,0,-1.0254920798051619,0,-3.8036766459418163,0,-3.610732627607175,0,-3.473319185137693,0.0,-3.510842307124941,0.0,,1,,1,,1.0,,1.0,0.2008582604761407,0,-0.1719946203185155,0,-1.7497217572339925,0,-0.2744969167424226,0,0.2537013637477794,0.0,0.41179449913009,0.0,0.2510075232800502,0,0.44836825979732536,0,-6.275900224910155,0.0,-8.982248520710115,0.0,,,,,2.580171750386913,0,3.5819237799940855,0,-0.6811392771502245,0,0.24908101159027127,0,1.9669831807160052,0,2.442858870480102,0,,,,,,,,,-0.30118507669792777,0,-0.44102564102563885,0,1.346213259018405,0,0.12249725437193143,0,,,,,1.9758642306495058,0,2.1505376344085607,0,-2.9488224572678603,0,-1.343784994400911,0,-2.7158201118940233,0,-0.5435400748647272,0,-1.3729591786272282,0,1.6724137931034797,0,16.291993465503296,0,20.911214953271028,0,0.031268533673353874,0,-0.039230109108642164,0,-4.679691295539359,0,-9.019074144406408,0,,,,,,,,,,,,,,,,,-3.8900265390992645,0.0,-3.4085145233828475,0.0,-0.9466895533987271,0,-0.7733751458919021,0,-1.2232681623229869,0.0,-0.6003807292428028,0.0,,,,,-3.3251351995234213,0,-2.431210437927815,0,-6.732826434887053,0,-7.721694140296067,0,3.963798469153104,0,4.7826063678854185,0,-3.7797016215170696,0,-3.5429544901434955,0,0.2601112835827286,0,1.7770707392088667,0,3.7610298424291755,0,-1.3079011924595085,0,8a05a660bfb6d322953bdf43cb7a9953d92f9b4a23f3901c642e586f9a0610f2,-0.2,2024-07-24T01:30:00+00:00,2024-08-09T01:30:00+00:00,publication,pseudo_real_time,2.648890709337118,0.0,1.7286624203821155,0.0,,,,,,,,,,,,,0.6821835501031539,0.0,2.053990610328686,0.0,,,,,0.32815097772104795,0.0,-0.22114614710031102,0.0,,,,,-2.626605105949607,0.0,-3.3247678653066894,0.0,,,,,-0.1045282075481817,0.0,-0.28212228766063313,0.0,,,,,,,,,,,,,,,,,-1.0121906826250964,0.0,-1.8421324635651053,0.0,,,,,,,,,-4.300128047176497,0.0,-3.443760274163285,0.0,,,,,,,,,,,,,,,,,,1.0,,1.0,,1.0,,1.0,,,,,-2.4363500514141814,0.0,-2.4412248580374163,0.0,,,,,,,,,-1.7980120859237254,0.0,-1.86462324393362,0.0,-3.794413459282728,0.0,-2.8031429178167993,0.0,,,,,,,,,,,,,,,,,,,,,,,,,,,,,,,,,,,,,,,,,,,,
2024-08,2024-08-24T09:30:00+08:00,final,-2.057911052729043,-1.7199695292631978,-2.6494723882540705,5.184813574745762,48,0.07692307692307687,0.038461538461538464,-2.7092111919405095,-2.19024767605414,-2.987970851775534,5.373826878387036,50,0.038461538461538436,-7.112608910900934,0.0,-9.26052433043732,0.0,-0.8485895465371764,0.0,-1.2567884486760228,0.0,-0.4363216626954502,0.0,-0.9662287185772744,0.0,-0.6525899376143772,0.0,0.6553771611052046,0.0,-5.452010885838439,0.0,-5.914352039402151,0.0,-2.4129454854834784,0.0,-3.720894464288302,0.0,-2.2353088895765407,0.0,-2.3045546146954594,0.0,-7.834996248331329,0.8,-4.810808274764706,0.4,1.7075351008842699,0.0,1.4838012922451596,0.0,-0.21530878837960798,0,0.31346209903816685,0,0.38532155210969277,0,-0.06505757595467704,0,-0.6508915066262064,0.0,-1.13220113220111,0.0,-1.6949381075865961,0,-2.3411594525424197,0,0.16955064737675463,0,2.4074074074073866,0,-0.5729853228428715,0,-0.9063321869310155,0,,,,,-0.6424391521116611,0,-1.1118913857678185,0,-0.7008888003680133,0.0,-1.2592788971368476,0.0,0.6063528617653975,0,1.0057222125888703,0,-2.399427754532123,0,-3.5079006772008197,0,-8.764548887027265,0,-11.643016364921547,0,-0.9055694139255341,0.0,-1.4065127656321432,0.0,,1,-4.082840236686403,0,,1.0,-4.193037974683531,0.0,-1.666343561239745,0,-1.918518038733097,0,-5.295761113798936,0,-7.208901122332205,0,-0.8903016893888201,0.0,-1.4090530286415013,0.0,-0.9521794505476114,0,-1.530400773702703,0,-7.834996248331329,0.0,-6.156546612924182,0.0,,,,,7.760233697980483,0,7.66670389813475,0,1.9112412948018558,0,1.5428697377121376,0,-1.6782183994046371,0,-3.0929052059969373,0,,,,,,,,,-8.615039285499055,0,-12.434325744308286,0,-3.180662328837246,0,-4.02480698645744,0,,,,,10.408527452643607,0,9.99999999999999,0,-2.2866959677536833,0,-3.4556690629335933,0,-7.1867968068385215,0,-7.528656544594321,0,4.082560313699457,0,4.551205958701372,0,20.52368891740095,0,16.376811594202938,0,-0.1808162768566715,0,-0.16188770879833966,0,-4.4325934385899,0,-1.273205858138327,0,,,,,,,,,,,,,,,,,-3.448771435280732,0.0,-4.045160161036248,0.0,-0.08214208825857779,0,0.0,0,-0.6550529175545545,0.0,-0.24938967926590788,0.0,,,,,-5.621814655599991,0,-7.705751509374122,0,-6.18993858676012,0,-5.411220132346753,0,-4.966171067318649,0,-8.868553092778136,0,-4.627076467949416,0,-3.3304570295352107,0,-5.02799920124717,0,-3.929741490700938,0,-3.9112383424448782,0,-4.660250957039525,0,9fae4b655e477b880b3c199ad2b6bfcab073878607048582be0db5689d4e3f80,-0.7,2024-08-24T01:30:00+00:00,2024-09-09T01:30:00+00:00,publication,pseudo_real_time,-4.779419035534489,0.0,-6.1710307174073815,0.0,,,,,,,,,,,,,-5.982143101619275,0.0,-9.707773537560776,0.0,,,,,-0.38231950928008684,0.0,0.14903129657225833,0.0,,,,,-1.7450009509397995,0.0,-0.590307220664031,0.0,,,,,-1.20057520900875,0.0,-1.052151238591901,0.0,,,,,,,,,,,,,,,,,-2.4943407987838264,0.0,-2.03933589956586,0.0,,,,,,,,,-8.867749308093801,0.0,-10.731496176598045,0.0,,,,,,,,,,,,,,,,,,1.0,,1.0,,1.0,,1.0,,,,,-9.32850790193564,0.0,-12.427242561061906,0.0,,,,,,,,,-6.875939432459707,0.0,-7.162068367169868,0.0,-7.69360495821678,0.0,-9.547738693467481,0.0,,,,,,,,,,,,,,,,,,,,,,,,,,,,,,,,,,,,,,,,,,,,
2024-09,2024-09-24T09:30:00+08:00,final,-1.500162616737573,-0.9445918412649832,-1.3763029412577148,4.2109510664297325,50,0.0,0.0,-1.0378633756120506,-0.9242432367970084,-0.940673629666296,4.932463353990891,50,0.0,-2.8028870847617138,0.0,0.031208509730346057,0.0,-1.0162662556688011,0.0,-0.7652584791037613,0.0,-0.8979328504632409,0.0,-1.426394941169666,0.0,2.7559626803983064,0.0,2.9925199711080825,0.0,-0.494306019200219,0.0,-0.3218757166604951,0.0,-3.468803354146303,0.0,-1.4854342405020886,0.0,-3.0620975020649355,0.0,-3.557078339980618,0.0,-4.198760726096304,0.0,-4.189696005101612,0.0,-0.217969263201956,0.0,-0.9576828203964692,0.0,0.3260937525996431,0,0.8435039448438363,0,-1.849917036549993,0,-2.711412017446835,0,0.08540560031121994,0.0,1.7963399573369148,0.0,-0.6725750104747013,0,0.6471754437937037,0,7.848567823914523,0,9.565380058614577,0,-0.706390076054605,0,-0.5430566330488485,0,,,,,0.06090271539389382,0,1.7516865901290233,0,0.13455913336108707,0.0,2.0942408376963333,0.0,-3.4070285401601184,0,-3.40772532188835,0,-3.6186846834975674,0,-2.7137042062416072,0,-4.58197178224047,0,-0.9383749192380657,0,0.8551958708625974,0.0,3.7060009303767982,0.0,-1.4588575982097363,0,-0.5243676742751481,0,-0.030116887709143548,0.0,1.7065785851912905,0.0,-3.2444108684242967,0,-4.148506220778217,0,-2.0118199586036485,0,-0.6044147343500705,0,-3.9725199816511263,0.0,-5.135078021599159,0.0,-3.829271708157347,0,-4.863307178396746,0,-11.107307692370034,0.0,-13.75129892622098,0.0,,,,,7.884827337617035,0,7.776417619353835,0,-0.7630907153733733,0,-1.2471140754188719,0,4.577087536634776,0,5.981240102326725,0,,,,,,,,,-8.60891832699694,0,-4.411764705882323,0,-2.5336851167373236,0,-2.3869181062903895,0,,,,,-4.616901200615355,0,-8.133971291865985,0,-1.142839449834575,0,-1.676464184628764,0,0.8546551219912513,0,1.638902744512796,0,2.616650356777371,0,1.8714909544603426,0,-5.153149421023002,0,-10.315483603154812,0,-0.4485199219183753,0,-0.597007591578024,0,-0.8877963889083554,0,-2.392501849872627,0,,,,,,,,,,,,,,,,,-3.661671602555453,0.0,-3.717689122384502,0.0,-0.3214308859212218,0,-0.8518778143453245,0,-1.7454645515221343,0.0,-3.493855161137188,0.0,,,,,-4.002053268242695,0,-2.269466919148289,0,3.1811921249748223,0,6.348002894854847,0,-8.92001017561497,0,-8.245821582556378,0,2.5474278359627758,0,2.6146963788883646,0,3.540703140860066,0,2.7047195925132366,0,5.893246323425816,0,9.105484761453356,0,ec3ada8aa45d297a0b595670ecddbba1bed32fb36c0de5959c8f2c51edc54f6e,-0.6,2024-09-24T01:30:00+00:00,2024-10-13T01:30:00+00:00,publication,pseudo_real_time,-4.7966983957874385,0.0,-5.243630637003005,0.0,,,,,,,,,,,,,-13.401739931795861,0.0,-11.926817971283016,0.0,,,,,-0.47259249779161505,0.0,-1.0454822954823022,0.0,,,,,0.8919127150720092,0.0,0.45766215019197093,0.0,,,,,-1.001387293621611,0.0,-1.6009381629398935,0.0,,,,,,,,,,,,,,,,,-1.0606552614404319,0.0,-0.910111554355951,0.0,,,,,,,,,0.9108570148968822,0.0,4.754978019136307,0.0,,,,,,,,,,,,,,,,,,,,,,,,,,,,,-5.907146467462824,0.0,-2.341833090039315,0.0,,,,,,,,,-7.662469222244457,0.0,-8.803326947338855,0.0,0.3816766779763926,0.0,3.6956521739130457,0.0,,,,,,,,,,,,,,,,,,,,,,,,,,,,,,,,,,,,,,,,,,,,
2024-10,2024-10-24T09:30:00+08:00,final,1.3693411956587485,1.245491722549191,1.1948513275562096,6.06030556938027,50,0.0,0.0,1.9925079825459946,0.5755524533456939,1.7399566355078577,6.6293379138947195,50,0.0,10.690980975534385,0.0,12.373004935696427,0.0,-3.7181021210124383,0.0,-4.070617561052283,0.0,-0.40269698729137327,0.0,0.5981056606100432,0.0,4.396305472504903,0.0,3.4707337689332207,0.0,3.312318172909556,0.0,3.9630884473835217,0.0,4.640460828405061,0.0,4.940901568831456,0.0,-1.5906389211723846,0.0,-0.9661389509318118,0.0,2.269817324198106,0.0,5.162067114373351,0.0,-3.8109982243868603,0.0,-3.5778995288399247,0.0,1.0200646725496012,0,0.2352634674517969,0,-1.3712896968766204,0,-0.5052025828900301,0,1.8991290413103534,0.0,0.2646961508767733,0.0,-5.890091343413014,0,-7.928996762288684,0,11.679660481359326,0,7.394760305806934,0,-0.6459653754599728,0,-0.03694884637493151,0,,,,,1.9317545748120921,0,0.27916715133181347,0,2.068618808391065,0.0,0.10519395134780624,0.0,4.423954394117595,0,6.06949257975644,0,6.70132429707147,0,9.005434521233187,0,12.59620409750624,0,14.994720168954595,0,3.4488153482332327,0.0,0.493421052631584,0.0,4.469325341708703,0,6.4806201550387925,0,6.724380707651824,0.0,8.146143437077216,0.0,-3.190134131865557,0,-1.5529191297038991,0,4.1857479596150995,0,4.1011054910258276,0,-5.924425856212831,0.0,-5.1058691115435675,0.0,-5.682380375551825,0,-4.995065061771805,0,-4.384254076766209,0.0,0.8594377510040441,0.0,,,,,-4.048243070732551,0,-5.238232746173854,0,-2.4766471689352607,0,-2.0241782395843093,0,5.217822753510044,0,7.999999999999978,0,,,,,,,,,6.846117096910988,0,9.230769230769269,0,-6.17852894497827,0,-5.115734486174901,0,,,,,-7.949864728734292,0,-6.7708333333333774,0,-0.8699619317350615,0,0.5225863596102991,0,4.820294375982906,0,4.09263590520101,0,-1.5441587430231347,0,-2.551132884262113,0,-7.019301969940699,0,-3.3557046979865737,0,-1.1030604293867672,0,-1.3321799307958149,0,-7.888674753536047,0,-10.022381594147088,0,,,,,,,,,,,,,,,,,2.5412852431281645,0.0,4.3936264943823895,0.0,-12.529497749054173,0,-13.653684841222303,0,-4.366079686302015,0.0,-4.265273329471199,0.0,,,,,7.949496958831123,0,9.734902973901153,0,0.36644364331188173,0,-1.8276677792540794,0,-2.059266811555924,0,-0.04094103269175197,0,4.548937968143123,0,5.232984026859233,0,5.939307159068119,0,6.567674890165597,0,4.6878575069637085,0,2.15124525601537,0,c697b0143d18644af8e4125c68e37f62d341fd0f42eab522d3b104e36873fce9,-0.1,2024-10-24T01:30:00+00:00,2024-11-09T01:30:00+00:00,publication,pseudo_real_time,0.3357352600528813,0.0,3.52112676056343,0.0,,,,,,,,,,,,,11.864836535060103,0.0,18.143570865106508,0.0,,,,,0.03833716360660126,0.0,0.6285185470810889,0.0,,,,,1.470918772548781,0.0,2.388922453911639,0.0,,,,,0.8045365193613332,0.0,1.592169045769811,0.0,,,,,,,,,,,,,,,,,2.5298111855839585,0.0,3.4436623113640144,0.0,,,,,,,,,13.692701345914745,0.0,14.339494553645975,0.0,,,,,,,,,,,,,,,,,,,,,,,,,,,,,12.405472367092116,0.0,15.049454568584325,0.0,,,,,,,,,-4.420691739190135,0.0,-2.628477737357202,0.0,10.800686786790612,0.0,11.114022827859312,0.0,,,,,,,,,,,,,,,,,,,,,,,,,,,,,,,,,,,,,,,,,,,,
2024-11,2024-11-24T09:30:00+08:00,final,-0.91591803843303,-1.380499186723502,-1.1650587405756538,4.2590704681454215,50,0.0,0.0,-1.5375068811765402,-1.7149919008071717,-1.5855851931331515,4.981814802677277,50,0.0,-2.4204676223574597,0.0,-4.781538634431178,0.0,-1.615902361755949,0.0,-1.3394348206772606,0.0,-0.8755233152530153,0.0,-1.247755459774368,0.0,0.5251207793112174,0.0,0.8301196551340659,0.0,0.49139722258359586,0.0,-0.16467051114015202,0.0,-2.1682584056984893,0.0,-3.935922495581113,0.0,-2.058189181452463,0.0,-2.243220048746384,0.0,7.627213506712536,0.0,7.503562218883469,0.0,-2.443476584181304,0.0,-2.509054175210538,0.0,-2.1681793916363037,0,-2.8271682241885387,0,-2.0367765063526484,0,-2.1554912906045933,0,-1.6465634747946218,0.0,-1.682983170168324,0.0,-3.230779784212759,0,-1.4533382515676263,0,-1.5989836567312676,0,-1.1346440326673812,0,0.5387488755944251,0,-0.09445973140583325,0,,,,,-1.6635098318477217,0,-1.6587402853497433,0,-1.9259381860605371,0.0,-1.7732825430185026,0.0,-1.3727373401444978,0,-4.331434316353818,0,-1.2677715733903507,0,-3.7237210738788025,0,-0.7588256638408901,0,-3.0113973964241763,0,-2.4051587464799487,0.0,-2.12765957446815,0.0,6.47897067141895,0,5.5037856726848915,0,3.3165230031942703,0.0,0.8008008008007987,0.0,1.268726053635335,0,0.9377711838311826,0,-1.392261291829942,0,-1.315647796710551,0,-2.8234617783116422,0.0,-2.300497905830299,0.0,-2.597890156247782,0,-2.040743217424493,0,13.086146845524388,0.0,16.206100183164715,0.0,,,,,-9.268269736132812,0,-11.220136518771266,0,-2.3708365053637164,0,-3.218306412139075,0,13.822362082875644,0,10.41932737335032,0,,,,,,,,,-6.144423761945654,0,-10.563380281690158,0,-0.26208415837207466,0,-0.9539629805410668,0,,,,,-6.591704953286581,0,-8.938547486033473,0,0.045593430779249086,0,0.8987575997884736,0,-1.8957142380551633,0,-2.9724316896597895,0,1.130872617332791,0,2.7875878190707217,0,3.2335513161475453,0,4.549808429118778,0,-2.0093748043100232,0,-2.03151223666743,0,-6.588124708721526,0,-3.4356402540956177,0,,,,,,,,,,,,,,,,,-3.4528131557109654,0.0,-4.952813067150642,0.0,0.6082728875882891,0,3.015710003330614,0,-1.0121073911305383,0.0,0.42360786015235496,0.0,,,,,-1.3259267548332596,0,-2.958880654913064,0,-0.5880356652189255,0,1.056279914177281,0,1.0104029040145373,0,1.9934834304297762,0,2.227392909493198,0,0.7531409069596201,0,0.6235073148818113,0,-0.43287469229021475,0,-10.538583057699563,0,-14.050450022203945,0,87e0cf33bc068cf64aebb53a5c79d9bd3ac341e587646aaa0f01e73accc04fdd,-0.1,2024-11-24T01:30:00+00:00,2024-12-09T01:30:00+00:00,publication,pseudo_real_time,-3.1839655951126167,0.0,-5.1442176870747796,0.0,,,,,,,,,,,,,-0.019477498616445123,0.0,-5.413977298019094,0.0,,,,,3.065379237168974,0.0,3.6824156033260778,0.0,,,,,0.1089667574959459,0.0,-0.05741260525649852,0.0,,,,,-1.3882610333025058,0.0,-1.4143171602936404,0.0,,,,,,,,,,,,,,,,,0.3071149593451225,0.0,0.22838233066501426,0.0,,,,,,,,,-5.644982594618929,0.0,-9.040859286446892,0.0,,,,,,,,,,,,,,,,,,,,,,,,,,,,,-0.017830064578622323,0.0,-2.250172771250882,0.0,,,,,,,,,-1.9696116463684366,0.0,-1.7470006314460194,0.0,-5.5074690828827055,0.0,-7.704200623673254,0.0,,,,,,,,,,,,,,,,,,,,,,,,,,,,,,,,,,,,,,,,,,,,
2024-12,2024-12-24T09:30:00+08:00,final,-0.8513207459177115,-1.1253807734368786,-0.9341126614173387,3.5257769507333467,50,0.0,0.0,-0.6174897254623994,-0.2353375863999655,-0.6202471777845799,4.040164843619896,50,0.0,-0.9421464479560465,0.0,0.0777693173160737,0.0,-2.1412710862936963,0.0,-2.293192183166905,0.0,0.21601361222088772,0.0,0.6439976777046748,0.0,2.648531339566818,0.0,3.264034502418325,0.0,0.42816504623365587,0.0,0.8212420864835775,0.0,-5.753628849518582,0.0,-6.205915933140538,0.0,-1.5463559941093055,0.0,-1.3880030240103436,0.0,0.5032409842970073,0.0,-1.5732280146177702,0.0,1.967227788737216,0.0,3.30208188432515,0.0,-3.283753532250435,0,-3.343465045592782,0,0.48270730761608055,0,1.4984362649070537,0,-4.9168675695847295,0.0,-6.2318191989259475,0.0,-2.125212073340831,0,-2.5078604581524466,0,1.8810567678195758,0,2.892094386144494,0,-1.232943636556968,0,-1.3565732138452298,0,,,,,-4.9257112279273905,0,-6.263269639065766,0,-5.4894851275262235,0.0,-7.100829098689464,0.0,-7.153034081574291,0,-6.4804273579122595,0,-1.6872844883006004,0,-1.3289645533075463,0,-0.2743730780222794,0,0.03341594497502527,0,-6.708157113672625,0.0,-8.87807844329582,0.0,0.36099611746028476,0,-1.186861716809268,0,0.026056262142898797,0.0,0.09930486593841699,0.0,1.297775203875336,0,1.7374785068500334,0,-2.65385941365578,0,-3.3721810407729986,0,4.2900065267530865,0.0,6.315363506455752,0.0,4.072710195768624,0,5.960870360211989,0,1.1226705732878384,0.0,-3.6321271929824595,0.0,,,,,-1.5157788154536604,0,0.5880872291251943,0,2.1145964650351723,0,4.560205672862176,0,-5.170702662142788,0,-9.619277108433694,0,,,,,,,,,-5.541599573632318,0,-3.710236220472491,0,-2.3618687021758586,0,-2.611529062245437,0,,,,,-4.4555497291054245,0,-3.067484662576721,0,6.365839529336448,0,6.501615579425398,0,-1.6535003214482702,0,0.020212674819466744,0,1.5440571564447392,0,0.6504860304457561,0,6.146286964779408,0,6.459001374255524,0,-1.3763085209968486,0,-1.140373306059978,0,3.633965516710332,0,4.726754009362065,0,,,,,,,,,,,,,,,,,-4.0941632969303345,0.0,-3.3911897806036513,0.0,1.139461995792456,0,0.9268614692370947,0,1.346295872052674,0.0,1.4542022921594397,0.0,,,,,-1.0178179103167893,0,-0.2812008932263849,0,-4.063888610310318,0,-5.216397190919523,0,3.526510837553692,0,3.2617295197909297,0,-3.0957441415194915,0,-3.624325296869494,0,2.935393810348693,0,3.6273514481934077,0,-7.019955140676366,0,-1.7588799056886346,0,83359aedf51d75cc34e201492e246890b08882e50308c98681634d6c599b1cda,-0.1,2024-12-24T01:30:00+00:00,2025-01-09T01:30:00+00:00,publication,pseudo_real_time,-3.264200111411796,0.0,-2.2088670233365995,0.0,,,,,,,,,,,,,-5.540547252712494,0.0,-4.776751573622024,0.0,,,,,5.886919106438505,0.0,7.040431665311562,0.0,,,,,0.17761814444237228,0.0,-0.14042254420108094,0.0,,,,,0.5648898457877699,0.0,0.45992994090437617,0.0,,,,,,,,,,,,,,,,,3.651879604703529,0.0,3.8166873990025247,0.0,,,,,,,,,-1.7032293889315646,0.0,1.0829575124614044,0.0,,,,,,,,,,,,,,,,,,,,,,,,,,,,,-0.3254789350328064,0.0,-0.18947427957354607,0.0,,,,,,,,,-1.8380217576935622,0.0,-2.3189802913453024,0.0,-0.6446948871322389,0.0,1.1498821725674897,0.0,,,,,,,,,,,,,,,,,,,,,,,,,,,,,,,,,,,,,,,,,,,,
2025-01,2025-01-24T09:30:00+08:00,final,-1.2087957761732593,-1.1747060796687054,-1.2915801516852172,3.4550884340059453,50,0.0,0.0,-0.6882509616475835,-1.2065276826958609,-0.9365627967258762,3.905962967113831,50,0.0,-1.6604573692456899,0.0,-2.133194505724321,0.0,-0.6025379366616643,0.0,0.37656158987423693,0.0,-0.20965421067380446,0.0,0.5487410793896395,0.0,0.5118653210074436,0.0,0.13036686533495892,0.0,-1.8103357877314497,0.0,-2.03070548320371,0.0,-6.0876165352222085,0.0,-4.67197761823769,0.0,-2.364087779000277,0.0,-2.6132450533708065,0.0,-2.1399460024879304,0.0,-2.122616279198324,0.0,3.0451608809610153,0.0,4.088310683542942,0.0,-1.2033243032040595,0,-0.41928721173997857,0,0.9331911070499064,0,0.1896183929840669,0,-4.886129085696866,0.0,-2.8994153442309583,0.0,-0.1305146227133477,0,0.7781105224091032,0,-4.091527360390574,0,-3.8579085678562137,0,-2.0374204149880204,0,-1.8003000500083997,0,,,,,-4.897540740937273,0,-2.8815905373096666,0,-5.0887012988407925,0.0,-2.5766517921405394,0.0,-6.969870648190721,0,-6.667290944845039,0,-1.1460878561333514,0,-0.9729930566843326,0,-2.6387913552755755,0,-3.270884948361761,0,-6.225461554432793,0.0,-2.569235902569198,0.0,-3.3425646921109124,0,-3.603351955307294,0,-1.1236775942479758,0.0,-1.5128968253968054,0.0,2.393709452167397,0,4.555057313034083,0,-1.7377403035787622,0,0.04940153568205236,0,7.68078576342014,0.0,10.441174721366439,0.0,7.317622269778962,0,10.100661489790031,0,-1.9535957211049033,0.0,-1.251600056890872,0.0,,,,,-1.2091313339298375,0,-1.378588652805113,0,2.544113996361712,0,1.6546414607602624,0,-6.524791038593953,0,2.367494934414018,0,,,,,,,,,-8.644023077145864,0,-8.412926861180145,0,-1.61686949746889,0,-0.29521747687457967,0,,,,,-1.5547263167536258,0,-1.265822784810131,0,1.4954964715816024,0,-0.08609733098273939,0,0.5474078808611573,0,1.3440719907603713,0,-0.45613486203228154,0,-0.843082230888049,0,1.1733454039372018,0,-1.570567986230644,0,0.019011826224377044,0,0.16294227188098875,0,-1.0623156971435908,0,-0.3253150663192177,0,,,,,,,,,,,,,,,,,-0.10419246188979477,0.0,1.1048522581282503,0.0,0.4110356100448921,0,0.11078927346271839,0,-4.310380672857432,0.0,-4.757315282805393,0.0,,,,,-2.297011235286391,0,-2.629178070830303,0,1.826920225940062,0,5.272589427252143,0,-2.3968292883376607,0,-3.7693138153998906,0,-1.5672055095342572,0,0.4375942769240867,0,-3.8247162339150376,0,-6.1351743850994085,0,3.789070602801412,0,6.420000000000085,0,872506cef53f2c4940459704fe9edca37d739ece5190be20db880f14341f03c4,-0.2,2025-01-24T01:30:00+00:00,2025-02-09T01:30:00+00:00,publication,pseudo_real_time,4.634268179273054,0.0,6.337728626116566,0.0,,,,,,,,,,,,,-5.901589341311148,0.0,-6.69673194538829,0.0,,,,,2.9879469026821672,0.0,0.7526844594827878,0.0,,,,,2.639176420730738,0.0,3.496324704378303,0.0,,,,,-0.8954061569601018,0.0,-1.2004578242700399,0.0,,,,,,,,,,,,,,,,,-0.2916367368864412,0.0,-2.8029115341544917,0.0,,,,,,,,,-0.7463002828186441,0.0,-1.9255041239836075,0.0,,,,,,,,,,,,,,,,,,,,,,,,,,,,,-2.72951356379611,0.0,-2.788009293364242,0.0,,,,,,,,,-6.822130140846677,0.0,-7.610066341356508,0.0,-0.4050399221640674,0.0,-1.2125975411216818,0.0,,,,,,,,,,,,,,,,,,,,,,,,,,,,,,,,,,,,,,,,,,,,
2025-03,2025-03-24T09:30:00+08:00,final,,,,,0,1.0,0.0,-0.8470840719130506,-1.105361290764089,-1.5431448762968338,7.826458016576169,50,0.0,,1.0,-1.0567377650027465,0.0,,1.0,0.7642725025011086,0.0,,1.0,1.5426785618905612,0.0,,1.0,-4.272294876158134,0.0,,1.0,1.8727933210611138,0.0,,1.0,-7.3127256031878,0.0,,1.0,3.298110166904111,0.0,,1.0,-0.7381809068137425,0.0,,1.0,-1.4532899763795146,0.0,,1,-0.8828883365804329,0,,1,6.250843340979608,0,,1.0,-8.28499369482974,0.0,,1,3.889251796392183,0,,1,-3.356133097527548,0,,1,1.6340699348065135,0,,,,,,1,-8.222458754656744,0,,1.0,-8.499315797476086,0.0,,1,-4.36311000827132,0,,1,-1.112907382676081,0,,1,0.06622135206727617,0,,1.0,-8.72670266504096,0.0,,1,4.573804573804588,0,,1.0,-0.07708119218905506,0.0,,1,-2.254181690026268,0,,1,-0.8987500780767189,0,,1.0,-5.715017654069251,0.0,,1,-5.625262976189233,0,,1.0,-6.7112661020567606,0.0,,,,,,1,3.6870671907168577,0,,1,-0.720540507440044,0,,1,-2.5254465143076907,0,,,,,,,,,,1,-4.7615384615384295,0,,1,4.84634134684311,0,,,,,,1,0.0,0,,1,4.4258625786561625,0,,1,3.59887831887974,0,,1,1.9081957787308503,0,,1,44.8190604630254,0,,1,0.6984567187940061,0,,1,-11.802861766896939,0,,,,,,,,,,,,,,,,,,1.0,-2.6501489728712087,0.0,,1,0.7502323728588647,0,,1.0,-5.030766188598492,0.0,,,,,,1,1.0286739355887495,0,,1,-4.8054220716090885,0,,1,2.1234859675038247,0,,1,1.2112747340451595,0,,1,0.5575342638157313,0,,1,-5.605544494009499,0,329bb32040c86d5e073646f5b39310df5dfc1eedd62f4586ed7a59a3ea120101,-0.4,2025-03-24T01:30:00+00:00,2025-04-10T01:30:00+00:00,publication,pseudo_real_time,,1.0,-3.93835616438352,0.0,,,,,,,,,,,,,,1.0,-8.330959840501317,0.0,,,,,,1.0,-7.280985479320061,0.0,,,,,,1.0,-2.1797660516267925,0.0,,,,,,1.0,-1.0978151988520974,0.0,,,,,,,,,,,,,,,,,,1.0,-1.1671981228565076,0.0,,,,,,,,,,1.0,-2.7689446211076083,0.0,,,,,,,,,,,,,,,,,,,,,,,,,,,,,,1.0,-0.9242198239302156,0.0,,,,,,,,,,1.0,4.526375496313157,0.0,,1.0,-2.6292500499585993,0.0,,,,,,,,,,,,,,,,,,,,,,,,,,,,,,,,,,,,,,,,,,,,
2025-04,2025-04-24T09:30:00+08:00,final,-1.9651692904705482,-1.7873068262337104,-1.9795528556867652,4.315510086063469,50,0.0,0.0,-2.4396755015937988,-1.5965592707200098,-1.9734760513831682,4.196034752321673,50,0.0,-1.456599505999886,0.0,-1.5716566112165749,0.0,-1.12055010849672,0.0,-0.7145292525919666,0.0,-3.516329878005223,0.0,-5.91907340313537,0.0,-6.041571185150816,0.0,-6.514994661107573,0.0,-2.4640225751395297,0.0,-4.758570742079432,0.0,-2.1014461297713525,0.0,-0.5326696364490993,0.0,2.3479636968172017,0.0,1.778899824126612,0.0,-1.7611674540764863,0.0,-2.3815713636068936,0.0,-0.7434383005523669,0.0,-0.5884830558460101,0.0,0.5557785882787603,0,0.6451612903226591,0,2.4735324707192983,0,1.6255516398387884,0,-3.325786729940922,0.0,-2.1036711123332696,0.0,1.5255228023795813,0,1.2914147521160346,0,-9.569602204632401,0,-12.00319939890084,0,-0.45420364723864287,0,-0.5331556147950236,0,,,,,-3.3474230346672234,0,-2.145549434618729,0,-1.9676172349597434,0.0,-0.6314390162844803,0.0,-0.37599882689867437,0,0.8108108108108824,0,-1.146163232419044,0,-1.5400653935460937,0,1.494975605878255,0,1.6055243849806486,0,-1.2216514831994927,0.0,0.38167938931302264,0.0,-1.5675282069512404,0,-4.771371769383731,0,-2.4036686383437895,0.0,-3.754178452044217,0.0,-1.4112765182041391,0,-1.579509367502888,0,-3.0706593104713344,0,-4.791517850890114,0,-2.2760623288417388,0.0,-1.4707619610160083,0.0,-2.281987021805369,0,-1.4141183195199165,0,-1.3123055169344293,0.0,1.3808361306072687,0.0,,,,,0.1604417428606217,0,1.1191335740073196,0,3.5206640492563968,0,3.4582014063078383,0,-11.009623019106913,0,-15.427051522017488,0,,,,,,,,,-2.685007716079825,0,-1.058072853566013,0,1.2652022523975504,0,0.09117016912068959,0,,,,,-0.0022827141473930413,0,0.675675675675673,0,-1.036148226554062,0,-3.1342257451368782,0,-1.6039798979720836,0,-4.987831349899809,0,-2.172409726579974,0,-3.643843667352406,0,17.542863366478652,0,6.472140307310241,0,0.14805777457909322,0,0.09690169577969067,0,-9.95518806334482,0,-8.541469453142222,0,,,,,,,,,,,,,,,,,-1.657295887731292,0.0,-1.4900128865979667,0.0,-0.3660632093215714,0,-0.9331136738055527,0,-6.792558458046667,0.0,-7.091590524949189,0.0,,,,,-1.8826967542839639,0,-2.2860947730551597,0,-8.009974816151043,0,-1.6136091739371317,0,-1.5148990791505033,0,-3.308763972136756,0,-3.1808173989175104,0,-5.18908522658981,0,-3.556393924518021,0,-5.548602419691355,0,-9.609124913109085,0,-14.684374150209855,0,2b497c82e7ec943b099e2afc9052a86267e821b5da4259bb8df2e6ce7fe27b2d,-0.4,2025-04-24T01:30:00+00:00,2025-05-10T01:30:00+00:00,publication,pseudo_real_time,-7.1014948408829355,0.0,-8.616042780748705,0.0,,,,,,,,,,,,,-1.7866378826535874,0.0,1.0175547615348928,0.0,,,,,-5.3103651176190105,0.0,-3.926371261040621,0.0,,,,,-3.2447462332010355,0.0,-3.6154133233812566,0.0,,,,,-0.7106893313226845,0.0,-0.7171892750092699,0.0,,,,,,,,,,,,,,,,,-4.834039406432421,0.0,-5.960918000852371,0.0,,,,,,,,,-2.650703038161143,0.0,-2.3232853043719244,0.0,,,,,,,,,,,,,,,,,,,,,,,,,,,,,-1.7879757698138332,0.0,-2.370479704797021,0.0,,,,,,,,,4.014580031453546,0.0,3.065986542218388,0.0,-2.767033847199586,0.0,-2.5155388765098983,0.0,,,,,,,,,,,,,,,,,,,,,,,,,,,,,,,,,,,,,,,,,,,,
2025-05,2025-05-24T09:30:00+08:00,final,-2.2551190486729795,-1.9979027169524353,-2.1375534458620478,2.74462105047608,34,0.48484848484848486,0.24242424242424243,-1.5320458443494105,-1.1948254602306347,-1.4647536462173736,4.187258062672502,34,0.48484848484848486,-0.5199771155075276,0.0,0.09860906755684067,0.0,,1.0,,1.0,-3.402995464851506,0.0,-0.22702213316676972,0.0,,1.0,,1.0,-0.2632164312269932,0.0,1.5822090865167777,0.0,-2.1340339263855173,0.0,-3.9924726155006582,0.0,,1.0,,1.0,-0.855374620983417,0.8,-2.626232222138647,0.8,-3.7796254137885117,0.0,-4.361047932829528,0.0,,1,,1,,1,,1,-4.6612920202835255,0.0,-6.685393258426968,0.0,,1,,1,,1,,1,,1,,1,,,,,-4.637732716870389,0,-6.666666666666686,0,-5.5164566070362735,0.0,-8.193979933110349,0.0,3.6447098568138316,0,3.0026809651474347,0,-0.994466447257689,0,-0.2719222254307296,0,0.4109465085799419,0,0.18973182680596323,0,-4.82898724696212,0.0,-7.813688212927807,0.0,,1,,1,,1.0,,1.0,-3.141513842645006,0,-2.479851208927423,0,,1,,1,-3.2864103758769767,0.0,-3.5141778070858165,0.0,-3.2389260379296028,0,-3.4868619402118197,0,-0.855374620983417,0.0,-2.626232222138647,0.0,,,,,-1.3054200514248047,0,-1.7962334880400939,0,-3.179390198037265,0,-4.825119236884055,0,-2.7755621957034915,0,1.7705299941758519,0,,,,,,,,,-0.5853868582568511,0,-1.167346938775504,0,,1,,1,,,,,,1,,1,-3.860797037064402,0,-4.112391449565761,0,1.2166909414549876,0,3.498421972679148,0,-8.526091976817415,0,-10.064043915827959,0,-7.689957716364517,0,-10.02915451895042,0,,1,,1,-7.21668263462521,0,-2.840764331210032,0,,,,,,,,,,,,,,,,,-2.3339381183249466,0.0,-1.2223039816857653,0.0,,1,,1,-2.23828677223556,0.0,2.8949588694367705,0.0,,,,,-1.7575186616693106,0,-1.323111868256569,0,,1,,1,-0.9540256935858024,0,0.09633507853394976,0,-0.374311339057021,0,2.204043959164902,0,-0.9412196337201368,0,0.530035335689111,0,-4.643447698494388,0,5.036051790529317,0,f589c30bcd2aedfdc2ef3cc69b5d29ce271d597d170e4249ec81d74b83c4acfd,-0.4,2025-05-24T01:30:00+00:00,2025-06-09T01:30:00+00:00,publication,pseudo_real_time,1.3185631923526513,0.0,8.676247990886763,0.0,,,,,,,,,,,,,1.646908107896704,0.0,-0.42291426374472174,0.0,,,,,,1.0,,1.0,,,,,,1.0,,1.0,,,,,-0.7183365616693683,0.0,-0.30328512937865854,0.0,,,,,,,,,,,,,,,,,-3.87150910638582,0.0,-2.140110565905763,0.0,,,,,,,,,-0.038656871341218944,0.0,0.7486259397309569,0.0,,,,,,1.0,,1.0,,,,,,,,,,1.0,,1.0,,1.0,,1.0,,,,,-0.9807701701658863,0.0,0.039308176100493204,0.0,,,,,,,,,,1.0,,1.0,0.24060294880899719,0.0,1.2090225563909291,0.0,,1.0,,1.0,,1.0,,1.0,,,,,,,,,,,,,,,,,,,,,,,,,,,,,,,,,,,,
2025-06,2025-06-24T09:30:00+08:00,final,-1.9149248163260901,-2.291069790727033,-1.881744951315645,3.4480811607158715,34,0.48484848484848486,0.24242424242424243,-1.6400576068683965,-1.6250998639201426,-1.3516980124533167,3.94595971759324,34,0.48484848484848486,-2.257478441742163,0.0,-2.6077380411730835,0.0,,1.0,,1.0,0.40866585022487933,0.0,0.29804529947960023,0.0,,1.0,,1.0,0.23512379825821356,0.0,0.06323729860826333,0.0,-5.972369383088373,0.0,-5.597690591276317,0.0,,1.0,,1.0,-5.75832326966487,0.8,-6.2287480680061185,0.8,-1.504136308105374,0.0,0.34394160520405187,0.0,,1,,1,,1,,1,-3.9315945229506646,0.0,-1.8663455749548339,0.0,,1,,1,,1,,1,,1,,1,,,,,-3.9726437805041663,0,-1.904761904761954,0,-4.636024498085749,0.0,-1.9854280510017652,0.0,-6.712380405338342,0,-10.078084331077557,0,-0.5361631625590751,0,-0.5863475134521976,0,-2.970673406694085,0,-3.6206896551723293,0,-5.213658749437328,0.0,-2.433491441534287,0.0,,1,,1,,1.0,,1.0,2.8858029154310962,0,4.895104895104904,0,,1,,1,0.6284470077936186,0.0,3.048189477346589,0.0,0.6029775650512109,0,2.9027645949224974,0,-5.75832326966487,0.0,-6.2287480680061185,0.0,,,,,-3.794082316718023,0,-3.8149553520710993,0,-6.877656119146468,0,-5.5249310949636685,0,4.093654545347658,0,2.930067528900077,0,,,,,,,,,-7.777724320452366,0,-9.44081936070039,0,,1,,1,,,,,,1,,1,-4.7530378874068555,0,-1.2670353115339457,0,0.611123798356849,0,0.4976569236982314,0,-2.47030690104368,0,0.5574771108850869,0,1.3785003398000109,0,5.1360985093972715,0,,1,,1,2.0055356806051567,0,2.792710108823746,0,,,,,,,,,,,,,,,,,-0.653680718324785,0.0,-0.5814675330051158,0.0,,1,,1,2.6274443655491764,0.0,0.857120893763293,0.0,,,,,-2.6905410014791897,0,-2.8629798008862477,0,,1,,1,-0.4718169901937198,0,-0.19248472675537143,0,2.4357812265054917,0,2.5589369271915072,0,-1.6345928416357667,0,-2.611159929701314,0,-2.3576605730958224,0,-5.5852176266515885,0,6a27dd4dc1c649f06672d1bd5db9f0bc18630611bcf04de4f2b1aa06b65a307e,-0.4,2025-06-24T01:30:00+00:00,2025-07-09T01:30:00+00:00,publication,pseudo_real_time,4.819897265421082,0.0,0.8715879557170328,0.0,,,,,,,,,,,,,-9.56255940485,0.0,-11.474903474903433,0.0,,,,,,1.0,,1.0,,,,,,1.0,,1.0,,,,,-1.1519998878241846,0.0,-0.7895573777293169,0.0,,,,,,,,,,,,,,,,,-1.9219946278226425,0.0,-1.3838541528854513,0.0,,,,,,,,,-2.2244790083582435,0.0,-2.480012541150709,0.0,,,,,,1.0,,1.0,,,,,,,,,,1.0,,1.0,,1.0,,1.0,,,,,-2.6925139977019064,0.0,-3.2733867311470606,0.0,,,,,,,,,,1.0,,1.0,-2.430500073660479,0.0,-2.8230120052299563,0.0,,1.0,,1.0,,1.0,,1.0,,,,,,,,,,,,,,,,,,,,,,,,,,,,,,,,,,,,
2025-07,2025-07-24T09:30:00+08:00,final,0.14049680197678074,0.23856801222805096,0.1973628691219998,2.711297639334993,50,0.0,0.0,0.2858732890450945,0.029189580487343502,0.23646018471632738,2.9715128768471724,50,0.0,0.11985708684850409,0.0,1.4217764027088844,0.0,0.8732660122343843,0.0,0.3550242854354616,0.0,-0.3086059965167195,0.0,-1.5615193830106002,0.0,-0.7448478290070426,0.0,0.37538065499932066,0.0,0.41812424131991377,0.0,-0.0827425107036591,0.0,-0.4242935123359927,0.0,2.538537583711206,0.0,1.2937498774998903,0.0,1.9272204512486935,0.0,-2.976257680404508,0.0,-3.016352935466486,0.0,1.8308756603079013,0.0,0.5400780045192235,0.0,6.708373187476815,0,6.944119229837052,0,-1.2943080757144618,0,-0.9871730382294072,0,1.1798424974747803,0.0,2.147239263803681,0.0,0.777774568574826,0,0.19361745746112163,0,1.9298689524163959,0,4.370107071984566,0,0.2056454485516245,0,0.16123697701331302,0,,,,,1.2124229321189786,0,2.2006472491909608,0,3.6568964226570704,0.0,5.259245493402659,0.0,-5.732183636886241,0,0.1968276021766393,0,0.1381724470756682,0,0.4101941747572717,0,-1.446447371790946,0,-0.21114988709346,0,4.157303486300832,0.0,5.981822024941806,0.0,-5.994807424899712,0,-6.886126973463188,0,-0.7432641423782144,0.0,-2.080518778708449,0.0,1.9702950974881295,0,-1.0330578512397426,0,3.3236730422034086,0,3.501095623805464,0,2.7441899890892305,0.0,0.06752927273388758,0.0,2.633731148647848,0,0.058379160974687004,0,-2.190701473935599,0.0,-0.08241305422782036,0.0,,,,,0.9107301620415241,0,2.180383634130322,0,-0.47862398108428567,0,-1.5249966847897558,0,-4.694869185077415,0,-2.980095629934389,0,,,,,,,,,-1.000955707443819,0,4.888726742064966,0,1.142982873884933,0,-0.39760581445060583,0,,,,,2.795504767024184,0,1.4084507042253485,0,1.7448454414988435,0,-2.0373963662021435,0,0.3017555314936896,0,-0.7418382582201587,0,3.204931545664961,0,3.492230495305943,0,6.857825580957642,0,6.965634150100236,0,0.1796548324452965,0,-0.056842053233854745,0,-2.2220926011192277,0,-5.492665816326493,0,,,,,,,,,,,,,,,,,1.163527354640026,0.0,1.1343532105318233,0.0,0.0,0,0.0,0,-1.5291575174930845,0.0,-4.091665502216833,0.0,,,,,0.3017917536785162,0,1.8750555407446738,0,-1.4391074348091983,0,-1.969758611337094,0,1.335027749721508,0,0.5456266021418479,0,0.874976182290852,0,-0.37206196839640643,0,-0.8392624982263945,0,0.23730358166008095,0,-1.1585473288230557,0,-0.5620271197630783,0,075415997f8d8ccec719122e27be2e2b6eed1c7fa7fb223d79ca714dd3f1f215,-0.2,2025-07-24T01:30:00+00:00,2025-08-09T01:30:00+00:00,publication,pseudo_real_time,-2.708505558199808,0.0,-5.753736654804184,0.0,,,,,,,,,,,,,-6.443380580573551,0.0,-2.904745289602275,0.0,,,,,-1.7230555319346912,0.0,-1.2047244094488736,0.0,,,,,-2.4413569075028323,0.0,-2.03924069753773,0.0,,,,,-0.5129507749361442,0.0,-1.4801806322126914,0.0,,,,,,,,,,,,,,,,,-0.026135376614971517,0.0,-1.3174134692782473,0.0,,,,,,,,,0.27149057590447745,0.0,1.6139403292181744,0.0,,,,,,,,,,,,,,,,,,,,,,,,,,,,,1.1543920398375382,0.0,3.0904318480096276,0.0,,,,,,,,,-1.5328154792626822,0.0,-0.17528483786156435,0.0,0.29974307638577047,0.0,1.75218641061702,0.0,,,,,,,,,,,,,,,,,,,,,,,,,,,,,,,,,,,,,,,,,,,,
2025-08,2025-08-24T09:30:00+08:00,final,2.187251863054512,0.8503147553799802,1.3516250932052278,5.680098412750206,50,0.0,0.0,2.275816601008466,0.8420965632784887,1.334214596319987,5.826962408465732,50,0.0,4.202308430827519,0.0,3.1970978247441457,0.0,-0.21543602422990046,0.0,0.07317349331773215,0.0,0.5838425387604397,0.0,0.9236627140827295,0.0,2.084434321819973,0.0,2.0579688440583315,0.0,0.06280497109111063,0.0,0.39798141877870985,0.0,12.20113386064933,0.0,13.15932710528285,0.0,1.0959963300985907,0.0,0.5016861083956979,0.0,-1.7421366642558276,0.0,-1.742040279963008,0.0,-1.6567055829837767,0.0,-1.895638569163096,0.0,4.257093762315211,0,3.6172901629835588,0,1.2046723965257962,0,0.9716136406933881,0,8.072715515027145,0.0,10.12012012012007,0.0,0.6128790549031041,0,1.0116855363070265,0,3.9368590375341785,0,2.118635214475365,0,-0.04419652769075617,0,0.11970115986302943,0,,,,,8.061922940498887,0,10.053831538948746,0,9.680885545335885,0.0,11.14053672316385,0.0,1.483314665360743,0,0.5315461058470372,0,1.0148475894335192,0,0.860547753148597,0,4.270760206152163,0,4.07323595967906,0,10.952710215178309,0.0,12.584762664539292,0.0,-4.183856702068313,0,-1.7316017316017642,0,-4.016340450912007,0.0,-3.807947019867601,0.0,-2.1599962664898427,0,-1.3876130828113726,0,-0.024070553851957426,0,-1.1485234236550277,0,-1.4246074034142397,0.0,-0.743525782389084,0.0,-1.387597656446576,0,-0.7024749991247511,0,2.9737871602128365,0.0,0.3134279115803407,0.0,,,,,-3.299601858412245,0,-6.547219974569398,0,-2.354212234466199,0,-1.9929975760839695,0,1.0891598888396983,0,-0.3209169054441399,0,,,,,,,,,27.02338166112596,0,23.913043478260875,0,-0.9985873976885529,0,-0.5150877795424813,0,,,,,-4.942951677516073,0,-4.166666666666638,0,0.4593552629206237,0,2.007742864860019,0,0.12393200416268627,0,1.1035162609672104,0,0.6857819213264413,0,0.0,0,4.654592671973322,0,3.5009364644863856,0,-0.20202350460907584,0,-0.17309594460928093,0,2.4026657764160193,0,3.556305356389819,0,,,,,,,,,,,,,,,,,1.8946459852806308,0.0,0.3601564107841478,0.0,0.0,0,0.0,0,-4.122359305260554,0.0,-3.50198675496685,0.0,,,,,4.321515885290387,0,3.1780646662013594,0,3.875462412614108,0,5.457375064845229,0,-0.9505301573914205,0,-0.5396872673120056,0,0.036649695728446875,0,0.2044513080512542,0,1.04116834186473,0,0.8236453734083804,0,1.5569310257022362,0,1.1531204137256026,0,191b1130219cf809154aaecb9d3914fff1643cec435d9c565a327e840f62ce5b,0.0,2025-08-24T01:30:00+00:00,2025-09-10T01:30:00+00:00,publication,pseudo_real_time,-1.3748307729372258,0.0,2.1402247462542117,0.0,,,,,,,,,,,,,20.13300648201838,0.0,23.771449106100068,0.0,,,,,3.069786509680199,0.0,5.232326452538486,0.0,,,,,-0.7533425817544588,0.0,-1.177055134838857,0.0,,,,,-0.9782783553242059,0.0,-0.8403361344537708,0.0,,,,,,,,,,,,,,,,,0.2565432099938505,0.0,1.1813806791918713,0.0,,,,,,,,,4.6682377613821435,0.0,3.1766120356893017,0.0,,,,,,,,,,,,,,,,,,,,,,,,,,,,,6.790258074186434,0.0,5.553029614137104,0.0,,,,,,,,,-2.173777168545235,0.0,-3.083845478489853,0.0,4.148231068520465,0.0,2.341096919609451,0.0,,,,,,,,,,,,,,,,,,,,,,,,,,,,,,,,,,,,,,,,,,,,
2025-09,2025-09-24T09:30:00+08:00,final,-0.5654932156706166,-0.5483396782003824,-0.6582553926885224,2.356065950181944,50,0.0,0.0,-1.109400876969155,-0.8100364123615529,-1.0427129899465144,2.3319629883444213,50,0.0,-1.6149461791443318,0.0,-1.6441309891744968,0.0,-0.49916432406589195,0.0,-0.9868792599307745,0.0,-0.8507202358057754,0.0,-1.3592704423845905,0.0,1.7392488318448944,0.0,1.2716416186057773,0.0,0.31122426146128995,0.0,0.7440461179689959,0.0,1.1240332258400125,0.0,-2.027040965225718,0.0,-0.581416852009277,0.0,-0.9299323511354811,0.0,-1.8009511646903646,0.0,-0.6585609097530117,0.0,-2.2113731383734936,0.0,-1.9923103664277477,0.0,1.7601350653859604,0,1.2841519925856433,0,-0.17385494650597672,0,-0.3144654088048939,0,2.265704055189576,0.0,-0.8181074447777514,0.0,-0.0727319739625936,0,-0.2498255722356906,0,1.6899497417812215,0,1.432907075873746,0,-0.372300098513546,0,-0.519459102902428,0,,,,,2.305260451311454,0,-0.7480937994533232,0,-0.8319461395264028,0.0,-4.797458300238254,0.0,0.22328462920404063,0,-0.10344827586207038,0,-0.5425752672294618,0,-0.6878370281606823,0,-0.5541040891713032,0,-0.8019653799453543,0,-2.0446379139709725,0.0,-6.2356067316208375,0.0,0.956169691643786,0,1.284875183553595,0,-2.8630964385887765,0.0,-2.4383247274812936,0.0,-1.693013701555029,0,-1.376088521304767,0,0.4374512050213241,0,0.2730183928180716,0,-1.6071227922776017,0.0,-1.4338440618702981,0.0,-1.4504029419339637,0,-1.2750455373407572,0,-3.495926747126103,0.0,-0.8222331853313366,0.0,,,,,-6.165317232591893,0,-4.415802884496506,0,2.094927621457073,0,3.226619034533295,0,3.2986034449644928,0,2.702081177417517,0,,,,,,,,,0.7145722117443646,0,-0.25263157894738003,0,-1.0214169748926334,0,-0.5911032489104866,0,,,,,-3.9861381155015265,0,-5.797101449275377,0,-0.9839282222594001,0,-0.33097969991174386,0,1.2941683733700629,0,1.7343310915349488,0,-4.4473097833395485,0,-6.679700228087454,0,-1.8979155626511386,0,-4.649220489977738,0,-0.2663287199945494,0,-0.39633391132016593,0,-2.1293386604214777,0,-3.033413159995452,0,,,,,,,,,,,,,,,,,-2.880827060059377,0.0,-1.5277350558801868,0.0,0.25611168504098686,0,0.4876630499425978,0,-2.8264049727724023,0.0,-3.0018117931261536,0.0,,,,,-1.7083756677221185,0,-1.9022122023389387,0,1.0320384002754024,0,-1.1018922375627163,0,0.6512816301511466,0,1.0882259581120548,0,0.7293653638686097,0,1.2624916399306998,0,-1.4299183215446594,0,-1.10886421770172,0,0.49633991597905663,0,-0.06736216664369933,0,7cf545f1c2175150238aa7fe123486bb44436d9b871f92de7cb0a6ffe1892a1c,0.1,2025-09-24T01:30:00+00:00,2025-10-15T01:30:00+00:00,publication,pseudo_real_time,0.9579980642921287,0.0,-0.449537892791247,0.0,,,,,,,,,,,,,5.235995286928029,0.0,-1.2339406256804095,0.0,,,,,6.375214239083397,0.0,5.301624569242971,0.0,,,,,-2.8474174853299346,0.0,-2.919606789299386,0.0,,,,,-2.5626534541267323,0.0,-2.8491125948754115,0.0,,,,,,,,,,,,,,,,,0.020924148997095177,0.0,-0.3856127480617906,0.0,,,,,,,,,-2.5362161405424533,0.0,-2.3581723397729735,0.0,,,,,,,,,,,,,,,,,,,,,,,,,,,,,-1.385062047901403,0.0,-1.5363409241018113,0.0,,,,,,,,,-3.3305306749078145,0.0,-3.7594836371871927,0.0,-2.9633438622992507,0.0,-2.5782580607272214,0.0,,,,,,,,,,,,,,,,,,,,,,,,,,,,,,,,,,,,,,,,,,,,
2025-11,2025-11-24T09:30:00+08:00,final,,,,,0,1.0,0.0,2.455716740961659,0.740290571286391,1.569700634843596,7.16179792897808,50,0.0,,1.0,-0.30908335466352294,0.0,,1.0,1.768060812555634,0.0,,1.0,0.1010341867249946,0.0,,1.0,4.599356129334491,0.0,,1.0,2.3152809777091794,0.0,,1.0,12.637911189677736,0.0,,1.0,1.129085564168325,0.0,,1.0,-3.7315214788156976,0.0,,1.0,0.9613743209544752,0.0,,1,-1.0454545454547028,0,,1,2.059598235536893,0,,1.0,14.274520047015757,0.0,,1,1.3773260064619626,0,,1,3.9033979219319814,0,,1,1.7667989039303063,0,,,,,,1,14.153930882555423,0,,1.0,15.866519754446703,0.0,,1,8.729977116704802,0,,1,-0.9084045688122296,0,,1,-1.497692508634959,0,,1.0,15.750585691115553,0.0,,1,-0.3899326479972402,0,,1.0,-1.9596705481397545,0.0,,1,0.4302075460728299,0,,1,1.2820782425223518,0,,1.0,-2.7406860475303434,0.0,,1,-2.5704949776111703,0,,1.0,-8.844961240310099,0.0,,,,,,1,11.142648820374006,0,,1,-0.848795442586271,0,,1,-3.54577585224037,0,,,,,,,,,,1,10.738255033557005,0,,1,0.640579306503256,0,,,,,,1,6.422018348623864,0,,1,-7.860242270837146,0,,1,1.4120332435912084,0,,1,0.35536602700779996,0,,1,32.41179166030245,0,,1,-0.6675804650217861,0,,1,-4.467464619898689,0,,,,,,,,,,,,,,,,,,1.0,-2.8018350197222786,0.0,,1,0.23443708609273964,0,,1.0,-1.7690192483959255,0.0,,,,,,1,0.1961013873441491,0,,1,3.0888290713323787,0,,1,2.093281641529955,0,,1,3.6031511429349674,0,,1,2.1526578827805873,0,,1,-7.741092397810482,0,ec30248720b9ba4847eb1205537424e528ffd76d9fd3db3dbd88a8cb38361a16,0.1,2025-11-24T01:30:00+00:00,2025-12-10T01:30:00+00:00,publication,pseudo_real_time,,1.0,0.8400018360695258,0.0,,,,,,,,,,,,,,1.0,8.951589802348893,0.0,,,,,,1.0,8.806215346704194,0.0,,,,,,1.0,1.0884551193672958,0.0,,,,,,1.0,-2.3549841579333064,0.0,,,,,,,,,,,,,,,,,,1.0,-1.7010380622838297,0.0,,,,,,,,,,1.0,0.9162514065262793,0.0,,,,,,,,,,,,,,,,,,,,,,,,,,,,,,1.0,-1.1213660824339513,0.0,,,,,,,,,,1.0,2.373113002422785,0.0,,1.0,0.5606102380295738,0.0,,,,,,,,,,,,,,,,,,,,,,,,,,,,,,,,,,,,,,,,,,,,
2025-12,2025-12-24T09:30:00+08:00,final,-0.13953727432618726,-0.10743668820012457,-0.48319024615763606,4.763274771914652,50,0.0,0.0,-1.0283101564339083,-0.014796729309334488,-0.916863997936311,5.615700997244821,50,0.0,0.36252193333811694,0.0,0.2576750588155684,0.0,0.28843247942059136,0.0,0.5722757995997233,0.0,0.7276688680048623,0.0,0.3368615772882416,0.0,1.1163629839120537,0.0,0.3003604992308304,0.0,1.6703398714610738,0.0,2.1841687075505156,0.0,-3.310026404055924,0.0,-8.861811722374814,0.0,2.1134093294445644,0.0,1.7906035317217857,0.0,-2.808002430314404,0.0,-1.8831435218633719,0.0,-0.5854380230551469,0.0,-1.3726391075191888,0.0,-3.0093706855155333,0,-3.9349563619659476,0,5.044813383083584,0,5.429104477611975,0,-2.975806702814738,0.0,-9.69142857142856,0.0,0.017521092982964635,0,-0.22333372106549088,0,1.0738643322068298,0,0.7695945945946366,0,0.6449192348808934,0,0.3576739139171001,0,,,,,-2.9671305562857615,0,-9.63695573513448,0,-4.587708182159706,0.0,-12.199429425349765,0.0,-0.8921260775217004,0,-2.0835525623487183,0,-0.257699844486226,0,-0.0516122689736639,0,-0.9350635299279171,0,-0.960603471137624,0,-6.408110913240635,0.0,-14.946286781877665,0.0,-0.6189921231289517,0,0.14234875444843426,0,-4.794075099861129,0.0,-3.8528389339513116,0.0,-0.5296483123188594,0,-2.2301013024602394,0,1.358993798402846,0,1.9288799069819533,0,0.018055548513474955,0.0,0.11709149864252155,0.0,-0.023226047534131575,0,0.03850644672455951,0,-3.0109400679531326,0.0,-1.9389403860872383,0.0,,,,,-5.6119381891486135,0,-8.167568707387334,0,2.279706620340644,0,1.6521297706400329,0,-8.40887132649289,0,-9.858156028368732,0,,,,,,,,,-5.485600980968386,0,-9.090909090909083,0,2.873108190022099,0,2.9103823624371876,0,,,,,-2.9728368126501903,0,-0.8620689655172591,0,0.8935397300458296,0,3.3946529310767843,0,4.60860901907139,0,6.792187570337162,0,0.3544222418166036,0,0.35410764872532685,0,26.104830308101562,0,22.032529703541336,0,0.40121142389280917,0,0.764061022666321,0,-1.0509799026205884,0,-1.1517716682897037,0,,,,,,,,,,,,,,,,,-3.6211331227463583,0.0,-3.4229505304250023,0.0,-1.3390406264642005,0,-1.6649708630098798,0,2.9963046386855576,0.0,2.6966501819539324,0.0,,,,,0.270496717235748,0,0.05258084304610679,0,1.3235835342975086,0,1.3675827403878542,0,-1.608852488987732,0,-2.146454413892897,0,1.20484756590373,0,0.6311172668513864,0,2.476755389856906,0,3.459824406906413,0,-0.05984787674093775,0,3.260761900988448,0,7c4dc7a9421586ed677999f20262e3012b9dba840a2a72d9dcb1ce91cf80c48c,0.2,2025-12-24T01:30:00+00:00,2026-01-09T01:30:00+00:00,publication,pseudo_real_time,-1.866491333378625,0.0,-3.776590902194016,0.0,,,,,,,,,,,,,0.1462985845994597,0.0,-4.384119889575431,0.0,,,,,2.4302501191886425,0.0,0.022018810354994926,0.0,,,,,-0.1550254996593114,0.0,0.10946809274285961,0.0,,,,,-3.3220060511324596,0.0,-3.651992137530722,0.0,,,,,,,,,,,,,,,,,-4.388656383672469,0.0,-6.154517677869908,0.0,,,,,,,,,1.4458060133166275,0.0,0.9812042051608806,0.0,,,,,,,,,,,,,,,,,,,,,,,,,,,,,-0.4975293587542303,0.0,-0.6658558832471714,0.0,,,,,,,,,4.304785290765642,0.0,3.8776624795193295,0.0,2.1491216026446995,0.0,2.190336928044882,0.0,,,,,,,,,,,,,,,,,,,,,,,,,,,,,,,,,,,,,,,,,,,,
2026-01,2026-01-24T09:30:00+08:00,final,-0.13821926652465855,0.4007356980379433,-0.11556291539249984,5.239815038219608,41,0.30508474576271183,0.15254237288135594,0.38392312729783235,0.44747839875296963,0.2932605845237943,5.426063682524775,41,0.30508474576271183,0.017671087232010024,0.0,0.2551492310629158,0.0,1.7109936926372773,0.1111111111111111,1.968204770368252,0.1111111111111111,1.4317945122839055,0.38461538461538464,2.57136060036308,0.38461538461538464,-2.624759514210148,0.0,-3.8128608989590647,0.0,6.465774328665867,0.0,7.168066466564352,0.0,-6.579888942986178,0.42857142857142855,-4.417806278514525,0.42857142857142855,-1.2195698361138536,0.4,-1.8716817796300376,0.4,,1.0,,1.0,-3.7851751164038547,0.16666666666666666,-3.2107965698898058,0.16666666666666666,-8.6461871137363,0,-9.422111033329946,0,2.3751398603828178,0,1.0263670146875177,0,,1.0,,1.0,-1.9268253231185184,0,-2.347921378441952,0,4.331882195296603,0,4.680197667947377,0,-0.2100696221882287,0,-0.07208073041802886,0,,,,,-10.444535495261551,0,-6.206620395088107,0,,1.0,,1.0,-4.336309492214915,0,-2.826437399247668,0,-0.353526267458996,0,-0.4450783190301521,0,-0.8668984714711848,0,-0.5355389604593996,0,,1.0,,1.0,,1,,1,,1.0,,1.0,-4.463430791662966,0,-4.7069968472001085,0,3.158789427641595,0,3.210999830249503,0,,1.0,,1.0,-1.3926219557470625,0,-1.8724313048661616,0,,1.0,,1.0,,,,,-9.558327209393672,0,-5.572139303482572,0,1.0086836023343801,0,1.7433150224725191,0,-6.529009230888611,0,-6.031995803829016,0,,,,,,,,,-2.877222887595033,0,-1.1933333333333727,0,0.7606189459476558,0,0.5423090713517821,0,,,,,9.567229912446695,0,12.17391304347828,0,0.4007356980379433,0,-0.3131375432936779,0,11.11996445368715,0,10.524228065472894,0,-4.520179227549953,0,-5.645730416372706,0,2.879645844002691,0,-1.6164098686076402,0,0.6049621845613539,0,0.2840332724690823,0,2.0921672140395944,0,4.689187396979972,0,,,,,,,,,,,,,,,,,,1.0,,1.0,0.03345213439481365,0,0.44747839875296963,0,,1.0,,1.0,,,,,-0.4374396959254931,0,-0.37079209366140775,0,1.6997918814128519,0,1.5069066555043809,0,1.3064097949550098,0,1.7078595851917437,0,8.395338949286085,0,10.809893240719939,0,5.041384116735224,0,5.630284974872834,0,9.85094685853163,0,9.96930455635491,0,b8f9ffa7105b75c6a93429df2a5d5df307c1a90f30f2c7f042b2102096beed89,0.4,2026-01-24T01:30:00+00:00,2026-02-11T01:30:00+00:00,publication,pseudo_real_time,3.1929706621517564,0.0,5.987353548732975,0.0,,,,,,,,,,,,,-8.661487896873215,0.0,-7.44483398638895,0.0,,,,,-12.122543291981625,0.0,-14.340524561293103,0.0,,,,,-0.0836174459454221,0.0,-1.7782558035314688,0.0,,,,,1.2197740612859915,0.0,4.303686792636134,0.0,,,,,,,,,,,,,,,,,-1.6528750088897513,0.0,3.5828957239309824,0.0,,,,,,,,,0.6411421243063746,0.0,1.0316108271815627,0.0,,,,,,,,,,,,,,,,,,,,,,,,,,,,,-0.07600480856387244,0.0,0.5509473233142694,0.0,,,,,,,,,2.6123377450119207,0.0,2.7806986797523154,0.0,1.1987536425052319,0.0,1.2997466090326224,0.0,,,,,,,,,,1.0,,1.0,,1.0,,1.0,,1.0,,1.0,,1.0,,1.0,,1.0,,1.0,,1.0,,1.0,,1.0,,1.0,,1.0,,1.0,,1.0,,1.0
2026-03,2026-03-24T09:30:00+08:00,final,,,,,0,1.0,0.0,,,,,0,1.0,,1.0,,1.0,,1.0,,1.0,,1.0,,1.0,,1.0,,1.0,,1.0,,1.0,,1.0,,1.0,,1.0,,1.0,,,,,,1.0,,1.0,,1,,1,,1,,1,,,,,,1,,1,,1,,1,,1,,1,,,,,,1,,1,,,,,,1,,1,,1,,1,,1,,1,,,,,,1,,1,,,,,,1,,1,,1,,1,,,,,,1,,1,,,,,,,,,,1,,1,,1,,1,,1,,1,,,,,,,,,,1,,1,,1,,1,,,,,,1,,1,,1,,1,,1,,1,,1,,1,,1,,1,,1,,1,,1,,1,,,,,,,,,,,,,,,,,,,,,,1,,1,,,,,,,,,,1,,1,,1,,1,,1,,1,,1,,1,,1,,1,,1,,1,efeaa62cbaee42c6be0162c86fa8a72cd4368e9e953d6fa742c0d2528e8f0fc5,1.0,2026-03-24T01:30:00+00:00,2026-04-10T01:30:00+00:00,publication,pseudo_real_time,,1.0,,1.0,,,,,,,,,,,,,,1.0,,1.0,,,,,,1.0,,1.0,,,,,,1.0,,1.0,,,,,,1.0,,1.0,,,,,,,,,,,,,,,,,,1.0,,1.0,,,,,,,,,,1.0,,1.0,,,,,,,,,,,,,,,,,,,,,,,,,,,,,,1.0,,1.0,,,,,,,,,,1.0,,1.0,,1.0,,1.0,,,,,,,,,,1.0,,1.0,,1.0,,1.0,,1.0,,1.0,,1.0,,1.0,,1.0,,1.0,,1.0,,1.0,,1.0,,1.0,,1.0,,1.0,,1.0,,1.0
2026-04,2026-04-24T09:30:00+08:00,final,6.408587752502849,1.1974051083082164,4.7692002851497906,12.828763225431034,50,0.0,0.0,3.8432936994095392,0.31523604274360506,2.2694897555667612,11.658596377972751,50,0.0,0.7670692737351003,0.0,0.06551785738227041,0.0,-1.4967622659673196,0.0,-3.0009483505941734,0.0,19.466490982881446,0.0,13.785605707165768,0.0,-1.8724407563837726,0.0,-2.6197903891241117,0.0,-1.052120121584991,0.0,0.5266424550317371,0.0,3.7487635976055422,0.0,5.174962424330521,0.0,6.804620467046258,0.0,6.81106279218659,0.0,,,,,19.95673002664264,0.0,9.323547206147113,0.0,27.863458518301854,0,29.253358740850715,0,3.6909604837445382,0,3.5293785470255483,0,,,,,0.6935745048123022,0,-1.403283905328026,0,-1.3355836414681963,0,-0.586575408261356,0,1.0005084782941382,0,-0.05050701270451343,0,,,,,3.2799695171436425,0,4.428746094280696,0,,,,,5.100817728414851,0,6.359282770909909,0,0.2535879594708208,0,-0.08415216691833864,0,1.3580796805801847,0,0.8303571428572939,0,,,,,-1.782956973245497,0,-3.0852994555354054,0,,,,,18.764811624154927,0,6.546093759671271,0,0.9275469554952479,0,-0.3422137179864713,0,,,,,14.959129060606417,0,1.2450715916165453,0,,,,,,,,,21.248795554515375,0,11.80379128395536,0,26.60838457909697,0,13.831362235033987,0,8.01739582809,0,2.133048926809672,0,,,,,,,,,5.007509959560019,0,5.581755472654357,0,0.6423597932830689,0,-0.7825194560848361,0,,,,,-11.582639978647684,0,-10.891089108910876,0,27.24713670346066,0,19.86797104907351,0,-1.9181306851049806,0,2.0755025823277933,0,18.2025293148395,0,13.191417160458402,0,45.06169505324561,0,48.50047603935253,0,0.5742387508029686,0,0.24981264051959232,0,15.45067444162932,0,6.115037538822835,0,,,,,,,,,,,,,,,,,,,,,0.24110430420389767,0,0.25953177257528653,0,,,,,,,,,1.6767275341862287,0,-0.040254176370744715,0,-5.19685279485931,0,-11.604308221820038,0,-0.2055974396433321,0,0.2712416909425647,0,0.3930170274785807,0,-0.07196587450602171,0,-2.477769389070232,0,-0.16820857863738778,0,22.398708983382466,0,11.4692638536457,0,3cf9997613f34023850d8dd3f63f02152229fae3114ebbdbec5f703e9d861cb3,1.7,2026-04-24T01:30:00+00:00,2026-05-11T01:30:00+00:00,publication,pseudo_real_time,9.857963734984903,0.0,-0.6439692119303642,0.0,,,,,,,,,,,,,1.6067571853036544,0.0,4.330065359477123,0.0,,,,,-1.1971001754014272,0.0,-4.268744051605615,0.0,,,,,-3.084638452281694,0.0,-3.004051707505364,0.0,,,,,18.173683983086068,0.0,8.598174584600967,0.0,,,,,,,,,,,,,,,,,14.339169949637002,0.0,3.798340954525578,0.0,,,,,,,,,0.45156268029281343,0.0,0.03762817095727704,0.0,,,,,,,,,,,,,,,,,,,,,,,,,,,,,0.9781685576029582,0.0,0.35923039454464545,0.0,,,,,,,,,1.0465487137745955,0.0,-0.021199915200333496,0.0,-0.11571076972240317,0.0,-0.7097022207765105,0.0,,,,,,,,,-7.936524179544503,0.0,-9.493882713012587,0.0,4.7296553240400145,0.0,2.5882849752783175,0.0,47.50705530729801,0.0,43.92666666666685,0.0,-22.284453327393365,0.0,-24.14529914529916,0.0,0.25783776200535063,0.0,-1.2510495382031983,0.0,-0.770700407090508,0.0,-2.443958145607681,0.0,2.863775814548106,0.0,2.6085649134235966,0.0,1.3482615028418377,0.0,5.288367401977849,0.0,-1.4416411951378132,0.0,-1.3147883251665846,0.0
2026-05,2026-05-24T09:30:00+08:00,final,-0.05420708399112677,-0.01991113759257247,0.4678491783438128,6.77204051796853,50,0.0,0.0,-0.04033326521797026,0.12651790895264753,0.408277216794512,7.090272162475544,50,0.0,2.7657728812649256,0.0,3.5034442067272358,0.0,0.5579299422977451,0.0,1.1321538856217965,0.0,-3.7411008926077467,0.0,-4.779122365164965,0.0,2.5081493231505045,0.0,3.906653846254476,0.0,2.0720594359600737,0.0,1.0642384797575049,0.0,4.552256689088395,0.0,5.5136079163394776,0.0,1.169277843999444,0.0,-1.153732027461306,0.0,,,,,-1.9899878824771533,0.0,-1.1218095110909292,0.0,2.849159372393837,0,-5.803428571428551,0,-0.05540622135149369,0,-1.4563503968145435,0,,,,,-0.06667191299406111,0,0.37878787878787906,0,5.858014503352928,0,6.215613921719041,0,-1.2722518242138503,0,-1.9707688719582914,0,,,,,7.177416119514306,0,8.624951216339232,0,,,,,2.1747938359188392,0,3.06806282722514,0,0.08410153059749764,0,0.3393693180410294,0,4.69318812670115,0,5.876796835797933,0,,,,,-3.8259602427532875,0,-3.70786516853931,0,,,,,-10.416352784164399,0,-8.44322578396404,0,6.031043693534325,0,6.108998264593992,0,,,,,-14.33705176094967,0,-11.076625772260158,0,,,,,,,,,20.327516836158967,0,20.551962555108837,0,-1.0607569229830363,0,1.340392324876743,0,-12.618480704012025,0,-11.003785406604857,0,,,,,,,,,2.850857791840272,0,3.833333333333334,0,-0.33163771365615125,0,-0.258587251648442,0,,,,,4.935787412013979,0,5.555555555555554,0,-1.4218692759284015,0,-2.999137416229859,0,5.3955958957316055,0,3.798027496987048,0,-4.4632947804476295,0,-7.981550879216029,0,6.003491892092847,0,-0.2243949350857063,0,0.015583946166348749,0,-0.03737851981067518,0,-1.9769369570877457,0,-4.3061429081733165,0,,,,,,,,,,,,,,,,,,,,,-0.5754583632627172,0,-0.7458902647309825,0,,,,,,,,,1.8323151376372688,0,3.112325614842522,0,-4.406249305989574,0,-1.0204081632653446,0,-0.10212007225313981,0,-0.8527672479150347,0,-0.34679937286085977,0,-2.0265540132769955,0,3.3415612932226875,0,3.338247683235002,0,-7.823050105591996,0,-6.7972538056047025,0,23176b985190bff18fe48b5de6db389ca81954ef9b3149d86fe06142cfd5f3e6,0.5,2026-05-24T01:30:00+00:00,2026-06-10T01:30:00+00:00,publication,pseudo_real_time,-5.07104987440842,0.0,-5.192847317744192,0.0,,,,,,,,,,,,,6.005959009080162,0.0,6.5280842884602075,0.0,,,,,2.1066648311341947,0.0,5.213933279328416,0.0,,,,,-0.4402313650356095,0.0,0.29041433771597025,0.0,,,,,2.456800064029505,0.0,3.9285406430480485,0.0,,,,,,,,,,,,,,,,,-2.5202159004637252,0.0,-1.3581422119897337,0.0,,,,,,,,,3.462734522144121,0.0,3.9839513525373884,0.0,,,,,,,,,,,,,,,,,,,,,,,,,,,,,3.851116015663045,0.0,4.450039434568849,0.0,,,,,,,,,-0.3590210228651645,0.0,-1.3305767599661056,0.0,2.6711819548464706,0.0,3.2581826845756936,0.0,,,,,,,,,-4.364137808799078,0.0,-2.4366689618112263,0.0,-2.40947732043672,0.0,-2.854006586169053,0.0,-26.11538816068095,0.0,-31.214970586872948,0.0,-6.396301559015513,0.0,-1.4084507042253633,0.0,-2.8701516246284347,0.0,-2.1936910126690057,0.0,0.6912235490814082,0.0,2.179076343072479,0.0,3.1180032654066236,0.0,2.3590895770245845,0.0,10.344066523802429,0.0,9.451794514611718,0.0,0.29365382641341803,0.0,0.4626060138780851,0.0
2026-06,2026-06-24T09:30:00+08:00,final,-0.8241118604989812,-1.1391992179174908,-1.0485299820393874,5.453579713678745,50,0.0,0.0,-0.7799405278209257,-1.5248085250281218,-1.3040480146500748,6.749032080496444,50,0.0,-0.8734296710398772,0.0,-1.7973123605696342,0.0,-1.4169159955155262,0.0,-1.7886040792545472,0.0,-3.384311999300846,0.0,-3.189100075095753,0.0,1.5715054367783992,0.0,1.5294515727937732,0.0,-0.05104668552925401,0.0,-0.8613648884889715,0.0,11.474487549481754,0.0,14.940805076899302,0.0,-2.6323489061700673,0.0,-2.194063360219081,0.0,,,,,-3.665548531682036,0.0,-4.339444108839573,0.0,-13.574745858943599,0,-13.807296595569019,0,-0.8610117165664849,0,-0.3514792571888761,0,,,,,-1.1345718794090698,0,-1.9582449480853314,0,0.8825813612756157,0,0.49751243781089,0,-2.4394902065571755,0,-2.9422260993695186,0,,,,,4.780379065657363,0,3.2335329341317505,0,,,,,15.14753091922539,0,21.48735141725084,0,0.1866602889272653,0,0.14071989334927715,0,-0.03047265717675397,0,-1.4357401728463564,0,,,,,0.10051792173576449,0,1.2057565149747265,0,,,,,-2.866286632342056,0,-3.504987183066362,0,-1.8631514141596097,0,-3.1474554153980656,0,,,,,-2.045267238611625,0,-2.0403907364723577,0,,,,,,,,,2.722066038199226,0,2.2635369174010442,0,-7.700995081595561,0,-10.955760229503124,0,0.9882436649866522,0,3.373423291287731,0,,,,,,,,,16.0370090185901,0,22.792937399678973,0,-0.8550178061518563,0,-0.7259214449294007,0,,,,,-0.7742517859609004,0,0.0,0,0.6942544529172688,0,1.3133593269032744,0,0.865071837475373,0,-0.6031764385861577,0,-8.437259744060166,0,-7.459619312557066,0,6.086691530684837,0,9.049531459169978,0,-0.23560217443779835,0,-0.3365324691511485,0,-10.50891842513096,0,-11.891000168581217,0,,,,,,,,,,,,,,,,,,,,,-0.850948483917058,0,-0.9652483699671257,0,,,,,,,,,-1.143826556425912,0,-2.5580941222418567,0,-3.635687768733635,0,-4.042322300596872,0,-1.1697257543781072,0,-1.3066697661330262,0,-1.3603064493384684,0,-1.6138768772098873,0,1.4607736241241867,0,0.07826352797318491,0,-12.52108320887339,0,-14.950049885328514,0,8a56d13d0fc29b44c9237debbab6035740fb9b503983059828853f3360ac776b,-0.3,2026-06-24T01:30:00+00:00,2026-07-09T01:30:00+00:00,publication,pseudo_real_time,-2.569390784689215,0.0,-2.0671804633454762,0.0,,,,,,,,,,,,,9.933031194454164,0.0,12.249398556535644,0.0,,,,,6.369219160901875,0.0,6.649401553860211,0.0,,,,,-2.5372842118422936,0.0,-2.558559273289782,0.0,,,,,1.6400956193121163,0.0,-1.2285649117714503,0.0,,,,,,,,,,,,,,,,,-4.861672470882683,0.0,-6.127899278476602,0.0,,,,,,,,,-1.7230137956748364,0.0,-2.6526798094893675,0.0,,,,,,,,,,,,,,,,,,,,,,,,,,,,,-1.274100394679041,0.0,-2.207184967908638,0.0,,,,,,,,,-1.331704941043761,0.0,-0.6500832751302997,0.0,-1.2558249112099855,0.0,-2.070894984280863,0.0,,,,,,,,,-1.6347105412151455,0.0,-1.7580642716712127,0.0,-3.405346682389917,0.0,-3.223870056497026,0.0,-7.795868330221828,0.0,-2.9932659932660477,0.0,-2.640059494091718,0.0,-3.4285714285714244,0.0,-2.3645900512894826,0.0,-3.05137790141694,0.0,-0.9635224403126329,0.0,-1.979485665793461,0.0,3.028641103627942,0.0,4.642840101159513,0.0,-4.974437358022189,0.0,-6.334584146147934,0.0,-0.4229231179244329,0.0,-0.8042977743667256,0.0
2026-07,2026-07-24T09:30:00+08:00,final,-1.3900009485016278,-1.7145512842754427,-1.4775730451488762,5.374365748778286,50,0.0,0.0,-0.8672619168679602,-0.7881465534253508,-1.0117033973652336,4.948333743391535,50,0.0,-1.8387021778922819,0.0,-1.6393213795046468,0.0,1.1115340292792315,0.0,2.17934828007271,0.0,-3.560193384058995,0.0,-1.2456632335056608,0.0,0.701607820262606,0.0,0.9558455943653984,0.0,-2.2316533450213027,0.0,-1.5746824193501425,0.0,5.8927838874240175,0.0,1.5672201947123827,0.0,-1.2130081687764949,0.0,-1.5549116642878036,0.0,,,,,-6.300344501871396,0.0,-4.904246113483632,0.0,-8.365869732162768,0,-7.62474178915925,0,0.7989321958796403,0,1.0414930844860135,0,,,,,0.9195253665664569,0,2.364033889040888,0,-3.572549124967199,0,-3.7640735502121867,0,-1.6891089940206545,0,-0.8211790660620579,0,,,,,-3.85880577021417,0,-5.719257540603184,0,,,,,9.999504630970971,0,5.260076935942401,0,-0.18128072814736926,0,-0.2637871952273352,0,-1.6405134517586444,0,-1.5443360203649832,0,,,,,-2.2544572297417647,0,-3.920061491160721,0,,,,,-4.634794328328428,0,-2.7945817990532387,0,-0.3760438619687598,0,0.4640774141008488,0,,,,,-2.193362603119787,0,0.00784304937749504,0,,,,,,,,,-7.393672054513832,0,-10.28420190308141,0,-12.032196468312272,0,-7.388001492183002,0,0.28878384043264044,0,-2.2559591373439236,0,,,,,,,,,7.138958820560258,0,-0.21960784313728468,0,-0.46253410467497924,0,-0.7007616974972483,0,,,,,11.36795964635968,0,15.789473684210522,0,-15.370074786807045,0,-15.913847815812534,0,-1.2621503742230176,0,-0.49269726723221735,0,-5.247697055082659,0,-4.062288422478006,0,6.425334580233821,0,2.224404615762354,0,-0.269763050860812,0,-0.20760380190091154,0,-1.9032993336706363,0,8.089270339341986,0,,,,,,,,,,,,,,,,,,,,,-0.3010444125907131,0,-0.11402663336363894,0,,,,,,,,,-1.8867196242893987,0,-1.3655883194961143,0,2.287167553321294,0,4.219677692960183,0,-2.6599437128857333,0,-2.6857493507217662,0,-4.178469800292717,0,-3.283204567936708,0,-0.8260494926837437,0,0.1629215084901212,0,-8.920614214005088,0,-0.2117643474154316,0,af869f8fcc0ed4e2f606e2eb5496e0d3016492bcbd530f833540c50940636b48,-0.7,2026-07-24T01:30:00+00:00,2026-08-09T01:30:00+00:00,publication,pseudo_real_time,-3.9200455862624812,0.0,-2.814814814814883,0.0,,,,,,,,,,,,,10.291477868379012,0.0,6.947669226647599,0.0,,,,,7.417366160285248,0.0,7.081446478965623,0.0,,,,,-1.7399935745302308,0.0,-0.4498361456572412,0.0,,,,,-11.92363754439432,0.0,-6.8427295342661205,0.0,,,,,,,,,,,,,,,,,-5.815510428007084,0.0,0.6873386248446015,0.0,,,,,,,,,-2.704539324741298,0.0,-2.46485415247409,0.0,,,,,,,,,,,,,,,,,,,,,,,,,,,,,-2.0781736598644884,0.0,-1.8323285718527778,0.0,,,,,,,,,-1.822308990880798,0.0,-2.6660177373999407,0.0,-2.5409862785524933,0.0,-2.3650340176125817,0.0,,,,,,,,,-2.8306985579170143,0.0,-3.3269685047167403,0.0,-0.17560530338526745,0.0,0.30831539387747897,0.0,6.015603383149635,0.0,7.25070285654793,0.0,-4.610020120642884,0.0,-4.733727810650875,0.0,-1.6276183233663946,0.0,-1.3271162123386246,0.0,-1.472351878618427,0.0,-1.379556960834195,0.0,4.139733680981712,0.0,2.2298221614228018,0.0,-3.8630618319331247,0.0,-4.223211749283723,0.0,-0.8155279977002614,0.0,-0.7551140407886436,0.0
2026-08,2026-08-24T09:30:00+08:00,final,1.0394040276264902,-0.12352284027459615,0.7566565122193698,3.7678526887211405,50,0.0,0.0,1.0003803665051274,-0.08897912123720877,0.8573566405594159,3.8701049655815916,50,0.0,-1.2019339749235431,0.0,-1.2738752977222296,0.0,0.5873216060275107,0.0,0.661096396331099,0.0,1.818186468995792,0.0,0.43414566699172386,0.0,0.07443100444495476,0.0,-0.5152113404151911,0.0,2.1073018740296385,0.0,2.662731734095242,0.0,2.092760526929179,0.0,3.097767946176085,0.0,-1.7386412887663298,0.0,-1.6333184326953372,0.0,,,,,5.3558596565950385,0.0,5.0929961969514865,0.0,-2.7484996585483197,0,-1.1428571428572367,0,0.16790578912237814,0,-0.2831148126769477,0,,,,,1.3020929871654918,0,0.8588083477949929,0,-0.4060997327256228,0,0.5308735603803891,0,-1.5302511329595294,0,-1.3387708024386393,0,,,,,2.8172291401212908,0,6.066199089454831,0,,,,,8.92819836594159,0,7.611027250337714,0,-0.6134030421103476,0,-0.8676092544985754,0,-0.2723013224097717,0,0.04309230371456035,0,,,,,-2.324311861510049,0,-0.3599999999999387,0,,,,,8.72417730921141,0,8.994114861665574,0,2.5291802106116155,0,4.21223915647918,0,,,,,8.031434864814113,0,6.993210692599064,0,,,,,,,,,-4.116213375636427,0,-2.142305260939807,0,10.294915876675203,0,6.349671347748773,0,-0.9750130721343799,0,-0.6386993758165047,0,,,,,,,,,2.569467400875207,0,7.0638788450453776,0,-1.906425507589281,0,-1.9987726834399995,0,,,,,0.8305733945566961,0,0.0,0,2.348887439769251,0,5.813393287297243,0,3.6972491308186926,0,3.719323463178604,0,3.844983607910895,0,5.27028934368383,0,-5.3020998616954325,0,-6.782591987702981,0,-0.16595400518195502,0,-0.17795824247441755,0,6.0885249588223065,0,0.43241876343411095,0,,,,,,,,,,,,,,,,,,,,,-0.08109167536723727,0,0.0,0,,,,,,,,,-0.8270170312679181,0,-1.02168171131684,0,5.638955842488059,0,5.157680569684626,0,-1.4559615221467086,0,-0.21910828025477244,0,2.883969811581632,0,3.3860269207696754,0,3.303950075864938,0,3.7646848326874616,0,5.2892359983934805,0,2.9740458015267075,0,677ea11af06fce0b46ef51ee9ed46005e33a064513d96706380e22edc333fe8d,0.4,2026-08-24T01:30:00+00:00,2026-09-09T01:30:00+00:00,publication,pseudo_real_time,5.0679406436018075,0.0,4.76341463414633,0.0,,,,,,,,,,,,,-5.943852799221372,0.0,-8.350033400133583,0.0,,,,,0.34929509281991644,0.0,-1.0541799460651613,0.0,,,,,0.2800976532405706,0.0,-1.0223276355608013,0.0,,,,,5.533103888821826,0.0,1.796056338028107,0.0,,,,,,,,,,,,,,,,,6.779613766791775,0.0,2.1274827557550324,0.0,,,,,,,,,-2.4258021019260436,0.0,-2.758905327322351,0.0,,,,,,,,,,,,,,,,,,,,,,,,,,,,,-1.3432778220796833,0.0,-1.2191432720233033,0.0,,,,,,,,,-2.9437335957828092,0.0,-2.7501527862658968,0.0,-1.729802529747494,0.0,-1.8190045248868685,0.0,,,,,,,,,-0.4045916128830711,0.0,2.714015562193468,0.0,-1.2346670554735142,0.0,-1.9842496771730098,0.0,-1.560681968612507,0.0,-3.9902912621359894,0.0,2.4405737305539357,0.0,9.937888198757763,0.0,-1.3300367076931001,0.0,-1.4358415121774197,0.0,-1.3311856594762632,0.0,-0.763358778625852,0.0,-0.6366943532980153,0.0,-0.9969222534457444,0.0,-2.0347935793308998,0.0,0.26462305954991644,0.0,-2.5321846253248825,0.0,-2.9935451682308605,0.0
