price__p_015e142afb02def6,price__p_04e3d3e3e4d2b7a3,price__p_08af219b10a3d0c1,price__p_090787ff4c600967,price__p_09cb91d919e19c81,price__p_0d20aebdd2e3e2a3,price__p_117934e693b030e1,price__p_12702c2817bc3058,price__p_12f4a9142c235af4,price__p_156a750ae05683cb,price__p_15e2359392c5042c,price__p_175e0c5b4d6a8cd9,price__p_1bee12058e36565f,price__p_212ef5b23dbb70ff,price__p_24e9e14ac94c789e,price__p_29096e2e6c801716,price__p_2929b2190c67fa05,price__p_29a1d693bcd6b5ed,price__p_2b23ed0aa617091c,price__p_2c2bb2eb34a2530d,price__p_2fee73ae064112ed,price__p_31deb9fdc417508e,price__p_35042b5fee5e1452,price__p_369ce465f81b2b58,price__p_3862181ef4e50416,price__p_394ed64ad5df6eab,price__p_398b35a78734a78e,price__p_3a66e1c2dcaacdbe,price__p_3abb1bdf911a74ba,price__p_3e3ac34e09abbe85,price__p_44d21f4415cc94bd,price__p_45d6c5200e1a3379,price__p_47f8c50648adab37,price__p_4868c8af6ebb3048,price__p_4b78aecc4ad2673a,price__p_4d6f925d5fd37636,price__p_4eede6d97e9bd55e,price__p_4f0bc051d584c367,price__p_4f513e6f6ede7f06,price__p_57bdf8a55dab3591,price__p_5a70d1f2747b0f36,price__p_5b64eea47fe39565,price__p_679f919cb34f89e9,price__p_6974d4181c18978d,price__p_6a02652f4a9989e9,price__p_6ad195c852babce1,price__p_6f9697bbf4df888a,price__p_7b4d7b259b6753fa,price__p_7bbab6017e1fb60b,price__p_7c74e703f996c871,price__p_8de345911b7fc78f,price__p_8f5fb68c57941b6a,price__p_8f97282e97de7a9b,price__p_9122726a99818701,price__p_9341bdcca7b05d66,price__p_93a4e9685d04bc1a,price__p_955389fa1088a0da,price__p_96d693419d7e59f7,price__p_9aad75ce6ea05520,price__p_9f31a8386b8c5eb8,price__p_a074fa497eab1cb8,price__p_a295b5ca26a7559a,price__p_aaab792e0f7a512c,price__p_ab0f14fdeeb99eb0,price__p_b2354c8beb79d919,price__p_b32a1dc815512f2e,price__p_b4735e773b7401fc,price__p_b6a4aa3d34b35ea7,price__p_b74ad31919d3dab3,price__p_b7a55e9cddc1fa47,price__p_b7b1618afb05d922,price__p_b873db1e2ba44465,price__p_ba1176602ebbd96b,price__p_bbc1e9ba2c1b1332,price__p_bc05e8925dafddbd,price__p_bcb6c83c3cb2c0f1,price__p_bd3edefacd71ccb9,price__p_bdad6ba047be1572,price__p_c0cb077ae13a5415,price__p_c2351f7e990ff8ee,price__p_c67eb545eaecb876,price__p_c790a9428097cdce,price__p_cf6f0c8ecd5041af,price__p_cf91019388b7c9a6,price__p_d03f48cac90afd53,price__p_d499d7f7dc39d7ab,price__p_d513ce0622315a93,price__p_d808a66ec902704a,price__p_d8a34b15fb6f311c,price__p_dde8e41d5f1a8881,price__p_e0705204f7294fed,price__p_e07286f243955a55,price__p_e9114732b34c7687,price__p_e9a1a6b2d848b28d,price__p_ec63403370289989,price__p_f05785b9d3415065,price__p_f155865bddb5ae03,price__p_f72f3a06539c1241,price__p_f7fd37c9c13f589b,price__p_fcdf70fd9a5b0838,target_month,target_mom_pct,feature_cutoff,actual_published_at,feature_hash
-1.6625438010026774,,-1.5167553513694911,-5.341321642508077,,,-0.3467925199633359,,0.030990592389726124,-4.42113660568396,,,-4.57641122979651,,,-0.7124840296613827,-0.3526887218754836,-4.5391111107574895,,-4.255961441879589,-6.797595358476534,,,,-11.778303565638351,-2.4202080517078466,,-4.327700489263537,-0.5184744610654715,,,,-2.4159554236739744,,-5.136480878439407,,,,,0.0895014827489759,23.539445391552256,,,,-0.5172616271892859,-0.7716203329427124,-0.15342554987432644,,-2.4748921366763916,,-3.863933331260616,,,,,0.5598453845506743,-0.3256677475223908,-1.4796213299989478,,-0.5399805436223708,-0.25415201446065777,,-4.7550323028744765,,-9.309042306601185,,,0.10680215196809534,,-0.7189704861795515,-5.075910634065978,-0.7272046002462218,-0.053464786692655565,,-2.566083476321101,,,,,-1.2409268734717804,,-2.861518603905564,,,,,-3.3026590253972294,-0.09306654929531506,-0.1990820135706348,,-2.421455003237329,,,-9.110603723319343,0.6727859412652897,0.8079988494124885,0.19734576437803647,,-7.721162645987175,-2.178887335508789,2014-02,-0.2,2014-02-24T01:30:00+00:00,2014-03-09T01:30:00+00:00,010737831ad70907a07476172a17520ccd605efe3eac1e3ba80a699037eccd81
-2.942582133210541,,-5.415483053302018,-1.365949850649903,,,0.9714448184044963,,-0.20604631144597063,-4.1076091840895606,,,-2.3098455972012726,,,-0.9683460052165785,-0.5594219566757233,-1.6427187092776396,,-0.6816658979097681,-6.3568790508139505,,,,-6.902858641043612,0.7774309861691701,,-0.06194224243774432,-1.4118101651003725,,,,-7.509033823162474,,-3.6433094906780967,,,,,-0.47527327952024423,19.553269515277364,,,,-7.065325218701496,-1.9854722809553267,0.6279455484843102,,-9.860634444630648,,0.9451139090564976,,,,,0.35464024334532607,-0.5671574563162107,-12.185647386309215,,-3.2738919402964055,-5.682295507113602,,-7.405288433454291,,-9.368548407732312,,,-3.62501138879937,,-3.786761199369458,-8.240977041982395,-2.185141285424486,-0.05937940672028528,,-2.4525720000200617,,,,,1.3868796530622456,,-0.4463186183991293,,,,,2.4424552007074793,0.0,-1.0013988705103938,,-8.348245522861877,,,-11.170675746533492,-10.811459865553314,0.019727244946576558,0.6533883872433713,,1.0528633812557218,-1.484191425730551,2014-03,-0.3,2014-03-24T01:30:00+00:00,2014-04-11T01:30:00+00:00,d588c144a92d08b4d21161dc1be8bf936213a8a90d9164b23d65013b8cf949e8
1.9977260193753374,,5.046861693119087,5.378739311418628,,,-0.2051575438475776,,0.36306519702674556,-3.429596849171538,,,4.519663381778636,,,-0.24284782827325174,0.913536042909987,3.6002397078133344,,-11.639548985152578,-2.1743029845408928,,,,-2.5282093060805306,-1.307606019798037,,-2.737235880751018,0.25839330122148907,,,,2.299459334064395,,0.8145124370998871,,,,,-1.9093485538215513,10.24587469578685,,,,3.1355202988723323,0.02521399938446236,-2.2732972906198903,,1.679339072192633,,-0.04845112782726552,,,,,-0.5798979876152158,0.9519237418145581,1.5960551107548047,,1.8899319185607106,-2.501658648717992,,-5.01664321286221,,-5.505977718302732,,,-5.64582950726199,,0.8821438831945959,-2.161652222486567,1.272538005903295,-1.2988122349094486,,2.522277534050526,,,,,0.7230825075846113,,3.3719295174004777,,,,,1.407175117742714,-0.6539023767056651,-1.7263210484153035,,1.676424023049522,,,-8.508107485242407,-0.5083092370217107,-3.1169163509783813,0.37877444696667967,,1.3292827207046856,-4.728173347317009,2014-04,-0.2,2014-04-24T01:30:00+00:00,2014-05-09T01:30:00+00:00,d7bc72ce8debc608dab7c58014c30efbc6e93bf10f9742aaf5ccef3fb21ac07c
-2.278753787798581,,7.07461822877448,-1.018659802730061,,,0.8337468600871909,,3.36142366327626,-0.06138466453111304,,,2.357745099537993,,,-0.7149156072957352,-0.2111752397130253,1.0214611237827365,,-4.186760152882506,0.3390472262751764,,,,0.8752791109594708,0.026093517043621128,,0.6647933925555999,2.0658117658185935,,,,-2.9266781160856685,,1.5653289448688448,,,,,-1.1407423267735994,-8.354884700282417,,,,3.563369918379993,1.52075711091813,0.2757795512839624,,5.448452141800198,,-0.9132268427749868,,,,,-0.4367153087319069,0.13179052488726348,3.3191475792442846,,-1.332030464337018,-2.1563139948419336,,-5.967903784792176,,23.066238372823715,,,-2.1823469456211737,,1.3887221138389785,0.9828088936262693,-0.6720991296251297,-4.386658486722772,,-0.25532939469662047,,,,,0.14585681782561205,,1.0833306522495627,,,,,-6.769954959589379,-0.8470638883508778,-0.3681302225312111,,4.86165827369492,,,0.8279546308402367,-3.198970546406881,-2.0406663299148207,1.2639605011375776,,-6.2346360154508185,-1.1808116074038688,2014-05,-0.1,2014-05-26T01:30:00+00:00,2014-06-10T01:30:00+00:00,cc6cdd2bb48d17674f9d65a86275f3dab4a37e6a9de2d01f88321c42a692aecb
-2.640785721506382,,-0.45234422389276363,-2.5174630256494446,,,0.02441704321739136,,1.950930457623224,-0.16680571006970588,,,0.9223226884627135,,,-2.1671531916697564,-1.1738387551466736,1.8937940204255272,,0.0,-0.44287469324558704,,,,0.21762794225954485,-0.20211891014479783,,0.02021473269641261,0.9891322774397924,,,,7.424974384536247,,1.7556838802429948,,,,,-1.3303055459915174,14.152743722666228,,,,0.3834154804701077,0.15210495655449174,-3.0206799969276847,,3.7015588124033694,,-6.927745428626467,,,,,0.0,1.4539244661679,2.932901421184639,,-4.866891617076694,-1.8860143533862395,,-1.7948952381453873,,-1.5094626222485017,,,1.754121520809267,,-0.172231423132646,0.24420036555518088,-0.7946681709967797,-2.5406477395263822,,-2.9121756346775607,,,,,-0.7132167855755202,,-2.746940044305137,,,,,-8.862209783229508,-2.10131895988163,-1.0306752789553946,,-1.1690263544625683,,,-0.2998029858980177,-4.627708113680967,0.2074780162465651,1.8989799741999676,,-2.27393505195076,-8.622854949413476,2014-06,-0.2,2014-06-24T01:30:00+00:00,2014-07-09T01:30:00+00:00,490a04a36e5760dcbd6b511fa261f6ac678873d81cba7600455b2aacfdc27d29
-1.7425355370068716,,-0.08532359864687286,2.591921750766667,,,-2.3506548664229494,,3.6741765177942614,-1.710352296003942,,,0.3376044152542219,,,-1.2443374586649651,-1.7186135099454765,0.3300080393688244,,0.0,-3.498002451945209,,,,-2.264579570647899,0.5158419927729789,,0.787791741793448,5.425923699662828,,,,3.112307732188114,,1.7527741813900533,,,,,-2.1990176292616406,8.578869795999577,,,,-5.545044527355607,-0.26408402709147455,1.2448420754479799,,3.150888954222993,,0.8619799661098871,,,,,0.0,1.0967671981374862,4.5170464350401796,,-2.471507802168989,-2.9178587953745954,,3.6989929298352,,2.99647887019366,,,0.5104882909329596,,-0.3091192569672858,-2.5442893981075674,-0.563235317663911,-0.654880042709907,,-0.8513959528239283,,,,,-3.2033045047877367,,-4.105953630327484,,,,,-7.888495000236739,-0.09657171199588627,-1.9920356676346982,,4.06748230420408,,,-2.1456965882845,2.5229608708145155,0.027267720096755894,0.49620874178035906,,-4.628126118555119,-3.5109048578855107,2014-07,-0.1,2014-07-24T01:30:00+00:00,2014-08-09T01:30:00+00:00,00c71d1bc2f0b43da7f7d875bcfcaf9ad0e0db75e19228c63eb4bae935c4b8b9
-0.92632646903934,,2.488398770883026,-1.2964980918793416,,,-1.118498360621232,,3.810683082435478,-5.814735669863567,,,-2.0943371984693875,,,-0.511038934932736,-1.4334615362453669,-0.3636653781579446,,-10.821358464023271,-6.047182175501757,,,,-6.832598249924766,-2.2869871007661873,,-2.376279439399666,3.271742134962924,,,,-1.256921286474038,,3.84237652590805,,,,,0.2243894960671897,3.855426861012083,,,,-0.7010086616105564,4.715305930682416,1.1432158440689604,,-3.406448849040676,,-3.4751922719703807,,,,,-1.8997433840282276,0.04312867815843275,11.30520321884737,,-5.150339030519001,-4.079221634637827,,1.8132441557866503,,9.497466562570335,,,-0.313594073810194,,-0.6973736391503973,-6.046044965419238,-0.6611426208361715,-0.37262975288137373,,-0.9272246788736868,,,,,2.0255695521836112,,-2.508722633017169,,,,,0.7773498333380446,-0.09666506310949899,-2.643466222420292,,-2.4095747277072745,,,-0.707518276408132,-2.550101595638473,-0.5862553431898171,0.2219652461264497,,1.8772519215840808,-3.514334711643593,2014-08,-0.2,2014-08-25T01:30:00+00:00,2014-09-11T01:30:00+00:00,599f0a9c15c0b150218b49269152493cee44689b0da589b96e1804dfc4aa0dae
-5.552883883244543,,8.040838737421499,-6.150379354400513,,,-2.977407485875344,,0.10688225509083375,-0.6653384490736548,,,-3.2447695957427185,,,-2.8445811884183634,-3.2932023866668083,-0.24873352912470392,,0.0,-0.4060179436408303,,,,0.3446435166077211,-1.8855757838365967,,-2.1135727042865375,-0.24227010764108328,,,,0.011701894257465581,,4.062201725204734,,,,,-0.7692345623155614,-4.497054513388816,,,,-2.35480413192059,-3.8926162806718088,3.527897572289539,,-4.902795385677139,,2.539634074930602,,,,,-0.5831427813587675,-1.0537440049490527,-2.2427173694025453,,-0.43735390034234467,-0.2982215438465329,,4.310468024322965,,2.2204460492503128e-14,,,6.387403963182406,,0.43601533488878763,-0.053170279067338094,-4.1023687527173145,-1.0954292017633194,,-7.157205175741925,,,,,0.43396104361835136,,-0.08703978267322374,,,,,0.12629189961394777,0.19323677510538603,-2.0900819866333706,,-0.4558206878956677,,,-0.1627339659375371,3.16899707069107,-0.8294506348862623,0.2519025825156719,,1.4093847328072031,10.660674331994368,2014-09,-0.4,2014-09-24T01:30:00+00:00,2014-10-15T01:30:00+00:00,f60bfbb363decc56103025d887b4535c7c376968d8fbe62ffab806dfacb2ca09
-3.044936439757886,,3.98734449652333,1.0448124627720368,,,-2.4813965271880924,,-8.408107271203146,0.7694903308552776,,,-4.3026115133687775,,,-3.0352264254638417,-4.6216176024640525,-4.964081806070482,,0.0,0.8414322745028803,,,,2.0084062244116936,-0.58827002960618,,-1.1151634016033423,1.0745274456035914,,,,-13.057494329855244,,-5.984715697891432,,,,,0.0,-7.286056860130448,,,,-0.11251078228258381,-2.020504078181845,-0.14356668615234675,,-7.245294323896697,,1.190034690668909,,,,,0.0,-5.488028148324864,0.29800281233173836,,1.2262173650101653,0.0,,4.773888256044623,,-5.164658886216692,,,-0.2861317561237953,,-0.19088469670510624,1.9226296732491348,-3.861818494620886,-13.144376665646101,,-2.171975974957697,,,,,-2.2076321423305996,,1.2461220437811815,,,,,-2.3861486691676292,0.9606221805439933,-2.9353454284548977,,-3.0912622180304914,,,0.0,-0.010115007645453712,-0.3235065583852308,-0.6056356540088838,,-1.7454749089853838,-0.6965042967771709,2014-10,-0.4,2014-10-24T01:30:00+00:00,2014-11-10T01:30:00+00:00,dd54352a4c597523c5807ae3d76162e9cde3ad972db0d87490f369eff4244d92
3.47197124292839,,2.0079785835112998,-12.133437217249146,,,-6.686038942375506,,-4.467265453347332,3.715482631917802,,,0.04535240960870343,,,-1.0400138199594922,-1.8575174802649426,-2.612860198668562,,0.0,5.003565067316084,,,,4.178896871044855,-5.028793796518782,,-4.37395148177948,0.3812734885102627,,,,-3.7499972255214695,,-0.35269301032433914,,,,,0.24102204967385954,-4.378324763215534,,,,0.6689273148476005,-1.4550973069832056,-0.754191069390517,,-12.08939643893362,,-16.81514052353352,,,,,0.0,-2.2321910086884165,-6.793072424832667,,1.8588191088866077,0.5637413217410123,,1.3954686444893376,,-2.142939145589894,,,-4.168920823701492,,-0.5856653570849466,5.085626137808,-1.1911141823260503,-1.9895423479784937,,2.844065225691598,,,,,-4.623437785735513,,3.315594641043208,,,,,-8.349968314882897,-0.38314223115559487,-1.8295646352137203,,-0.6677582331772918,,,0.0814000858946938,-5.681454531570049,-0.2622311135239063,-0.4448201214409898,,5.329406006964008,-5.49468564347051,2014-11,-0.5,2014-11-24T01:30:00+00:00,2014-12-10T01:30:00+00:00,49804883ccedd8e5bc6a09f62fc860f004f41e4eec64dd278edc8da05f3c6b2f
-4.640603327293376,,3.953216724609885,-29.397649277648846,,,-6.523513459667704,,-0.38291749883353043,1.878837672156074,,,-11.469629588686987,,,-1.3692019708937848,-0.948500922614326,-11.42606722750133,,0.0,3.3573510733230476,,,,1.680897698161799,-6.828850783166658,,-4.895565201851574,-1.7010580003828566,,,,-5.444476589505403,,-2.5816478222917905,,,,,-0.8490443709137083,5.340077672711545,,,,-6.468291136515167,-2.1225646796088466,0.0,,-27.302630442464636,,-29.093165920610897,,,,,0.0,-1.8027064374162838,-17.32313325685613,,-1.2194307413609915,0.9132965686039776,,-5.159469064072472,,-1.088939979926843,,,0.5307192668316872,,0.13136782380283968,2.799180497238877,0.16123242507860622,-5.1998679342771945,,-3.85295087020536,,,,,-3.417175768592499,,-0.5338684685370224,,,,,-7.301994661282915,-0.5774799493883909,-0.9738555997399303,,-3.0532023542741324,,,0.24380345274302556,-2.8849616740126365,-0.4840410066350538,-0.10648368256517286,,3.723272530930953,1.5078413967831863,2014-12,-0.6,2014-12-24T01:30:00+00:00,2015-01-09T01:30:00+00:00,95056145169f4b3a15f526c3d324b8e29078b8146d8c8f0f929ea7c1fbadd563
-5.909974114854316,,-0.30430263074327996,-4.148954403746825,,,-14.402924432629158,,-1.5082231130182537,-0.4124826508344396,,,-1.8685930302964286,,,-3.6633167152309936,-4.551643188773806,-8.775082497422057,,-1.8018505502678366,-0.7736797749783854,,,,-0.2085735428724076,-14.774540328995196,,-15.06188371518468,-0.587885866439412,,,,-12.97138052231267,,-4.672703383748075,,,,,-0.5570394007576882,3.412533615787568,,,,-4.845045563608405,-5.846074078480751,-0.6102305822440548,,-15.001326196764216,,-2.5406359089786323,,,,,-0.7711219423490244,-1.7637628826189091,-18.76569157531214,,-2.386440243249611,1.0039300005124365,,-5.22824937918764,,-4.097407421030568,,,1.0469365240276869,,-7.602854597312636,-0.03616854581596406,-3.5358530472571243,-2.716183145394309,,-5.294023904123669,,,,,-0.9886234964648417,,-2.044853675410069,,,,,-2.881201968937992,0.0,-0.7651084788580285,,-5.75404717107171,,,-0.9897301956194626,-25.5419227755748,-0.7935703297127004,-0.002367592395413994,,-0.09007049383614872,2.4445845291700494,2015-01,-1.1,2015-01-26T01:30:00+00:00,2015-02-10T01:30:00+00:00,6b9ab7bc4a0345f2542ccd7a54c578a2fead478b4a800834a11fe83aba0d6aba
0.7264448548632236,,-0.4239722881409425,15.920715675955673,,,-2.5343580687986123,,2.6812067162338487,-5.275371986512645,,,6.470582752459086,,,0.5141307075342222,-0.749865457735489,5.661084911072202,,-10.330501647573023,-7.734804198624966,,,,-8.58498617270837,-4.544540053811435,,-5.531641294739121,2.5048528105261876,,,,4.436433362865076,,2.065605570759919,,,,,0.33342788589980654,-3.943237576387151,,,,-4.198149401925726,4.950079404224642,0.11209771373553265,,6.666585974577971,,-7.877023099781699,,,,,-0.990107098271157,-1.6354518176873316,6.832206313023733,,-3.879648929139766,-3.186595851342032,,-0.14577262056566256,,9.925495809534105,,,-1.078193616895474,,10.211997666062492,-9.775218345987675,-1.9658427741818925,-0.5938562000206822,,1.5925526154318452,,,,,1.757148338137908,,-1.9129169908995305,,,,,-1.5815025923029056,-0.2897153161152676,-1.9350487158528618,,2.8725313718497434,,,-8.641946694267283,4.075710249592575,0.9808561013198072,1.392415249738211,,-3.562994792705453,-2.5892243665724997,2015-04,-0.3,2015-04-24T01:30:00+00:00,2015-05-09T01:30:00+00:00,7fdadc9d62ec86a9fcf315a19a42a47fb7b1aae1662ce740dfa5f75f6764f128
-2.357600298439286,,-1.013573564293595,12.135807116037167,,,6.521522246185355,,-0.04257674522529374,-2.668981716876607,,,1.7680806867009542,,,-0.8499195845723083,-1.7619699652200054,5.728530442273283,,-8.347089066760466,-7.656507993515207,,,,-5.201993249603701,8.790149998167477,,7.524584191679226,4.161507346345957,,,,9.659519833314715,,-0.11188748484233298,,,,,0.4447861583056904,-2.6599594840066576,,,,-3.054082388345854,5.856630205028058,-0.2420522479440832,,2.200467989345325,,0.4231821198088669,,,,,0.0,0.7562263132707047,14.36974741002116,,-4.328286466063669,-4.036643195961818,,5.395204706916917,,10.811263062470106,,,3.82769847571584,,1.2959591608766508,-4.756841691910957,0.3296980118545927,-0.10821610978658575,,-2.5050987830924414,,,,,-3.0324245611232805,,-4.3493059833348475,,,,,-3.649956598725478,0.0,-0.913509472704202,,5.164051286124996,,,-3.4625351479548123,4.596261357931729,4.153655075639208,0.0,,-3.39232047338263,-0.14727543162746518,2015-05,-0.1,2015-05-25T01:30:00+00:00,2015-06-09T01:30:00+00:00,d18f110884d3fbc5fc2ddd19a1c1c9fb3f23d06a5a2e98c716c29ad9c551a3af
-6.891406793301896,,-2.691578970021379,-6.334472112352997,,,-0.1321623285260897,,0.061730367978767596,-2.700060181850597,,,-6.208504431942773,,,-3.6574621310687263,-6.4467261948074865,-4.406597259792157,,0.0,-1.5801142737108147,,,,-2.197890671877523,-2.526202489459816,,-3.7587817989133554,-4.198421904944017,,,,-10.741238680750948,,-2.9217488840290367,,,,,0.531530606334522,5.195973893071096,,,,-10.91614055403699,-1.5936020255533316,-4.295546366195504,,-8.210391611732536,,-7.328016964824529,,,,,0.0,-1.1166346852302942,1.4822665243774849,,-4.600661723081405,0.0,,3.447153433255045,,5.833557701296342,,,5.4214348906799295,,-1.497505576074137,-0.45351551653912625,-5.6509094954872365,-0.08067066922613886,,-5.724091868715518,,,,,1.3308930042074338,,-5.272955327905285,,,,,-2.9617325554497675,-0.29055710514146355,-2.5777847451192253,,-6.146771841250501,,,0.0,-2.463205215130039,-0.07386512991934843,0.0,,-2.40285865117036,0.974902035981194,2015-06,-0.4,2015-06-24T01:30:00+00:00,2015-07-09T01:30:00+00:00,ef9ce65cccae2d37eb57c7f059403aa403c59cb931451a483b4d3a9676983cb8
-11.097903148363903,,-0.8850840027068426,-7.259599947872121,,,-3.476075020187803,,-0.7818881961397283,-0.7289663044747406,,,-2.1334580983906877,,,-5.482091746632602,-10.076375337763023,-6.777276270098866,,0.0,0.14468292854250198,,,,0.0832986303891993,-8.577713671583902,,-4.762738829373376,-4.890031899861719,,,,-0.26674384084716546,,-3.339131189584801,,,,,-0.2799094535438625,11.967691776322738,,,,9.561334250693472,-2.086631203346644,-1.8055901961238086,,-4.025775330091135,,-2.7411449590473915,,,,,0.0,0.10104534667825728,-7.17817517257058,,-4.561816678374821,0.0,,-2.518513913623863,,13.394797250973884,,,-3.0602754013028943,,-4.460870006832705,0.0,-10.110818046026935,-0.21695931800966894,,-8.340968397426348,,,,,1.5617389269509783,,-3.7922088332327193,,,,,-2.4297473577173103,-1.072657773864311,-7.00681568281349,,-4.212741145608375,,,-1.6021704531265484,-2.5388176126985122,-2.1749283543672187,0.0,,-0.29268058627831184,,2015-07,-0.7,2015-07-24T01:30:00+00:00,2015-08-09T01:30:00+00:00,0833ffc78cdc8325956129dc808d6a16c5eadd376d7159c97575d2ad85f908e0
9.465525863772688,,0.0,-8.598655840778232,,,-7.192443411817126,,-1.2104621705641847,-1.0767120702495283,,,-3.6709132998129945,,,-1.9406819054754005,2.5134482756064997,-3.7350467666784612,,0.0,-1.212136053234485,,,,-1.06027778996969,-8.924155620097471,,-8.08550871491464,-3.2509413423432796,,,,-3.085289673495708,,-2.8249293108925126,,,,,-1.0083531295574992,3.69080951991188,,,,-1.9699216339161723,0.28603554081595556,-0.8538971268885518,,-7.8846561675448585,,-3.557048254662159,,,,,0.0,0.3804088277275881,-12.145758634544372,,-1.3309331368780268,-2.4922880225179584,,1.714085241897409,,6.216690641655174,,,-6.01532472584148,,-3.5540540576721242,-1.066270574404018,0.2461402003496181,-0.05697291661724039,,7.230651494540921,,,,,-3.7842222863809205,,-2.7154741347807243,,,,,-3.77008683820744,0.2936859673309706,-3.081759599195,,-6.286800646071428,,,-5.384666835443863,-14.937392598836269,2.535173539386427,0.0,,-1.4086874355339138,,2015-08,-0.8,2015-08-24T01:30:00+00:00,2015-09-10T01:30:00+00:00,491f6dfbea849d648b79a43a9e3798d3c98a36a874cc62ef8e8d87453892323d
-5.814967600587517,,2.6937892014159965,-14.866972560289366,,,-2.8174580910470364,,-4.8844435602591165,-2.771163470833793,,,-0.9914017835599164,,,-1.1704833800073833,-4.099849139928055,-1.5247520847775557,,-1.5022996522879883,-1.9456345795125056,,,,-1.369787710032341,2.939786257278914,,3.9439860080326588,-1.346117953749208,,,,0.646032036398569,,-1.396650807231789,,,,,-0.8786609965249449,-6.37545148253625,,,,-1.382489402754248,1.140512514840103,-0.7292493947795177,,-8.34432746884047,,0.6939458534264767,,,,,0.0,0.7053755726884204,2.08476887019666,,-1.2871768276697526,-2.8499563718918886,,14.291012491095522,,-3.0600440448716926,,,-0.5966586923587707,,-0.33976079571158374,-1.4965950859476431,-3.282707162637741,-0.025078370037402074,,-3.5195482510390974,,,,,-5.172263101733534,,-1.8878490458167414,,,,3.479454354130069,0.8201724508417196,1.2627656867801877,-2.408681701908488,,3.9770028349303987,,,-2.9403285608229988,-5.669772142025892,1.0455627393977005,-0.032955481988097536,,-0.043803469138655515,,2015-09,-0.4,2015-09-24T01:30:00+00:00,2015-10-14T01:30:00+00:00,f9d4285d5931bea995fa303dba39c477cefc0461c749c11a9007ae15c5ff02ec
-2.574852654225559,,-2.1193621279884116,0.8314311316006745,,,0.5717340397801908,,-14.670185581426779,-2.0258929733411506,,,-1.4353723413359194,,,-2.544202973127457,-2.5445565027070494,-5.3673211361677255,,-2.134464764799502,-2.684302054930524,,,,-1.4897854680636946,1.9385580888011475,,1.613554104153144,-2.7395027394278313,,,,-4.566387548752319,,-3.552696581138014,,,,,-0.08474326256288078,-10.22306226488986,,,,2.0548918237903715,0.7976559188595236,-2.7611762783448697,,1.2484882239779342,,0.5614352903341538,,,,,0.0,-9.454216804904583,1.314454376023527,,-0.4947443610467159,0.4171691469654035,,-5.12472351399972,,-5.516638130870814,,,-5.768747552867172,,-2.3802219994590343,-1.6298746635695007,-2.37438711020277,-1.1992948825793948,,-2.6869334049295674,,,,,0.32763204678944585,,-1.1630542475007482,,,,-0.09960807215813751,2.274344824266777,0.0,-3.989220276624783,,-1.997920414308242,,,-2.084024581351549,3.015004832650866,-1.3597696261642358,-0.1478650830160943,,-3.080692548617773,,2015-10,-0.4,2015-10-26T01:30:00+00:00,2015-11-10T01:30:00+00:00,dd9bb70cc1b38c1dcd999631afc08bc1d3e8dc912f0ab40d279c959c56fcbe7f
-1.5052445157727505,,-4.450319198718577,1.4263449870057314,,,-1.2594725743245834,,0.6341375563720897,-5.536746524917389,,,-2.386452133879849,,,-4.729109962536275,-3.1495162648485953,-9.28788452293672,,-1.398624197473984,-4.962075553430895,,,,-4.6526888085643145,-3.18426484329181,,0.9521257774748543,-6.927230673151516,,,,-2.317108904624788,,-11.254381366679983,,,,,-0.11244489905769536,-2.8170876966696334,,,,-5.371003397592444,-3.475919337734424,1.1049836186584936,,-1.6187413608612085,,0.8810507819322827,,,,,0.0,-4.312814900214882,-7.892438185032691,,0.9665885024367222,0.117198958624465,,-2.9683167079005437,,-5.207914904488957,,,-2.053499901806405,,-6.655884588423182,-3.685347461390269,-6.119533141910717,-0.6846328426701609,,-2.616015641584388,,,,,0.6132623006168947,,1.2058716320127394,,,,3.4243795629643747,-0.8891575844568395,-0.9699397088713505,-3.8872524581676795,,-6.311105549307077,,,-5.353217910738875,-7.171352612184151,-3.941940129833349,-1.2058341501548209,,-0.06300334400046134,,2015-11,-0.5,2015-11-24T01:30:00+00:00,2015-12-09T01:30:00+00:00,dcb1780f5446b4959afa90ef3dd442e57e04cf9f62dbdec6f41c750ddeeb1c25
-8.90132565547528,,1.7984179487383944,-5.14345876480462,,,-2.0098316877451876,,3.505061802196859,-1.3641470365776827,,,-0.8385210177975673,,,-5.095667369746909,-5.920663574615098,-4.794426119135622,,-2.3754086008107143,-0.6734032181344068,,,,-1.3547661350843854,-4.977818650460306,,-1.1397513009729667,-4.756197708782438,,,,-5.00632851631279,,2.2084966432625333,,,,,-0.35592151942765926,-10.266573713874992,,,,-3.6095194415347165,0.37490733469474213,1.6029870186334112,,-0.9471845696636245,,2.476683619388094,,,,,-5.688252063394979,2.2484078061356843,-6.784080466178612,,-3.6049324893954973,-1.2019233833015994,,-11.652848527772582,,3.7041271680349075,,,-1.8908747065360627,,-2.9412804083386406,-0.9222726768772447,-2.8382092512945554,-0.3009585622743496,,-9.355262662532066,,,,,0.42013031018308733,,-2.8880522051597457,,,,-1.6890153662872676,-4.155806649871146,-0.09751341582062072,-3.830263279397012,,-4.854801980871174,,,-6.249748459021518,-7.697821161321043,-0.31783763520552644,0.0,,-9.75225473286369,,2015-12,-0.6,2015-12-24T01:30:00+00:00,2016-01-09T01:30:00+00:00,5b6a63c4c52cf1d38103b0cb8b22dc19afaff4ebeb44b336f0c1056305c0f988
4.757269767860753,,0.798854955311501,-0.10781452878732553,,,-1.1996491910468579,,-0.89036456927429,-0.9806967636189258,,,2.3010637834834187,,,0.1548614069039652,5.151710221216672,-1.9816337228074656,,-1.9418085857101628,0.0,,,,1.2337373759840784,-4.033494757945316,,-2.855461642899789,0.4495616262554054,,,,-0.5512680684985063,,4.025067411651259,,,,,1.0972993092417502,-23.701163043141136,,,,1.9839047951654805,0.12949287593353204,-0.2344417101079909,,-0.2551417974950213,,-12.64177358240067,,,,,-11.297966406732318,-0.2458546688066574,-1.0811446786543009,,-2.42683444465445,0.07702562964147165,,-7.996866924755953,,5.023212548633327,,,-4.698566235951073,,2.8750319327359874,-0.730657518243814,7.588559288115189,-0.9044291759761539,,3.1525983617304187,,,,,-0.18244850892090866,,-1.4870987621530531,,,,0.05108774431007739,-2.3906659792596896,-0.881926343408136,-1.7841382340700036,,0.33754474811972796,,,-2.979197266417798,1.167627338382527,-0.9393217789867693,0.0,,5.700820024684659,,2016-01,-0.5,2016-01-25T01:30:00+00:00,2016-02-18T01:30:00+00:00,74c7d90a995d0a0716179c35a360b3ee91a4ea9830607b22fba2d1fb5b83837c
16.532766627120417,,7.625474539969029,-3.642484030214425,,,-0.05269379332086986,,-3.2635020805960417,0.5380301557998644,,,3.185848296061839,,,6.70040539855372,9.774862236676631,7.8898111576994525,,0.37185677451660526,0.5656996315140667,,5.139258336821014,,0.6305552563276647,-0.9133854995697787,,-1.1381085913439926,2.8608922839557933,,,,-2.6607611016952664,,5.4546156270264285,,,,,-0.7210870764988156,8.788132049816973,,,,-0.6501973491346684,-2.1890309119858595,2.0744619274072362,,2.3450777470596007,,0.4770421925011946,,,,,-0.34308257036912343,-2.04998449218053,10.977490516882295,,6.925680497724433,-2.058473832470714,,5.720788817514732,,5.182506786458594,,,6.318780566708473,,1.2313276654725465,0.0968210500034861,14.000429807372342,-1.7156909946008294,,14.897900394457528,,,,,0.8408429444229167,,,,,,-1.0321681672550516,-3.0551695961140846,1.9418085857101517,7.490631996335432,,-1.242899272088712,,,8.11058341430919,4.509540367807014,-0.9303938189287729,0.09308045235738129,,-3.5636525282752145,,2016-04,0.7,2016-04-25T01:30:00+00:00,2016-05-10T01:30:00+00:00,df4479015473ec181d93fda07d49a130d246eaee406c9fef7bf5c35b67706c80
0.18314846888920192,,0.8718801108600988,-4.860956264130111,,,3.302484296102512,,0.5421716691607124,0.0,,,-6.3983269254693,,,4.5472618417079405,2.3198583925927676,-7.545471646931507,,10.20536278667205,0.0,,3.723560884832495,,0.0,1.5785793373050856,,2.637216775510808,3.095888080354261,,,,0.3098952355565693,,4.75814393371511,,,,,-1.3179084938061056,-5.77212320389492,,,,14.256933690174604,-3.184298328717683,1.1654977060438374,,3.4892873019769706,,2.654808488153264,,,,,0.13144227973136346,4.807904166328187,2.713577906197637,,1.2442791844005268,-0.7951724802531862,,6.826370186662459,,5.406722127027579,,,-2.3867811184694574,,-2.0424080134769524,0.0,2.4406474112817715,2.383015652483001,,3.3335168715667503,,,,,2.418663194808475,,,,,,1.464042832926645,0.0,0.0,8.52529253112407,,-1.4474500580841718,,,35.49162844240812,1.4296919746210972,1.361789686035653,0.0,,-3.3899809331758424,,2016-05,0.5,2016-05-24T01:30:00+00:00,2016-06-09T01:30:00+00:00,d9896473aebe9c3636cccec90094e15d7d01ea70458c4b6e1795b11878a3f5d5
-17.046561753867454,,1.08096264956148,-2.9473183604027153,,,2.841185117740154,,2.0803371044156695,1.416745861634315,,,-0.5154330832465344,,,-8.850921192174248,-12.449085384437849,1.7891047610916155,,8.687171885780815,1.4888612493750777,,0.36283047262424123,,1.6576139261820717,1.2543077266586469,,5.413603851542981,4.211158879773044,,,,-2.291960601319847,,-1.0444633561812737,,,,,-1.0243494262914825,-15.326821962457727,,,,15.28948759920898,-1.8104204876352663,-5.394772500326459,,-5.242919813937781,,0.06325381229629015,,,,,-0.08478169223395593,6.868427550389916,-9.602915917809113,,3.798806178288667,-1.3806864927568916,,0.45284410748654413,,-1.93242728264027,,,-5.725917582685459,,-0.9141866248604172,4.077038028503751,-9.861440749787498,1.9139763317571385,,-14.378979592779457,,,,,1.4593785039068947,,,,,,2.3095136036184654,0.9255585340351563,0.0,-10.335800163003967,,-1.143527180537808,,,-2.4672167918763335,-2.528559185380759,0.8094269882041221,0.03330404904658233,,-3.9792364823849726,,2016-06,-0.2,2016-06-24T01:30:00+00:00,2016-07-10T01:30:00+00:00,e8c2117d5ad93c4da659d8f68ca0233a0ec4ac2702db84ee15d1984199a7ac3c
8.319155410583212,,0.18852274911353106,7.260474708903769,,,-0.9671990834796624,,2.518608171129424,4.145183099995284,,,4.35939730868519,,,2.6574838237120266,3.8286496826047323,14.104543709287492,,-3.012498497191974,4.277537152975039,,-3.1891500747657155,,5.161641205436151,-3.0629876900999005,,-1.6895986362865691,6.565729507014974,,,,3.690049963342289,,5.214772719979035,,,,,-1.699177253837322,-12.478737463758929,,,,2.7515818386348907,1.403945762319088,-2.038193406387537,,6.902959950982482,,-4.824598877605234,,,,,-2.9851678034717932,2.3697964412071637,5.719293448880436,,-5.186866839651967,0.0,,3.768561889838972,,-9.457874005453803,,,-4.454599075791952,,7.053155516265614,4.140404869249265,1.2983901080753206,7.349299519881954,,5.1208030175020545,,,,,0.5365468406565962,,,,,,0.7034894794951517,-0.6601140483913969,0.0,-1.1480121633544196,,5.4590020577130645,,,-9.796808162783545,-3.5611409129477516,-0.9718659621837638,0.16864667937184485,,4.050647017602249,,2016-07,0.2,2016-07-25T01:30:00+00:00,2016-08-09T01:30:00+00:00,b1e7518ac9822a2655be8a7490ef9f43c5d0cdbdaf07dbce72ce6fc65bc0726b
4.39353254634508,,-0.30949985171223465,-2.9856758558700176,,,-3.161954872951178,,-4.9028632859030346,7.658500328861627,,,1.0033339860604182,,,4.820325046749648,5.348418512412751,0.9800844343837396,,3.109483876167308,7.695655885123888,,5.141792309801244,,7.726741217361415,-5.122307772229829,,-5.986944981947738,4.229230420370121,,,,2.382373748506189,,-2.39121666187718,,,,,0.9936893318101316,-5.88773657028329,,,,-8.284211021072304,6.3664379518514576,0.993994242103345,,-1.3478223170738795,,-4.726416658748177,,,,,-2.376563974522132,-2.50037370975431,2.773398810905954,,7.138808221290642,0.0,,3.1868973902703046,,-0.8075414005545307,,,-5.027939079254605,,4.053412179791257,8.238274446967871,5.196233834685851,10.279569706217071,,2.9472288886974387,,,,,-0.4918507167329987,,,,,,7.732386022925016,-0.04828913429297796,0.0,7.576344307597004,,-0.6607730726028281,,,16.17728885665671,-1.4451738877064453,-1.7241294238740614,0.13402601194079886,,1.628523293413242,,2016-08,0.2,2016-08-24T01:30:00+00:00,2016-09-09T01:30:00+00:00,510823402dbeecaebad6d20de771254bdcd2d167ccf7f7a412be59d87396e9f3
-0.12075837719134533,,-7.58848383520157,3.4913523968533253,,,4.459500652463607,,0.011067762386452091,11.969262152455237,,,0.9801020157336658,,,2.0772697428815374,0.8064036580631909,-1.49471679661861,,19.41132466014158,14.398197333574636,,5.040497571886056,,14.368532365533667,8.534904016132948,,8.910766893444668,4.057324173777811,,,,0.37399726735243244,,-1.027943252632659,,,,,1.6923771493415767,0.3220614700042157,,,,1.8553466840938182,3.2356474744344057,1.8823984347358202,,3.073451581754478,,10.2577563293911,,,,,-2.7857712888530246,0.09240721433782668,6.641906363921024,,3.977264031290889,0.0,,9.015389183223174,,-1.086967223690399,,,0.7016149637204924,,5.241083139272429,11.221886968158543,3.3136795659985165,-4.212451290626151,,1.4620171993389661,,,,,-2.757466252125147,,,,,,12.724125574154717,5.398684356810319,0.0,5.5808671744349905,,-1.8225559587883116,,,25.89223374705008,4.704266133427549,0.31591443938899905,0.08124453333647234,,-1.6546431838581974,,2016-09,0.5,2016-09-26T01:30:00+00:00,2016-10-14T01:30:00+00:00,abedb45c3916c471d4a908fb4984a78234d4ded300cb2cedbb41b64567fca619
1.0018919216939777,,-5.415367723195142,-1.7044813074681242,,,-0.02670815349026816,,-11.059110286934054,10.994757120280962,,,1.8417637006173986,,,-0.12948526862744147,0.6221260632510873,1.3689087630587848,,14.853699785453417,9.701998870469227,,6.571044204985285,,8.615512091676408,3.516808815453292,,9.52027844858905,1.1272471315713393,,,,1.4955653847117203,,6.576133937913857,,,,,1.330075141531071,14.631111927092153,,,,1.2916116511794185,8.840030421031777,3.49983029257089,,0.9843854954637682,,11.832592383475523,,,,,-1.600034134644119,-6.755126507705647,34.27530394345774,,5.64940197173727,5.195113530334326,,13.211393168003774,,-13.119221027135017,,,3.1662815221624743,,12.573581915706548,11.034988245436278,0.8247222983984793,7.481366383850874,,1.4333094533456416,,,,,0.8651283812661434,,,,,,-1.6507028003932123,4.571779449360451,-0.20263431452324726,3.338044115526272,,2.519940409979696,,,16.280216403809707,15.701056514503595,0.2589268516973948,0.04116920601581026,,-1.3500687218902576,,2016-10,0.7,2016-10-24T01:30:00+00:00,2016-11-09T01:30:00+00:00,97c979f0e88e4af8918ffbb63c3964197db314414513abb7b5ef36f8b2e2fe26
16.446495723877387,,0.6779817568381593,15.263618896968884,,,2.8135260705197984,,4.0961667697608055,9.419007771931213,,,5.663442695368608,,,7.2392382506316775,15.474553344399109,9.869087910810094,,20.940120212799382,6.552319821282223,,6.8899168338456915,,7.212889914529934,-0.49417737840712916,,4.611892466208428,11.562171537953182,,,,2.5995949901496407,,9.876905811109019,,,,,4.672166170427388,11.481567442858138,,,,1.0709172606502126,9.764672151302634,3.6171328171809103,,7.277788876119294,,2.961881223834957,,,,,0.0,1.660792241270121,-9.950088942010947,,8.621437367972737,4.9552471064177395,,21.96459758957197,,3.067725224704704,,,16.388057056364204,,13.716827491836646,8.970915478332373,14.645196559888399,-0.16908634380954005,,13.440491979640218,,,,,0.9334410088944258,,,,,,0.704037568232852,9.508407142604614,0.40485885260003324,13.109174348343311,,12.061044487924566,,,24.53706181363929,8.10528918243757,1.6522269132562137,-0.07091306584408884,,6.703980338399096,,2016-11,1.5,2016-11-24T01:30:00+00:00,2016-12-09T01:30:00+00:00,8f46756927813871b2f39067799d04b2b7a08aaa5347796443b183c74ba41db0
13.05224896407458,,3.164671595743962,7.884941485776549,,,-1.1808178164707113,,-4.08689620842169,0.4780639839743107,,,0.27627450335390286,,,13.057341413156545,12.967888535712865,3.8020099826812634,,8.468308723003869,-1.3367296055845275,,0.6701013879296374,,0.4555816535860661,10.310949983025107,,10.305207691698051,9.284019866634491,,,,11.943641146735134,,-9.692757426470578,,,,,33.36534661661807,31.15407927109591,,,,7.160047225385757,17.864013587690554,2.353601740776533,,27.71051882047798,,7.233019204751091,,,,,0.41289117057192365,3.7428785723748406,22.052786210204054,,2.6126761509595213,0.850501249468665,,-2.2604297608451813,,1.7964554975298894,,,4.982152587964897,,-11.363794393616741,-0.88496152769825,14.548922329000263,0.5115546406821775,,12.41714864477854,,,,,0.5445033242670673,,,,,,2.1422955496141802,14.775944304996838,0.10095912013522745,6.975535332539616,,9.272551302629134,,,5.968881922622608,16.37189807631045,9.093814230214843,-0.1282286308692232,,7.10245478564824,,2016-12,1.6,2016-12-26T01:30:00+00:00,2017-01-10T01:30:00+00:00,4c9f14e4db7b0a0714bc77b98d860a42ee75c4048e2e1920788bb847527b84e7
-3.389387351352623,,-0.3309667801157323,-1.7073296852638742,,,,,-7.8090162378136485,-0.9972638794296156,,,-0.7207975218879368,,,2.960450434885342,-1.6075167142669304,-2.306612694400008,,0.0,-0.5363740650218012,,0.1790219373067201,,-1.014216743444659,,,,-2.3052425218844457,,,,3.7378567549173765,,-3.842210173861353,,,,,8.125044037660478,3.3175862238899576,,,,-5.819507737549577,-11.762613037867627,1.249884276758431,,1.0738436701818683,,12.71169717826936,,,,,1.7148486741565576,2.4951369614404664,24.12922152542712,,0.5422586685711841,0.4142851231533832,,-2.9308900083065947,,5.76528514272774,,,11.668273797288625,,-12.506948165695242,-1.2093028832188406,-0.6165467544643694,-0.7201539272739385,,-1.1780202102849804,,,,,2.6441060811161496,,,,,,1.51048890098098,3.421888667210335,0.10085729548849716,0.019095585397405346,,-1.1876692009055647,,,-10.0687957891826,-0.22290392126559708,7.827935559606821,0.045814817313038776,,-2.2185648023776015,,2017-01,0.8,2017-01-24T01:30:00+00:00,2017-02-14T01:30:00+00:00,8a845d2fa64241515a8f8cd0cce3eceb622be4a432481be59aec66a2d70e2058
6.0436715740011175,,-0.0690635692250541,12.699048449806302,,-4.475470364447847,,,-1.2574130167755122,-2.788899832135418,,,0.7639885545305316,,,3.487535847199916,2.1266764853458,-1.0737347301635374,,0.0,-0.6322465739487014,,-0.6198029954207065,,-1.5175640549843268,,,,5.184004526012971,,,,-1.4959077958057483,,5.898324303638352,,,,,-0.7064557817908994,-2.217385749432197,,,,-2.655676107190081,4.231724963934816,-0.0782584668833157,,13.073041874355305,,2.4960151562380726,,,,0.07676718426502067,0.0,0.13505376826912435,8.126901521153705,,-0.3405048948509521,0.13771451208363342,0.4457957922869088,0.8034366723116181,,-6.062462181643485,,,0.6758393060002552,,4.839666560564212,-1.607784813450801,0.9917436657345924,0.6866682984132619,,5.799713704085827,,,,,5.3733854597188015,,,,,,-0.6328722108651323,-1.9314089969689177,0.0,1.7859307112057323,,3.6878047126187385,,,-9.895250609936868,1.0694504335231274,2.444057759962804,-0.0458148173130356,,-1.5318747434678324,,2017-02,0.6,2017-02-24T01:30:00+00:00,2017-03-09T01:30:00+00:00,282d1f91333a80f034c66dd4a05e6b43fe0402c67c510093cc5ec080b607ea1d
9.957600458445775,,-0.75847395019216,-11.991330038278537,,-1.9285110581663563,,,2.2514206359641977,0.6767811173977067,,,-5.5867260311021125,,,9.055147513187364,3.9111882726299654,-6.990035184592984,,-6.16935690053399,0.909173700952199,,2.056586126442981,,1.333723576696927,,,,-2.438823244567847,,,,-8.077396913208265,,-0.8680810460162511,,,,,-7.109124125191357,-4.119575643826728,,,,-2.933206492820746,-4.140108420879245,0.5958914570430891,,-19.071958494237634,,-7.539245222173465,,,,-1.899536539343823,3.042488195280252,1.4113563460142338,-20.61491928618079,,4.234641339849989,3.8975084703190097,-2.142096934283968,3.450924215318876,,-5.8209386085923525,,,-4.300202884191561,,-3.0528533352143143,1.167187758666111,-1.0697193693895823,0.6442367783638527,,8.688109782231662,,,,,7.132340745704512,,,,,,-0.8347074425147507,-5.7865884433628105,0.4024150299725327,5.628276046452767,,-1.150456375896505,,,-3.8326117601118357,-2.262381289511343,-0.7649129147253398,0.0,,7.5712154308048785,,2017-03,0.3,2017-03-24T01:30:00+00:00,2017-04-12T01:30:00+00:00,87bd3bcc8bc8388a860496b71665e4ecf0925e6a8982415dbbbc84dd03916b7d
-8.168192885411209,,-1.131480646888187,-8.008785309015593,,-3.183150551785061,,,5.746343586453608,6.660945890240902,,,-1.9174234667378276,,,-6.733121595951961,-8.014507719788824,-1.5212507553481818,,0.0,1.2905553582919786,,5.564349156870323,,2.1030407737238574,,,,-1.682928567273333,,,,-6.011195149865327,,2.5044601425136306,,,,,-28.29370004427682,-8.521180772140397,,,,-4.67017959058182,-7.691011266218932,0.5168557213583242,,-7.847161544149521,,3.172229606447659,,,,1.1175994471054556,2.303996594825596,0.2430687716026004,-30.45321267977143,,5.197666909659883,1.5341269672080282,-0.5904224979766469,0.9734219630556494,,-1.9108861698046473,,,-6.05589765415947,,-6.954380337351854,2.5348614657017534,-14.1191370533857,-0.03744269631153847,,-7.680611646793831,,,,,3.4901526498322393,,,,,,-0.14530566276445658,-8.115277702342647,0.0,-1.277994042436748,,-1.2560771558445123,,,12.965305387609687,-4.500673686023822,-2.0996468929711063,0.0,,-1.295914464250523,,2017-04,-0.4,2017-04-24T01:30:00+00:00,2017-05-10T01:30:00+00:00,3b47626a3767d68352fb3861291d524a9b42916395bea0191462c277fd268ac0
2.534833601630262,,-7.128889627411611,-9.558480458160792,,-1.8741964779442968,,,2.4343662598678084,-6.336128809251205,,,-3.85364976187961,,,-1.7510255356768496,-4.962337944056477,-4.328831118142059,,-2.7651531330510006,-1.2067892284148607,,-1.2663225133088052,,-4.401778631808116,,,,-0.6550364801055826,,,,-3.8318233110832676,,-0.912955288779181,,,,,6.827109765248526,-6.58284496914619,,,,-0.8810778396729415,-5.402630437545302,-0.13605444275603995,,-7.1115451217267935,,-6.249237849954308,,,,0.057988272530674456,0.0,-0.7177351438233509,-12.763749720252662,,-1.2778819357283489,0.020852882986629018,-0.14670547717855925,1.1186610001537156,,-9.434601453599651,,,0.9624950907822076,,-3.7115244675517904,-2.0431579550595043,-3.377358638456831,0.4069565056296198,,0.8316662421478882,,,,,-0.012624828003487073,,,,,,1.4566708801070607,0.4356345152856679,0.0,-2.7097859782003813,,-2.982999718485082,,,-4.096558964815451,-14.631375580228603,-0.9566584179289427,0.0,,-3.692529865950385,,2017-05,-0.3,2017-05-24T01:30:00+00:00,2017-06-09T01:30:00+00:00,67ec52ac9b1d5d1959bf9612e680e4d18767466a79309a1cda3d9394bd0b03c8
2.190848094074445,,-5.19280431362272,7.5112778306780825,,-2.76242582313298,,,0.14011577071509543,-4.80390423930966,,,1.860437718017641,,,3.5215338762865622,1.528205481093942,1.5432188443646833,,-6.765864847381481,-4.776080215739978,,-2.739470922288441,,-4.397687491989732,,,,1.559505917287826,,,,5.365623141634765,,-1.4370521737990547,,,,,10.528654842527652,-11.16605122642839,,,,-8.681874255909717,4.508586080808978,-10.09705991104407,,1.1881327886752686,,-11.739624440994515,,,,-2.6957415028488896,0.0,-0.04337297208995368,-19.120777105148168,,-4.351686754857588,0.24469620435516584,-2.597986378161639,3.745226092036947,,-4.702493864486286,,,3.603097060123058,,2.581587899718241,-6.25104679853142,4.622846913098739,0.15640009112810102,,1.5231019339348935,,,,,-0.8667065403181194,,,,,,0.1464581798302767,-7.525864759205442,-0.10045204260053651,-0.6513475099697014,,0.30711908890680734,,,-9.818642098656323,0.8506093276994909,0.562322004440018,0.04352457489079481,,-2.8481165248335047,,2017-06,-0.2,2017-06-26T01:30:00+00:00,2017-07-10T01:30:00+00:00,a96fd7ebaa8889282564d63b8d19ed4c58734522aeda25aa4d1c2f71a82d7280
2.8966640358596765,,-6.764803015322267,3.189828063339352,,-2.441718323479951,,,3.443509979338056,1.0976877435606431,,,-0.399012191561124,,,4.865608895303479,6.997580057611411,0.5820288365197466,,1.1187189390564376,2.1891075705587997,,-1.398401939443516,,4.660944507512414,,,,3.0817941541349447,,,,9.88796752430596,,3.082042952423842,,,,,15.0583198313945,2.187850219414608,,,,5.654390883109813,6.005582899066939,0.24861862402431037,,-3.6843697973944094,,-9.947637318282883,,,,-4.596923190715565,0.0,-1.3136776682132993,3.7614276786865033,,-0.7189965066239051,-1.2084581162269787,-4.545633250296191,-5.229117593144198,,3.2789822822990757,,,0.23663749321600558,,10.03453454940167,1.6934018418978014,10.339211999217381,-0.09266380422224829,,3.3437989535185086,,,,,-6.445659259916228,,,,,,-0.5642269913649514,-0.37002447375487485,-0.10055305020186496,3.8995244327855776,,3.4401511702118284,,,4.314107975482914,0.14777996912607183,-0.5382435084270596,0.0343481300820361,,-0.7325451640401542,,2017-07,0.2,2017-07-24T01:30:00+00:00,2017-08-09T01:30:00+00:00,300fcb17cb8f1bc7de21ad36b5f0021d28edfdd4194801a97d28495f3c6f8d76
6.339154236258046,,0.9869456018484102,-1.6427420511762163,,4.262425573730988,,,-2.597858201909463,0.9557725006101352,,,3.5130922602748997,,,8.494903737888569,8.054609599727382,4.2223937111418826,,5.6097557415031805,0.31741973204828455,,5.827796613601382,,1.398624197473987,,,,5.344309925900249,,,,-4.639303956971039,,8.967568131231332,,,,,4.6193138365717745,12.187032462163845,,,,-0.756004688242177,7.226724195937438,1.46858900498933,,-0.6244642296384278,,18.06725652149168,,,,2.67194442312352,0.0,-2.8170876966696334,2.327042429710086,,1.4476784430588048,4.1798359825748985,2.2952267810195415,1.5868410134685504,,2.127739844728488,,,-6.468231575970307,,10.656086324686614,1.5915455305899582,8.348128656072053,-0.0627799424369619,,9.106167271715478,,,,,-4.06273173554979,,,,,,0.9375373857877898,12.002426343688976,0.0,9.248395984701057,,6.571665874500153,,,10.688289334610154,2.258720719419573,6.787406811501323,-0.02175244580482474,,0.930821504601982,,2017-08,0.9,2017-08-24T01:30:00+00:00,2017-09-09T01:30:00+00:00,f28313f3e5dac41970333242d73d3217ff3f6e525a15b8b528fa58e1895583b4
2.6805376941428025,,2.0472214005630094,20.177939368803816,,,,,1.9754097712950736,-0.2034588697787574,,,6.110078740062931,,,4.745317590479107,6.284654550227489,9.791222885230559,,11.503680998835836,-0.5927597786544538,,,,0.4065797506245128,,,,5.41879614692345,,,,7.530976906537452,,5.338858069656349,,,,,19.693767328702556,5.1293294387550485,,,,-0.2115097289792197,4.006735741613224,2.5117306730485245,,4.260003209091465,,7.598327609304373,,,,,0.0,0.30346372948521927,17.917299061721913,,0.9878443765745191,4.828286176906177,,4.9630133019977425,,1.0471299867295436,,,3.3351921243636964,,4.108919984224871,1.182455047718388,5.720064267802862,0.2747293830689328,,5.2852736716485,,,,,1.9479975634963613,,,,,,6.534215433139755,11.663460069865083,0.0,7.472639574561593,,3.196400586135402,,,16.56517650142483,17.542554541617456,19.66654357194618,-0.01259568427720395,,0.8874104037170418,,2017-09,1.0,2017-09-25T01:30:00+00:00,2017-10-16T01:30:00+00:00,18cc06cf67bbc902da6f9dfbed49c323dde6b25829467ab462dd3cf25d1bec77
-2.8622334470877555,,2.1899249903606837,-16.284331373716597,,,,,-1.400583118891921,0.20345886977874567,,,-3.5340711601527213,,,-1.425175509221428,0.4524381438266832,-3.9629382817800782,,6.453852113757116,0.6441384405142551,,,,1.2554574979156992,,,,3.7016386546740825,,,,-2.753168772300262,,-0.0203836449751382,,,,,13.070327143885288,0.0,,,,5.579395842206937,7.128745253711882,0.47810131178889503,,-3.5073594779684627,,13.70072433520026,,,,,0.0,-5.760852797836924,-12.709558063188275,,2.7922247991173084,5.360892205870744,,18.792773255857185,,-3.1748698314580417,,,8.460270256658136,,-11.428687326970998,0.38415662672154377,-1.5664617424116394,-0.041654279625537846,,-2.751809588120249,,,,,0.1490318406772223,,,,,,2.0131681636849628,6.9981510127871145,0.0,0.31682298572881956,,2.731780677410704,,,-0.8941795607028251,-0.11754119886224,0.6485231465143573,-0.3441317519347018,,27.63729363537063,,2017-10,0.7,2017-10-24T01:30:00+00:00,2017-11-09T01:30:00+00:00,b23c860ca378dfb45776aabf22ec9dcd163f53d0d37528f1a3ce447ff9da44f0
1.1500953967983536,,2.69416254907655,3.2414097977283634,,10.291178269244933,,,-0.6442700512778228,-0.8163310639160981,,,0.9219414264544987,,,-0.343264070447885,-0.8552632560426999,1.5016830654780273,,-8.61026990534116,-0.6958492061240007,,3.431600977765364,,-2.3029757670585806,,,,-3.068362499907294,,,,4.256884159652522,,-4.120095247281532,,,,,-15.566086804066167,19.408542371419657,,,,0.3182142716025544,-12.614058893747993,1.9936052997337008,,6.651106913459942,,1.7423680771575043,,,,4.8135272398293845,1.6970156362628326,1.649538210901282,-2.334430658722031,,4.696090987928778,2.609704478182147,4.448877498020557,13.401810932445759,,0.0,,,2.950522447755478,,-6.812290276623529,-1.2408271395405719,-1.2931214672248779,-0.40664194470913173,,-0.06684217872923828,,,,,-2.6068999211986044,,,,,,1.8946601496612643,8.393445148515049,0.0,0.16649503655636239,,0.6032307019624253,,,-29.585321525702145,3.50653387489284,4.105238589747723,0.0,,4.623337591039761,,2017-11,0.5,2017-11-24T01:30:00+00:00,2017-12-09T01:30:00+00:00,b8974893b0eea1e497fe1aee4e5399199a54902b85ea396d2b98730ecf00917c
15.38291532723362,,-5.0682050390000315,4.417391237891704,,2.642679226287865,,,1.3738292746422964,0.0491682383092286,,,-0.8388876940710832,,,3.6478650442843374,4.950897094687188,1.152876531776475,,-2.0995436502955487,-0.8136459671217372,,14.628095617908166,,0.4091887044821296,,,,-2.0621173452976707,,,,-4.632398019833361,,-9.5684258414771,,,,,-19.232042675305575,20.307865935458118,,,,0.5986899811360815,0.5518321793355334,0.7872215245145291,,7.155056843418525,,1.9522488014305535,,,,2.0716101481916005,0.6610786226278476,1.189247369167861,-1.6038482430314982,,12.294258545945908,1.8132703484036061,1.9553336400840857,-25.140060043772177,,6.588170468403891,,,2.3200277127493023,,1.3201252823121727,-0.26264657636710803,5.367773901441637,-1.1675677748356352,,12.019012660281252,,,,,-4.873826621501735,,,,,,2.4963104103569873,-1.2311064345562406,0.0,4.64431144451936,,-2.2979549664238084,,,18.82925839231246,15.691229789997168,-4.911731739406556,0.0,,49.99461761356695,,2017-12,0.8,2017-12-25T01:30:00+00:00,2018-01-10T01:30:00+00:00,df09f3ceb1ecfbbd23bc225b2161718182ec18821546727cd1dc5d09f1bfc729
-15.961844946138715,,-5.204360426929051,-1.0228881184452412,,-8.39814998430297,,,6.054225461816118,0.767162825606868,,,1.1283760468936344,,,-3.0337777441533182,-4.074196845457971,2.2536711450773126,,2.5752496102414764,0.8136459671217329,,5.676920601195825,,2.0030070606915142,,,,2.530477971725205,,,,4.2635096339637935,,4.138258370026861,,,,,-3.93179425134499,-3.2520969480868653,,,,-1.958571601931547,1.865268331772078,-0.2409639720153288,,-0.8013086369888517,,1.269927901613758,,,,4.567179267065683,0.8291799008126208,-0.8519174235444552,0.33641541930655794,,3.6058046645182045,7.7112873707090825,4.711901743119716,-10.683673285370416,,1.6639319003964506,,,10.358380603880049,,2.953874188257296,0.9839920281972798,-4.421337536018866,-0.21508201619389478,,-14.040552222039093,,,,,2.495365677221604,,,,,,0.27292903733496493,-6.453886431971736,0.0,-4.121235924701013,,3.5680711013796453,,,13.373087795303823,-2.0300521722811538,-2.4039431547636747,0.042506994189304474,,-23.659004707996232,,2018-01,0.3,2018-01-24T01:30:00+00:00,2018-02-09T01:30:00+00:00,07b864fcd94dd3f9102ae75018482f7dd44b356943d4ab069ed8360d821ebeca
-6.202405549005047,,-4.644296450174816,-0.30249034665250857,,2.8489382450077088,,,-3.3536205611000147,-1.1715070526420739,,,1.3032316668182191,,,-1.800588348684092,-0.8021843439164406,-1.1393840722671231,,0.0,0.02631232747715068,,0.45193439952677955,,-2.1694047010254573,,,,-3.0608978447988036,,,,2.5895572698938807,,2.731106539212223,,,,,-0.7245062343557106,-6.7523363507591485,,,,3.1779067144016113,-0.34886412762687086,-2.365138648438693,,-4.3743910593650295,,2.8728599872822804,,,,-1.4243394696189162,0.44367832209905,0.8074819936005482,-5.350476882261112,,2.9353229301868335,-2.117874362398888,-0.5666027398521564,-1.964212653345647,,-6.119556102691956,,,-3.180885354675807,,1.6158236731123456,-1.5915455305899568,-3.0630431984906785,-0.13575935188078933,,-4.8291316617113464,,,,,0.7083166193661982,,,,,,-1.1577346492375296,-2.540644755685195,0.0,-1.477561552087081,,-1.464982628111695,,,-13.181759614678798,6.684563239309449,1.7259058743719295,-0.3490324790694417,,-15.412151467960758,,2018-04,-0.2,2018-04-24T01:30:00+00:00,2018-05-10T01:30:00+00:00,eda018c1dc43de1097cf167fd5aae9e443fe4499bbed1f739b8ba11084653897
6.995203378731526,,0.37069198529602504,6.594748189486613,,6.187750824627943,,,-2.700583723098562,0.5142238813508058,,,2.11705974012388,,,-0.31916093640301363,4.226642572311782,3.70648690915731,,0.0,-0.026312327477154177,,4.693570772428648,,-0.7911207443584823,,,,-2.331836151239475,,,,3.251304428565406,,1.8179420599768372,,,,,11.566775194857023,-22.153220077200203,,,,-7.64467332559722,2.7702514273960936,-1.6815929447415259,,3.3341126919778854,,10.610087372665935,,,,3.2427113212481435,0.7351172531051718,-0.4314903454641309,4.740289400791601,,4.247494273320611,-9.373403817253488,3.2419856624742374,-3.8477609448423418,,-3.4571344065088785,,,3.924019702550674,,6.234380445696412,0.5333345975362603,4.567680774643701,0.07566008935737378,,7.246444113354084,,,,,-0.41257473589839416,,,,,,-6.433152703616391,1.9355585365143062,0.0,-0.07712119358340463,,0.2781205726902683,,,2.931177840248805,9.516966129077963,-0.11911081548728893,-0.5142822354008514,,12.523433665365097,,2018-05,0.4,2018-05-24T01:30:00+00:00,2018-06-09T01:30:00+00:00,71733dc386c71cba1ce144c83a6e70c5b19ce65c6b9beff3b2dc6de233f7df2f
0.325846481582866,,-2.5806219962965233,14.444247406728872,,1.8178274826547263,,,-0.3741056076867694,3.2834467849082776,,,-2.7839513499694397,,,-0.01162506831039176,1.264761400007973,0.21942419319110248,,0.0,-0.6600684031352024,,0.18421865817702093,,5.582844955294189,,,,2.5300845808245858,,,,-3.860524834333913,,0.0854719976791568,,,,,-0.11632376705040558,5.927237219548492,,,,-4.649894237369965,7.2107051354978955,-3.503104741633536,,-1.3258027102760437,,-1.1155263791463605,,,,1.2188158643229463,0.6812678417506831,-2.9546076371968053,-2.7941029145465786,,0.36592379310138745,-2.4482968761761312,0.6485572581651137,-7.289247518898,,14.47744841987031,,,1.3209976045403642,,0.28336169127364946,1.8028003937811188,2.4071676770564023,3.797432961833538,,0.7692795288292473,,,,,-1.181923756125391,,,,,,-1.209256799955546,8.73135661078391,0.0,-0.5194965702230075,,3.4120627991955574,,,20.78293885317852,-5.65225913471623,-1.0636794027986574,0.0,,-5.142534759502708,,2018-06,0.3,2018-06-25T01:30:00+00:00,2018-07-10T01:30:00+00:00,a47f4a4982104643d1e515b81f79bd7b13b95e5c68f03bd4477f3a004abd0593
-0.5240698781089154,,-1.1843373247676316,-13.526611495406659,,0.5595493511962787,,,-0.3698531863254818,0.44806111983951613,,,-1.1945444017136686,,,-0.49999230050998666,-1.9574837781673318,0.027727418328421127,,0.0,-0.2209945650802844,,-1.1228447910396941,,1.1785481201469057,,,,-10.972254678471607,,,,1.6193643868514795,,-4.385772732193082,,,,,-0.868381739392025,17.80253935463774,,,,4.844751062928575,-1.5133428033678251,2.4689017248188416,,2.9688603761309906,,6.485419670292983,,,,0.5781552425415435,-0.41015131995445997,-0.8799266860879899,4.121686016210987,,-1.2288411881533672,3.7235398477321864,0.9711257683850937,-3.4326621916120765,,6.725222700916747,,,-2.245865345589571,,-1.134664573356518,0.30254052600211095,-1.381803830041837,-0.36191997159816497,,-0.27406383594937206,,,,,0.762755628566399,,,,,,-0.5820575144313459,2.623951665355657,0.0,-0.7872353472782421,,-6.6180524598444315,,,-0.2354089234667243,-0.5701819849279183,-0.9153834086083004,0.0,,10.62960245121877,,2018-07,0.1,2018-07-24T01:30:00+00:00,2018-08-09T01:30:00+00:00,ff1c32b44ba1184c274f769d76a6c258022be43ac5aca5efb0cea9e82a22084a
7.087975454245554,,-0.4743259477076281,8.102792484472921,,6.0674007694312655,,,0.1469757189395181,-3.861854155382022,,,4.255027606142622,,,3.405654762779327,1.725138275932938,6.774026127433447,,-2.2496931642648526,0.29160980325164526,,-2.1193344484591465,,-6.9242049679398665,,,,-2.612003786266605,,,,10.044141378068087,,3.420407777086407,,,,,-4.4938374903166345,12.953549958041535,,,,3.314331674472984,-11.118649159079668,0.3629842488436184,,10.554078927620699,,10.294044139706381,,,,5.465536343666279,,-1.325692098885403,9.014225023519135,,-3.0385351273188888,-0.25962076472864587,5.87715545182185,-0.13934177212065407,,12.945806723688676,,,-3.2375310970290725,,5.138408643931356,-4.277702935605848,1.6699933915541698,-0.03185926975518322,,5.7312814819598845,,,,,0.938941429654738,,,,,,,-1.85258618415638,0.0,2.095127388614839,,-0.478370455000057,,,-0.8103210310620345,3.9905974348822406,4.04130590767273,,,4.636942839975544,,2018-08,0.4,2018-08-24T01:30:00+00:00,2018-09-10T01:30:00+00:00,186e1bd62ac3fada1b3247dadfaf32b2163cc8ffe313ba7319210870bf67c5ad
3.1094545652546364,,6.676334527856659,-2.5688379835161363,,7.611381071262962,,,1.683206669559701,2.232973355743713,,,-1.5793003003420296,,,2.333876405869335,1.208561661476448,0.13443070628942513,,2.355569299089053,0.5894531649638403,,-1.2755274975126014,,-0.019171779199831276,,,,1.4559532419152512,,,0.0,13.343478462554076,,1.2097067506357866,,,,,-1.8826819876259286,14.005766912579839,,,,3.033133097525912,5.46946180778659,0.8601414572972098,,-1.6798904994265662,,10.255721694795872,,,,6.677174784484477,,0.2349053947530053,5.964785486661304,,0.14284016236557132,-1.2743326168335243,7.0457577876076565,7.808005750960216,0.0,-1.4388737452099556,,,4.977383459592205,,-4.815695545634732,2.1723620158226082,0.843829514180933,-0.2204817400839122,,2.515513485077767,,,,,0.6730645597379962,,,,,,,1.360340533233171,0.0,2.46880028190393,,-1.4891778060704253,,,17.123616385078204,7.100939958846894,2.730216152494268,,,-0.3622580417197958,1.5258983322574449,2018-09,0.6,2018-09-25T01:30:00+00:00,2018-10-16T01:30:00+00:00,cac29cdc35ab04e1fcee5e7253b9d4259aaca57c31c9b34f8760e5334df1f5e4
0.4073100576160014,,-0.2072659880766634,-2.0258271186513377,,4.7320275011089254,,,-1.316709684661186,1.6602484285027819,,,2.3454860778684985,,,-0.9332603038404447,-2.295492041008944,10.546648968234889,,2.46255049057422,0.0,,1.7307634885586398,,1.8051031645568476,,,,6.837346093082402,,,-0.6960584947623947,-7.701910467745312,,-2.2093233782614496,,,,,-8.811505919244048,14.956130183660965,,,,10.389020167224624,-2.8714807363002786,0.13183115355053912,,-0.5370889867681355,,2.228774426735615,,,,2.809539450996136,,5.678245061927608,-6.7290023305636355,,2.420799765387659,1.46283408641065,2.6346519920266025,2.802757148215011,1.410547474564486,-0.3629768050578724,,,7.138315834941666,,-2.2086068763819164,1.404977423548285,-2.1086766549261706,-0.7340543403052538,,0.48382605873387763,,,,,0.06383307524949663,,,,,,,2.1388765845302498,0.0,-0.517632990159791,,4.18091033272239,,,-8.334116322730226,3.9748099885592705,-2.477975200160191,,,4.176676076090149,-1.4232369037134571,2018-10,0.4,2018-10-24T01:30:00+00:00,2018-11-09T01:30:00+00:00,2afd1581b82410c58346de36f33a4ff920a62ea43eaf10cc9b352282e566af70
-0.03525665781373973,,3.8488516272975635,-24.19779311868007,,-8.690238057123405,,,4.842024948683859,0.36002230324915474,,,-2.906067715111359,,,-1.0297714710418115,-3.204410922193579,-6.100304540681666,,10.890588771878038,0.0,,8.972029602420724,,1.671296079077159,,,,-5.708103190432526,,,-0.29146042200807826,-16.50813491847231,,-3.438709746528992,,,,,-8.793805774674876,4.782461104843684,,,,-8.838223606816143,0.5582164509473629,1.7997513059595287,,-16.238335486066767,,-23.55128174035537,,,,-11.117680229693974,,3.587408619726095,-12.674195785715398,,6.669137449867235,2.247006586420896,-12.109962325600243,-3.4081453837068296,0.6988308314154774,-2.578411715571467,,,-2.0772530010640518,,-4.460755272416829,0.7003634962349552,-5.311925022178082,-0.8707923307699486,,-0.7066787721736645,,,,,0.2378138703260168,,,,,,,0.98714570739376,0.0,-2.636747716149367,,-2.1759890596965965,,,9.703918214574196,-15.186059383627917,-3.0509273205165397,,,1.016638955549563,-1.380714158805674,2018-11,-0.2,2018-11-26T01:30:00+00:00,2018-12-09T01:30:00+00:00,7cff84f52de3208dae477f0c726b16a3caddb51f1a3c9e362a5d641b51bce092
-13.294752176457283,,0.3443963320166394,-7.101910122447806,,-16.799345776819017,,,1.5298344201803042,-0.19550348358033506,,,-1.2321822896334964,,,-6.415381099841413,-9.518115587020615,-7.937228393945192,,0.0,0.0,,3.2119880859568335,,-0.2317498140362479,,,,-1.0134936430153179,,,0.08869387193326612,-3.1137978373702695,,-1.3299842770796337,,,,,0.08124180537277567,-6.778001506174213,,,,-8.50701379687551,0.4263635034024771,-0.23517698931021142,,-10.51606364292576,,-2.5916172931091332,,,,-11.57320676167069,,-2.1529722163502516,-3.2086712533812625,,4.7718976679071945,-0.6239245262703219,-12.74205945139676,-5.779362146425324,0.0,1.113184036884442,,,-5.642516163113904,,2.9730487251441726,-0.260756340708083,-6.583511775358016,-0.7142465592918334,,-12.72461518701781,,,,,-2.266640939931378,,,,,,,-5.613665168183392,0.0,-9.09418743059843,,-0.10253065166284925,,,-18.659158199324896,-20.41508625325525,-10.884595155175159,,,5.616822329516902,-0.20512827705573608,2018-12,-1.0,2018-12-24T01:30:00+00:00,2019-01-10T01:30:00+00:00,0050ab7d3b7c41a37a3220001b58306869bf40702a781b0d86174d24d8428f6d
-3.2843107229783493,,-1.1711488590239378,-5.126308207441086,,-6.462305893518852,,,-2.1645693448641485,-2.4645646961375602,,,-2.2173335683049524,,,-0.37619558438173656,-0.37614195541319495,-2.5084395108548243,,0.0,0.0,,-3.883209214990229,,-4.508474075422138,,,,-0.5632391271806655,,,-1.2323954994127908,-0.5744815179988004,,-2.301777018421083,,,,,0.9038441514304157,-24.75959330220708,,,,-6.498738939898269,-3.824767966725155,-1.0571283441505952,,-13.302885479797594,,-2.772780180320169,,,,-1.555488406413091,,-2.4083607488356815,2.420746166426684,,-3.0063226843094344,-3.3069858735308486,-2.3159936417791185,-6.5499428425280755,-0.28503582243564746,-10.905737753915263,,,-3.277443433867954,,-1.6116677231539516,-3.9952051011715035,-1.039441257617358,-0.7510186869473902,,-3.505153946000438,,,,,-9.582707666969686,,,,,,,-6.955293651561983,0.0,-0.038564765832192836,,-3.9630968038598766,,,-9.170584590690286,-4.593377137640991,-2.6942224643562263,,,11.52312023709257,0.5104624142042963,2019-01,-0.6,2019-01-24T01:30:00+00:00,2019-02-15T01:30:00+00:00,d22ff50fff00efac62342751052f1249e7185ade66e14d36f70580ffcecde76e
3.257932552132224,,9.588199697313035,-4.182327802707773,,1.5999336438470648,,,-0.45529996304847625,-0.6030169026591188,,,-1.1105945857664548,,,0.8958254997679626,2.6993452895720935,0.18833015891756844,,0.0,0.21574981400210927,,1.382482798786745,,-0.7185659660874486,,,,2.5334590121383522,,,-0.11478951587361465,1.8092711248900293,,0.92026079824466,,,,,-8.857434965290123,2.6966194840767588,,,,-0.03347016756487263,-4.234581855089876,-2.1832504551761787,,-8.557586129714876,,6.914092267928626,,,,-0.7312543614071623,,0.7797850584384516,-3.6743632232154146,,2.4542465514203697,-3.2994522135038666,-0.7572600934375942,-19.446575964702944,0.013578127597058828,4.491255668082285,,,7.4116872648856456,,4.842534841958229,-1.310970014424645,2.711043148025747,0.34286924160949206,,3.2627625151262616,,,,,-1.267206432370696,,,,,,,-0.9647193378002801,0.0,-0.5186244533566065,,-1.0686465630540953,,,-11.265353369436427,-4.003703906150206,-3.9471519368320003,,,-9.784947956155438,-3.613995933733934,2019-04,0.3,2019-04-24T01:30:00+00:00,2019-05-09T01:30:00+00:00,e23928d82221053399472f6d1594b80d8f3541dff33f95a2e66bd07b80bfce98
1.807533442416731,,-1.9916157790599232,0.8531675750126989,,,,,-0.2510855532645284,-0.6261348516634572,,,1.7150791274235628,,,1.341125522523971,-0.047418204487282366,4.816819323527553,,0.8733679968754632,-0.18119854821829,,-3.5800730645433947,,1.428109956541652,,,,-6.480840095315847,,,-3.540271694893277,8.51354873165523,,-1.9509677350038994,,,,,-0.8607737946482351,-19.22718876471227,,,,-5.999088086622668,-0.2666780009655846,-1.2583486541503213,,14.255131163287446,,-2.1732939084273637,,,,,,0.47733921097441406,-10.108691678061895,,-1.9662084177434838,0.6805525109532357,,-0.526163154841575,-0.3265880315771712,10.59814408562918,,,-1.2384605847158277,,2.020389997599104,1.5332220099343656,0.9228507250110145,-0.09463218164969836,,1.5935213088155025,,,,,0.0,,,,,,,4.302042326277002,0.9077218151116679,-0.9618377687311972,,0.5401463504191225,,,-13.957191205611322,-4.630622195384183,-6.955604113129815,,,-4.882148572813163,1.788009550762722,2019-07,-0.2,2019-07-24T01:30:00+00:00,2019-08-09T01:30:00+00:00,b5be5f02f771c3bee91b889cb6268de831c3282c4bbef756001a95f107bba637
-5.544561531974206,,0.5690144201039913,-4.8735945759403165,,,,,1.0394643618293706,0.0,,,-5.062048268215926,4.91355542030454,,-0.9767516727936376,-2.0197867589568195,-0.7881704212080055,,-3.367668940287537,-0.6846077260931666,,-1.046868982463403,,-1.6239964050749511,,,,-2.665552407164235,,,-0.5021671343390329,-10.706840922397829,,1.8434745230644627,1.2735590081349317,,,,-3.4484091334438958,-13.765416529879538,,,,2.1536683211811756,2.6925169374560993,0.23218027611578215,,-4.223139934382908,,-3.0951113813801823,,,,,,-0.7287977426025803,3.7871259952005305,,-1.063085844696886,-1.8758679724129663,,1.1075601413835603,-0.6975613736425211,23.756421164064783,,,-4.27262539563429,,-1.5874985484076236,-1.8185289081750031,-2.4531053972867736,-4.194097007457627,,-4.093499224389058,,,,,0.008817811985901203,,,,4.720681018082063,,,1.9205622241274187,0.0,1.2233284135576346,,-0.5622178762486878,,,6.60219682168786,-3.7362700574791288,-3.4754550424010127,,,-3.785692822783958,1.4323388981356413,2019-08,-0.1,2019-08-26T01:30:00+00:00,2019-09-10T01:30:00+00:00,12efcfcd0d677b371922f13e3e13a9b576fe5d27b47fd58a598ff892791afe08
-1.1795439653718205,,4.979151982744426,6.6340592902106215,,,,,-0.5770146487227266,0.0,,,-1.013007495357179,6.7018284155799215,,-1.7862391373518003,-2.0198288681949936,0.33120764304528266,,-5.3888200430523,0.0,,-0.16299922109311754,,0.0,,,,0.47995289991617635,,,0.6797928317408943,0.3626822140073392,,2.492910650279785,2.024975242336316,,,,0.34993512802343696,-31.30175356474482,,,,4.015159538605711,3.742836937855723,1.2750768034878917,,11.85793506448372,,7.704812568167011,,,,,,-0.5192144506313674,5.639937642673949,,2.300841020977459,-2.8838490431460073,,9.583705020639686,-0.11182720920519278,24.14766706310294,,,-0.83787113569828,,-0.8182656490233876,0.0,-1.5971508433274721,-6.581416736652102,,-1.0628832365841798,,,,,-0.08981772418695064,,,,7.322692069806644,,,-2.3113935532943124,-0.10045204260053651,0.31668311734202736,,1.7253199975882816,,,-7.930579041059846,1.5760609315106013,0.6552010478062359,,,-3.5907922085670223,3.3579865279295626,2019-09,0.1,2019-09-24T01:30:00+00:00,2019-10-15T01:30:00+00:00,cf1ba8847f4c23e313610bf2e045e57cce49ad5fd8a0dd4c5214f8675c40f8b5
1.0880956795328518,,1.1498770041732231,-9.81362960434439,,,,,-5.651615059878307,0.0,,,1.2437168319579721,-0.7256785399697551,,-0.25657250581945334,-0.4454524402407749,0.6147423417782791,,-1.1375058021505209,0.0,,,,0.0,,,,-0.9609003381444461,,,2.001926367565909,-4.421646229293959,,-3.030326533194861,-0.9970464696539847,,,,1.4420036003843733,-2.736409999675628,,,,2.937653391413334,-1.2545427360139625,0.9182043520423152,,-2.433703566306661,,6.9022805048054385,,,,,,-10.109024720126847,4.6807710090329895,,3.298821064188093,0.2935747172190162,,12.184232428507814,-0.6755784338853934,20.569110136298377,,,-2.20370786596155,,-0.7774949867179861,0.0,-1.4505598415244472,-1.0870314865202229,,0.40689157804397424,,,,,0.08099991220105178,,,,-0.6439790256678422,,,0.7122659994026079,-0.5037794029957181,-1.4554937851668694,,-0.7468088330467467,,,-0.23609362573170142,13.657076695171261,-1.1632482002260889,,,5.572918562795132,2.4993020522805125,2019-10,0.1,2019-10-24T01:30:00+00:00,2019-11-09T01:30:00+00:00,7d8ab150cce3ca540df6dbbedad61d8dfcdd7a04cc86bf12c0d2406b1169ed33
0.5760324534465725,,13.107203005670689,-9.738226077342894,,,,,1.3696968002494871,-2.400483263631254,,,-2.4809477794348385,-7.233757987239662,,-1.3115104347921724,-1.663787343024234,-3.4328513865380295,,-1.2072581234269248,-1.3129291441792736,,,,-2.481516911972402,,,,-0.8255658000395155,,,-0.2300824099507625,-7.169174966574953,,0.30637749838425654,-1.8846731712051985,,,,1.3559733177693294,0.0,,,,-0.09530502364990819,-5.002533059101002,3.7469796178102484,,-4.958801523774447,,-2.5699824675542,,,,,,-0.2537886944733574,-10.746307994253238,,3.8654815185563622,-0.31728769544305396,,-14.421343033980024,-3.5033444580370525,4.946063016839968,,,-5.40247461864569,,0.5677539399260021,-2.3572361185475494,-0.6558098383595867,4.0516647956669924,,-0.6528235276992778,,,,,-0.2930328567331863,,,,-7.531892153822422,,,-2.957741449662854,0.0,-1.571457830241878,,0.47826011618741426,,,-5.489390592756447,-14.851905863592691,-2.2879733454417717,,,18.566705022482648,3.8561665179111735,2019-11,-0.1,2019-11-25T01:30:00+00:00,2019-12-10T01:30:00+00:00,4933088ddf6fa28860745bd616b2596852612fbc1f04187d44f764075a4f2df5
2.3096130158101023,,1.8179007417636495,0.1864395952831479,,,,,-1.1080066846522587,-1.2693444700080432,,,0.4092121856808465,3.627760388679095,,0.15058275873053956,1.145509061688169,-2.5155632194658493,,-8.885333735569134,-2.552114956495453,,,,-1.0101095986503934,,,,-1.716268684063874,,,-1.0413296093282942,2.1333204886629527,,0.9641077000993912,1.8279242908410698,,,,4.409607939462325,-1.2007283640462278,,,,-4.193233916453632,-4.923820032523426,0.2535962114053342,,8.191617395650939,,6.716620751764851,,,,,,3.7279993843110737,4.9671996985508065,,4.1474260953172495,0.887761414365708,,-14.424612621272184,-1.5033225676000963,-7.225363969695615,,,2.3330735916708303,,6.861086919029232,-0.4284593317490676,4.682571696707445,-0.16758333573611206,5.760196134006805,0.5807738351414465,,,,,-3.4226811605735556,,,,3.727102783896146,,,-10.537057192262797,0.0,-0.0347686260116589,,2.322437897106919,,,3.952753382603281,0.7756355011993639,-1.8032360625912138,,,4.86997554673313,1.7388289299268334,2019-12,0.0,2019-12-24T01:30:00+00:00,2020-01-09T01:30:00+00:00,44de298eee4db974acc5a48dde0482b9eadae42fa4ac58dd561da1e1887cf646
,,-0.6274614703794301,-1.245250389854518,,,,,-0.13489148788018282,-0.2661288431673155,,,-0.36694094459176624,-0.9148288062635398,,-1.1104139304530023,0.5378573318146628,-6.099695822059703,,,0.32485139558313086,,,,0.5063301956546634,,,,-0.506359064791827,,,,4.1421222218832305,,2.0785575848681317,-2.693586932589697,,,,1.107223787119259,-7.453499518177543,,,,-6.831175370546793,-2.285239115336017,-0.1371115388477659,,1.5291171871054783,,12.623611211561178,,,,,,0.8678062092307636,-2.544603036179891,,-0.5612153578583602,,,-4.681265429306593,-0.06027289253328234,5.603706810771099,,,0.14630992171347287,,-5.071529493103884,0.5633817718256064,-0.04585870504052338,5.380637267615531,-0.15088648656698742,-3.8780899855630393,,,,,-2.9552479045348425,,,,-1.0835415859199635,,,-7.094383749374816,,-0.39852836997289154,,1.336029619953977,,,4.7476230003488435,6.357226044407824,0.9788250152981497,,,-13.817550678317621,-0.9777403537742988,2020-01,0.0,2020-01-23T01:30:00+00:00,2020-02-10T01:30:00+00:00,09df4560f23a4f2c16c027e606af1dc57f3ce92bc339835598199d8e7dab59f6
,,-0.013622586269075435,-9.389938997898838,,,,,2.403327212871959,1.653916643435037,,,-6.664580534162802,-5.890380549479921,,-1.8580393653697687,-3.116450206864073,-8.654866420392784,,,0.39561281592163056,,,,1.5634714147402158,,,,-5.634536246473212,,,,-0.6334220498275301,,-6.082157407822428,-6.001988354603928,,,,0.2773614443797215,-2.8542786727583223,,,,4.035272278526484,-5.140880048431195,0.2719621344724672,,-5.805445755911495,,-23.652122531372726,,,,,,0.7847247548932346,-6.499977603604444,,-1.5227387954011795,,,0.5364994172274243,0.0,6.078489106912177,,,-0.6714085253469473,,-6.47005777840899,1.9031234894713038,-6.626265070092201,-2.577008620220449,-0.843486970318489,-3.50336508151445,,,,,-0.07887111840027047,,,,-6.215930238609917,,,1.0808198716603312,,-0.08841395769937861,,-7.013960186481312,,,0.37058234917955346,-9.254288273560027,-0.3737115351512335,,,-9.865487496237355,-0.8784746035177747,2020-02,-0.5,2020-02-24T01:30:00+00:00,2020-03-10T01:30:00+00:00,7282ee4f796cc8be0051d9ae8db5a31ccfd21a6ba2a8f5c1153b28f5f8b5775d
,,3.401848000272335,-10.606374095620009,,,,,0.03495516363686258,-0.27093404093413354,,,-0.7275899750511622,-8.883336714289166,,-1.1764614180213215,-0.782653242495426,4.498747875083298,,,0.053826142862302036,,,,-0.24891733865982058,,,,-10.162195715233311,,,,-8.76985835222293,,-6.618789123767072,-6.89756391694627,,,,11.335379169532509,-13.503192326593979,,,,0.7321485944395499,-0.22601421594246646,0.49221450688092144,,-17.910854060505656,,-4.3341831042736585,,,,,,5.870721375986674,-8.885896593879613,,-4.734676193137872,,,-3.5398275250121713,0.8281620831722017,-5.399599873543557,,,6.516811712046529,-3.0410116888002485,-3.4674094722386526,-0.2870392785548674,-2.1453229110365495,-6.082826937896887,-3.368168959723039,-1.6484037963487872,,,,-1.4624289017677161,0.7842239424565295,,,,-9.068447244137676,,,6.631939802678907,,-0.8961783437898188,2.26293381307599,-5.4916191253709,,-7.67634232161772,-7.782023759549582,-8.884992063189882,0.46413585430457205,0.842029416793105,,-5.9380231099549405,-2.6150402526901884,2020-03,-1.0,2020-03-24T01:30:00+00:00,2020-04-10T01:30:00+00:00,223a33e34d1f0e6cf4bcf831a8882fe823fbc18ea9366741b5e22f2c8f23d204
,,5.6752627399080335,-17.355549750662462,,,,,4.059291755423277,-4.0751345609985075,,,-4.009334092367587,-11.702251101005352,,-3.3838979606045005,-0.03257417439698499,7.435040227442709,,,-3.8955277532414865,,,,-5.934814645810095,,,,1.0000797009443136,,,,-21.09360570912812,,-7.447911244644008,-7.5982732636036845,,,,-19.613956686964183,-4.101187722510062,,,,8.448484709588024,-1.1947615716440751,0.8709281901367484,,-36.22590509722491,,-14.97352235428257,,,,,,12.903338828778493,-21.818986046297113,,-5.367280715499787,,,-11.590549478753719,0.0,-7.587908268597662,,,-4.946929575605143,-4.8839254766138,-12.376703740583734,-5.932640461088773,-3.5335263633857257,-10.23569651224785,-3.669216737075049,-0.11295361257547226,,,,-0.04362786904843937,-3.74353475718747,,,,-12.16381869875504,,,-5.297197925787626,,-3.647824271520876,-5.534169916526019,-4.537504762874941,,-6.730590660746618,-6.688213426221094,-8.274458408026524,1.8425899746900738,1.853401199921624,,-1.5216243019298483,-14.13334877274881,2020-04,-1.3,2020-04-24T01:30:00+00:00,2020-05-12T01:30:00+00:00,3a2302188505a0cee75f19294632a067da964a471c511ee326f36e09735ce6c3
,,-1.9076108661564093,6.201397362756757,,,,,6.658061606561587,-2.6033585471484297,,,-0.021805904975048616,-3.6845146817464527,,0.697453524689299,1.1418823205083308,-2.0980175912136545,,,-1.8920882615037684,,,,-3.0722072463608607,,,,6.303255428209277,,,,7.202581424522647,,9.920653243134414,-1.713963349734443,,,,-2.242634298100138,3.436181115508342,,,,-12.021293969544448,0.3302955572188157,0.3144592467316682,,6.124347178694602,,-3.9342826775207485,,,,,,0.732939607268223,1.0594244292271977,,0.7580653248062617,,,-3.5128372006027426,-0.20639842208514825,-14.422443926449988,,,-4.444163008862888,-3.141619623337893,5.425861165904088,-2.3862947472412666,3.762771137316576,1.8966108106855963,-1.8863621756456241,1.4652474845872243,,,,1.843820104109187,-14.282227412728583,,,,-3.293797480405526,,,0.4692757788821558,,-2.102958132841478,-3.3216797953324577,5.174746978729326,,3.354199157143995,2.7642180904598224,-2.2028479291163925,-1.3436325488110759,3.256301978834633,,-9.082426663946675,-8.059043476104028,2020-05,-0.4,2020-05-25T01:30:00+00:00,2020-06-10T01:30:00+00:00,b6840183aa60d0a2925e695f236ffa33915cdd7e2c30638a4d02899d9bb95cac
,,-4.0951894816456464,3.3942928383750175,,,,,0.21471919852843052,1.8943871266116556,,,4.354927071304509,5.965797010696173,,1.7043204330890345,3.6358537254963195,1.8291977781890116,,,1.2559776039357846,,,,5.393515993620696,,,,-0.6749268932170907,,,,6.180547002446893,,5.362119926323504,-0.7641994861078596,,,,3.8666663559482806,4.165567526883261,,,,-2.5370843392752644,1.4199732848816056,-5.851929624726299,,3.955931651855619,,-8.827755666120431,,,,,,-1.3093100789432315,-0.5973970293587976,,-0.27923229312546083,,,-0.34248284368987647,-1.4568415828290497,10.248961948688496,,,0.5142893383341494,-2.150620522096362,9.805028821745644,4.291999642762148,6.486546121982483,2.62702103042587,-0.7625252385425768,2.8193613604310124,,,,3.469953433692399,-1.7848437128483312,,,,6.433985939465413,,,0.016923478506464154,,-0.14832725808865088,-4.571081215484458,6.436131250714085,,1.670368507136625,9.253791094620766,-7.482911563002073,-3.836313909925456,-1.2022874725701378,,-14.495977739759239,11.471889471087234,2020-06,0.4,2020-06-24T01:30:00+00:00,2020-07-09T01:30:00+00:00,876d3fadef36eba56e5835e8cbca29f3a23fd4f1a0fb665303e5db5ddc3dcdc1
,,-3.6430031666972855,-2.2988685250585412,,,,,5.003569572851066,1.7106492448838908,,,6.782873371061106,2.5947325408914836,,0.9743466427175199,1.265400164748118,2.2257190366889725,,,1.6935363345889292,,,,1.6707199457302484,,,,4.365152828411193,,,,-15.203287590700834,,5.808637630841735,-1.7224404840519631,,,,11.076917863634,-17.43533871447778,,,,5.52321972824133,5.304761716164952,1.4421469736294172,,-11.232252162977902,,2.955406998962767,,,,,,2.3145718703314633,5.862867179080359,,-5.680894677366245,,,-4.593206853319357,-0.20986366569212492,14.563441479576639,,,-2.6578174103406638,-6.889582650652688,2.944012448965307,1.7117843516968594,2.218754803203866,0.9596062579670821,-8.407024039111576,-0.7030066983375236,,,,-1.058750538763826,5.068625111059149,,,,2.6968879309324025,,,1.4227232928319522,,1.2393948978141274,0.0,9.500993815026309,,2.009396635650467,2.518953981813508,4.8366851161629025,-1.2702591474628135,-1.073126339000738,,1.3622868973337536,4.1265773085964925,2020-07,0.4,2020-07-24T01:30:00+00:00,2020-08-10T01:30:00+00:00,0e4b2559fac98c4668feaff7755e01e7e9b762e89631ca0f79756b293b9630a8
,,-0.04796573967766154,-2.4562052475842844,,,,,6.515726922372406,0.12232417427440104,,,-1.4180694616753058,3.39653515991429,,1.3391217828451398,2.2591265130032454,-2.6202424983253274,,,0.41434615700020866,,,,0.6282318767396216,,,,10.599489051583205,,,,6.246279387356975,,0.5445820495281648,0.4449825964074572,,,,-0.718194109650614,0.0,,,,1.594924664239595,6.153996208259928,3.0840095435402803,,7.667704748661736,,14.340657390161521,,,,,,0.7896608276996937,-0.9799699044671293,,-0.17279688328218618,,,-2.409755157906053,-1.3344951610334521,-0.6600684031352024,,,4.344711729697883,-2.505657983733762,0.772375863052564,0.507873107901572,3.186119071500265,2.2735166487174845,-1.841672678623115,1.852206095009341,,,,1.5394598768507188,4.1045221747962355,,,,3.558007063630241,,,1.6411308334863466,,1.0838596522983714,0.0,0.3169739512808288,,5.646209350447222,-4.828445548575077,-1.7211683381833593,0.9638349014913404,-0.2877914011538471,,0.44283407333270947,12.619363108654849,2020-08,0.3,2020-08-24T01:30:00+00:00,2020-09-09T01:30:00+00:00,d1adfff1dddde1ea29eaa8d4c8ca595a224acc8cd60df9c3773ce24f4398e747
,,0.8847954640940924,1.6854069979652473,,,,,-3.625946623715866,4.790824919210136,,,5.522547855833828,-0.37662289171200874,,0.3562153057737021,0.5469566664784788,1.2958228280381743,,,5.174802880063744,,,,3.5328143037769997,,,,2.9276359357154913,,,,-5.290950170876372,,-0.006823120829882406,-1.476999591042451,,,,0.25979312358830864,20.81749356202885,,,,3.448444400155403,-4.463887434371053,0.13625949214787259,,-0.6687526289657264,,-5.279334076658859,,,,,,0.6600684031352093,6.600050686731336,,1.9451344200791538,,,-3.3241985588256577,-4.951430800751669,-4.054609439434991,,,-1.6868943193572212,1.8748516165544633,0.8374915248472231,1.972978226732403,0.2670261414001021,2.0110801795362425,2.874188801046665,1.0034473151761794,,,,0.12744605182008417,1.6026631026113587,,,,-0.5667732067866817,,,12.176699897776228,,0.3670356337462407,0.0,1.9283928713840433,,5.476328894584324,4.511099848959612,11.985488461651823,4.7617298526312535,0.02360028579719722,,1.3843671659837595,9.511383434644825,2020-09,0.1,2020-09-24T01:30:00+00:00,2020-10-15T01:30:00+00:00,dee984cb9040c12b7b0588c65b5038e4f101900eabcf7d405aefb7129e2d48aa
,,3.5700403411062753,7.849025670749195,,,,,4.0545799417844,5.835999267405743,,,-0.8826743604155286,-2.9755507471794,,-0.575169662535891,-0.8886063014244814,0.3402549782168868,,,5.763818704727601,,,,7.1213493004492685,,,,-2.5397508815811145,,,,3.409150705500342,,1.5477785057711895,-3.7791568145500563,,,,-0.33704931300833646,36.199718258084815,,,,7.519456552058239,-4.034475023464513,1.1099712855196646,,-1.9291399342711704,,4.03850131169365,,,,,,-9.71063263231015,6.768765707551901,,1.991189692384535,,,2.4902005867491988,0.0,-15.968319739698405,,,0.6586002603558128,5.322498345954459,4.387319888090442,7.55496949073182,-1.7741930941619335,8.328377600185268,5.383549427928334,0.48399722568476417,,,,-0.7002997559231869,0.0,,,,-3.0449016906335005,,,1.1475996097701122,,-0.6620953171627939,0.0,-1.0036326498007022,,7.749239352312379,4.825097535662185,1.6137255458778592,-1.9484587885257878,0.013660778064660253,,10.06406539418117,-0.15620672849498143,2020-10,0.0,2020-10-26T01:30:00+00:00,2020-11-10T01:30:00+00:00,b90f456ceb3ba648822c85e4a3db6c6ea0e974644dfd809c932f74ce1f102b7e
,,3.5287393386765,36.7236762972634,,,,,3.7874970250426188,1.3647032090554403,,,3.5276620149394997,-2.3662401636321344,,2.2685618265176886,0.35289295923406233,3.670644906717839,,,0.9427458436397304,,,,1.9067040445511119,,,,4.127826302442717,,,,-5.3085430396179065,,3.2445925322948903,-0.9762657722247174,,,,1.5098587257479057,17.08577854496374,,,,-0.7060997194978302,-1.420298110358361,1.238952106698903,,16.416439534590964,,3.4677211943470376,,,,,,9.502927195292859,16.311086882227304,,3.2483285921211213,,,2.3572407783633937,0.3639899957879879,-3.7927051912060956,,,7.792987079862216,0.0,10.447516810110193,0.937156700965037,2.8510297346259965,8.867978253381075,2.492999078842908,6.495693733122139,,,,6.176824748540032,1.494834836486982,,,,-2.4052724919528963,,,-0.7051097177436115,,0.36355361867350033,0.0,1.291937520207285,,8.112941650159328,6.76901821801839,11.312622825086136,-0.9609186288010292,0.13774534185128942,,28.291938883588035,1.1656458358529913,2020-11,0.5,2020-11-24T01:30:00+00:00,2020-12-09T01:30:00+00:00,d2a3184b2d28aa9da478ae22b12ab59e01485738aad0b90705e4e3f25fdbefd5
,,-0.9819508441663054,-8.561477673168492,,,,,4.2865000365524,4.283066435172488,,,4.058074245356869,7.884671605575515,,2.7572697739521685,5.651001388637599,3.1512748428518145,,,6.016375691850114,,,,6.492820021395258,,,,5.695365255971387,,,,4.278415613068909,,8.382690815262194,8.355376526317034,,,,-0.23935452594916204,51.66190680502199,,,,-4.355855338004377,2.1109763976231704,-0.44231326845698415,,11.44865722140011,,7.6213075080285355,,,,,,2.1204690078119177,4.179097575997847,,1.9468936218868824,,,-2.1137126787607725,2.0670689542736165,12.169693497751958,,,1.2781502149953903,0.0,12.544736673579687,6.486798120618999,8.51850999010136,0.092259685900155,0.5306708255017057,1.2906763183332282,,,,1.601090775055936,4.559408829054259,,,,8.261892698426243,,,8.413786358483181,,5.247371325962868,8.216039111507534,9.98568188382935,,1.8343607544915845,5.240750892581982,9.143395899961721,7.1394197776172215,-0.293091453088944,,33.78097007226595,5.863326893923837,2020-12,1.1,2020-12-24T01:30:00+00:00,2021-01-11T01:30:00+00:00,a768a0c5154f32e701eed1e35110a727345aeef2c5ec6a7fa1c9dc528de1ba9a
,,0.9592730142846754,-14.155166125590277,,,,,8.696863428917219,24.417346167059588,,,-4.491023097048874,3.822666485201318,,7.091867195483287,7.168405806570551,-6.68698031689019,,,24.940897409107396,,,,27.839294389457542,,,,-1.8494922803043066,,,,7.922117143701403,,-8.815822600112437,-0.3217932323100171,,,,2.9508759298839964,4.163401242926693,,,,19.917059622105526,0.13486951734678146,2.001970573477399,,0.8367685724541274,,20.634345707284552,,,,,,3.287694411766836,-4.142186991468802,,-1.7057497948637428,,,-2.9077741996653383,0.0,8.415511922662898,,,3.756988718845284,0.8298802814695064,-18.53110956423205,30.681094229471668,3.6772676786321172,3.18079968380333,-0.3222288532104936,4.7167889357967985,,,,6.6489596700005595,1.4560301092299321,,,,4.1821366265224045,,,6.961601966358644,,11.321266032282654,4.346582200233407,2.182121102988041,,-0.47071980668078145,13.71092876022988,7.13749088755674,18.20985377014224,1.4912567884770216,,18.600766230737698,8.096070592369326,2021-01,1.0,2021-01-25T01:30:00+00:00,2021-02-10T01:30:00+00:00,eb00f764acb22a2ea9cfa4092de4dd3355f0aabfdc0f3453dbd8b3a644eb5344
,,-3.5362448645246167,-0.06945398145506523,,,,,-4.460710605174705,17.444306922187476,,,-4.209105189308813,1.3676974931002002,,10.190338795984351,11.262413062937414,-3.2701210702893198,,,18.488877975783087,,,,19.334810447083616,,,,0.5496502192768355,,,,-4.315243591673734,,1.6902872151956758,-2.1319630573533543,,,,-5.5280705038471885,10.95899141442776,,,,-3.344549130142793,-0.03726464149048188,-1.05158803907705,,2.993490941425627,,7.990648846701013,,,,,,-3.26426408966657,-2.094388439726051,,4.097627384327478,,,8.521112825867053,2.01819885846764,-20.96621555697761,,,0.11478158327288901,-4.48322177098325,1.4620975223690011,18.61656992178494,11.729667367853336,-5.05875448484971,1.904615673543927,8.017279148141744,,,,6.993340729057756,9.829594765509759,,,,1.43107933941717,,,8.251436217062453,,4.8904628551554525,-4.102325640537985,0.17583516836977023,,-10.200503179669731,-21.734246659164388,2.0771745480990256,-5.225942912678873,-1.1379033130101648,,1.542244861614079,3.334885525819259,2021-04,0.9,2021-04-25T01:30:00+00:00,2021-05-11T01:30:00+00:00,3ccbb8060ee8cef026f315fe13f61f7fd30e20c7d7598892fa759b54cfcedbb3
,,-5.087096555775747,12.534846409468903,,,,,2.3659985605122142,16.97529127358112,,,-2.1426471758495746,5.088484137465305,,9.122115511499747,11.846277217704753,-1.9354952684186946,,,17.4978736911461,,,,20.94413550419373,,,,3.1300031015483425,,,,-3.642911018311927,,10.790394943027612,3.553710947653437,,,,-2.9210182921238723,8.676062473154571,,,,7.1175711597512,2.9482450115281496,-0.2211385583393053,,17.81983797910894,,0.27917448782019244,,,,,,0.38515221262186594,-8.034305650587841,,3.9474332232134755,,,1.757877961623438,2.0101179321087304,-18.188968462140306,,,4.823719072101563,18.000699607808514,5.761985055374795,21.0012723322111,12.027130600308906,4.745158441794911,3.3661282573131786,15.407910141307509,,,,14.197114237177555,0.34542348680876034,,,,5.346127285232984,,,16.708211699332146,,11.205236094739842,17.138213374728377,11.417439575842717,,1.7447043830367812,25.667595678363973,9.793834829241208,-2.5098692306527717,-0.8006983779717897,,1.9874315469092858,8.570504107557428,2021-05,1.6,2021-05-24T01:30:00+00:00,2021-06-09T01:30:00+00:00,e11b0f60511ab56d68c00ae8386beb1fcafdc99ff03675f763608b42d2571766
,,-5.610324612887386,-13.6173254841161,,,,,0.019483337380186,-0.422856831516726,,,-5.167434689347689,2.7861617128416563,,-9.201332921364484,-11.68687731993925,-5.530353416917254,,,-0.4347955690744679,,,,-2.273745445122981,,,,1.3445379141848066,,,,-0.16622099149511035,,-5.088926040629958,5.071473799464376,,,,5.108845304547149,6.669137449867215,,,,-2.4403918755091376,-1.3173025699666185,-0.003953350465047431,,-3.4129403562594125,,-3.3122609064071087,,,,,,-0.38990472551394373,-2.35827872223617,,-3.924295786738189,,,5.726660351363443,5.099573768413436,-26.210523066213113,,,16.582565563556045,16.39546799238791,-2.3858183545927845,-0.5457329537115733,-11.720675827461065,-0.06750267965801016,-4.893364648548269,-11.079429891826816,,,,-12.52359245451475,0.25071991753576217,,,,2.8170876966696223,,,20.35752538344687,,-4.560086864106702,12.440104026565225,-5.55147963742396,,-7.780816896910038,5.208577416607789,-6.399388000370335,-8.433280532305437,-0.7005829357739453,,7.490101606760513,12.199501063834262,2021-06,0.3,2021-06-24T01:30:00+00:00,2021-07-09T01:30:00+00:00,3263bb4b8f4ec7d4e1f506153328358f665b4cfc35333f5bdaac523569e58596
,,-2.415652860928503,2.778045909587692,,,,,-3.883965796578866,3.1366835749500104,,,4.696164890546535,1.179961811303819,,0.026719860847132938,-1.105703498870442,1.0039330742206412,,,3.2240202202581987,,,,4.1469507099457505,,,,-1.2144927822690155,,,,6.759438721572976,,1.8698370951208867,0.0896740752575549,,,,1.2141711504023331,8.49932128333925,,,,1.9870712591797073,2.6252008810134306,0.094837301874326,,9.53836734420138,,6.186001804505496,,,,,,-0.7221487789688511,11.830511218062039,,-9.519451269413866,,,11.507985103929954,12.306626372836197,6.201007478421253,,,3.9227836954256543,8.35158438315837,-0.4218711371575326,4.665245206156399,1.1345923151504065,4.085698437780398,-4.546487685797286,-1.0677132828309532,,,,-0.6037910301464132,0.6828398555074038,,,,1.2504006308902105,,,4.20130301548525,,-3.2191427738271647,5.174063021539407,-2.7155592942600357,,2.7915465284506085,-0.4584676973675649,0.07464543765360901,-1.3514652888621383,-1.492357726361566,,10.173520247259274,2.433294350770676,2021-07,0.5,2021-07-26T01:30:00+00:00,2021-08-09T01:30:00+00:00,aa648b03c1e1ba681617579cd189e097b3fd9e51edc009e00c2b30130e95a897
,,0.40954681242255253,-6.311156087589449,,,,,-0.7187961138308022,3.407931365286258,,,0.3052956235469642,-2.7955690857294444,,3.3892339118966497,3.6168756769736063,-1.8917417970984558,,,3.499684203709615,,,,4.474344987885441,,,,0.8341099741563825,,,,-1.032268857095314,,5.020181800009594,-2.7620529758126495,,,,1.5300267873500988,21.946271125240745,,,,1.8829267324620147,-0.9785041694983648,0.3430332202193665,,-12.407450206288818,,8.88080272944033,,,,,,-0.0019148467644333447,5.911221535447178,,-0.3313371197475505,,,16.116351215416703,4.495763535752609,-4.531519621204237,,,-1.10132285653689,6.352389881773096,1.507454113193667,5.007163005751833,2.010209021373021,6.741546688633708,-1.7267269869015573,2.798407853707372,,,,3.065579156529096,2.0169637626148176,,,,-2.9194170616042903,,,3.4571344065088723,,2.4528307221374788,16.109355143995447,1.3760232577621627,,3.0474762910635986,5.257283998527496,2.6588608184518,-1.1267409549784941,-0.870031742180323,,26.537461875871905,7.1517371630377395,2021-08,0.7,2021-08-24T01:30:00+00:00,2021-09-09T01:30:00+00:00,29048d25ee01115cfd209f8a995d413700544384992649fc4280a452043a2237
,,3.0829677415751933,4.092328948281225,,,,,-2.7315011802183697,8.295677644246254,,,3.033301269603617,-1.3985633951851895,,0.5886992401809805,0.35302141210978816,1.3449200141618731,,,8.661447283677088,,,,10.389122869170283,,,,0.9797302707300902,,,,-2.753218660395502,,10.601584631703865,4.026519452704531,,,,0.8124485022091267,19.264693957442553,,,,2.380792162800039,-3.9582255997413323,1.0240434097081825,,9.961997176487465,,4.597944875236607,,,,,,0.9244235809008435,-5.302147205865751,,12.081364140591244,,,8.147643204577113,2.38367904711109,-15.359895567533208,,,-5.797328242788114,10.765541438727476,7.1447788899896185,8.065790301745453,0.610809877884097,0.15137589794113976,8.255165536422211,2.8730210887880983,,,,2.878548796523056,1.195434896354125,,,,-1.3746360754176736,,,8.354664386372807,,1.2218534424318765,47.12981278083813,0.1595408654495814,,-4.935350652120482,31.44080415048387,10.864096448237781,-2.077543849391514,0.11157208777648313,,9.38438978084234,0.17347438442040816,2021-09,1.2,2021-09-24T01:30:00+00:00,2021-10-14T01:30:00+00:00,b4f04a4c877a21648b1acbd45de513843bec38a6992eb67466bf9806d53512b1
,,-1.5314161510473627,4.423164114060607,,,,,-4.307100064712899,44.67917669899063,,,12.927238539086556,7.466575804851954,,3.2514763385711265,2.7793339425287313,14.260140794647725,,,44.58483843774979,,,,47.819521305646994,,,,5.311171571063862,,,,11.367164176942637,,3.4389814309640463,14.507732452193862,,,,4.950091223917241,-6.181799978485855,,,,-1.2230642953710331,-0.2793000023049228,2.1278218668695557,,0.7131995603554615,,17.40335510650634,,,,,,1.1834904057538422,7.5293031803818105,,30.944577797197713,,,69.69978862132248,0.26812593032547893,-10.57896081338371,,,15.989943888627863,31.367384711062783,27.881478911496384,47.2411156155758,1.3597847645322454,16.9216580762949,29.15256996663088,6.763550669388726,,,,8.16955544875078,2.8587443991913175,,,,7.645352300581123,,,29.52720834499269,,3.9875341745833266,5.9025291670876765,1.9758467449559927,,7.642618649100881,7.653381963290181,31.99537116631911,-3.8732406180417027,-1.1019217725715664,,1.8489157127048275,-10.555841789476743,2021-10,2.5,2021-10-25T01:30:00+00:00,2021-11-10T01:30:00+00:00,087081ee3f35b278705f8bebcd71e6a1292a332f42a8d77e2bca10209b0d36bd
,,-0.770331046764799,-6.2480422437221375,,,,,5.100574235382505,-24.907551311078745,,,-7.977567718141457,2.326253272188164,,-8.845373628417462,-9.426040018286782,-11.915257249804608,,,-29.56982099480942,,,,-41.8042663862153,,,,-3.4105930767336123,,,,-3.2835349819781303,,-18.658267498998345,2.6709227181507615,,,,7.750051246732004,-34.563583950578035,,,,-8.242334657715107,3.310702837271276,6.316333403915361,,-11.966090441989783,,-5.171792218459963,,,,,,4.609423206843655,1.0930236898834242,,-1.6826817010780437,,,-21.628123631137715,2.1789367265232147,39.250596346565914,,,-16.332085953168864,-18.16674535991166,-33.04538081286193,-42.851331127242595,-15.438669637185667,4.227937855435815,5.026801727577231,-19.25396135602511,,,,-19.87527183679734,5.667676232336816,,,,2.330002008786472,,,5.8496206681608625,,-5.143681660961817,-19.25492919738039,-0.3023179644386429,,-0.9157914287748901,-13.472082778311895,-30.873716010134228,-6.5748477993704855,-0.7832055022828154,,20.897416967864295,-20.496230685538272,2021-11,0.0,2021-11-24T01:30:00+00:00,2021-12-09T01:30:00+00:00,7bf19207f9275356cf580410ca32d88d46f0fb004baf6809b94372c90b2508ea
,,-3.148985019511595,-10.70645255203784,,,,,-0.2783275646280377,-6.88510588712304,,,-2.66779916302868,-6.0410581781626345,,-3.4005514164042725,-4.103423453919944,-3.9437459440885294,,,-7.012986091547151,,,,-6.4172287842871585,,,,0.4578818603818173,,,,-11.654360107595057,,-0.7352173907663807,-5.747925005581386,,,,-5.511160054076855,-21.674952666381873,,,,1.2711049559436634,0.2826456580618228,1.2772338137576102,,-12.173175812965228,,-10.455903568667111,,,,,,-0.716056768079727,2.281449756360392,,-11.067454918396963,,,-34.739679988914205,-0.28525032117036714,-1.7544309650909282,,,-4.728253197564132,5.32451036081127,-7.064107354484215,-5.569191699727761,-3.9862680592254742,-2.256781702366043,-12.88731650085503,-1.3367973688191128,,,,-0.8428757954189572,0.3390563661067034,,,,-6.157131600647693,,,0.6250020345171325,,-5.594039357034084,-50.262433067760135,-2.331149023914426,,0.8981671130484135,-36.51921301338199,-7.536889775737429,10.244849954571542,0.361140657038928,,-33.51062378935865,-4.498729168490559,2021-12,-1.2,2021-12-24T01:30:00+00:00,2022-01-12T01:30:00+00:00,8cebece63374cde162f35849e0b49e0c3c9d337a7ae79715e1d998f7d916901a
,,-6.806912865244644,4.206162917695103,,,,,-0.43703871793691895,-23.61357898129341,,,,-0.9763675021915629,,-0.7769578406599609,-2.0192175717104512,,,,-24.011617422258244,,,,-20.664597855690452,,,,5.364644805609129,,,,,,10.299941871516015,-0.4863358938613064,,,,,-11.076786444532948,,,,3.91528999996156,-0.5263023345127268,0.7922576650850652,,12.18665971657576,,6.347368431191952,,,,,,-0.6685599350466866,-9.978019514449832,,-9.676351754586168,,,12.71578279383016,-0.01986051811925522,-15.611918439993072,,,1.478497452402848,-1.127327865387268,-2.924731330316159,-26.315349482815627,,2.184857916208117,-10.747563384486432,-2.070297987528028,,,,-1.636537519444389,0.13131024684504886,,,,-0.937844737072788,,,-2.603697378299532,,-1.2773329329565937,22.08876665869198,1.3865151653341097,,1.9314556764945816,,-8.292007369683892,,-0.9900488263992696,,-8.193558730161145,-6.056364529875629,2022-01,-0.2,2022-01-24T01:30:00+00:00,2022-02-16T01:30:00+00:00,b323403f63fb04a9f8eaf5fb92b455c053647cb6d5f58822f8c59137bdb8b1c4
,,7.211445686987025,-0.05325763636128569,,,,,0.9687308646029436,-12.083309583793666,,,,-10.121283719040276,,2.656916182585555,1.8473162848889941,,2.509349690632283,,-12.476295142843744,-4.866992970604189,,,-20.47423551637705,,0.3700561940507606,,7.561456818444669,,,,,,-2.268726792166589,-0.46903821515406446,,-0.8256750376563532,,,34.317027227774794,1.1169636948845127,-2.1539467302888684,,-7.824559520298006,1.3816209087448297,-1.1616173314538947,,1.3750134791638935,,-9.645216583891854,,,,,,0.7966372431090782,6.027823983351556,,-0.6090536521119942,,,19.525112227567153,3.905051487187303,5.232581900173969,,,,3.643417998380067,2.0781402887174267,-23.048525477545123,,-0.7409305798131041,1.3454202851223016,3.271778116229649,4.334047001864183,,,3.625965304971087,2.33571533617827,,,10.346817284416918,-10.005313315495929,,,-5.270511329265451,,3.5227141313644648,4.86925892265999,2.4437950413928937,,-1.0373628778937332,,-2.2421598570063224,,-0.2407284191174999,,-2.2939076829775633,-12.617949948976051,2022-04,0.6,2022-04-24T01:30:00+00:00,2022-05-11T01:30:00+00:00,9c2ebc444cbebb351556bc4677aef5bd5b960516ea7e71f061aaacebff9a49b2
,,2.4712944414851523,4.034439947121256,,,,,1.8056071273405774,-1.0401338886413944,,,,-0.732223921843239,,-3.353489117864565,-1.706573003210411,,-4.754431015885254,,-0.6091636771044265,4.841007721619011,,,3.4300509222684026,,-0.9031791288726807,,-5.354704805916886,,,,,,-7.942129289419693,1.6202006177368091,,-2.020036502870498,,,-0.0701243387152112,4.687920299909658,-0.8661374813041389,,-5.813005213192684,-1.4987747424777262,3.1365246737422035,,5.85066864634896,,3.8729834507346252,,,,,,2.57259182205949,-6.877657020819409,,-3.6687585491684263,,,-1.1628267173858275,9.122409316649179,17.576415624779553,,,,3.3388446007583767,-4.293539199395573,6.489326944736824,,-1.8144662822723348,-1.4526693569731626,-2.298503042813955,7.318629542873098,,,-2.533317120933838,0.26559293545465656,,,0.823682960868659,-0.6012969088231854,,,1.759310499099764,,-0.5781608523160742,-2.587866912391053,-2.64120323419717,,-3.537719647055932,,-6.82049102767059,,0.2646366117720316,,-3.3890303837168414,-1.334680432802959,2022-05,0.1,2022-05-24T01:30:00+00:00,2022-06-10T01:30:00+00:00,9167baed5aeac9e217b1ef67f0fa5ebf8adb5d9f535470aac23a5bd6835f9d46
,,2.1839306763463227,7.747771291693599,,,,,0.4696022395364316,5.8651866757606665,,,,5.734240804450128,,-5.177172466992144,-3.518939291408269,,-4.773087380477163,,5.757925212886798,10.71316123496457,,,4.804726932180898,,-3.5727729326956017,,-0.2543114791564216,,,,,,0.47339147322727604,2.759143105590122,,0.6110276069670056,,,1.2334580149357242,-1.129817176077472,1.1358056691938523,,1.2754900103089644,-1.6279521934112942,-2.827536992346333,,8.707596070001427,,-2.6190020343793576,,,,,,7.255098743062785,8.1301691540826,,-10.910684061744771,,,-4.542180492848265,5.6281406142303165,5.752384413818673,,,,13.688477227019622,-4.292608519636208,6.543259356381132,,-5.525314834246065,-13.126241331773553,-4.176449971926991,2.3880308076401833,,,-5.6842159731656805,1.7559967065185638,,,-12.933227928588195,5.9853057716403155,,,0.507569482171535,,-3.6077421224162043,-6.061949181449064,-0.650668418251716,,2.912509143038745,,0.45105733632979,,-0.1594960264749808,,-12.855601640951633,-9.667453277172283,2022-06,0.0,2022-06-24T01:30:00+00:00,2022-07-09T01:30:00+00:00,916f6bb2370fae1eb7edd9b77d7b3cdb3cf78464fa4de4e14515a794d2244b53
,,-0.0005938048341535165,-5.947455359731405,,,,,-0.5073377499976084,-3.8928553885544686,,,,-3.342534766787934,,-12.74988154453221,-12.082392622187891,,-15.168969964899526,,-4.225870265388449,-12.37014090255173,,,-4.720465153953186,,-1.7906289153438342,,-11.56419908141704,,,,,,-10.890164560726603,-4.527515074266882,,-6.761957179747228,,,-9.52142458068416,-1.8426288414562053,-5.527588629971475,,-4.2156954420114,-0.6416294027533778,-2.760843018705061,,-5.483271093342485,,-6.275412691078973,,,,,,-4.377891739865066,-5.530598175697082,,-9.410447264506466,,,-3.4099007924740117,3.003777206946796,33.247134219784606,,,,-10.31743548611268,-23.67076087955301,-4.713956125006106,,-18.5395327247727,-8.529377111143754,-11.538222223696415,-15.292338238333492,,,-12.823014263606709,0.5578284567405745,,,-9.608395274692631,-3.4301655385028087,,,-1.6648938737035217,,-6.796010755070305,-7.562657533091192,-20.398456785278285,,-3.1804423681911773,,-8.721768166109896,,-0.03725237194338228,,-6.086353740417957,-4.844407126864842,2022-07,-1.3,2022-07-24T01:30:00+00:00,2022-08-10T01:30:00+00:00,892415386a999dd0564cd8d2a851ef4ff7bb40836fc9eda5a6e5f8a42c5d9ab5
,,0.6905822809756995,-15.389619721221015,,,,,-2.3236986690453376,-8.061031360809434,,,,-1.1863160771215038,,-2.023739185078228,-3.4414175481793032,,-0.9208134591226605,,-8.232521004503273,-2.3577023757502378,,,-5.967460296384209,,-3.8126342005278944,,6.942807395822953,,,,,,1.2303022262273864,-0.07150772263041552,,-4.9679270275926255,,,-75.6428041326536,1.2436541553989036,-3.4167085262848986,,3.3781735380318687,1.3406717370842374,-0.08417645175307763,,-14.403153813469721,,-3.5096612813998425,,,,,,0.01871910289912394,-8.092787917550268,,-0.48315756317733716,,,-9.598869619849012,-9.041563559643107,-4.556596881423753,,,,-15.989723040582298,-0.2827925006998842,-5.696484315147695,,-10.366587832679285,1.6698087539307844,1.6886062163279136,-14.347408702433798,,,2.1567825969921706,0.0,,,-16.47013269313279,-1.4451314449330983,,,-3.0992230607424585,,-5.185308277834181,-26.175305486469696,5.278519479985721,,-3.4523310425062714,,0.17522345468030878,,-0.03859744905472291,,11.41836234831092,-1.94416465114828,2022-08,-1.2,2022-08-24T01:30:00+00:00,2022-09-09T01:30:00+00:00,1543b2efa54b776cecd6ebdef823969a0fd91aa13acfe84cfd3423ff5988f580
,,3.227377981100024,8.21674127403784,,,,,0.04230001810247168,14.48026958282437,,,,3.2421903028777246,,-1.1539989101128811,-1.7431950059950174,,-1.6734214266363285,,15.013531130373131,2.697548729278647,,,16.555905602313594,,-0.7208132297862231,,0.6314150416543626,,,,,,0.750460912232677,5.987318779455221,,2.818247672684124,,,-47.65702334578461,1.8822112169795484,0.6408871958621231,,11.269324496966874,-1.1444893221618184,-0.11018392105583659,,-3.6161902737253575,,4.023564284094276,,,,,,-0.015315369002697855,-0.944217260776321,,3.164779183798087,,,-1.221875567344151,-2.35618582721759,9.552206665753845,,,,23.43551049403514,-1.5241654322907898,10.225887927488431,,-1.2817593264193854,2.3779813868865016,-5.319037961016941,2.7716458799058885,,,-3.9073090528543344,-10.87822128637138,,,5.649073343282883,3.241040589572201,,,-5.304743295262361,,-2.643257628406919,7.890085332493942,1.2557656483463302,,-1.8030221975377663,,7.0030395356608475,,-0.10655302020382848,,-4.095961779622455,-0.4854094565299491,2022-09,-0.1,2022-09-24T01:30:00+00:00,2022-10-14T01:30:00+00:00,01d5926b59d6b2f11279d5fdf5d1ff5b6c06c28d13ba83e6731219291f3b25b1
,,11.837795853374605,-5.23703527370045,,,,,0.5501068241375436,13.35182346432199,,,,-5.160872336749335,,-0.22215898732309386,-1.2778136029764444,,-0.11314398466694547,,13.556291467056788,-2.305104494184057,,,11.001755613005663,,-0.39764400943382106,,1.3231829824724972,,,,,,-0.21465217500702022,-1.4781094984676832,,4.4728092151856105,,,5.270047122041527,2.6937812787146544,1.621759557649327,,11.724266390958837,1.6434286629091628,1.45496909455721,,3.934304023217381,,-4.918747460856828,,,,,,-2.3626129069533,-0.8555251546815619,,4.136407905701633,,,23.348927525125614,-0.4974448992758399,13.828701585409087,,,,1.8308974277703678,-2.32642901396423,12.495754782882333,,-0.061247208928547285,-0.5482661736167433,0.9241934427703229,3.273412847356625,,,1.0691286287548152,-5.153845027994704,,,3.48485956674077,-5.2570421321121845,,,-2.1723233191347986,,-0.6410939170224487,8.846151534542791,1.6333070618738208,,2.2009273955289923,,9.889305139511148,,0.2741441371998491,,9.21088085544684,1.1801695947840352,2022-10,0.2,2022-10-24T01:30:00+00:00,2022-11-09T01:30:00+00:00,0d3a20aa29f4b92c31869d655843f4de85461fdeabec320e7d2d69c254fc40ae
,,1.790183211447768,-9.781325464881945,,,,,1.835479085866141,-0.3721878767725707,,,,-2.364494497328438,,-3.878438036274861,-6.020791771615684,,-4.887165238058999,,-0.5382709596029512,-14.60979699389808,,,-0.5103305535819527,,-2.150396789823352,,-4.183670711903602,,,,,,0.2520412355111954,2.7869591965843274,,-3.52475760689529,,,18.07299600868109,-1.5609271535496867,-4.228662781188942,,3.097301193152633,0.9907994386400547,3.0418621856457375,,-14.212597509902741,,-2.891144067261321,,,,,,1.2545564780559597,-11.591192575853084,,3.0544246390058984,,,-19.510603298499092,-6.639287096091269,-8.265990568812747,,,,-2.025999137616273,-6.064068052708136,-0.5522801056930523,,-5.499708810471934,3.0073122903991445,-3.6333792861210656,0.8871872358897714,,,-6.020978877690491,0.17669923105821742,,,-8.715135722191825,-2.4610828709733954,,,-9.466109890369543,,-2.982043144432318,-7.06200884852892,4.287448756942223,,-2.6744577295655296,,-7.361701176784044,,0.531503706610178,,-22.030267636387915,-2.906848214364305,2022-11,0.1,2022-11-24T01:30:00+00:00,2022-12-09T01:30:00+00:00,5afb1c601b59749378ecc75b76acc4da9424ed1426fc11d252644c9ca65965a4
,,0.6614713496244066,-1.276893508001007,,,,,2.926347690472048,-12.804350704807984,,,,-6.846313507772003,,4.191179895694269,3.770794873456368,,6.052241369833176,,-11.548199259776208,1.2948779240771933,,,-11.766460865109844,,-2.01508980632406,,2.4067675301993803,,,,,,2.76795002591835,-9.844443161172896,,0.8885919671059705,,,-12.614057705502757,-1.709903840841395,-0.4505896649472491,,-13.363121340093892,1.3209509832310915,0.09759952439752458,,-7.233821514621579,,-0.26010014898334954,,,,,,-2.6672200279559806,-7.6693434856513125,,-0.718245220511433,,,2.742510134150647,-2.878573855179423,-21.615400713249773,,,,3.9992570338963653,2.497525806918408,-11.594608138458963,,-2.092057729320614,2.2003581931291727,2.0553216420806693,7.03733315661207,,,2.8132803930894323,0.0,,,6.81963183473286,-6.909610260049252,,,-4.698939933175419,,-1.0434983733207848,6.446086286720357,0.0013566782486825852,,4.59630825580502,,-8.343126984058568,,0.24293968826742224,,17.506378178822068,-3.5423690125991074,2022-12,-0.5,2022-12-24T01:30:00+00:00,2023-01-12T01:30:00+00:00,2e99240129b04c59e35d62d36ca49ce0a6ec002f2ab5a8dd7794f17c515875fc
,,-2.0739631908479446,3.6186953323168147,,,,,-1.961503155816743,-10.93380595073517,,,,3.566150199685567,,1.8014774375187566,3.732540540876768,,3.1910843176384396,,-10.905296924642407,4.255305168397318,,,-10.116777613251985,,0.06895125419698094,,-4.6319309388395045,,,,,,-5.090345788268444,-7.2363871566142866,,-1.6556272314748897,,,-25.02050227310332,0.43850950165635905,-1.4781147390906866,,-3.8979293605172547,-0.5557235043455921,-0.8162549110086653,,5.27602462927796,,-0.9389651650604843,,,,,,-4.341520724572791,0.41880670009101634,,-5.151837839306667,,,-1.3391547602048153,0.0,-30.60926342949607,,,,6.153810233610771,2.2198841780941185,-7.3105795587329725,,2.756663964922393,-6.183287978064798,,-1.196047199705352,,,,-10.070743486612882,,,-0.32008000570759615,3.777682504886109,,,-3.8631469911556677,,2.4331164015627906,3.145222401595001,1.0691977620036173,,0.8715735916331325,,-1.189576182928789,,0.0184604024891841,,-6.404225376689025,4.119270814822642,2023-01,-0.4,2023-01-24T01:30:00+00:00,2023-02-10T01:30:00+00:00,e8e13c6d995ba28ac2e1c6121734a38701b1eef1fd4155d0d2c5e57cf172843b
,,2.083861926787454,0.25612165213658994,,,,,-0.4651792909181828,-11.520752498429646,,,,5.640873070332354,,0.6567981521431698,1.7223321249226178,,0.5866373151593965,,-11.508842016820815,2.6433137745305597,,,-15.985876388560902,,-0.8660992998117548,,-1.8734141726475002,,,,,,2.9839362241140184,4.7589537462780145,,0.18491554147853773,,,4.403798268573351,-2.369104492749118,0.9418657866,,-1.0210253341647486,-1.9254865078848924,-0.309583248337065,,0.9945411741449673,,7.20701167536943,,,,,,-0.7903201937368471,10.165800082196048,,-0.3866482455755688,,,-9.273066802763683,0.5527387560060487,-2.393276621162836,,,,-12.556471662620947,-0.8320636310092568,-15.465036753284606,,2.9450125062373242,-2.1852920482604836,,0.4786562263967911,,,,-3.9015928006314886,,,-1.6120485718007709,5.766744556296079,,,-5.520685012786217,,0.25785574373608694,-4.342240000698131,2.234874887135064,,-2.952147402908436,,3.8843560367070964,,0.1436109839110411,,-5.290613052061477,4.223833721559247,2023-02,0.0,2023-02-24T01:30:00+00:00,2023-03-09T01:30:00+00:00,de9e109f97292f0898b4a69276b8cd7490779b43e1865745cf4bba99a7bd0125
,,2.8733543907322194,-0.030272542145294123,,,,,-0.5840845071184808,4.484056654610621,,,,-1.307236613932573,,3.8505173315075867,5.06946518320752,,4.492835720318851,,4.4829483471728775,0.30623808405540315,,,6.222513223935673,,-7.045290149911184,,-1.6866966585287926,,,,,,-1.930871235969919,-0.9939762778761215,,0.3417364363634237,,,15.633730426650427,-5.868019159252793,-1.1502980070713467,,-9.532761104895963,0.19095248703974582,-2.8399087861400765,,3.8250329268904655,,-4.487252208006354,,,,,,-0.9533227954533289,0.7470314506144512,,3.800812193612977,,,-22.334278426799926,0.5511316426077937,6.691458878531326,,,,-10.49101506175032,0.261458834102725,4.883181434957522,,-1.5423152374860623,0.02414292623991646,,0.24585706467880686,,,,6.589075641084624,,,0.0,-1.1752266035792736,,,-14.462743377313672,,0.30098890527395866,3.1090587070031184,0.22689100359875283,3.0099730745070543,-3.847725956917129,,0.5985143939391157,,0.13946086173674374,2.078802844968386,-15.810148630800134,-0.39589348356600584,2023-03,0.0,2023-03-24T01:30:00+00:00,2023-04-11T01:30:00+00:00,ee9b2cb9f54cb66e8aa0a82ef3694b4f50c9bd35e7f3dae924aedc81ce1d2210
,,-3.279014341909444,2.931484941131173,,,,,-2.4023486448605196,-8.027330355527708,,,,2.417032822326747,,-4.65335087754476,-1.2431992236355098,,-3.013120643113774,,-8.030053361299078,4.957878261079685,,,-7.039434047046278,,-5.915955662301442,,-3.1352065797180058,,,,,,1.5038365193453032,-0.09108183861192004,,-0.12221591592266239,,,-3.2429014228034116,-11.562274418562545,-1.1009643058599665,,-0.9778733477707601,0.10607415941140885,-8.018905853589132,,3.4408759207519077,,-7.408239539787623,,,,,,-3.6669244900759694,-5.469701243443752,,-0.9618461512176508,,,8.860827478535201,-0.10310607950411664,-7.734946607789276,,,,-13.638770196276557,-2.4887080572228224,-6.8516992589148025,,0.08182318601133394,3.522033569080679,,-6.313756188494807,,,,3.708537493877152,,,-3.546485043257975,1.965459804705204,,,-14.986257191095826,,-0.2361299711770063,-13.879302417293848,0.8552850052590729,-5.198217372214723,-3.113378070583683,,-5.709701692101212,,-0.052603893901096335,-5.1719050696167095,-18.238504613056833,6.349277034138382,2023-04,-0.5,2023-04-24T01:30:00+00:00,2023-05-11T01:30:00+00:00,c6b7232128d8dc19612cbddb29779665c6a692028f06e9064d1cb6aeac8a5154
,,-0.4502313543117806,-7.723803893840768,,,,,-1.3639439050965723,-5.879507541641646,,,,-1.1162846589544677,,-8.952011054344668,-7.037106712748761,,-9.758073666887789,,-5.862430121785927,-6.222899035633146,,,-2.8124643370646902,,2.2418525137074385,,-4.810480430600227,,,,,,-1.5520578480008518,-2.180393730132125,,-2.1876367233286254,,,-38.969835813672304,-9.306388343570744,-4.07036225832459,,4.772232639312741,0.023446697673088376,-5.664821367541062,,-8.312338280492689,,-7.199621327873504,,,,,,-3.8095590138572617,0.2184754215845003,,-5.283372435964619,,,-3.443618911775375,-4.933834792145031,0.0,,,,-8.307461871014617,-4.6303835353644205,-2.712643723908914,,6.508077569192586,-1.7632994770326476,,-8.856978586751058,,,,2.9386877116533516,,,-20.401374308581595,-1.203903858489352,,,-19.05107492439605,,-3.3863715948087125,-25.903803229356164,-4.5030657710719115,-8.338645884915246,3.788227652821996,,-3.7323392039013963,,0.1826796583703705,-8.387615350450407,-5.791334507651605,19.393542944866564,2023-05,-0.9,2023-05-24T01:30:00+00:00,2023-06-09T01:30:00+00:00,0f9afd0ec36c4eef7ba629b285e16560cc8e813feaaf1c68391cc338cd8493a7
,,-1.1718942954047267,-4.5324930280589575,,,,,0.23110193676080323,-22.251745261097255,,,,-0.7163121176313445,,-0.14119795672080507,-3.1608622996930578,,-0.32207806664826416,,-22.32324193262272,0.028331096265641786,,,-23.484803112814287,,-3.7338885562452164,,-5.997698266766541,,,,,,0.973799912253416,-3.0427490798540626,,-2.06795803067751,,,-9.345789865422162,-1.6272386491266573,-4.425667117484308,,-12.574405184266702,-0.45074190468214065,2.466918268678433,,-7.87143701219255,,-18.995039008483253,,,,,,0.28699643774514483,-8.103089292675769,,-8.618166607822959,,,-0.4315065066962261,-5.918721930924542,0.0,,,,-14.535380391110737,-3.319386219931117,-24.450067939886484,,6.698596138574993,-6.428554871021652,,-7.7789076765753595,,,,2.9641147919813267,,,-10.665032633371123,-0.8747695630914339,,,-14.386934261924116,,-3.65266402941507,-1.5306265090198377,1.874520415226746,-0.20228453487895437,0.32484352741900274,,-14.644628214273558,,0.816000133970392,0.3228153304635794,-7.666380053334278,-10.355070668761563,2023-06,-0.8,2023-06-24T01:30:00+00:00,2023-07-10T01:30:00+00:00,1eb3c31f58630a457d0daf70b140990301a24f487cae0c0adb1171a42c69fd54
,,0.0,-0.7516102693975355,,,,,4.338767164857673,8.050554636400468,,,,0.6005306611082654,,1.3697908667779082,-0.12814195937773937,,0.5417835442318265,,8.064314557188352,0.35615138718440703,,,8.963911837355555,,-2.3372808357801818,,1.9001307616000538,,,,,,-0.926395700564086,-1.3498900103542757,,2.68487070703628,,,-0.4143432222691357,0.6206331658029024,1.7158665956039179,,10.125160151707012,1.7381105759129636,0.37059067005336566,,2.197254530101439,,-3.6297756379046815,,,,,,4.26020798972065,4.389322158418931,,-7.749774939613993,,,-12.476040432592853,-8.775934788123301,-2.120220765060305,,,,1.3728447467535299,1.512623596165282,8.98915993802193,,1.8532144409571294,-4.858783229388399,,5.703324600843391,,,,0.35193055571311027,,,2.1795437311784127,0.7120665328486512,,,19.04692191263421,,0.15613473533028116,6.123232442004987,1.7251573087240148,-0.19998925642942517,2.677009613667297,,7.089544052828732,,1.1871995889091325,0.0551986201523892,5.725525910550142,-6.528588459495607,2023-07,-0.2,2023-07-24T01:30:00+00:00,2023-08-09T01:30:00+00:00,8b28a8113c145ddd702a244d0f0ae6e41a442edd59e475d197f271ab4510a2a7
,,0.0,12.204480800962934,,,,,1.1925048070147204,-2.6843850381253045,,,,4.343350976119401,,0.4135695914914637,0.32127651852312317,,2.765666498521014,,-2.6525809789938246,2.7854960487008116,,,-3.1960649129939367,,-0.8608005872937693,,1.3583299711267376,,,,,,0.8483752034034566,9.875629373268483,,1.5225190785144938,,,24.09338973780831,1.0138432063392637,3.0073106243580683,,8.791550145400914,2.6972299224685434,2.629865199252881,,17.771266406053453,,23.990045303353043,,,,,,1.393386061749477,5.23122355797058,,-3.7153026854288824,,,2.955684759138286,-0.849191372525521,20.585205420414898,,,,12.213607180462125,6.148691472186488,-3.864010839129116,,2.684980881017635,0.39750946738350607,,7.672457025568383,,,,0.5321666651641835,,,12.44645084384511,4.197539047719456,,,23.41288383023751,,-0.08659258731295151,12.364634515566838,0.5147584819287407,-0.7617196484850872,-2.0029161800405935,,6.679001124108928,,0.8955914799372635,-0.6204883387686727,-9.737622739185486,6.7094866436203215,2023-08,0.2,2023-08-24T01:30:00+00:00,2023-09-09T01:30:00+00:00,65a6e8f7ec57ae77f7f4f03aec652b8e4680d9ba0b12f3e106345aa63d36049c
,,2.5042391272710263,9.409585634958852,,,,,0.7318197328426825,7.004183060532135,,,,1.7159267538004306,,-0.2853770879881094,-1.4670371368883703,,-0.6915067767816305,,6.973427276927163,3.846628082779614,,,7.800093774745395,,3.533155791507842,,5.218612192516591,,,,,,4.860611214199617,2.0092527840390657,,2.9321553163956056,,,46.19074393541244,3.214583166714359,7.031817307629609,,4.253840771684585,4.540885502454357,6.14576441001295,,8.680786464660569,,11.937390796885627,,,,,,0.07912033853001892,18.649716241627935,,-2.8383498358133554,,,10.211051769172862,4.308771722726767,-3.852328199633575,,,,2.242816211587825,4.409832793481909,7.9003492493052025,,1.427512730757385,-4.711212298739401,,1.9177760279266085,,,,3.9164096652041693,,,-3.874241337597655,1.872164392247223,,,-17.30344758054296,,-1.184515277697552,2.559277017872075,0.7695747269784569,1.3147661784948315,8.751000084053667,,5.078551248261351,,2.153958546303859,1.027758275824023,11.03530359319514,3.1612069452169247,2023-09,0.4,2023-09-24T01:30:00+00:00,2023-10-13T01:30:00+00:00,4ceb1fdcc5c16e07f53bcc651bfb191f083e0c08a69c99edf0df536894477e63
,,-4.9702554894605795,-9.015748466609107,,,,,-5.785808152635371,13.982668136146115,,,,-1.0783335924394435,,-2.6348022429516735,-4.001220658692901,,-3.133435623480954,,13.949367259170186,-1.8849496763772764,,,14.975000309766232,,5.942547353919705,,-0.34015983522348514,,,,,,-0.603288166268532,-1.146554803386558,,-2.871902735762407,,,-2.95319166311168,10.300814918283466,-3.6935833855648568,,-9.57679480933363,-0.6812071401018898,0.4660330062495851,,-6.654660526968213,,-1.3680258573730775,,,,,,-7.471286742447159,-7.053501647808315,,2.9999790935635007,,,13.839511910452206,0.8035001166945486,-6.877709847931731,,,,5.721910855163715,-7.2898437754983325,11.973017035904407,,-0.7577624597043986,-1.2694597485130545,,-4.839061074726221,,,,1.4871945965971374,,,9.1775830153986,-1.2132856281887838,,,-2.529219290212814,,-0.5110438672975368,11.541699980164188,-3.7742345641533883,-0.9352177794220466,1.6450355655024052,,-1.908730781164475,,0.9281933450092917,-0.836824967051669,8.020722270152808,1.2744117931184744,2023-10,0.0,2023-10-24T01:30:00+00:00,2023-11-09T01:30:00+00:00,e292b4ad1a6776c3050bef49794a3681d44bcba506fe97aa06cbb54223de709a
,,-11.071997873480877,0.5985086936749997,,,,,-4.221249300617481,-7.541779530132914,,,,-5.335070783674508,,3.6227611999384015,2.2499681731765104,,2.7114276278019735,,-7.483247249604707,-5.488505697221261,,,-9.71013945954827,,-3.334551411668289,,-0.5888142625222598,,,,,,-1.5104112904143385,-4.600489940166046,,-0.3632703114501656,,,-9.475649698528796,-2.3509422594598006,-0.39304144664896223,,-3.691134078379516,0.6117474216694324,-1.622402128910623,,-0.8490508801777741,,-3.4973763047225015,,,,,,1.4444916473386358,-3.309421122493903,,5.559603979156266,,,-18.11849661360171,2.7324014208129124,-5.316866788067821,,,,-13.092096316936368,-0.060488446031138905,-6.621549186210086,,-8.43955993020557,3.70693493431664,,4.587604089031032,,,,0.0,,,-4.229833495338428,-5.451330273641253,,,-4.684590792014971,,-1.187279024131629,-0.3926998665252391,1.4069021371328,5.315922028988058,-0.5385583060197003,,-0.5855413878449425,,0.5759297674039913,5.07840654072195,12.311372238614748,-4.68994735043223,2023-11,-0.3,2023-11-24T01:30:00+00:00,2023-12-09T01:30:00+00:00,a0d5239377ad85a7bc8829a6b93ba09523b0c92fdadbfe0ce8c5b6b3bee2a48a
,,-1.159182077151245,-6.075590046526613,,,,,-3.1948211503063826,-0.4447672307782745,,,,-0.6934364200120018,,1.6943920934504788,2.795862195384298,,2.4145941916571623,,-0.4478759759021157,0.7588031862523371,,,0.0060123252686113925,,1.0827691991226918,,-3.32684768068088,,,,,,-2.1096848536856743,-1.0143805518295868,,-1.6463308900607425,,,2.091162503040905,-6.27320540131325,-1.8121963589313184,,-6.7283656577953765,-5.6565487101129746,-1.8913490423796424,,-12.298647944790758,,1.2554590188051595,,,,,,-1.5821775193001386,-4.9345390923018,,2.3850187100793114,,,-1.447239064026925,3.2547511867619257,-2.7683428748416627,,,,-8.57007047976694,-3.2828480656627392,1.05879678444954,,-4.363613944961918,0.8754854222274792,,-2.7305174122607445,,,,-1.571236438260791,,,10.523558151328007,-0.6590842458310817,,,-8.55152095561826,,0.8571324465752548,12.257566607660555,1.2837724914593844,1.8989647764928226,-5.318615464284563,,0.7947398539459398,,0.07989920833156387,2.1475448429249147,10.785549923303774,-1.8634847125069576,2023-12,-0.3,2023-12-24T01:30:00+00:00,2024-01-12T01:30:00+00:00,bbf611094038b9d4e0c314d66da9f0cbccd2de659c91dc3e98e816d992fb9e31
,,-0.9073608516204282,3.2308614358996985,,,,,-5.497883778908366,-2.4437210969937144,,,,0.9105081008880085,,0.451089899878197,0.9482702610803393,,0.30636562649169224,,-2.459227964332385,1.6645727907986085,,,-2.1697043668954406,,-1.1139774799731135,,2.282740490223391,,,,,,2.70932906555258,-2.1858617676388077,,0.8079615490819878,,,-14.771173267727761,0.7680825921123088,-1.059095553443117,,-6.816933084935756,2.373611737639325,-4.177769045551126,,8.69184704071316,,-4.667940988165245,,,,,,-4.911153273952397,4.7887314496786555,,-2.7216678421014455,,,-4.257044883105619,-0.02360736245903844,-3.208831455150051,,,,-13.462417881886893,-1.7556298493908016,-2.6082371139044396,,1.6778384548053291,-0.8890144758908243,,,,,,-5.473929656800352,,,-4.05939425340212,1.0607577679002864,,,-2.0560809380433116,,0.37799815158989486,-3.4322419494953467,-0.6956619522077258,-0.741772615848859,3.8277109086463312,,-2.1356617344460926,,0.1657408071007924,-0.8295505537092478,-8.696522242115488,1.5053515262315889,2024-01,-0.2,2024-01-24T01:30:00+00:00,2024-02-08T01:30:00+00:00,5ac06aebb7304ce3548898398a2113efe805dcef307def35f6eb02f7b79073ee
,,3.5498882793071624,3.670350221341731,,,,,-1.6027954614341806,-9.673617509692546,,,,3.958975493627153,,-3.788407986450065,-4.077681688255497,,-2.91778158860325,,-9.654837838381578,-1.1012492190944854,,,-9.483146376197482,,-4.6503320224293665,,4.399413342711184,,,,,,5.181631338652831,2.882743151803398,,1.5798837597626285,,,19.5190897913678,3.8881752486182197,1.6917640134068495,,-1.0393582479569987,2.766875864451956,-2.7279298986468548,-6.52193345841315,2.492116941389143,,1.2992543833620906,,,,,,0.41878480489606473,1.517793753860251,,-3.392855498358817,,,-0.2721595049130323,-1.7528747160765141,4.714677842570187,,,,-5.15732240418397,-1.3604809574553356,-9.808880356924183,,1.0026354750609145,-4.19082690154793,,,,,,2.623003074810221,,,-16.156940546143797,4.273965003682798,,,1.9859320751319705,,-2.9280079692969316,-14.507653079803376,7.3883856407868915,-3.317941486971872,2.270842503294045,,0.5621852522897488,,-0.044059333948166676,-3.336077090358886,-2.0939906829925024,-12.962983410492384,2024-04,-0.2,2024-04-24T01:30:00+00:00,2024-05-11T01:30:00+00:00,d061848950e3f854f262531837bf6fd10e09aefeab43a8988af4db3f17c13dc0
,,-0.607285823372071,-1.910921233794385,,,,,-0.8582806375076193,3.0687713231237534,,,,-2.594895123549735,,1.6503890647736306,1.161588156619142,,1.058977534594076,,3.061677599007131,-3.642076551655153,,,4.702053268889164,,-3.931033738538307,,6.311236068918688,,,,,,2.147943878850157,-3.6872663245728377,,2.026797669546115,,,-6.315514329126593,2.2318455399056067,0.4295701313543571,,3.051627482954104,7.553934654669914,-5.214424418040876,7.256167002899961,0.796462621422829,,3.960814502567696,,,,,,1.6905216840077075,-1.4442896907776326,,-2.593284993457706,,,-1.5479992031503824,-1.6304933942958164,-0.32948958968525377,,,,10.215643979362124,2.4753216538052882,4.679170603991556,,-4.2854733331438,1.0782153044459926,,,,,,-2.3075119705340508,,,18.672290222462134,-2.641309275933179,,,1.836189206887805,,-0.30746543038826357,7.507825772368724,7.358975623843797,4.186151815339488,-1.4587638475916602,,5.880312546130146,,-0.26721924188366436,3.837007697858318,8.145991701693827,-1.6828160012460187,2024-05,0.2,2024-05-24T01:30:00+00:00,2024-06-12T01:30:00+00:00,efbe4b1142704a62899b0d4ba7857c75ee0aca5f317066886ad2cd8e0e1d5def
,,-2.061940737586907,1.6243873414429326,,,,,3.0435958031453505,3.7512292466363624,,,,-1.0557226769343788,,-1.8337471322879166,-1.5909073704016594,,,,3.729658060553376,5.0623053075596625,,,2.917823406085791,,-0.13379718346008806,,2.049765473796532,,,,,,1.399793547906944,0.8621583823535127,,1.577206519356315,,,-2.088004102531783,-1.0585586635039768,1.5733599352938665,,-3.11555327175272,5.638511036851595,-4.650705815486322,2.1498422800946835,6.4570462705798235,,-1.8966522129364247,,,,,,-0.9428608425118508,11.173681384268916,,11.293072499680639,,,3.959081609692155,1.7502804174720399,20.51610487637774,,,,12.76451971261944,3.5372008029465336,3.2330886002190633,,-2.068506209701673,7.23854389075841,,,,,,-8.910216179528065,,,-6.107028472408282,-1.1050985341407387,,,-2.1719066266393194,,-0.17914272225308134,-1.2739025777429713,-1.4247051115918472,-2.4781624117423053,7.101568607204856,,-5.053212177423045,,0.1091803608360682,,0.27047593525638536,-0.9736313414773955,2024-06,0.1,2024-06-24T01:30:00+00:00,2024-07-10T01:30:00+00:00,bd5658c71fe6f42de2b0e8a80f6f47c90fcd970b7ba0300d80dfcc14dd70068a
,,-0.8563083448401362,-0.6169295943775902,,,,,1.2915679197344483,-3.226528070747818,,-3.182013599798872,,0.41693240127555975,,-2.9777517602857553,-3.6390339578942963,,,,-3.2117356503838512,1.8815503556919349,,,-3.607527048670236,,0.3246260107149686,,1.2389319984163043,,,,,,-3.9533083471502537,0.16107281837570203,,-1.043477686221222,,,17.236627298151717,-2.8432490096312923,0.044201481469265023,,-6.4669396395790555,4.179626841125023,0.7303448839761415,-2.0896155677280626,-6.808600466465974,,-0.3120972743598884,,,,,,-0.5339465060766455,2.320441970335819,,0.20771520821445894,,,2.0941294160128017,0.567444676086848,0.5361943141385374,,,,-11.259222849723205,-3.6058633206912147,-4.096315380646904,,-1.2209481090363143,-1.5931389446632325,,,-2.137988480921557,,,0.7696675900718676,,,1.0114231575704542,0.4234490184402951,,,-3.1454843433677215,,-1.3364026868960508,-0.22075630804621102,-1.5115657563624236,-3.739424679065971,-2.6666299136735945,,-2.381833979812526,,0.029421499973189442,,2.915545166831476,-7.33351402335473,2024-07,-0.2,2024-07-24T01:30:00+00:00,2024-08-09T01:30:00+00:00,730a1ecf8edcef5a927ebddf1af261110458ccd6c33d33955ce6d028ce70e323
,,-0.02435337350805912,-0.7547721689888184,,,,,-3.6510005715761316,-0.2285205687506279,,-8.431328032653331,,-1.163002675860529,,-6.165150015545407,-9.601486286475899,,,,-0.24685565609614846,-5.353223475455536,,,-0.22651575308232,,-0.31697563297381304,,-6.3232778867923045,,,,,,-5.098117665042393,-1.872469535578067,,-2.5801813516850642,,,18.53185620342242,-1.3179628245642998,-1.2793100434046902,,-7.000986281113366,-7.015263030060602,-0.6428282146069144,-7.258572197112868,-3.055638198062757,,2.071015194283856,,,,,,-2.1308561318368,-5.0229287451900175,,-3.560490739056347,,,-2.3059746666833556,0.2589388218132565,10.161017641078244,,,,1.1966911352079594,-3.60006128512564,-0.3150577009589453,,-6.166778898973902,-3.9605149287639425,,,-10.363854251516177,,,4.28544396372584,,,-7.358132309685452,-1.069481766798015,,,-0.06767731714729591,,-2.473917123628516,-10.192863113974667,-8.519536200774173,-9.735443143761465,0.7115967831486399,,-2.532916344509041,,-0.198763316320976,,7.930363079279745,-7.703761374614314,2024-08,-0.7,2024-08-24T01:30:00+00:00,2024-09-09T01:30:00+00:00,6f02542435ae2028843bda2ed06ae29f9b15d488fb1d3c834d7f6a2e08cead92
,,-0.21408954738096359,-2.234843217379625,,,,,-2.209121981682767,0.3064325321776449,,0.568363687431392,,-4.302719168510497,,-4.394116053822924,-4.519485499279722,,,,0.3172740616819464,-4.849873258554862,,,0.43923935919164714,,-0.5696381812030022,,3.433229375112881,,,,,,2.3574297542682654,-3.5521367645426944,,-0.9907086870671681,,,-8.485998624871051,0.953149812037535,-1.2238968627867064,,4.905670002717132,-8.978079296443989,-0.7453196991141774,-8.605122732582158,-0.9747649882601646,,-1.1326517334006823,,,,,,-0.06669040640085512,7.088342377617818,,-0.879296062495483,,,5.3441978011146904,-2.1320596211640948,-5.97192347016222,,,,-4.092005951959816,-4.3906615604186445,1.21630874132247,,-1.6828045502046405,0.41000467440135524,,,-6.334424054958908,,,2.3363749500422535,,,-14.423117629965688,-4.518324690701608,,,0.40696505959209683,,-3.7364393564515757,-7.818536257374588,1.091637542558176,1.1622094599198975,7.381569142562995,,-1.2120832981948568,,-0.5504973908101781,,8.426864350942655,-12.390962156609888,2024-09,-0.6,2024-09-24T01:30:00+00:00,2024-10-13T01:30:00+00:00,08ec47dbc1ff15704e72852dae4b2d0d6362d8231da76acabe58fea9b222241d
,,-15.0716566639086,-3.6664230796991917,,,,,-6.402940490335553,1.6824734241920098,,12.9227344348668,,-5.535356281419409,,11.141973741666854,15.321150156140192,,,,1.7099404647624332,2.3052916722427166,,,1.8031549349569815,,0.18256070407876943,,7.217914348610378,,,,,,5.555931116477112,-2.6441055828932614,,3.3878690971366208,,,-6.145915159322153,1.6400676932508504,1.824384962635604,,-0.8868552191030025,-1.1010940478865072,-0.5013571773988093,-3.1122153517870683,-9.323875800657909,,-2.003385754069195,,,,,,-7.525239643093714,4.683735935571951,,5.545259036668393,,,5.57949216843275,-1.1211198185593652,-8.561375272299184,,,,5.877426886853838,4.396069304309223,3.084538594956835,,4.610355359549408,7.360125818291026,,,15.47509219962011,,,-2.378483786292309,,,14.746138008305243,-5.777293154985996,,,0.9212543355956146,,9.047820831443765,8.829260714567821,5.390245741043569,15.809204603661762,12.167390809363177,,1.170978664691282,,-1.1526359725873132,,-5.632979740763232,-1.338981426238447,2024-10,-0.1,2024-10-24T01:30:00+00:00,2024-11-09T01:30:00+00:00,a5633680cad47445c94704a818e25d8b159a280673b18ca3904f6b120b331d59
,,2.4166931060378705,-1.532235930126212,,,,,-0.21867283861074877,-1.765952851362344,,-8.332311618482427,,-2.5039971339955347,,-3.8784391182805127,-3.7167060713652242,,,,-1.7803588703482347,-5.257828558777528,,,-2.015878541066286,,3.2359292319140045,,-0.04791329764840568,,,,,,1.9327396547574964,1.400599685559492,,-0.45055229436867195,,,3.8230233708063484,-0.16152121278149228,-2.231687583591985,,0.17636976891590456,0.8367640996114971,0.36599197839546976,-2.639356706333525,-5.887503792310158,,-3.1368970780082743,,,,,,-2.559667598211786,-13.019698120288398,,5.6009508229380085,,,11.516615863986154,-2.126077704983698,-7.239049642025643,,,,-2.7226188010578736,-4.721509052724851,-2.561274973543273,,-1.7333792035847246,1.833070786664039,,,-2.6607570568615238,,,2.122796765083661,,,-2.9541135048553766,-2.719943619465108,,,-2.455787792131396,,-3.9189117382548044,-9.989815326598622,-2.0088747697843976,-8.903037961794936,-2.8208050055292375,,-1.2980407011960082,,-2.1095937777043887,,-11.488309049932877,12.25110939794139,2024-11,-0.1,2024-11-24T01:30:00+00:00,2024-12-09T01:30:00+00:00,c5e6f1768f19e0fcb57f22c3ac945439d808397a7f4bc09fac8d6b692232a1ca
,,0.9722392188756016,1.407825741586445,,,,,-2.7549685904649226,-5.216984581500855,,-0.21112792337290529,,4.4867371713871975,,-1.193206909495097,-0.27630272012557977,,,,-5.229792349346054,-3.3213170966361907,,,-5.893326664637539,,6.058307119081868,,2.861289524018656,,,,,,-3.707720481328426,1.103518234357453,,3.8275247731144684,,,6.140064412857969,0.20465599366260817,0.5817344304070364,,-5.290129710263315,4.007711336970941,-1.272323838934235,-1.8643283579941883,4.224065810562196,,2.9467510557273298,,,,,,-1.9997255702884895,-5.420053718072872,,-0.3471020492878855,,,-5.718119625648034,0.7744886167255784,-4.924071610316301,,,,-7.943819105251004,-4.758149940783516,-7.277647984275569,,-2.6673390656780374,0.34774004241670814,,,-0.4636063851711224,,,1.2883521880239799,,,-5.613779331262219,4.729578884529257,,,-3.42624968559034,,-1.596298544842343,-4.257450202750116,-1.6164743459192152,-1.0960340368995398,2.9272488980770595,,5.7398300108219145,,-1.2763398740029153,,0.3974527525076193,-1.2847087277531655,2024-12,-0.1,2024-12-24T01:30:00+00:00,2025-01-09T01:30:00+00:00,54a910f9dd089d6f72f61319b709820b3e52972bb5f86ad70e6d1bff1730e5ca
,,0.36533319645691326,-5.573280381245708,,,,,-1.2998705920696854,-4.578845606811929,,-0.8049557168907802,,7.08361421459176,,-2.7692114345593226,-3.234314850044944,,,,-4.568680124892433,5.371997930878447,,,-4.556251353334657,,2.312191755319414,,-4.802546716137819,,,,,,-1.4813279041751135,2.262727986106239,,-0.6526366861273786,,,0.2935263291349847,2.946978704268317,-1.029003453184082,,2.4704780156214308,-3.6218494701085775,-2.0517524829912888,-8.202756218888844,-1.8216462405072888,,2.1865615739625137,,,,,,0.21031306147949358,3.542822394253288,,-3.6398551772602037,,,-6.283127860182209,0.7820558117041674,0.0,,,,-7.6102823651542,0.33830937095453123,-5.647437511486319,,-1.6451704142012544,-1.4234227096903322,,,-3.3579671542328957,,,-0.8204992790354677,,,-6.657128044592252,7.417502849224748,,,-0.9121260863839032,,-1.0863463986595432,-9.485553101267877,0.34828383354490816,-1.3695791980894312,-6.0777385463872475,,1.1667639280766424,,0.13688725728602796,,-2.0124756744139565,-2.047095784487387,2025-01,-0.2,2025-01-24T01:30:00+00:00,2025-02-09T01:30:00+00:00,2e8fabcecc622c89a7610bb10cbc4e4a2681cfca282d393d35667b2aa48c77ae
,,0.3174954493643668,2.12937497266887,,,,,2.6289310350603134,-1.7468234064343693,,-0.009943252446057253,,1.1435775523902825,,1.747581716070103,0.06603787368351295,,,,-1.8558985271100514,1.7194702363245822,,,-1.9319587950102382,,-0.4746695228347561,,-4.186157221708512,,,,,,2.391485907797187,-1.292318643662526,,-6.227174760452314,,,-3.7155976888091398,2.1661773719794737,-0.8416029913937261,,17.45574445312556,1.7325185274020023,0.16535937624212108,2.053916220770058,4.542355943979793,,-2.31386644554431,,,,,,1.0928516929774634,4.280761378466198,,-2.3496155689464304,,,13.089418462193425,0.09289678147356675,-6.180828737187624,,,,-0.9888769443876736,0.6113878602855223,-0.4053651676140399,,1.2583971418259006,-1.9427949005912029,,,0.376137602316373,,,2.003644846656341,,,-6.726131371307637,1.0583050440133406,,,-0.7237483983590732,,0.09605473515226114,-4.3802622658392885,2.3894784816116763,0.2703491538406085,2.8714948559979985,,-2.950213445275856,,0.23202165631300253,,-3.140172162901078,1.5499180140294635,2025-02,-0.1,2025-02-24T01:30:00+00:00,2025-03-09T01:30:00+00:00,928b18ce1afc455233da267af70178c3f3606a0b13c30c3f2ea7bf8d9dc2dd27
,,0.594995328335678,-4.362054853917165,,,,,4.647613009714526,-9.182317144601026,,-2.4314466584226855,,-5.507523875568893,,0.9593800121651661,-0.30327226458119305,,,,-9.08744153263466,-2.4795089519634526,,,-9.680259364571034,,-6.4563714121555495,,0.6095762350613405,,,,,,1.5599166920628909,-1.749029123468862,,-0.5538239688955622,,,30.70405749482226,-2.294981374951392,-0.669139894279356,,-0.4548801424312871,1.4878219867461573,1.6824770161970508,6.181467312908333,-9.373065241324555,,-1.173716378707853,,,,,,3.486372507832405,-6.0794264012639525,,2.680813222114767,,,-3.996037941740824,5.908116700441636,-0.6734032181344068,,,,-5.888065365691992,-1.8334961286246083,-9.579426549694396,,-0.0949985611332745,-0.8369327163255651,,,-1.187153024884726,,,1.72675153283914,,,-9.405010295093483,-5.599409566821482,,,-1.5091992414497915,,-0.878462293749596,-7.028635159501912,2.638136640919474,-2.597548640326079,-0.7085360503960654,,3.6068092667979776,,0.9138101794620588,,7.020103194822125,-5.431646020268709,2025-03,-0.4,2025-03-24T01:30:00+00:00,2025-04-10T01:30:00+00:00,8a5c88ab8e542ff381c5c256664d45510bf9b80f8fbd4c35c949aef34b71e7dc
,,-0.5086406843967428,-7.549685348764029,,,,,0.7803215946479226,-2.4898127234013248,,-2.825363585703411,,-1.5575901547438036,,-2.024026715380268,1.66593196524425,,,,-2.516224032871415,-8.003918860988872,,,-0.7662872745569025,,-5.399902354774784,,-4.808998035042606,,,,,,-4.057016316881314,-1.0001363807347834,,-5.2991129370424686,,,13.086540211400068,-3.4237613899894117,-0.765048644498546,,-7.918646144690952,-2.3969825693546603,-0.5430255616109702,4.424253442687568,-10.389654705202439,,4.461672803156478,,,,,,1.3926439091107963,-11.197722307407837,,-2.444824912005676,,,-13.256353123780118,1.8088694870495674,0.0,,,,0.17821947308939837,-1.7852754103226196,0.05705049123074713,,-3.286663230447501,-3.0189981481181616,,,-2.0229754284579355,,,-2.956688687335866,,,-1.4260284550347333,-1.5729886652743288,,,0.6430890330290331,,-1.2360215355704298,-1.9442418371110608,-3.3899778132977683,-2.6825484731467926,-11.544002832381002,,-2.4920779750992614,,0.12877316668085667,,-0.09876653616333571,-0.5465215344470145,2025-04,-0.4,2025-04-24T01:30:00+00:00,2025-05-10T01:30:00+00:00,bd08d973878342ac4b28ba678406227d4ad797ffc9cbe9555bdd4d0da10fb703
,,0.4498290089147304,-1.7644587213848435,,,,,5.458447531248049,-5.2476726478330855,,0.6119787444061127,,-4.0056364242040265,,-1.5310269036774138,0.3081492296321517,,,,-5.215136222755389,2.718257629708744,,,-6.547541473484503,,-2.832283774453054,,0.11762590179118226,,,,,,-0.058499281725417795,-3.838772105747755,,-3.9493554274071987,,,-10.138545730871314,-3.4860635463901675,-0.7896558006016985,,-4.021553732871579,-0.6434372235526425,1.721227183270405,0.28049780747242575,-8.625355306392688,,-4.239198718193571,,,,,,2.370621859969299,-3.214457871005094,,-6.042207898253641,,,-1.7508555519477953,-0.13136701762522715,-0.33840979842405683,,,,3.8217840451699097,-2.3747627628109615,-5.902775110557568,,0.038048234749157674,-0.6283023142265878,,,-0.7087415628398043,,,-10.954908637081923,,,1.6291909590300933,-4.054457863383043,,,0.2590658438694101,,-0.799629661429933,-0.585383500226223,2.970525374503115,0.2701049083233015,-1.5333149017876275,,-3.9246551665084657,,1.4370717008725093,,-1.7393106220160368,-1.2780212747138184,2025-05,-0.4,2025-05-24T01:30:00+00:00,2025-06-09T01:30:00+00:00,28341421d5458699260725367a7b73f4ad7121934c27658fcc5faa653fba5825
,,0.03172295314424473,2.470056566980009,,,,,0.6451565677319411,-3.509660613159459,,-2.722703385759848,,1.3230111848428012,,-3.088368335173409,-3.444482676148017,,,,-3.5587552080453015,3.7494608084153462,,,-4.016384656938547,,1.7805326794160394,,-1.6755448805711548,,,,,,2.6126225435293375,3.6612344019855394,,-1.9270124878934647,,,3.323879622561486,-0.627610138878146,-1.2327757957318806,,-7.221975407004735,-0.3788407208075379,-0.4911276896254803,-4.395321547756805,4.0815831489605205,,-7.617409186484806,,,,,,2.3866597352157393,-3.681091206662764,,-6.314147971848741,,,4.937461449952112,-0.41242345131650565,-4.152845869658234,,,,-7.941536186645368,-0.46797394559632344,-4.707237048168091,,2.6008556906603904,-1.2414138647064243,,,-3.0889893561792485,,,0.024412075961414526,,,-11.496286046606215,1.3596623890913537,,,2.6391261813168367,,-0.6724909835702276,-8.836714228018556,0.5103392066198438,-2.4608322251268593,-7.432872195412143,,-4.6532399305784455,,1.5107797478495848,,-4.0815404247403935,-6.320469964382336,2025-06,-0.4,2025-06-24T01:30:00+00:00,2025-07-09T01:30:00+00:00,4748fa5f42cdf75d8393bbabd9521d46dc89a837d920f07c9e19dce576c55695
,,0.0,-1.662128020328831,,,,,1.0377199300606026,1.3703015878566436,,0.7920109635317569,,1.697173641629161,,0.8892349980082459,-1.0514510131600656,,,,1.4132240984452153,-3.371007716985279,,,3.97173980598047,,-1.9557582275258907,,-0.8106385251711713,,,,,,1.1015178926650042,0.8278991496764929,,0.015575216476211073,,,6.9236737859765976,-2.572060973784425,-0.5261689122965376,,-1.202516107985473,1.6378968209032594,0.43141328741453033,-1.2874192490486993,-3.1825838814374916,,-0.4384019839820256,,,,,,0.696398312359799,-0.3989795993196386,,-6.117694968395308,,,-5.5357265283096915,-1.4673905352326404,4.152845869658227,,,,-4.796958443442074,1.33336695492846,4.505359519224701,,3.5113351257935626,-0.5172894736766673,,,1.834176034734917,,,3.695953485033517,,,-5.215736993708134,1.7674096585622363,,,6.6947725763302195,,0.24847744671285765,-0.21101316559842556,0.5640336292038516,0.7573913534535552,3.5962066389089067,,1.6750357862509235,,0.12240281941941018,,1.3431179657402255,-1.503725951556335,2025-07,-0.2,2025-07-24T01:30:00+00:00,2025-08-09T01:30:00+00:00,b7ba55fbf6a1794011bee84d775e8e63fb818b756db73d3dd70a238567dd9e38
,,0.0,-3.841412058816297,,,,,-1.119482564790273,8.497417047366293,,3.522104809347277,,-0.8101599344987203,,3.7823924636641104,4.18636874095088,,,,8.487626558178569,-0.23756935650918867,,,9.841495416251371,,3.547540336618777,,0.6258005405879342,,,,,,-0.2726061731799054,-1.5945723697280503,,0.6190089327842576,,,4.1193802207014265,-0.868801703219942,-0.9246630304856507,,4.418911075204524,-1.1729649191238443,-0.10510155631628683,-2.434197266892867,3.581972618485147,,-2.4050499302204176,,,,,,0.32884322281164824,0.9114931462068752,,-3.9951087910529126,,,1.1296282322548818,1.4076599498261055,-6.295785015248125,,,,1.8585071192589324,1.2250311074265063,11.065113339485546,,-1.1607071165579321,-4.19486013341916,,,6.251942823778939,,,0.26819901945104385,,,20.63203236938998,-0.8320286889625171,,,4.1289117244961115,,1.0177438725289598,24.756207866235563,-0.5705681194191861,4.057694152631924,2.6294957342497445,,1.2623713101895222,,-0.2350468082815785,,-4.062945899613034,2.936948865145864,2025-08,0.0,2025-08-24T01:30:00+00:00,2025-09-10T01:30:00+00:00,0bfaa876636ee6eec25e958514d28850a2d4c2ae6961a6059fbf0a391aa98f1a
,,0.28439571921866896,-3.1821943870560663,,,,,-0.9081732582034853,0.8574839899533433,,-3.0619720122856338,,-1.571296594399598,,-1.894886517533804,-0.7018270553342423,,,,0.8823479419891872,0.5681896439491363,,,-2.7239357447801344,,6.152372904662049,,-1.1074489449797562,,,,,,0.8901809782582503,-1.7739704061113033,,-0.11716226291756733,,,-2.3341326922217203,-2.6375078058754324,-2.733471291639332,,0.6488692423285051,0.7542448760980524,-0.4401515604208447,-3.401698260906876,-3.0523336661143126,,2.8934011335356575,,,,,,-0.030570825480524214,1.41288377729085,,0.9910156349728465,,,3.781286332785904,-0.2235200603201137,-3.676884778708916,,,,-0.5166770078757308,-2.5699160854560925,-4.590423748503217,,1.2731126056056394,-3.1959917740205976,,,-1.5903292310366035,,,-5.633763640042499,,,2.6381385347549244,-1.731856200799721,,,1.686598032745226,,-0.6829740613694333,-0.23536448432254004,1.860954701944083,-2.627503238973971,3.024671030398105,,-1.2132652624627103,,-0.2691257523116435,,-5.991366822852891,-3.5514921769619465,2025-09,0.0,2025-09-24T01:30:00+00:00,2025-10-15T01:30:00+00:00,c632c50a2a0df9f1e7fb0e3097411b5578cb0d6c1c2f017917d8e0f268f9c8d4
,,-1.5875515218849932,3.8531238476985465,,,,,3.2498156621670398,-4.730934746760271,,2.5561892743934087,,0.3737345738600468,,0.2393672509347695,-0.836639748767298,,,,-4.720026782356417,-2.5543739604127156,,,-6.716825251440753,,1.893873756593419,,2.62629062876593,,,,,,1.3394637503242564,-0.6074774776209195,,-4.7476485301260825,,,22.631006149559692,0.06939281567183547,-3.246568971104412,,0.7787707529635638,-1.6573795642210287,0.5092742836672812,4.7015098195848655,-0.5911885199329553,,2.4452330416339296,,,,,,-0.3379050789818234,1.96445850742634,,-0.47851221123821697,,,-9.762492765509348,5.423176669324549,-2.5975486403260564,,,,-2.467287386529509,-3.5633408647439038,-9.031510085552666,,1.5218195738367526,-5.700720797287299,,,-0.28892085424583364,,,0.3534821637493029,,,-1.6800905924296865,0.4366144256863806,,,-3.2740850661334675,,-0.15352967673227538,-8.405792700438502,5.828348096255751,1.649917371627109,1.2376807336031885,,2.518528929622539,,0.4820269729303178,,-6.99285644982236,-2.453588176367436,2025-12,0.2,2025-12-24T01:30:00+00:00,2026-01-09T01:30:00+00:00,ac1699fb9907dbaeb14b71ea3a0713b748e0d75ec1f98231589d5a2e71c66066
,,0.3068247411127269,,,,,,0.49914488152698855,,,0.8883682943232798,,-1.8815342492785954,,-0.536452958351444,-0.9528418922208811,,,,-10.380586805978401,3.796221716327535,,,,,-13.809546944596985,,5.355123079644611,,,,,,9.534724305401413,-5.129483992169087,,-0.46720262121416906,,,0.6255132746578966,-0.37728400591087424,2.058634409768762,,1.896171540846558,1.5281611149411032,-0.24629321327749779,2.2917850095883185,2.1354121833972464,,1.0183858264439145,,,,,,-2.4133990432675287,10.51362959936006,,-0.8026441021818231,,,-5.86895452336061,1.7935054944295308,10.798863806409573,,,,-4.767937048487955,,,,3.4594113402432702,,,,-0.0959846498264721,,,-5.8113662588737265,,,-9.159643775028051,,,,-9.909117869110164,,-0.4385485674064409,-1.7531664985274797,10.954351657414632,0.5095772137471563,5.226225901927376,,-0.042685385646557744,,0.6037103286341793,,-9.570343209946316,,2026-01,0.4,2026-01-24T01:30:00+00:00,2026-02-11T01:30:00+00:00,8ed39a7f7c230f680fd34660e5e090b6ca8ac87284cee26856dcaadf47b05912
,,0.29654982259427565,,-1.369820695143847,,,,0.11201586626441513,,0.04647331036978708,-0.42876349741162595,,10.95073763825587,,1.3233007020962357,1.2722742287165487,,,,2.706453331923156,6.470781472513804,,-28.802971716239156,,,-2.2504415263259663,,-1.677041552678735,,,,,44.713615221563884,0.10899559018921173,13.918111603112045,,10.062950526126684,,,40.424817203854474,-3.356385995725289,13.16294023982412,,-6.892281802737658,0.11867856459795897,0.8227443054433766,0.5801591746375564,9.5849739624609,,20.797625226818408,,4.223725300727023,,,,-0.05719701161367531,17.885949125293397,,-2.358686829594754,,,7.404920163299811,3.7681769270995313,-12.45129478725823,,2.5946640101218663,,6.376318310525618,,,,0.4357022414341701,,,,0.7854062319261137,,,16.879143803002698,-1.5539079211912923,,2.8865743401232,,2.618392302223849,,26.170729513392526,,0.2389605738013728,5.632346838628858,-1.2943930123999916,0.31594609618541103,-0.17114602930263526,,23.04220414915864,,0.4684727016247787,,14.5075390477218,,2026-04,1.7,2026-04-24T01:30:00+00:00,2026-05-11T01:30:00+00:00,57ff94c0819e0acdb6b2d8ff2c67cf71c6455a987b4905477944a119a219c68a
,,-0.7645327887804804,,1.205170493296908,,,,-0.1896388810723128,,-2.90558664329571,3.3090094513380124,,-16.19370681839176,,2.3073482455985523,5.4980918871986555,,,,8.16523659687744,-5.5969645529405945,,-2.678102267764207,,,3.277690118859195,,2.69932294095938,,,,,-39.03479202317523,-1.5687324468892798,-11.80151502246607,,-2.6004127823281387,,,1.2994963206801156,-0.04857569229133871,2.5770385647312186,,-3.2200035966238176,-0.3124391717499474,-1.3598986856344475,-0.4734555072455857,-2.374301151486049,,-1.8156450260294392,,-2.7841895395971115,,,,0.2878957051028705,-8.690639646502337,,-3.7231270695740393,,,-15.024262522427195,-0.4977871173861989,5.3776396780804205,,11.405576358553072,,1.1979917683035075,,,,6.700276780909845,,,,4.650965816762501,,,-6.794568341356932,0.41264474153117237,,4.9349311900119375,,3.382670996381091,,-0.04623290798427463,,0.1618713167848183,3.6010437523033034,4.792579229229288,4.080755602244887,5.938857188170441,,-2.865458307176894,,0.012462612179640406,,20.3352968604587,,2026-05,0.5,2026-05-24T01:30:00+00:00,2026-06-10T01:30:00+00:00,5803215e6d738eaeb44f12bcb7e43cb0697460d223fbbc8902f2b93bcb2c861f
,,-0.8646024641705475,,-1.1564590048534897,,,,-0.9470937583764534,,-2.607962440107856,-1.8692405351280166,,-1.7582481189535208,,-1.8373238790991664,-0.9960395625570058,,,,3.8454900832689285,-2.8799657208018106,,-2.458547547261468,,,6.016016132869564,,1.3245443077347219,,,,,-7.249032585377783,-1.0902942080289124,-2.93264054998944,,-5.642538432633445,,,6.128694765253209,-2.8820148599430646,0.9197012378266133,,-4.161497730065257,-1.6868389814188385,-2.886162784033148,-1.107235075588219,-11.898837755673226,,-9.163577071379965,,-3.6708016755229664,,,,-1.5488980604393365,-13.871594482189916,,0.7711624875714491,,,1.9780864747349143,-0.7860870571421583,-0.5249355886143791,,-7.6159149625273965,,15.961493349725433,,,,-2.6171269830355643,,,,-2.1235145109518365,,,-8.794639447512832,-0.5083503460701443,,10.539789432582483,,3.290445756336687,,-15.482010204749496,,0.14681663515518398,16.913206268162412,0.8285502465671382,-2.501922943611838,0.27403127075968936,,1.3381516519737184,,-0.25454513825096725,,0.11959148977304868,,2026-06,-0.3,2026-06-24T01:30:00+00:00,2026-07-09T01:30:00+00:00,48a049a9e5cc100e1547fbb5e052f6e2dd0a6f85ec5e5f905900913d46513291
,,-0.12752075635833685,,-1.4812709514578528,,,,-0.4124077110883322,,-1.4340224613167112,-2.5846620947325247,,-2.550528110002715,,-1.8630013669581151,-1.7188156775239054,,,,-5.573237161533365,-4.564984862990719,,-4.645029764413708,,,7.237738052741598,,-0.5327706442584808,,,,,7.352244449158891,-4.593538012797595,-5.287086972704629,,-5.773874252254198,,,6.169552320094897,-1.3077050167478523,-13.00503907301456,,3.303269528706543,-2.7247902915024143,-1.213547621631863,-2.227129982661249,-0.4194420954966564,,-13.133118217053788,,0.3029988260105228,,,,1.582450604036886,-9.021474013914638,,-2.863739088138797,,,-0.6331207700046575,0.9444925669623325,14.20476576560147,,-1.2450047225797611,,7.34799694954712,,,,-0.005628153804143091,,,,-2.162019773815443,,,-4.147104284069941,-0.8047615593450633,,9.41724393895941,,3.51927848672893,,-8.520699000679878,,-0.24810998686695712,3.9971262138346613,-1.3114572676971892,-2.7819164172529662,-4.404915138095422,,-19.265623217925494,,-0.2840075725906476,,-9.720277615649195,,2026-07,-0.7,2026-07-24T01:30:00+00:00,2026-08-09T01:30:00+00:00,b147abc00f8c068b25a4f48ca6ac06ce851a12bea60ef7ee3ccb9b184222e9f8
,,-0.11341296092706805,,-1.4022790309816704,,,,-2.1214389971213348,,-1.2942214918772545,-1.936748663356701,,8.433748337287945,,-0.8677508383270071,-0.18402178949871736,,,,4.393936904140128,5.411840752811331,,2.5739498201575457,,,-0.5928488731628119,,3.694121218026757,,,,,-2.5069703869967532,3.8396240010813925,9.575195134669697,,6.323703411085699,,,-6.4748727618437645,-0.3262442888064238,5.4304416572185366,,4.982061631651103,-1.266993363212799,-1.641317541837694,-2.991060213169235,3.3818422143733184,,9.641170527386109,,-1.4550969170968615,,,,0.6164773407612355,4.905054078831542,,-2.0162375792377354,,,-0.036508342561687876,0.030275090712485977,-2.3095714794649393,,-4.264199834569284,,8.583673882183184,,,,2.7006356374806724,,,,-1.5343385177320261,,,4.516765488875808,-2.7991187402173674,,-7.713139632711257,,-0.7279020907663699,,-2.135645919911123,,-0.7194097163195502,3.0343895486054198,4.02679176815596,-2.7390149861917923,0.04455453652157135,,4.004842609212635,,-0.13540623934473292,,-2.448122262152017,,2026-08,0.4,2026-08-24T01:30:00+00:00,2026-09-09T01:30:00+00:00,492343a326a75ced5687949bb7a075970396102af2b1be207509876e79b026f9
