price__p_08af219b10a3d0c1,price__p_090787ff4c600967,price__p_09cb91d919e19c81,price__p_12702c2817bc3058,price__p_12f4a9142c235af4,price__p_156a750ae05683cb,price__p_15e2359392c5042c,price__p_175e0c5b4d6a8cd9,price__p_1bee12058e36565f,price__p_212ef5b23dbb70ff,price__p_24e9e14ac94c789e,price__p_29096e2e6c801716,price__p_2929b2190c67fa05,price__p_29a1d693bcd6b5ed,price__p_2b23ed0aa617091c,price__p_2fee73ae064112ed,price__p_31deb9fdc417508e,price__p_369ce465f81b2b58,price__p_3862181ef4e50416,price__p_398b35a78734a78e,price__p_3abb1bdf911a74ba,price__p_44d21f4415cc94bd,price__p_47f8c50648adab37,price__p_4868c8af6ebb3048,price__p_4b78aecc4ad2673a,price__p_4d6f925d5fd37636,price__p_4f0bc051d584c367,price__p_4f513e6f6ede7f06,price__p_57bdf8a55dab3591,price__p_5a70d1f2747b0f36,price__p_5b64eea47fe39565,price__p_679f919cb34f89e9,price__p_6a02652f4a9989e9,price__p_6ad195c852babce1,price__p_6f9697bbf4df888a,price__p_7b4d7b259b6753fa,price__p_7bbab6017e1fb60b,price__p_7c74e703f996c871,price__p_8de345911b7fc78f,price__p_8f5fb68c57941b6a,price__p_8f97282e97de7a9b,price__p_9122726a99818701,price__p_955389fa1088a0da,price__p_96d693419d7e59f7,price__p_9aad75ce6ea05520,price__p_9f31a8386b8c5eb8,price__p_aaab792e0f7a512c,price__p_ab0f14fdeeb99eb0,price__p_b2354c8beb79d919,price__p_b32a1dc815512f2e,price__p_b4735e773b7401fc,price__p_b6a4aa3d34b35ea7,price__p_b74ad31919d3dab3,price__p_b7a55e9cddc1fa47,price__p_b7b1618afb05d922,price__p_b873db1e2ba44465,price__p_ba1176602ebbd96b,price__p_bbc1e9ba2c1b1332,price__p_bc05e8925dafddbd,price__p_bcb6c83c3cb2c0f1,price__p_bd3edefacd71ccb9,price__p_c0cb077ae13a5415,price__p_c2351f7e990ff8ee,price__p_c67eb545eaecb876,price__p_cf6f0c8ecd5041af,price__p_cf91019388b7c9a6,price__p_d03f48cac90afd53,price__p_d513ce0622315a93,price__p_d8a34b15fb6f311c,price__p_dde8e41d5f1a8881,price__p_e0705204f7294fed,price__p_e07286f243955a55,price__p_e9114732b34c7687,price__p_e9a1a6b2d848b28d,price__p_ec63403370289989,price__p_f05785b9d3415065,price__p_f155865bddb5ae03,price__p_f72f3a06539c1241,price__p_f7fd37c9c13f589b,price__p_fcdf70fd9a5b0838,carry__p_08af219b10a3d0c1,carry__p_090787ff4c600967,carry__p_09cb91d919e19c81,carry__p_12702c2817bc3058,carry__p_12f4a9142c235af4,carry__p_156a750ae05683cb,carry__p_15e2359392c5042c,carry__p_175e0c5b4d6a8cd9,carry__p_1bee12058e36565f,carry__p_212ef5b23dbb70ff,carry__p_24e9e14ac94c789e,carry__p_29096e2e6c801716,carry__p_2929b2190c67fa05,carry__p_29a1d693bcd6b5ed,carry__p_2b23ed0aa617091c,carry__p_2fee73ae064112ed,carry__p_31deb9fdc417508e,carry__p_369ce465f81b2b58,carry__p_3862181ef4e50416,carry__p_398b35a78734a78e,carry__p_3abb1bdf911a74ba,carry__p_44d21f4415cc94bd,carry__p_47f8c50648adab37,carry__p_4868c8af6ebb3048,carry__p_4b78aecc4ad2673a,carry__p_4d6f925d5fd37636,carry__p_4f0bc051d584c367,carry__p_4f513e6f6ede7f06,carry__p_57bdf8a55dab3591,carry__p_5a70d1f2747b0f36,carry__p_5b64eea47fe39565,carry__p_679f919cb34f89e9,carry__p_6a02652f4a9989e9,carry__p_6ad195c852babce1,carry__p_6f9697bbf4df888a,carry__p_7b4d7b259b6753fa,carry__p_7bbab6017e1fb60b,carry__p_7c74e703f996c871,carry__p_8de345911b7fc78f,carry__p_8f5fb68c57941b6a,carry__p_8f97282e97de7a9b,carry__p_9122726a99818701,carry__p_955389fa1088a0da,carry__p_96d693419d7e59f7,carry__p_9aad75ce6ea05520,carry__p_9f31a8386b8c5eb8,carry__p_aaab792e0f7a512c,carry__p_ab0f14fdeeb99eb0,carry__p_b2354c8beb79d919,carry__p_b32a1dc815512f2e,carry__p_b4735e773b7401fc,carry__p_b6a4aa3d34b35ea7,carry__p_b74ad31919d3dab3,carry__p_b7a55e9cddc1fa47,carry__p_b7b1618afb05d922,carry__p_b873db1e2ba44465,carry__p_ba1176602ebbd96b,carry__p_bbc1e9ba2c1b1332,carry__p_bc05e8925dafddbd,carry__p_bcb6c83c3cb2c0f1,carry__p_bd3edefacd71ccb9,carry__p_c0cb077ae13a5415,carry__p_c2351f7e990ff8ee,carry__p_c67eb545eaecb876,carry__p_cf6f0c8ecd5041af,carry__p_cf91019388b7c9a6,carry__p_d03f48cac90afd53,carry__p_d513ce0622315a93,carry__p_d8a34b15fb6f311c,carry__p_dde8e41d5f1a8881,carry__p_e0705204f7294fed,carry__p_e07286f243955a55,carry__p_e9114732b34c7687,carry__p_e9a1a6b2d848b28d,carry__p_ec63403370289989,carry__p_f05785b9d3415065,carry__p_f155865bddb5ae03,carry__p_f72f3a06539c1241,carry__p_f7fd37c9c13f589b,carry__p_fcdf70fd9a5b0838,target_month,target_mom_pct,feature_cutoff,actual_published_at,feature_hash
-0.9339287754170413,-2.5712991051543197,,,4.602761346271912,-7.653686297494322,,,-8.809265657596518,7.898810701963095,,-6.235103040705412,-6.481651245355124,-12.35831655323532,,-13.944374942241419,,,-25.469682379890525,,2.444793564250643,,3.232972284060863,,-15.625804272049296,6.9213271379256325,,,10.308404845074573,-33.76648667137591,,,-10.13581559889831,6.336555368739827,5.689443689807873,,-7.847334914618812,,1.3049336977721058,,,,5.0075510811218065,1.6390789857450465,,1.7690630675063008,-3.453099715501466,2.3487702837554867,47.000362924573565,,,-12.236506455684594,-2.391053507304515,-31.506453310306537,-25.562952458066146,-12.59832013832242,3.995914890937116,11.532891085124833,-17.785526978051372,,,-18.093955511069854,6.376711978793641,,,7.983339716062742,,9.84400728132525,-2.438246489214533,-8.840480856197312,1.5007853629772299,,-0.2553897202657148,-4.697463262791269,-22.34894404256103,-7.643647286377255,-1.5088735796194779,,25.743471888437202,-15.489944556877191,0.5425166957877114,-1.873787978547159,,,2.522226077658426,-26.189439484766343,,,-1.8027012919018592,-5.549840412119825,,-3.5506688456909763,-4.680388571012668,-2.6364373219663775,,-28.679785364256443,,,-37.962673983746804,,-4.131367062742618,,-6.035135159970789,,-8.524538370175074,-0.6226343208481473,,,0.9994136828414102,-17.252813467390528,,,-6.407399538154726,-1.2853191929850358,3.9310481189839486,,-3.156490856953062,,-10.259091028693884,,,,2.382973649630964,-7.360169396070767,,-3.301605619984263,-32.18480394877578,1.1859845123362034,6.136894637629202,,,-17.23113623013634,-35.16848021271357,-12.123353302159996,-39.10264870192303,-7.71271347102658,1.883155382523902,-3.1998076026123514,-8.636945977490532,,,-8.706384186567655,2.079471179225462,,,-5.365007198068362,,0.0,-2.7877187711627514,-5.905135108940693,-2.248986229444702,,-5.288444184591254,-4.697463262791269,-12.219375277792295,-1.1929323783112746,-0.04455101820348453,,7.048148945392827,-8.692603280501613,2021-11,1.0,2021-11-15T01:30:00+00:00,2021-12-09T01:30:00+00:00,375a3685808b38a5a2a75ed75844b02e6dd4576dcc9d8f3803c2501a5f9992cb
-2.0261648341322083,-14.521322575978376,,,0.44769965130449935,-5.1373651171715204,,,-1.597868624720571,-7.054984441472199,,-6.649872740464727,-6.98362333067011,-4.566017999743613,,-4.791083371875817,,,-5.077031501808282,,-1.5223278553090105,,-14.155132507074047,,-3.0824528635656496,-6.840716643448758,,,-5.380082814510271,-24.035150154217742,,,0.8801612443900378,-1.9644552914138265,2.29714204787724,,-17.15606925221907,,-11.094604635803774,,,,0.03779935786096964,9.172194371171457,,-10.428486784728385,-45.95260329620456,-0.2653937466697003,4.652001563489291,,,-6.098197626883048,5.67337853834621,-5.452147457581373,-2.5862024100988834,-7.562592492832579,-2.3152418507513093,-12.801477618726379,-4.226120826890777,,,-4.24836773688079,0.5468146561430882,,,-7.197418130484359,,0.31201273362436777,-7.60230833528832,-62.94349845883439,-1.575066120449653,,2.1660800444630035,-45.2938325289026,-10.062073410939067,9.50080466844844,0.7052399609944618,,-22.217807124019384,-11.288965339805843,-0.8691615730601192,-1.0710086624742277,,,-0.5285823679140713,-5.518317958838292,,,-2.238972565790166,-1.7614887238326458,,-0.1049807631700869,0.2710055177325438,-2.6664847423023517,,-5.968048327265841,,,-6.666189969062486,,-0.947854013120523,,-3.161600295785949,,-1.5386989739166606,-2.3951413314414536,,,-0.5549258319751482,-8.553988315814234,,,0.17774674318585273,0.026455201577582285,0.1203412172273337,,-3.7798619605462735,,-3.234424764194579,,,,-0.5634929848089354,-3.3996115415525456,,-4.635992193760834,-8.60339085548479,-0.2653937466697003,-3.352269203864345,,,0.9842006052138881,1.159930297800959,-4.635565985229681,-4.363127256061196,0.6532156613228035,-3.1414922113072286,-7.021280012133728,0.7472521969080773,,,1.1059018965202034,0.0,,,-1.8238031052324424,,1.118884203990494,-0.7286410804674274,-1.7692559530918237,-2.5033348373112467,,-5.400735424843163,-6.581116267018122,-2.433890596999033,6.644451171198343,0.0,,-20.34310751743648,3.6472955425178197,2021-12,-1.2,2021-12-14T01:30:00+00:00,2022-01-12T01:30:00+00:00,ad23b03a8e4287cde2bed021cebbd870e0555a9db6c339b461370a74c4271bf4
-6.640969299112987,4.699127835395099,,,-0.5085592956325973,-34.19517023858386,,,,-3.935755044322965,,-0.7575645891432663,-1.6886323100391551,,,-34.879557230288555,,,-31.200250388713975,,5.348598428837863,,,,9.601499038303622,-1.5578262296616023,,,,-9.909840477295992,,,3.9417765872238735,-0.14492804114403413,0.3636817030415097,,12.630191315957228,,4.081658649018027,,,,-0.8439783712016979,-10.714452071967179,,-10.094232198218243,15.536334981369462,-0.03971709261992646,-15.984870094189613,,,-0.3644304307638151,-1.2817453570222683,-5.522981075982047,-40.116602520727554,,2.5426400719245086,-11.411515273099077,-2.1446674311284895,,,-1.6580867877729346,0.19733304224977027,,,-3.9558447177205323,,-2.20481372217625,-1.3674395082523545,20.089794236689,0.2715222993002793,,1.0431855627456366,,-9.922002839136695,,-0.9677073032715783,,-18.665222124199005,-4.463938491678858,-1.783339107532803,3.082831485204119,,,0.1485007412357886,-8.704908366937257,,,,0.4597537857984426,,-1.519085490595146,-1.1674165243494459,,,-8.996138167210828,,,-8.89858480746548,,1.7778135814729905,,,,4.07541420323432,0.2020837150165363,,,,-5.605331924190518,,,0.9504866135448773,-1.2340757192412062,0.17284869463866653,,6.41631852762318,,9.817157147105071,,,,0.10531859846586406,-4.252929615586036,,-4.2943998192283495,-0.9682591062190681,0.0,-6.453852113757118,,,0.8703766111861919,-0.5267968823465274,-0.7029082361737425,-7.13090277047818,,0.7615125426159285,-3.823533435483214,-1.6036198172441452,,,-1.4055962281136674,0.0,,,0.4465064190991157,,-1.892800988551891,-1.043223389136804,7.206507052392157,0.23473283126615738,,2.0343514289920503,,-3.2789822822990957,,-0.5660689155116145,,6.024645800048024,-4.335450955646785,2022-01,-0.2,2022-01-14T01:30:00+00:00,2022-02-16T01:30:00+00:00,42ecf782effa967ba302eec363feda2847aa45582174b8ad19c5ec18b911d8f7
8.651845983721241,-1.430812469488828,,,1.503510652694117,-3.0230074607533544,,,,-7.064273316081975,,2.4555441556499966,1.5070619773322693,,2.4277427336790343,-3.81600696466441,-5.655436670590694,,-12.110468477061593,-0.43908730016954284,4.650684795102232,,,,-2.436232476065679,1.2101162784937172,-1.1900659884125955,,,40.05957590939821,-0.03424364385830746,-3.038208368812303,-6.99275540517562,0.8719344723403429,-1.357858427612334,,0.5881470378880203,,-10.42940795416885,,,,0.0,8.00857873908366,,-0.04217629754634008,15.859746728171356,3.606723445758576,1.6129381929883497,,,,4.999810063823206,3.1328664131324118,-15.580607664149968,,-0.150003678658384,2.1834506679451415,3.4094433540114646,6.6239435356091505,,3.5264870908989643,3.6002545662281995,,12.282723277295668,-7.115089227843242,,-9.232096395777404,3.319221200736402,9.434612852209664,1.6215566941052109,,-1.5593314332002957,,-2.0284951095092136,,-0.46807351223639254,,-1.740235113640891,-15.87367248459983,1.4307255989267476,0.5928411058298493,,,0.201365693098896,-14.942566046192269,,,,-6.406048530712774,,1.2266727857660253,1.4612892761344949,,1.6157523620852285,-15.31075450018315,-2.657469041081254,,-18.86936945886737,0.5548963901234732,3.706527209357475,,,,-2.9358135529102753,-3.2201196558457332,0.02824950853776962,,,8.084752941280179,-0.25369510350057767,-1.0790580247185573,-12.120195340019881,1.4325736825863764,-2.489963643723396,,0.7227302046141061,,-4.201780168031209,,,,0.0,4.342935996738338,,-1.0282327502842505,9.940859589138306,0.9476337942400637,2.4292692569044703,,,,1.378831713985573,1.684457611045235,-22.436818407747786,,-0.5282161179831314,0.7096989603706902,2.4082081902087937,-0.7100050506074619,,2.4799158014420963,0.4811556997222117,,0.0,-6.595544895403951,,0.228742428790685,1.766283108174636,-0.1804821941508213,0.1632042103450799,,0.9514335456626973,,-2.3251654606017156,,-0.015993176278888303,,-0.12799921434372769,-1.5334151392451374,2022-04,0.6,2022-04-14T01:30:00+00:00,2022-05-11T01:30:00+00:00,ea46b7b0c0d37d51e8663a7bc2159fcaa45b78251d600f07fe93ff1264000ccd
1.439975483450827,3.360476050873161,,,1.6648613624920146,-7.944250358613447,,,,-2.3485479528014253,,-2.6923144965998103,-1.1908953266392863,,-4.181559657383248,-6.910379156914607,3.9491186113781356,,-3.3837814781558597,-0.5442981176319738,-1.7293104804271116,,,,-10.127310843690614,1.0737025192555845,-2.1778069865696366,,,-0.3041827440484777,5.190175153238622,-0.8678250354962505,-5.60981262716657,-0.12151062450737422,4.0805461779387,,3.754440079154474,,2.70710224033813,,,,2.1169269031716365,-7.872020215976148,,-2.8454160526391217,1.8384340019932035,8.279196144692143,17.563256864315797,,,,1.0158438118349131,-4.78470812157371,0.21857932199802255,,-2.180130216100497,-1.4438599086075694,-1.621798559939925,4.870615900059412,,-1.5432312127595411,0.06808492506189777,,8.361274932897388,-2.146268906909486,,2.2297031675781525,0.6511499484288574,2.955880224154443,-1.4269398378267855,,-5.116527469253507,,-8.105388298938857,,0.3910983660979788,,-3.4465908874617606,-0.14190993548867817,2.53184367646352,3.0483990452497034,,,1.4018667264847784,3.3309978881532856,,,,0.763292827117805,,-1.7154856883936496,-0.2734576990351673,,-1.4178833310822512,2.8180384974816217,1.8974205934512076,,7.543257312743965,-0.7575093959380087,-4.722858774180505,,,,-5.047470981154616,1.0126402690932572,0.05330786528292969,,,-1.0283145221757501,2.839116682490399,0.3776828523855101,-4.575550864508339,-0.1344286018284538,-1.1984184933572455,,3.2758946899393475,,3.1797534082729126,,,,-1.3529669960191661,-1.6514632096295148,,-2.061928720273559,-1.8363538864039564,0.22246950221111086,2.0339684237122784,,,,1.4914474897145331,-0.5778968353386864,8.661447283677088,,-0.28878178193957277,-0.07753440977682008,-0.40938123728027975,3.3874287561388488,,-0.568687505046513,0.06808492506189777,,-2.5764884110597635,0.8003884572661337,,0.19361090268664008,-0.7307326876716694,-0.5310023409279522,-2.1273273383604145,,-0.2532790487197904,,-1.9721109886609551,,0.0,,-0.14935746609023737,-0.30803104663798736,2022-05,0.1,2022-05-14T01:30:00+00:00,2022-06-10T01:30:00+00:00,601dee4f913758e88248dc035c17e62ae9dc45a4e5d3d089a4688578d1cd5140
3.234357332889089,8.117995113512212,,,0.33397405936996394,6.741075736964867,,,,3.807655768674039,,-4.395725117066619,-2.9095487069723083,,-4.042895145900356,6.513630416014172,10.567146915066196,,5.296970868723311,-4.052508191247821,-1.2806022204736887,,,,2.698225990693184,2.7553488551662455,0.8744010389182781,,,3.2645912931394565,-0.49575989999805875,1.6664125837713266,1.9432740555764831,-3.008757580908039,-2.4001522815022183,,10.205996043856041,,-1.7895375182115945,,,,8.90489938608944,8.44521766165187,,-9.628721945215148,-4.4124209408007085,6.3011192574184705,5.864872708150768,,,,15.80499811991409,-2.0303996503860047,8.061358936541804,,-4.4893126278663535,-12.720776295300784,-3.346919611913756,4.886232589958775,,-4.621093010673411,1.4670976406667606,,-20.64399821019307,3.952981589307763,,0.9624713374209692,-3.7140774853434233,-11.951880367957084,0.08864938103364006,,5.097341639081349,,-0.31417403815952777,,-0.16742632503707516,,-13.355553077645114,-9.388619048584394,-0.38861226826834366,6.090861979701401,,,0.07531606201988,2.6900824015914253,,,,3.8194205374831767,,-0.5620887882012177,0.16850854367473245,,0.7235936418725574,2.597958895894785,5.542481941582977,,3.02844258561494,-1.625562585759705,2.111946039723736,,,,-0.024198427220321575,1.9405672539739924,2.5515938949505474,,,0.274175010938015,0.20308726781180908,2.823411352618,0.009342738363412689,0.13939143565856116,-1.6372458743353266,,5.665632855588617,,-0.3336413700231665,,,,-0.9816663694475878,4.457201250392229,,-5.485921090266756,-0.7914955987443647,3.204849429118415,0.6349227678658744,,,,3.7074793935538017,2.3777994173146713,3.369666957766642,,-1.561203433493524,-6.0663482675135105,1.2193538197822713,0.09102466141127731,,1.0282702768322745,0.816688843749123,,-3.2149874081390846,4.122460098404717,,0.0,-0.721503851415074,0.11653983979279428,0.5383274198776484,,1.4822417220548814,,0.33037795634244604,,-0.06115638942487223,,-6.0044257009408355,-3.420989708234378,2022-06,0.2,2022-06-14T01:30:00+00:00,2022-07-09T01:30:00+00:00,66ec39400f30d716d08c1ee54bbc6c8445fd541f0ed94e7ea7ed3ab3c720cb30
-0.0855076474554589,-4.379397476182549,,,0.08600609739978131,-2.532902622964435,,,,-0.8664687409990067,,-11.430515222159912,-10.503645149898686,,-12.884767965669472,-2.8302284328593266,-7.758766829622579,,-3.299838568958222,-1.053955117444335,-12.081165380072221,,,,-9.994335526241542,-3.1874155833516102,-5.799005026847401,,,-4.83269184935476,-2.077475075393848,-5.086115260994861,-5.240515450612791,-0.9206349401664444,-2.661248099553201,,-4.829302652472711,,-6.579390538503943,,,,-4.649529161674422,-3.961142250134581,,-10.231193486212085,-2.2010177613943935,3.7687309977830328,34.45767384331519,,,,-5.880204514011993,-22.23313446361565,-3.9651866616340294,,-15.537585866556263,-8.547105321715431,-10.804161797595064,-9.52537090389114,,-12.22727026524815,1.044235532985131,,-3.8874447106433694,-0.8758157226323903,,-1.2853129939090695,-5.0032873941825455,-2.07913628546763,-18.689024573033866,,-2.1991186903469515,,-6.168908852790007,,-0.04522659933162899,,-6.729136596000447,-5.318904566833948,0.0,-0.2907215871761613,,,-0.7849613930622329,0.42720694540163756,,,,-2.0861707542141597,,-0.827476794352938,-1.4700274433018028,,-2.0443838040577123,0.45810809471488534,-4.886585821413964,,0.5355897228724532,-1.3129655124377102,-5.827707871986998,,,,-3.7681685113545624,-1.648319008553826,-1.5289738190052056,,,-3.015522671605992,-0.4632527459628744,-1.2592228219751647,-1.1477080306308953,-1.035203853902698,-0.4229148940877012,,-2.4730470733303513,,-2.1308220936287303,,,,-1.8441230256745735,-2.3904510284177634,,-3.2038161445201654,-0.775459044372589,1.2768082034689374,19.76856186186978,,,,-6.89031411266239,-8.25079576758113,1.3609958456166087,,-4.67675478219375,-2.814422486984113,-0.3818341641124919,-5.749769416638208,,-0.6013476814764244,0.0,,-3.8874447106433694,-2.1059184741116646,,-1.2853129939090695,-1.3295308657243365,-1.3031832717130654,-8.48454647314057,,0.9998190900982186,,-2.154138103785047,,0.0,,0.4698096758413354,-1.1001211061973457,2022-07,-1.3,2022-07-14T01:30:00+00:00,2022-08-10T01:30:00+00:00,db70cabafb86a1349b9d3c9256a65dd58149692c7f16e90b8c619c28b5ef3917
0.5922994915048729,-15.144787606379312,,,-2.4696194643568514,-8.145846270377456,,,,-2.800117655871132,,-5.118627156109055,-6.124728768931291,,-4.843359933676759,-8.323519299200118,-4.951652062715555,,-6.4944688640382084,-4.310164844197261,5.171917256946694,,,,-1.5497918168342146,-1.9088371635801036,-5.645131882211728,,,-70.09137790140242,1.254402655645679,-3.9826591898165025,3.9073974884387574,1.4119547438989986,-0.8577100916571512,,-12.07084151571858,,-4.931182841147377,,,,-0.11224681870378261,-6.727547768634445,,-1.978145229538493,-9.975395312384087,-9.041563559643107,-3.653374333245595,,,,-23.608016709819708,-2.6703526474599486,-5.858332409889728,,-15.410368169473434,-0.12000481459373759,-0.4782215696221926,-19.203104426627036,,-0.6001698485757531,0.0,,-24.816527715966867,-3.0496802002772787,,-3.020635952135626,-7.103088557235994,-32.2814577152321,0.968753250019263,,-5.0443839733381415,,-1.1803734913906099,,-0.05323396452571098,,9.743263817900292,-4.977771767122432,0.0,-7.960057272227609,,,-0.5309714582129769,-3.9298725401243835,,,,1.204400198546957,,3.5346154897357414,2.5333220935793217,,5.100198733438404,-4.056052243091084,0.607177114783438,,-3.4401426717332435,-1.036758873726973,5.259421712817833,,,,1.8427612177390986,3.6896059740799756,0.12842520380579026,,,-33.15912992358545,1.1182555958135598,0.5155095587294644,2.5312345876298346,-0.35749553138583634,0.45439870461255105,,-11.277681284241334,,-1.033989311228703,,,,0.8201529074260243,-3.9821837714124952,,1.6880335478516744,-4.371981123731518,-9.041563559643107,1.4051753455650287,,,,-7.970179470531449,1.9818538321725259,-3.0098031157279417,,-2.7422509783742663,3.246166661769364,4.233057485538802,-3.790912147370365,,4.587124031878347,0.0,,-5.550513480361372,1.1009163817353473,,-1.3620419514306714,0.7746799794589759,-8.738869871477641,4.2507772987247785,,0.7271313786986975,,1.6207010168289036,,0.0,,6.491910666722897,0.22084946452263113,2022-08,-1.2,2022-08-14T01:30:00+00:00,2022-09-09T01:30:00+00:00,6260635378c8052bb87e4abeb02706ca97b699abd5e36068098f6d5ce96d1cf7
2.10369229063678,5.458371830248774,,,-0.41206827991244466,12.384978833862089,,,,4.679618921052577,,-0.8807167340265667,-1.7420946400297077,,-2.064722997695191,12.815750198046397,1.7121040780111352,,15.48647105609153,-0.4785535832653608,1.1629379453216948,,,,0.07548420213476287,6.3477716716320325,0.3203432873882267,,,-59.05527949785275,0.5298950557529958,-1.011320976535913,8.327651217181629,-1.5485948330073642,-0.05506697254614761,,-7.757674161392258,,5.282294043913127,,,,0.7594544046046632,-4.071872689416696,,4.021705996436635,-3.6949547009523362,-2.00200422334423,8.894748601649612,,,,22.775489466445425,-2.7269665571642876,9.156580463563712,,-0.4972834313917059,3.167364746759635,-5.656137865365142,-0.3392744463645755,,-4.1996534250819275,-8.709470685093383,,11.723143964292024,4.645855424798984,,-5.762911283663642,-2.390935293158849,8.40999733279277,1.2592128780021457,,-4.221095363852513,,3.429182423910283,,-0.10655302020382848,,-4.988329529104519,2.2870264751300002,0.9575344789340516,5.1001385064545675,,,0.5397225774107736,8.50192277399356,,,,1.9449459537723484,,-1.1358511627016914,-0.8620137235904638,,-0.9563523660634414,8.650970473830562,2.4102971647949554,,8.72060620871006,-0.507659733600362,-3.0848972392844263,,,,-1.7147244528193675,2.5406555005239637,2.5995233232721673,,,-17.072800553046093,0.928822608674019,1.088209837902185,3.184002938062508,-0.8384302816083106,0.2075833511134336,,-0.1604184264356737,,2.975565161614737,,,,-0.14344420371576924,1.2179386713212026,,0.3377065165592226,-0.4162840611494487,-0.40881747409467206,4.348511193973889,,,,11.231513907838623,-0.18604375124231007,4.404628866766077,,-1.7122561419327185,-1.5010095921153885,-3.558542336777343,2.412006527403995,,-2.6563829629019713,-4.8187902934112525,,-2.9753882718497686,2.0021760386404996,,-1.9185953310168375,-1.1131337531241892,1.9776091527105097,-2.9713094467851677,,-2.48901435796061,,3.262029888915649,,-0.061281858491666716,,-1.5797831912345,-1.8419066293133297,2022-09,-0.1,2022-09-14T01:30:00+00:00,2022-10-14T01:30:00+00:00,4bd5786023184cdca78e470b857ff9b2091e2f15b75c372a7e74094ef1ddc4dc
13.5357011877671,-0.7117921456539511,,,0.698044643463719,14.333976372304269,,,,-5.505343168264562,,0.2411763146666075,-0.843408380233496,,1.256726828660808,14.636648589380592,0.0,,11.516242665214488,-0.7427775148049874,1.800298280605215,,,,0.9648548437073188,-1.1938797555949476,7.198904683166236,,,0.7610691652608932,3.6234487696456603,4.099892603132399,13.618206438827144,1.6937332204100888,0.7070818062306252,,7.500074531725194,,-4.392529459770155,,,,-4.063624489333093,0.3710549977078189,,3.0897389477254285,24.759952120082808,-0.851626503149211,12.014431184206321,,,,7.133166487587491,-1.0791991799541216,12.935305165646152,,-0.20831245304318513,-0.958511137430347,1.5833594882912452,5.207338778667083,,2.2348963557833494,-7.352282066499827,,3.058039114333746,-5.5857420700868925,,-1.279335145990947,-1.1374771467398659,8.65499385520108,2.205868739729626,,5.047784050182959,,16.01089782574198,,0.13317354478535956,,11.900107489862817,0.09901855950720517,5.97071135629622,-0.9137814380460246,,,0.16855377556938064,2.2868190903659347,,,,-0.23017197762756572,,1.101612304858456,0.27558698426441064,,1.1099551566047738,2.3926349953195905,1.1972621218192374,,2.0903996939902636,0.08254474098595632,1.8751796213399317,,,,1.1588392173466808,-0.039537077821311765,4.380211011723688,,,0.31974447704905595,0.7548602475590594,3.3718963212297512,0.9816732768647946,1.6452483709754322,0.7913605794525584,,5.527822845578078,,0.5644723977985406,,,,-2.401630711484187,-0.7199352955607157,,2.0064165140184396,12.375547014922658,0.0,9.079209982953582,,,,-0.9458238240721305,2.694251328218493,2.1521698707889416,,-0.10129015949147872,-1.0515343999523008,1.909303455708171,0.1953476013406391,,1.7989037836073303,0.9608944425157929,,3.913509587896766,-0.1773875717367718,,-1.279335145990947,0.17539196708032467,3.8668689991204293,1.2411944959415913,,0.4519420250863676,,10.320906707513505,,0.13317354478535956,,2.223749448722102,0.9828663922933674,2022-10,0.2,2022-10-14T01:30:00+00:00,2022-11-09T01:30:00+00:00,425b70c1aba44c123ec091d166e8aa23f67eed40bd5f947b7a102f5a881e2957
0.6945520900022776,-15.092008915166202,,,1.2551781036884073,3.10050212341987,,,,-2.658123307823567,,-5.17639612433688,-6.60232130993485,,-7.29834177225446,2.981595428410587,-15.72460003724275,,3.4290788890146486,-1.4215787469443901,-4.569220101808287,,,,-1.7430604059302661,2.300826335626123,-5.112401722772546,,,21.04536372290561,-0.7800764099255043,-6.128380090883279,5.532377975536212,-0.2845103072790978,3.4871632011158957,,-17.20667371260003,,-4.044320322071063,,,,2.556049697953507,-12.255656053310075,,3.0459207484708655,-18.626753247107715,-4.458454650584754,-3.4552381506659726,,,,-2.321642422133989,-8.181186732484413,3.346493075816756,,-4.503039133726549,3.3039854078200306,-5.367607989777245,-0.7596086578613862,,-8.008363642885765,0.20638566828532653,,-5.57919752522718,-2.767704337857615,,-8.907608995385845,-2.5566231857283803,-5.440527847044164,3.569251137704387,,-5.38662859657668,,-10.354434377468273,,0.5574002487485881,,-18.90778012248318,-1.0475589578453912,1.8558141682780793,-4.994963589891308,,,0.3222947257411438,-1.6779017321403384,,,,-0.18450087817214147,,-2.2622452753730227,-3.16552377798072,,-1.945826146009058,-1.790141768323629,-7.646433661050824,,-1.6315246488260104,-1.1826018080627736,-2.578790847511577,,,,-0.9875252414853282,1.0344039580613789,-0.2178165065873085,,,4.496625283259249,-0.6311423153755163,-0.4718750256115312,2.470475076869634,-0.3553461399305339,0.8800456248482059,,-8.00581970550125,,-0.44236248331057987,,,,0.9283806355998472,-4.9247566362971344,,0.660714504398656,-8.53067619415355,-4.458454650584754,-5.324451451881225,,,,-0.21705434878244245,0.10801380303206182,-1.9706331882047643,,-2.48787246689942,1.2578782206860186,-1.3158246997609586,0.7735112291936208,,-2.168506025490762,0.0,,-5.57919752522718,-0.14819377334509004,,-4.135805471141926,-1.7321738297383162,-9.21595925650798,1.832674579554969,,1.4291611455324056,,-0.4832004643899836,,0.12183172839422188,,-10.942621126197809,-1.9689574157623366,2022-11,0.1,2022-11-14T01:30:00+00:00,2022-12-09T01:30:00+00:00,a24e4ee8c32ec4305e7de2ab9c56d0de132c632276cdffb77e80a571728fc9b1
1.5290269817280269,0.13257589432618674,,,4.10143184811597,-14.419458578416059,,,,-6.154771252775456,,3.6547088086857387,1.8705274282688256,,5.3922457944141255,-13.231082265960845,-0.5694223376553881,,-13.761775021220874,-2.447817479948437,4.309198544105378,,,,5.762788735909851,-7.193345421061759,0.9448398247035408,,,-7.936937045429665,-2.017859889244994,-0.4358966597406534,-12.717559635946504,3.4966041699997876,0.6225725146699771,,-6.819082123520212,,-0.6558883628270744,,,,-2.3434574873079734,-8.232346907490797,,0.41377690775055187,0.917312640024762,-5.059406300685939,-15.154989812720093,,,,-0.30051836088315687,1.5687630161673258,-13.482455199262702,,-3.201770331669203,2.66861895049272,1.4995964824877572,8.3241941107456,,2.1398650400450987,0.0,,1.7515650602598611,-6.22215863540038,,-5.936815580156429,-2.609190650132856,4.1865267409462215,1.7642502731484064,,6.005037557505319,,-7.406498167897138,,0.3197634891207587,,6.1357532349594655,-5.068040701891762,-0.29100327815334665,0.9692445780455611,,,0.9308554672257413,2.350565645441229,,,,-3.5705497109706297,,1.952046025141809,1.807187378772836,,2.504221891090504,3.099868201329631,1.4755013943971598,,4.8917140234614385,-0.987541934046189,3.5926983172256945,,,,1.85252258984967,-4.742135465866291,0.2904147320118256,,,-6.668008354780467,-0.018959656616169284,0.019105968125680346,-5.41542757809635,0.9815278502862793,0.0772236589877457,,-2.5720002934948467,,0.0851281229581892,,,,-0.9693637110593255,-5.7754522642868364,,-1.135140796495481,1.4846121759210522,1.000648293617903,-2.2472855852058626,,,,1.1534273643073614,1.2288663158758195,5.76282773271488,,-0.3683916116571718,-0.37548359963083644,0.17641442352494083,0.8529310774934044,,0.43321744250811356,0.0,,5.514297060299113,-3.5796885228164377,,-0.814567873631602,-0.2877818985959157,3.3966018462122305,1.897797893997017,,2.369414414934614,,-5.008283612250683,,0.15314747395482314,,19.416256443762812,-1.5719346150003148,2022-12,-0.5,2022-12-14T01:30:00+00:00,2023-01-12T01:30:00+00:00,025ac71076fa721f8b61cc1f28cd024172a5bdafe88fadc7d551ed4eda7a39ff
-2.1670294075016496,1.7989318790413298,,,-2.51247425901281,-12.57614995784809,,,,-0.4159970173947903,,2.560879146641736,4.753143915551328,,4.301158239208591,-12.521205945355113,5.837500218619349,,-12.268329047422359,-0.052085728156407315,-6.174649260077525,,,,-7.66047530347055,-10.195051438687235,-1.3286757536631706,,,-27.92010457238871,0.08529016092638064,-1.497458483299952,-5.56783805121084,-0.3288948382397565,-1.1365523082710436,,4.493835860032052,,-2.0942373451449336,,,,-4.926590783508305,-1.447996183542693,,-5.337925458928967,0.21674351481577261,0.0,-38.299225225610584,,,,9.303853027650343,2.1288413137784246,-9.21602608695248,,2.6505006437389653,-4.921069958360434,,-0.7673098530909456,,,-10.94842328416884,,3.1985218782627944,-0.27840101623528224,,-3.6455051158554985,3.1852360706993736,5.665787315112403,-1.5966886069305797,,0.10648892424197828,,-3.0678877190884983,,0.07648587362363439,,4.472748800453092,3.413051419799219,-0.5908451554059483,0.7225535512502326,,,-0.45090701452923265,-4.789582736573347,,,,2.8921546664091533,,0.7847328813189052,0.984454646300291,,0.8775158163179184,-4.781949224963468,2.0690106710112954,,-2.3641763057040426,0.11038882514323031,-0.7839093914563268,,,,-4.922815816397106,-1.6599945992285976,-1.371628518214588,,,-12.060695353433097,0.48291579083971126,-1.2475189252413632,-1.4298053892319063,-0.9904652632398812,-0.07180432070994812,,3.9058201332543847,,0.23004736746818477,,,,-2.1703111440502205,-0.9035452537861859,,-2.379859153070853,-2.3184275163530272,0.0,-11.332868530700324,,,,2.049222671734147,0.18102741981414905,-1.4595665847892154,,1.3559413181063562,-1.4767227282213924,,-0.7783871170180919,,,-3.5119817552826027,,-3.7967042512440914,3.035592047920768,,-0.612782595146025,0.33595895485719257,0.5192516748600126,-1.2075151309091525,,1.098773007068334,,2.9517015774933757,,0.0,,-4.6516029784661255,2.7468757510925528,2023-01,-0.4,2023-01-14T01:30:00+00:00,2023-02-10T01:30:00+00:00,a9b5d50820f7b725bcc8f87915c9b456ed7fee3133652c597a76a4b1ec1b54ac
4.390204628712875,0.4180288109310788,,,-0.6116227017436094,-0.7986066901054384,,,,-2.1667658364650197,,3.4153679096477902,4.02270392238189,,3.8656770806694505,-0.8155436090739374,-0.3302687423967335,,-1.7247116770544129,-4.715334316317239,-1.7044491996837108,,,,-2.320788286366811,-1.2216925181413445,0.6582211020717224,,,15.007181625243721,-4.854563818458025,-0.952843715345945,-8.825403328770896,-0.1416215236671372,-2.9620297452351148,,4.89808875506237,,-3.43230220709123,,,,-0.6685873812538868,2.7618103619069556,,4.00206332039344,-23.50991649590275,1.1510918466140272,12.09526104176625,,,,-13.937936250694568,1.5240864709977158,-2.964895807996618,,-1.8812094182242203,1.2545399760864657,,-0.38301523640317053,,,6.311132748192428,,0.0,-2.0527896012301965,,-12.582417033080684,-0.18713176347944804,2.0619287202735608,1.4001247954623197,2.3655575372803415,-2.479631142928435,,0.4424352864283299,,0.33960359605738727,1.5546182516709104,-7.810340881712258,-1.3143797429139212,0.5749210804607895,-0.02584859785750279,,,-0.3152203777871405,-1.2450360029739775,,,,0.7100854978723304,,1.1491595915402315,1.7794781646442164,,1.1956639189061444,-1.251274145969505,1.5388201347619286,,-1.8061034813238255,-2.124249873229014,0.07840331837713078,,,,-0.04757451177186522,-0.0836595479983826,0.06466911197568688,,,7.5576247194638135,-2.061222308527347,-0.3748221426672139,-4.755721826285571,-0.5501395824887383,-1.1031816038999451,,2.511833508103033,,-0.715711687810189,,,,-0.13444878033665444,-0.09129966119518228,,1.5613512851699298,-6.820033569129803,0.0,0.0,,,,-0.0469098167391892,-0.9638628837768745,-0.7028258988159657,,0.6973821587649967,0.6735652119543565,,0.31043300734708673,,,2.434111607775187,,0.0,0.7841851914658607,,-1.5168122503753176,0.1315999551866434,4.167269640056808,0.12202142146915418,0.6504473971184134,-0.8216807414758344,,0.4345875328437767,,0.0,0.22158419087428727,-6.273127396186788,-0.4133186136586378,2023-03,0.0,2023-03-14T01:30:00+00:00,2023-04-11T01:30:00+00:00,a880c736dec2742e9115ba3b87e1ea499c4b0c48c5981abae2f36338cba4b053
-3.908367331313553,2.01251484932254,,,-2.8863030283210933,-5.740900900477338,,,,0.9941573756067924,,-3.1168467236457698,0.38576702313142475,,-1.2627679210539744,-5.72568290954286,5.507726295162071,,-5.392916169735085,-9.682418463553981,-4.386015251800394,,,,0.6204721139657562,-1.4533036329543594,-0.4631860061768421,,,3.142020917914217,-11.253979614653144,-1.525209236594467,-5.85064469583237,-0.09938712098542678,-8.775702703360807,,2.719614727329609,,-8.802014081299687,,,,-3.025734200040108,-7.235032661759893,,0.24956339381474035,2.723350876757633,-0.1431639471437739,-8.58612906063924,,,,-11.551288712184435,-2.5946110069040196,-6.044831198082793,,-1.6942466892331005,2.9062884241780904,,-5.11360004641119,,,4.480157757608293,,-1.9701965149860678,0.5138118935546916,,-14.396592389628108,0.25075638039862025,-10.08356210595367,-0.5405012783191354,-3.505920772317876,-5.478221514358352,,-6.830385403480448,,-0.1051801306537454,-3.6126760125266992,-27.694410337653174,5.113221376635142,-0.7910273002731255,3.048414098054631,,,-1.7025582880605665,-2.1007337076525516,,,,3.7372396396509555,,-1.652782119475132,-1.0105432583126295,,-1.4066610538587199,-2.0761991448429127,5.230227306367812,,-1.227409098446044,0.6653289801841389,-0.9773986593270578,,,,1.3962021275729426,2.0164425607584615,0.8091049839750597,,,-0.8264509849893424,-3.4456630336832514,0.6541133744586161,4.212763510356095,-0.944153273820338,-4.485764822346554,,3.645630826700499,,-0.6066832349086533,,,,0.682200753788981,-0.6211910393496093,,-0.4972660669378377,8.50487927509698,0.0,-3.390155167568134,,,,-3.3023395746580877,0.7482785716257205,-0.8331827095800832,,0.48250916685051654,1.8806384074591898,,-4.443487766678186,,,0.6130673116691566,,-1.9701965149860678,3.2384971146480557,,-3.436764350420777,0.059646892177197305,-4.846763554222072,0.14688991549089678,-2.035218396574725,-0.7413393091681191,,-2.739558266184292,,0.0,-1.8283996207359627,-4.384979257640033,1.7255589537420262,2023-04,-0.5,2023-04-14T01:30:00+00:00,2023-05-11T01:30:00+00:00,c4c208981cfbab180e1cd47ac4da225466f53c90b87925b07ca272fa252846f9
-0.31497658734473405,-6.372960428219045,,,-0.1441215304616692,-7.4822683321727315,,,,0.5208260863407416,,-9.484285156998492,-6.719739002651534,,-9.948303312596906,-7.500491364357926,-6.489091049972719,,-3.14173588895599,2.9111136124114516,-3.8683896463285246,,,,-1.0480350910654475,-0.4407783622746523,-1.4989768638810925,,,-37.940257561394375,-11.71658525330873,-3.312866623350514,9.266924193326254,0.6607225886687651,-3.627924178395281,,-6.354383055216416,,-3.3347136191790185,,,,-5.40126526751307,2.3974527301276787,,-4.930126185630996,0.14007239362702686,-3.7901240201170876,-0.6920442844573795,,,,-11.11559322380505,-4.535505627863543,-3.701535453745339,,7.126223418941424,-1.312723961048191,,-8.47755728794749,,,2.9165088437652,,-18.98390977594868,0.5145178568538215,,-21.357410029805905,-3.0165613095435906,-28.440677993110558,-2.7501916736612517,-9.157995025894774,2.6426205488289667,,-1.7937132875700657,,0.13671260936780974,-9.147256983501583,-2.616714770856104,20.97618919957744,-0.0548932340408768,-2.769716951157665,,,-0.9166101980789589,-0.627199623287179,,,,-2.1471650951019297,,-3.5942816678590734,-2.42451704364543,,-3.153454125353103,-0.6311697555164254,-1.8758451326226693,,-0.23655319394588095,0.3484865081148196,-0.7104932641643815,,,,-1.852507626944793,-3.1663558918660453,-1.3208116769286964,,,-16.19950877962687,-2.111616506505386,-2.0056070973371676,3.726041984928318,-0.1263606975815426,-3.367827725836154,,-3.9273074152065544,,-2.9487006488926455,,,,-0.07722008105722333,-0.40148307390235405,,-1.6876942185699326,-3.326757805964197,-1.3185704711968604,-2.061928720273559,,,,-1.518720779352805,-2.394075221558584,-0.27175688028551004,,4.021525407904703,0.21259013557559714,,-2.8379860684338096,,,0.9215382228072382,,-8.818146455911325,-2.3178591339128314,,-5.942481907122139,-1.0433743169480647,-11.010713744546525,-0.966626020135488,-1.8783142403340187,0.909330985462248,,-4.223484488251807,,0.1182980986814208,-1.8809969459101918,-6.413361259565287,6.183014742604073,2023-05,-0.9,2023-05-14T01:30:00+00:00,2023-06-09T01:30:00+00:00,1c710a639558aba0269dc4376d73e142fddf50879a00b1f1aa665ae5b94d576c
-1.1718942954047267,-3.630900054340868,,,-1.0296531818887034,-23.585507875299573,,,,-0.9368433270073843,,-1.8594230904344982,-4.40269434486602,,-1.6993047145181752,-23.629498011833658,-0.25422155038748956,,-25.386322785399294,-3.266353772848243,-8.714500113892603,,,,0.2186160796699378,-3.1082412729300097,-3.140138954059778,,,-16.1805778311921,-1.27290217979398,-5.397380973522836,-14.450416283448137,-1.3451943318018245,1.6175389680159284,,-7.265390712555095,,-21.03110554319225,,,,-0.07524531342874273,-10.037445504750538,,-8.40877110570839,0.8363389438634883,-6.48520436849899,-0.6968669316093316,,,,-9.065651637816986,-4.1913063700203566,-25.785197733449728,,5.960825534421545,-5.879759905980016,,-7.877186936538629,,,3.095910126300758,,-13.650512684964097,-1.1204004492392303,,-17.1911514214104,-4.49779952830777,-2.5337807784292563,-0.584372867030854,-1.5863036331798614,1.4295620938413678,,-13.244908221199386,,0.5449890342775235,-1.1146776576874418,-12.757275466950196,-9.052240399920555,-0.5992112392647332,0.5795489624748725,,,1.0856809433100305,-13.556588933641134,,,,0.44174200590792534,,2.212224990368462,-0.6163727600835123,,1.6096821539342097,-13.594700628405457,1.5921258346198501,,-14.557875185152078,-2.1893803298726886,-0.9092946459252244,,,,1.113232563385302,-0.47819086398706767,0.5356118006646997,,,-1.9256050695117017,-0.8892688332210454,-0.31752808590959747,-4.8926994758939735,-0.87851603683293,2.7081660864409955,,-1.685514716246413,,-6.3578558138281975,,,,-0.5922938207747815,-1.7420093100126166,,-2.586593457966092,1.5621674640429823,-2.2170793497881918,0.0,,,,-9.857096484261822,0.007043245530450034,-14.696167996586718,,4.728718078019059,-3.9018567521104415,,2.163645958007022,,,0.9410086906567798,,-4.2435516712375945,0.42552297637081066,,-8.66195554618915,-1.0275085071065926,0.0,2.8925296254079695,1.7256279915944466,0.5826267215903496,,-3.529750105872658,,0.07842112544103488,2.124112901000122,-5.340763414788639,-5.34159126917393,2023-06,-0.8,2023-06-14T01:30:00+00:00,2023-07-10T01:30:00+00:00,b8ccb117d0262ab9cf0fca9de301f883f878987a1263c727c5e8d596e93b5a17
0.0,-6.052439009014582,,,4.450374539052344,7.6974450545511015,,,,0.11067349197760062,,2.704958191173608,0.5549061652415158,,1.4637996779858837,7.7140175727968305,-1.4302727863045268,,8.456131693836017,-2.551857638036853,3.3729505433896447,,,,-0.45785064353193217,-3.574769084444296,2.082135835560679,,,1.7983785892460282,0.6521722421224513,0.5818373259350063,10.011358800060693,1.8817830676065734,-0.18282523778262022,,-3.1354063552872393,,-7.173536313789902,,,,4.76133821153591,3.6664063617170415,,-8.156289799004988,-14.034626574823028,-8.658423129759527,-1.4084739881739086,,,,-4.71723338818766,0.05808785511112318,8.576682175742532,,1.529959871023205,-5.636381705598735,,2.252062257969638,,,0.7051040381128516,,0.8566773973851978,0.25018945538599935,,13.337046614007198,0.33798269531495934,3.030534949532884,2.5493759781359215,1.1745533844851326,2.6685358356780666,,0.7169531267725477,,1.5041777376045513,1.4374651801707483,10.272748614122913,-7.461188871580444,0.0,1.6937769405956422,,,1.7884662178434028,2.638137711834773,,,,1.2527444495717375,,1.1090595173639453,0.12304665019942226,,0.4211938322223092,2.65090149627957,0.5669521148979461,,2.845334882636147,-0.8868270667216885,0.24414398439312865,,,,-1.1474470992086439,-0.09794719797057222,0.8637462229560288,,,-1.954048937268331,1.0794839637394107,0.6400656251126242,5.410300008564308,-0.05435192018994283,0.5504898137139113,,2.6179716477518444,,-1.5879533533253098,,,,1.4990264572914251,4.808091821702982,,-2.5927943198364303,-1.309109604687968,-6.815688040784653,2.150620522096346,,,,8.215606912624246,0.15850096657729826,2.9838970775524776,,1.7457851601011154,-1.6281872288340764,,4.186965964662624,,,0.0,,0.8732241004923565,1.381013012621817,,7.9240688881895975,0.17312690676097325,0.0,-0.22777675494281457,0.08633249335657059,2.483903039978725,,4.65361056100341,,0.09785996506033826,0.09979913056272412,0.4699604293640492,-2.7682893548448684,2023-07,-0.2,2023-07-14T01:30:00+00:00,2023-08-09T01:30:00+00:00,e808347e2f98dee903a9801f9bdc48773d9c25cc50a77af265c3074ec014cd45
0.0,15.07953031471807,,,0.5097414213490081,-0.5940056692494546,,,,3.733619424362905,,1.0213792790840106,0.6765063302590099,,3.428590590126295,-0.5553928604303627,4.213936567293239,,-0.737417030690504,-1.2009619710390318,3.1721406303088213,,,,0.7435543014869326,10.507057121486724,2.473955978862554,,,15.096291812238563,1.4430212508576152,3.935968709154874,7.691686957377302,2.980672534633842,1.1203599545079763,,20.220618277539533,,19.696078422607233,,,,2.0410635108360573,5.208507801570518,,-3.746699841104538,1.2565471856065653,-1.9404507110555465,20.453170411961075,,,,12.360217284728133,7.827736256980194,-1.1455233622738636,,4.19450221114168,0.8961578161403386,,9.24482835863657,,,0.014436437593472368,,13.077305340707898,3.6007411024089384,,30.560421211088446,0.10458577519702608,15.201620729862569,1.5599508577131687,-0.2970807273130412,-0.9121631151411732,,9.418179150150003,,0.3314962755052551,-0.37668688597906225,-12.015393312068563,4.816520383158109,0.0,3.159189588344614,,,0.4490065272864819,-3.1969981158862364,,,,1.7940631500874555,,-0.6872712377837888,-0.22936349513040297,,0.34482365073537696,-3.1378325196471435,0.6063951251086479,,-3.3609937815226956,-0.2435605307659146,2.0791109181130425,,,,0.7745879678192047,2.7313887878212104,0.7479086871796908,,,9.827022143280162,0.37867904455085316,1.1629625216337547,2.733762532286494,-0.022249981815021688,1.1418907975236547,,7.166875668270577,,11.699099602967324,,,,-0.0019006167502035494,4.265696354693807,,-1.0531452052341714,1.72349486881672,1.666052562391411,13.601175768285467,,,,5.759749178333654,2.4694646634162405,-4.2371470715378345,,0.20604710537324958,-0.2620546573039775,,1.8972933672840653,,,0.014436437593472368,,7.09721972759032,1.7918675174849332,,-2.5247142635531135,-0.1918118275267556,2.97193279456186,0.8168950225567878,-1.4819858861173418,-0.6786389643806489,,2.8654234111117542,,0.3314962755052551,-1.3261779123673583,-5.192916303368825,2.374163278552417,2023-08,0.2,2023-08-14T01:30:00+00:00,2023-09-09T01:30:00+00:00,22dbb38e771d0b8f08f264e653b71faed091dd3cf7b568d0bfacc193ce9a9461
2.4120879830283286,6.242766670231042,,,2.302184093463758,2.2672676014577817,,,,2.1588888056765216,,-0.9131142159757587,-1.7769811146758328,,-1.3588690052362022,2.2033001918612394,1.9355442952956072,,2.4984688315540358,2.7801327812453827,2.5486887640637694,,,,4.737632257896607,2.3313055148735677,2.640750703834802,,,51.80246077362448,1.7961938017653611,6.286367864852926,7.769370959473743,4.230659316485297,7.729871185520519,,6.02180164610683,,16.63626483478788,,,,0.04180522626208137,19.00852636605842,,-3.626070945441715,5.982019121707024,4.159415881362745,-3.529778208102394,,,,1.3564303883488005,4.539511283515456,2.5060885678517253,,1.7130268024982014,-5.556985115481076,,2.575698748992014,,,3.6276559550621896,,-3.485659914063895,2.2783144418108936,,-16.430343007908345,-1.3509220406603049,0.8527638676815749,0.2795599722229428,0.19455259054913526,7.461405065951896,,6.072023164571491,,2.242553580576737,0.14110345222494985,9.379632284325124,4.865969251421384,2.4120879830283286,4.620841371500528,,,0.2261067142961853,5.083070619842951,,,,0.9842680044683902,,0.7380289463426458,0.10449321744935214,,0.5891552365481559,5.064072204016761,1.690892671522885,,6.4092367889654485,1.3385143585981725,3.9959945714511225,,,,3.027593641433074,1.6012505094821827,1.1211897481543696,,,18.42144459724401,2.6239293164245514,3.2707415754966473,-1.3457623459476746,2.2464822256114436,2.3257634912825775,,4.028294692988508,,8.199222660601079,,,,0.289193504442495,15.381344834462778,,-1.4531299288537394,1.7107241201115029,2.0909308257756787,-1.7804624633506707,,,,0.5018831111942765,2.9590058561329955,6.849410213574616,,1.196420075778963,-1.8686996100617903,,1.589909544505163,,,1.105860137065513,,-1.2883023267469005,1.1561805235383358,,-6.062462181643485,-0.27854870476788696,0.8527638676815749,0.6013962546469529,1.5314818196899895,7.4731752118312205,,3.256521875561072,,0.5635093274286882,1.2070712946676192,5.085098035795606,1.0109766602796773,2023-09,0.4,2023-09-14T01:30:00+00:00,2023-10-13T01:30:00+00:00,71566c23b6e75a854ac088cd0f3bd9f77cd6f319733e128ae4b8b90c3a8c6314
-3.3426670969059873,-5.805281565828359,,,-5.786176377734532,17.86518279049922,,,,-0.13709283535268468,,-2.1828631236210607,-3.7548110495341054,,-2.6996003915313596,17.85084152394901,0.6369448285479928,,18.997040263592247,6.57438638465732,2.2146909349197177,,,,0.6932881793767074,-0.2205019707983281,-2.0598282386037488,,,2.4795989434845622,10.503695886415656,-2.112146928868218,-9.329728928038751,0.4056776021619894,0.295140241787938,,-3.888318847775723,,-0.2677832180249661,,,,-7.591591530690232,-5.736433524969023,,1.8784536519855395,20.300906259436978,1.3990004874430422,-6.813780516721803,,,,7.480187633868166,-6.898953931432486,15.757200362106557,,0.32771346467233825,-1.0316556019149428,,-4.40653589186646,,,2.293678534309823,,9.472740419483415,-0.28037747628742443,,-4.80092191863606,-0.5616104098259203,13.457320496385764,-3.489571766704338,-0.5142234395353418,0.01638353068748843,,-1.6927650395579537,,1.3133654200845222,-0.39816639422589784,7.453899197596366,1.0337351028137503,-1.0285109429840538,-6.259860011084665,,,-2.4295637855922907,3.6694494966397846,,,,-1.8953732089175932,,-1.3506465386385658,-2.0974877039141893,,-1.314375643144397,3.6637027661451027,-2.353049741019416,,4.11024347227435,2.0086661034835656,-0.17342759218541365,,,,-1.111000961542282,-2.0272047716403385,-1.694553553761936,,,-5.477006782764956,3.1904268697271165,-2.3005787990430733,-3.2488733107562036,-0.579802990859769,0.5582204027296848,,-3.154203911870285,,0.5301335853294769,,,,-4.874331314397161,-3.4936109486597635,,0.8524641787026604,-0.7149720804683849,0.0,-2.53178079842899,,,,0.08884940611152349,-2.7800104652058195,2.203078873907277,,1.0173789807409477,-0.5589729478786774,,-2.6267157906574394,,,0.12592959818127855,,3.0605036008793403,-1.9868481121692867,,0.0,-0.18900106643931178,1.491061273575428,-0.8811553453632012,-0.9425242276075859,0.21163202682217291,,-0.7373305293752342,,0.166020381820049,-0.8891908578540688,0.9022000913149699,0.659601920314595,2023-10,0.2,2023-10-14T01:30:00+00:00,2023-11-09T01:30:00+00:00,538fa2189ee47529f1ba69dcf2a275284d47fd1532c8f0e1a86b04916c688d9d
-11.7517989169756,0.7061377689989444,,,-4.82711912823982,-7.995080013245806,,,,-5.380903391467627,,1.9785377568170626,0.5484121418695278,,1.0875806169652693,-7.948531432116726,-6.85711916988883,,-10.943310266289654,-2.2114257653669847,-2.268918232044548,,,,-1.963887407192225,-4.46513693570365,-0.7507948608608035,,,-11.802161373219004,-1.2314302468484906,-1.0980420364087973,-4.75503551608959,-0.28507971445362307,-1.225594361154129,,-0.5367891047368755,,-5.1753555153773725,,,,0.767726737174242,-2.410161730559572,,6.3252189760545345,-20.12772462288264,1.6362857210480062,-5.942342047080077,,,,-12.639357581140894,-0.32541519116776735,-8.411497427245834,,-9.332771039835485,3.090753746307649,,4.016408008520733,,,0.0,,-4.624246108234599,-5.503478898495203,,-3.7582711149042893,-1.2207813120181892,-1.9613311884139801,0.5860869225217057,3.9920736498590537,0.8815214494703336,,-1.2567072536428547,,0.5752179093475267,3.790714327438139,14.419646090385607,-2.713160235381814,-3.4952126436650044,0.04485052774553075,,,-0.7620990658973948,-3.8956456202072913,,,,-1.31158570574629,,2.4319961481425687,2.1673116905810974,,,-3.89178205264009,-1.8353342204928662,,-5.59265259676974,-2.4231869913715003,1.5280738507435037,,,,0.7933264204099337,-1.2119849103753184,0.6653947945394219,,,-0.7488000756883726,-0.043494020257980666,0.6694287343199643,1.045297444897399,0.5860786856638331,-0.21192762658951897,,-3.2501508759125066,,-0.11924637711632563,,,,1.2052653089230532,-0.47132589615976483,,1.295514726212182,-5.669826321835232,0.553470477898073,0.6825965070399891,,,,-7.02633818761668,0.40700505899466877,-3.8607354397896803,,-2.2816803877457654,1.2578782206860186,,2.4795326173635086,,,0.0,,-3.9759382725288948,-1.3863094090768748,,-2.935221201252745,-0.5247050973914742,0.2859543967918837,1.2344315457553996,2.9850592950667454,-1.5331556734671827,,0.868138965290922,,-0.2114789555199161,,0.9409931048207282,-2.4498413264751018,2023-11,-0.3,2023-11-14T01:30:00+00:00,2023-12-09T01:30:00+00:00,0d5e44ac4ecd0f584a047d005cb81fc237080b279bb1c2f723d218603a221467
-2.1734820272234088,-6.945698771326931,,,-2.424645604769481,-1.2926679323579242,,,,-1.0534987470524944,,2.2683117957688483,3.4572341213244893,,3.0649505209388366,-1.267845825977095,1.867374805507636,,-0.6073139035484774,-0.20661875872327934,-3.835729370303077,,,,-3.073903915702201,-1.192571064405872,-2.2966804714547617,,,1.9142732714959365,-7.758188347082543,-2.047399355167551,-7.7606805518589645,-4.985232374181684,-2.364731430773336,,-13.608609749372032,,2.6550492612654137,,,,-0.4668761474951377,-5.7346411954780745,,3.048372449951796,0.6651909228305919,4.27991437379874,-4.879016416943195,,,,-7.859027459322155,-4.476408055411147,1.1223462369849577,,-5.338191521053968,1.5905443814137081,,-2.8441003534602696,,,-1.427372221245358,,9.0440736981979,-0.9945293308064495,,-7.9688160603699405,0.6625591908411426,13.492415839513416,1.6264254861008285,3.186846040366753,-5.103164195123535,,0.8480016896756772,,0.11563112503363551,3.19724849794552,14.962444952788257,-4.233097322819454,-0.24462338460557348,-4.727544796540925,,,-1.8200863304740262,0.46502307818891253,,,,0.3565690063120122,,-0.22618999970360967,0.2582953949457912,,0.337051124536732,0.522361403106109,-0.1520527409022277,,0.0,1.1580463651631154,-1.822081374405737,,,,-1.3232833607677301,0.11051058278973021,-0.5082681251440794,,,1.3076701625334457,-3.965190695077154,-0.522474227587084,-2.56273044766445,-3.780051739943303,-1.1776155524589471,,-6.941367931725755,,0.4055541170653504,,,,-1.1075660646504353,-1.9012936311460664,,2.042113006347629,-1.3778185409890016,0.14805250692274624,-3.5091319811270063,,,,-1.6632400049142033,-1.3611557571542305,-0.08367034374615732,,-0.4388374386241626,0.2141901755955839,,-0.7889022909614676,,,-1.427372221245358,,2.7394170225806262,0.3340981051591694,,-2.8396657927869646,0.14880303852976492,3.526813883745805,0.3071667827367103,0.022731578048241607,-4.529310131445645,,1.827877311914033,,-0.024585126122603072,0.1272921767114464,6.7900605046411515,0.9457650468211398,2023-12,-0.3,2023-12-14T01:30:00+00:00,2024-01-12T01:30:00+00:00,6f576085b61f428426bb574b814842053f977b8a23d96c64d049bed363dae7b9
-0.657235754209754,2.950890460050187,,,-4.974858388010196,-0.8915062591469467,,,,0.7277743722587722,,1.4849094618938459,1.5749907219938786,,1.1732575890880648,-0.9186135949475245,1.5286280647649506,,0.13392587379492785,0.12057948509348121,3.5971510717249813,,,,3.8242135636836054,-2.263617755028616,1.4028224779788694,,,-10.387909166072603,2.3795694575717685,-0.40107185564864906,-3.1378060074575322,1.2001250663278138,-3.7592821591179773,,7.994917911711538,,-2.9438164269850917,,,,-3.9558360831359733,4.013939346337103,,-2.1635459295878197,-5.735342797909169,0.02832549155797922,-0.7168489478612516,,,,-14.23270743787384,-0.9766628951721184,-0.587660848898493,,1.5328914406006449,-0.5901304679861507,,,,,-5.617793873815784,,0.0,0.8522570963797922,,-3.2789822822990837,0.44943895878394885,-0.5679464002522255,-0.3390417516228324,-0.20477046326996545,4.353393529684256,,-2.340886865017005,,0.2210488435390976,-0.2788128233273943,-5.536796355335637,2.1118426044559224,-0.8527483930988767,-1.5153424499551058,,,-1.2034138158848364,-1.1735086617646622,,,,0.9168382348788515,,-0.2631112628988853,0.27873560187010404,,-0.09287775023624527,-1.1734719680021795,0.5642210151089043,,-1.3414909012388379,-1.1025621022745418,0.05996611397076294,,,,0.28895382062190067,-0.510343969984291,-0.6415292528956115,,,-9.293458700523217,-0.19534076177453538,-1.3089595456743162,-2.5794515706900936,1.616237997837599,-1.784857287740819,,1.9471913485404162,,-1.4277046166695968,,,,-1.8431468915738232,0.23687665335696279,,-1.507414735837865,-0.41520755122099473,0.0,-3.533936644530885,,,,-5.006465632806243,-2.242931345440728,-1.1580178238797225,,0.7849230439796543,0.08074283846010674,,,,,-3.9606657757479047,,-4.232719517667963,0.998216921117261,,0.0,0.2681112850386194,-2.5287935390898526,-0.8860837648106089,0.032903479206975256,0.055329778572811086,,-1.9177849010679957,,0.0,-0.21158431590923002,-3.768076410950999,0.6130135866699812,2024-01,-0.2,2024-01-14T01:30:00+00:00,2024-02-08T01:30:00+00:00,90ff41d46bee8b7ddd23a06d349feeb04759e6f8aa1a05d1b9394da24a627a1e
-0.7185971576223603,3.571955212938363,,,-5.481175235415671,-2.650049391542691,,,,1.1563189547328592,,-0.7337209532484154,1.1168959887030048,,-0.9286167059706282,-2.6531946652603944,1.537980106827485,,-3.013689849545468,-1.2786258502565995,-3.4926691744202607,,,,-2.381495512850884,-0.5495163251786551,-0.03893938890026006,,,-15.519004590757362,-0.9910545199223566,-1.3892035662847346,-11.309469636637239,1.1446512074285164,-3.1395201046524677,-4.94689932154402,10.56579737454713,,-1.8112426885473136,,,,-5.2102615391291955,1.568527641373329,,-2.647122862746206,2.440398529659581,-0.526906518067506,8.94065877155845,,,,-3.873741122516509,-0.25451152853769066,-2.861201511024216,,3.025544309314336,-0.0807428384601044,,,,,-3.9985969390808536,,-4.41982758996331,1.242224319577873,,-2.312241742085426,2.2195148359476953,-5.556416123819642,0.1842685809806579,-1.0429745278144429,-2.833538706367972,,2.6486248141802933,,-0.024536866765233423,-0.8289977507243437,-16.989109521367258,1.0833173762043216,0.0,-1.119472512794261,,,0.12313106217074693,-0.3546472894143901,,,,0.8803044267541807,,0.10525813133915507,0.38949620432937715,,-0.5586950455072374,-0.36297680505786123,0.5673019115586052,,-0.41293933420111784,0.3178542294325609,-2.0835327190613504,,,,-0.5554835074278427,0.2209165664252319,-0.9906586856286755,,,-3.8818168364738357,-0.17157371582472472,-0.7750656874328186,-0.8599561595677738,-1.4155585274242801,0.4483086618377109,0.16055663069097306,2.3600314852096975,,3.5344480053987604,,,,-0.8363770276847334,1.3495437214814807,,-0.12468829545632637,-0.24079601014632734,-0.08853755519076495,1.3245226750020502,,,,0.0,-0.4678722153510008,-0.5472363887007373,,0.15716928664915086,0.2156335067345987,,,,,-3.9985969390808536,,0.0,0.9601177380730623,,-1.0181906145119413,0.4267219345109239,0.0,0.3445250255347964,-0.37010137067894955,-1.8360359161305142,,0.3246277013463339,,0.01717938968307029,-0.3150066817666786,-4.812436503458661,0.2929546551008748,2024-02,-0.2,2024-02-14T01:30:00+00:00,2024-03-09T01:30:00+00:00,2b07a535df29411e6b1d3c2f062928554a82db30943477cba0753e8628d50ff0
0.0,5.294477955618068,,,2.6626610967915116,1.5861007362657085,,,,0.0214265818993683,,-1.8435925851023889,-1.6113285220855464,,-2.332190596867895,1.6068553633599376,2.2400936689166713,,1.9003242165217722,0.2577321014300541,0.024058703351940117,,,,0.8189188547192389,0.33631880279377135,0.4905005888287532,,,26.502049418527317,2.2749860676232085,0.928276707918785,-2.507604733293431,-1.2312994746666435,1.7662572128608196,3.25310348120576,2.080649142247813,,-1.275334582076515,,,,-0.22646511242773665,5.832637441670732,,-0.2811184109656909,1.009982073492856,-1.7423377769843051,-6.103589058636901,,,,10.032272162786905,0.8809543028428118,2.354728847063383,,0.18779348242001143,-0.377664328033518,,,,,3.388466919463147,,-9.472740419483424,-0.026576601673521646,,-0.3906254967065099,-0.4074802698337589,-5.038511964548302,0.27323194467922063,-3.693416650634302,4.073126419396596,,0.403260228912938,,0.26223255680581975,-4.109607505006629,-16.916828906371563,-1.1819367135857926,0.0,0.7562719478979116,,,0.9243203316378599,-1.7131039930183785,,,,-0.08887128704123151,,-0.682033201710115,-0.9135160374458738,,-1.404834583240944,-1.6987829233619487,0.08991382809151473,,-1.852807756104235,0.06959184664453069,1.5129512328088892,,,,1.0845232605308568,0.9965947434854839,0.2923109793665606,,,15.60722456207273,0.7836040197571661,0.1532110204859592,-0.297766969392428,0.34353622214725943,-0.719145824237085,0.5927289294081554,-0.8614094389638116,,2.4486430256073364,,,,0.5108654169474585,0.6605619120054117,,0.0,0.8451642865785773,-1.1394675667225538,4.286370443178253,,,,1.770120047734191,0.5223505285992901,-1.9415373474123971,,-1.2330612457478674,0.08111396956839372,,,,,2.359315601480744,,-2.7972138952428542,-0.12396375648047991,,-0.3906254967065099,-0.35636967818085014,-2.9107721198198164,0.18753989630479234,-2.3521858511826315,0.18792944315304583,,1.0832332849240405,,0.18618785848520744,-2.7239717676459185,1.2238819383646642,-2.041186156559307,2024-03,-0.1,2024-03-14T01:30:00+00:00,2024-04-11T01:30:00+00:00,567392710a3cf3634a2ce246b795e23cb485d57aaf539a1592f930923eae5ab9
3.2150719860999524,5.028201852164033,,,-1.322468605033529,-11.751309369226613,,,,3.0779449286068985,,-5.633069998691304,-6.207798887242135,,-5.590049506155816,-11.745777951430638,-1.870550783290618,,-12.123386481411634,-5.102055321814323,3.1106051399407817,,,,4.383937922719625,3.0073406517295265,1.191894873748191,,,24.789575434799445,4.043114364906124,1.8922675300562033,2.301758633436458,2.909636278101195,-2.463276730381768,-8.274601033471944,3.618292299504638,,-0.8593496252081408,,,,1.5856380674537627,3.407592783006884,,-3.8582818434306727,4.025406541068602,-1.652071783654395,6.759329113252825,,,,-9.481030476267382,-1.5806552573050816,-12.498450352780967,,1.1768522424561092,-4.731827495704583,,,,,3.441916554852139,,-17.82264211026459,3.3938467846445137,,1.0012331217439956,-3.078234750920565,-22.482765027632944,7.43076127289049,-7.682625930472746,5.995540352261513,,-0.15523067453913575,,-0.06610599234455322,-7.365484239041561,-1.3153267730238936,-15.612598911151288,1.643726435378708,2.790967231196052,,,-0.4974381431944701,-3.2323287399825533,,,,2.018786821053657,,-1.4935193093776886,-2.1975501193992386,,-1.4007391778242353,-3.2278283669254457,1.7197171783138505,,-2.6993486583721045,-1.2477199390924458,2.0610445436681384,,,,2.569920262109035,1.258070041264709,0.8183518900004452,,,4.1719064341781875,-0.04673914004486761,0.8263130788616599,-3.8857214937610793,0.7674975670354434,-0.0915097338699063,-2.7134253868651013,1.755346335533743,,0.16403147267700263,,,,-0.7571791766081976,-0.043798276235834474,,-1.6763771039667112,-4.390603705721661,-0.8764983371294756,0.6557400546159261,,,,0.26020831335213357,-1.0036257020411847,-2.836175605425232,,1.1714054380646313,-2.2416180967518504,,,,,0.5264480554019733,,-5.767613423304275,2.233296432250574,,1.5337640137288353,-1.0417331994242263,-2.54009715254414,3.0256754586679273,-1.493053173739245,-0.03477958473456006,,-0.18038052586840714,,0.026944604506005616,-1.5905713179972691,-2.40787942179302,-4.2288047367102175,2024-04,-0.2,2024-04-14T01:30:00+00:00,2024-05-11T01:30:00+00:00,aae44c37449b7646317f2dd732c32bcbd5f4f85b7e87488e6a9ce00c21378fc5
0.0954478358081943,-1.4929800103867361,,,-1.732099464229206,2.817087696669644,,,,-1.0252859211275425,,2.5841362642506778,1.9392478646109557,,2.177503258682114,2.8018426322297008,-3.3254231097804885,,4.30860961733222,-4.0449917380102605,7.622509766152184,,,,3.1590678709117817,-3.00734065172952,2.3455069100522055,,,-6.180006039883083,3.569149721504692,0.4668629247211591,1.8693223266099932,6.017767310178277,-5.378853629538956,7.3210570539786355,0.901566676041123,,5.524907069095487,,,,1.3496666169343083,-1.870684314993848,,-2.4018262642204387,-4.959285110127332,-2.0232095076985352,-1.9802627296179753,,,,11.728316061473238,1.589425725390584,4.316541884238666,,-3.9020237992989197,1.658039950341678,,,,,-2.2253565384832887,,17.82264211026458,-1.1033778077641105,,2.649508512502304,-0.9502679741128333,9.078373078829323,7.524102686160794,6.25559548761998,-2.4985615769024467,,7.031598006157061,,-0.24030810220654367,5.7132705246849955,8.919239370833537,-1.9155777724950074,-0.5730674708984983,-1.5772966085752607,,,-0.16751899526756617,1.9991579019576753,,,,-2.3461182490520454,,0.5917996596796449,0.08454060373631238,,-0.18020611048117463,2.000186450296389,-1.1836339998172425,,3.2173632059211146,-1.359071476279183,2.693691827112882,,,,0.4759037318559049,-2.494587187686761,0.5133565732964014,,,-3.3060862260888064,0.6507767495572153,-0.15469747834304717,3.717265583991506,3.6641172660057832,-0.4164905175962095,2.4869006511118257,-0.40579073943791155,,0.7685675543125948,,,,1.305487247980694,0.192342701814066,,-2.0761991448429242,-0.02535496970986543,-0.9505838189238845,0.6688988150796489,,,,-0.88496152769825,1.3757998808816585,3.3147047699847088,,-1.4944860973815743,1.9418085857101732,,,,,-1.9624789448260256,,8.126059838790725,-2.45064706585918,,0.16201797071331514,0.8381154695424985,2.564243061333765,0.9553613868104004,0.965511685653531,0.17699909428189584,,2.300043992520756,,-0.17415838093071112,1.0051114912094654,2.8289762853321623,-0.41650838965098697,2024-05,0.2,2024-05-14T01:30:00+00:00,2024-06-12T01:30:00+00:00,2cb59fb635c014597fa31c9944b0863430f51344f8752befbfbb7489ec74faf1
-2.3256862164267234,1.8993346588064879,,,2.8832471433435245,4.400181880621255,,,,-1.6421564212745214,,-1.553674977485681,-1.3249665399940458,,,4.396184834759226,4.5610511252052275,,3.6956611500214143,-0.6884445457556642,4.528565626391036,,,,3.056167125043917,0.3818731991276866,1.6958498019925061,,,-4.2925044717033884,-0.904743149308825,1.7276752506443918,-1.7839918128330894,7.950837691008861,-4.841538415511535,4.408814686317441,5.818423333635898,,-1.8185921167428323,,,,-1.0518339551013878,7.7138669091761365,,10.815381356343902,4.74186746197461,1.675702355377814,21.511137961694548,,,,16.7395906577279,5.263159021916663,4.005635632344775,,-1.8365493440525138,7.720874983197007,,,,,-8.580291762806135,,-5.095605314837818,-1.6545718892448016,,-1.789501398570249,0.22675746677805605,-1.2739025777429713,1.3312210868899232,-1.9267162135036136,7.593099330519223,,-4.404447659264841,,0.10796487283215518,,0.053447976639801456,-1.075660489650943,-0.611070332929686,-0.8756677633139781,,,0.4855734354362624,-0.032280626524453904,,-2.724893858976417,,-0.12900269922691737,,-1.5762701597868543,-1.4912771697536105,,,-0.04538234704619571,3.4011375408700486,,-0.17932629373327416,-0.07289329129037916,-1.5442676682550238,,,,0.6109491058658311,0.45086969345833466,-0.11372448886586609,,,-0.8433784929769693,-1.0166799788817686,-0.305165318146247,-2.2480698958556276,1.8404567090322015,-3.06364449612864,0.7865162078029203,2.738703427453544,,-1.3048974122275723,,,,-1.6299958855644707,5.751896003631136,,7.668612375902109,1.0820116504038721,0.900594933559516,10.178269430994238,,,,7.946643264913204,-1.725659821249639,-0.3523198007316905,,-1.9347671343398538,7.2204569247394215,,,-1.4969672245305925,,-8.125814386084368,,-0.03136107071489891,-0.11768265539209835,,-0.6986677221564286,-0.432080972684997,-0.3225561509473801,-3.649111679097815,-2.709562034578463,1.1993118402966796,,-2.3683615867591823,,0.07850834554370813,,0.13716307117383858,0.1486635423800721,2024-06,0.1,2024-06-14T01:30:00+00:00,2024-07-10T01:30:00+00:00,f37076cea3bdec29e73f315fd599a77be89d6d240c90ca19b44ad1cdb3382c31
-0.9361327878893433,-0.6315470953858587,,,2.4642425643985737,-3.716514325614385,,-3.517361417826715,,0.38650991764514786,,-3.4901896204879637,-3.600922656633131,,,-3.7107649922870323,2.0489290452471414,,-4.148995259732461,0.8712321061689207,0.7275632495999179,,,,-4.290947704983303,0.4940069792822154,-0.23359791523832368,,,15.38913773494667,-2.310378330776836,0.36997413441334664,-4.956104946045523,3.685904818880724,0.4169118179820787,-2.293040405535415,-4.185996846340494,,-0.873438142877348,,,,0.16288082488172648,6.063162542679608,,0.6256537614305138,1.7737761312778983,0.4358304868706103,-1.081091610421573,,,,-14.038619733212194,-3.7417803070761284,-4.6197938655711335,,-2.1598337261805174,-1.8487702714870706,,,-1.807085421910217,,-0.12128564252092934,,0.0,0.4359410642992642,,-3.190981572614381,-1.64108772950588,0.0,-2.462347835687215,-3.971363198370357,-1.6947203768736165,,-3.4069389090984252,,0.0980488361715087,,2.305710006210576,-5.289269127711914,-0.23130173824755573,1.5801041990743767,,,0.3099738585500923,-1.8590775546002498,,0.02712452887760937,,0.5359772014662592,,0.04754483831869796,-0.5365683313902326,,,-1.8668142181010836,0.4691173575880239,,-2.2202577151493426,-0.08366610109653355,2.394695400339672,,,,0.22651298533404093,0.2919710103334846,-0.23014969882792746,,,7.538551943703153,-1.7531598262084729,0.288072450850706,-0.351711095904839,3.006762452219167,0.21026250114350367,-0.3065266992003002,-5.366433689588441,,0.17964741466438763,,,,0.6199210207855396,0.47705033416885967,,-0.38535693159899664,1.6650082191709943,0.18000037587361573,4.445176257083359,,,,-2.4950029685553967,-0.27430126488092205,-2.5995231338191873,,0.2566580146489397,-0.07881256154697187,,,-0.1880911990470252,,0.4786659409756724,,1.3155314957610367,0.5625770249082857,,-0.5438826756861982,-0.2952746958318733,0.0,1.3496678298397655,-0.07990868005116829,-1.0091803192094342,,0.08466684105810801,,0.07107582128314287,,1.5973245173700765,-3.3270688228334295,2024-07,-0.2,2024-07-14T01:30:00+00:00,2024-08-09T01:30:00+00:00,07a76075a6c5183feb48192ea64c77d6db543ecb4b696edaea963c40df172cd1
-0.048700817592094284,-1.2582745755425075,,,-3.199967083440697,0.6790252616437507,,-6.8640362568893,,-0.7852298404188366,,-4.350154342104906,-6.927344485776726,,,0.6222503200612541,-4.350369418900417,,0.8118764232934955,-0.7829996270584496,-8.653288133503418,,,,-6.801943974604613,-1.808089765048269,-3.094628508817492,,,22.023476056597797,-2.0382375089997757,-1.5000183343396756,-8.383589842065435,-4.7762746232901945,-0.3763586725299125,-7.0889034308036365,-4.80060963858109,,2.6115094229591915,,,,-1.8960649720422944,-5.272087611532368,,-2.953801243686387,-1.4719346705971068,0.5835863005006378,10.807422152942271,,,,1.3918946253280255,-3.0805130187081886,0.7823925774096362,,-4.866362594913802,-3.639684594050426,,,-7.57084975835705,,4.1180731348437245,,-4.583567469691687,-0.7213737323691654,,-0.4472057142592004,-1.3888322882537008,-7.212965418167499,-9.211981654568344,-8.161182099423728,-0.9621651335392827,,-1.5522699740508774,,-0.23547891571882956,,8.479542922012921,-9.02172941341324,0.0,1.1929839204132673,,,-1.376670182050406,-0.16626950568856166,,-1.7478381572357018,,-0.29198037845070424,,-1.5463449743167321,-2.4575879129998994,,,-0.28050509276086094,-1.3812964368644445,,-0.3176286418420707,0.18038422883550476,-2.2947349069783183,,,,-1.2015471192721905,-0.47699635722307154,-0.4363350097310609,,,7.2476728688799685,0.027874564640430106,0.003946096324727748,-2.6859269050268413,-4.744331337806252,-0.06485084533377487,-0.8522714122546328,0.6049297073733118,,0.8920172819569472,,,,-1.072342542715925,-3.652670138130951,,-2.178603563254607,-0.7925113525513117,-0.3213088787384159,5.515182007508006,,,,-0.12790451541202721,-0.6552509926611846,-0.22895530111524554,,-2.675390550984507,-0.8413674277033791,,,-2.6989603836338345,,1.6104681690444327,,-3.6011845330309935,-0.14116507626891447,,0.04981320152816992,-0.5000181656517204,-4.946447214381347,-2.896061258157157,-1.9631930161988835,1.146633516387535,,-0.8004665731906211,,0.0,,3.4350433148298767,-1.4430854200712464,2024-08,-0.7,2024-08-14T01:30:00+00:00,2024-09-09T01:30:00+00:00,d566e1c9e8464dd6582a6b219fef10c29e6d4c4795194c52bf352c456dfc3b6c
0.42325972691784525,-0.9280661249535931,,,-2.006435347249384,-1.171692252994983,,-2.4673005509019252,,-3.6296637516648738,,-6.453852113757118,-7.991298074853133,,,-1.1062840848756477,-4.328873074060889,,-1.2001744274089696,-0.08823247911046288,4.214895684293274,,,,2.1303447558543955,-2.8756145303023715,-1.0668073961201092,,,-6.135314347013734,1.4469535739219779,-0.8360954536934454,3.6724075326730983,-9.338250920766543,-0.9450942107572713,-8.011136620038044,0.45277076398583327,,-1.0110271341500359,,,,-0.771770230754468,5.440690617831405,,-1.231163596593535,4.881886722200358,-1.519845829348658,-3.474294844387286,,,,-4.717031642191348,-4.9822230505791225,-1.2300278081651677,,-2.744748940080513,-0.875997936829297,,,-10.185315143163235,,2.8232412020158852,,-16.079485768901737,-3.7764098778049022,,-0.028290854074392812,-4.709894933371871,-11.019190261227958,0.5510127200108241,-2.2936929092410856,5.559259753997639,,-0.7419583687881209,,-0.5022414417716632,,9.360985413155905,-10.068627811020018,0.42325972691784525,-0.7323392547736651,,,0.04406839486089419,0.7096622292371755,,-0.9482395405567233,,-1.9043375030560261,,-2.7079274226188983,-1.5647347088847896,,,0.7364328329408953,-1.1490412460289903,,0.8893738720073071,-0.20320145015540286,-2.4452131208222054,,,,-1.8407488643837944,-1.5094170532108366,-0.1332253325145373,,,-5.634687519199319,0.2831831659010196,-0.8702884339447804,4.441642094988661,-3.259442324794213,-0.20852506789390507,-3.4170945780224,0.234340322365,,-0.5758800039998117,,,,1.3736854626546964,1.7531905765371745,,0.18598889428372117,2.68792725425454,-1.3897306590821874,0.5063301956546855,,,,-2.630569195921771,-3.2752370340823305,1.1827090866028185,,-1.248055293135731,0.9114826258760607,,,-3.4537351054235574,,0.6333315408412986,,-3.604391815046326,-2.0229067397357605,,0.3709112728793481,-0.6790872800986706,0.0,-1.9468949252666616,-0.8867348530176891,0.3122427039174295,,-1.0680549419795948,,-0.4039613355808485,,6.777128325697951,-4.071279838568973,2024-09,-0.6,2024-09-14T01:30:00+00:00,2024-10-13T01:30:00+00:00,5bf8e88df21612efcdee543b8df3959041ec5c83d6ed95ccc90eecf147a332ae
-15.459443924593796,-2.995188979565374,,,-7.542721342534082,3.1053934629088973,,15.303142361142585,,-5.939599387123624,,12.964402901439778,16.659996677933627,,,3.1452796551805857,1.1759508165800903,,3.506356297961815,-0.2613174955647717,8.079945249417522,,,,6.0170826265772455,-3.714151996712482,3.390035064687985,,,-8.829941452078854,0.921650685716445,2.0662326054238247,0.06153547390262958,-2.141155212770326,-0.9665089940321167,-3.5482790710585617,-8.135238375011273,,-1.962124415197132,,,,-6.796566162571915,7.2490210008909,,4.806728501367,3.4196188709861275,-1.7311837902773162,-10.088122485378031,,,,5.862325179041579,4.491084857449483,5.697791075156648,,5.196256823298108,6.879121977543681,,,16.924334680381172,,-2.1721594476334047,,12.82549306680743,-6.304511520797766,,1.6093514567386304,9.47014474215841,8.829260714567821,6.7748055762708415,18.224759503215168,17.23022604292853,,1.8021598179374432,,-0.9647533379793389,,-5.882783810870513,-3.4560675065467326,-6.309012610221056,2.4165116864042933,,,-0.03325178758993643,-0.07614075529649564,,9.71027463772119,,-0.6309391579583463,,11.203013610069078,12.243337492584667,,,-0.0687836780529604,6.783274512588087,,-0.07769002074047772,0.3739475049043709,3.3582177760335723,,,,2.6007040144093896,0.9005832171829817,3.424870945997676,,,-1.0098667213313588,1.0073301044580192,3.2161612342734744,-0.5875343756591767,0.6994098755757049,0.3767886369803561,2.2445998725547662,-4.289069244040824,,1.4413084471636988,,,,-4.458735030445075,2.1829173046554637,,4.868686371998319,4.574366113463321,-0.34194944312577796,-0.5571045049455472,,,,3.5633733565716934,4.26849467735073,0.0,,0.7808769079850835,4.300610279519143,,,11.656337457092869,,-2.654644254783693,,10.54421860049393,-0.6848966890077264,,0.0,9.561359342817777,8.829260714567821,0.794039225719442,11.031547809968169,4.855171256658726,,7.073788693263339,,-0.5789771040650857,,0.7805904145234301,8.66118564090059,2024-10,-0.1,2024-10-14T01:30:00+00:00,2024-11-09T01:30:00+00:00,56344c430f4e131517a2555bc1f6b0b89473a2cad4ed1f178488d74778e67736
1.861950572512834,-3.4511246756038156,,,0.5165276263188558,-1.8339063355232044,,-8.640536069223176,,-2.9423384799394174,,-4.730915777005167,-4.366019328250762,,,-1.8869576484970483,-5.234672136336276,,-2.239925987919707,2.852567865551241,0.33549396398493603,,,,3.110968531648442,1.866744966378497,-1.1313803932962307,,,3.186952233454231,-0.2661324216057731,-3.0338531099450705,-0.6887616572221076,-0.3034903695154047,0.8272503190590492,-3.503076718597417,-8.211840790835176,,-3.003759395453655,,,,-3.6486741413914476,-10.98663986061089,,5.8469373650145195,13.162955198630865,-2.07319326317769,-5.158736879049312,,,,-1.0344335075882096,-4.369440586397612,-2.9662563287256565,,-2.1380365106500716,2.884085553818907,,,-3.0397979408848803,,1.4917545085862254,,-0.36817850081186443,-3.109328543711423,,-2.0470850507588785,-4.041831337922911,-8.82926071456783,-1.0201031000103797,-8.345396813010684,-4.45400734487307,,-3.4611518524822444,,-2.1664952967065427,,-11.080744192375871,9.44535264109886,0.9314300140197218,0.42874475583892957,,,0.1324315569797251,-0.49748596329188927,,-0.9453517030477079,,-0.11039872039704138,,1.073287339184124,0.4428337479418865,,,-0.47799566381719166,-1.3055512135634117,,-0.35702517262894007,1.234211934147218,0.6752908882129802,,,,1.5114836993883618,1.4578953349712207,0.39177672982366196,,,1.5332297049509964,-0.07542265123127506,-0.10842285973292312,2.4955084276318913,0.018846760692793892,-0.3069307314318841,-0.32936706358566864,-0.4441609854157134,,-1.5111030652618929,,,,-1.5476025438282504,-5.52720071425465,,2.1669625177324803,-1.064251530992825,-0.6152393197483472,-2.3256862164267234,,,,-1.8325893936032973,-0.5744033994958165,-0.4955337116484661,,-0.5357777014126598,-1.386847388767711,,,1.096317271616206,,1.329644275850397,,-1.2463153004753635,-0.10194643032127759,,-1.061855406457713,-1.0084423082724443,-5.792051652830234,0.37447840401201454,-1.368907730244075,0.11251742703351504,,1.758638450207577,,-0.897480925208509,,-6.277741824072,8.399040292458176,2024-11,-0.1,2024-11-14T01:30:00+00:00,2024-12-09T01:30:00+00:00,4465ab8f5a93d72f479e9c465d18874279baa77bfb6921121dc2a266b44148d4
1.022164596425274,1.3718814370634536,,,-2.862337941421593,-4.025416286015563,,-1.5579918491883644,,3.1719110461984923,,-2.0973279999545538,-0.5844001620581282,,,-4.017945236782928,-4.408067923517496,,-4.456015125275288,5.29840855853484,2.16179546976996,,,,-3.723563063520268,0.4849343578286338,3.9101479069535228,,,6.018389902393316,0.5507186050104204,0.7046511920896795,-5.223058041250014,4.810676382082536,-1.179151984240632,-1.3877576909964102,3.8300626701010603,,1.4268354180222902,,,,-1.4599168165293075,-8.96747080367126,,0.4998621904836515,-1.4697501489041065,0.058268069033902206,-6.689423483003024,,,,-9.169446239984062,-6.056266963298036,-5.317277804331211,,-1.9150729241431181,0.5967198213542239,,,-0.7351736350175059,,1.9327296378181646,,-6.312462311851933,3.321503045316284,,-3.451552944307321,-1.8532640506675775,-4.725288485054549,-3.231027540679891,-3.245200001597314,3.002507557033741,,5.172901561208691,,-1.405403584910501,,0.211316761413489,1.1715139842208004,0.2888680404752765,0.7107126311995495,,,-1.3238826975292768,-1.2498012820721258,,0.812435227451684,,1.8455197098215286,,0.4075697053814311,0.439854833491305,,,-1.245255769586948,-1.3142882331722747,,-1.4165127174197796,2.5577025557964017,0.5525612971809211,,,,-0.7402139122648801,0.7151729010837347,1.3562651408751436,,,2.228752828505439,0.03512974088024567,-0.03457079068576178,-2.0702702520289655,2.19651311395682,-0.4345223994224946,-0.37697281973509217,2.1748732057631237,,1.8909412809633275,,,,-0.9546430577028663,2.102908575324994,,-0.662619762918979,-2.994876235462111,0.5497539959194784,-3.7041271680349097,,,,-3.8843391949641983,-2.8656490670545716,-1.9494407635863436,,-0.46778473548202504,-0.09910803586258311,,,0.5507010627549122,,0.36283096347538024,,-0.8606474838747035,1.9868406912562184,,-1.4107194252538962,-0.5839938116315452,0.0,0.6221374846802646,1.1665680143019228,4.365323000066204,,0.016722408065705394,,-0.4586691199228038,,1.4271578555212021,-1.1230552514021335,2024-12,-0.1,2024-12-14T01:30:00+00:00,2025-01-09T01:30:00+00:00,2783e1b8daeeb9ef1990a02227b40ff45302c8b6b82d9357f4a94168b4278b48
0.6205883388186644,-6.278323501938801,,,-2.302571469916611,-6.187294882370313,,-0.38835000263975217,,4.420018098037044,,-2.8742611246826777,-3.143333586016692,,,-6.184952011664162,4.5851105095425835,,-6.464933060081282,3.892056034596341,-3.291155463100073,,,,-3.407337652705121,0.009592523320620055,1.5084391673260389,,,2.1801604727496873,2.45539778001382,-0.8507393400346217,-0.26139309810268435,-3.40240219430804,-2.28622134781815,-8.486529570263444,-3.344748291693231,,2.7400085633276645,,,,-0.35428943478184266,0.7651864320501899,,-3.6100930998792267,-14.986611982669181,1.3782056748045173,1.2500162764231466,,,,-8.323946685764858,-0.4321295543909627,-8.633328859574855,,-3.3315235953229805,-1.3225395513839726,,,-3.887943025291613,,-0.7943376869416522,,-6.389398357094598,4.776004842972336,,-1.4006491536289511,-1.1947183873016518,-10.178269430994236,-0.6510366039984233,-0.7921423196352146,-8.239515025661333,,2.428265991274824,,0.11099496499690216,,-2.632599163975026,-2.8350384652225147,0.11072794743799494,-3.9701837753382527,,,0.0,0.529199438212254,,-0.7808340235738572,,1.6814555444757395,,-1.374456026441909,-1.8010315528026295,,,0.6231358603040418,2.025555790646209,,1.3237346560423175,0.06483646083569429,-3.0935277031088537,,,,-0.36314593839328846,0.18104269047756716,-0.14449102779502565,,,-1.2430507250902512,1.3993043669678307,-0.5537364513508387,0.4417913512287268,-2.5885879504668416,-0.4065218386956282,-4.916487090986899,-0.8943198989811506,,0.6040010737196773,,,,0.4093752518952447,1.2017555330128034,,-1.6237360017328986,-1.298719552681108,-0.03041208396900335,2.515855963615515,,,,-5.43343509633295,-1.1153343505872835,1.2889918932048672,,-0.0199882926380492,-1.2729486750887242,,,-1.8105818847585091,,-1.0904436275992069,,-3.170842688514044,1.8010270921851812,,-0.20986366569212492,-0.3181214818244182,-1.7699577099400974,-0.19335697511284025,-1.3098872965451909,-3.2719572741679053,,-1.2367111499382966,,0.012900063228195834,,-1.748396173210744,-1.420406735225761,2025-01,-0.2,2025-01-14T01:30:00+00:00,2025-02-09T01:30:00+00:00,a5acf5b02b5c68dcf9ad1fefc6c9c241b8e0c86cdf11c01e2c035976280efcf2
0.4420351400388058,-3.571955698111029,,,4.560864775506975,-9.709549605625579,,-2.201220887584701,,-5.230142673988703,,0.8956980698364637,-0.6718178637158321,,,-9.588588505914332,-0.9570774538652845,,-10.469738566005102,-5.368620211564379,0.6635444852572905,,,,1.9189090333072225,-1.2224376315360321,0.06388890780442406,,,23.914317556006065,-2.3857533469465033,-0.2350975786077196,3.9498009820675812,0.870376682326651,1.7441447407511232,7.974313932205386,-6.264093097208495,,-1.6249844639209323,,,,3.1544279473080987,-6.385874468735945,,0.8771986072837041,-5.447595761713905,5.752447388351449,-1.342302033214066,,,,-7.294899964616755,-0.9858330445785083,-10.022791243130609,,0.7220146154205498,-1.599621311532616,,,-1.4439104501986233,,1.562214527221022,,-10.089922527851412,-5.31886775842609,,-2.127739844728485,-0.6386197511875269,-9.097177820572675,1.7237035924749227,-2.389858252749725,1.9991543801550142,,2.8807297153938354,,1.132334643697997,,10.420730859721475,-3.937459306456255,0.0,-2.3059094099742423,,,1.3744147680782934,-3.8952927034028493,,-1.5203092432444218,,-1.9356660338917537,,-0.6109998641578472,-0.35943851330405624,,,-3.896596853338372,-0.26646697422408294,,-4.313949266061771,-1.1907686342807022,0.37441410139121684,,,,0.6073506417225539,-0.6124068650484504,-0.2695711362272627,,,14.356607448565887,-1.0811749813621423,-0.20794690578301822,-2.20889237715295,0.9815574571417388,0.06668333997201636,-0.7975951780624867,-4.367082694156289,,0.2008469373083512,,,,0.8453177255406903,-0.7730046061910543,,1.5549675197924047,0.48538875761817474,3.4670918372979025,0.0,,,,-2.6668247082161294,-1.0506870761538971,-3.922800579609863,,-1.6423567881971044,-0.20784626864132721,,,-0.556696427459785,,0.6038364221022269,,-1.50525909781986,-1.8890667672646906,,-0.17189518628843134,-0.2822468709739536,-3.1252543504104424,0.828656863051716,-1.459923978305094,-1.6376100369324802,,2.519733646911009,,0.08429011622795166,,2.4604257998247943,-2.4735984934725934,2025-03,-0.4,2025-03-14T01:30:00+00:00,2025-04-10T01:30:00+00:00,c56d16e8f26740fb748f350b85093f4b5dbfcf062dc6500e06acdc4603379440
-0.07950179297770174,-7.740294729590211,,,1.47979578928816,-2.8521938932738222,,-3.0998402005558687,,-1.6885191292998654,,-1.7376728616781807,1.739124604241054,,,-2.862344943744385,-7.0330855681407245,,-0.8989572774328914,-6.778640706887567,-3.9117590190141236,,,,-2.795150634688691,-0.4195235108305588,-4.467910769842369,,,20.364107459345014,-3.16651640863817,-0.8100749866116916,-14.235634905886213,-1.4263320969653548,-0.5514719858510855,5.81445326352432,-11.791040511576899,,5.518794265332,,,,1.503312951636578,-6.769501277135147,,0.0,-9.795667272767773,2.0058476885541814,-0.6779686985378803,,,,-0.45508801047523034,-2.0661477578124603,-0.2658061181476357,,-1.6840698535777423,-2.2088723469407943,,,-1.650090021948641,,-2.201024580226219,,-3.8653648667100837,-1.6625603313177286,,0.6430890330290332,-0.9228432072708295,-2.8170876966696334,-1.645383873775275,-3.0104361380995845,-10.347789357260087,,-1.797467695253088,,0.16072047032747594,,-1.2845039214942005,-2.4451829488477417,-0.5670530497691908,-4.3606543172553085,,,-0.5127981568199472,-0.3225130748950907,,-1.5912787710909875,,1.0725806700485672,,-1.109027359588604,0.368711064940734,,,-0.3401615348328027,-2.8876347872924986,,0.5701843386634496,-0.9328569691828288,-4.381366371906835,,,,-2.710062761828062,1.049631910716441,-1.6781915433170047,,,2.9743064102834746,-1.5847638577002943,-0.4147367305877195,-0.5376867178039135,-2.4946267946577305,-0.2844714100440084,1.1268016053332628,-3.8609789522082583,,4.197510492429485,,,,0.3622229939070143,-5.663774221369728,,-1.9031716298216075,-5.960313113711253,0.9300054462797158,0.0,,,,-0.45508801047523034,-1.5007020589887685,1.224192794126529,,-2.3555587141292538,-2.546403499533791,,,-1.438319008365381,,-2.4365764306237527,,0.0,1.0319007605139592,,0.18350159457296322,-0.6208992148944962,0.0,-6.227221645682059,-1.4363238905179847,-7.671248021165705,,-3.277774560123476,,0.007647501182727615,,1.4760004821882748,0.6627838226450615,2025-04,-0.4,2025-04-14T01:30:00+00:00,2025-05-10T01:30:00+00:00,9a7e96bff4260eae2915693399b571e432f69d44f798013e027f145df71827ef
0.30044957647313686,-6.527040129761867,,,5.566289374046914,-3.60347823886554,,0.02384856174667032,,-4.456419422144623,,-1.7283821198793476,0.42657239422943266,,,-3.5588798030396718,-2.944325972270081,,-4.585134292525701,-2.7245149134227904,-0.29035974257201663,,,,-2.30180641501542,-5.150518231337107,-5.718880563090574,,,-9.712525998464026,-4.699191963139157,-1.2754676326346648,2.752582140081695,-1.3836743910444709,1.5422974124859343,-1.4339575331056909,-14.548705249230936,,-3.5484284215290582,,,,2.2593906766970764,-11.171877568153292,,-6.1534788439747485,-5.218376639652494,0.10939723222090979,0.6779686985378769,,,,4.688524393131317,-3.52317604040445,-3.7184764290725876,,-2.8958957891662336,-0.3462515112023627,,,-1.453247184504334,,-11.301375900926603,,3.6907983922632295,-4.525103218913116,,0.0,-1.3233182257665779,0.0,2.503498477833194,-0.203745858430739,-5.020163445686813,,-3.651710384362075,,1.1153474304777649,,-1.6668166719066357,0.09866050206432779,0.1891647553647667,-2.652175208404762,,,3.8911625809336243,-2.2744610808406294,,-0.1012929836950354,,-1.7683059880461063,,-0.13709195875154667,-0.039457738456189204,,,-2.261612672635835,2.6245449095086455,,-3.000742477399769,-1.0136693409254434,-0.12210628263690121,,,,-1.4534090296384485,-1.505968238170305,-1.6488616092624981,,,-5.58074706407265,-3.235192773273263,-0.6894478522712333,-13.815630996697084,-1.2349754788866378,0.7577832903717348,3.5450780475151404,-8.760846322661884,,0.13394761810339362,,,,0.0235687856095759,0.8380169195587378,,-2.113725501187911,-1.6277536468465712,0.0,-0.6734032181344068,,,,0.519481687710393,-1.560302045726856,-2.6865544113480997,,-0.1910416757852242,-0.6648076605997705,,,-0.32376686829637835,,-10.607236802937194,,0.0,-1.8066236031518426,,0.0,0.18565629993641844,0.0,0.8196162951260059,-0.19748294116183995,0.4885564897530005,,-3.2306746830756357,,0.7337161315259354,,-0.22669384729218675,-1.0263466443060665,2025-05,-0.4,2025-05-14T01:30:00+00:00,2025-06-09T01:30:00+00:00,e13b4e0407262d200bf306d3b6c914b73d49f07be18e2bd98e6b82a42d533edb
0.0,4.188320168891336,,,0.31644910123550557,-5.107874486410017,,-2.58154818851447,,-0.22668712580273853,,-3.271075347865842,-3.202335787941634,,,-5.1665032591163795,6.74182479007189,,-5.988085086359035,2.519044682767847,-0.7176995956847065,,,,2.7005551517193025,2.529466392117483,-2.467960330824858,,,1.6332718569736369,0.4252048725918979,-1.6768738992801464,-11.763263970984916,-0.5668750713811868,-0.3636818489644691,-2.8345189939375084,5.512664724348661,,-9.53243769602291,,,,2.5523400271945538,-1.5345524819338134,,-6.656327338401735,6.993799577084049,-0.5670352437229996,-4.845238338594686,,,,-5.342263919035985,-0.3512354677732491,-6.902105995505103,,3.2446699069409863,-2.266691756429197,,,-2.8497386654679744,,-0.5099450112349249,,-10.820056219605,-0.2960662389874668,,1.8347740065819877,-0.7568374839739174,-7.780711323992459,0.5242871526469233,-2.41036740311638,-7.446016119760997,,-8.117233828936616,,1.7442157372463227,,-4.2716919557380395,-6.211913864223098,0.0,-2.942677903208502,,,0.32513304896359335,-0.2142967297978389,,-1.149542811039602,,1.096516700217616,,-1.5791729325834911,-1.7570885251851847,,,-0.22606177881679418,-0.9855533123666202,,0.0,0.48237859038868514,-0.2568187184336649,,,,-0.625167023928935,1.731306269529102,-1.6089993306954127,,,2.2265550852048897,-0.8069188869561386,-0.9938301775810726,-2.1594069307829833,-0.8623318147887669,-0.6026601250397213,-1.369118155227224,-0.16942551873140882,,-1.7953565431783165,,,,0.7262530912610495,-4.182002063126145,,-1.9335355763983142,2.087435671055901,-0.1161750291582414,-2.105340919783238,,,,-3.6176327226442866,-0.8057959873690129,0.0,,-0.02491679582898614,-1.004760659213519,,,-1.7618605528037659,,-0.5099450112349249,,-5.812196580176695,1.100632228680405,,0.2600585021479887,-0.35374252476452345,-3.0073533545617073,0.4239799694659908,-1.0424088762833084,-5.7535313247487965,,-2.5365771270158493,,0.2281633845333431,,-1.07761171551403,-2.589476638061522,2025-06,-0.4,2025-06-14T01:30:00+00:00,2025-07-09T01:30:00+00:00,45f7308deb2134ddd99cc6ba4b30cd2f92659e457de6a31a96337be822651ad2
0.0,0.9015381819228218,,,2.470844685836686,0.6110620908272127,,-0.16224079475191988,,3.346349314405735,,-0.0856758845264092,-1.8922818842145122,,,0.6445397756538562,-0.8591786912444097,,2.804178974227965,-2.694308619286721,-1.8456391846205744,,,,2.587585313610008,2.7034501849283727,1.3651115598183785,,,7.117147594753242,-3.084004631826755,0.44260957756692765,-0.40338059356676825,2.732624427063066,0.7013808767535876,-2.388432484956271,-0.6242631623767463,,0.6582043286572983,,,,1.201092212358064,-0.23178466797983988,,-5.125846271162075,-8.066227508953249,-1.9446423072429992,6.8519946436756145,,,,-9.752075424985861,1.5408560921518095,3.183458257568159,,3.5826125455852065,1.0587855119591887,,,0.6124403207097784,,3.9613903108411677,,-7.4668090444504145,3.4795197036178402,,6.675512171000698,0.08734048786576216,-5.281306917713959,1.858487129501283,-0.09325809046610493,2.8965289189791315,,5.48993257794018,,0.3017638145367686,,0.5285943777937517,-2.9156106677576417,0.0,-3.3311826565261047,,,-0.07597501631702014,0.5651026874904502,,0.802821863200798,,-2.492642956908465,,0.7595123438893684,-0.13635692049028794,,,0.596054926219195,-3.5722654546191746,,1.4931085833828674,-0.3780271508036992,-0.10283562251738294,,,,0.3198101258159051,-2.743199360817406,-1.4265577158822458,,,3.3967216034858723,-1.208960236600481,-1.034016726604102,-1.1467499083576556,0.38642481495139036,0.30057873699972454,-0.3181222516135273,-3.7278885885957243,,-1.6333443645165855,,,,0.4162360582955254,-1.1115531583332188,,-1.7265622266677032,-0.8612098294054195,-0.7785865298806258,3.3673215106587806,,,,0.883622525924046,-0.09539017375124148,1.6935555530719868,,0.944178069258716,-0.1079622237119508,,,0.9591802229710794,,1.6595259695907625,,0.0,-2.6341636685887204,,1.0665578771510595,0.08734048786576216,0.0,1.446542449664525,0.8886936609152614,0.9482174480392032,,-2.59277831447784,,0.0,,0.6670514254333496,0.27462256680252284,2025-07,-0.2,2025-07-14T01:30:00+00:00,2025-08-09T01:30:00+00:00,8daf244675dad8c657eda9c777a724644eba53720aaf5c999da21af0ec991997
0.0,-4.117023692790841,,,-1.7162868317359574,7.324819705708972,,4.73872042930156,,-0.9144140952600207,,4.442606131198476,4.38170303110603,,,7.367191729570225,-2.548450283601395,,9.097963616525051,1.9698653341170755,0.43129023330427874,,,,-0.7484688013459138,-1.7894966522541367,0.06473539633741499,,,4.804354919617088,-0.5528216549440085,-1.005033585350145,3.5092521342260796,-1.802418830871059,-0.3294488834069057,-1.7400416854683096,3.6703365229435043,,-2.793597027454266,,,,-0.35243729565030735,0.6726364007821821,,-6.214964335336275,2.607877430013737,1.8503471564559726,-8.280590368423253,,,,3.225321069901225,2.0900389192113322,10.248930777886684,,-1.1663309600949796,-4.50165747857926,,,7.111263363725925,,0.537119280839751,,19.921861188231222,-0.9169812474940398,,4.713549438254089,1.17888083137605,28.185115214098765,-2.226486872934115,4.995078111089667,3.1778414752230097,,0.5433475543106866,,-0.2968095179220271,,-1.4024355111619873,5.512952341805739,0.0,-1.8558298081213718,,,-0.5269596411048819,3.441416565197538,,-1.3495089807145795,,-0.1421199405131457,,-1.021034114589067,-0.11633682237131221,,,3.4766309751745763,1.1035974827894426,,3.852128784120406,1.6673293762820944,-1.7428533640479804,,,,-0.9152142207482793,-0.38219094672519804,0.026967989160510998,,,1.6894671869040965,-1.6578999329684065,-0.799477879198971,1.2900783318757179,-0.480404414941167,0.057765309412852794,-1.271992043801744,1.1048191369936833,,-1.7173234774367059,,,,-0.7194683841928715,-3.65297587485349,,-0.5544275891230563,-0.6214059121435889,0.06605955036622871,-1.428595724747643,,,,2.5048568583964745,-2.7039779373793613,4.325100502573885,,-3.6025298333940845,-0.47907658206350656,,,-0.28824278452879587,,0.0,,9.125295552190865,-0.2213241858032557,,0.9245742061039968,0.11990409110411669,3.5718082602079244,-1.3069084910090778,-1.1169559934269535,-3.948452903548061,,0.6364099793205757,,-0.13119950392372814,,-2.2595338421443842,0.20469224593054222,2025-08,0.0,2025-08-14T01:30:00+00:00,2025-09-10T01:30:00+00:00,cb1676ec055546ccc3e62d77d381488289d0562df5adfe2eb1ba980c62fe2667
0.08190441420642211,-3.3166536440065357,,,-1.2230850224052183,2.5710512182249867,,-3.5116364474253645,,-1.857864420783339,,-1.8691599583086478,-0.5980027502701921,,,2.548565423751623,1.5810081853845839,,-0.49627893421290137,7.160587761673584,-1.0998241854613509,,,,0.5234522888963217,-2.159978310456741,0.15223266241796782,,,0.04187312504480282,-2.3132548183675414,-2.5773621167805865,2.4196873148743183,0.42421691458371275,-0.3595119473765627,-2.978690137173145,-3.024031803665417,,2.6116900603936304,,,,0.1911524339556803,2.8986280068439663,,0.701757265864654,4.8883605931921625,-0.1321627682225637,-1.4493007302566865,,,,-0.9378732286432468,-3.6014027002161413,-2.6978031784272454,,2.2791423753840654,-3.9175516434555404,,,-1.6326299339861499,,-4.370438944585937,,6.4814060484231355,-2.0179606970841126,,2.0996153197110985,-0.6757351158393526,-0.2177808300422074,2.0035692064558805,-2.868692926561623,4.637725815011336,,-2.101310455093557,,-0.14129372850007754,,-7.422626355289233,-6.230219803899613,0.11362736735064309,-3.1162472737426685,,,-0.052167109821076744,-2.021098428698995,,-1.564385069045601,,-0.5802403547405207,,-1.7078810098608213,-0.7001593993360222,,,-2.0444132717516754,-0.4492422958007506,,-3.631433784606676,1.5992711470546823,-0.4116569565895086,,,,-0.2660057521426454,-0.643400272252725,-0.524970828576493,,,-0.0836936860124371,-0.6555894165798166,-1.3509316500644388,-0.19356008864570878,-0.06395562773475018,-0.21090510888244784,-1.3442984810726728,-2.4946464505112482,,1.5642276981262637,,,,-0.5464060843796514,0.029061567990641485,,-0.40404095370050863,1.5062860937842344,-0.1321627682225637,0.0,,,,-0.4700361180331852,-1.2932838358072474,-5.68418679856387,,-0.2449410075743224,-1.6317378358505292,,,-1.0710583776961076,,-4.370438944585937,,-0.8092126473450565,-0.6649831929674878,,0.696461837982587,-0.4357829911102616,-0.2177808300422074,0.9956940896256282,-1.3514564698257723,1.4691588717939488,,-0.274065093482046,,-0.14129372850007754,,-0.6830644995989034,0.32697576815569285,2025-09,0.1,2025-09-14T01:30:00+00:00,2025-10-15T01:30:00+00:00,a439571a042d0505ae04e6b7077ba7e5984ca392cf98c586870e5bb82a8d0b5d
-1.496287267671238,5.0515400462388005,,,3.633269318962255,0.6652436032637018,,2.945463790871249,,0.7099471827879097,,0.426004379085767,-0.7088786210884029,,,0.6265684658927734,-1.2660636304782202,,-0.5275552265431389,3.76998755341001,1.8463552248058654,,,,2.052714355405731,1.0409821461872446,-3.176586998656391,,,25.549374957770514,0.028981307259813283,-2.778131026618046,0.1956947786960947,-1.1471777311264544,0.6613913276981002,5.60602819263265,-0.024464371528818297,,3.2563424814326356,,,,-0.45236284760029827,0.7008472476020954,,-1.0952238076006973,-9.158794682227224,5.562220944517879,-4.329680575332419,,,,-2.830629574948839,-3.642465179264879,-2.0309457249234106,,1.1326082236646497,-7.45414355328539,,,0.08792808655886333,,0.3534821637493029,,1.1222858965502542,0.7571933730988857,,-2.5434897147821602,-0.2552775073090695,-7.274889346603118,5.075950820801374,2.3232903998908743,1.7169596707907155,,1.7063384487556372,,0.20185766950235315,,-5.507505002470788,-2.941388520629334,-0.834033191621895,1.7801111968254397,,,1.3527475718854136,-3.3072413339759,,1.4137151329295286,,0.43034892287778265,,0.09030135046107166,0.00885595785141577,,,-3.3172574814448583,-1.1375741290530865,,-4.4047665644242615,0.5926081164367402,2.3735745246118447,,,,2.0760616038051074,-0.2632824532588334,-1.9191698111777096,,,7.621174110501408,1.1640217774810402,-0.8835927630136249,0.5620195162100984,0.5075675902917142,0.18795118803461586,2.1535390797453804,-0.00752813641340039,,1.5861575196394844,,,,-0.2707309049689503,0.7286655939808355,,1.0355386234039752,-5.23718951194945,2.1989587968908935,0.0,,,,-1.3772543929263654,-1.0355601874526605,-5.878807400913337,,0.5516594531807258,-1.9534806020642368,,,0.1425430524166726,,0.3534821637493029,,-3.2867425420130005,0.48177344247797294,,-1.3491714303647215,0.0,-6.346549965083363,4.579442764260224,0.7358292374961464,-0.5403954371098545,,2.4272104835875634,,0.07149788364431305,,-2.9258398830252332,1.4602583752130216,2025-12,0.2,2025-12-14T01:30:00+00:00,2026-01-09T01:30:00+00:00,bae09ab4783aa93c1e717215434c5b1feb9474fbefc9457bda0a873af66e6ffa
0.16736405580296937,,,,0.457317870196492,,,0.4855384497979142,,-1.8728898660770033,,-0.7012446559162291,-1.3671565516281352,,,-14.247642900908348,1.7738143839829146,,,-12.194080412655133,5.230863571440983,,,,8.801716032812609,-5.433590359550861,-4.4668035854333805,,,2.9255208484049975,1.0341875501789235,-0.10840800730101789,2.2998404704364246,1.3641760079587304,-0.42037895957808114,1.8391588895311513,-0.3563520150913958,,0.3052056853994447,,,,-2.45097552066445,11.542266895074928,,-0.7130154984591192,-5.526703256819185,2.5741294364719587,10.09259185899605,,,,-6.721454341942419,,,,3.7589648585340365,,,,-0.7391781059092674,,-5.8113662588737265,,-10.562785959739488,,,-9.921963848693032,-0.4310298418464988,-2.30542310768479,11.912125890865552,-0.006266253096026071,5.882439741166181,,0.22721903266933255,,0.9248503342454693,,-13.388753414915078,,0.2598691401238581,,,,0.3181077527374819,,,0.20103480532691734,,-1.4861576403621148,,-0.3015533735952098,-0.31670178846232605,,,-0.5029107517504983,1.4677532111185243,,,-3.0628684648066455,4.11660002243136,,,,7.962706984409213,-2.5087873514600334,2.8543788230453306,,,-1.1428695823622743,-0.021506918141537924,2.4773168377490977,1.4110033993542217,1.4309993798671679,0.0441421384000993,1.0021393549981519,0.16257092427411338,,1.638634753461614,,,,-2.142008207959676,5.237724713485747,,-0.6419422900657304,-1.7261417410423758,0.0,6.613980250454499,,,,-2.8219156990845713,,,,1.9509349244072975,,,,0.0671919883565672,,-4.389878215501859,,-3.6463132354284693,,,-4.813044011987076,-0.3375925732520805,-1.6807118316381289,6.240531408731879,0.21956660118002258,3.4097171946009497,,0.6546512943700838,,0.07590133191715234,,-0.9841340444492798,,2026-01,0.4,2026-01-14T01:30:00+00:00,2026-02-11T01:30:00+00:00,ab7bf3f47978298ac013a2906dde0b5566ceddfdce1bdcf2ffadbcd68db323a6
0.0,,-0.5657112300699636,,0.8285863513879284,,2.7807589732246973,-0.8542243846246143,,0.8223761628231527,,-1.0463583788143844,-0.4198284872159186,,,0.40253073328379685,6.772261004004221,-3.475253199083972,,-6.173042257467587,2.3852608987117683,,,-2.657562409991697,-1.9259422257598333,-1.8548224157273565,4.416179095117122,,,4.256759650699022,-5.40612465017234,5.72523430864837,-0.9920398808460055,-4.951210100370631,0.7315204607383428,2.1991364595579443,13.917952232541719,,0.5155985259647586,,0.8340393612054379,,1.9120043513996134,9.024928702481535,,-1.4414664002184654,-10.988476413673705,1.2597446396191707,-4.082199452025517,,1.0467235733386626,,5.566379932680505,,,,-0.5127506604144245,,,,-0.5265264559432307,,0.34644481086875256,1.0214156080071668,3.6463132354284764,,0.28122881907130726,-1.109719356444799,-0.14079464836169112,0.0,-0.5009984310737304,-0.7106277743205133,2.094509784901804,,-1.8998184764055615,,0.3030305349179063,,6.699053289265665,,0.0,,0.45905002639414677,,0.09764758876205219,,1.131036939666942,-0.4072598860193717,,0.8894210664433352,,-0.5437044302208958,-0.18914096636447675,,,0.6188405731964504,1.0200088435380132,-7.7470261675993894,,0.6676015471259327,0.09215845438038303,,,-4.455488090253711,-2.790917987021866,0.1003150603724157,-0.45758082077518875,,,3.2655201201331305,-1.438873745209967,1.4276095634622803,-1.1924503120027483,-2.400456107450992,0.2871731392830343,1.1615580273511605,2.1814213840493464,,0.32390877904549104,,2.6366664968173645,,1.2436324459542136,1.8528504383322608,,-0.6512324028763233,-2.381773797614145,0.5508218252174405,-5.669534367654518,,-12.685597844858536,,0.6487460215327226,,,,-0.6237854966794332,,,,-0.4501684247137252,,0.213399473616373,0.45131659565599,3.6463132354284764,,0.06443216160847424,0.08957985973236622,0.0,-0.9648221117901739,0.329378563057183,-0.3307871016541769,0.6289328907563918,,-0.1877663583364241,,0.10848040217684336,,-0.7678030509974626,,2026-02,0.4,2026-02-14T01:30:00+00:00,2026-03-09T01:30:00+00:00,d5228c638ec21a8e6ade6e803564cb2f178963f68b55317383380a7d197cebae
0.0,,1.4241176356691552,,2.0593030847451432,,1.672925387832852,-0.22067164677396608,,13.04082228268271,,1.13428335517047,-0.06914070408154477,,,7.475338793144222,13.998994597600806,-3.6003888756002063,,3.2943295257005296,-1.4942570493329665,,,5.579729070339315,4.3508551843778065,13.957597209512565,13.530032440011954,,,7.895471434850772,-0.6491680448033178,15.798663637751527,1.4590409678451919,0.6272687843510416,0.4490460365984024,4.1776802588974284,21.183562956224446,,14.485845135392559,,1.9658176030174404,,3.1933718439717715,8.815641732491041,,-0.6920442844573683,6.502800662280434,0.579427672229932,-14.310084364067329,,8.076209059736124,,-1.3239381377655755,,,,5.329140256001606,,,,-0.3535908491307062,,3.092613879400559,0.3159272350375114,-1.5443765130209361,,0.636928470093665,4.0129537253829355,-0.4682688833645381,-4.152845869658223,-0.17435766040452694,-0.1989987548060275,4.459568025016995,,9.867346806012621,,0.4277274101902981,,10.284913464866321,,0.0,,0.9671652529751095,,1.4313158803031973,,0.36650371304586765,0.298980699289037,,12.027548829120658,,1.4042771402138727,0.16553056313033446,,,2.4665985332045617,13.176597096489285,-2.613214027684794,,1.9870248184729626,-0.5753522873267846,,,4.00836034257589,4.3448772089455066,14.422400269831856,14.789394079237846,,,5.788218165688912,-1.0268547875336247,15.984115522427942,0.5817019215970504,0.22115347148695105,0.44506332158106765,2.0039227142418103,20.216992616758795,,16.525412652914483,,2.1704467151534117,,1.855988593663832,9.675386848032776,,0.0,2.3856570302139435,0.8196767204178491,-3.7740327982847086,,-4.249987585982519,,-1.1703788227381158,,,,1.4926733576682771,,,,0.1510411334724925,,2.4151488013399347,0.01213260943585565,-1.5443765130209361,,0.636928470093665,4.800566093016182,0.057135051423224545,-2.705128697319698,-0.3315209307102093,0.21523763571709045,-1.4985432151205715,,8.793665399341368,,0.4277274101902981,,23.035952868341923,,2026-03,1.0,2026-03-14T01:30:00+00:00,2026-04-10T01:30:00+00:00,e54424fd8a785278a15ef26b0660b1fa0719b3851e687439fb2db61340ed3ddc
0.33389012655146305,,-0.26606399367053457,,1.0161151095273564,,1.3520571016036966,-0.14339918210297337,,20.765381363188304,,2.6937266423499184,1.7202481300072652,,,1.0858157527221848,13.947877703614287,-29.929026015777993,,-0.14037110660577232,-3.170596945938766,,,53.00534711125523,0.2927028504452087,21.643920010695492,16.5964769472035,,,41.36033617743189,-3.6596189480977155,18.300087189047947,-1.388312786147341,-0.03259845970964151,1.706150357265857,1.1865451875437047,13.408139691712185,,28.876464149845937,,5.9074706921552,,1.3203302674515105,25.038098622344297,,-1.5841185930842174,12.721206052375935,4.072311064319059,-13.353139262452274,,-0.0010958143544500076,,6.586344268585906,,,,1.2247249301179948,,,,1.2154016962213388,,21.62488026542406,-1.7840403403387237,1.5443765130209381,,2.662580244629795,26.72320931443974,0.5621540045288006,5.833557701296342,-4.692968670301257,0.5958121750620329,0.24374553547948452,,28.1792167857984,,0.6880617625335084,,18.02173485859675,,0.22291493750161367,,-1.4188571036480977,,-0.6688701350726715,,-0.4772879062736917,-0.9491717719053785,,0.27048829747351427,,0.05990330075155246,-0.1358776129183454,,,0.39588333572043316,2.1730065607793487,-16.895422246700722,,-2.2014923935008377,2.7826844877020442,,,27.363470991632184,3.2173124124593775,1.6017510018288197,1.8387001458405063,,,18.79690647448384,-1.9134284905660346,2.2870706683699185,-5.517282700627073,1.5209418663528707,-0.22582161909273954,0.17016754970413156,1.4347112329798763,,5.816498490596538,,0.6112467596169715,,-1.0945182865424878,0.6218707685362734,,-2.2398586477001152,1.2004645853370903,1.4034440477952386,-4.301738508369081,,0.6973586470816916,,4.43288816753501,,,,-0.43656462034348087,,,,-0.5946439050652884,,3.5552137429644604,-0.3944292060457883,3.6463132354284764,,-0.18181143944486194,11.25073611475885,0.0,0.2803927332734299,2.13811866063506,-0.3200806071605202,3.1906739255617524,,5.011853799704475,,0.012468050636441295,,4.324715594560251,,2026-04,1.7,2026-04-14T01:30:00+00:00,2026-05-11T01:30:00+00:00,7dea5c9392cfc7bb56c3cca6830d2bcefb884cfe4281846f2d3940d312db1282
-0.7803703174529071,,0.25677299014255767,,-0.12052861861163987,,-3.5889019120945873,3.412076688610895,,-20.457611024510037,,1.5506380136574234,5.284834962625705,,,8.05592444578819,-5.855914176409184,-3.9220713153281266,,1.4801314153747729,2.1085597944887238,,,-40.54438140694298,-1.0861118603517514,-14.70049610272008,-3.80742805659197,,,2.8750321650616115,-0.38592893380693133,1.2919471372792999,-5.367093351734277,0.22615916160566218,-0.7315722239149194,0.3871143638515632,-0.3692985784633159,,-4.90427396950419,,-2.673817715211992,,0.19745115013112424,-10.281707767441148,,-3.668401498761822,-18.339111551643338,0.47354309072995965,5.348868495098622,,13.818645276846103,,-0.6467788038108435,,,,7.469260378285912,,,,4.948110655103447,,-5.279446838126059,0.36367038571161436,3.518021440703106,,4.444200795893468,5.971923470162228,-0.014818107754753285,3.4401426717332315,5.8983742732755156,4.255044708149491,5.848410758237283,,-2.687481266301562,,0.062316945993738895,,21.97478283933215,,-0.5267155522532148,,0.6506543457501364,,-0.09901630272788006,,-0.44272827209088267,1.7429254123706766,,-2.2238453286655337,,2.0280068221935736,3.5094323793048026,,,5.327773955435437,0.612699385917119,-1.1363758650315094,,2.5847548560333076,0.41950203154194193,,,-7.495860225277809,-1.6600435154852033,-1.4424692155714223,1.6990141959833498,,,0.7769366651828452,-0.3404865115365899,2.869214115745158,-0.27767448676687334,0.6691009661694028,-0.5482040512783088,-0.2959520181492765,-0.1201425524916445,,2.9366198529200407,,-0.7715187304482578,,0.32330517609218884,-1.436109460940762,,-1.5290817798417207,-4.838478326585505,-0.3619020235519747,-2.0619287202735816,,7.024185655065036,,0.577277908574125,,,,2.936597087060225,,,,2.8940690387049637,,-5.376033159470468,0.08309610388124224,0.0,,1.0884526437066162,0.0,0.31168856402531486,3.4401426717332315,0.3699577056982209,2.3867626920611564,4.176272836197518,,-0.7248729502669562,,0.0,,11.637562589651626,,2026-05,0.5,2026-05-14T01:30:00+00:00,2026-06-10T01:30:00+00:00,426dbabc18e9979caea34d8f988882405cf8e8d924b1d4e606415ee858f24c51
-0.7594239005567746,,-0.3145446817576689,,-1.1653982216806966,,-2.1190400317689955,-1.645947871232294,,-1.4559419671570621,,-1.0840520580780877,-0.5454047818491161,,,4.513830375066099,-3.6628520234696245,-1.4388737452099556,,5.586618567165468,2.5760891014388454,,,-11.413647283124464,-0.5545560419327668,-2.3003412272533126,-4.972077530541434,,,3.4813133733065245,-3.17295086923274,3.0715584873627155,-4.1967105657536035,-2.0540851523873918,-2.787026474746223,-1.557530952666737,-11.166993108182185,,-6.75219877314487,,-4.062314370250873,,-1.1203020458222384,-11.649282947240138,,0.346087636348665,0.5955057050609711,-1.2186679320714622,-1.0471299867295365,,-8.690986978101254,,12.22037400727671,,,,-2.0451797042391058,,,,-2.0155426273072385,,-9.826021574623645,-0.2094112615486349,9.4782083829471,,2.027566950859198,-16.081535157299104,0.15301466496450541,13.145193736931486,2.279996434248877,-2.3158352355374605,0.05301838282764939,,1.3711274387455337,,-0.17208917965468448,,-2.0031474136689833,,-0.5670786421514542,,-0.10433746661253317,,-0.45217468347951395,,-1.3066311083722768,-0.6791396379259952,,-0.992827940714363,,-0.7211875651851374,-0.3517612778535165,,,2.0416055823111328,-0.47879143790375045,-0.28943580263645263,,1.934899325027914,-0.07268234502472941,,,-3.935014463257457,-0.5446654565256748,-1.546256236063829,-0.9572233571421207,,,1.4313980279380973,-1.589994203979438,0.032817483808881824,-2.1099822294290336,-1.3631494628560248,-2.216057626237599,0.6471816354426628,-3.3607443239784485,,-1.7204202356653924,,-1.5913922001864957,,-1.3084151482779698,-3.6120170463693104,,1.1583141089630855,-0.9454938214978814,-0.04447533082347456,-1.0471299867295365,,-3.0363201016231463,,7.528420385725029,,,,-0.02696002313791945,,,,-0.4716850819521186,,-5.274788930261848,-0.25554594488340965,4.186538442587116,,2.2854221219038755,-3.5238983156484083,0.15301466496450541,11.300794154012186,0.2745386576147989,-0.6697825211125877,1.760029959987997,,1.859578598140835,,-0.07485777373220877,,1.3651590541503986,,2026-06,-0.3,2026-06-14T01:30:00+00:00,2026-07-09T01:30:00+00:00,d742be1d448ddc6b6e4f907b43ab816b8be4a04be075b1526a930c979896515c
-0.14091761362844604,,-1.5725869166291224,,-0.12208948930858413,,-1.5312589322701957,-2.7757224412996178,,-5.159811167539557,,-2.3491976882295837,-1.8809688798758863,,,-5.257781607990724,-6.299980124711333,-4.445176257083381,,7.6409006239472745,-1.2273932499672535,,,7.714401501910592,-5.855487048250296,-7.7736575916613235,-12.519352896148567,,,10.256684966039982,-2.176832836204093,-19.14417170815837,2.4659836423127195,-2.727087580838379,-1.5994480523405792,-1.7570950970265342,-8.929777912494973,,-18.695758507093032,,0.2981657755040901,,0.8262271029930702,-18.03305540982453,,-1.742541671385917,1.063054452230674,0.8526947376625448,13.747099062860288,,1.774246608765352,,9.752215142073933,,,,-0.4665026115576656,,,,-2.4741371203479314,,-4.147104284069941,-0.8513851523285373,12.192486774619983,,4.848190636331135,-9.094389612229778,-0.23208167837399982,8.360749554493589,-2.1340678160769286,-3.067629190199894,-4.9744133127500225,,-21.213993011977635,,-0.3600994163541816,,-8.574877460165046,,0.1288965953027642,,-0.09463961941993047,,-0.2483823749027233,,-0.4771130264172971,-0.7221768816477268,,-2.42566710957399,,-0.5505983540071631,-0.6099937295803448,,,-4.5116834862101,-2.7933390018181066,0.0,,2.279937123616616,1.1160297753603359,,,2.127133981001144,-1.8591480286874593,-3.779760279522263,-0.6600858312705052,,,1.4354313451683123,0.17587575983042075,-1.6453370516241919,2.0425233440610238,-1.4784326088945596,-0.2499437903609643,-0.9149393963517191,2.0237361696154714,,-3.1825101263771334,,0.3236601850823927,,1.3557918484240803,-2.7266302398430167,,-1.2036643088501906,-4.536445965388465,0.5500974466789922,12.69996907613075,,7.64083694233641,,-0.8366149357464949,,,,1.4730532813224602,,,,-0.7183201743492307,,-0.30159133307103914,-0.1987886972377691,2.8228135977848803,,0.167091861402471,-2.6283268239221234,-0.11363918315746785,0.0,0.09930559850155425,-0.8293811391405158,-1.3105791910081797,,-8.481163325564399,,-0.13018553274480138,,-6.764173925424309,,2026-07,-0.7,2026-07-14T01:30:00+00:00,2026-08-09T01:30:00+00:00,9ce66570aac146d7d88134bbef6b1e6276810ff109457ac99a7a1a0a9ce79075
-0.22669744255550459,,-2.0373926859073266,,-2.2234902251887614,,-1.1434919044326264,-2.0379606448802,,10.156480268292798,,-0.7086333840039936,-0.41162390267576515,,,2.88371312149177,6.188799349896247,-4.652001563489281,,-0.12133092159966341,3.6926840192991506,,,-0.929031206240942,4.355849293647725,10.565992253925238,10.82927141880791,,,-5.935167938241881,0.38625806184160116,9.304654774971986,4.934204056312988,-2.3173230311633595,-1.9344885921903057,-3.1907548101261347,6.610156030987219,,13.263137024814611,,-0.9100007176309319,,0.3747381782133784,7.067770945619473,,-3.6599152448329684,0.5711372338611367,0.34399758724434804,-4.695698308777098,,-8.784231006981802,,9.887054387072169,,,,1.2721582040748418,,,,-1.843384257340583,,3.8935671718543134,-2.56024564632827,-6.716945619062568,,-0.45514457992031027,-3.11035383205432,-0.5676551812067218,-0.8713174369016409,4.405758456299331,-2.680313787452286,-0.4466573515502719,,2.2845082606624385,,-0.09273532250990263,,-2.7315540404848853,,0.0,,-0.34149809864050784,,-1.0340711249371832,,-0.30075210639554395,-1.4898481363047755,,0.5055074855653702,,-0.6999153682188547,-0.2563845442032482,,,1.921288685999123,-0.8836581800498001,0.0,,-1.4770221857882153,2.8903272336570174,,,-1.5831465216680742,2.139812488040714,1.1193624641547457,-1.029943418064909,,,-2.690700680612205,-2.2256111517823935,-1.01759134682687,0.026276029843107413,-0.6851173866211943,-0.6462260090889492,-0.922080074112367,-7.534459011870243,,-3.5388412502504436,,-0.5353322061551838,,-1.359203191043319,-3.3461330284950845,,0.1622060371868051,-0.7564772763772803,0.0,0.0,,-1.1759552205781536,,-0.5994175540798246,,,,2.2783458165304733,,,,-1.4488345937943528,,2.6661275987804074,-1.1386285180937517,-3.5384843108966724,,-0.19212730989287244,0.0,-0.5305709873011304,1.760413394835705,1.6923122148942462,-1.962527221066608,0.4827511217739686,,-1.8976659585381237,,-0.00752228477217816,,0.2548601005351405,,2026-08,0.4,2026-08-14T01:30:00+00:00,2026-09-09T01:30:00+00:00,1162eaaa01dfbec4f5aa247e928e455d9fc0051240791215627203d4290ae2b8
