price__p_015e142afb02def6,price__p_04e3d3e3e4d2b7a3,price__p_08af219b10a3d0c1,price__p_090787ff4c600967,price__p_09cb91d919e19c81,price__p_0d20aebdd2e3e2a3,price__p_117934e693b030e1,price__p_12702c2817bc3058,price__p_12f4a9142c235af4,price__p_156a750ae05683cb,price__p_15e2359392c5042c,price__p_175e0c5b4d6a8cd9,price__p_1bee12058e36565f,price__p_212ef5b23dbb70ff,price__p_24e9e14ac94c789e,price__p_29096e2e6c801716,price__p_2929b2190c67fa05,price__p_29a1d693bcd6b5ed,price__p_2b23ed0aa617091c,price__p_2c2bb2eb34a2530d,price__p_2fee73ae064112ed,price__p_31deb9fdc417508e,price__p_35042b5fee5e1452,price__p_369ce465f81b2b58,price__p_3862181ef4e50416,price__p_394ed64ad5df6eab,price__p_398b35a78734a78e,price__p_3a66e1c2dcaacdbe,price__p_3abb1bdf911a74ba,price__p_3e3ac34e09abbe85,price__p_44d21f4415cc94bd,price__p_45d6c5200e1a3379,price__p_47f8c50648adab37,price__p_4868c8af6ebb3048,price__p_4b78aecc4ad2673a,price__p_4d6f925d5fd37636,price__p_4eede6d97e9bd55e,price__p_4f0bc051d584c367,price__p_4f513e6f6ede7f06,price__p_57bdf8a55dab3591,price__p_5a70d1f2747b0f36,price__p_5b64eea47fe39565,price__p_679f919cb34f89e9,price__p_6974d4181c18978d,price__p_6a02652f4a9989e9,price__p_6ad195c852babce1,price__p_6f9697bbf4df888a,price__p_7b4d7b259b6753fa,price__p_7bbab6017e1fb60b,price__p_7c74e703f996c871,price__p_8de345911b7fc78f,price__p_8f5fb68c57941b6a,price__p_8f97282e97de7a9b,price__p_9122726a99818701,price__p_9341bdcca7b05d66,price__p_93a4e9685d04bc1a,price__p_955389fa1088a0da,price__p_96d693419d7e59f7,price__p_9aad75ce6ea05520,price__p_9f31a8386b8c5eb8,price__p_a074fa497eab1cb8,price__p_a295b5ca26a7559a,price__p_aaab792e0f7a512c,price__p_ab0f14fdeeb99eb0,price__p_b2354c8beb79d919,price__p_b32a1dc815512f2e,price__p_b4735e773b7401fc,price__p_b6a4aa3d34b35ea7,price__p_b74ad31919d3dab3,price__p_b7a55e9cddc1fa47,price__p_b7b1618afb05d922,price__p_b873db1e2ba44465,price__p_ba1176602ebbd96b,price__p_bbc1e9ba2c1b1332,price__p_bc05e8925dafddbd,price__p_bcb6c83c3cb2c0f1,price__p_bd3edefacd71ccb9,price__p_bdad6ba047be1572,price__p_c0cb077ae13a5415,price__p_c2351f7e990ff8ee,price__p_c67eb545eaecb876,price__p_c790a9428097cdce,price__p_cf6f0c8ecd5041af,price__p_cf91019388b7c9a6,price__p_d03f48cac90afd53,price__p_d499d7f7dc39d7ab,price__p_d513ce0622315a93,price__p_d808a66ec902704a,price__p_d8a34b15fb6f311c,price__p_dde8e41d5f1a8881,price__p_e0705204f7294fed,price__p_e07286f243955a55,price__p_e9114732b34c7687,price__p_e9a1a6b2d848b28d,price__p_ec63403370289989,price__p_f05785b9d3415065,price__p_f155865bddb5ae03,price__p_f72f3a06539c1241,price__p_f7fd37c9c13f589b,price__p_fcdf70fd9a5b0838,carry__p_015e142afb02def6,carry__p_04e3d3e3e4d2b7a3,carry__p_08af219b10a3d0c1,carry__p_090787ff4c600967,carry__p_09cb91d919e19c81,carry__p_0d20aebdd2e3e2a3,carry__p_117934e693b030e1,carry__p_12702c2817bc3058,carry__p_12f4a9142c235af4,carry__p_156a750ae05683cb,carry__p_15e2359392c5042c,carry__p_175e0c5b4d6a8cd9,carry__p_1bee12058e36565f,carry__p_212ef5b23dbb70ff,carry__p_24e9e14ac94c789e,carry__p_29096e2e6c801716,carry__p_2929b2190c67fa05,carry__p_29a1d693bcd6b5ed,carry__p_2b23ed0aa617091c,carry__p_2c2bb2eb34a2530d,carry__p_2fee73ae064112ed,carry__p_31deb9fdc417508e,carry__p_35042b5fee5e1452,carry__p_369ce465f81b2b58,carry__p_3862181ef4e50416,carry__p_394ed64ad5df6eab,carry__p_398b35a78734a78e,carry__p_3a66e1c2dcaacdbe,carry__p_3abb1bdf911a74ba,carry__p_3e3ac34e09abbe85,carry__p_44d21f4415cc94bd,carry__p_45d6c5200e1a3379,carry__p_47f8c50648adab37,carry__p_4868c8af6ebb3048,carry__p_4b78aecc4ad2673a,carry__p_4d6f925d5fd37636,carry__p_4eede6d97e9bd55e,carry__p_4f0bc051d584c367,carry__p_4f513e6f6ede7f06,carry__p_57bdf8a55dab3591,carry__p_5a70d1f2747b0f36,carry__p_5b64eea47fe39565,carry__p_679f919cb34f89e9,carry__p_6974d4181c18978d,carry__p_6a02652f4a9989e9,carry__p_6ad195c852babce1,carry__p_6f9697bbf4df888a,carry__p_7b4d7b259b6753fa,carry__p_7bbab6017e1fb60b,carry__p_7c74e703f996c871,carry__p_8de345911b7fc78f,carry__p_8f5fb68c57941b6a,carry__p_8f97282e97de7a9b,carry__p_9122726a99818701,carry__p_9341bdcca7b05d66,carry__p_93a4e9685d04bc1a,carry__p_955389fa1088a0da,carry__p_96d693419d7e59f7,carry__p_9aad75ce6ea05520,carry__p_9f31a8386b8c5eb8,carry__p_a074fa497eab1cb8,carry__p_a295b5ca26a7559a,carry__p_aaab792e0f7a512c,carry__p_ab0f14fdeeb99eb0,carry__p_b2354c8beb79d919,carry__p_b32a1dc815512f2e,carry__p_b4735e773b7401fc,carry__p_b6a4aa3d34b35ea7,carry__p_b74ad31919d3dab3,carry__p_b7a55e9cddc1fa47,carry__p_b7b1618afb05d922,carry__p_b873db1e2ba44465,carry__p_ba1176602ebbd96b,carry__p_bbc1e9ba2c1b1332,carry__p_bc05e8925dafddbd,carry__p_bcb6c83c3cb2c0f1,carry__p_bd3edefacd71ccb9,carry__p_bdad6ba047be1572,carry__p_c0cb077ae13a5415,carry__p_c2351f7e990ff8ee,carry__p_c67eb545eaecb876,carry__p_c790a9428097cdce,carry__p_cf6f0c8ecd5041af,carry__p_cf91019388b7c9a6,carry__p_d03f48cac90afd53,carry__p_d499d7f7dc39d7ab,carry__p_d513ce0622315a93,carry__p_d808a66ec902704a,carry__p_d8a34b15fb6f311c,carry__p_dde8e41d5f1a8881,carry__p_e0705204f7294fed,carry__p_e07286f243955a55,carry__p_e9114732b34c7687,carry__p_e9a1a6b2d848b28d,carry__p_ec63403370289989,carry__p_f05785b9d3415065,carry__p_f155865bddb5ae03,carry__p_f72f3a06539c1241,carry__p_f7fd37c9c13f589b,carry__p_fcdf70fd9a5b0838,target_month,target_mom_pct,feature_cutoff,actual_published_at,feature_hash
-1.8040597870870516,,-2.7045693429118156,-4.022971503590934,,,-0.247831601446709,,-0.06639959518874645,-4.817553600011383,,,-3.4365477818416124,,,-0.7129606759511052,-0.658807122794455,-4.912163290620368,,-4.255961441879589,-6.709934199924485,,,,-11.9959315078979,-2.48820286328271,,-4.812606556811922,-0.38083929924085297,,,,-2.301736988674852,,-5.997766870773047,,,,,0.0,20.574263769795174,,,,-1.1980237101399993,-0.6362844907538755,-0.4642205118570014,,-1.8494582636164416,,-5.630010261372892,,,,,-0.4062294008878793,-0.5034171005637589,-1.0322420996297192,,0.0,0.43668191663403894,,-4.878270151071054,,-12.751332029895956,,,-0.08062194505223953,,-0.6966320307433629,-5.473790435141821,-0.6098432753348099,-0.0572028873652142,,-2.8203642903231625,,,,,-1.2962727572097812,,-3.11309185951731,,,,,-3.5975102458277926,-0.18604656529195673,-0.19568587294823575,,-2.2267423466422813,,,-8.699709892430754,-0.16592350586693752,0.39264059131527745,0.21478042646168324,,-7.8267663946560875,-4.439326026074573,0.02651464949910422,,0.0,-1.7511714570983086,,,-0.48122239945182765,,0.026572187933163995,-0.11283953804698972,,,-0.7783416347767415,,,-0.019639475408562663,0.0372050431434128,-0.20819959236129554,,-4.255961441879589,-1.0880760186520284,,,,-2.2106775781029864,-1.151041853849675,,-1.037037910079118,-0.4396571934716243,,,,-0.1400978954843718,,-2.273189443165666,,,,,0.0,11.24779834266903,,,,0.6031223212261816,-0.12786675028384545,0.0,,-0.9099804241430577,,-3.5869268134997476,,,,,0.5101184331776213,-0.3006629549031306,-0.07827789049408337,,0.0,0.0,,-2.6140224760950668,,1.6129381929883497,,,-0.06335128498225888,,-0.1689855637865737,0.0,-0.15701231286006084,0.0,,-0.17383878624650062,,,,,-0.319108672391233,,0.0,,,,,0.0,0.0,0.0,,-0.5393011174920029,,,-2.6711080054990477,0.6734265938740739,0.3654402396353277,0.0,,-2.7002566907391827,0.1346419790265971,2014-02,-0.2,2014-02-14T01:30:00+00:00,2014-03-09T01:30:00+00:00,144c0fbb223dd70ee0738e10b94fd7a9b15468d3fe0a42e88086f4d6048edede
-2.941388520629334,,-5.017941922532494,-5.056744759152116,,,1.0534883453756805,,-0.19502687800338747,-3.8305003511100937,,,-3.7457496407163977,,,-0.8340190915481698,-0.22630601061676353,-1.9514255948503294,,0.0,-6.478926482185381,,,,-7.468128880616909,0.9424400234970897,,-0.016507622114528976,-0.6157142577395193,,,,-8.079544188725594,,-3.1265710258050907,,,,,0.07160759346440891,19.885085874516516,,,,-5.196775639204471,-1.927681845280655,1.0083064024553585,,-7.567802455401849,,0.9304890951536441,,,,,0.6087269388650209,-0.023328561687910507,-11.539063739106107,,-3.3987262288136173,-5.831248205805529,,-8.432234278077102,,-10.092591858996053,,,-2.762784138452205,,-2.9272774501345933,-8.409854050279767,-1.8178715061204977,-0.05402528621717733,,-2.6293716734848926,,,,,1.1065562733389367,,-1.0596125631495381,,,,,1.4545711002378716,0.0,-0.5160771410269493,,-4.980165356693785,,,-9.171859051509202,-10.127500201985114,0.5715785891231249,0.5729547352351667,,-0.8607683640355644,0.32522653100989907,-0.6139348796053061,,-2.707967779853072,0.381315128928393,,,0.42716600387386305,,-0.017745441686249867,-0.9673190836773797,,,-0.5506740372976963,,,-0.3333148105957077,-0.27779784457764845,-0.4430555471516046,,0.0,-1.6639920924271108,,,,-1.4056666989734274,1.0653864670519226,,0.7546339779916867,-0.1481175336345496,,,,-2.536563694792517,,-1.4689904950735075,,,,,-0.28591870800451336,11.717282773089797,,,,-3.570552117185398,-0.8142871032997696,0.03904419852818296,,-3.2074387071886563,,-1.9110201008441012,,,,,0.0,-0.3113057225490279,-4.7767227137406465,,-1.0233176280029082,-2.8863477710070273,,-0.9165033603149124,,-3.4786116085415424,,,-1.3529618144617581,,-1.3492457758543441,-2.758633023945536,-0.8082461894572481,-0.034772096011066594,,-0.09985929748163101,,,,,0.8457160775676251,,0.13324452337784728,,,,,1.4545711002378716,0.0,-0.4431659299772359,,-2.2613311678416617,,,-4.534134432207053,-4.363416162609412,-0.5085492530452455,0.2233814982271833,,0.9028035894925605,-1.1300348361196697,2014-03,-0.3,2014-03-14T01:30:00+00:00,2014-04-11T01:30:00+00:00,07eeda77935bf63b32dec4f8ffec9915239cb90d8554a4a159513b83c9942863
0.5294779626917396,,3.994644355211157,7.0267989799691275,,,-0.16415442061935248,,0.03548773492416102,-4.455079698537383,,,3.5176598149740084,,,-0.64719633211082,0.18623846765205793,2.384171547815761,,-11.506932978478723,-3.3945575863835153,,,,-3.9432017961251917,-1.6154167132737447,,-3.2236713175323866,-1.2084475386050038,,,,2.0170820070821205,,-0.9215430412164254,,,,,-1.8786679694647372,12.538880944041342,,,,2.1818453041647015,-0.5297144993665152,-2.1544393906169987,,-3.3708361835120666,,-0.08652220620776974,,,,,-0.14508159165423398,0.43386770564470345,0.9647206700881696,,1.1363758650315003,-2.383847400640728,,-4.963451029914226,,-5.455898425043449,,,-6.256238791610825,,-1.5073562920513894,-3.231181134161367,-0.0314371046158053,-1.07370007444802,,0.9551573890249897,,,,,1.0034058873079212,,2.4660135040474964,,,,,2.6465452437494696,0.0,-2.1849180783708047,,-2.483698416179749,,,-11.806476547934844,0.011484352582259286,-2.6439733773067107,0.5282348249184763,,2.868292049318857,-6.202409713131836,1.738062532737662,,2.2086747399142967,2.8730342432838603,,,0.0,,-0.031041440572100103,-0.7506363254687977,,,2.5074281957744833,,,0.24235524015883977,0.74704404425053,2.1881187405063827,,0.0,0.0,,,,0.0,-0.40885029742803936,,-0.7148441650489574,0.5624997888759287,,,,1.5748356968139112,,2.440231087377632,,,,,-0.25860042456782206,3.347723852621548,,,,3.864750892604438,-0.21149160636347977,-0.8657718892006332,,4.298809403686329,,-1.3350832226694487,,,,,-0.14508159165423398,2.0762286811160475,1.9841100957264213,,1.050698293033338,-0.4719215931646558,,-0.48261779259922793,,-0.9302392662313674,,,-2.127142548687678,,0.8777252551267812,0.0,1.3004009596825243,-1.051225518760997,,1.5960197321281295,,,,,0.38725954390828404,,0.5536571706871212,,,,,-0.20062216438172512,0.0,-0.4016726168356904,,2.4180058978989645,,,-1.5621222407593383,2.7947790099682344,-1.3212745198698945,0.01463557422848068,,0.29218858113372237,-1.638770380036897,2014-04,-0.2,2014-04-14T01:30:00+00:00,2014-05-09T01:30:00+00:00,90be45ca039c50736d78012dd6972cbae455b6f13a86ecfb2e3f89428f1d4edd
-0.5628532683097274,,7.5103554268749955,-1.1061179617462407,,,0.6862772032942803,,3.207851042167411,-0.12273167140666166,,,3.032375107454787,,,-0.29660917846940493,0.37999502875417,1.9223456505667893,,-5.001042057466142,0.0,,,,0.6571765163234519,0.21652514085162716,,0.7356769559370475,2.4268741643246923,,,,-2.0521635720796803,,2.5315059627561856,,,,,-1.4695341602115572,-9.684982598991766,,,,2.3802406962473213,1.595940909582219,-0.12372534555109996,,6.633969684677283,,0.32054331207627895,,,,,-0.8715317046928822,0.002111820917672803,3.029729475531569,,-0.5949868806235055,-2.180652590811654,,-6.0949437150574255,,20.23684887392454,,,-1.9031220726684344,,2.7075817260754835,0.738010729762246,0.2911293299544189,-2.8225424428680443,,1.5502802487082603,,,,,0.14585681782561205,,2.533404689108719,,,,,-5.949597811397655,-1.5009662650565403,-0.3281381123177534,,4.258348657923768,,,0.7474112376296675,-3.5415376511722085,-2.7026631777736068,0.9564108246712398,,-6.389515441528269,-0.157841364650537,-0.56587081534597,,3.4166136530438234,0.46300570291345533,,,0.7354776962917116,,1.2925717623255517,0.0,,,0.04718093977591837,,,-0.32508298276200653,-0.2819189428604238,-0.7224236389630826,,0.0,0.0,,,,0.6571765163234519,-0.02604210910509407,,0.22418027218958372,-0.04945810504822632,,,,-2.3444443486972375,,-1.5150999110054273,,,,,0.0,-6.971577397178335,,,,0.9463709638717556,0.21652841372167614,0.34003433103252795,,1.8828714175721288,,-0.14735623678762555,,,,,0.0,-0.16880133985172763,2.398922044073411,,-0.7079174403386447,0.0,,-2.7795216580427606,,20.23684887392454,,,-0.8828667159523915,,0.022945929656668456,0.738010729762246,-0.2817584719450044,-2.1218896708422665,,-0.08853998158319462,,,,,0.12834276275167178,,-0.06331117653704005,,,,,-2.2141125877213517,0.0,-0.1266951509155959,,0.5860197412299092,,,0.47306264305459444,-2.3361702123885872,-0.5885832177261368,0.8320948511233663,,-4.256048414094152,-0.12779554454918465,2014-05,-0.1,2014-05-14T01:30:00+00:00,2014-06-10T01:30:00+00:00,9fabaa8db8eed7fa1a4ef7dbe893fdf59aba98b60eddf5fe7e2377f922d5a7af
-2.7130108836200817,,-0.050860135726114905,-2.894832195589278,,,0.048840049810884675,,1.9228089416898297,0.0,,,0.22968884328755865,,,-2.063356853061378,-1.1241551092847617,1.0615481649915195,,0.0,0.15082959118848813,,,,0.4357305368955626,-0.3800797636539987,,-0.2176563063989358,0.5964788054379306,,,,4.368869500233116,,1.4992625083063695,,,,,-1.3675617899293562,12.71551754852467,,,,1.226399629568318,0.37492712699613423,-2.1393348691876612,,4.5709806961850035,,-7.703257983953862,,,,,0.0,1.5132115877242829,2.6499342428436496,,-4.296742208752429,-1.873956848623344,,-2.2338691275200753,,0.7604599385219213,,,-0.35405103127264337,,-0.11970452453026478,0.48899852941917704,-0.9766234025696544,-4.276353366022629,,-2.9971075711089403,,,,,-0.5483566006834589,,-1.9827960105969662,,,,,-8.56554445784939,-2.10131895988163,-0.8534969526793671,,0.4945437579913335,,,-0.4625257904027174,-5.2765933340220545,0.07649354002604723,2.0800214373634196,,-1.939025512362079,-8.276694057904146,-0.3796842604343783,,-0.249564885606168,-0.7375354338067017,,,0.0,,0.7188495583506368,0.0,,,0.9669009339308859,,,-0.7465647828611368,-0.17288579439489551,1.7098571038812596,,0.0,-0.7881444437954198,,,,0.0,-0.05454793534954821,,-0.11084234790488326,-0.001967026086120095,,,,4.621181158974659,,0.3112231608403974,,,,,-0.25106340356856593,4.175526570325359,,,,-1.8207840029508544,-0.19589909929958854,-1.8393646412551392,,0.2663117419483628,,-3.640274180584255,,,,,0.0,0.09572963354892858,2.7513198547725493,,-1.150285504350167,-0.07878668912569081,,-0.1751143554796649,,-2.2472855852058626,,,1.585993594902702,,-0.0328100139104861,0.0,-0.057544022764088515,-0.0853135906375951,,-0.06995240480508122,,,,,-0.45619983434617445,,-0.8042507561161699,,,,,-0.8097210232619362,0.0,-0.26956743682492196,,-1.0191347313108472,,,0.08432592467647508,-2.554981418052309,0.05026059129218917,0.46721853304193844,,-1.564692965294456,-3.917985596956137,2014-06,-0.2,2014-06-16T01:30:00+00:00,2014-07-09T01:30:00+00:00,ee97f6a778ce3c5f71e39c6630327b413a32d646bee7359d9d0496288a555718
-2.625287003727113,,-0.2967005503214124,3.056421999023599,,,-1.872898510627697,,3.786828124575168,-1.0936782148583786,,,1.208703576158709,,,-1.6374291028461267,-1.76017345280201,1.0749904253059461,,0.0,-3.02184017943162,,,,-1.2248622076199085,0.7090701963371959,,1.2048260387393106,4.750513921768153,,,,7.090182012509406,,1.3804583736243559,,,,,-1.7142303865708135,10.959036319639601,,,,-4.804713908802907,-0.35690423787822817,0.2851906597867549,,3.5274721920908374,,1.5117789077313617,,,,,0.0,0.7852602793622363,3.226973853638735,,-3.01136876956768,-3.427532629394075,,3.9894592853822917,,0.0,,,1.8275269005905586,,-0.29906687204573906,-1.3752672552037148,-0.5512199928350109,-0.613261252657654,,-1.619468591998072,,,,,-3.527138553155687,,-4.627395264152539,,,,,-9.145582875005383,0.0,-1.7604868918910948,,4.23175773509944,,,-1.732335154021864,3.2737224570454506,0.1855267854349874,0.5239073672199505,,-5.182212460952488,-3.839738818093726,-0.11197313814896065,,-0.10949207276424902,0.46311921561030567,,,-1.9539203665556857,,1.512393429740151,-0.21261524664288964,,,0.5720415444242689,,,-0.19247004150212077,-0.5473691714745459,0.7421373818015697,,0.0,-1.9231361927887645,,,,-1.2248622076199085,0.12423343928689087,,-0.2317736867175097,2.4001936841417,,,,-0.3445309178912693,,0.600624812095211,,,,,-0.6353817483566585,2.38235414389709,,,,-3.024267008057147,-0.33607187724501725,0.9113821589469776,,1.0758564960188943,,0.7135230593549363,,,,,0.0,-0.2329393659012712,2.734766133095895,,-0.609572140495598,-0.7111682924577515,,1.584340948472596,,1.526747213078838,,,-0.7632421067425588,,-0.21699470959768377,-1.3752672552037148,-0.18215204608494528,-0.23573219148242688,,0.2879838489924774,,,,,-2.0138822258136226,,-1.909925706220881,,,,,-1.2176786049747699,0.0,-0.7466752575894328,,2.4423065471371967,,,-0.7689059667821727,1.2253608511314766,-0.09590236131718995,0.1106885173596674,,-1.675892708459839,-1.5084767562279848,2014-07,-0.1,2014-07-14T01:30:00+00:00,2014-08-09T01:30:00+00:00,a9d42a41d72a213344bca533c3ff3ba5972f57f558da2f2e0239deadbe9cbe44
-0.40735866957783,,1.9056406384588105,-0.8157679008091221,,,-1.4613724905671444,,3.437202921905725,-6.182257213384456,,,-1.2978241470481096,,,-0.4396264321045124,-1.3147393750872003,-0.16378351993923662,,-10.821358464023271,-6.51859798846955,,,,-7.872315612952756,-2.1597731742309185,,-2.4388747556953283,5.657466578570372,,,,-3.3856107094441237,,4.220465792823927,,,,,-0.38240964384033943,4.242584410222966,,,,-1.6053120986179492,5.6802330346023115,0.8103772063107519,,-3.439213279389718,,-5.319509842084976,,,,,-1.4062999727310637,0.5741524410429756,13.041817339357836,,-4.406274400418505,-3.9832645859781115,,0.9868807402161365,,10.763066419236536,,,-1.4541999994346058,,-0.6753602671358587,-6.8833918457236924,-0.5135432637392363,-0.4426210819926001,,-0.3624370864941047,,,,,1.8494868776294922,,-2.2580500961614605,,,,,0.6659292089976997,-0.1932367751053813,-2.7856954502966333,,-2.4395341985419035,,,-1.1103439681545673,-4.2695080850157625,-0.4874699519961479,0.20456877232931073,,1.1521403924084774,-4.862884577326633,-0.14452958145299788,,0.5477524159374351,-1.1116248362073284,,,-0.23799930556594823,,1.5006995167055996,-1.869213301215252,,,-0.02775359868448712,,,-0.3209989381372348,-0.625548651976493,0.6074022703846775,,-4.960615768676135,-2.5576841789649736,,,,-2.353049741019416,-0.3212641444935666,,-0.40339645507022004,-0.6296534160063275,,,,-0.6929777273417554,,-0.21727137182530176,,,,,0.0,1.0050335853501287,,,,0.5195249846605878,2.2905103783317315,0.10901824106804713,,-2.4214715824867517,,0.8608932512715365,,,,,-1.2563238044599452,0.0,4.644846465420619,,-1.616260821494528,-0.9188426054406255,,2.0024997766297767,,3.4605529177475525,,,-0.5254401426348684,,-0.22672932120037592,-1.9672765598704778,-0.058159824833551546,-0.033440597783641536,,-0.15504840615439636,,,,,1.0571328401239897,,-0.8613317678114947,,,,,0.8888947417245994,0.0,-0.9347591216472289,,0.08082569429099846,,,0.0,-1.0584776242559684,-0.4373025444898303,0.00704713358133751,,0.4686137854994008,-0.5954779183353895,2014-08,-0.2,2014-08-14T01:30:00+00:00,2014-09-11T01:30:00+00:00,db67d54a3c9c0654677878416ebb0f3463bc252935e22c8b5900b745a8267192
-4.759042131974351,,9.60233630871912,-7.603603701981844,,,-2.08330240900762,,2.1214268267262573,-1.2148972510422629,,,-2.778667231424738,,,-2.111991858565691,-2.7161084270551363,-0.0875176896812245,,0.0,-0.8115745304767576,,,,0.688103320102875,-2.066061593096525,,-2.27932379352018,0.08209720415157,,,,2.120399091449313,,5.603617425386571,,,,,-0.7692345623155614,-2.597548640326068,,,,-2.4062407752948567,-3.580959458126546,4.010503054120311,,-3.685157360852432,,3.2844897297036484,,,,,-1.0765861926559437,-1.0209326489246422,-3.18327947062295,,-1.577878493753088,-0.5319161477599933,,4.0844228847834465,,2.020270731751947,,,8.074917184986347,,0.23003543420361824,-0.6644542718668613,-3.0359052544332497,-0.7539070829649737,,-6.179683203244349,,,,,0.7956341698546554,,-0.6596100985413769,,,,,0.2524245039446857,0.19323677510538603,-1.792660044594327,,-0.2734460745964938,,,-0.1627339659375371,2.7323649005843387,-0.8074584865145382,0.3587468822856779,,2.2023701849696415,9.832028047174024,-2.506496987518339,,-0.12698923634916176,-3.8039248136027526,,,-1.1276388067934608,,-0.5167178932192198,0.6899222460271933,,,-0.5175593159068326,,,-1.316961070425972,-1.1364103945299808,0.6438623147948999,,0.0,0.14636698901605055,,,,0.688103320102875,-0.5307793292116386,,-0.36017602557921646,0.6794747940377094,,,,0.13740555531437287,,3.4106878476793923,,,,,-0.16588549991557974,-0.36774404458871934,,,,-1.2692315358662412,-1.3796029597145114,1.1228188137491415,,-1.3690742186172093,,1.4341836436684057,,,,,0.0,-0.7476438716799033,-0.18525398422094147,,0.3250978155845654,0.0,,0.5887092196779067,,-0.6644542718668501,,,0.26703870124986306,,0.48883646786657564,0.0,-1.5206137279966236,-0.235027449307131,,-3.1551638426823985,,,,,-0.021288170953439975,,0.0,,,,,-1.4024786878159545,0.0,-0.5409294510202919,,-1.057109417218444,,,-0.11936412897887218,0.35398267051242077,-0.11039234556707342,0.0,,0.7615023091507179,2.8353259506497843,2014-09,-0.4,2014-09-15T01:30:00+00:00,2014-10-15T01:30:00+00:00,a82aa5652c7442fec3fe24fb09bc76723b8ff0dae471e4aebbf9bd4f9f9c0e0e
-5.380321414616711,,2.80530888636416,3.8012265957754434,,,-3.0352931912048877,,-8.656842454745671,0.26702285558788924,,,-5.234576043610625,,,-3.7263312407661626,-5.402477965507728,-4.274036052368263,,0.0,0.2920928427663698,,,,0.49534244459740395,-0.6247990325648738,,-1.0146303944662631,0.36478216894805127,,,,-11.855631017613694,,-6.6055895997321405,,,,,0.0,-7.285369835533189,,,,-0.7607632890501742,-3.0204251485065647,-0.1707279632454368,,-7.255255030606176,,4.080155486323197,,,,,0.0,-3.3838647174700545,1.4326892620761702,,1.1937551021053763,0.0,,5.131108149367758,,-5.480823649499503,,,-0.7196629032039803,,-0.0462955316547346,1.3245226750020722,-5.260402439904588,-13.143983322900436,,-4.700745465570321,,,,,-2.2015968536709014,,1.2461220437811815,,,,,-1.4991013804576951,0.9606221805439933,-3.2746095800693307,,-3.7069558138246688,,,0.0,2.1864568327034406,-0.48273970493482987,-0.5468406083887681,,-2.3908841963745617,1.3003875650515655,-0.2025479078484933,,4.540400108329341,0.3902083506408903,,,-0.4241787908363141,,-3.684724651353498,0.0,,,-0.28846917597502825,,,-0.5758807513134978,-1.1130293082555174,-0.5529543990654898,,0.0,0.0,,,,0.3299555197165475,-0.11485883692294867,,-0.2890017824793635,2.8042481848357648,,,,-4.677010720951057,,-1.2996211116438523,,,,,0.0,-1.8786477085056177,,,,0.26348212396300724,0.47108670216823845,0.0,,-2.039928956155913,,0.3997842560293427,,,,,0.0,-1.6018381409336808,0.0,,1.8450110672309248,0.0,,1.1044203668934063,,-1.3986241974739952,,,-0.23252358069366222,,-0.07769815485818457,0.0,-0.7211380466658248,-7.457454986290177,,0.22169117812089745,,,,,-1.5441681792281357,,1.699954206906311,,,,,-0.33242177646421667,0.1913876182283976,-0.5925789250031086,,-0.24738172977718428,,,0.0,-2.1396720040699835,-0.03772873087576252,-0.3875564164580135,,-0.3302198184849437,-1.6216785399346594,2014-10,-0.4,2014-10-14T01:30:00+00:00,2014-11-10T01:30:00+00:00,6f135b4d4ba38014ca04e4b0e3a07c2f68eaa188c38d0af0bab20f1efb07898e
4.846319875285277,,1.2562362298094478,-11.94269484030314,,,-6.107304859336649,,-5.429739253964032,4.050194330932995,,,-0.19977657217906958,,,-1.0533092306511753,-1.721011294921153,-3.1580148771704684,,0.0,5.077232537342314,,,,4.979805943365622,-4.24014829452811,,-3.8237169687014148,-0.3299555197165393,,,,-6.706423058054588,,-0.6206779440976333,,,,,0.38535693159899725,-7.827523575807508,,,,2.038402543206757,-1.6097974791606326,-0.7405997600411098,,-11.617907918359977,,-17.925537687671834,,,,,0.0,-4.448490391183311,-5.607373748270252,,1.5908703316594688,0.41513711224759703,,2.0902023401403627,,-2.8573372444055885,,,-3.9075078202545814,,-0.7436582916433104,5.55342886448051,-0.9909561797065589,-1.5451511097772377,,4.287241510460682,,,,,-4.603532901674254,,3.382128242965322,,,,,-7.053015080583787,-0.38314223115559487,-2.0302726257359485,,-0.7931837245129293,,,0.0,-6.497813107125751,-0.03774297081981211,-0.48597609150898347,,5.969574848859134,-6.584197280845048,0.6766546839848099,,0.6080534032415936,-7.639444112085743,,,-2.225268037106052,,-1.4473936889834802,1.8460926718170523,,,1.2172809139151173,,,-0.42646702235036293,-0.8723407438527495,1.0289633737819044,,0.0,2.1213523131878924,,,,2.1496472055689426,-2.4204381026831876,,-2.158044209759276,0.7719758579416021,,,,-1.4666485829379037,,0.9408612828637012,,,,,0.12700369248074833,-2.179922834258429,,,,0.9489153127106851,-0.8488321618955275,-0.2188526745024832,,-4.627359128425599,,-9.130257979029818,,,,,0.0,0.26040512178523645,-1.3865350880802592,,0.5698021114637796,0.06375518226795118,,0.3315103317837346,,0.0,,,-2.5856115060358476,,-0.40239495600600755,1.8339918636756294,-0.6648981817873932,-0.3656786038419847,,0.2954604191058398,,,,,-3.1407189948362486,,0.6673364772419206,,,,,-2.448245917760731,-0.38314223115559487,-0.4167834116949848,,0.1444586844830182,,,0.0,-3.1292801006936912,-0.18192311003152328,-0.16068056387129187,,1.6892899211469021,-0.9157262565547233,2014-11,-0.5,2014-11-14T01:30:00+00:00,2014-12-10T01:30:00+00:00,8c6775f960e76ab4796ca2e976e0658ca4bedc390591d800d0c379e49aa55dea
-3.6020039159603936,,5.001198684177847,-26.348076212763527,,,-5.731325081785352,,-0.2964407188226705,1.9562297433320046,,,-8.453321713663657,,,-1.0774169509078113,-1.1153390657423043,-8.349069570773043,,0.0,3.521422110120559,,,,2.2577320211152876,-5.517896387279075,,-3.6574646851615658,-1.0083720296830851,,,,-0.9431621475505225,,-2.63576083292224,,,,,-0.7722046093910278,6.889083587643485,,,,-7.185346137163978,-0.7621869328829937,0.0,,-17.14990406911997,,-19.420352376467097,,,,,0.0,-1.1976191046715536,-14.66537580083959,,-0.15795296286676783,0.9514819641338488,,-4.052555217095023,,0.0,,,-0.3544228799464383,,0.30111735543146567,2.65306644094991,0.14034642347062945,-5.8703141917064245,,-3.093741642874022,,,,,-3.423210081599932,,-0.1664170795121795,,,,,-8.591826835691453,-0.5774799493883909,-0.991840882803204,,-3.246198093066627,,,0.3252035386377316,2.231364318220728,-0.6013649019754448,-0.07097064479006113,,0.538095443980062,1.2191143200411003,-1.4093092639328255,,0.22871690060435648,-18.44232075933846,,,-2.7409966769738587,,-0.0575871020809371,1.3544225107757253,,,-6.064566423444319,,,-0.3604303316255635,-0.24525250088407308,-4.975426168190658,,0.0,1.5605749712829287,,,,1.5216965804860245,-2.1464516053720795,,-1.0391604670727916,-1.3324450234412941,,,,-3.604541012320514,,-1.944813817819484,,,,,0.0,1.6710270706020252,,,,-1.9679218217661547,-0.5712582067208744,0.0,,-10.733958367815053,,-15.445605753095156,,,,,0.0,-1.067501307289317,-6.817953268652305,,-1.4438417804207941,0.6544940496193954,,-3.188331789331679,,0.0,,,0.1620846935487104,,0.046522447919815045,1.8349138668196616,0.4824675865752748,-1.0819192774242667,,-1.0712384156622552,,,,,-1.8922359689405928,,0.3002504340708197,,,,,-2.4791356952644317,-0.5774799493883909,-0.5546117877470809,,-2.527875779642574,,,0.0,0.06714507785104981,-0.34566999551366856,0.0,,1.8982595862818852,0.0673400698848063,2014-12,-0.6,2014-12-15T01:30:00+00:00,2015-01-09T01:30:00+00:00,c9e1559d25da2452783a09a51286c919ce5037ddf47c12cb0e420348fc59318b
-5.684641779625499,,-0.17118266921087377,-8.90027029592769,,,-14.238518531948488,,-1.3786552491222175,0.07172315172087765,,,-3.73971850115226,,,-2.9909627846124978,-2.8918245562306177,-8.690189211585105,,0.0,-0.03824091824805834,,,,-0.41671296182753503,-13.289713761036781,,-13.298928355487316,0.4769815336734398,,,,-14.85820012470601,,-4.935291038574617,,,,,-0.7782140442054963,1.0233176280029173,,,,-3.1786582272137363,-6.845237176691834,-0.5925187536482382,,-20.96773171595414,,-11.638542383137946,,,,,-0.7711219423490244,-2.132717048404738,-19.08631591169082,,-3.179969244516704,0.6188722747116462,,-5.781751940688679,,-4.445176257083392,,,1.9858808649603255,,-4.874365362315719,1.3005963679133985,-1.8108337791650972,-2.533456574802258,,-5.002006405941365,,,,,-0.7284904929195191,,-2.2230622459001004,,,,,-3.126398626607865,0.0,-0.49558386283040845,,-2.093089080006273,,,-0.8150004361924414,-27.947931218157972,-0.839021433050611,-0.07102104888850978,,4.9368446133644435,3.2697528578014534,-0.8000042667076376,,-0.24811937120037234,-5.705187401698423,,,-4.855368300799569,,-0.49296505675022484,-0.3757048877712288,,,-2.3206587920628974,,,-0.879722576652123,-1.5757963439058058,-3.4772660230803285,,0.0,-0.4008021397538822,,,,0.0,-4.8627463710918555,,-5.851683082155397,1.0965192223171818,,,,-3.7614451202007064,,-2.4084521295378107,,,,,0.0,1.0233176280029173,,,,-1.0328817434490665,-0.16261203085844086,-0.3496575743078927,,7.368209565146894,,-0.813315136019536,,,,,-0.6768037336906835,-0.34707795496981714,-4.097168864904608,,-0.09786332537696184,0.3981564354640888,,-1.2699735271513202,,0.0,,,0.15277908065390516,,-2.723492059313414,-0.5012541823544286,-0.8339037948824429,-0.976116434127146,,-0.5734577200510189,,,,,-0.3767425485130621,,-0.7127130118070923,,,,,-0.5390848634876423,0.0,-0.19152184751816043,,-1.5768212299457236,,,-0.7175503716346104,-3.996726040706587,-0.2070440708110573,0.023684896252455852,,-1.5870543072575933,0.07332274555557476,2015-01,-1.1,2015-01-14T01:30:00+00:00,2015-02-10T01:30:00+00:00,a76fbe599ac305178ed59eb5d2c9bbbbe3fc2b158f9bdf8cea3e0ca7c6765f76
-8.110616649497663,,-0.7752024422237411,2.472180013741869,,,-0.10902492782306865,,-0.017971874065536016,-2.3393940188238522,,,-3.3705221763975426,,,-6.28922553984073,-11.429236293917166,-10.291095009515496,,-3.636764417087483,-2.497951547571343,,,,-3.034592512831449,-7.637937262602593,,-12.944413145705875,-3.0145712463415477,,,,0.2893301461336162,,1.670000434584158,,,,,0.0,5.875969520692245,,,,-9.484712259294724,-0.014360823697691637,-0.03542679483607034,,-1.2616792660726839,,9.280571795630124,,,,,0.0,-2.129459571830284,-12.372826679508904,,-0.9180392344961251,0.9885102083944566,,-3.4172312925733923,,-9.531017980432477,,,0.44478367310328865,,-12.620317013033649,-4.028373309163197,-11.91227837405863,-1.2463298396736997,,-7.642489934612646,,,,,-4.736187792916727,,-1.4754084758271198,,,,,-7.577255847233025,0.0,-2.6151717391377716,,-10.185092923216365,,,-2.563959657196638,-3.3911116980408087,-0.18941534966224632,0.4960913531133883,,-13.962237303049719,-3.758998877973765,-1.556560647184113,,-0.039457946972441274,1.6379743792147443,,,5.328583194490647,,0.24744135895838032,-0.5671957388826653,,,0.9185438723038404,,,-1.9026169134387458,-2.3949842303470095,-0.2992053469540941,,0.0,-1.2277266167231857,,,,-1.5064927969461466,6.112192741694242,,0.7873149202495485,-0.5354454906212024,,,,1.4564651528213461,,2.318658141162655,,,,,0.0,0.0,,,,-1.2431380797307565,-0.016754093822209708,0.0,,4.581786643741551,,8.94487584442233,,,,,0.0,-0.39699470827227024,4.111335663022672,,-0.3288394939586552,0.0,,-1.201892402297295,,-5.669534367654518,,,0.7873335554060289,,-1.759334602171169,-1.6553806049522297,-3.237692872445977,-0.17179545501369528,,-1.8985236462526762,,,,,-2.966654292621024,,-0.3795070968551498,,,,,0.0,0.0,-0.9406836169056867,,1.1400812700305325,,,-1.8082471728532958,1.0384309305716388,0.14907845189604266,0.347005364427411,,-4.78932530298506,-2.182999747868192,2015-02,-0.7,2015-02-15T01:30:00+00:00,2015-03-10T01:30:00+00:00,220d12dc67b398f8d89217437a82f62906083faf484ab6e3ae45a1e39e52e84a
-1.8765942594876561,,0.25004786106909815,17.233652900213134,,,13.49215969117514,,1.5117681836919443,-2.245200536050754,,,3.5879415670242887,,,-1.6657837337828083,-0.2607263468463386,5.451808818352279,,0.0,-2.7028672387919372,,,,-3.1061970399864913,20.049940279503492,,9.281877698474913,-2.2828412696319105,,,,1.6734887710352018,,-1.4255922216838144,,,,,0.0,-0.7763390617833926,,,,5.330603215901493,-1.9831191837803397,0.0,,10.181772703847635,,10.515618978654112,,,,,0.0,0.5831333292203195,6.63533955556232,,-1.7946643190836937,0.0,,3.4354877965036,,-4.255961441879589,,,2.467926748368815,,2.7921858403631745,-3.421086191631627,-1.6032776855069664,0.3230023174691747,,-3.8845211380752414,,,,,-0.25910160326521364,,-0.8679103256624101,,,,,0.49834801767689,0.0,-0.3971289777119313,,3.0124551858610706,,,-3.311824720996053,19.41222538105757,0.19392086892412483,1.3412337521442748,,-3.892481139050675,0.1858579566859451,-1.7676507984331198,,0.25004786106909815,11.9277391373354,,,4.783082621385865,,1.4443903035460781,-1.323535025558359,,,2.0653812380224608,,,-0.6632156092032806,-0.36406179435613656,3.6344008817111586,,0.0,-0.7226045091739695,,,,-1.645650766591298,6.952764394837016,,2.379657723612649,-1.2953291352114227,,,,1.095985500144256,,-0.29281457581100223,,,,,0.0,-0.7763390617833926,,,,1.7784639529199713,-0.7669644548935466,0.0,,7.3780144897916635,,3.7930658037631946,,,,,0.0,0.6399757351845307,0.9501925305764406,,-1.7946643190836937,0.0,,0.6042314455962441,,-1.7241806434505993,,,0.30889890310101054,,2.472147636777602,-1.8138190455200456,-1.2846719557559678,0.26495066494795927,,-3.234473112284987,,,,,0.5564922053423735,,-0.8679103256624101,,,,,0.49834801767689,0.0,-0.31949352768596634,,0.3941084664462526,,,-2.0387832508958406,11.238570707019045,0.19392086892412483,1.2964704667141043,,-1.643229462708158,0.6095514978977331,2015-03,-0.1,2015-03-16T01:30:00+00:00,2015-04-10T01:30:00+00:00,61d66a4db3aeb2aa4cb5b08ecfdeb18b2be2bf9eff147e32fd751e7578a81893
2.2107532354041695,,-0.35246453308900505,8.89462265089461,,,-3.632921454824467,,3.9401139607012117,-5.23901812167992,,,6.026551178774373,,,0.5881526063757965,-0.5235009453540519,3.8233178287858314,,-7.696104113612832,-7.463498138858079,,,,-8.355435824467271,-6.866631137134373,,-7.804729138813718,0.49549847700991795,,,,-0.14215965459199462,,3.2472527894191803,,,,,0.2769598618510587,-2.3108273049252985,,,,-3.94242269426909,2.4098714237945096,0.17307847920669694,,2.39306573965914,,-12.835897267830742,,,,,-0.990107098271157,-1.8603751122388066,0.2709469743267669,,-3.688942868571351,-2.2195215977424687,,-0.12786557591973996,,8.3381608939051,,,-0.7740437574976825,,10.284045791187953,-9.258124368243301,-2.547501035408202,-0.45355310177069685,,2.80789972304835,,,,,2.917659725363667,,-2.8290429839096434,,,,,-0.1988552543479382,-0.1932367751053813,-1.8026094569868085,,2.471150084113672,,,-9.05310602690861,3.7024084012500484,0.5503962134947926,2.291659213948154,,-4.156191316296569,-2.1498865906088667,-3.012836498101194,,-0.41026835835993486,9.207671334192543,,,-1.3113515658109902,,0.17034328282205985,-1.4137286309285433,,,4.028186441570123,,,-0.31417376788208495,-0.8378219646416756,3.5229216263788956,,-6.638681199518873,-2.29599185601594,,,,-2.335322701920308,-0.9412032507294065,,-0.2992183042979192,1.1702924014682259,,,,2.549032211911426,,0.9405908550983588,,,,,0.2769598618510587,-0.384299127916763,,,,-1.5817347273975226,1.7204708215723952,0.015722034463648806,,4.061959114269228,,0.7997643348482655,,,,,-0.990107098271157,-0.4379097439343545,2.8805136181654176,,-1.244829352656803,-1.0111735619989923,,-0.5468478811632151,,1.6129381929883497,,,-0.36990675195993256,,5.301449826476304,-3.9644831347240133,-1.2724552510277565,-0.2616845067157814,,-1.4599936196224101,,,,,0.1685761115595841,,-0.10754616559076949,,,,,-1.4346547403197827,0.0,-0.7845612293024199,,-0.08378430051060992,,,-3.301863520600776,0.919725534202217,0.2242857442248194,0.027272727441790545,,-2.661045845799828,-1.208603405857794,2015-04,-0.3,2015-04-14T01:30:00+00:00,2015-05-09T01:30:00+00:00,e6583db230004c5cd5e63c9aa9a3a7a4b9f3d06447e10b680bbb4f505d31dd3f
-2.5812612546587053,,-0.7024614936964466,17.61174091384279,,,6.02558257840628,,-0.23856192621127323,-2.949948029141675,,,3.560314355195452,,,-0.937658429934594,-1.956414699340656,7.797854215878852,,-10.981486600720656,-7.596305871324674,,,,-5.913310257066329,8.36288578725678,,6.892376363784295,6.167867122010829,,,,14.55707348135471,,-0.3698707401397418,,,,,0.5012541823544414,-5.2509945271964025,,,,-3.1257358708594243,8.984366696714197,-0.24790962032884695,,9.57548989303825,,2.7232110155000573,,,,,0.0,0.9190692640046183,20.43617040796139,,-3.1816045184659942,-5.304438368881713,,4.712633549964502,,11.332868530700328,,,2.508616131168045,,0.8385177198344907,-6.002384078304456,0.2816367227917259,-0.32447301648890053,,-2.8482434521629503,,,,,-2.905174205082741,,-2.7638122820128395,,,,,-4.017923171072033,0.0,-1.3290937763114958,,5.362717832272111,,,-4.455541397972203,7.664890625758347,4.3810623855372,0.0,,-2.4856085117326816,-0.62283938371269,0.09077780693533506,,-0.6505961941230918,1.8794960775739358,,,1.9952952533831683,,0.012796178225556575,-0.8113634774169775,,,1.8585913057346086,,,-0.19111846143351996,-0.04328237884563349,4.246522174077473,,0.0,-2.1546066900939436,,,,-1.2322684726672732,2.671982469938157,,3.221356762741604,2.7718812811362388,,,,-0.286944242795282,,0.8057288833413332,,,,,0.09694620245481636,0.0,,,,-0.3991328509126196,1.1276118544353764,-0.03151467428092388,,-2.3271411745603316,,0.3567315558825306,,,,,0.0,-0.06888770389412803,0.43299561882898563,,-2.5883380776462817,-1.2976392365806175,,2.025608667573432,,2.1661496781179466,,,1.6160187142601978,,1.3467691794482308,-0.7777484612607335,1.0468099411550436,0.0,,-0.14516131581268196,,,,,-1.62636532391363,,-2.692050527946489,,,,,-1.5373831504542004,0.0,-0.06601512847197764,,4.501148150679608,,,-0.7521312754230852,-1.007396027913369,2.2048956704472245,0.0,,-2.077671732408849,0.1737016243591109,2015-05,-0.1,2015-05-14T01:30:00+00:00,2015-06-09T01:30:00+00:00,bb239cc1b2d15699ac3f607dabfc3a015a1d2bc2cf02819961c6bb08b7a3cec2
-6.49180371766789,,-2.167973763587557,-8.943194105156875,,,1.7145346008478957,,0.3618796124106932,-3.3129323759879328,,,-8.66169667298502,,,-2.2669754695914044,-5.21864559589182,-5.816989308010101,,0.0,-3.1401247917181907,,,,-3.0098031157279412,-0.10390825836519406,,-1.6352521025851656,-4.126470633856132,,,,-12.210269680089985,,-2.33293444512729,,,,,0.44474597140980965,0.7220247973487097,,,,-10.766227974722113,-1.412249354690719,-2.0620108027048345,,-14.237690905517361,,-8.521379477007228,,,,,0.0,-1.1303335669060777,-0.31910713522116674,,-5.957004158743645,0.0,,4.550499643684138,,5.556985115481079,,,6.8755789076384115,,-0.046496009930201594,-0.9049835519917927,-5.134930402122209,-0.003030348944914563,,-5.524708830201276,,,,,0.20924713337810355,,-6.198524468417071,,,,,-2.848216101590246,0.0,-1.8634169550244228,,-5.186507950130894,,,0.0,-3.1063054898464872,0.359597125439522,0.0,,-3.2441668773532184,1.498606979855192,-2.0689341818420455,,-1.0364358810245267,-2.3422159515513856,,,-0.48402189994693706,,-0.2334614894034805,-0.6923346651610038,,,-2.993814493786635,,,-1.2365995575888862,-2.060151653322531,-1.2141571069134838,,0.0,0.5087836535583621,,,,-0.47111075078965614,-1.7685213789040575,,-1.9426338929307692,-1.252846164197835,,,,-2.7450920890809236,,-0.9787427132784999,,,,,0.31692072595318843,0.7220247973487097,,,,-3.238995277542643,-0.4585512256667699,-2.156525045947427,,1.7260843673726247,,-3.710409959351653,,,,,0.0,-0.3263115328864834,2.280424106701055,,-0.6460216273488092,0.0,,0.6519036877206654,,2.04785313435407,,,1.0063528378616768,,-1.0503416330564914,1.0050335853501506,-1.5482643533823954,-0.13854454757016155,,-1.6578236403521363,,,,,1.045046281978178,,-1.6728653096049861,,,,,0.0,0.0,-1.3625811835871704,,-2.6485322621489433,,,0.0,-1.4215893908028525,-0.40726305531913165,0.0,,-0.6355015527698055,0.5486041532264261,2015-06,-0.4,2015-06-15T01:30:00+00:00,2015-07-09T01:30:00+00:00,fe9105c34cb45cd8b6a4af93c0e6ab9b979c8362d6d35db37404bdd4cba59d03
-11.315618016222553,,-1.7624029455515655,-4.111959576947946,,,-3.1585473286479946,,-0.875008250488531,-0.4008021397538822,,,-0.982826520239765,,,-6.1481121279518725,-11.059411029822991,-5.634530028488251,,0.0,0.2895754919255578,,,,0.1665279319061249,-7.665128157671168,,-4.5753098412868605,-6.621153712111067,,,,0.0,,-4.335549746162019,,,,,-0.17379554437321118,15.31224021016924,,,,6.713729090485542,-3.366055266377895,-3.8247852665939046,,0.16952400636580714,,-3.194868784770968,,,,,0.0,-0.04567252876834706,-2.5247998579113498,,-4.96292503775554,0.0,,-2.121648870654454,,13.26864411589582,,,-2.6803567866169296,,-4.378257016714027,0.0,-9.860425705593508,-0.24044763646771508,,-8.477313938299051,,,,,2.467944483092132,,-3.961310083734277,,,,,-2.3945693596353808,-1.3632148790057756,-6.314710675690821,,-4.248984878942291,,,-0.5178950557058566,-1.3582402986411022,-1.878526151927926,0.0,,0.3052322263348113,-3.6830001632091935,-5.386747575059117,,0.0,-6.849253072721001,,,-1.1880575040523438,,-0.26544520445660025,-0.4008021397538822,,,-1.0939257514245961,,,-1.1710192755670565,-3.829936371224324,-2.9591605598181197,,0.0,0.0,,,,-0.9933856524290624,-3.041402806558184,,-1.5417211958118695,-2.0307362021280317,,,,0.6514681021193672,,-2.226924557654341,,,,,-0.08886657076925768,2.5001302205417186,,,,5.953650581228945,-1.4497336718628093,-0.04177982095451619,,-5.769555145568158,,-1.263869816113505,,,,,0.0,0.2961752246300773,-5.0629090513271855,,-1.5109631391766087,0.0,,-1.1337798072892618,,6.73036818961066,,,-1.6245194116629886,,-0.3843671662228823,0.0,-5.070587356757078,-0.035686490764266374,,-4.092596237942781,,,,,0.04187576467578109,,-1.7799822701209118,,,,,0.0,0.0,-3.1528617390131033,,-1.6195127793481239,,,-0.5178950557058566,-1.7664750356638255,-0.9274976557608107,0.0,,-0.41331503229514177,-1.65365717441305,2015-07,-0.7,2015-07-14T01:30:00+00:00,2015-08-09T01:30:00+00:00,548e66146e6badda0f9820166224d0ff1bb1a2bcdd8be3fc3b48aed540b079f8
8.0728642438099,,0.0,-8.501407855206084,,,-7.258302987030782,,-0.6796602065552207,-1.0838486719455707,,,-5.333511745729015,,,-2.7667310211872125,1.219836065234673,-6.088275799643595,,0.0,-1.212136053234485,,,,-0.7236324368516696,-10.277133504966873,,-8.356962927673113,-2.926760781488596,,,,-3.7041271680349097,,-3.0379626506491073,,,,,-0.5970629918497483,4.820210181787768,,,,-0.964327627180423,0.30424058455299524,-0.8519261714892158,,-7.542577615428589,,-3.353816678370516,,,,,0.0,0.014425157499640536,-15.533584346325874,,-0.7641299999958755,-0.45874206323658967,,0.5600354051906615,,9.04571101552514,,,-6.214898037775747,,-4.946792983697959,-0.6079046076382226,-1.1010588948604334,-0.03190083424947565,,5.8853761830915845,,,,,-3.1736499888002876,,-2.312241742085415,,,,,-4.393589379872476,-0.19627091678487057,-4.372263694417093,,-8.195924379598658,,,-5.980116917457344,-16.359119315406527,1.250530132206279,0.0,,-2.2363339956604946,,7.267872904222431,,0.0,-4.52803230776848,,,-2.850495126278649,,-0.48226066599310846,-0.42643987864575394,,,-1.7167711169688755,,,0.14946176359921295,2.346949669341663,-1.4332946493035914,,0.0,-1.212136053234485,,,,-0.557104504945536,-2.9885433005881494,,-2.535799928471034,-2.0838514356012583,,,,-1.7368506081644253,,-1.7334297151779618,,,,,-0.5584007064271156,1.1834457647002798,,,,-0.967949044241302,0.002278362768605093,-0.20630283299588192,,-3.7998521726319594,,-0.9502391020229638,,,,,0.0,0.12990138944782417,-5.43146322817871,,-0.16135542024414914,-0.45874206323658967,,0.5089932943419689,,3.29700192375699,,,-3.437728907761301,,-1.5087827731665044,-0.6079046076382226,1.629272279540893,-0.03190083424947565,,5.797223441168495,,,,,-1.0746305847577249,,-0.9147672936787072,,,,0.45372128653559646,-0.15235622333655233,0.0,-0.48383786810708135,,-2.621736743212162,,,-2.001046269129546,-8.744855628122028,1.9145780070354148,0.0,,-0.7695203286515806,,2015-08,-0.8,2015-08-14T01:30:00+00:00,2015-09-10T01:30:00+00:00,a3e0bcf1e3c3b2ddc5c0fb592458957befad4d3efb762adfb0f3dc1f1c16f643
-4.86242462166151,,2.8679729558199805,-12.751332029895956,,,-3.9196039234537356,,-4.231943187891181,-2.2691411202070766,,,0.3556793096660545,,,-1.0876730604753522,-2.9859895284771762,0.5269675454721424,,0.0,-1.4247354728832864,,,,-1.321543203560069,0.6308582430916617,,2.650810847355226,-0.0503404704376329,,,,2.0674294216143654,,-1.578056556533227,,,,,-1.2246088993193536,-5.43940720657988,,,,-2.001765699524268,1.638300459690853,-0.961321905527655,,-12.076043935396537,,0.5420980904184678,,,,,0.0,0.8283504391634416,0.9855825527722487,,-1.8745455173236159,-4.883502331173274,,15.431989888172762,,-2.185879381249896,,,-0.6744079752574839,,0.41700140619397374,-1.443292365275629,-3.119585576848093,-0.050150452405160174,,-2.3602397462899756,,,,,-6.030664390929967,,-2.3669744085904734,,,,4.488074527838985,0.4919241456273077,1.7527225708960321,-1.4293919400086663,,3.6089722074905364,,,-3.013140430936696,-4.739618608380986,1.827955199346936,-0.009090082726024547,,0.5498825102985124,,-2.832597399212693,,0.5847453997021921,3.7494204427580433,,,-0.3322328683888236,,-1.789547276978511,-1.626052087178029,,,0.7115380165850932,,,-0.15086956724161257,-2.0805900489566027,0.8769972738310433,,0.0,-1.4247354728832864,,,,-0.48002351103162333,2.8302001839484294,,4.893980179396132,0.2783363479305282,,,,1.280774270214762,,-0.4359260158977764,,,,,-0.06689884750613521,-4.754715592983501,,,,-0.7951589475747947,0.5513866024626002,0.0,,3.830899592977661,,0.9060785721077063,,,,,0.0,-0.3403590142634437,-0.08745081449326202,,0.412201737806486,0.0,,8.518036922649944,,-0.5509655810969473,,,-0.029937430993284646,,-0.244485104760013,-0.5244497598350005,-0.8164808442258319,0.0,,-2.1587239292021594,,,,,-1.557412140885865,,-0.21362964757819458,,,,0.3381750458943072,0.33211588149269794,0.0,-0.7008567259909994,,2.001941007037164,,,-0.6822992281820208,0.23451784629727798,-0.20246337268670353,-0.009090082726024547,,-1.158883597670013,,2015-09,-0.4,2015-09-14T01:30:00+00:00,2015-10-14T01:30:00+00:00,4df1c9e0abfc8c8efa9c2dd57c630b31f5e028758cbd7b1dba87846c09317302
-2.944665275331777,,-1.4555745039859176,-3.087166366708703,,,0.6846057638954796,,-15.585572288517358,-1.6529301951210582,,,-2.3171287657471895,,,-1.978140822807139,-3.1070739400891156,-5.681181226488825,,-3.636764417087483,-2.302404006839872,,,,-0.9384399881640259,3.5010862665446743,,1.746486188350946,-4.93912256149982,,,,-5.4250589749748,,-1.9548167893804234,,,,,-0.1694147717221459,-11.159106540846235,,,,2.056599280982616,0.6144698600235884,-2.9363076716183696,,1.9204979836050047,,1.2222266100848649,,,,,0.0,-6.084667398172252,2.9973038969128485,,-0.7017572658646535,0.0,,-5.546211843130628,,-6.269859421556405,,,-5.325246787099834,,-2.638635240204895,-1.0259688937615243,-2.395826548745001,-1.0090949232221882,,-2.9373758647120307,,,,,0.3399955971512583,,-1.334788385826017,,,,-0.6165087038795601,2.682529184896721,0.0,-4.715702595476658,,-0.9566393067653358,,,-1.7634549560215214,2.0222318172782145,-0.8544251782996343,-0.10459538460114266,,-3.0365262767828165,,-0.8759751626065109,,-0.5695630536384774,0.42466279364899506,,,-0.2902721183496303,,-7.899374024316683,0.0,,,0.08201354791457549,,,-0.6223828231200397,-0.6977786707060835,-1.5900112071891923,,0.0,-0.35380375547109794,,,,0.0,-0.020885547277253964,,0.370710431762956,1.8050055180534368,,,,-0.9418917038396343,,-2.08452344167793,,,,,0.0,-5.9578323002698665,,,,-0.0694127345433025,1.1170380547241339,-2.791522056750248,,0.15446706505501295,,0.45484879838600667,,,,,0.0,-5.73596869280939,0.11956830976761514,,0.08288438104009123,0.0,,-3.005133648895516,,0.0,,,-2.0195128181869233,,-0.43404939136297116,0.0,-0.9437354358947596,-0.7762500022427834,,-1.0420347221039623,,,,,-0.2093346284382837,,-0.21649716185144283,,,,0.3315305776097152,0.9079180395571063,0.0,-1.617174863364823,,0.9431623835902202,,,-0.4142630573047359,1.8100041643617937,-0.3422222255702994,-0.009099595074285701,,-1.9819226277377338,,2015-10,-0.4,2015-10-14T01:30:00+00:00,2015-11-10T01:30:00+00:00,9798f3de602b8f6543598b59e91d08f14e50b513bb9a13e4a8d1ab6a80a83a1c
-0.7499171756967556,,-5.91395839935667,1.3675045776780828,,,-0.6979715315114249,,-1.2390288765107762,-6.566508139427682,,,-1.0748180790324282,,,-4.717031642191336,-2.2522588538877173,-6.83256733398091,,0.0,-5.195973893071111,,,,-5.460704949099685,-2.406953184807351,,0.6599659033184211,-2.814870850858223,,,,-1.101514844132834,,-10.983996827481155,,,,,0.16941477172215894,-2.8170876966696334,,,,-2.205931049194842,-2.126023261758505,0.8856371828303702,,-1.723462309546704,,1.3741009873628451,,,,,0.0,-8.997566129067422,-6.547257008364282,,1.1941669600263602,1.1706993925499272,,-1.5449094538303503,,-6.689423483003024,,,-2.883336594568305,,-5.338650139885889,-4.80092191863606,-5.378421574977943,-0.7506026933420497,,-1.834828413861301,,,,,0.4990258028193875,,1.2492085774363983,,,,3.936810301312589,-0.5546664866907071,-0.9699397088713505,-3.537074370531462,,-3.0435619719095017,,,-5.063025491241263,-7.095095090520233,-4.0986137307102855,-1.2729692478318553,,-0.621826112355558,,0.09909330444720871,,-0.23643387828694548,-1.7196617890306303,,,-0.8332715999045232,,0.5342178418922149,-2.0202707317519466,,,-0.07164206143012397,,,-1.3994725923411906,-1.3829429671491682,-1.9076483855761857,,0.0,-1.324522675002068,,,,-1.4677513753761493,-1.1563457445106153,,1.2380925135420175,-3.064963444974216,,,,0.566677839688581,,-0.6774011489303693,,,,,0.16941477172215894,-2.1202207650602936,,,,-3.2420967247462475,-1.240735021070626,0.09995003330836451,,-0.011057910287387578,,3.757132900746042,,,,,0.0,-0.850246668021768,-2.9552065623428763,,0.36907977102680695,0.0,,-0.5434374060428051,,-1.2500162764231495,,,-0.14940403571599972,,-3.3903590991653902,-1.2382041543209525,-2.8850985478508973,-0.20091810848352262,,-0.6231425510010764,,,,,0.1999001165418048,,0.6441937673680552,,,,0.7058852839624827,-0.5546664866907071,-0.9699397088713505,-1.505500451975267,,-1.8576481512275482,,,-2.1446475002432694,-1.065992707959822,-1.3922463015951583,-0.44830237734191536,,0.5759574998487279,,2015-11,-0.5,2015-11-16T01:30:00+00:00,2015-12-09T01:30:00+00:00,7e33eeb09b49f98ecb34be649c2c13d836db8218ae14fa6be4c7555bbaaad5d4
-8.929650505194328,,3.7995294892378877,-2.045706769225571,,,-2.314962011823779,,5.554393113822035,-1.530398113939035,,,-1.5585375932674719,,,-5.175498074533978,-6.7636765786898465,-6.738676111391411,,-3.7740327982847086,-1.342302033214066,,,,-1.9500922662724993,-5.361986100665657,,-0.24406791776775758,-6.973160486502613,,,,-5.004510831991806,,-1.4333468521514843,,,,,-0.9095285730204491,-7.410797215372185,,,,-5.344680885250215,-1.157290529484278,2.284439588977109,,1.3837555240824706,,3.4181731502019694,,,,,-1.449689817904514,3.951815911812525,-6.77593765137882,,-3.3294794070832676,-1.915339675116386,,-12.17024299509926,,3.7041271680349075,,,-1.5064471419588796,,-4.191787851895041,-0.19691506198808723,-4.318315302044831,-0.2486147405538683,,-9.488257936457046,,,,,0.692145552382438,,-2.646001256306681,,,,-1.8850141848335358,-3.5808073214504543,0.1947420284395629,-3.8641378740675365,,-8.654755388031836,,,-6.707865450695525,-6.572745236740649,-0.8465376134748733,0.0,,-8.19978859069585,,-3.2810783009118176,,0.1707363581331939,0.7618195011324128,,,-0.28958999570645,,0.5103469806997603,-0.48077015681031204,,,1.097906728241187,,,-2.055645625594163,-1.8662569167549703,1.710247777654996,,0.0,0.0,,,,-0.6134988567515944,-1.6440741982505576,,-0.6880583774470022,-1.3014798097967262,,,,-0.7997563691006716,,2.429847278314706,,,,,-0.3450125366302905,0.0,,,,1.3290945684209945,1.7938568687596124,0.40412689266750335,,-0.4309694762251997,,2.076162254118588,,,,,-1.449689817904514,-1.2420875003331773,-3.2496173376496373,,-3.3294794070832676,0.4399269921348956,,-2.979607223798885,,1.2195273093818206,,,-0.7298582551905572,,-0.4667651102785286,-0.19691506198808723,-1.0033183047730698,-0.08991342563536127,,-3.163726375602447,,,,,0.0,,-2.646001256306681,,,,-1.322389364423958,-1.010055501331645,0.0,-1.1562107679560418,,2.052941378742687,,,-2.584718751800192,-5.4199282733805285,0.11864123614478937,0.0,,-6.866472387724701,,2015-12,-0.6,2015-12-14T01:30:00+00:00,2016-01-09T01:30:00+00:00,d6308784ed19be217c8724cce63bef94756897bc425fb3462aa5d5561a1ea92e
4.349548059736069,,-0.8001507010777817,-1.80789216734473,,,-0.3178738033174447,,-0.9724057377274392,0.0,,,3.128439013075314,,,-0.6037580271376668,5.260416321851528,-1.0715513813125406,,-1.9418085857101628,0.0,,,,1.526747213078838,-1.8602992393071283,,-1.7154958243823917,1.400482500165192,,,,-2.095885102084352,,6.800577970493929,,,,,1.2121839147920386,-24.649091531120092,,,,0.7734172781414681,0.8975520963649533,-0.5747753982433128,,-1.858183886413296,,-11.486605552465518,,,,,-15.51126230265477,0.385664418442414,-2.8054544982454686,,-2.7022875269666797,0.15411063449618892,,-8.243405302731194,,4.154900291287248,,,-4.232722941605031,,3.181315937198328,-1.4560151331329663,8.886785735146175,-0.9223907158556607,,2.44014148896581,,,,,0.0,,-1.7291497110060994,,,,0.4597317819594243,-3.3001564054464985,-1.1741817876683287,-2.311348063564037,,2.751479715729051,,,-3.4614925156935956,0.5006115461013682,-0.6824279520336948,0.0,,3.3898569000549856,,4.290003304681464,,0.9854116001786782,2.9654489591120443,,,0.03568683468201365,,-0.12715206555074368,0.0,,,1.9423705776343336,,,1.2794145070707599,3.060443379466187,0.26710560642916603,,-0.9756174945364685,0.0,,,,0.0,-0.45892691836408916,,-0.7116768133758647,0.6827278569442219,,,,1.3417909334039366,,0.5072963236709153,,,,,0.47207011349373934,-10.6344283567959,,,,-0.5382438205944551,0.06922547621729908,0.0,,2.958902492046724,,-5.642832116468146,,,,,-0.7090591707817855,0.6017538194451366,1.85225010781857,,-1.0810916104215618,0.0,,-0.7419419557717454,,4.7628048989254665,,,-1.5303981139390461,,0.9604511744009121,0.0,4.175972102859263,-0.1860974811848722,,3.3121042462467596,,,,,0.0,,-0.6241660923476056,,,,-0.16973610117731877,-0.6587434547486919,-0.1966568972040827,0.4166433793134443,,-0.17872562646496648,,,-0.6367803979997329,2.1233526922745565,-0.5212206538390591,0.0,,5.022705795669545,,2016-01,-0.5,2016-01-14T01:30:00+00:00,2016-02-18T01:30:00+00:00,7c66023040a2cfc16a1f20b312b769d76b792dd186face692a8068f06928f125
12.47712563713799,,7.762195958791966,-1.910333057673144,,,0.2594626874379336,,-3.503413283844688,1.0789707421380026,,,4.954613307950933,,,5.410908767458586,6.910353380101341,11.577732169108556,,0.0,1.134617638730152,,6.072984620754584,,1.2651117553558726,0.24846056049376053,,0.645253376074524,0.7478422594859866,,,,-0.16877641137197408,,5.467648611348842,,,,,-0.13535726711320198,18.42364324769882,,,,-2.940967393651427,-2.3799665898267546,2.0132116590758664,,3.97128945561868,,-1.471415235897393,,,,,-0.4237294475515267,-2.301025170616193,9.05338933460936,,8.361414004113351,-1.7928052786773816,,6.712371206424797,,5.745705502478722,,,6.713930283762852,,3.853491406552742,0.19373593402261763,10.132000687867906,-2.5482280470391556,,11.669890445605786,,,,,0.2567598963445195,,,,,,-0.7665483408298948,-3.881929480307258,2.045061047129084,6.644720901042957,,-0.5675565232965376,,,5.466931423544019,5.999278753980757,-2.1272100079144396,0.12872677225236293,,-4.061104290599524,,4.494713459132367,,3.2247833201184206,-1.4655379699010778,,,-0.46449277044321013,,-1.5196276739194226,0.0,,,1.0873710655230717,,,1.0806605017955764,1.0277262678399628,2.7316288529103994,,0.0,0.0,,2.3420274208098424,,0.0,-1.915353703402831,,-2.049510146320698,-0.1739985003643514,,,,-3.2414861513732394,,1.8076383605253277,,,,,-0.08896969814966496,0.0,,,,-1.065289400489803,-1.4870217595759108,0.8519136755352983,,-0.5012541823544286,,0.2727741387026164,,,,,-0.37297661276222044,-0.9683973447863528,4.1961609382211575,,1.0337077781499064,-0.6730794641421032,,1.565036185890738,,0.0,,,1.2933587003042952,,-1.186674976191058,0.0,3.9650531949183145,-0.49017262459756367,,4.233501833986076,,,,,0.8791999208288205,,,,,,-0.7241161256559585,-1.1172141177163224,0.0,1.209439917807442,,-2.978023955113096,,,2.7210333077267435,-1.9330255945941546,0.014382281054567542,0.05744683453596432,,-2.0676178660361493,,2016-04,0.7,2016-04-14T01:30:00+00:00,2016-05-10T01:30:00+00:00,a9c0db3b5d2b7cf8cdb08e74aa769a62c22109abfd1fd95cf0032615f8bb5747
12.599960501023725,,0.6566961592858714,-4.748009340587788,,,2.358214917401388,,0.29255119808222435,0.0,,,-7.5450815625829835,,,10.630799035204513,11.127251729225202,-8.804732445615032,,7.55075525081451,0.0,,4.364628528201691,,0.0,0.9929797543444498,,1.7839599953794731,4.376640763767253,,,,0.952208824719075,,5.6636680138583655,,,,,-1.7568283197814012,-4.809475384933492,,,,11.865899523384362,-2.8021522922657907,1.6175501768999523,,4.070781714799562,,2.756437161316751,,,,,0.21208915691376296,2.85870001328721,9.618584039876616,,1.5915455305899582,-0.6048161656907584,,7.442864771297558,,5.913052322682246,,,-0.8236148135936441,,-2.19211862002815,0.0,11.690071464361052,2.2644776381523433,,14.122091602172105,,,,,2.513456998631136,,,,,,0.596711343484147,0.0,0.0,14.40423191564664,,0.1374799838811376,,,37.09165166169617,2.660958460102202,1.762850934846556,0.0,,-3.4129740925482945,,-7.605309547527657,,0.6382682870771075,-0.7972255459362473,,,1.6587476595449087,,-0.46191998547703295,0.0,,,-2.9463987982062663,,,-4.848274387336513,-5.8937518775348305,-1.3658557192392742,,4.2527994365355335,0.0,,1.8707336934764909,,0.0,0.4502927470662668,,1.0532305126326524,-1.107590923758795,,,,-0.6284755186257237,,-1.2062661423142382,,,,,-0.5890454887806189,-4.809475384933492,,,,2.3122417420854213,-1.8106964394551748,-0.03646012720411688,,2.009755470139668,,1.0239115363245708,,,,,0.0,2.0382560080005274,-1.8954007883674362,,1.5093086838500267,0.0,,5.717884597970526,,2.421425812059453,,,-2.0261975030485377,,-1.205375079297721,0.0,-6.306762448839845,0.478258942423203,,-6.028235024328335,,,,,1.294169523571741,,,,,,0.6736903491244132,0.0,0.0,-0.14048094609268547,,-2.4305955783311193,,,13.377055269549734,0.6906104796411996,0.19093647146749546,0.0,,-2.52569873400067,,2016-05,0.5,2016-05-16T01:30:00+00:00,2016-06-09T01:30:00+00:00,d555d5375401a0b333d14bb3d01c9c21f9b9f038cb22af50b3531dd84479e352
-23.831901442804952,,1.0744347108965093,-4.673425221068238,,,4.044368289823855,,0.5989851677129973,0.41377690775055187,,,-0.9904086552601419,,,-11.723488165149528,-16.26473511449489,0.7140322286030136,,11.980119981262058,0.4349501548093405,,0.7625965113066564,,0.4845384996477443,1.6586841336935894,,5.485277994509249,4.1137853676580125,,,,-3.4604303749948677,,-0.6823061034724504,,,,,-0.7908305352068277,-13.875879605967418,,,,15.301771436690279,-2.3869410807348554,-2.5567184544185837,,-4.205545847713376,,1.6756641540276493,,,,,-0.08478169223395593,8.007163968950062,-9.192054840574958,,4.589412970977995,-1.836711361112654,,-0.31309818585089594,,0.4773278752657812,,,-6.190473095135836,,-0.8471742358945582,3.4245578513167563,-14.035825755935791,2.119520442744075,,-20.11848342909574,,,,,1.341622840379173,,,,,,2.8074077373651143,0.9134960503551325,0.0,-11.419646817636792,,-2.3668959035424786,,,2.032545394074664,-2.7969721912526695,0.888582131757534,0.0,,-3.540787588251054,,-1.4930761580515246,,0.6758662868289798,0.15681841845041875,,,0.8664565922937262,,1.1627717594490141,0.41377690775055187,,,0.09073175780085838,,,-2.5299763794067527,-2.337214015304703,1.4759163540922267,,1.3968068582403075,0.4349501548093405,,3.00347251510176,,0.4845384996477443,-0.06902145115522175,,1.7973914455379738,4.269171965048142,,,,-0.06510552172399946,,-0.9196185922441431,,,,,-0.5937084528474114,-9.25428704377679,,,,5.896513271616766,-0.06998313613481733,-1.7838856471075069,,-1.9690932561325845,,1.9996906353948456,,,,,-0.025442055855339384,1.275301477953083,0.7638975706290376,,5.893424929058607,0.0,,0.524018666355625,,-0.4750602758597865,,,-2.147032498917335,,-0.5435465026568361,3.4245578513167563,-0.8879916874445047,0.28737487048414834,,-1.2986366057078715,,,,,0.2897978020723577,,,,,,0.7381943694831438,0.5830282045852657,0.0,-2.673089125753083,,0.3398214516766845,,,-2.462593392151975,2.3967429170868884,0.5336092047449846,0.0,,-1.731227761128536,,2016-06,-0.2,2016-06-14T01:30:00+00:00,2016-07-10T01:30:00+00:00,e686b7adcd18459b2c2870235102523a2a1257b862d509f43a8cff8ac4afde36
7.054960682542358,,0.37740157789323164,8.147427081941329,,,-1.1227321071897993,,4.787138232591193,3.765935960095591,,,4.8772889618515824,,,1.606971456579689,2.73075098495004,15.230258984650233,,-3.2789822822990837,3.95446920091318,,-3.830949309454716,,5.0724466158333374,-1.50436311541302,,-0.1938110303681033,5.653609836184981,,,,3.4055349761267726,,4.65580910960682,,,,,-2.0980772406251997,-11.54273219639244,,,,8.554188064098968,1.150449283639861,-5.419193287485205,,4.47728776390957,,-5.306183060074156,,,,,-2.795279823941185,3.2329744601579136,2.5948202642894227,,-6.469321214259782,0.0,,4.0794119567292375,,-11.599891386288212,,,-4.960066923911618,,6.484944169038152,3.582198410354942,0.35463705771451,4.359466721158537,,4.393363074128922,,,,,1.1237604818027185,,,,,,0.4370239897248218,-0.5997857375689138,0.0,-3.716147691511557,,4.583203493530846,,,-11.752336461712847,-3.0906072643287223,-0.7614933878926333,0.2019507284184347,,-0.08645222252367613,,5.236107122207966,,0.0,4.8725052102663255,,,-0.16867620200271774,,-0.3128750531646855,1.7699577099400856,,,2.9639996628292917,,,1.835790729055854,3.3647129029052056,9.363050378548426,,0.0,1.8576385572935457,,-1.2386615842134319,,2.379436748467556,-0.9365830237448863,,-1.0997249003774892,3.692004914518433,,,,2.0006754360359897,,2.5540592535792763,,,,,0.5243381589275566,-4.317217186520878,,,,-0.3218466903935477,1.0875408683513066,1.049901566946195,,5.010073428160455,,-2.7803029598383118,,,,,-1.755113569560713,0.5320249913566512,2.9231246544082228,,-1.9203858799404987,0.0,,1.025477592074956,,-3.6749542208741492,,,-0.8515913216186624,,4.103633540986379,2.2814677766171263,1.5943852149985036,3.9021712793691314,,3.2556071127739212,,,,,0.09341711417803181,,,,,,0.16469041930574335,-0.4802310644330252,0.0,0.9018517501093134,,2.3351907582470686,,,-2.8372417213086814,0.1854714596594499,-0.46695613576007666,0.0,,1.6936005903677145,,2016-07,0.2,2016-07-14T01:30:00+00:00,2016-08-09T01:30:00+00:00,1cdfbf5169c6576f6ee932647efe342cc7396c99d2c40c9251eb190a1b0e1e5c
5.280969882982105,,0.0,-4.430970534520936,,,-2.9925813561215726,,-5.375100472603445,7.066009687840082,,,0.49219535117821417,,,4.520805280623565,5.360356501921413,0.05541834971059381,,0.8298802814695064,6.254266571185671,,4.627448940484795,,7.169192845611648,-7.176533812448693,,-7.41842481601461,5.406465453022173,,,,2.996167524235429,,-2.6479593082178563,,,,,0.9401485512395122,-9.237332013101517,,,,-11.01704332775495,6.487137786526125,1.1648584040519616,,-1.7747694042829558,,-6.66987581507742,,,,,-1.8264343116278066,-2.491772796295015,3.065691994479187,,6.739643834945934,0.0,,1.8066290660617226,,-2.162246401316566,,,-5.00005427339179,,1.7711442380993678,7.6125270088732195,4.5857313171740275,14.21195062760903,,3.2681328655768933,,,,,-0.37721659214235237,,,,,,4.850019210660001,-0.09655496143544437,0.0,6.522989915972389,,0.535525734133048,,,11.08307070176115,-3.2123714963736063,-1.8156641610585924,0.05271541818825512,,4.506107790879667,,2.80825826957754,,0.0,-1.9704105200335924,,,-1.8161131809820523,,-1.0307673915854494,2.092356917910138,,,1.6519811747920519,,,2.3815192619852414,2.825897805523144,2.017124559610841,,0.8298802814695064,2.214284618449477,,3.964920637139402,,2.651187651078412,-2.182500691379327,,-4.718037898530728,1.0706529031835232,,,,-0.45129239369720686,,0.3241980920616157,,,,,0.8064559836730495,0.0,,,,-1.9426815457117608,3.6967298193073233,0.07810466421528628,,-2.677186748103798,,-2.9692500028082325,,,,,-0.7433991490707587,-1.174612795419513,1.6830247387555328,,4.3348000030497875,0.0,,2.0745910418415874,,0.5479465764625571,,,-1.0715107554013226,,2.559133770768998,2.6833978371854714,2.5134272754002835,0.877032374603419,,2.732289472804329,,,,,-0.09519277253820689,,,,,,2.8381411299128345,0.0,0.0,3.570859874893187,,-1.0404369759492171,,,7.128366092143458,1.148868154703838,-0.699311894374922,0.05271541818825512,,1.1503141185909098,,2016-08,0.2,2016-08-15T01:30:00+00:00,2016-09-09T01:30:00+00:00,76aca6578d9b2be292bd1e73974348081ddde8ada6716175f7631f016ccbb049
2.604846974328185,,-7.208948616438385,4.891626660838487,,,4.016439813098895,,0.615352746633954,11.146650914000702,,,1.5405339819207502,,,4.401056957126538,3.033172699722948,0.08306998220360279,,18.383556162516975,14.919870377741818,,5.367047458782497,,13.663976417545017,7.7165325032888115,,7.8185544237604985,5.691518533005783,,,,0.7278033654267564,,-0.6717016549765815,,,,,1.716113864245136,0.0,,,,1.4325739548612035,3.65349851683653,1.703047224763405,,5.033385770610465,,9.609712692361255,,,,,-3.0438602876830636,1.3253323883230723,1.9919153635576816,,4.265602319206893,0.0,,8.498347900493176,,0.5449604767564464,,,0.12951272653775192,,3.9563640614036695,9.789121820673744,5.789757566413205,-4.792826129603126,,3.3721584175208847,,,,,-3.4746384167496354,,,,,,16.275796661040427,4.484478162222961,0.0,8.343246504952157,,-2.653281159258515,,,29.032059640996216,2.338215406790847,0.07661367928854476,0.16255512708900124,,-0.9797042340636308,,-0.9110153122450667,,-1.3041856789455308,2.4080593494415474,,,2.178464527255623,,0.6043310338486355,4.81274865378372,,,-0.3369157993857015,,,-0.5219500339746235,-0.8319001750091174,-1.5096609372828294,,8.927697900015714,4.924698016990818,,2.20457427032942,,5.503079461603934,3.396345512255102,,2.4361502485724653,2.9886358937549486,,,,0.0,,-0.5958860412267788,,,,,0.48675376581397434,0.0,,,,0.37467020052287797,2.4762174117394484,0.17498564034836706,,0.39198168680107287,,5.180958444456353,,,,,0.0,0.30410319145597203,2.7127171292424817,,1.0401282479615546,0.0,,2.7688193235833207,,-0.5420067469339256,,,0.6411058680124259,,0.031938946454389175,4.206529089046481,-0.3287637050929801,-1.8898666120619796,,-0.07289329129037916,,,,,-0.7577920068997791,,,,,,1.991320424819202,3.9433562954034995,0.0,0.6438823545006175,,0.1277815873528227,,,9.187406104236207,1.013387550885186,0.11733858312976402,0.0,,-2.409423836796257,,2016-09,0.5,2016-09-14T01:30:00+00:00,2016-10-14T01:30:00+00:00,576f538b3d85468a5cee079c39388c16bca4b6695a250661fe4d4bbcd259d4d8
-2.535742685079926,,-3.077165866675366,-2.2729470167777643,,,-0.5348072232472387,,-12.20095150384239,11.428914640212778,,,1.2751212141758768,,,-1.5164202652324221,-1.8891066823950264,-0.3773794123091791,,15.617232982835091,11.504342897624872,,4.986370157795618,,9.277340015235486,4.253201877629134,,8.873459690487865,0.6763909692338788,,,,0.6430890330290331,,6.408241942792797,,,,,1.2904417074377177,14.953173397096384,,,,3.0750349654106044,8.321296657990695,3.556321244019981,,-0.33402096758734945,,12.874642441884784,,,,,-2.081962778239007,-8.445522689128506,34.348427923589334,,4.551164608287688,5.0130978032491536,,12.4666019159946,,-12.73394223766015,,,1.1101393071173793,,15.394416897149746,11.741793377486173,-1.4636743074831393,6.77044076452507,,-1.1929952505773915,,,,,1.324708023396797,,,,,,-2.018503571435795,4.631560465648176,-0.20263431452324726,1.458880227034063,,2.8475982438476497,,,16.09737640121892,15.214183375180049,0.22948948683385928,0.04116920601581026,,-2.9192196984687753,,1.0046641720339058,,-0.3643354914798533,-0.690797160636671,,,0.1694824466809886,,-3.8006152567686433,1.0841162308319425,,,2.9306786703395202,,,0.6764980393722057,0.7425268719421939,2.6773378027421324,,6.062462181643484,1.1034103763634233,,2.059693409062291,,0.6219299813916921,1.6011925652508283,,4.48411936312744,2.240696937566518,,,,2.2284936447078976,,2.5824449297864356,,,,,0.1442973555370341,10.227884912041825,,,,-0.765743081528328,5.829502774745636,1.9111508149353722,,0.867301612594393,,7.84343091543866,,,,,0.0,0.6629917146101477,15.488857164458999,,1.5658682933195736,3.7360666961337277,,2.9054134722166323,,-7.718963869112998,,,0.6340055746198723,,1.387097484303497,0.6990670029545984,0.5146194029541261,6.487478629944992,,0.5921095558611877,,,,,0.708370848381614,,,,,,-2.5963287105068718,2.10085818899727,-0.20263431452324726,2.90892526975838,,-0.03844700657870902,,,8.374742356656999,7.46207993964613,-0.031036252979726536,0.0,,-1.0936467945159134,,2016-10,0.7,2016-10-14T01:30:00+00:00,2016-11-09T01:30:00+00:00,4123ff705d463230338fe516fd14648b9377858085160525cb83524cf2f96936
15.702007235483345,,-2.9866599606293494,10.694696002503976,,,4.655605753757935,,3.418616463491681,11.301807806735727,,,5.681771998780211,,,5.8322141480009355,14.485642685715142,9.43279531913965,,20.173964265105628,6.840272688440062,,8.399658432366378,,8.617769624105241,0.5878794211917923,,6.484544849027693,7.674426246630038,,,,2.218791497536214,,8.643412008713968,,,,,2.063519367269262,7.386984856645548,,,,-0.22962835138188192,6.711923542371172,3.807253921738503,,4.7347201035272635,,4.147743746109907,,,,,0.0,1.9215250894674036,-8.909730997362713,,8.68642381049714,4.740115059365563,,24.09907962435077,,1.8349138668196616,,,15.447062863817823,,11.526947264172549,11.413093163964126,13.876690548868655,0.07007299556801522,,12.725371855502415,,,,,0.9882581641759012,,,,,,0.6030850059464854,8.384597635133785,0.40485885260003324,11.604423347948583,,6.6346893797350885,,,21.564265417969512,11.685825887538115,1.7984393855252887,-0.027444254031620336,,5.951571949490743,,8.438477109881639,,0.6032635766594558,7.792084643957955,,,-0.5998419264689189,,1.3728539316702497,3.992925861373848,,,3.4996869073955597,,,3.8117968478905966,8.714880409134766,5.085774813887102,,6.967992063798981,3.122630745839985,,0.8918308490923992,,2.6588904829394697,-1.7562358348461808,,-2.100775971793126,5.5783091364978405,,,,0.0,,2.730762720654173,,,,,1.4186816435723257,2.719832925730893,,,,-1.3208845565956158,3.220338231362621,1.6899109787426703,,1.7752105105196765,,4.205648509632597,,,,,0.0,0.22323755506977622,-7.286769261728791,,1.3361776112044643,1.2293618991549637,,6.508294395814591,,1.8349138668196616,,,5.865148746757529,,7.505169520598666,3.094709506524385,8.468880548904638,-0.26751232874554287,,6.484635552510292,,,,,0.7214041815559864,,,,,,0.12844348563219782,2.1964447239469447,0.40485885260003324,5.640938954830503,,5.79251409038489,,,9.961369720494524,2.6180538897417494,0.5550082446738055,-0.027444254031620336,,0.5889737094751794,,2016-11,1.5,2016-11-14T01:30:00+00:00,2016-12-09T01:30:00+00:00,861f34eef855059ec785f31dbb3913907158dd56b3f07fa7bd0862ae1059f312
12.15999738407697,,3.3435224483318726,12.604784765316204,,,-3.507757536001932,,-1.1185395348399119,0.9584244024975183,,,-1.4492719172578676,,,10.273002819336327,12.190194403280442,1.2833220941391617,,11.778303565638346,-0.8298802814695065,,0.5247634213469773,,0.9132483563272472,6.251482198215045,,8.552036233993308,13.141382545205815,,,,6.836738855695981,,-6.359590257017487,,,,,33.69084297526347,31.290312652955627,,,,7.957181965849629,22.33938026246505,2.3142564245935917,,28.281679590163154,,5.26632196356414,,,,,0.28011222797117735,2.643212972391367,20.89976752610385,,3.7176640250916604,1.2476490236059945,,-1.221582166357435,,1.801850550267843,,,6.899287148695142,,-5.318803827621084,-0.7647451237191063,13.24775825915599,0.7547059335351062,,10.637569732408192,,,,,0.5445033242670673,,,,,,1.6283403306733928,15.306377072701984,0.0,7.7772687971100165,,15.353997459270607,,,12.188055468749292,11.68255107128388,7.810693427677612,-0.17169744268170076,,10.708363367936252,,6.177856573972693,,1.5097325700981188,0.4143645728782209,,,2.232913352817148,,-1.6731522812765884,0.0,,,0.2054675107073864,,,5.342973129608249,5.296696506519071,1.1317436727266068,,0.0,-0.21643228293765832,,0.0,,0.0,5.667038610441664,,4.733413448080903,0.3743068789267069,,,,4.7422135678030575,,-7.376547021013664,,,,,12.246842052637271,13.904521815126358,,,,-0.3894286627015487,3.897163626420161,1.4150903712467788,,14.172412362082012,,4.5034262621976895,,,,,0.06995453240854947,2.051196972913861,8.215125202850203,,-0.34251940695279326,0.0,,-1.5872514867348388,,1.197619104671562,,,-1.5931281695124193,,-7.092928959338998,-0.88496152769825,5.762666437644521,-0.03539834437073849,,5.5472342500840375,,,,,0.4772332630218557,,,,,,0.8745340960405419,4.937408461779942,0.0,1.9051004505318363,,0.5889961106263457,,,-1.025139607171382,9.846928916431832,4.550625964439011,-0.032072575931852074,,3.4927809205727205,,2016-12,1.6,2016-12-14T01:30:00+00:00,2017-01-10T01:30:00+00:00,2bbda9f14a762d9c1a27bd8dc699faf5768f300aaea3a52a67b1199dc646866c
-1.2004351815061756,,0.19660306214495074,-4.439403122601806,,,,,-9.283380974106304,-0.6482504565508012,,,1.1339717010193209,,,6.36511187789168,1.2505467823719723,1.6606153267434114,,0.0,-0.8368249670516579,,0.5870858349783827,,-0.7665669952278644,,,,-5.3889747918313695,,,,11.882213325662965,,-7.670460584747913,,,,,10.865308043593824,7.27593542824283,,,,-4.888771590779535,-14.622589333063718,1.4182454218959575,,-0.18423765137697445,,14.39416340331272,,,,,1.8476276167573211,3.6375761021050073,23.016728034934935,,0.9313945008883988,0.2763806966315708,,-2.9679597839645315,,6.899287148695142,,,12.617877244942195,,-16.684974628795466,-1.0152371464017962,2.3620284166707926,-0.6548718831313793,,1.5408155207917635,,,,,2.39715117503078,,,,,,2.5267956293061022,4.978173589172702,0.20181641562371952,2.1510867835472993,,-3.497410479432629,,,-9.457015756988717,5.961374001937733,7.964219501198282,0.04810500728440266,,-2.804353130491806,,-2.149296024047978,,-1.7119295066057676,0.7626319074793251,,,,,-0.7272759329079809,-0.6482504565508012,,,-0.9605843234894971,,,-1.5191195021334625,-2.1859097777217276,-3.4079781301011747,,0.0,0.0,,-0.35708526824879605,,-0.7665669952278644,,,,3.179274434718584,,,,-1.3766114525258084,,-1.9345163159213796,,,,,0.06114338313385797,-0.6644542718668501,,,,-3.2369890006069686,-0.717132770126092,0.23689450173780663,,0.5209258868357458,,7.906867545346725,,,,,0.0,0.4368257815506249,9.573516563352854,,0.4646128847183539,0.2763806966315708,,-0.9883327802342758,,5.1293294387550485,,,3.822414244618703,,-1.1280677765149438,-0.6306602125408223,-1.089393754406742,-0.2989055303798748,,-1.9786004304444498,,,,,2.031242486767903,,,,,,0.12321262218290799,0.0,0.0,-1.2457236285589122,,1.4147634864656196,,,-3.495480518124023,-4.059991696202152,1.8742019407235986,0.04810500728440266,,0.7261150490929608,,2017-01,0.8,2017-01-16T01:30:00+00:00,2017-02-14T01:30:00+00:00,84fcbca1cc6a389ab8c6ab4ea5c30c3c4e7190072d3c4ab2b39001fa9a2f21fb
12.688511125770516,,-0.3366670677891723,-10.39910041881055,,-1.3176541216574484,,,1.6085059618024569,-0.4932781105655608,,,-4.825279534833533,,,11.66170321276601,5.9688021672085005,-5.354579054619232,,-6.16935690053399,0.42105325363434576,,-1.8778347871952787,,0.8152722570250662,,,,-2.285960364386108,,,,-4.3368339646180285,,1.1547242081879219,,,,,-3.885010943559027,-5.4067221270275825,,,,-2.297723313695233,-2.4684218803452502,0.40022160871768986,,-13.563324722039546,,-6.52693391420007,,,,-1.4366755089281102,1.701685985836901,1.6302936888074426,-15.962464025862896,,-0.8378637068525598,3.568717804500675,-1.5102676739854775,3.594490055857602,,-4.255961441879589,,,-3.7703837625419916,,-2.481996867816479,0.2690677396886343,0.724012748158045,1.1689113526259278,,11.095350992487967,,,,,8.120648179536033,,,,,,-0.5982333852321402,-4.7897830996921815,0.4024150299725327,7.178587035020245,,1.0849509113309281,,,-7.043000163006339,1.2199992830780475,1.0232890351337818,0.0,,8.885711510546153,,1.137981098633152,,-0.2681786054174918,-4.443647343151498,,-1.0775214260248434,,,2.1708571168669004,1.1067560240785468,,,-1.667478681686882,,,1.4742407295064974,-0.5334607366336321,-1.7142534359819768,,0.0,0.8438868645864603,,-0.46449983981430454,,1.2814735676061908,,,,-2.965589011769833,,,,-3.8382585937469655,,-0.21498836117576176,,,,,-4.114564156286575,0.0,,,,-0.060395113010477244,-2.9575295976351836,0.2208767416130109,,-7.565938133633253,,-3.135974762084516,,,,-0.5286137393577637,1.701685985836901,0.7164697780054075,-6.599521740781402,,1.5387334528898935,2.5936347569425,-0.5437226362187829,1.8349138668196616,,-3.058342337208028,,,-1.6496048979223163,,-0.6552524780663905,0.7885494273990392,-2.245479251295944,0.01151933649895459,,0.9844618905719822,,,,,3.3354067646381207,,,,,,-0.8142939662227172,-2.9541838092404973,0.20100509280241,0.5848685154957983,,-1.3827115620333996,,,0.8876184108740968,-2.778207328628052,-0.6655885853532598,0.0,,3.3407279187511985,,2017-03,0.3,2017-03-14T01:30:00+00:00,2017-04-12T01:30:00+00:00,9beb69623e0f123548572d103da2bef76192fb06bb2787d512a3e729963611c7
-4.805139800648749,,-1.3999084056800433,-8.429606253617486,,-5.2906961321735695,,,5.70475994649947,7.983408927877324,,,-1.9397719412331125,,,-4.659489875083846,-5.43043910454174,-3.010547135019901,,0.0,1.6667052485211644,,9.176670804083335,,2.388663117436604,,,,1.5994803935372421,,,,-10.740566700388108,,1.8341125494538961,,,,,-33.121951811895386,-7.696104113612832,,,,-6.272141314233087,-6.1679118048943335,0.6823894854900695,,-12.451294787258242,,0.0,,,,-1.560182023045083,3.644798804268925,0.35870617413400707,-29.907973394997043,,9.760223360987384,1.8420604007054666,-3.080457782664187,1.812232071169957,,-1.8809331957496227,,,-5.503681445536057,,-4.06154438859639,3.293650024626494,-10.618498784471244,-0.03456199111471101,,-4.791430714940921,,,,,4.306580149592062,,,,,,-0.7412343666403477,-8.991700535160593,0.0,-0.6495696098627334,,-0.10608511048687472,,,12.65954385954679,-5.551123837281138,-3.052210358008229,0.0,,-1.0238593317105182,,-2.521450540060036,,0.19525065475419215,2.2206639597596456,,-0.6797609256489476,,,2.434571220459596,6.009089093295515,,,-0.3402022510437545,,,-1.9681220424870602,-2.4946348582826317,0.19399788571571888,,0.0,0.09922276322570399,,0.6391742960010093,,0.7051832857244777,,,,-1.9112555100438573,,,,-1.1997038223487522,,2.519576814367776,,,,,-12.204347599858881,-3.0723172642840675,,,,-2.837022363685659,-3.191173197558285,0.07937258283097436,,5.705182218597408,,0.8698750046906776,,,,0.6096662562872657,0.0,-0.2265168650563974,-6.967701743793755,,-0.16944370052409002,1.1855565603647857,-0.02788888499232021,0.35357773940866205,,0.0,,,-2.270279423910828,,-2.0981582653846917,0.7830579115188391,-4.3744109320866364,0.0,,-2.32113553823463,,,,,0.42126631767745787,,,,,,0.006642973397342625,-3.821890402055432,0.0,-0.8776956431711999,,1.1581671295273968,,,5.097093386217332,2.9992618201929733,-0.22198007331313835,0.0,,-0.49252413828893393,,2017-04,-0.4,2017-04-14T01:30:00+00:00,2017-05-10T01:30:00+00:00,24fbd6dda80a4f3be26199715907070651b527e235bc9ddb6e53307ef077c89a
-2.03696833399821,,-5.896908986278607,-12.256500933885114,,-0.2927466039534417,,,1.977307472214836,-6.809909891884478,,,-4.927051943179368,,,-5.127511342120385,-7.9528179185815135,-3.9582086950940933,,-1.1796579576507304,-0.9466150566701964,,-0.8531435049468867,,-2.8696111403253224,,,,-2.9126971974886193,,,,-1.7936275526461585,,-0.5851501808971817,,,,,6.907873542128967,-8.338160893905101,,,,1.6519311991120358,-6.661644658169733,-0.02645052822011812,,-8.938888711571927,,-2.387661907304222,,,,2.6638333830588756,0.0,-1.1186174877567967,-12.20652892566408,,-0.794555825981917,0.04171011530753592,2.13219022713761,-0.6248067811270396,,-8.58612906063924,,,-1.35008061183997,,-7.936718366169004,-1.8775155326334094,-7.716331005164516,0.26083969321112166,,-3.106489814295625,,,,,0.0,,,,,,1.829841090596849,0.12736445023785492,0.0,-2.6848616441696564,,-3.7626565055151295,,,-0.8682456866521798,-14.082163698396382,-1.3302636944420094,0.0,,-4.172585607896457,,5.024183722406729,,-3.0707735628441455,-5.892565265908508,,-1.3963620150560274,,,0.22806432667084592,-0.11029702528402674,,,-0.015420030650330058,,,3.0270064302756285,1.8852419208614337,-1.4244702024373028,,-1.1796579576507304,-0.11673477520068921,,-0.9138047139650676,,-2.5628347560882703,,,,0.5434573726049309,,,,-3.408238802504984,,-2.4485403830521175,,,,,0.49875415110391885,-4.255961441879589,,,,-0.3689489153047985,0.19706277260753244,-0.10953524163664434,,-3.6446467845519943,,-5.791006847094161,,,,-1.1782371261721158,0.0,-0.40472230623977684,-3.8998690558027307,,-0.9922122506316364,0.0,-0.9909636736748961,0.20913946763447275,,-2.047853134354068,,,0.34194444086589,,1.7767166740187752,-0.8724819472832647,2.31193839770471,0.2685217581539375,,4.260096522812231,,,,,0.0,,,,,,0.4510548585323718,-0.01660080148791806,0.0,0.21113515898588264,,-1.028743750871401,,,-3.762909946374008,-5.978771935591799,-0.4293746564603846,0.0,,-0.8307260225289823,,2017-05,-0.3,2017-05-15T01:30:00+00:00,2017-06-09T01:30:00+00:00,1c2341c92cc8036f7ca893de4a7e4a93b99bad28b7beb008c9c747243c35bd91
3.84949236360663,,-4.7165773797549635,7.454951840743948,,-2.0163189603514375,,,1.3271960201711774,-4.498219431168954,,,2.2394522779795465,,,3.8088344293409437,1.1738770480173628,0.803305155903205,,-8.351360022781753,-4.383001817872888,,-1.8218814870036695,,-5.998742453598202,,,,0.9776633079542695,,,,3.333831269029983,,-0.9489867137263787,,,,,8.570552846902098,-6.419075552808471,,,,-10.787968862718799,0.9715354495314373,-9.05183834044433,,1.8246904470065135,,-10.035448781235853,,,,-2.0547232060345206,0.0,0.3445994132391123,-20.970665839315615,,-3.3312276467114947,0.14584855174194702,-2.010417018331018,6.19694137145531,,-8.638461419882058,,,4.21121252008624,,3.7015146663860214,-6.308587115398648,3.2865610112711177,0.33209598191799256,,2.750632053364135,,,,,-0.7628691337843319,,,,,,0.6760296157063498,-6.903273068844523,0.0,-1.512993000829662,,-0.6643474270458699,,,-10.667037445742691,-0.6619874781056827,0.9346330031462565,0.04352457489079481,,-2.8019379332560312,,-3.2390956923486094,,0.0,0.8027447379987053,,-1.1767109313794422,,,-1.0516233746466783,-2.217964371097537,,,-0.4921089990078578,,,0.06733553550493578,-2.2490056590632292,-0.8954707323133202,,-1.9802627296179753,-1.9679557946445887,,-2.2188891851244934,,-1.0575891759058142,,,,-3.484199788127923,,,,-0.17724677260719868,,-1.492299209801243,,,,,3.299416092151861,-5.677200014063928,,,,-2.794520020596221,2.876271345500206,-8.460546771960201,,-1.8851777821831062,,-2.9488212634986546,,,,-0.9184263986047729,0.0,-0.4344754131142082,-6.204367881461182,,-2.84572048140355,0.14584855174194702,-0.5949918509764546,0.6797720871050432,,-1.4925650216675592,,,-0.11894143537225126,,-2.2556531376434825,-2.359611834834467,-1.3082818381203336,0.0,,-3.26607717040834,,,,,-0.5821823486749654,,,,,,0.16857943433479233,-4.232796313016497,0.0,-0.4180705195084457,,-1.1815710821335736,,,-3.6773718777176794,-0.31812200585885075,0.055792453525520334,0.02290530955087353,,-1.4940769188812792,,2017-06,-0.2,2017-06-14T01:30:00+00:00,2017-07-10T01:30:00+00:00,3dd810282ddf18c32fc212d0b0228c41613b800351941ed3316741d5e540dcdd
1.607376321111906,,-9.257870241996844,2.6981661298718027,,-3.6462029670049274,,,3.0633564967197255,0.3128346998497643,,,-0.9154223875246953,,,4.555391539022375,5.862272442961263,0.1889329486906273,,0.0,1.1095814255054448,,-3.8435729965190006,,4.259242873896828,,,,3.931753587518174,,,,9.905087535544597,,2.079309024308244,,,,,18.449517120574342,-6.710710843494459,,,,5.705949331014835,8.729783865453703,-1.0940436501160757,,-2.952320949376074,,-13.94829980227479,,,,-5.595458968533539,0.0,-1.6640368444267761,1.5024188070202928,,-2.9594148963434077,-1.1938564669115475,-5.675570629460528,-6.13428472780145,,5.1293294387550485,,,1.2536383212230595,,8.512541445268598,0.9290333645485149,10.074968952763133,-0.1362745059208205,,1.7721060899542407,,,,,-6.013499459101053,,,,,,-1.0223107104794977,-3.712285343405239,-0.2010050928024112,3.9184905191377193,,3.6273316809156535,,,1.4036213598007103,-0.8744308850141704,-0.7538301896197228,0.02747944783601453,,-1.1063656072018342,,1.9569464894317257,,0.6354935595687378,1.4690268912763311,,0.39530294030903124,,,1.466119153480965,0.5439723295818122,,,0.6795216069023274,,,2.195203757692541,3.003845007466102,0.8725507429685241,,0.0,0.535916227762131,,-0.6133998248380582,,0.5866229330927456,,,,1.9549137692943301,,,,3.5382694520000286,,1.4405577787322352,,,,,4.394336620296603,3.9954745503500115,,,,5.491038917781307,0.24321507168625733,0.4821711192715573,,0.0,,0.9014787271877515,,,,-0.5560258578842283,0.0,-0.7529734022385579,5.936962808200487,,-0.24242436115062801,0.0,-0.4444004433689004,0.2613287432984444,,1.4388737452099452,,,-0.39295085899204846,,6.417156667456929,0.0,3.5017906947301176,-0.005097716861170138,,2.0118686220536364,,,,,-3.2312967513385646,,,,,,0.013090718699152378,-0.5196729988067853,0.0,1.4063788259034962,,1.246259011273663,,,2.27479132594254,1.0146828042396507,-0.1724622414389961,0.02747944783601453,,-0.11924138121479208,,2017-07,0.2,2017-07-14T01:30:00+00:00,2017-08-09T01:30:00+00:00,cdd1a1df06babe0812c82ff6670a8daf21c388def1f0f7c8634f096acc06855c
6.672228735533187,,0.6852031212395762,-0.5686677084849668,,3.3854948400101046,,,-2.385182538147155,1.095408647985826,,,3.822977312444998,,,6.737081111508353,8.43312393168677,4.447859187569591,,4.640637281415583,0.8583743691391434,,6.1843019774044095,,1.8692133012152545,,,,2.286674272151301,,,,-3.1026958106815106,,6.489126486663727,,,,,1.4547091012245768,15.280406918399288,,,,0.07704970086641344,5.190801311675363,1.5027888776502167,,-1.6112823856580774,,17.404750222770364,,,,1.5641783608811108,0.0,-2.4137523670193786,-6.234710541802726,,2.1312528131712174,3.813824477667496,1.2660446521762636,1.5948971043601952,,1.4184634991956382,,,-6.287490405117105,,11.258125453075166,2.127739844728488,9.101008124194342,-0.03441638763879443,,9.072066913936991,,,,,-4.445974527170699,,,,,,0.38540727720901496,13.108674022870655,0.0,6.883470431585953,,6.922288834710745,,,10.057208002080541,2.2471849820395753,4.418905908867638,-0.0022896655944454323,,1.1828767050429194,,3.7499002761466693,,-0.32784905426595295,-1.6337255143433385,,2.4135031966774716,,,-1.5687065789287902,0.34204773148317574,,,0.37106182907716173,,,4.121789619147069,4.518395759270306,0.4744705919174174,,1.6847570572611443,0.0,,0.917437627604123,,0.0,,,,2.0737633470610595,,,,-5.482029006104259,,4.3404899156242855,,,,,0.9463195974973524,3.4195065032646106,,,,0.6885434355011486,5.218986204759362,0.5329379906404643,,-0.5646840729358784,,11.162925358733517,,,,1.7485469508644036,0.0,-2.181111545071859,-0.521794639927513,,0.08913980682359537,2.4223703176344213,1.4011493788744107,1.06389476343223,,2.8573372444055947,,,-2.6309181242429505,,5.086528538480699,0.0,4.8235804973128005,-0.08601877013819426,,4.458717203483028,,,,,-1.2895799955095268,,,,,,0.20885009549382727,3.2537058038166076,0.0,5.203467314393911,,2.5571998611899813,,,3.5811839926939064,1.3054608529705436,2.711469698232481,-0.016026558330924565,,0.08288966585473026,,2017-08,0.9,2017-08-14T01:30:00+00:00,2017-09-09T01:30:00+00:00,21f9d5bd54222ba37f10bce4de40dd534b03335537d7fd025e4417dd8b9f8362
4.012251192947665,,3.895981089039265,21.46477656780879,,,,,1.1818128490974973,-0.4073325387635786,,,7.144020337292985,,,7.024909669589929,7.669435267398547,11.165618989005017,,13.59151839797989,-0.8583743691391442,,,,0.0,,,,9.216319276006049,,,,6.599273729894318,,8.351093207243771,,,,,17.612802653473903,6.187540371808745,,,,-0.9214710156684066,5.084236385064166,2.7432381574490754,,6.383559672579634,,8.061631465126146,,,,,0.0,-0.020048115544295936,24.568078778261235,,1.1222799422538334,2.878759511648907,,0.6656109772026442,,2.090668481931364,,,1.0520187908801302,,7.036559458188744,0.5249355886143745,7.372487575501853,0.2311271176899397,,7.173676771811885,,,,,1.6333640426498854,,,,,,6.0340780443498625,11.570522640893866,0.0,9.21600796148778,,5.135941977074767,,,16.930802340517335,17.96177143630224,21.083163702025466,-0.02518978224157065,,-0.33836658835679295,,1.581746822399785,,0.22014887403210168,13.366359942553085,,,,,0.8685029585309421,-0.22831060145685209,,,5.1274324907136775,,,0.5597847424648552,3.6533187518601538,5.902996483872338,,8.70113769896297,0.0,,,,0.0,,,,-1.5307385143732313,,,,3.9662183312489505,,0.3108919894811606,,,,,6.093530756556712,2.7165668072769558,,,,0.21930609051382852,0.8483435242828137,1.2748790898012239,,2.5837734011127838,,7.768057262757942,,,,,0.0,0.25596641243437146,7.873936258190827,,-0.08806693655936361,1.7192970088945765,,2.208324184328949,,0.0,,,0.8082610527583529,,3.279412790707987,0.5249355886143745,3.821591993392512,0.2579036106394115,,2.184962802301716,,,,,1.3020161417606348,,,,,,1.8835748937089118,2.707170399304818,0.0,1.510773837291719,,1.885936204371594,,,6.448047890215494,10.867022302862338,9.262621487395876,0.0,,-0.054343484115303764,,2017-09,1.0,2017-09-14T01:30:00+00:00,2017-10-16T01:30:00+00:00,b6711787a715e8bf62b17d95cc608ddca8ca9a92a2690e38853daf0c7c8a0952
-3.0408404714614834,,-1.122039733316937,-16.203316921797104,,,,,-0.8384286748240611,0.4073325387635869,,,-4.695660842719023,,,-1.1612699133109032,0.14091068834248044,-4.9566240755728845,,6.453852113757116,0.8583743691391434,,,,1.8349138668196616,,,,4.323879251129663,,,,-2.101855171127756,,0.510683499964792,,,,,18.092358888813788,0.0,,,,4.969495744890877,10.268280792211431,0.020042088452707236,,-4.7722772869215575,,12.30986886798634,,,,,0.0,-5.142521180743711,-12.41309008165331,,2.437022260316139,5.678611301658647,,19.696177167728024,,-3.5091319811270063,,,9.193247450181863,,-11.959927305499567,1.558473101669833,-2.0541930536580817,-0.015264650914346974,,-2.7977397986804644,,,,,0.29828611779214237,,,,,,2.5811793490798096,7.399005424048037,0.0,1.1027433737472803,,-1.047378570485733,,,3.945509382204155,2.0501523445754546,1.4161414650410455,-0.3441317519347018,,27.484988311181358,,1.4231491823382876,,1.4310868971923265,-14.26184435093074,,3.370319415532308,,,-0.9755007186941136,0.0,,,0.26682357947065016,,,0.13163271838501409,2.5305568906136946,0.4775308348378753,,1.8052596992877645,0.0,,-0.24002411763491188,,0.0,,,,3.860010435650479,,,,-1.9976421328964606,,0.02461084119971984,,,,,1.364272812166568,0.0,,,,1.449398891548452,1.8304264428246393,0.20461801758961734,,-0.8985981441877458,,7.4377890137877225,,,,0.6430890330290553,0.0,-3.505128625586651,-5.176193455858946,,0.6902529562770365,0.9352855309090042,0.6737697608485437,5.071557706046994,,0.0,,,0.4528993248706533,,-2.319328203404042,0.0,2.712808959420685,-0.06803694604896218,,0.9887932126923316,,,,,0.0,,,,,,0.06581900013231808,3.516361478329264,0.0,-0.17320911795364952,,3.654358203754172,,,-1.9341181284013698,0.643463094485463,0.2395026860673974,-0.22038070488307332,,15.687501319963843,,2017-10,0.7,2017-10-16T01:30:00+00:00,2017-11-09T01:30:00+00:00,712ba522ec2cc24c337987ec9bad4b8112926114ce99896ab36f4709067d47dd
-0.6829681105208283,,6.296078462831739,0.7338248368504923,,9.336854440422371,,,-0.3977106778882559,-0.8163310639160981,,,1.0703326349554938,,,-0.6804527694334008,-0.9496018794058715,0.9105588483547722,,-6.553902147115474,-0.8583743691391442,,1.0458783517813792,,-2.1873861731142568,,,,-3.604250442884237,,,,3.6051408973953634,,-2.8897071064742894,,,,,-8.357265645314868,12.680884686369584,,,,0.8836581800497944,-14.7454103708971,2.2784541853201548,,5.853786476594449,,3.452606980330497,,,,3.664333408663071,1.3188140978633698,0.6128936892260958,-3.325790110453935,,3.242917754145449,4.6917695558567125,3.0908047434483823,17.33974362782881,,-0.7168489478612516,,,4.186979603968383,,-5.5685058456336165,-1.4328975305425418,-1.8874427348231753,-0.14958961136735574,,-1.421668721571585,,,,,-2.404484360554822,,,,,,1.6197808826657123,9.319377689794731,0.0,-0.16973450061736306,,3.320173959946169,,,-29.868506664947404,-0.9466319870871603,4.345052745277,0.0,,4.982258970366129,,0.5153046590268677,,0.12901779991251075,0.9567431403694254,,5.637701118249003,,,-0.6619750959448104,-0.8163310639160981,,,0.22853916852915024,,,-0.6691119435823041,-0.9137959471739552,0.7052032340329173,,-6.553902147115474,0.0,,1.0759219151739259,,-1.2741378167870019,,,,-0.4362235730626747,,,,2.2689553947275143,,-2.4111723814234804,,,,,-6.992992833148301,8.221796353582079,,,,-0.4787243185247987,-2.706944822806248,0.5933336332322708,,4.0950060090001825,,2.054599602669234,,,,3.864171107091594,1.3188140978633698,0.48632474500111456,-6.2353914236886565,,1.7070513862756358,0.0,3.337424853473287,1.2195273093818206,,-0.7168489478612516,,,0.5594951991533258,,-2.0517836409188908,-0.39661882698788814,-0.9026707482571718,-0.14322865238704047,,-0.04266110556963602,,,,,-2.0645060969589113,,,,,,0.005885641978085755,0.0,0.0,-0.6097006147484102,,-1.2419715624924361,,,-10.080555780837292,2.3091612171637275,2.0095142435042757,0.0,,-0.24006290094215604,,2017-11,0.5,2017-11-14T01:30:00+00:00,2017-12-09T01:30:00+00:00,a48f2fa2e89649a3b840142b537473a2218712166b40353a26f336cfe2a5dc45
17.31170866657132,,-5.305478754936461,7.25850954676369,,5.286635427505773,,,0.9016109642756374,0.0,,,-0.4860178457838211,,,3.760161553859599,5.18557325657939,1.5071980155503384,,-4.155911408521237,-0.8658062743114542,,15.245057741164747,,-0.11156564935561276,,,,-3.517709515669285,,,,-3.144155209522617,,-10.99796895297906,,,,,-31.61969269486704,27.86562612444684,,,,1.1826616569952355,-0.5552147513853787,1.0212124919694843,,6.877463791776678,,2.4935355418094307,,,,3.3881002867123167,1.0392801610273283,1.7340197648586246,0.24523063150870913,,12.869870177610906,0.3989190166759244,3.5594126177217773,-25.101245032300202,,6.947237281476738,,,-1.4293751270162496,,-3.2247743311732595,-0.6505111597416487,5.560931611184359,-1.3842427570613665,,13.389876302689574,,,,,-5.05832879333229,,,,,,3.185720575802143,0.0,0.0,4.749591243537266,,-3.530781224810612,,,10.131548727918064,16.236344477383575,-3.733551596507284,0.0,,47.632460808244645,,8.900673701588858,,-0.5644112627556361,1.3833759217178876,,0.40330448138492114,,,0.7929874547115721,0.0,,,-0.2584910638041177,,,2.581981461116675,3.584162327800394,0.09028291026796392,,0.0,-0.10429342158623117,,6.729883572567176,,1.0473258253546038,,,,-1.0124367638797471,,,,-2.4061048946205545,,-3.5905813903340773,,,,,-1.0119009773244445,2.538618639041571,,,,-0.6892052223697401,1.2561518828122111,0.4508538866396664,,3.2187490919911648,,1.5647065468219374,,,,0.0,0.0,0.2373949610531611,1.0822388515016315,,4.083215965283386,0.3989190166759244,-0.21377778001619485,-11.866831196062911,,4.110167568555178,,,0.3026719972928221,,3.2107145610897723,0.0,3.754412800732098,-0.4292515968815993,,7.248240643369294,,,,,-3.1529908055891926,,,,,,-0.17657282518900902,0.0,0.0,2.903730241930436,,-2.420450008946709,,,11.329696495363589,4.946991621833479,-2.3289095234594255,0.0,,21.19002814397447,,2017-12,0.8,2017-12-14T01:30:00+00:00,2018-01-10T01:30:00+00:00,589823db6b6c836e6dbe4b71dfc11595d53d937c8b7494aec326fecc08111ecf
-13.597469462586734,,-6.138784026977692,-2.4424296467729234,,-9.252811907176012,,,5.755060329242061,0.8163310639160836,,,0.5203546905651809,,,-1.9453447008740472,-2.4876213274842836,2.0595236780048425,,2.5752496102414764,0.8658062743114531,,9.070541341757663,,2.171598034675671,,,,2.848446824011527,,,,2.310231225064505,,3.972408017825861,,,,,1.6533599043583025,-4.082199452025517,,,,-1.9252144885862816,3.0066243534922887,-0.10087686119667363,,-0.3506456040051817,,0.023013274576688836,,,,0.5782582906235397,0.6041038163541222,-0.8203661292683198,-2.614512003319535,,5.897292773676256,7.217868466401105,0.42573352644670914,-6.444190744733625,,1.993421490081711,,,14.47259853746706,,5.27354251788911,1.0471299867295436,-2.4331771425616706,-0.3001509475772731,,-11.718449623013589,,,,,2.4621618241673797,,,,,,0.38123463625175225,-5.307900914778523,0.0,-2.6372509399328643,,4.342279013413507,,,22.244091412939586,2.545463581777243,-3.4814844886546474,0.0,,-21.600684436925214,,-6.309003491128455,,-0.08167881831325692,2.487944972422322,,-2.749196882570291,,,2.3260185157553277,0.0,,,1.5528483551519792,,,-1.1903575609496273,-1.5013724284417815,1.453028209327733,,2.5752496102414764,0.0,,1.1959340569425667,,1.319425408228202,,,,1.5697535030048386,,,,2.140522994260124,,2.2498948261338234,,,,,-7.825219689974825,0.808817684975283,,,,-0.6391936492627686,0.932809996603651,-0.07760661597841602,,0.9299701834886743,,2.0820214563812427,,,,1.19058543602897,0.6041038163541222,-0.28543275385989597,0.30149444697893835,,0.04600874247250982,3.339362128243712,1.0021912247391125,-4.800318110417632,,1.993421490081711,,,-1.1769012126599359,,2.463607356995154,0.0,-1.7760446929288491,-0.08289028521305498,,-5.809954651784707,,,,,0.8658949215002675,,,,,,-0.14188022016258967,-1.2370002594431833,0.0,-2.4498770021485727,,0.09200138467732596,,,0.5547738297640228,-2.5000179325905045,-0.20179096265959146,0.0,,-25.5657508261439,,2018-01,0.3,2018-01-15T01:30:00+00:00,2018-02-09T01:30:00+00:00,70d2d26544be12d64b8836af6aa111a284bf79f0a9519cda306eca3aaf5d8066
-3.092942387431974,,-1.9950034369880256,1.815398144382217,,-3.3259726595660912,,,1.6916327884001123,0.8097210232619303,,,-1.303953146693298,,,-2.2106485581124216,-2.982666803534728,-0.13217121736778992,,0.0,0.0,,-7.878087785311434,,-0.7858945685330527,,,,1.9134567361867916,,,,-1.4733051554944956,,-4.162731306384729,,,,,0.821655113003403,-5.304922108981554,,,,-1.9150855591881413,0.4825324664874476,-0.40452814899030093,,0.9727382638667025,,-10.77714002421368,,,,6.62395663140978,6.351664553836893,-0.5210651916595501,6.793701877132238,,-5.629294075081981,6.739475593424865,8.240416229278875,-22.263648252308688,,-12.604072089536494,,,-2.2356162929351964,,0.26200493824449284,0.0,-3.6306774340987227,0.13854363102722994,,-3.207437768424192,,,,,0.030578590856466553,,,,,,-0.5638309779980692,-10.496341449108721,0.0,-2.9653613610884753,,-4.097122543743778,,,-19.275123342371607,-13.321960172975519,-2.3212676800346324,0.23184557081401333,,16.579398674630024,,0.6436462374231515,,-0.589783618163172,-0.025269187168554346,,-1.0792227145171747,,,0.24468925566328045,0.7122076074413133,,,-1.519803063568518,,,0.036687991973268226,0.38007671488128464,-0.49966602511277525,,0.0,0.0,,-2.1951492559360264,,-0.23824807384277957,,,,0.33277146741993274,,,,-2.3734727049965647,,-2.221535438920486,,,,,0.7855661274855402,-2.8585748911441202,,,,-0.6583122606327569,-0.7261269196848144,0.0701809136727976,,-2.221969013061229,,-7.1518415246988045,,,,-0.5099298768203085,3.646719531242796,-0.14095538747269043,1.5975290773258402,,-1.5691329794675535,2.9596506861249656,-0.7069824874297616,-3.230301055739157,,-8.576682175742507,,,-0.22339866510125483,,-0.5503789303188852,0.0,0.40084016527130023,0.0168221638875442,,0.3279244855023183,,,,,0.0,,,,,,-0.4388096512630511,-2.0932723669142175,0.0,-0.02664839364027854,,-1.537225878162027,,,-6.7092169710101155,-4.241960923693209,-1.0571568337891575,0.14684964320414792,,7.2130516812485945,,2018-02,-0.1,2018-02-14T01:30:00+00:00,2018-03-09T01:30:00+00:00,7ee76a3adf9afb081e6e57605692dfaad2ff1b30bc817126c3985e5e13f0ebc6
2.0806103275805916,,-0.38225609489583373,-0.5566025098287088,,-2.548317238929141,,,4.235825000059674,0.0,,,-2.9103983587653275,,,1.2168039664281731,3.1209421340495087,-4.2190209807902335,,0.0,-1.7391742711869222,,-1.4736039013877833,,-0.9216655104923952,,,,-3.4191954980022747,,,,1.6273045936242667,,-0.42937862940541194,,,,,7.825109704866802,-0.4109192750133135,,,,9.735828773044226,-3.0851072399754167,-0.07798183418538802,,-7.670274508465481,,-15.61252904056532,,,,0.6443981424059808,0.0,0.09921153756181908,0.39100055597888256,,-1.1993779803982496,1.8751978695800628,-0.6841474244334977,20.901891969487465,,-17.04519812385708,,,-0.02917578430617186,,-0.9822816351228093,-1.0471299867295365,1.0618985390104692,0.12219921282957452,,1.88860324030467,,,,,3.760335608613832,,,,,,0.10275146468592133,0.49505051598562044,0.0,1.6632596307919774,,-1.1984169846653296,,,4.210128145938337,-14.616968135942296,-1.7860527572864802,0.025218079203800904,,-48.087767248309675,,-0.4124214468019303,,-0.1447224797524432,-3.3568925431542147,,-0.9337414741269405,,,3.1365789767521415,0.0,,,-0.717804343414392,,,0.7273916553279219,0.9814268162952018,-0.4627706168715215,,0.0,-1.3937507843781625,,-1.170496824161503,,-0.7380107297622533,,,,-3.1015568590125087,,,,0.8418076607828322,,0.8377872410976924,,,,,5.265204185901618,0.0,,,,4.6193333941905035,-2.8451675234515825,-0.050695109007805134,,-5.153955431614848,,-7.490917010413158,,,,-0.31395093809817853,0.0,0.09921153756181908,-0.17610580124936157,,-0.5402763633277912,0.5072502075228363,-0.8977717030120864,12.224897196764411,,-6.010392406970532,,,-0.3301614962633792,,-0.5527762616003917,-0.838579337627407,-0.3996966695594636,0.12219921282957452,,-0.17700999417716146,,,,,3.428939956486205,,,,,,0.38872740884016477,0.2967361227802008,0.0,0.9934978040860357,,-1.841027676637934,,,4.397260128556379,-8.709823445324593,-0.9198251402822667,0.0,,-14.645588360788686,,2018-03,-0.2,2018-03-14T01:30:00+00:00,2018-04-11T01:30:00+00:00,58a032933944fb5bb3581318b4998cd4d4263d1517edd865bb165227fa0d3760
-8.556015247028812,,-5.500725211633816,-3.6744559193901205,,2.543444063323299,,,-1.6804411220134456,-1.298719552681119,,,-0.3164592984801309,,,-2.2213975628521325,-1.636342191332179,-2.7153081907908208,,0.0,0.0,,-1.4956441771324482,,-1.4925650216675705,,,,-3.5293412685759065,,,,1.145902154634336,,-0.39266459856559244,,,,,1.5649331043219041,-6.062462181643485,,,,3.2109557162544933,-0.2383893059193254,-1.6399289989926988,,-7.201669325155463,,-0.11445702298717295,,,,-2.3948436006186062,0.0,-0.3607658414586341,-8.402869965626216,,1.9508055859269475,-1.269158655166784,-1.7079365391299315,3.190170785961416,,-9.265883048270483,,,-4.817028046893186,,-1.5626872426897618,-1.0582109330536973,-4.790056770660671,-0.0989116566886442,,-7.29184827402144,,,,,1.3080458135614732,,,,,,-0.1370254282340517,-1.0723963362975724,0.0,-1.4293769788517734,,-2.3565218577722886,,,-11.260351599879154,8.07209204240367,0.7894045153398329,-0.2570636500178238,,-17.156041025351893,,1.2264242192378305,,-1.622349994823559,4.337423481805613,,1.102547001170764,,,-2.8659538157551996,-0.4889985294191792,,,1.5062850326508,,,0.07181328854408335,0.48923192860998893,1.6453218333976556,,0.0,0.0,,1.281230756926901,,-0.562325755436212,,,,-0.14137931996504544,,,,0.66711388170226,,2.4628172475431604,,,,,-1.8726620765554747,-6.062462181643485,,,,5.059726803700107,0.3294525835620341,-1.041347371746835,,0.9557521329722297,,2.3757101143892156,,,,-0.62975697082471,0.0,-0.26155430389681966,0.4985197436766794,,1.9015687557840486,-1.269158655166784,-0.1403382510373638,-2.9995241018598637,,1.9608471388376336,,,-0.6409626176337068,,3.23245899732734,0.0,1.0670983581372302,-0.12152476269509459,,1.2502879462682126,,,,,0.0,,,,,,-0.8929900367115489,-0.726118473589039,0.0,-0.11009663039542537,,1.5820147069733688,,,-4.40360827101824,-1.8140006729726,0.6809428524745489,-0.12861442713635526,,-5.932477055336097,,2018-04,-0.2,2018-04-16T01:30:00+00:00,2018-05-10T01:30:00+00:00,77d780cf80de29d0c1e3cb245bfa456867a2b2d15f9449794bc7c2e76ff25250
7.462497351978115,,0.1495047933117684,6.098642359321012,,4.362507974737158,,,-3.649999967795959,-0.32733253449691374,,,2.9143590038497607,,,-0.3758530711067214,4.70598489055176,4.10152988258064,,0.0,0.0,,5.065656274841509,,-2.28146777661714,,,,-3.2267025036092347,,,,3.9844495647265297,,3.470714126400007,,,,,5.634847195363587,-21.033530324915354,,,,-6.051375905033296,0.19843075572316798,-2.4606375230410427,,2.7959476992563768,,11.169911249474252,,,,2.6270475611476463,1.1787955752042172,1.3578400275695963,5.587299663076307,,4.877866469553285,-8.77973628336595,2.867716578217746,-4.948761848953948,,-3.9609138095045826,,,4.079953956031076,,6.925918594832098,0.0,4.715081953999895,-0.0064682216294055205,,8.11757017507993,,,,,0.0,,,,,,-6.131760025824623,-1.045276313079327,0.0,-0.35770044608688706,,0.6435884851972042,,,-1.6659119204105757,9.480240427054879,0.9158584364568446,-0.6062510644524709,,2.7243877499117852,,3.6629209974040298,,0.40485885260003324,4.3562693676220325,,2.0804295114700677,,,-1.1501438828362092,0.0,,,1.7536499752553507,,,-0.06041734626314793,1.6257169881832814,3.335421538370456,,0.0,0.0,,0.9928103389654223,,0.38535693159899725,,,,-2.572143209176331,,,,0.6368566450875972,,-0.2149501344328266,,,,,4.929638742469346,-9.450348772403185,,,,-1.6818830218495568,1.6207845056078196,-0.1015455315836162,,0.5387370482888062,,3.5746458842654913,,,,0.668538906388494,0.0,-1.7111511548285643,0.48727548063799897,,0.9474363186989475,-5.790963460896915,1.1015337569725594,-0.44751703149306526,,-2.0000666706669428,,,0.9649068119171211,,2.8601951170783964,0.4264398786457518,1.525701504621272,0.03946521451397581,,3.5094666671496904,,,,,0.0,,,,,,-3.3158149838847404,1.9130996994323948,0.0,0.20415763475824106,,-1.743252935201442,,,3.386431396877508,1.5422727526225293,-0.5255787809063639,0.0,,6.242938826450325,,2018-05,0.4,2018-05-14T01:30:00+00:00,2018-06-09T01:30:00+00:00,2058248dd33a051fe9d077ed08b7be98edcef901cbffe77caf9c99585002433f
-0.50706197047714,,-1.9906528797649974,18.90360639372628,,4.345533319580408,,,-0.06740815893937023,3.2260862218221478,,,-2.2981881503524892,,,-0.03254754294786459,1.2683537218624708,0.12847692394844437,,0.0,-0.4395611473038109,,0.7381923285397244,,4.695698308777108,,,,3.0754073643323214,,,,-3.541813623336284,,0.9957569091662134,,,,,6.3181596001996905,1.5308373957644932,,,,-6.369774225012563,8.95934313380774,-3.9118308513448747,,0.539050268899048,,-0.21237909092271445,,,,2.7099635593705655,0.19512201312617494,-3.2588318775436047,-0.9393698747083987,,0.7789271914311632,-3.336614116711826,1.8175438767688457,-5.47984098165456,,14.107859825990559,,,1.5942014419332158,,-0.16566192916928332,1.0582109330537008,2.4838377477583213,3.8474824001824457,,-0.15239795219459965,,,,,-1.5944984920237895,,,,,,-2.0063869046527083,7.8746578315246865,0.0,-0.5255475389306331,,3.0280803294678518,,,21.131480747949112,-3.278870162169103,-1.2181092077508202,0.0,,4.825419044752221,,1.4420770082675354,,-1.0919658631067202,10.058108084951993,,-1.4941201449135915,,,-0.5547631274193776,1.600034134644112,,,-0.8937824430702941,,,-0.12083751150839021,0.8739384857421225,0.30647587721732167,,0.0,-0.4395611473038109,,-0.1714636060009002,,2.2639675437064777,,,,2.094557289186202,,,,-1.807391922999652,,0.14418529279839307,,,,,-4.805214586260146,4.744280033872435,,,,-1.1272397342727039,1.4813485958852548,-3.013755663963057,,-1.4391937446979661,,-5.449799719437759,,,,-0.7733689023721205,0.19512201312617494,-1.3047122230271475,-1.795457148256531,,-0.09124088224217011,0.0,-0.8374191934861571,-2.8439903268563995,,3.5718082602079244,,,-0.06748289082856229,,1.335268964442668,1.0582109330537008,1.4230362865389623,2.1714063847533644,,1.7897781319536628,,,,,-0.4013646153213561,,,,,,0.45345917376546613,0.20758126828011844,0.0,-0.4569055044313096,,2.270366746091844,,,6.527053579759487,-5.2274704135378665,-0.09812740995092496,0.0,,-1.9480098668968493,,2018-06,0.3,2018-06-14T01:30:00+00:00,2018-07-10T01:30:00+00:00,6a6b160db42858be772e6051d13607ea3757d133c88e09279dc6eb7f5e6131f6
-0.5318637574659234,,-1.4021366050541155,-18.262578557634374,,-0.37442891191286726,,,-0.8124621536494523,0.7905179507113247,,,-1.9103121917868413,,,-0.8077739211122533,-1.778407882262562,0.14006577895993597,,0.0,-0.4415018209116831,,-1.3823967367770156,,2.71509890659509,,,,-8.36678532136996,,,,1.066137380530547,,-4.853515213178906,,,,,-0.9339073792289468,19.721204019684546,,,,4.724083895148008,1.6036688860542034,2.742752788076546,,1.5306259257345878,,5.505323144808646,,,,-0.26915454735349226,0.24920190452785404,-1.0653385967548072,-1.1978790693712467,,-1.216867271343129,3.286501361967273,0.13514677766219982,-5.775314306983381,,5.1293294387550485,,,-0.9885238222715759,,-0.9051670453728535,1.0471299867295436,-1.3071479898745268,-0.19251562736420272,,-0.1173874389387898,,,,,0.587465849306021,,,,,,-0.9402603597727427,5.22889756885434,0.0,-0.7964337431338198,,-4.518064494061305,,,5.770060129633149,-1.3471869511249301,-1.3392064550261567,0.0,,4.415728404109843,,-0.7918398683784257,,-0.3261272681717844,-3.151105027021397,,0.9686578462083616,,,0.005665240915902658,0.0,,,1.017661726400782,,,-0.4280457971236613,-1.0288179955347188,0.402548587058505,,0.0,0.0,,-0.9893724037938492,,0.0,,,,-2.6114524669478945,,,,0.9782680989514748,,-0.9694304681025624,,,,,0.2379810320923766,5.249204979618377,,,,3.606942960809835,1.655815042675254,0.3336013472566143,,3.8779615442987985,,5.083448471675143,,,,0.8448182263304805,-0.6666691358189234,-1.0226218084076824,4.665443622170424,,-0.9655247421334091,1.5575983181787245,0.6244285602756524,1.1217167530924923,,4.25596144187959,,,-1.3495089807145795,,0.0902408910667829,0.0,-1.0071878359472497,-1.097773944753311,,-0.7069317830279316,,,,,0.587465849306021,,,,,,-0.2686578105240602,-0.214623086647356,0.0,-0.8213401049221035,,-2.525967128155088,,,-2.391743306058858,3.531655679865203,-0.5259600950692561,0.0,,3.128764335297455,,2018-07,0.1,2018-07-16T01:30:00+00:00,2018-08-09T01:30:00+00:00,cd0e3ec5e85e2649fa8499af628af156066e213cfc192bd6ac756aa5442e4a46
6.137952728586249,,-1.366868602509432,9.832624844413104,,5.352589219980324,,,0.24895339326233412,-4.016604172533476,,,4.3141419193567865,,,2.600613904304132,0.9813576861518357,6.269841712339782,,-1.9251931499321255,0.0,,-1.6289045787277177,,-7.410797215372185,,,,-3.772983172484745,,,,8.118909721621195,,3.2219218108774683,,,,,-3.9337483940699256,10.161168277630653,,,,1.2648594031550435,-13.279465153376947,0.2956031220130393,,9.989210568030872,,9.57789444289581,,,,4.824612248728216,,-1.467537276029756,12.321494087634706,,-2.5027619033714563,-0.23419214450810327,5.297454898325752,0.5006964563150317,,14.698219034864584,,,-5.479794837622891,,4.448844921063892,-4.669860300924008,1.3939912432699229,-0.08609771998574996,,4.654030334667988,,,,,1.0070326427177634,,,,,,,-2.0233914051588378,0.0,1.2438019040895607,,-1.3179309335742062,,,-8.972820860847506,3.6967609096584573,3.2901084541692533,,,10.354615858113144,,2.599198431764968,,0.0,3.7795061335965814,,3.289135465507826,,,-0.2370605614336298,-3.685347461390269,,,2.750946381103014,,,1.319620050711559,1.1504310219860188,4.231836184122937,,-1.9251931499321255,0.0,,-1.2054390063252498,,-5.863168701422331,,,,0.3434085032709043,,,0.0,4.300836033278049,,1.1862551875045595,,,,,-1.1557332489537793,3.7014697491856716,,,,2.381605702881285,-4.180711921818898,0.0574099909149682,,4.780891157209672,,4.445558365250578,,,,2.8734193128617016,,0.3098397071622081,2.0581302424795584,,-0.9898737437414549,0.0,2.9470891714609655,-0.11092624542857338,0.0,5.167201054432107,,,0.14413674893233028,,3.4053672599151987,-3.1796448757133535,0.7797131645431243,0.2806436014217992,,2.2792944908867203,,,,,0.36742063809157377,,,,,,,-0.9941068491057107,0.0,1.0624117111723579,,-0.27787745471924014,,,4.487126965616818,4.350623666540119,1.5328944345921907,,,-2.6469341307319736,,2018-08,0.4,2018-08-14T01:30:00+00:00,2018-09-10T01:30:00+00:00,78ac76cf1291c990737fce7b03190131b1946562d3dd482e3241e1352971c4c4
4.16798042616492,,6.970833823492094,-2.247304388434867,,7.450354438040256,,,1.6977575457417966,2.4292692569044485,,,-1.6172970670043882,,,3.364039314297398,1.830022736595616,-0.407254714610568,,1.5005640617870175,0.8810629682154906,,-1.6558778552055293,,0.0,,,,-0.6751142419613912,,,0.0,17.057815396920613,,1.7973884889434848,,,,,-2.599089589773546,15.423115948606789,,,,3.3732669047637205,5.1043575320202255,1.0602391043531116,,0.8674534245019655,,10.977670038808615,,,,6.427667738198373,,0.10944811884139646,6.294364658034095,,-0.42724964114241576,-1.1030297495090609,6.803369839918353,6.228153655129761,0.0,0.7168489478612496,,,4.7809868041521275,,-3.331967479697584,2.564519381140781,1.4333911387774867,-0.29003283198125573,,3.5594551598000614,,,,,0.7720236312863465,,,,,,,0.34398741623957385,0.0,3.2523344310321147,,-3.0459999137867615,,,21.879128262487352,5.55973778786736,4.3781074308594565,,,-3.1629798874576296,1.7981761735335906,-0.5175776534598623,,-0.6141640792422405,-0.6704331469396558,,3.441904709111347,,,0.920945308465442,0.9807940991085675,,,-0.47809187265290415,,,-0.3747138928646421,-0.36555821507000374,-0.2355049850062418,,2.1506205220963683,0.0,,-0.07703171519700643,,-0.11531809849920482,,,,0.4094851196715388,,,0.0,3.6647082772699866,,-0.2593982193701541,,,,,-0.5172788960582481,4.190901679046636,,,,1.4519934726260075,4.947877533356159,0.32910136356605285,,-1.4301697068436976,,4.57348033990201,,,,3.4951872797777916,,0.0,2.9855404615537378,,0.047585059189593285,-0.8179142523819887,3.9417849798553894,4.916044858860038,0.0,2.1661496781179466,,,1.9760454784118835,,-2.3109510292942,0.7046041748334461,-0.5345084255319104,0.02253775082788337,,-0.6556693391243312,,,,,0.08243230713938093,,,,,,,0.11272922951430443,0.0,0.21257529008273096,,-1.397047243729896,,,4.449205671811443,3.207714450286893,0.1752471586539569,,,-0.33920200690810703,0.26368250752332406,2018-09,0.6,2018-09-14T01:30:00+00:00,2018-10-16T01:30:00+00:00,3cc8cc3b281d368c8b4944c8d59c7cffe6e06e300bb547fe8328368a3e83fcc6
0.5153620043299911,,-0.20278925185563457,0.4786172313492664,,6.189775747684017,,,-1.5396547460099073,1.3192593785983078,,,2.8713054421287856,,,-1.0500357319110025,-2.349033477264473,11.177755115029065,,2.935221201252737,0.0,,1.40290529429165,,0.9569451016150673,,,,7.53996114338258,,,-0.6960584947623947,-9.016093449417069,,-1.7821198299185,,,,,-9.16376299002051,15.428862988955455,,,,11.288683682283539,-4.120861846433542,-0.10551949031026452,,-0.4604744639249976,,5.58812771320861,,,,4.476482860796219,,4.368932127072045,-4.890665925217879,,2.420515305726888,0.32965669514300777,4.386462780701578,3.272590345556898,0.7067986089445688,-1.4388737452099556,,,8.957853149200663,,-2.03031265827168,0.6996742208098045,-2.0980586174993094,-0.6953698483608398,,0.6126650595358213,,,,,0.01647831046119075,,,,,,,2.627051315598454,0.0,-0.29402811674127427,,5.231483873230344,,,-9.547942613470271,5.6348097433109405,-2.986971866713388,,,6.446823009523824,-1.6610959601557105,-0.3936142360266939,,-0.8285051534106916,-0.16827938342161028,,2.1564514705420956,,,-1.0830329480517864,0.5224424136806272,,,0.9735233824600216,,,-0.6495262625335134,-1.1656934057822315,4.525033428036764,,0.0,0.0,,0.12672666757450363,,0.9569451016150673,,,,3.5904946330852394,,,-0.42980840982777097,-1.0932559113192444,,-0.8066092716421428,,,,,-4.779879527288874,6.695539901880718,,,,5.390108991536937,-0.8944173756606166,0.11376103286759073,,1.4691946374322504,,2.2328787074346295,,,,0.830700091355612,,3.435299857062236,-4.005883437970231,,0.16265833724568,0.992248313965338,0.8952255481138909,1.1266295264607755,0.7067986089445688,2.197890671877538,,,4.88350021920829,,-0.04697109895979694,0.6996742208098045,-0.7514353800440521,-0.18011668366237973,,-0.386374361791202,,,,,0.0,,,,,,,0.7330242400318279,0.0,-0.7031170835247864,,0.375168067078686,,,-4.464833792053267,1.114124125969764,-0.8446315577170518,,,-1.2396208053832953,-1.4281099565416555,2018-10,0.4,2018-10-15T01:30:00+00:00,2018-11-09T01:30:00+00:00,ce77351709a6a9b7f1386345c57cc22d744bc0fbf478d72e2e4c9c6c727d83fb
2.8741250244389756,,2.669539444989729,-24.173638439082563,,-6.00716568754582,,,4.279702323200891,1.052393283133293,,,-2.7057933318525884,,,0.5141857273590233,-1.6565280905419921,-3.9328485154688217,,10.948423284168841,0.0,,9.351248866127007,,2.8170876966696223,,,,-6.1420591896578784,,,-0.29146042200807826,-14.01364541766577,,-3.85339118511929,,,,,-9.004754118694489,6.352932181269779,,,,-7.6750612747454845,1.535060636370601,1.8227313730481292,,-15.404181052947614,,-21.112475028524077,,,,-8.488755713420609,,5.316849844370282,-15.773642780534338,,5.9927838603944705,2.8123993542322365,-9.415932272590718,-2.659187164228353,1.4025796970353919,-1.4598799421152748,,,-2.0703360144469474,,-5.284692010310753,1.405666698973422,-3.6747574646465155,-0.7294430587546441,,1.9023441596473498,,,,,0.2934081297633226,,,,,,,1.450468620288185,0.0,-1.464455464379254,,-2.291632174545353,,,9.966117730295068,-10.15095407504188,-2.8246838833875585,,,1.9175595610536567,-0.6058164236273748,-0.27304505004581414,,1.4605708536622777,-9.492989790359808,,-4.755936707303877,,,1.420934705777827,-0.7782140442054963,,,-0.9760315123516441,,,-0.5601387313900714,-1.5132697348871456,-2.73723776653423,,9.422928270264814,0.0,,4.21685369955242,,0.0,,,,-2.3642674899371223,,,-0.04202269287222725,-7.035809299398889,,-1.900328653286772,,,,,-3.9027683573979273,0.0,,,,-5.762839524032568,1.3151684357202031,0.49163717948596064,,-8.763931356244974,,-9.239078539696779,,,,-5.820782866624135,,0.4877087401816726,-4.676914107083767,,2.749009285201351,1.6962882423082997,-6.16523075426894,-2.8608407917476457,0.0,-2.181904739463984,,,-0.5295848754170097,,-2.2513787518710626,0.0,-2.520627183617353,-0.16812324536121456,,-0.5555336032960173,,,,,0.09862068820197992,,,,,,,-0.3081209318496457,0.0,-0.9817842468037421,,-1.049839852391799,,,4.800001016862709,-7.779689950680773,-1.6115057045410361,,,-0.10118564027357041,-0.7364906589545639,2018-11,-0.2,2018-11-14T01:30:00+00:00,2018-12-09T01:30:00+00:00,c665a5394da73e484b79b6d42b3f97c2471abdabcede71dd0168bbfde50e922c
-14.53838644856195,,1.83956775728145,-9.312704179702012,,-19.28190525925593,,,2.835255196563816,0.0,,,-1.7850402347833372,,,-7.702409678631304,-10.79693860065316,-9.039356014519841,,0.0,0.0,,2.999543213747647,,0.0,,,,-1.0093379098974258,,,0.08869387193326612,-7.358582053016901,,-1.6690993108829741,,,,,0.28520803521486,-4.467244005159255,,,,-8.300468205840241,0.6551328237738763,0.05979073421770567,,-9.124318459743517,,-9.189383512843227,,,,-15.018517990036084,,-2.026045933543656,-1.86310776642147,,5.135889468496198,0.2540256210922765,-15.745262321858561,-4.505027573124785,0.0,0.7326040092072881,,,-5.514096627505834,,2.9947196544017216,0.0,-8.56568022760328,-0.8589710152599406,,-13.84207868405081,,,,,-0.8179245687008455,,,,,,,-4.506062646928483,0.0,-10.127206450980559,,0.4472826402696155,,,-18.012511030500804,-25.493993773126782,-9.265061241566354,,,-5.173586916036636,-1.0896716014791188,-0.233766986165025,,-0.5535610877682039,-0.1528998333704454,,-6.365076985661963,,,0.1998738304791128,0.0,,,1.2605052221328752,,,0.27374251696051477,-0.1748566878185514,2.872235654228635,,0.0,0.0,,1.4430915596364688,,0.0,,,,2.2455353292308673,,,0.04433710271331874,-0.9044564346122604,,-0.5054856941594534,,,,,-0.1675465466476602,-1.5113637810048184,,,,-4.457181813551824,1.2990003827962042,-0.17120223957488315,,0.36363676433839337,,2.1002111941506274,,,,-2.6803700232696057,,-0.9479221889596687,1.9696493315469563,,1.8872441025764413,-0.2533819656350736,-2.9202141010733116,-3.4421854330123036,0.0,4.478360262697344,,,-3.5168041589785273,,2.7998782492842906,0.647927859775791,0.4610884105206328,-0.05698279465913015,,-0.11141522696843172,,,,,-0.8179245687008455,,,,,,,-2.433060599401786,0.0,-2.3613192936195784,,0.29082920882996793,,,-10.025960652172802,-6.280014725867378,-6.09145164690684,,,-3.9111955583602707,-0.15820284900614767,2018-12,-1.0,2018-12-14T01:30:00+00:00,2019-01-10T01:30:00+00:00,80be3cabfbccf0c985ba0127608557efced58c3e9821d995d2448a3d3fa3174b
-4.148200712181274,,-1.2242209559953,-5.2038212155686905,,-7.318889774741636,,,-2.328406273696458,-2.94931793947705,,,-1.8271886386715892,,,-0.1415802024246981,-0.8243899333285837,-3.3081552128310654,,0.0,0.0,,-2.378637459054426,,-4.740223889458391,,,,-0.538698317833559,,,-1.2323954994127908,0.6941836597317217,,-2.2014598505047793,,,,,0.3984598179379125,-24.26213582737806,,,,-5.787913321404868,-3.363325003169823,-1.279318043599537,,-17.942195345755298,,0.5697884124123425,,,,-1.8901078020748256,,-2.6697001108582765,1.4669005754670492,,-1.570219637542895,-2.284678464809555,-3.1641149859902606,-6.6224136297748135,0.0,-8.369901887664694,,,-3.334461859496915,,-0.9918484704911955,-4.255961441879589,-0.6806561595521675,-0.8069978947025842,,-4.126234608142795,,,,,-11.068421680022606,,,,,,,-7.351667701809815,0.0,-0.34371811485468046,,-4.469410266360836,,,-7.743967973564675,-4.790830219192418,-5.331050913336892,,,21.95074960691554,0.7696713284120362,-1.7162171371567336,,-0.31990253383469464,1.6351181837031965,,-3.110736277294218,,,-0.14511060509953688,-0.5776652777454457,,,-0.7466609679326558,,,-0.5866102466407512,-0.44275929042349144,-0.3672719662290633,,0.0,0.0,,-2.557568394738145,,-1.4458083175229888,,,,-1.5580193471918418,,,-0.4994827083994712,-1.9391099082306278,,-2.1449736569424713,,,,,0.26546338923724927,-11.270922403357108,,,,-0.5800699304169248,-1.1530680446973194,-0.27810823833822396,,3.049278875979282,,4.958759564307841,,,,-0.7122680427714104,,-1.6231567249396741,2.708385126627627,,-1.7569998101383606,-1.0329121405173936,-0.7161085480700394,-1.7910926566530105,0.0,-1.574835696813928,,,-2.2841750483491756,,-0.9377546163374816,-1.0810916104215618,-1.3721985624915953,-0.45542024650368973,,-1.8317913722768808,,,,,-5.819006684060257,,,,,,,-2.7117326321175987,0.0,0.08768084735343862,,-1.5561434830142997,,,-5.528779755012708,-0.9280493960652999,-0.7954864559509035,,,4.248032786826141,-0.1695394585244849,2019-01,-0.6,2019-01-14T01:30:00+00:00,2019-02-15T01:30:00+00:00,4d3592f0b555aebd26bc8d3003e4243a59f8c08b036510ca1068269542df4823
2.513480572727899,,9.647785209913726,-3.9882917612273237,,0.5857269819957144,,,-1.1042987875736479,-0.4024150299725491,,,-1.563851700629119,,,1.2799832795485915,2.2713661008006207,-0.38302902033077824,,0.0,0.43196611445163796,,0.40860530350723906,,-0.4796172263493055,,,,4.3024839953771,,,-0.059135907862834694,3.1297187357769207,,0.9551519186199755,,,,,-9.817104435833112,2.6517192791588906,,,,0.7360831050602181,-3.574390142826664,-2.1578553970199903,,-10.44885519655113,,4.263870677164743,,,,-1.5268547392090348,,-0.2885622874111927,-6.0415263498911,,1.370490062389869,-1.978505738991462,-1.2883084916290044,-17.729642059128157,-0.5536533878617448,14.20825136137728,,,8.987793751298954,,3.5811013972329246,-1.069528911674792,2.1880522338617823,0.2356699652277472,,2.3060694297238733,,,,,-1.1102875945149682,,,,,,,-0.6100679826269054,0.0,-0.4140792666031388,,-1.251271660369209,,,-12.929209373913746,-3.3432652165771057,-3.6886431166604514,,,-9.258737897609732,-3.782017206916457,1.794261796079432,,0.36626857636641796,-1.078709203430912,,0.8703796609562491,,,-0.587472739690931,-0.46665142209625426,,,0.7123713196758898,,,-0.12026743263801463,1.097145447329704,1.2423068232298802,,0.0,0.0,,1.1823035537224802,,-0.5561429618611878,,,,1.0566334004123121,,,0.0,-0.44587947839481257,,-1.2783758041289774,,,,,-3.3030014575705304,2.209183089031412,,,,-1.2109959291319683,-1.058254483433723,-0.90819646701383,,-3.841690174824201,,4.6743432963431815,,,,-0.09788692714455244,,0.22826212267996773,-1.2501599513050157,,1.9956316383459256,-1.352815220105214,-0.4757142968471984,-9.313295273045929,1.0027982662494284,-0.6600684031352024,,,3.818241073025254,,3.195033456685021,-0.6217192284814292,1.264484800873585,0.036022823420986234,,1.6841019646766562,,,,,-0.40782149337298235,,,,,,,-1.043390328159931,0.0,-0.4713413238755999,,-0.5402227399081359,,,-2.9147306673311673,-0.7237870344905608,-1.417142363656307,,,-3.262633141554258,-0.9751735060611398,2019-04,0.3,2019-04-15T01:30:00+00:00,2019-05-09T01:30:00+00:00,902f159087a5df96813c1f2781246c773243d2cfc88f77199030c103fc0a9d40
2.6348420981625438,,9.372555050675494,2.3314407047709413,,2.678226726881538,,,4.448871015822218,-0.8097210232619362,,,-4.593016289202229,,,-0.10860071421744265,1.7014992687785866,-2.1893142297020924,,0.0,0.0,,1.688707034520654,,-0.9661910911736858,,,,-6.452808441282409,,,-0.23689395865164625,-8.474122845509067,,2.3033386257130335,,,,,-0.7303554922914712,-11.740201069463907,,,,3.5480096406922734,-3.157006736117391,0.17402117505357073,,1.7527489300659997,,4.76725780389007,,,,-0.6121887000895837,,6.203499224512464,0.25767485046673383,,0.1097092814373149,-2.055021850081722,-0.5494030000073623,0.9794664074513185,0.16680571006970132,-1.3333530869465144,,,-3.508311155129805,,6.209151070297576,-0.6472514505617479,1.944900377929597,0.4222990089965778,,2.9373720853757415,,,,,-3.4802219470238294,,,,,,,-1.4174436165841233,0.0,-0.5127952337735308,,-2.705985939383228,,,6.381759255036651,-8.875598126487457,-4.959974672666812,,,-8.905957129386573,-2.500461003811703,-0.197063340310337,,-0.1995344858895996,1.8856411621822329,,-0.39660800050650297,,,1.3749671001200223,-0.2760414190929327,,,-2.3734688710421543,,,0.2625449430800487,0.036004464942552876,-1.5049753760696654,,0.0,0.0,,-0.28261912358350816,,-0.329553462940282,,,,-1.200634097302462,,,0.0,-4.3995185911522245,,-0.561469494671576,,,,,0.0,-9.53101798043249,,,,2.4539454367639832,-1.2391266533138479,0.21964823684021378,,-0.25236465550632026,,-1.3554458521695867,,,,-1.1105544722677114,,1.8864687412471053,-0.9142567491809852,,-0.7210781817361711,0.30229492172495864,-0.9598236089783604,1.9272106073715145,0.0,0.673403218134412,,,-1.0230752807567265,,3.2264556886238265,-1.0121761874031032,0.28909126502193244,0.0,,-0.011699601056948285,,,,,-1.5872343357735894,,,,,,,-0.9061950592606114,0.0,-0.24951810609277542,,-2.306629740351081,,,4.6669415844846105,-1.4570036908203448,-2.5550193041092277,,,-3.159423548422556,-0.21411851606420074,2019-05,0.2,2019-05-14T01:30:00+00:00,2019-06-12T01:30:00+00:00,02e17056a5c4c0b650fe4b49d8b408d3d791e75c177f59cba2ba71f6b92cc6fd
-3.8949400430995125,,-2.6076059124694315,3.6309556585029927,,-2.6750869108744935,,,3.6812667367797314,-0.4889985294191792,,,-4.8318696532551195,,,-1.8524566865469814,-3.1546665523429276,-4.043588178127824,,0.4434597067865775,0.0,,-0.7100621549576316,,-0.5842275624228402,,,,-3.1676579408727403,,,-2.7263925450137383,-10.133737721657623,,0.0822251882216888,,,,,-3.379336861015949,-13.434805253107854,,,,14.0201955814247,-1.7134399535299654,-4.383475264147801,,1.1781841299091362,,-20.024480107751934,,,,-7.6960469911728735,,4.148656322021471,3.513721825027221,,-4.507995027003923,0.4562884353861143,-7.197760068673109,-6.747591168534534,0.0,7.122750928836778,,,-5.027901296900704,,-5.5994933088104855,-1.0881500187534172,-3.616012245109565,-8.745920203204742,,-2.355891279294702,,,,,-0.41280058619069576,,,,,,,-0.6954925008677803,-0.6054508908706261,-1.9304330967998322,,-3.59968850803981,,,9.635208205806855,-0.30044627282876685,-8.82420598222227,,,0.5389534624215813,2.4743257537446097,-2.750577330381108,,-0.3574453313299823,0.4982870888124137,,-2.17710462118815,,,0.010446591808922802,-0.4889985294191792,,,-2.393289433741971,,,-1.0746486390606826,-1.6823630047966953,-1.4619940206692479,,0.4434597067865775,0.0,,-0.3319898709670283,,-0.700664602552455,,,,-0.34508338701387997,,,-2.607734787487215,-0.6877176213955936,,-1.1076776162684796,,,,,-0.7787858037440145,-1.298719552681119,,,,3.678792576572576,-0.31968702880839417,-3.710575528855965,,0.8879081641129924,,-12.014694202770428,,,,-4.422776791357816,,1.5757084072533636,0.8016971388283143,,-4.3104315778249465,0.9146684092284129,-4.461030093729,-3.0240501455878714,0.0,5.789397841890267,,,-0.9665280502670964,,-2.6577684080143755,-1.4770033927226627,-2.221180470886858,-5.165948929119072,,-1.752680944309418,,,,,-0.519722599169833,,,,,,,0.0,-0.2022245380767809,-1.1073661194447841,,-1.7849725736985713,,,0.26560440581162104,-4.97992615536321,-3.580881620181189,,,-1.0772868702667038,2.273576221657518,2019-06,-0.3,2019-06-14T01:30:00+00:00,2019-07-10T01:30:00+00:00,830b40b502620aaa9030a13426ee4045dda6541bbde082a67507525646c6da9a
1.5781965277366965,,-2.199864866121597,3.6561617290762203,,,,,-0.2405481471577204,-1.1503824481484577,,,2.143653870700607,,,0.9865271686365334,-0.46423379427527767,4.838386017119695,,1.7544309650909524,0.0,,-4.022834653606519,,1.3193827402780944,,,,-5.762716525703975,,,-6.284197510858503,12.119558075503816,,-2.696626400774451,,,,,0.126781966770549,-20.212418409013434,,,,-6.851337808733309,-0.8080965337085584,-2.3146446929091486,,14.132689543393687,,-2.53263864839962,,,,,,0.9729485017457086,-10.534147692352077,,-2.1566053207096596,0.6805525109532357,,-1.6500337852209137,-0.3883500026397633,7.232066157962608,,,-1.0923019030056114,,2.2041407963558055,1.4770033927226534,0.5543098505602568,0.182265802304702,,1.4508864540543125,,,,,0.0,,,,,,,-1.6807118316381289,0.8064559836730495,-1.6426515364664274,,0.38338787730112744,,,-13.455643606799203,-3.7736767065341055,-8.401052967216028,,,-5.951106977441696,1.8452499867563552,1.8135791329715882,,0.32326030990579946,1.3972931302955733,,,,,-0.03664250047542649,0.0,,,1.906271030084641,0.9004302187150546,,0.8374456752176028,0.9324717890659827,3.190257788242136,,0.0,0.0,,-1.0332195237205415,,1.2217741429725584,,,,-1.8885500816396057,,,-0.1815117832718987,5.094879060849298,,-1.153613997913002,3.030393940050709,,,,-0.061858405141995816,-5.183314864001727,,,,-3.7371608269288994,-0.6192742562125126,-0.22991565152992338,,6.052629398898081,,-3.442946888308184,,,,,,-0.05916529772989746,-3.675547947184129,,-0.6774935387059846,0.6805525109532357,,0.3244362084862661,0.0,0.0,,,-0.575323312878611,,0.8840677594391431,0.8226935338290525,1.1876146026373053,0.4657513926569169,,1.4868305254667953,,,,,0.0,,,,0.905925079170625,,,-0.14100224001774633,0.4024150299725327,0.3837624099457652,,-1.1520546918251555,,,-7.202657180170095,-2.5206033638549368,0.36804494884044514,,,-1.2789100072454074,0.5661363551261936,2019-07,-0.2,2019-07-15T01:30:00+00:00,2019-08-09T01:30:00+00:00,fe4337f8762e87115dd73d161c67e385c534f2026b36b7124a23859952ca0e84
-4.494091750109957,,-0.5253032566248634,-5.93537627183697,,,,,0.9691109035608528,0.0,,,-5.543268998775016,6.603106940388299,,-0.6765909499395144,-1.6862790417840328,-0.7656629217082648,,-0.829517963285307,-0.8658062743114542,,-1.194044037191775,,-1.7107726723917276,,,,-2.5930775332531932,,,-0.5204279245602529,-13.228570772958598,,1.0168032506128335,2.8210339286233057,,,,-3.988567577953259,-10.536051565782628,,,,1.6232525630969525,2.517876433069325,0.026555722914300472,,-3.7375106372277096,,-3.5153618266850177,,,,,,-0.9490467854887052,3.2479630547362333,,-1.3689144613750084,-1.7331456351639976,,1.722418877053224,-0.7812539736793624,19.96130539040156,,,-3.8330331242059263,,-2.3084751526873664,-1.915600587048093,-2.2717326134502316,-3.94629840702894,,-3.4057085905536515,,,,,0.0,,,,6.0526204415033975,,,9.890924239700592,0.0,1.0515209701467,,-0.31647470866774513,,,3.614685152438012,-7.442603949051827,-4.225518415767404,,,-2.9055832776662895,1.23686626223805,-3.215580777069376,,0.0,-2.1592052968780604,,,,,0.9377022240376133,0.0,,,-1.5830301124979154,1.0331219621096734,,-0.4428122175138007,-0.9119140202480089,0.2658904684808009,,-0.829517963285307,0.0,,-0.10005003335834234,,-0.2741337138714717,,,,-1.1607307829024551,,,-0.3203836922543687,-1.48471758522601,,0.1709161737101715,-0.34247370409384226,,,,-0.7758606944437714,-10.536051565782628,,,,2.131075171138277,-0.8201547759151627,0.057546315304006425,,-3.98854316373254,,-1.5750670888987763,,,,,,0.14349606652371644,3.2479630547362333,,-0.18993358036525163,-0.4315298437806008,,-0.2890175422233386,0.0,10.008345855698263,,,-1.0306942422354943,,-1.591867330143296,-0.307219903697014,-1.3672038332653245,-2.0608918803129113,,-2.406613933700918,,,,,0.0,,,,1.103900459081991,,,-4.240271400297585,0.0,0.5839959684758511,,-1.7555942763551664,,,1.556770481337082,1.0882406737425132,-2.256918955634215,,,-2.604131776829782,0.3809044727278612,2019-08,-0.1,2019-08-14T01:30:00+00:00,2019-09-10T01:30:00+00:00,6166340c67991fbe81fcc73a1f00c147b8d9e6da73c0d30b5cc37463b3c21ba2
-3.229294631232353,,6.599024075894697,6.851768053621904,,,,,-0.3584140137902563,0.0,,,-3.7335466928897754,3.9094250238362487,,-2.2292410413008974,-2.747700469808338,-0.8528980297490283,,-6.802259018577095,0.0,,-0.6779686985378915,,0.0,,,,-1.088028149970334,,,0.46850684343537863,-0.5444821165751679,,3.7186419087096225,0.09203456398829894,,,,-0.13808554290733083,-34.09265869705932,,,,5.98268146157984,5.125364228895803,1.3450752242455364,,10.830397555033926,,4.706376601841718,,,,,,0.13613080210288683,4.274351476912811,,1.603051772739011,-2.5346120154278027,,2.6843416444726103,0.0,30.18667074437373,,,-2.0401281342006268,,-0.8265871174873565,0.0,-2.1230902309551056,-8.309323019037688,,-2.4759801087725983,,,,,-0.1138997965457787,,,,4.375184352543461,,,-5.133046541387102,0.0,0.44999917486782326,,1.41408100814023,,,-5.773246666857173,1.2556772643056386,0.8846766413465242,,,-2.956057293810983,3.712997640139923,1.2956253727984632,,-0.5153873198194285,5.2100178527445395,,,,,-0.3376714291898543,0.0,,,-0.5307853713833282,2.2999748482219893,,-0.8986410014423629,-0.347943849161653,0.1707768497887364,,-1.6598535117001716,0.0,,0.1260557333186756,,0.0,,,,0.9803637200499458,,,0.17153108657795782,-1.0872775101520138,,0.6701056003158645,1.2151216833967362,,,,0.292141604213419,-13.157635778871931,,,,1.2021280828785377,1.544170659856991,0.6526952229158747,,4.442170371640704,,2.747197299073095,,,,,,0.0,4.032288578860372,,1.0343298606800522,-1.8884360386272008,,3.410561248651084,0.0,5.055227916283124,,,0.5219976873717055,,-0.3302562485328313,0.0,0.04705636393428476,-2.7543908149634992,,0.8601879040685154,,,,,-0.028888282792508654,,,,2.517831027519387,,,0.4555816535860661,0.0,0.07591413632679116,,1.2230853369417072,,,-7.609934353864717,2.5325675773952416,0.29719823584934796,,,-0.7811830079313276,1.556715023741227,2019-09,0.1,2019-09-16T01:30:00+00:00,2019-10-15T01:30:00+00:00,13390fbbcb692874defad99ef0f29cdebe4bd4db6e0e6dc68dc851800ad4869d
2.365481263293868,,-0.9259508873748972,-6.765677558945105,,,,,-6.015964693458428,0.0,,,3.4650690608125214,3.835111200418053,,-0.009812339024177903,-0.1561890204282271,1.623008311393986,,-2.2622178036279568,0.0,,,,0.0,,,,-0.7192641947471209,,,1.4513743549555294,-2.662928959150147,,-2.574494997026776,1.053822073540318,,,,1.2238261790868117,-3.1748698314580297,,,,0.8856990655323373,-1.5871448259806502,0.426978689818346,,1.6836906374350935,,11.272805285832813,,,,,,-10.26857613453717,9.116216965649741,,3.9436563785482424,-0.19838464774815015,,18.938773187038407,-0.7874056430905882,19.166741921219227,,,-1.3835814939316387,,-0.11584784607528889,0.0,-0.945360366362948,-0.7766921722092545,,1.4569036749420818,,,,,0.11389979654577727,,,,4.1270364393293075,,,1.1549211977237352,-0.6042314455962586,-1.1917272446807712,,-0.31194757989335525,,,-0.3278408595911441,17.29962223664431,-0.8583334371421327,,,-1.8066036462751918,1.9887620134686406,0.9447327429176717,,0.5775977942064932,-3.4343509378684556,,,,,-3.944386932633511,0.0,,,-1.6014496111310006,-3.852693551655305,,-0.20830532828997997,-0.08853706114524525,-1.384586544574311,,0.0,0.0,,,,0.0,,,,0.10340302911182159,,,0.8817197849712114,-2.5863622083478153,,-1.1086627326030254,-2.3348493374528982,,,,0.434710599301166,0.0,,,,2.9621277755718807,0.4449539963172771,0.09134208242573771,,-2.5455320497376412,,4.589631686477611,,,,,,-6.692254862969589,-3.2769802222572286,,0.9941338087847758,0.7403222878680921,,0.21005959410379527,0.0,15.02822030493379,,,-1.114850815171716,,-0.49255265366498124,0.0,-0.36607407126184155,-1.6928585590869178,,0.6835432033067048,,,,,0.0,,,,-4.193551598964528,,,-0.8946381737802749,0.0,-0.6548756181859338,,-0.7159876757432715,,,0.0,6.55054213797408,-0.7395601139172965,,,1.446544536388537,0.7750812377600667,2019-10,0.1,2019-10-14T01:30:00+00:00,2019-11-09T01:30:00+00:00,01afdeab43209e7ae3d3fde0b91e0bfcbbb7d37ca49c026d2ffbef66cc0247b4
-1.2730367581364974,,12.655010248258163,-11.888878522391398,,,,,1.562745991183528,-1.6667052485211646,,,-1.6795115683803632,-8.287786014032813,,-1.425613095386698,-1.7264233924901407,-2.70917280084806,,0.0,-0.43573053689557006,,,,-1.4815085785140587,,,,0.4716441174300779,,,1.1425787510237828,-7.3017195353143185,,0.3129447788711785,-2.217892704777252,,,,1.4753971111466198,0.0,,,,1.6938347571366235,-3.66762737956393,4.0514134432405395,,-7.2892002268031595,,-2.595688555878183,,,,,,-1.3445893960349435,-14.565918445587101,,2.858920472322374,-0.3979539077936813,,-11.384175698504162,-3.3847034966296388,15.082288973458368,,,-5.3888854714439045,,-0.4360066348764454,-1.6620881236040406,-1.7567192069834328,3.576340013331348,,-2.1404264647937024,,,,,-0.2279294726747162,,,,-8.560728838397957,,,-2.170158344125535,0.0,-1.847239763544243,,0.6706331253110545,,,-5.190597074072737,-13.407846380966742,-2.5685035342064584,,,24.923854954749814,3.7301320133519873,1.3320995168096494,,5.30906916643424,-2.773118615962622,,,,,0.6659776784652034,-1.567482485295472,,,-1.0665211325931088,-1.6450130760434483,,-0.1765225524569081,-0.555072394957076,-1.0997236582978096,,0.0,-0.43573053689557006,,,,-0.7533739042632708,,,,-0.3612146201656747,,,-1.0721129494277373,-2.623201552234816,,0.9496733985226768,-0.200947821203035,,,,0.4943904360514224,0.0,,,,-2.152117999867347,-2.18345592147237,0.9058944688751753,,-6.207802969089401,,0.793334979837642,,,,,,0.10459550656556595,-3.920278220536121,,1.941380187171002,0.7911207443584928,,-10.223348921221879,-2.7900535778569995,-3.4401426717332324,,,-1.900159571399844,,0.23917662022478955,-1.5301329692031462,0.20159400432778335,1.6329418046797224,1.1930178906767674,0.7847545526102093,,,,,-0.2279294726747162,,,,-1.7773816794136124,,,-2.0202707317519466,0.0,-0.37305383133594505,,-0.20541454357271283,,,-2.2677797093964718,-2.4152594216623826,-0.644065457265862,,,9.955035266952985,1.1832398358013532,2019-11,-0.1,2019-11-14T01:30:00+00:00,2019-12-10T01:30:00+00:00,0931a77fdfedbef19b047e8035a2f7de127c1daed479071ea1f8229eb200d6e1
4.759684660539003,,3.58434144058857,-1.5196803682811706,,,,,-0.8962788166102603,-1.4559254973188107,,,0.10530034895694829,2.7515503389298686,,0.27335321809879787,0.5893329600644254,-2.215382818544896,,-10.092591858996053,-2.852527537910686,,,,-1.503787736454056,,,,-2.880106605935024,,,-1.4501687713032028,-0.7483042549665275,,0.06601995746179948,1.7174574601285586,,,,3.696844828465979,0.0,,,,-3.6886757139378537,-6.2785404880193685,0.570347708748705,,6.608505620448121,,2.3808819886530537,,,,,,4.019347988552764,5.10830158703163,,4.673847549376291,0.5208098510450052,,-15.254082893462535,-1.5617269428081753,-12.783337150988478,,,1.9170643132201564,,7.947614102310623,-0.5602255548669898,4.65871436951184,0.3383942532601915,6.006874757162251,2.684407720815362,,,,,-3.233515430946734,,,,2.7748522880521262,,,-8.833618737314765,0.0,0.30592011361309424,,0.7846506285899156,,,2.3685712277267776,-1.4716713840739848,-1.879829187180019,,,5.111476733178388,2.5053977993074934,-2.3820387396933476,,-0.08006450694675299,0.9956935894796379,,,,,-0.8037441775604038,-0.11930124976985929,,,0.8482110094889089,2.2755091772648095,,-0.14383139491369146,0.1318356991033445,0.057245332856032144,,0.0,-0.6449323679907095,,,,0.587581469675773,,,,0.3333635523009978,,,-0.14622323449863142,0.3555989181820039,,0.6743142693729357,0.670671480275402,,,,1.3776519746396523,0.0,,,,-1.0697407875282647,-1.7516766686640723,-0.11616812491738625,,4.789609534086454,,2.166075813845757,,,,,,1.0613337698388767,1.3441458197194454,,0.6274858488717361,0.3595424442779304,,-3.439848640998205,-0.7365144183987504,7.061756721395362,,,2.371832963900005,,3.1347861506089663,0.6538181334042545,0.9476547112357789,-0.946302512715945,0.6647066540390791,-2.571172111129225,,,,,-0.6072909906421602,,,,2.1644557308206513,,,-4.1787794270506575,0.0,-0.3654413685206108,,0.7708725384869874,,,2.2654690564806175,1.1143574807325853,-1.105396273120222,,,2.2695319062536834,0.3718314143223167,2019-12,0.0,2019-12-16T01:30:00+00:00,2020-01-09T01:30:00+00:00,3f93e180618739e814ef10bbe495a8d51ae7d3da2da68dc17e34c054df82c592
,,-0.60650822412702,-1.0338215091103564,,,,,-0.5118478936724555,-1.0974047031976675,,,-0.6844305996740279,-0.03356408674260821,,-1.296335264265804,0.8631712629148919,-6.33144931550384,,,-0.2519346302853338,,,,0.0,,,,-0.23318332842617528,,,-0.5121814895188113,6.049348407944218,,3.0664774199406013,-1.8346132907656532,,,,2.1542363197003493,-7.153065113942138,,,,-7.054470516848917,-2.970437002477617,-0.12045942182267212,,3.6706946254392996,,19.828749691217475,,,,,,1.0858537340416654,-2.628352400680415,,0.8719175022567659,,,-6.73422043296507,-0.12050947873262303,3.9002157803269175,,,0.09011039131927616,,-4.498509591680911,0.0,0.8244364371057827,5.156764186831237,0.866948513246658,-5.088381909792521,,,,,-3.1307080573319492,,,,-0.10076156142135072,,,-9.20069196805633,,-0.8550128777123231,,2.6334544170313428,,,5.840866076203419,3.925335107490127,0.743256776246187,,,-11.586237740529102,-0.45088280183821616,,,-0.3240796037571607,-1.122747531219653,,,,,0.08280202510016613,0.0,,,0.2067836491589865,-0.23889866556075232,,-0.17080710490200648,-0.028731504291888282,-2.4544502391256753,,,0.9049835519917856,,,,1.0152371464017909,,,,0.05116648815591322,,,-0.1443969102424253,0.5252943402136944,,-0.1279282675810183,-1.0390830036158767,,,,-0.03664087753616005,-0.48392766407491566,,,,-0.96067666641327,-1.368776880656005,-0.058170941101023714,,-0.4289149257615944,,4.134342844940023,,,,,,0.19632095848210948,0.4229299629294258,,-0.4948463706096109,,,-0.5842275624228402,0.0,6.1991676027968,,,0.46267644462432866,,-2.4186581184245224,1.1299555253933466,-0.2944314021020801,3.6209036434624946,0.0,0.04133512511059483,,,,,-0.5397109599621187,,,,-0.32965299628611067,,,-2.141914847379492,,0.4928222347539891,,-0.7091692628369552,,,1.4469751094841383,4.692006364598882,0.713219980946399,,,-7.757091055721619,-0.37775254234185973,2020-01,0.0,2020-01-14T01:30:00+00:00,2020-02-10T01:30:00+00:00,6017a2080fa7a235c69297c5f198c79baa97e25d0a8e12de52eb85725bb0407d
,,-0.027243317042349068,-8.400594182944971,,,,,2.27487103129952,1.4208918329945146,,,-5.062213187151767,-4.260522649177214,,-1.985542301822996,-2.8914547957931234,-6.958140959133287,,,0.0,,,,1.0050335853501506,,,,-4.29815651888688,,,,0.23895192953085134,,-7.025656525590628,-5.579702623369394,,,,-0.05075569700660312,-3.0252043170521024,,,,1.4182628221111553,-4.695337540846486,-0.08316008795260108,,-4.3400209651230055,,-29.60647936462181,,,,,,0.9884759232541925,-3.0175220597574866,,-1.9620750492411236,,,-0.3097239414580324,0.0,5.061000088641792,,,-0.6438154050550083,,-7.076293593770086,0.7388368995153709,-6.742354647341181,-1.9830647026427017,-1.360308147733413,-3.610747360464578,,,,,-0.1576800792884467,,,,-4.5830082236171155,,,-0.7709124449228771,,-0.17713634285642027,,-7.293999684199343,,,0.49068906305797094,-3.810590401842461,0.0844510730768161,,,-11.690837003157343,-1.1476094589121122,,,0.0,-8.627785073317716,,,,,1.9608471388376336,0.5625174638553684,,,-4.545798424461195,-4.390520780415376,,-1.9050614242614543,-3.079365906520617,-5.147602720400507,,,0.0,,,,0.3405793134832799,,,,-3.9962226059167523,,,,0.0,,-4.263867284224296,-3.693956297399623,,,,0.0,0.0,,,,3.9104126446702456,-5.797420243529522,0.0,,-4.140254812824677,,-20.23405912346754,,,,,,0.0,-4.37892307578142,,0.0,,,0.0,0.0,2.3654190897889595,,,-0.6607020674463203,0.0,-5.020542255971115,0.7388368995153709,-6.18667021166664,-1.435700431508592,0.0,-3.6572289623343854,,,,-4.8521033876265145,0.0,,,,-4.597617640873437,,,0.0,,-0.4368059012359194,0.0,-6.136619183687998,,-7.140924398341501,0.25061971849204767,-7.435012187465249,-0.4409658832567674,0.031059116100188546,,-3.339806924497324,0.0,2020-02,-0.5,2020-02-14T01:30:00+00:00,2020-03-10T01:30:00+00:00,6074f406af04de5a5c4aaed7fcda3af20a8f629469472d487eb7fec65a743e54
,,2.6285460634223297,-5.0835746733619604,,,,,0.15629634807494938,0.5255585547966563,,,-1.4453973433058784,-7.13978780637006,,-1.2931047789529213,-1.0950050605996546,1.7113877013061731,,,0.8968669982760316,,,,0.9950330853168092,,,,-10.186973683331328,,,,-6.542780532245532,,-4.148577804596085,-4.9798968035495745,,,,14.801143883973577,-14.255154398390632,,,,1.3568634546967455,1.4486439870472778,0.8986125856077234,,-11.056570321638292,,5.5270477838199366,,,,,,5.4120316031162705,-8.956528844993729,,-3.5400028020465957,,,-0.21247045665712727,0.8281620831722017,-3.4349480014637566,,,6.5830179505469335,-2.2050866979810535,-2.8820163480112955,1.790696682652663,-2.566997652672655,-3.813938443754024,-2.445486265463297,-2.2723634057094904,,,,-1.965009042399209,0.7144230424256309,,,,-7.228357027938648,,,8.947140283049212,,-0.6169538632229924,2.777956410707567,-1.6376308383509426,,-4.0852408882144395,-5.223641160607966,-8.509133002883141,0.13894060044352718,1.7368094766417204,,-6.718028570318045,-2.154347086663862,,,-0.6294494102724892,-4.786869365718278,,,,,0.5129185448040122,-0.6068798127252918,,,0.44908429432889,-1.8821600399179337,,-1.0594688108552517,-0.534129921666635,3.1111016005907968,,,0.0,,,,-0.49382816405825664,,,,-3.9715086402568875,,,,-3.610884098416815,,-3.0005738103305615,-1.6088092306621424,,,,5.625881616686091,-6.84435718301845,,,,0.7441700719464713,-0.041517894808787544,-0.08241645498857475,,-7.34198974278205,,-3.987230526344973,,,,,,1.9956503666855177,-1.4645752368067855,,-1.0644175656471786,,,-2.040556632139202,0.2766710413918679,-1.3351333174864226,,,3.4540155771092493,-2.2050866979810535,-1.403666751589222,-0.7856871495220132,-1.2752092523250473,-2.5037198168663686,-0.9120078737086199,-1.3009464159692863,,,,-1.560551091557112,0.46944035135261675,,,,-1.9925452884482588,,,3.670136685042796,,-1.0036240700647905,0.9151335066837643,-1.6576818473033672,,-4.541981744983926,-4.22298993994881,-2.2810595891937964,-0.05205299608155864,0.015260962487659051,,-4.66634483166971,-0.4194832532025684,2020-03,-1.0,2020-03-16T01:30:00+00:00,2020-04-10T01:30:00+00:00,adb91549e84d94da6df0fcb6daefaec910b74a1a72ecffb7d0e17a74fb5af300
,,5.70502814218672,-27.425967555151427,,,,,3.5861680814528194,-3.5628929875714297,,,-9.297660328449979,-15.80197844730601,,-2.856433663287738,0.15483874061293215,-1.0625355378936054,,,-3.507218734123565,,,,-5.369325380108681,,,,-1.683473099409897,,,,-24.73305088514992,,-11.598669100763647,-11.657491670065848,,,,-23.024711952820685,-1.1599135843351918,,,,10.351568862458643,-3.0241038704680094,0.1071281519841932,,-54.87618714162787,,-29.35152053844759,,,,,,12.61604881321275,-26.149419525286504,,-6.379627646839473,,,-12.849547785049298,0.0,-7.825219689974837,,,-5.377844834691828,-2.6739297189621483,-14.289977724340371,-5.79578259278556,-3.633561198162178,-13.598379132246189,-3.632432693710666,0.19704439872987387,,,,0.24951810609279007,-3.6737338571565683,,,,-16.467130760182716,,,-4.946471595266335,,-3.5302925311757445,-5.014039038320915,-10.203688807841106,,-10.426905660662488,-8.778421368507127,-13.629618524015683,1.8010536101636287,0.6843439289655233,,-1.0449805857772687,-11.122906946510659,,,3.2354701948251035,6.344147628574443,,,,,2.504207874865075,-1.8575310582113074,,,-1.2598616422276667,-1.763450944351107,,-1.769863917542997,-0.3711785781205914,2.9371950878609123,,,-1.9595902201737045,,,,-2.639328461280566,,,,4.271565404984114,,,,-2.7615237963765242,,1.5046650718111112,-1.4976530274873352,,,,-4.230056772194724,0.0,,,,-0.2963242393508908,1.7994900105030704,0.5078143976311753,,-5.318583319030113,,-1.0879814377085024,,,,,,8.133171842225385,-9.034279491386009,,-0.7190104036184064,,,-5.078153555435729,0.0,-2.2989518224698835,,,-1.8634079544892868,-0.9950330853168092,-2.8192077599923877,-2.4539701762571116,-2.8830465996763133,0.46727612306908206,-0.8854958241900712,-1.198497897210629,,,,-1.2886703756545836,-0.8672531993862763,,,,-1.9104886749395953,,,-1.7755540251416382,,-1.5462416841767574,-1.430025799213697,4.666638438765827,,1.2275623652417884,-2.2397494526459805,1.9919600478344555,1.1215437001329815,1.2173113127841517,,-1.2427923582600038,-5.088538085956109,2020-04,-1.3,2020-04-14T01:30:00+00:00,2020-05-12T01:30:00+00:00,65be8bd8ba7e5318e9901db13096c4e38cc5811af35caf718621116d7745b773
,,-0.24890463493077766,10.37722463524421,,,,,7.446788926535791,-3.096332763859849,,,5.105289598496367,-3.06299518567585,,-0.22747049348007262,0.3792911810536832,7.828155281528798,,,-2.6233469898615533,,,,-4.683845528331973,,,,7.684162618395489,,,,8.1246513189228,,11.419964201214395,-0.5759473854202615,,,,-2.1731237462109134,-2.788520348953566,,,,-11.193517961611562,0.7766767174982616,1.0120341227471916,,16.384580248045598,,7.401440537542325,,,,,,1.6707779585795934,2.052225994656171,,-0.3497730043754539,,,-5.467722640703089,-0.20639842208514825,-9.763846956391593,,,-3.098334979095055,-6.187540371808753,5.478316745896394,-3.3045253631657125,2.694534522692004,2.138694687273802,-3.3295307340653952,1.1336417944103014,,,,1.5817824565404714,-14.282227412728583,,,,-2.620048531365386,,,-1.0878413954805024,,-2.0118435411604545,-2.819145288669776,6.899667513503028,,4.217013048008441,1.4482880347373923,1.0028559967805244,-0.4710830176593155,3.8502501401562625,,-6.640357446919924,-13.505200750703247,,,-0.836283953371788,7.2028674048006325,,,,,2.628901517209337,-1.2036433825130899,,,4.1701918557571895,-1.780618366796094,,0.4457340498334619,0.5857961589306431,3.2635419194443895,,,-0.624588005682376,,,,-1.5426704630478054,,,,4.130020196005016,,,,9.930976412767212,,3.1929021700810885,-0.43696978727057034,,,,-0.6768057024103143,5.912617350009418,,,,-5.11797389221351,0.45191323855023335,-0.2198966557785646,,10.434422736010921,,5.946434901192191,,,,,,-0.4649200964602273,-1.2717226634729784,,0.891606094262136,,,-0.7244280335183864,-0.10325246141892643,-5.305456295588951,,,-2.2099400441950996,0.0,5.0640528640506375,-0.7888172849006256,1.950865226166621,0.12083863472698202,-0.7495350518567674,0.8824265456973861,,,,1.0310813937855525,-7.6633393072511335,,,,-1.4108675381690703,,,0.6600684031352093,,-1.2561032154082437,0.0,2.0034180066932796,,3.2650989353514035,2.31581909977196,3.964211391039904,-0.42724152829497875,0.8984654789749182,,-2.135335975347606,-0.08212326416230327,2020-05,-0.4,2020-05-14T01:30:00+00:00,2020-06-10T01:30:00+00:00,f234cc5d878acd3d8a9c576389f8327bb9a3d5545a818f87d7ef5645f4422544
,,-4.461407940842058,4.127731004107541,,,,,-0.7066141103737242,1.0964430863795354,,,3.5849811324381955,5.301549152666564,,2.346008885047806,4.19408621484705,0.7289721095704006,,,0.7377315214295617,,,,5.495420058808733,,,,-0.6376431858158041,,,,5.268811948591238,,4.5779962626505375,-0.42940847429210605,,,,2.728901278445632,6.8707198009790815,,,,-4.075357629856355,1.7193405993447657,-5.1658113001637895,,5.0483095786086585,,-11.657555901234257,,,,,,-1.573948076892769,-1.8101530950025577,,0.8142420233079126,,,1.1721173457308725,-1.247417422517569,2.218791497536214,,,-0.09242678723949477,0.0,10.626592829011727,4.021705996436635,7.637049384023055,3.0698726099153775,0.3962879312819403,3.8760020952514003,,,,4.784065097256898,-2.494841802472721,,,,5.74038183108578,,,0.47732787526575904,,-0.5906884783961059,-6.108769197983815,5.1279055439361905,,2.5113268173798895,8.106575542660451,-8.782364508274558,-3.9194290191138617,-0.665750572064082,,-16.805081195542524,11.727668761845463,,,-0.8829550048590176,2.559797761609861,,,,,0.5747702136123204,1.3135591477860256,,,2.7968846830601604,3.3592672893909508,,0.03140950163238276,1.4653712041459428,1.5645818622618517,,,0.1131435157471782,,,,2.1790093226799496,,,,0.994556157874155,,,,0.7505896692679419,,1.3218223243245402,0.09862681931404307,,,,1.7169517402269847,0.0,,,,0.1493162686147274,0.4931255045056218,-4.240220058465695,,2.9479025582790457,,2.722351858024167,,,,,,-0.5936602954719039,-1.4179957296843964,,-0.6236306156796549,,,-0.36832454162964046,-1.247417422517569,8.161133544616295,,,0.8298802814695064,0.0,3.762087798898229,2.214284618449477,2.2828125245185698,0.9337340028417369,-0.2079435143143076,1.2165759309482962,,,,1.7071526360340556,-0.11694442296731704,,,,3.721145909965484,,,-0.2040773347652192,,0.13356298776506242,0.0,3.053111422693331,,2.1095897384827365,3.046640170343431,-1.7267671290634272,-0.9949827011501378,-0.9981823597121315,,-3.5487845380441607,3.308877152229919,2020-06,0.4,2020-06-15T01:30:00+00:00,2020-07-09T01:30:00+00:00,0bc277bc965b57005038e0731c5994a104c195caba565f4e097136fbeb5cc6c8
,,-4.0966622294468955,-2.5179571373922456,,,,,5.227877202341853,1.6664097721171833,,,6.385325377319856,2.345742758609924,,0.4100346569371605,0.8469156459630539,2.9288865379731654,,,1.5336002832569497,,,,1.2972487078345065,,,,1.7843900333495903,,,,-13.760543387139162,,6.195155173602602,-2.332198834403331,,,,8.387238318483734,-17.43533871447778,,,,4.629337061709384,3.5708927649936757,0.8165753674129269,,-12.635359941764513,,-2.2716362005990636,,,,,,2.331175757099867,9.942596991832287,,-5.794921872961269,,,-5.40672212702757,-0.4192878260035927,16.970309283474307,,,-2.7301051198848607,-6.880291992402876,1.6018451301030874,1.1460130008301137,1.5174169297398334,0.8562794395871546,-8.670864482959423,-1.4432079092587513,,,,-2.0428869634147047,5.129642865486061,,,,2.413334127878877,,,0.11897681355887509,,1.1917926962367442,0.0,9.066379686696118,,0.8921790383261796,6.402591594685317,3.6838279873917634,-1.9423074888715575,-1.1319018485803627,,0.5360886345921084,4.823648495701478,,,-1.4337731456602472,-0.5387230630965334,,,,,0.9401481774956826,0.6703147342590066,,,5.030599310478468,0.9603851889531587,,0.5304913594670179,0.21363404647780543,1.5454712346897845,,,0.7077697640202236,,,,0.7804516919902474,,,,0.5166756444690843,,,,-9.495084337505714,,2.5967471159724824,-0.25968503576264934,,,,4.956893895519995,-17.43533871447778,,,,5.455184041449308,2.429406832046281,1.0529566959178847,,-2.915694684037009,,3.21413041616469,,,,,,0.8670574551133576,1.6785917830726158,,-2.40157084722504,,,-0.1843318494289224,0.0,5.996346476755706,,,-0.6570987088650126,-2.53178079842899,2.8985243560895175,0.869769731239109,0.33980365291959236,0.6866072506068267,-4.5270654350228385,-0.23189638303910484,,,,-0.389779618649137,2.5003814908386977,,,,1.032457548877673,,,0.5963046888246379,,0.05091885496304645,0.0,2.863905635023862,,2.389812431372571,0.2621662979543658,0.7743149596037097,-0.20991805357902452,-0.37543886415581146,,-0.5488703158670852,0.7114303016608637,2020-07,0.4,2020-07-14T01:30:00+00:00,2020-08-10T01:30:00+00:00,dcf3673c59077ef5f126840d398c6f105488bf780e9f4dbf3655eec8f545be2d
,,-0.1906752420226336,-2.143503821648707,,,,,8.209009584440084,0.7880261425305966,,,-0.6874090697546216,3.9796583397446823,,1.9282246291940128,2.7164763025179237,-2.6664415189832305,,,0.8317209021268543,,,,1.2604354711304793,,,,11.696023036483995,,,,3.9796879105009855,,2.2329323540081147,0.5708054158080521,,,,3.6404646890578896,0.0,,,,2.778860732293855,7.018093126943671,2.879043955642271,,9.136254541011178,,17.233941881916937,,,,,,0.7841732187628082,-3.045523971490263,,-0.5169242279838617,,,-1.2376395601048862,-0.4210532536343494,0.7905179507113468,,,3.6219150637495234,-4.964523048916536,2.6666605550086606,1.020301334993264,3.9949903833375973,2.4124210528456533,-2.3892705586543523,2.2280538687628058,,,,2.170353321592651,4.1602204994413565,,,,4.235859764009694,,,2.698110883110761,,1.1228575671973413,0.0,2.783773747329963,,5.427400872627977,-7.20834126839704,-1.3310910352132868,0.6902908781524926,-0.396727522580991,,0.36494242634169827,8.827121137472986,,,0.0,-0.5706889678092941,,,,,3.297950818650272,0.0,,,0.9198389202896916,0.8751272472988278,,0.45610697633124253,1.04133546571094,0.3951444985340935,,,0.0,,,,0.0,,,,4.4318211893836645,,,,3.9595640572640187,,0.8217911439076186,0.2414690209628952,,,,-0.19422195957297636,0.0,,,,-1.9542851920894202,4.746671109018184,2.785414974890795,,3.2297673458679386,,1.0841341254200247,,,,,,0.2634348093217814,3.0772433620556727,,1.0918222603873229,,,-1.1761200257130853,-0.4210532536343494,1.0554187678690172,,,4.420965230534741,-0.5970166986503797,0.7850590239819566,0.6109307382765037,1.6305859090854142,1.0875600702795485,0.3027130033098508,1.16784344446848,,,,1.2847227355032669,1.31677945047831,,,,0.8758509839799996,,,0.0,,0.33002573900569726,0.0,-1.5043330302399047,,2.469055509221391,-0.07618155016980277,-0.5306442403527395,-0.03606388498643558,-0.17376198985408486,,-0.0704804445950321,5.374534252565639,2020-08,0.3,2020-08-14T01:30:00+00:00,2020-09-09T01:30:00+00:00,e1229f3d3aa156407bbf0ecdcef41f6de3a5ca95ea4976299db63130cd41a898
,,0.2853068982406481,-0.21391974079432335,,,,,-5.216528022272652,1.6949558313773423,,,6.1790776589654515,0.25247863136760923,,0.4616707387633207,0.8670142507524783,1.7751731951639447,,,2.723479875883732,,,,0.9250015682732368,,,,4.352512661770423,,,,-2.6167986133152237,,-0.9761617048193194,-0.9479662727228827,,,,-0.25955079864084096,8.574072878817418,,,,0.7205660996448119,-2.439724818238852,0.21902192775179766,,-0.5803143045069244,,-3.065039943922521,,,,,,0.7456883374234751,6.205170559695262,,1.2995156517954563,,,-3.958607669406468,-5.864872708150763,-2.9296369488430822,,,-1.0190364241303378,0.5970166986503754,0.40459811374432897,-0.04512635455640078,1.1392217487120537,2.190973364587124,1.911399584411495,1.2843531202336194,,,,0.51880790817779,2.1959451131637207,,,,0.06151520937791301,,,11.185190095313118,,0.5112182208778561,0.0,1.8923406394545286,,6.271597356348309,4.302849263627139,10.301936426824367,5.6084313725083375,-0.03727402664762014,,1.2688451085292487,14.074153100112035,,,-0.06835270259289826,1.020063684610018,,,,,-1.698903111504456,1.3988657430759932,,,4.528868515258824,-0.16964387261991606,,0.8279292961582533,0.4226023640995608,2.35077913856607,,,1.8803663771944645,,,,1.2082305660244579,,,,-0.23166783728015639,,,,-1.9552747014433083,,-0.8637260386802206,-0.5109634889369158,,,,0.4014653432299857,8.574072878817418,,,,2.0061669097982078,-1.7911078358621904,0.049547876648482723,,2.4830883673583672,,-2.4012430275294308,,,,,,0.26959384709090245,5.078252201566888,,0.8808473884838689,,,-0.774363946906353,0.0,-1.342302033214066,,,-0.02892932585917751,0.0,-0.1390337380725066,0.22593773732463587,0.7227854911332847,1.0278466490366822,1.1470646531547086,1.0189540286242362,,,,0.760601013982486,0.0,,,,-0.21237579176533739,,,10.263524584820722,,0.04326096676037283,0.0,1.0228139228169069,,1.3819565288539573,1.413810802917208,7.907039865934383,3.31357854186272,0.0,,-0.34362304810181116,0.621104327086591,2020-09,0.1,2020-09-14T01:30:00+00:00,2020-10-15T01:30:00+00:00,4ec80a5325e80cbabb14a5c07dbe67ac6a360ecf8145bf3039a86b46c7c8333a
,,3.4530793357709726,3.2464792577597303,,,,,2.940286305403643,8.447858892633208,,,-2.6516508753407826,-3.1784489431120577,,-0.8843960207920007,-0.9947106012168164,-1.5001031939762928,,,8.11581106768322,,,,9.155468343923324,,,,-2.370176260312391,,,,1.5118149946567274,,1.3794820395474303,-4.099244145688402,,,,-0.7390735486768756,48.06547461326273,,,,9.31851049628667,-4.7463508780230095,0.5885638375976155,,-5.248879554245311,,-0.8795537077414743,,,,,,-11.878809521544577,3.590390394367383,,2.359281311858807,,,1.4789681217397883,0.0,-15.46012317609895,,,0.1098869431878556,6.899287148695142,2.844599139818336,9.549481223245811,-2.5391675294845943,2.9439828539168333,5.589037583179097,-0.08919129574617027,,,,-1.4546774789418975,0.0,,,,-3.25912973570558,,,2.4280273371448757,,-0.6027828375533548,0.0,-1.2003839361128288,,4.59830867264133,3.9905132281984126,1.9481897703336624,-2.6710383060235734,0.049695615384782454,,6.033337381670619,-0.14609206396748708,,,1.9611305447664695,1.894419967950753,,,,,1.1842214906828412,0.9342162790975119,,,-0.43770054677851844,-0.6400298617026897,,0.8171938804079758,0.09776029454937332,0.12956428260547592,,,1.045913079013707,,,,1.8433701688837967,,,,-0.8290782720560271,,,,3.5429154648810974,,1.7877297467706377,-0.9572929815477794,,,,-0.941905146348132,17.178269164167688,,,,5.265034218825739,-2.594168864970437,0.5679261324371649,,-1.8383537610488028,,2.9208468221438086,,,,,,-11.088243373405028,1.6721375858092475,,0.21436235432515907,,,2.8049303809899584,0.0,-6.118115647508116,,,-0.07511628932057691,0.0,1.8709050583505238,3.0406340788071864,0.3160114989376248,1.5236116740809147,1.2371291802547046,1.169364027476215,,,,0.8960464650597725,0.0,,,,-0.609873853410011,,,0.0,,-0.38400924923608865,0.0,0.201213173153111,,3.0667337662470704,1.0304896482959554,-0.2843466300013006,-0.9040819708438558,-0.04967093110940075,,3.4826072648769717,-0.010082169691453834,2020-10,0.0,2020-10-14T01:30:00+00:00,2020-11-10T01:30:00+00:00,09659ad57c72320e21f463281cce70c5686fc2aa29e51049f2404272e61b7490
,,4.354812014101503,34.04790218953953,,,,,5.4400971413388755,1.6568056383753658,,,2.9645122776520023,-2.83726946655042,,1.6424075345618607,-0.1404036835890541,3.2068188524356,,,1.0841104863877256,,,,2.2752877525130772,,,,2.871198506003291,,,,-4.213767446247337,,1.6807792534061148,-1.8494582636164416,,,,1.974005906269326,10.265415406008337,,,,0.07638369426820288,-3.487134208672981,1.9949063859237222,,13.100684763985088,,7.438917537452457,,,,,,11.133121184121105,18.100909761990007,,2.6298768512411654,,,3.120998940720222,0.0,-5.845820048659417,,,7.787049686284959,0.0,9.402254248069095,1.020417017424167,1.9318881275502315,14.663249006268478,2.007327702633627,4.396613890631795,,,,4.312312201734768,1.1464680836080603,,,,-2.9287097066666257,,,-1.6293639486100502,,0.07096988656531253,0.0,0.40314827391376046,,11.896259848053143,7.3626089951100715,8.635255161264974,-1.398271821136063,0.18861842635704631,,33.622252794670075,0.2416919605538894,,,0.9382382212489784,13.469362710505816,,,,,0.02880243606225228,1.8461100015811416,,,1.8413598563361628,-1.4533336284314362,,1.3373534008699948,0.3619458519686309,1.9322729340267475,,,1.6472123386621988,,,,2.3483738146006488,,,,1.057719918838216,,,,-4.989418150106,,1.523809742644583,-0.8357741432704107,,,,0.3777380420763459,7.598590697792205,,,,-0.9181349268109009,-0.4030750311124453,-0.012067335748028365,,4.2740028755357615,,-0.5116354354178635,,,,,,2.7562142925346493,-1.8992970252096317,,1.8005864689283886,,,0.9531775440527891,0.0,2.3689771122404664,,,3.90945246553023,0.0,5.527286555642925,3.0302225720434306,1.7317629825845036,-1.2081747277744688,-0.40088670631431733,3.485521009669801,,,,3.6368594448094407,0.5651088927535441,,,,-1.5266339285409407,,,-0.20512827705573608,,0.18095821139511387,0.0,-0.21407972749663842,,-6.45093903988136,1.9027951245887016,4.018919904194466,-1.004703761135035,0.402485015384081,,7.310791206677337,0.08553244464997665,2020-11,0.5,2020-11-16T01:30:00+00:00,2020-12-09T01:30:00+00:00,b38d15bc5895ab41c9cc3bef34e14bef216bf0b429a1e6940301b2672ef9facf
,,-0.8563481514265229,4.384714200200919,,,,,4.193545675414537,3.15839816027284,,,5.401487821387228,6.5622503070288705,,2.274726362541262,3.6774372939462125,5.061277084468642,,,4.738106081873224,,,,4.486309517784627,,,,5.709030879657828,,,,0.8236122786791943,,10.201749015731586,7.734377963472458,,,,-0.3777380420763477,57.5242186247395,,,,-5.112934652260413,3.755771039131308,-0.4596411608193963,,17.481156307736097,,4.551288250553279,,,,,,2.8984623379259085,8.218502089277715,,2.9907491006613647,,,-1.789477630449177,2.4310589500616056,10.769891658975734,,,1.026741298035984,0.0,15.11452889224153,4.058643378307907,6.825575260544668,-0.6202985453174417,2.3609160917250596,2.776619526163245,,,,2.5458914128413794,4.233092879989929,,,,6.907386660548232,,,6.676781060498005,,3.0361024341942806,8.125336157443266,10.115420026326788,,2.301550345168501,4.92937026715319,9.88414448113696,5.128187734914274,-0.29300775830016074,,20.406573931964775,4.484527228904316,,,-0.42432728333206243,-3.2200071838046616,,,,,2.828810920389221,2.201895958856874,,,-2.3057600265780738,4.1283965052243135,,0.41065787617226635,2.1017391425630536,-3.0598456487214385,,,3.2623637401224403,,,,3.3148371218059434,,,,0.41947690388064124,,,,3.271319740630278,,2.7907150218914594,4.013263748771402,,,,-0.17431184772747002,22.25262885121275,,,,-3.366044257264474,-2.148451455947746,-0.03232453864665147,,8.017569623577959,,5.325231031123974,,,,,,0.8895315512241064,3.239473162435349,,0.18009910316027433,,,-0.4190242879436522,0.0,8.12947423932467,,,0.6478013414771505,0.0,5.640695137821488,3.1289681294595786,3.527896236177655,-0.20230284882324948,-0.14443415282997188,-1.7594244281948157,,,,-1.5093127344582489,1.601457713378727,,,,4.295029350365888,,,2.619356751179506,,1.536960198232269,1.2785562296971924,3.561335926845614,,0.11607249068079593,1.4854257021493047,0.3434351695925622,3.158621216733283,-0.03480855331017471,,22.927682656532884,1.3555590994447353,2020-12,1.1,2020-12-14T01:30:00+00:00,2021-01-11T01:30:00+00:00,ea43f2315b3d376ee406adcdc1354071d53af2f6dcf0c59341ccf1b19a5b8375
,,0.28661831472538385,-21.66773721099606,,,,,5.417103389273806,19.78950618137214,,,-4.174851730648422,4.283961935205554,,8.226213597231961,9.956625221986991,-7.370613087561742,,,20.331599382257604,,,,23.704443628322174,,,,1.0394342939502978,,,,10.09369530118398,,-6.4011023201215576,0.7662142468081934,,,,2.111379871020545,5.4991168901981125,,,,13.10733757819636,-0.058367130899942526,0.0161635754180643,,-0.43020506690657956,,21.909109326991423,,,,,,1.2697645870378127,-10.514836030747581,,-1.5641257333246643,,,-3.0483016725075878,0.0,9.994044818848707,,,2.115705225124943,0.0,-17.342811004315454,26.195924522354062,6.893781147152085,3.718173514683438,-0.8710133872288734,6.566357322874968,,,,8.353067236581516,1.9231361927887591,,,,4.630748859240587,,,8.955124115636746,,13.654341388266126,1.6201974576280407,2.9901556842568464,,-2.15673194320713,12.300232870327978,11.051885302391385,18.065708090037834,1.321643229530714,,30.46713365815591,11.801809597180556,,,0.6241812627168353,-0.6579121042626792,,,,,4.905553066641353,11.478384088310726,,,-1.190616940370202,0.3481947951214218,,-1.4156131865658113,-2.610177783859601,-3.0425986732145196,,,11.779892898039304,,,,12.462456747310016,,,,-0.35426134275065985,,,,2.4606165786688177,,-3.4785570567510566,-1.5617811298925173,,,,1.2960744285464798,1.6234972975860935,,,,7.458306606963284,2.483388541174591,0.5469697407885156,,4.752014799381822,,10.092007717722323,,,,,,1.087662044681788,-0.285635060825505,,-0.72843481670423,,,-0.3025720916536956,0.0,5.3011015966503665,,,0.3529903997503713,0.0,-7.178631568154242,14.02196615161849,-4.22624674292382,2.120303558431379,0.4383683045438734,-0.5385352923502461,,,,-0.27801090889779667,0.0,,,,0.5092723418998363,,,0.1581861653346408,,0.6548226528810832,1.4388737452099671,1.2005191761728256,,2.290547050685341,5.422897837475422,-1.5146928794657923,8.112469470969714,0.9691455951484268,,-1.3037751207925747,0.548486613074682,2021-01,1.0,2021-01-14T01:30:00+00:00,2021-02-10T01:30:00+00:00,359ac57c565f3f90e5ad95e1886992812b43e921599dd9505123b9951a540e20
,,2.525685443220277,13.88906455798413,,,,,7.308776829154928,-8.10804198683331,,,1.8344558854640793,5.686559862428166,,-0.2937528441916077,-1.0895631818793343,2.5469506058644957,,,-7.907898487574222,,,,-16.955491344622477,,,,-8.018575619235829,,,,6.464761743074322,,-2.3872630633154865,0.2768299075445425,,,,5.737300940477529,-2.631730831737342,,,,7.132283984449993,0.8486632781047813,2.8362785497619343,,13.242756029493982,,-15.085962252301469,,,,,,4.675739676207421,6.431052432853887,,-3.180028896489189,,,-5.2661283656975355,0.0,-15.868995226067756,,,12.337531980784524,5.406722127027579,2.097074852753269,-17.71436873024487,-1.7344034589402046,-0.6116859114004005,-0.9627533551449768,-2.2836045040994275,,,,-0.8967219024075743,0.5749672673235088,,,,5.874770352914662,,,3.214377305468978,,0.08131026118785853,9.531017980432493,-1.8110599231474862,,2.3281018418287256,13.858715608783811,-7.933317231737376,14.432467731453361,0.6652993916414682,,-43.08659391422273,-8.7707004860671,,,0.12307311992467525,6.822838565167623,,,,,-0.48859185507992103,-18.891476771805237,,,0.9392306782832042,1.851084514550989,,-0.43690052658083356,0.21934449189067723,0.10410636164474917,,,-19.186261202971625,,,,-22.445113709156136,,,,-1.6629000753795118,,,,7.1922561082429874,,2.2970516197485797,0.3034155514535121,,,,0.6073145081905676,-0.3726381740813675,,,,-3.007687180823778,-1.488045051940254,-0.33720232704227265,,11.02828096682664,,-4.625581879175452,,,,,,0.0,-1.5885751894460485,,-1.2888286192352343,,,-3.9589202089622515,0.0,-9.41514311231064,,,5.324308313471395,2.127739844728488,1.6588698336578305,-22.875201083280004,-0.08928863687602533,-0.003887319564070202,-0.628932890756399,0.2321665357493135,,,,0.29992698690528313,0.0,,,,1.8177564445203176,,,0.2919222774018778,,-0.15276182765564655,2.2524510078677245,-1.3470566576568315,,2.0354672335696806,2.397839831960763,-4.278776531527793,3.581244594408089,0.05120764812762197,,-12.475111075869282,-0.7436360723436768,2021-02,0.8,2021-02-19T01:30:00+00:00,2021-03-10T01:30:00+00:00,b0070d739bf5a56203440de9bbb9c7aefb5a9b7853d472c19dc9dd205736e985
,,-0.6480904084083116,24.524012830026702,,,,,1.2564887431989893,-16.670183298177342,,,12.331023556248129,11.346432802537237,,10.605354797539796,8.823525003656076,11.366183064035134,,,-18.59334108976296,,,,-16.702507308754566,,,,7.2866401810310135,,,,22.87041374888441,,11.853448058959577,13.159581109126167,,,,4.869680998299018,20.97205309820691,,,,-5.216559382264476,-0.005988880646727288,0.5952165436733745,,26.269121964332864,,6.054882997305226,,,,,,1.589040028925753,17.9730443982797,,-1.8807839243062148,,,-0.43443534658478683,4.758336433091223,-7.26391836399716,,,-0.1512686222759145,0.0,13.32483349634527,-17.942409272898505,8.74597346376903,6.843854810694736,-2.08252319971135,8.399253970923388,,,,8.122955610597824,8.040419390226553,,,,11.695383011865797,,,1.5608838307291972,,6.510077233356405,0.0,13.777905393590304,,5.111779302696453,-8.079603105942997,6.798448430573667,12.628221349492799,-0.10976280143411152,,-22.441984493862847,3.132000502056459,,,-0.6480904084083116,0.20057477092770276,,,,,0.24040949862538896,2.2996861419943264,,,1.5466099583790374,3.444067204654391,,1.909158307691704,1.8384035982851568,1.188290771083606,,,3.0114143687188704,,,,3.0247328868979895,,,,-1.9675435971849466,,,,5.880217863497317,,1.277334183660068,4.339068089959561,,,,0.023637867974387806,14.768514006261643,,,,-4.861496741842255,-4.857656324043832,0.5677272937604233,,1.746990342233377,,3.8935894599348564,,,,,,1.1308533454340752,3.027121989133612,,-0.40772331335697753,,,0.6667457738319239,1.008566645965218,6.362569588021155,,,-2.1511085386069424,0.0,-1.842652688623074,1.2074316590681171,1.0112242828309852,0.06415494243344043,-0.8339618525555244,1.410430925762328,,,,1.1885421111306176,4.988455748054829,,,,3.6088773342396694,,,1.5608838307291972,,1.8630896496354248,0.0,-2.6747001184390458,,-6.012018174016892,-5.236798551731592,4.338891226412005,1.7184415442340248,-0.0487983418247606,,-5.6761748833404475,4.4610017248154925,2021-03,1.6,2021-03-15T01:30:00+00:00,2021-04-09T01:30:00+00:00,abfbd7cf9c8d9c7bd823f6b09f970d328c230b47a558164de9603c21224a530f
,,-2.495376502320044,-4.514854709906333,,,,,-6.355108345790968,18.772740090826034,,,-2.730333257628901,0.7992507562774454,,9.996820358453073,11.469836724730845,-2.0132432275884495,,,20.298819360251382,,,,20.736825505376423,,,,1.4668420297583105,,,,-3.2946054030616416,,1.2423021759145523,-1.9494578932806668,,,,-4.760556709798474,12.675170563914381,,,,-7.216301074271311,-0.5578703342943063,-1.0518563168070407,,0.38545634710309024,,6.071568516319714,,,,,,-2.579611511606153,1.572826370366501,,2.889826863242959,,,6.7341646453485335,2.5041912167046454,-24.303179871404208,,,0.11461844777735355,-3.568171962685656,3.9590012104976378,19.5768389768228,12.230437027845829,-6.407476376711122,0.6207876085363909,7.608736002525861,,,,6.650976830533287,13.785511101513809,,,,0.7668738565993574,,,8.463657668376392,,4.183180162273705,-6.713930283762856,-0.26986383142286235,,-9.30721470974036,-26.52357667995141,0.9401183446995146,-6.07819634341929,-0.9243320319317291,,6.365334032397926,3.5749016680371075,,,-1.0546181159928134,7.679856574058406,,,,,-2.615636407281237,6.920787197854174,,,-0.4349148796564347,-1.2757177379440592,,6.002279300406665,6.959312903481811,-0.3666608778760129,,,7.163434411904027,,,,7.558268116600708,,,,-0.13253934400398698,,,,0.37485922503152885,,0.9512604825688828,-2.3024140573736203,,,,-3.5621972265599537,2.8987536873252187,,,,1.9392436730161458,-1.1186014820220815,-0.14193906889566507,,5.805779186795182,,4.106788459041922,,,,,,-0.8504618006000544,-0.7294753079744227,,2.5778889978224915,,,1.4239722811135427,1.4397565564340198,-12.695962746128812,,,-0.7713939248507692,-3.568171962685656,1.575604975267416,7.670028218515689,7.181690224848709,-0.40557560342518356,0.6852275205504053,4.956049624970501,,,,4.461927377353731,0.6066808831652455,,,,-1.2975924864265167,,,2.1773799549560753,,2.398686068327369,0.0,0.32126078958347065,,-1.5628993733228342,-5.061809245055786,3.088267245288473,-0.501123693589187,-0.4006937599720023,,-4.668572561583017,0.5599559668134605,2021-04,0.9,2021-04-14T01:30:00+00:00,2021-05-11T01:30:00+00:00,2f6583c901750a72c5defc9cffc5afbb8b44cfd7f92c49439480f6871ef0db6d
,,-6.272268708151699,11.842486716628363,,,,,2.978200341929849,14.867717137316175,,,-3.1738914296773335,6.714260976284338,,6.792329706071208,10.066658957414383,-2.470645425345832,,,15.333866191824677,,,,20.59233338520576,,,,2.6731383593802738,,,,-4.4208915846979195,,11.970158268177702,3.7524645076009637,,,,-5.202022213201614,9.097177820572679,,,,7.668902923200324,3.072015123273926,-0.15794672582713506,,17.52205874684899,,3.502600625173337,,,,,,-0.9585948446676217,-11.106626867420012,,4.697626116656101,,,4.911654824478671,2.0101179321087304,-13.041709549516373,,,2.0095480161268737,8.697501401440713,5.580437773201095,18.334892901318184,10.585324003619382,5.011630217160281,4.036094074809617,13.85289573885449,,,,12.964615875576534,0.11481295742591874,,,,7.138581345338466,,,15.194957785999907,,6.91122701121544,14.746169167646167,11.783815883198141,,3.0672641129454417,21.030973179032717,7.713270214936577,-2.9094044335352143,-0.9553345767402508,,-6.0916126059885745,5.833557701296342,,,-0.030657605881110744,2.0745730813526495,,,,,0.5372053405258589,6.608100559531779,,,1.4165584903890627,0.6499856301997965,,5.373395696259144,8.015570933124117,1.2309706045356588,,,6.806490482715784,,,,11.613166199284604,,,,2.4546344486280556,,,,-1.7695112823651604,,6.5309062279788375,0.38222849541364945,,,,0.4186515089540271,2.091280853677752,,,,3.2149372981443713,1.6620156175669987,-0.19345038504936551,,7.599794981831966,,1.146049754474549,,,,,,0.7068112255996083,-0.08103728158229041,,1.120083394789681,,,-0.6100059582505037,1.0000083334583398,-12.604072089536494,,,0.712099637923782,10.536051565782635,3.885112563985331,8.18902889084046,8.254460329840791,1.919687290553463,1.736657249829844,10.23834235783708,,,,10.474499574391073,0.11481295742591874,,,,0.6137848497783839,,,7.072413793741333,,4.0722603140245655,6.953660920470435,5.796523223628142,,3.640889397610832,11.443330055524331,2.4192436917048195,-0.20968764235846316,-0.13916503240033568,,1.7728542876337465,2.33149611649808,2021-05,1.6,2021-05-14T01:30:00+00:00,2021-06-09T01:30:00+00:00,f101e8f7a6fdcb92909b7a9500ed3d0e8f43988b20062d9b3372444f24a6a633
,,-4.8895784355932825,-9.0417831805855,,,,,0.3435760043186403,1.8326582870791783,,,-5.046484194171252,2.5890332941407657,,-5.628056210380335,-9.097566789567571,-5.44413884570257,,,1.8853300120228769,,,,-1.7109487689302139,,,,2.0709230495060327,,,,-0.7285370144790037,,-5.601139646003212,5.584785111650922,,,,6.137081144770096,4.25596144187959,,,,-1.3891230263990342,-1.9137177115481205,-0.16215471527550324,,-1.2690298357547556,,-4.106626038043057,,,,,,0.15026870486588212,-2.9236228263850093,,-2.6866950692296268,,,5.225143200455262,3.48483669861602,-24.070987503210898,,,18.31296013701535,23.30938821673778,-2.282369700215195,2.377268060761616,-10.362995819296485,0.01656436640484198,-3.759056071302146,-8.881766572720691,,,,-10.691565747445328,0.460690469962081,,,,2.5830824581464373,,,23.08251682258721,,1.8729096039663162,15.572456731128456,-3.3890135705529234,,-9.151492920324555,10.574331010398879,-2.5178995142336786,-7.659637211958464,-0.5411012242388398,,13.16936231362645,15.844479786138868,,,-3.633655223265003,-5.727223748734501,,,,,-0.19428799583547218,1.9454996441215764,,,-1.2917164347170342,1.102622813558733,,-0.6454643497723561,-0.3268998364909461,-1.1845710745248852,,,2.001447071052105,,,,2.232579257565621,,,,0.99616176977162,,,,0.3134756448307646,,0.07535633134447041,1.84861953756238,,,,0.18188526582453776,0.0,,,,1.027146796052795,-0.9886212291310474,-1.7227259092804224,,1.8699663206714623,,0.24459458432496173,,,,,,-0.33017734316540936,-2.3212313599103145,,-2.0609947038628977,,,3.0064156392282353,3.48483669861602,-11.918851726511829,,,8.580868199280275,-6.7010710282960195,0.41635081645048827,2.5240678522449875,1.1540532794610656,0.6962234606963459,-2.6046420966156214,1.1755025503405547,,,,0.9737749938022865,0.0,,,,1.1717648338066617,,,8.470755536493762,,-2.6265803236509946,0.0,-0.1821649310636831,,-3.468233684516807,-4.427565508885548,-6.992190720654371,-2.982683513252686,-0.3743453335862168,,2.5738528936017144,2.3094073570512776,2021-06,0.3,2021-06-15T01:30:00+00:00,2021-07-09T01:30:00+00:00,880da7d6273b1fb68e2e97788faf07b1d7daaf3137e04fd8cd90438e57ef64c4
,,-2.6427187864217254,0.5645031893971039,,,,,-3.3290873566333734,2.9351296890548437,,,3.783879465805485,2.0534552802662014,,-2.3704346110719783,-3.5977396385083784,0.41860793690847276,,,3.017446133397619,,,,3.3563127881258885,,,,-1.8299936085498407,,,,6.550348542660343,,1.6796177769197638,1.0780411559036052,,,,1.4529753419760796,10.496043563648659,,,,0.2565390955777606,2.693923797847354,0.3871533299421374,,10.106937788399255,,5.475872467501508,,,,,,-0.7670183184071117,6.438146025219689,,-8.946914832119168,,,7.31396366466632,12.750736511604213,1.2578782206859964,,,5.106329261944994,9.311154495515458,-1.0777608612830214,3.7809295878319076,-1.1986384155155227,2.9758776980363324,-4.2605878801243975,-3.578343632915013,,,,-3.556966625230445,0.49966472747241175,,,,2.145641851416462,,,4.29956281830388,,-4.877583009470822,5.001042057466141,-4.905717947142525,,0.5245975466171019,1.3497206610892498,-1.4165246795313586,-2.840969568033956,-1.4176776897708545,,6.439533212041798,1.4643591980708877,,,-0.8121995867735435,4.22916183316695,,,,,-0.6376991638726663,0.33389012655146305,,,1.656511921155204,0.35353299808392025,,0.6463854257576933,0.35117419194562727,0.6539808923153829,,,0.34312945282636176,,,,0.3810933372461872,,,,1.9972610119377416,,,,3.110694666510371,,0.8757721588791539,0.14500387945704035,,,,0.17198575062306137,2.584123118388733,,,,4.929017775960567,1.4207999127622868,-0.40136991670839306,,4.915445505449179,,4.80145272210949,,,,,,-0.3479860493291458,2.1906318452787557,,-3.370967474328821,,,3.963821663254266,6.521999214839903,14.069988210313511,,,0.666681019704104,3.070400561861991,1.1463540170444868,0.42850297095595274,1.9107542487644507,2.6402740319109683,-0.9503884110916948,0.028660138720183286,,,,0.9313767841899446,0.3277949486756007,,,,0.38861830505682904,,,3.061463581960695,,-1.1307446960182355,0.6705357575984531,0.9313811465095405,,1.3857617559729167,1.3989397818178557,0.025031289242109855,-0.10253256306856269,-0.533671832521001,,6.500114531143171,0.757395136452417,2021-07,0.5,2021-07-14T01:30:00+00:00,2021-08-09T01:30:00+00:00,cac08ee0f598c41ed60b4171c7be2c5358754239dc9c63e392c2ec918699f4ce
,,-0.26361138126720307,-6.847615138062987,,,,,-1.8745244646958474,4.2111485350126845,,,0.32124586500351887,-2.17197417468595,,5.343428732349201,5.6467775466812835,-1.8965216795672437,,,4.324998379381674,,,,5.95413936910167,,,,0.3384687312543197,,,,1.255619625249547,,5.025493577417657,-2.755617208300322,,,,0.5430795018247346,19.600798114102865,,,,1.7912574431877024,0.05535886848811076,-0.2131439528069875,,-13.054360050326643,,9.34624545264874,,,,,,-0.2109098663139756,11.126682920081166,,-3.566348403800789,,,20.139011995361233,5.5512236221003946,-4.473589384139141,,,0.40071686096258596,4.335612663927745,1.079941862580804,6.669137449867215,4.475573845361888,6.39808682683504,-3.571808260207923,5.316087786102865,,,,5.926814538975928,2.0814041549523647,,,,-2.267744294159161,,,3.4571344065088723,,3.2526536293431523,11.506932978478728,2.220859004864354,,3.326977594836288,-1.134199261851165,2.683398999771715,-0.6887543604193364,-1.2478630824109482,,28.807085694973093,8.244665726334757,,,0.6342815419670792,-5.244819927842555,,,,,1.9027422202217352,0.19606837714026618,,,-0.4694570170917881,-0.9454522962208586,,0.014246536334958435,0.28965937023882715,-1.2552466071119972,,,0.20126059439035432,,,,0.21989477062674367,,,,-0.19327894289226868,,,,-0.5996236118947956,,2.193518845469203,-0.7668737261721686,,,,1.2352414375230132,8.949267033098742,,,,2.042212598177152,-1.1682345957509257,0.39591468296642873,,-7.373285421451802,,5.931423669677653,,,,,,0.11138638781026347,-0.9869460146598918,,1.6473114041537382,,,3.001345103319023,0.8486341071515194,-1.298719552681108,,,0.10977143858236951,3.308931714059697,-0.8231929284682358,0.24546230269179084,-1.1717658638096227,1.104753991526737,0.8784152645381815,-1.7454518439045865,,,,-1.7473486437424461,1.3501494468745614,,,,-0.9651858628357657,,,1.7136282242987237,,0.41689369586645,5.29880935931202,-0.9470614786224608,,2.573964926455648,5.464652989424721,-0.5749934857082117,-0.050695182227107984,-0.21802986667364813,,9.746335230253012,2.344399005360011,2021-08,0.7,2021-08-16T01:30:00+00:00,2021-09-09T01:30:00+00:00,0087f302845daf47924cb653d6cd83d83e0548cf7bed74dba2e9b27b1cdae724
,,2.9063301676889277,1.0037514825936307,,,,,-0.687724631705038,0.0,,,1.488342285423159,-3.965359612389533,,0.2383282586519554,-0.09119607787429254,-0.31159606782575633,,,0.0,,,,0.0,,,,1.1726154961082031,,,,-4.488914474061313,,9.070572305591359,0.01567742140983424,,,,2.3221999465193526,21.732922182717648,,,,1.4582545140775875,-4.47396372560573,1.4280352522917763,,4.858872943565667,,2.218540576176102,,,,,,1.1127874102506157,-2.680982053125343,,9.398905099086093,,,-0.8865306289563141,2.400456809728034,-12.516314295400605,,,-8.686982415479786,11.520752768439918,6.175936898256663,0.0,0.23851721816171204,2.039561295905499,7.084769033083585,1.1831260884683594,,,,0.9172804910511525,1.0286605497531809,,,,-4.055017710432083,,,3.5760663879098256,,0.06149464543079705,48.88467170472154,-1.0136515594136621,,-5.388498363147022,31.279283188409856,6.153910352069233,-1.584435209333017,0.17189849395978687,,10.093983797480695,0.45156853430744404,,,1.830519199648194,2.8447677724416094,,,,,-1.163367459241804,0.0,,,1.2101389709435164,-0.0635808770147352,,0.729220971561795,0.8192218327637317,0.5588479951888863,,,0.0,,,,0.0,,,,0.4114632596991414,,,,-0.3959524299876958,,4.824255274301086,1.4574824355220157,,,,-0.15745259113289614,9.401077625593954,,,,1.502031362296481,-2.500869659125896,0.4528781067458826,,4.571560177652028,,2.429404352013107,,,,,,0.20330810069695832,-3.281563064633799,,4.366874017178377,,,-0.3555559301333207,0.4761317101710477,-4.348511193973878,,,2.0592748276764548,5.298666502067129,3.51381862069012,0.0,0.964373796375554,0.8938545578087967,4.539755508377237,1.8064075007573615,,,,2.123238271264853,0.21792290967304284,,,,-0.07342721857191123,,,3.5067700150437413,,1.1274553470716728,17.435338714477773,0.1559423631771648,,-3.1699472699709235,10.97009190752771,3.3074981342506296,-0.5840682477781525,0.0,,3.6360827143303465,0.2859686748015901,2021-09,1.2,2021-09-14T01:30:00+00:00,2021-10-14T01:30:00+00:00,5f842baaa0c50213c58af145bbfe62903217825552fb52e9368a7dedfc90a9d1
,,-1.2250658649550206,6.167853306992981,,,,,-5.981155934977238,37.70232076727119,,,15.116258131496336,5.663674882611445,,3.814948602420206,3.0566406005857716,16.82338491357638,,,39.18275645530622,,,,43.537927305719755,,,,1.0191310606037773,,,,7.690062000079687,,4.076372424487117,15.387070862886624,,,,2.1659816858523127,-1.7522350692202489,,,,1.5674218241067062,-2.6209638164781506,1.6534410521091971,,3.99374748199323,,16.243651814144346,,,,,,0.2843172619230558,0.7742936458174027,,32.844740814315884,,,70.96326878497182,0.19668145515785504,-25.131442828090606,,,14.842666071446503,17.27509214705852,28.786915000622347,38.41645853329293,1.9763922027453422,16.184774333996245,25.670771045907735,9.513114480250378,,,,11.13213460632195,2.1820766265482914,,,,5.885923815935127,,,30.62440903118404,,4.341936584459442,8.923113372794262,0.5639944676873188,,6.670504471602763,12.112009524870114,32.22373358734155,-2.7252699579535626,-0.7203529991904337,,-1.2493427587487218,-10.0552822544002,,,-0.7445083552020125,4.139878059879081,,,,,-0.32993490864299846,9.261969972108137,,,7.702330698236022,1.9737722435864649,,2.6493107356951073,2.217973351314854,8.849261951934544,,,9.624031259416792,,,,10.46211010909037,,,,0.5308439046351557,,,,4.502264782384533,,-0.7979829227922653,6.041631578051811,,,,2.6445586586872833,-1.930735711617813,,,,-2.7794833164222528,0.6188365839008111,1.7001955141157297,,4.974875453836868,,9.173514179781748,,,,,,0.1894549948108111,2.929605453405037,,7.132676504143245,,,13.78367893726743,0.0,-5.556985115481076,,,5.464420410994796,11.845683773956392,12.851533656734379,8.650024386027015,1.7299547963128832,15.379696441554119,6.989368702292823,3.04751493623012,,,,3.7206608325482464,1.1100342512512975,,,,2.0427358635640274,,,4.123299851105509,,1.2391346000302599,0.0,0.9673801047108462,,5.224172026086711,0.0,10.51607231340128,-0.8376582969127885,-0.20634518541540625,,-2.8511563934197777,-7.568806581064788,2021-10,2.5,2021-10-14T01:30:00+00:00,2021-11-10T01:30:00+00:00,ca0a91999e3d8eeb77dbcc2e13aa93fdf811218026ee262b3d0c020b8b151f41
,,-0.9339287754170413,-2.5712991051543197,,,,,4.602761346271912,-7.653686297494322,,,-8.809265657596518,7.898810701963095,,-6.235103040705412,-6.481651245355124,-12.35831655323532,,,-13.944374942241419,,,,-25.469682379890525,,,,2.444793564250643,,,,3.232972284060863,,-15.625804272049296,6.9213271379256325,,,,10.308404845074573,-33.76648667137591,,,,-10.13581559889831,6.336555368739827,5.689443689807873,,-7.847334914618812,,1.3049336977721058,,,,,,5.0075510811218065,1.6390789857450465,,1.7690630675063008,,,-3.453099715501466,2.3487702837554867,47.000362924573565,,,-12.236506455684594,-2.391053507304515,-31.506453310306537,-25.562952458066146,-12.59832013832242,3.995914890937116,11.532891085124833,-17.785526978051372,,,,-18.093955511069854,6.376711978793641,,,,7.983339716062742,,,9.84400728132525,,-2.438246489214533,-8.840480856197312,1.5007853629772299,,-0.2553897202657148,-4.697463262791269,-22.34894404256103,-7.643647286377255,-1.5088735796194779,,25.743471888437202,-15.489944556877191,,,0.5425166957877114,-1.873787978547159,,,,,2.522226077658426,-26.189439484766343,,,-1.8027012919018592,-5.549840412119825,,-3.5506688456909763,-4.680388571012668,-2.6364373219663775,,,-28.679785364256443,,,,-37.962673983746804,,,,-4.131367062742618,,,,-6.035135159970789,,-8.524538370175074,-0.6226343208481473,,,,0.9994136828414102,-17.252813467390528,,,,-6.407399538154726,-1.2853191929850358,3.9310481189839486,,-3.156490856953062,,-10.259091028693884,,,,,,2.382973649630964,-7.360169396070767,,-3.301605619984263,,,-32.18480394877578,1.1859845123362034,6.136894637629202,,,-17.23113623013634,-35.16848021271357,-12.123353302159996,-39.10264870192303,-7.71271347102658,1.883155382523902,-3.1998076026123514,-8.636945977490532,,,,-8.706384186567655,2.079471179225462,,,,-5.365007198068362,,,0.0,,-2.7877187711627514,-5.905135108940693,-2.248986229444702,,-5.288444184591254,-4.697463262791269,-12.219375277792295,-1.1929323783112746,-0.04455101820348453,,7.048148945392827,-8.692603280501613,2021-11,0.0,2021-11-15T01:30:00+00:00,2021-12-09T01:30:00+00:00,03d449ed44160ee6fae270efc45ffad6622dc014367803fb35707963a45c637c
,,-2.0261648341322083,-14.521322575978376,,,,,0.44769965130449935,-5.1373651171715204,,,-1.597868624720571,-7.054984441472199,,-6.649872740464727,-6.98362333067011,-4.566017999743613,,,-4.791083371875817,,,,-5.077031501808282,,,,-1.5223278553090105,,,,-14.155132507074047,,-3.0824528635656496,-6.840716643448758,,,,-5.380082814510271,-24.035150154217742,,,,0.8801612443900378,-1.9644552914138265,2.29714204787724,,-17.15606925221907,,-11.094604635803774,,,,,,0.03779935786096964,9.172194371171457,,-10.428486784728385,,,-45.95260329620456,-0.2653937466697003,4.652001563489291,,,-6.098197626883048,5.67337853834621,-5.452147457581373,-2.5862024100988834,-7.562592492832579,-2.3152418507513093,-12.801477618726379,-4.226120826890777,,,,-4.24836773688079,0.5468146561430882,,,,-7.197418130484359,,,0.31201273362436777,,-7.60230833528832,-62.94349845883439,-1.5750661204496526,,2.1660800444630035,-45.2938325289026,-10.062073410939067,9.50080466844844,0.7052399609944618,,-22.217807124019384,-11.288965339805843,,,-0.8691615730601192,-1.0710086624742277,,,,,-0.5285823679140713,-5.518317958838292,,,-2.238972565790166,-1.7614887238326458,,-0.1049807631700869,0.2710055177325438,-2.6664847423023517,,,-5.968048327265841,,,,-6.666189969062486,,,,-0.947854013120523,,,,-3.161600295785949,,-1.5386989739166606,-2.3951413314414536,,,,-0.5549258319751482,-8.553988315814234,,,,0.17774674318585273,0.026455201577582285,0.1203412172273337,,-3.7798619605462735,,-3.234424764194579,,,,,,-0.5634929848089354,-3.3996115415525456,,-4.635992193760834,,,-8.60339085548479,-0.2653937466697003,-3.352269203864345,,,0.9842006052138881,1.159930297800959,-4.635565985229681,-4.363127256061196,0.6532156613228035,-3.1414922113072286,-7.021280012133728,0.7472521969080773,,,,1.1059018965202034,0.0,,,,-1.8238031052324424,,,1.118884203990494,,-0.7286410804674274,-1.7692559530918237,-2.5033348373112467,,-5.400735424843163,-6.581116267018122,-2.433890596999033,6.644451171198343,0.0,,-20.34310751743648,3.6472955425178197,2021-12,-1.2,2021-12-14T01:30:00+00:00,2022-01-12T01:30:00+00:00,29d984b99b054c69720d36833e4c886bdaf0b8ce550d5088b88da09ec5cbefad
,,-6.640969299112987,4.699127835395099,,,,,-0.5085592956325973,-34.19517023858386,,,,-3.935755044322965,,-0.7575645891432663,-1.6886323100391551,,,,-34.879557230288555,,,,-31.200250388713975,,,,5.348598428837863,,,,,,9.601499038303622,-1.5578262296616023,,,,,-9.909840477295992,,,,3.9417765872238735,-0.14492804114403413,0.3636817030415097,,12.630191315957228,,4.081658649018027,,,,,,-0.8439783712016979,-10.714452071967179,,-10.094232198218243,,,15.536334981369466,-0.03971709261992646,-15.984870094189613,,,-0.3644304307638151,-1.2817453570222683,-5.522981075982047,-40.116602520727554,,2.5426400719245086,-11.411515273099077,-2.1446674311284895,,,,-1.6580867877729346,0.19733304224977027,,,,-3.9558447177205323,,,-2.20481372217625,,-1.3674395082523545,20.089794236689,0.2715222993002793,,1.0431855627456366,,-9.922002839136695,,-0.9677073032715783,,-18.665222124199005,-4.463938491678858,,,-1.783339107532803,3.082831485204119,,,,,0.1485007412357886,-8.704908366937257,,,,0.4597537857984426,,-1.5190854905951459,-1.1674165243494459,,,,-8.996138167210828,,,,-8.89858480746548,,,,1.7778135814729905,,,,,,4.07541420323432,0.2020837150165363,,,,,-5.605331924190518,,,,0.9504866135448773,-1.2340757192412062,0.17284869463866653,,6.41631852762318,,9.817157147105071,,,,,,0.10531859846586406,-4.252929615586036,,-4.2943998192283495,,,-0.9682591062190681,0.0,-6.453852113757118,,,0.8703766111861919,-0.5267968823465274,-0.7029082361737425,-7.13090277047818,,0.7615125426159285,-3.823533435483214,-1.6036198172441452,,,,-1.4055962281136674,0.0,,,,0.4465064190991157,,,-1.892800988551891,,-1.043223389136804,7.206507052392157,0.23473283126615738,,2.0343514289920503,,-3.2789822822990957,,-0.5660689155116145,,6.024645800048024,-4.335450955646785,2022-01,-0.2,2022-01-14T01:30:00+00:00,2022-02-16T01:30:00+00:00,57f571b19c3b42691d4e405284f26e950c1b0ef6ee88eaf10f101e88c2c262a5
,,8.651845983721241,-1.430812469488828,,,,,1.503510652694117,-3.023007460753354,,,,-7.064273316081975,,2.4555441556499966,1.5070619773322693,,2.4277427336790343,,-3.81600696466441,-5.655436670590694,,,-12.110468477061593,,-0.43908730016954295,,4.650684795102232,,,,,,-2.436232476065679,1.2101162784937172,,-1.1900659884125955,,,40.05957590939821,-0.03424364385830746,-3.038208368812303,,-6.99275540517562,0.8719344723403429,-1.357858427612334,,0.5881470378880203,,-10.42940795416885,,,,,,0.0,8.00857873908366,,-0.04217629754634008,,,15.859746728171356,3.606723445758576,1.6129381929883497,,,,4.999810063823206,3.1328664131324118,-15.580607664149968,,-0.150003678658384,2.1834506679451415,3.4094433540114646,6.6239435356091505,,,3.5264870908989643,3.6002545662281995,,,12.282723277295668,-7.115089227843242,,,-9.232096395777404,,3.319221200736402,9.434612852209664,1.6215566941052109,,-1.5593314332002954,,-2.0284951095092136,,-0.46807351223639254,,-1.740235113640891,-15.87367248459983,,,1.4307255989267476,0.5928411058298493,,,,,0.201365693098896,-14.942566046192269,,,,-6.406048530712774,,1.2266727857660253,1.4612892761344949,,1.6157523620852285,,-15.31075450018315,-2.657469041081254,,,-18.86936945886737,,0.5548963901234732,,3.706527209357475,,,,,,-2.9358135529102753,-3.2201196558457332,,0.02824950853776962,,,8.084752941280179,-0.25369510350057767,-1.0790580247185573,,-12.120195340019881,1.4325736825863764,-2.489963643723396,,0.7227302046141061,,-4.201780168031209,,,,,,0.0,4.342935996738338,,-1.0282327502842505,,,9.940859589138306,0.9476337942400637,2.4292692569044703,,,,1.378831713985573,1.684457611045235,-22.436818407747786,,-0.5282161179831314,0.7096989603706902,2.4082081902087937,-0.7100050506074619,,,2.4799158014420963,0.4811556997222117,,,0.0,-6.595544895403951,,,0.228742428790685,,1.766283108174636,-0.1804821941508213,0.1632042103450799,,0.9514335456626973,,-2.3251654606017156,,-0.015993176278888303,,-0.12799921434372769,-1.5334151392451374,2022-04,0.6,2022-04-14T01:30:00+00:00,2022-05-11T01:30:00+00:00,3bb6846b2574ba07b96bbe7de2abc635e6d1f9a24ead04f9a7ca441fa703e957
,,1.439975483450827,3.360476050873161,,,,,1.6648613624920146,-7.944250358613447,,,,-2.3485479528014253,,-2.6923144965998103,-1.1908953266392863,,-4.181559657383248,,-6.910379156914607,3.9491186113781356,,,-3.3837814781558597,,-0.5442981176319738,,-1.7293104804271116,,,,,,-10.127310843690614,1.0737025192555845,,-2.1778069865696366,,,-0.3041827440484777,5.190175153238622,-0.8678250354962505,,-5.60981262716657,-0.12151062450737422,4.0805461779387,,3.754440079154474,,2.70710224033813,,,,,,2.1169269031716365,-7.872020215976148,,-2.8454160526391217,,,1.8384340019932035,8.279196144692143,17.563256864315797,,,,1.0158438118349131,-4.78470812157371,0.21857932199802255,,-2.180130216100497,-1.4438599086075694,-1.621798559939925,4.870615900059412,,,-1.543231212759541,0.06808492506189777,,,8.361274932897388,-2.146268906909486,,,2.2297031675781525,,0.6511499484288574,2.955880224154443,-1.4269398378267855,,-5.116527469253507,,-8.105388298938857,,0.3910983660979788,,-3.4465908874617606,-0.14190993548867817,,,2.53184367646352,3.0483990452497034,,,,,1.4018667264847784,3.3309978881532856,,,,0.763292827117805,,-1.7154856883936496,-0.2734576990351673,,-1.4178833310822512,,2.8180384974816217,1.8974205934512076,,,7.5432573127439655,,-0.7575093959380087,,-4.722858774180505,,,,,,-5.047470981154616,1.0126402690932572,,0.05330786528292969,,,-1.0283145221757501,2.839116682490399,0.3776828523855101,,-4.575550864508339,-0.1344286018284538,-1.1984184933572455,,3.2758946899393475,,3.1797534082729126,,,,,,-1.3529669960191661,-1.6514632096295148,,-2.061928720273559,,,-1.8363538864039564,0.22246950221111086,2.0339684237122784,,,,1.4914474897145333,-0.5778968353386864,8.661447283677088,,-0.28878178193957277,-0.07753440977682008,-0.40938123728027975,3.3874287561388488,,,-0.568687505046513,0.06808492506189777,,,-2.5764884110597635,0.8003884572661337,,,0.19361090268664008,,-0.7307326876716694,-0.5310023409279522,-2.1273273383604145,,-0.2532790487197904,,-1.9721109886609551,,0.0,,-0.14935746609023737,-0.30803104663798736,2022-05,0.1,2022-05-14T01:30:00+00:00,2022-06-10T01:30:00+00:00,70853022a0a66d3ba0c24a55dbc5d7fc3f0c4626f2a89ec2588eff8bad89c3d5
,,3.234357332889089,8.117995113512212,,,,,0.33397405936996394,6.741075736964867,,,,3.807655768674039,,-4.395725117066619,-2.9095487069723083,,-4.042895145900356,,6.513630416014172,10.567146915066196,,,5.296970868723311,,-4.052508191247821,,-1.2806022204736887,,,,,,2.698225990693184,2.7553488551662455,,0.8744010389182781,,,3.2645912931394565,-0.49575989999805875,1.6664125837713266,,1.9432740555764831,-3.008757580908039,-2.4001522815022187,,10.205996043856041,,-1.7895375182115945,,,,,,8.90489938608944,8.44521766165187,,-9.628721945215148,,,-4.4124209408007085,6.3011192574184705,5.864872708150768,,,,15.80499811991409,-2.0303996503860047,8.061358936541804,,-4.4893126278663535,-12.720776295300784,-3.346919611913756,4.886232589958776,,,-4.621093010673411,1.4670976406667606,,,-20.64399821019307,3.952981589307763,,,0.9624713374209692,,-3.714077485343424,-11.951880367957084,0.08864938103364006,,5.097341639081349,,-0.3141740381595278,,-0.16742632503707516,,-13.355553077645114,-9.388619048584394,,,-0.38861226826834366,6.090861979701401,,,,,0.07531606201988,2.6900824015914253,,,,3.8194205374831767,,-0.5620887882012177,0.16850854367473245,,0.7235936418725574,,2.597958895894785,5.542481941582977,,,3.02844258561494,,-1.625562585759705,,2.111946039723736,,,,,,-0.024198427220321575,1.9405672539739929,,2.5515938949505474,,,0.274175010938015,0.20308726781180908,2.823411352618,,0.009342738363412689,0.13939143565856113,-1.6372458743353266,,5.665632855588617,,-0.3336413700231665,,,,,,-0.9816663694475878,4.457201250392229,,-5.485921090266756,,,-0.7914955987443647,3.204849429118415,0.6349227678658744,,,,3.7074793935538017,2.3777994173146713,3.369666957766642,,-1.561203433493524,-6.0663482675135105,1.2193538197822713,0.09102466141127731,,,1.0282702768322745,0.816688843749123,,,-3.2149874081390846,4.122460098404717,,,0.0,,-0.721503851415074,0.11653983979279428,0.5383274198776484,,1.4822417220548816,,0.33037795634244604,,-0.06115638942487223,,-6.0044257009408355,-3.420989708234378,2022-06,0.0,2022-06-14T01:30:00+00:00,2022-07-09T01:30:00+00:00,66a27788b81b638b49cfa2824ef4df73bd46f5578ac1ff666ded260f1b56b2fd
,,-0.0855076474554589,-4.379397476182549,,,,,0.08600609739978131,-2.532902622964435,,,,-0.8664687409990067,,-11.430515222159912,-10.503645149898686,,-12.884767965669472,,-2.8302284328593266,-7.758766829622579,,,-3.299838568958222,,-1.053955117444335,,-12.081165380072221,,,,,,-9.994335526241542,-3.1874155833516102,,-5.799005026847401,,,-4.83269184935476,-2.077475075393848,-5.086115260994861,,-5.240515450612791,-0.9206349401664444,-2.661248099553201,,-4.829302652472711,,-6.579390538503943,,,,,,-4.649529161674422,-3.961142250134581,,-10.231193486212085,,,-2.2010177613943935,3.7687309977830328,34.45767384331519,,,,-5.880204514011993,-22.23313446361565,-3.9651866616340294,,-15.537585866556263,-8.547105321715431,-10.804161797595064,-9.52537090389114,,,-12.22727026524815,1.044235532985131,,,-3.8874447106433694,-0.8758157226323903,,,-1.2853129939090695,,-5.0032873941825455,-2.07913628546763,-18.689024573033866,,-2.1991186903469515,,-6.168908852790007,,-0.04522659933162899,,-6.729136596000447,-5.318904566833948,,,0.0,-0.29072158717616137,,,,,-0.7849613930622329,0.42720694540163756,,,,-2.0861707542141597,,-0.827476794352938,-1.4700274433018028,,-2.0443838040577123,,0.4581080947148853,-4.886585821413964,,,0.5355897228724532,,-1.3129655124377102,,-5.827707871986998,,,,,,-3.7681685113545624,-1.648319008553826,,-1.5289738190052056,,,-3.015522671605992,-0.4632527459628744,-1.2592228219751647,,-1.1477080306308953,-1.035203853902698,-0.4229148940877012,,-2.4730470733303513,,-2.1308220936287303,,,,,,-1.8441230256745735,-2.3904510284177634,,-3.2038161445201654,,,-0.775459044372589,1.2768082034689374,19.76856186186978,,,,-6.89031411266239,-8.25079576758113,1.3609958456166087,,-4.67675478219375,-2.814422486984113,-0.3818341641124919,-5.749769416638208,,,-0.6013476814764244,0.0,,,-3.8874447106433694,-2.1059184741116646,,,-1.2853129939090695,,-1.3295308657243365,-1.3031832717130654,-8.48454647314057,,0.9998190900982186,,-2.154138103785047,,0.0,,0.4698096758413354,-1.1001211061973457,2022-07,-1.3,2022-07-14T01:30:00+00:00,2022-08-10T01:30:00+00:00,5733759a08bf0dc148e74def3fabe22b0915165299cc98f503be8c117c43df34
,,0.5922994915048729,-15.144787606379312,,,,,-2.4696194643568514,-8.145846270377456,,,,-2.800117655871132,,-5.118627156109055,-6.124728768931291,,-4.843359933676759,,-8.323519299200118,-4.951652062715555,,,-6.4944688640382084,,-4.310164844197261,,5.171917256946694,,,,,,-1.5497918168342146,-1.9088371635801036,,-5.645131882211728,,,-70.09137790140242,1.254402655645679,-3.9826591898165025,,3.9073974884387574,1.4119547438989986,-0.8577100916571512,,-12.07084151571858,,-4.931182841147377,,,,,,-0.11224681870378261,-6.727547768634445,,-1.978145229538493,,,-9.975395312384087,-9.041563559643107,-3.653374333245595,,,,-23.608016709819708,-2.6703526474599486,-5.858332409889728,,-15.410368169473434,-0.12000481459373759,-0.4782215696221926,-19.203104426627036,,,-0.6001698485757531,0.0,,,-24.816527715966867,-3.0496802002772787,,,-3.020635952135626,,-7.103088557235994,-32.2814577152321,0.968753250019263,,-5.0443839733381415,,-1.1803734913906099,,-0.05323396452571098,,9.743263817900292,-4.977771767122432,,,0.0,-7.960057272227609,,,,,-0.5309714582129769,-3.9298725401243835,,,,1.204400198546957,,3.5346154897357414,2.5333220935793217,,5.100198733438404,,-4.056052243091084,0.607177114783438,,,-3.4401426717332435,,-1.036758873726973,,5.259421712817833,,,,,,1.8427612177390986,3.6896059740799756,,0.12842520380579026,,,-33.15912992358545,1.1182555958135598,0.5155095587294644,,2.5312345876298346,-0.35749553138583634,0.45439870461255105,,-11.277681284241334,,-1.033989311228703,,,,,,0.8201529074260243,-3.9821837714124952,,1.6880335478516744,,,-4.371981123731518,-9.041563559643107,1.4051753455650287,,,,-7.970179470531449,1.9818538321725259,-3.0098031157279412,,-2.7422509783742663,3.246166661769364,4.233057485538802,-3.790912147370365,,,4.587124031878347,0.0,,,-5.550513480361372,1.1009163817353473,,,-1.3620419514306714,,0.7746799794589759,-8.738869871477641,4.2507772987247785,,0.7271313786986975,,1.6207010168289036,,0.0,,6.491910666722897,0.22084946452263113,2022-08,-1.2,2022-08-14T01:30:00+00:00,2022-09-09T01:30:00+00:00,684140254c6da4c454beb50130b877b032611399931e3c6d1fc33869dfe06c5f
,,2.10369229063678,5.458371830248774,,,,,-0.41206827991244466,12.384978833862089,,,,4.679618921052577,,-0.8807167340265667,-1.7420946400297077,,-2.064722997695191,,12.815750198046397,1.7121040780111352,,,15.48647105609153,,-0.4785535832653608,,1.1629379453216948,,,,,,0.07548420213476287,6.3477716716320325,,0.3203432873882267,,,-59.05527949785275,0.5298950557529958,-1.011320976535913,,8.327651217181629,-1.5485948330073642,-0.05506697254614761,,-7.757674161392258,,5.282294043913127,,,,,,0.7594544046046632,-4.071872689416696,,4.021705996436635,,,-3.6949547009523362,-2.00200422334423,8.894748601649612,,,,22.775489466445425,-2.7269665571642876,9.156580463563712,,-0.4972834313917059,3.167364746759635,-5.656137865365142,-0.3392744463645755,,,-4.1996534250819275,-8.709470685093383,,,11.723143964292024,4.645855424798984,,,-5.762911283663642,,-2.390935293158849,8.40999733279277,1.2592128780021457,,-4.221095363852513,,3.429182423910283,,-0.10655302020382848,,-4.988329529104519,2.2870264751300002,,,0.9575344789340516,5.1001385064545675,,,,,0.5397225774107736,8.50192277399356,,,,1.9449459537723484,,-1.1358511627016914,-0.8620137235904638,,-0.9563523660634414,,8.650970473830562,2.4102971647949554,,,8.72060620871006,,-0.507659733600362,,-3.0848972392844263,,,,,,-1.7147244528193675,2.5406555005239637,,2.599523323272167,,,-17.072800553046093,0.928822608674019,1.088209837902185,,3.184002938062508,-0.8384302816083106,0.2075833511134336,,-0.1604184264356737,,2.975565161614737,,,,,,-0.14344420371576924,1.2179386713212026,,0.3377065165592226,,,-0.4162840611494487,-0.40881747409467206,4.348511193973889,,,,11.231513907838623,-0.18604375124231007,4.404628866766077,,-1.7122561419327185,-1.5010095921153885,-3.558542336777343,2.412006527403995,,,-2.6563829629019713,-4.8187902934112525,,,-2.9753882718497686,2.0021760386404996,,,-1.9185953310168375,,-1.1131337531241892,1.9776091527105097,-2.9713094467851677,,-2.48901435796061,,3.262029888915649,,-0.061281858491666716,,-1.5797831912345,-1.8419066293133297,2022-09,-0.1,2022-09-14T01:30:00+00:00,2022-10-14T01:30:00+00:00,5c3a44c2eae85699cd84a4ec75417b83b7428d2f9f47f20db8229941d6d62aa8
,,13.5357011877671,-0.7117921456539512,,,,,0.698044643463719,14.333976372304269,,,,-5.505343168264562,,0.2411763146666075,-0.843408380233496,,1.256726828660808,,14.636648589380592,0.0,,,11.516242665214488,,-0.7427775148049874,,1.800298280605215,,,,,,0.9648548437073188,-1.1938797555949476,,7.198904683166236,,,0.7610691652608932,3.6234487696456603,4.099892603132399,,13.618206438827144,1.6937332204100888,0.7070818062306252,,7.500074531725194,,-4.392529459770155,,,,,,-4.063624489333093,0.3710549977078189,,3.0897389477254285,,,24.759952120082808,-0.851626503149211,12.014431184206321,,,,7.133166487587491,-1.0791991799541216,12.935305165646152,,-0.20831245304318513,-0.958511137430347,1.5833594882912452,5.207338778667083,,,2.2348963557833494,-7.352282066499827,,,3.058039114333746,-5.5857420700868925,,,-1.279335145990947,,-1.1374771467398659,8.65499385520108,2.205868739729626,,5.047784050182959,,16.01089782574198,,0.13317354478535956,,11.900107489862817,0.09901855950720517,,,5.97071135629622,-0.9137814380460246,,,,,0.16855377556938064,2.2868190903659347,,,,-0.23017197762756572,,1.101612304858456,0.27558698426441064,,1.1099551566047738,,2.3926349953195905,1.1972621218192374,,,2.0903996939902636,,0.08254474098595632,,1.8751796213399317,,,,,,1.1588392173466808,-0.039537077821311765,,4.380211011723688,,,0.31974447704905595,0.7548602475590594,3.3718963212297512,,0.9816732768647946,1.6452483709754322,0.7913605794525584,,5.527822845578078,,0.5644723977985406,,,,,,-2.401630711484187,-0.7199352955607157,,2.0064165140184396,,,12.375547014922658,0.0,9.079209982953582,,,,-0.9458238240721305,2.694251328218493,2.1521698707889416,,-0.10129015949147872,-1.0515343999523008,1.909303455708171,0.1953476013406391,,,1.7989037836073303,0.9608944425157929,,,3.913509587896766,-0.1773875717367718,,,-1.279335145990947,,0.17539196708032467,3.8668689991204293,1.2411944959415913,,0.4519420250863676,,10.320906707513505,,0.13317354478535956,,2.223749448722102,0.9828663922933674,2022-10,0.2,2022-10-14T01:30:00+00:00,2022-11-09T01:30:00+00:00,a9a70e38c3163447220495b7e5caaa95cef62feeff3defd58fd2392631d47fc9
,,0.6945520900022776,-15.092008915166202,,,,,1.2551781036884073,3.10050212341987,,,,-2.658123307823567,,-5.17639612433688,-6.60232130993485,,-7.29834177225446,,2.981595428410587,-15.72460003724275,,,3.4290788890146486,,-1.4215787469443901,,-4.569220101808287,,,,,,-1.7430604059302661,2.300826335626123,,-5.112401722772546,,,21.04536372290561,-0.7800764099255043,-6.128380090883279,,5.532377975536212,-0.2845103072790978,3.4871632011158957,,-17.20667371260003,,-4.044320322071063,,,,,,2.556049697953507,-12.255656053310075,,3.0459207484708655,,,-18.626753247107715,-4.458454650584754,-3.4552381506659726,,,,-2.321642422133989,-8.181186732484413,3.346493075816756,,-4.503039133726549,3.3039854078200306,-5.367607989777245,-0.7596086578613862,,,-8.008363642885765,0.20638566828532653,,,-5.57919752522718,-2.767704337857615,,,-8.907608995385845,,-2.5566231857283803,-5.440527847044164,3.569251137704387,,-5.38662859657668,,-10.354434377468273,,0.5574002487485881,,-18.90778012248318,-1.0475589578453912,,,1.8558141682780793,-4.994963589891308,,,,,0.3222947257411438,-1.6779017321403384,,,,-0.18450087817214147,,-2.2622452753730227,-3.16552377798072,,-1.945826146009058,,-1.790141768323629,-7.646433661050824,,,-1.6315246488260104,,-1.1826018080627736,,-2.578790847511577,,,,,,-0.9875252414853282,1.0344039580613789,,-0.2178165065873085,,,4.496625283259249,-0.6311423153755163,-0.4718750256115313,,2.470475076869634,-0.3553461399305339,0.8800456248482059,,-8.00581970550125,,-0.44236248331057987,,,,,,0.9283806355998472,-4.9247566362971344,,0.660714504398656,,,-8.53067619415355,-4.458454650584754,-5.324451451881225,,,,-0.21705434878244245,0.10801380303206182,-1.9706331882047643,,-2.48787246689942,1.2578782206860186,-1.3158246997609586,0.7735112291936208,,,-2.168506025490762,0.0,,,-5.57919752522718,-0.14819377334509004,,,-4.135805471141926,,-1.7321738297383162,-9.21595925650798,1.8326745795549695,,1.4291611455324056,,-0.4832004643899836,,0.12183172839422188,,-10.942621126197809,-1.9689574157623364,2022-11,0.1,2022-11-14T01:30:00+00:00,2022-12-09T01:30:00+00:00,a4e739d0a2b703d42fe16a11d843543adb71e83023020135424836f1398624e1
,,1.5290269817280269,0.13257589432618674,,,,,4.10143184811597,-14.419458578416059,,,,-6.154771252775456,,3.6547088086857387,1.8705274282688256,,5.3922457944141255,,-13.231082265960845,-0.5694223376553881,,,-13.761775021220874,,-2.447817479948437,,4.309198544105378,,,,,,5.762788735909851,-7.193345421061759,,0.9448398247035408,,,-7.936937045429665,-2.017859889244994,-0.4358966597406534,,-12.717559635946504,3.4966041699997876,0.6225725146699771,,-6.819082123520212,,-0.6558883628270744,,,,,,-2.3434574873079734,-8.232346907490797,,0.41377690775055187,,,0.917312640024762,-5.059406300685939,-15.154989812720093,,,,-0.3005183608831569,1.5687630161673258,-13.482455199262702,,-3.201770331669202,2.66861895049272,1.4995964824877572,8.3241941107456,,,2.1398650400450987,0.0,,,1.7515650602598611,-6.22215863540038,,,-5.936815580156429,,-2.609190650132856,4.1865267409462215,1.7642502731484064,,6.005037557505319,,-7.406498167897138,,0.3197634891207587,,6.1357532349594655,-5.068040701891762,,,-0.29100327815334665,0.9692445780455611,,,,,0.9308554672257413,2.350565645441229,,,,-3.5705497109706297,,1.952046025141809,1.807187378772836,,2.504221891090504,,3.099868201329631,1.4755013943971598,,,4.8917140234614385,,-0.987541934046189,,3.5926983172256945,,,,,,1.85252258984967,-4.742135465866291,,0.2904147320118256,,,-6.668008354780467,-0.018959656616169284,0.019105968125680346,,-5.41542757809635,0.9815278502862793,0.0772236589877457,,-2.5720002934948467,,0.0851281229581892,,,,,,-0.9693637110593255,-5.7754522642868364,,-1.135140796495481,,,1.4846121759210522,1.000648293617903,-2.2472855852058626,,,,1.1534273643073614,1.2288663158758195,5.76282773271488,,-0.3683916116571719,-0.37548359963083644,0.17641442352494083,0.8529310774934044,,,0.43321744250811356,0.0,,,5.514297060299113,-3.5796885228164377,,,-0.814567873631602,,-0.2877818985959157,3.3966018462122305,1.897797893997017,,2.369414414934614,,-5.008283612250683,,0.15314747395482314,,19.416256443762812,-1.5719346150003148,2022-12,-0.5,2022-12-14T01:30:00+00:00,2023-01-12T01:30:00+00:00,e0bb3ae608a9080586ea0295bd2d63b859e85540adbee9c3a682f80e22bc86a6
,,-2.1670294075016496,1.7989318790413298,,,,,-2.51247425901281,-12.57614995784809,,,,-0.4159970173947903,,2.560879146641736,4.753143915551329,,4.301158239208591,,-12.521205945355113,5.837500218619349,,,-12.268329047422359,,-0.052085728156407315,,-6.174649260077525,,,,,,-7.66047530347055,-10.195051438687235,,-1.3286757536631706,,,-27.92010457238871,0.08529016092638064,-1.4974584832999518,,-5.56783805121084,-0.3288948382397565,-1.1365523082710436,,4.493835860032052,,-2.0942373451449336,,,,,,-4.926590783508305,-1.447996183542693,,-5.337925458928967,,,0.21674351481577261,0.0,-38.299225225610584,,,,9.303853027650343,2.1288413137784246,-9.21602608695248,,2.6505006437389653,-4.921069958360434,,-0.7673098530909457,,,,-10.94842328416884,,,3.1985218782627944,-0.2784010162352823,,,-3.6455051158554985,,3.1852360706993736,5.665787315112403,-1.5966886069305797,,0.10648892424197828,,-3.0678877190884983,,0.07648587362363439,,4.472748800453092,3.413051419799219,,,-0.5908451554059483,0.7225535512502326,,,,,-0.45090701452923265,-4.789582736573347,,,,2.8921546664091533,,0.7847328813189052,0.984454646300291,,0.8775158163179184,,-4.781949224963468,2.0690106710112954,,,-2.3641763057040426,,0.11038882514323031,,-0.7839093914563268,,,,,,-4.922815816397106,-1.6599945992285976,,-1.371628518214588,,,-12.060695353433097,0.48291579083971126,-1.2475189252413632,,-1.4298053892319063,-0.9904652632398812,-0.07180432070994812,,3.9058201332543847,,0.23004736746818477,,,,,,-2.1703111440502205,-0.9035452537861859,,-2.379859153070853,,,-2.3184275163530272,0.0,-11.332868530700324,,,,2.049222671734147,0.18102741981414905,-1.4595665847892154,,1.3559413181063562,-1.4767227282213924,,-0.7783871170180919,,,,-3.5119817552826027,,,-3.7967042512440914,3.035592047920768,,,-0.612782595146025,,0.33595895485719257,0.5192516748600126,-1.2075151309091525,,1.098773007068334,,2.9517015774933757,,0.0,,-4.6516029784661255,2.7468757510925528,2023-01,-0.4,2023-01-14T01:30:00+00:00,2023-02-10T01:30:00+00:00,21cb8659509a7035f0760c0c7ebaf0ded536d0252bad7bc2ca5d3a5c0838c6f7
,,4.390204628712875,0.4180288109310788,,,,,-0.6116227017436094,-0.7986066901054384,,,,-2.1667658364650197,,3.4153679096477902,4.02270392238189,,3.8656770806694505,,-0.8155436090739374,-0.3302687423967335,,,-1.7247116770544129,,-4.715334316317239,,-1.7044491996837108,,,,,,-2.320788286366811,-1.2216925181413445,,0.6582211020717224,,,15.007181625243721,-4.854563818458025,-0.952843715345945,,-8.825403328770896,-0.1416215236671372,-2.9620297452351148,,4.89808875506237,,-3.43230220709123,,,,,,-0.6685873812538868,2.7618103619069556,,4.00206332039344,,,-23.50991649590275,1.1510918466140272,12.09526104176625,,,,-13.937936250694568,1.5240864709977158,-2.9648958079966174,,-1.8812094182242203,1.2545399760864657,,-0.38301523640317053,,,,6.311132748192428,,,0.0,-2.0527896012301965,,,-12.582417033080684,,-0.18713176347944804,2.0619287202735608,1.4001247954623197,2.3655575372803415,-2.479631142928435,,0.4424352864283299,,0.33960359605738727,1.5546182516709104,-7.810340881712258,-1.3143797429139212,,,0.5749210804607895,-0.02584859785750279,,,,,-0.3152203777871405,-1.2450360029739775,,,,0.7100854978723304,,1.1491595915402315,1.7794781646442164,,1.1956639189061444,,-1.251274145969505,1.5388201347619286,,,-1.8061034813238255,,-2.124249873229014,,0.07840331837713078,,,,,,-0.04757451177186522,-0.0836595479983826,,0.06466911197568688,,,7.5576247194638135,-2.061222308527347,-0.3748221426672139,,-4.755721826285571,-0.5501395824887384,-1.1031816038999451,,2.511833508103033,,-0.715711687810189,,,,,,-0.13444878033665444,-0.09129966119518228,,1.5613512851699298,,,-6.820033569129803,0.0,0.0,,,,-0.0469098167391892,-0.9638628837768745,-0.7028258988159657,,0.6973821587649967,0.6735652119543565,,0.31043300734708673,,,,2.434111607775187,,,0.0,0.7841851914658607,,,-1.5168122503753176,,0.1315999551866434,4.167269640056808,0.12202142146915418,0.6504473971184134,-0.8216807414758344,,0.4345875328437767,,0.0,0.22158419087428727,-6.273127396186788,-0.4133186136586378,2023-03,0.0,2023-03-14T01:30:00+00:00,2023-04-11T01:30:00+00:00,0bcd02cdb45f624fad0d4d68eb3aa5b63dc1a6e2ce07a13cba8d2a1fdec200a9
,,-3.908367331313553,2.01251484932254,,,,,-2.8863030283210933,-5.740900900477338,,,,0.9941573756067924,,-3.1168467236457698,0.38576702313142475,,-1.2627679210539744,,-5.72568290954286,5.507726295162071,,,-5.392916169735085,,-9.682418463553981,,-4.386015251800394,,,,,,0.6204721139657562,-1.4533036329543592,,-0.4631860061768421,,,3.142020917914217,-11.253979614653144,-1.525209236594467,,-5.85064469583237,-0.09938712098542678,-8.775702703360807,,2.719614727329609,,-8.802014081299687,,,,,,-3.025734200040108,-7.235032661759893,,0.24956339381474035,,,2.723350876757633,-0.1431639471437739,-8.58612906063924,,,,-11.551288712184435,-2.5946110069040196,-6.044831198082793,,-1.6942466892331005,2.9062884241780904,,-5.11360004641119,,,,4.480157757608293,,,-1.9701965149860678,0.5138118935546916,,,-14.396592389628108,,0.25075638039862025,-10.08356210595367,-0.5405012783191354,-3.505920772317876,-5.478221514358352,,-6.830385403480449,,-0.1051801306537454,-3.6126760125266992,-27.694410337653174,5.113221376635142,,,-0.7910273002731255,3.048414098054631,,,,,-1.7025582880605665,-2.1007337076525516,,,,3.7372396396509555,,-1.652782119475132,-1.0105432583126295,,-1.4066610538587199,,-2.0761991448429127,5.230227306367812,,,-1.227409098446044,,0.6653289801841389,,-0.9773986593270578,,,,,,1.3962021275729426,2.0164425607584615,,0.8091049839750597,,,-0.8264509849893424,-3.4456630336832514,0.654113374458616,,4.212763510356095,-0.944153273820338,-4.485764822346554,,3.645630826700499,,-0.6066832349086533,,,,,,0.682200753788981,-0.6211910393496093,,-0.4972660669378377,,,8.50487927509698,0.0,-3.390155167568134,,,,-3.3023395746580877,0.7482785716257204,-0.8331827095800832,,0.48250916685051654,1.8806384074591898,,-4.443487766678186,,,,0.6130673116691566,,,-1.9701965149860678,3.2384971146480557,,,-3.436764350420777,,0.059646892177197305,-4.846763554222072,0.14688991549089678,-2.035218396574725,-0.7413393091681191,,-2.739558266184292,,0.0,-1.8283996207359627,-4.384979257640033,1.7255589537420262,2023-04,-0.5,2023-04-14T01:30:00+00:00,2023-05-11T01:30:00+00:00,bc6b7161585134fa948bedcebaacfc448426b6047bbb4a9c0d2bf7901ab794cb
,,-0.31497658734473405,-6.372960428219045,,,,,-0.1441215304616692,-7.4822683321727315,,,,0.5208260863407416,,-9.484285156998492,-6.719739002651534,,-9.948303312596906,,-7.500491364357926,-6.489091049972719,,,-3.14173588895599,,2.9111136124114516,,-3.8683896463285246,,,,,,-1.0480350910654475,-0.4407783622746523,,-1.4989768638810925,,,-37.940257561394375,-11.71658525330873,-3.312866623350514,,9.266924193326254,0.6607225886687651,-3.627924178395281,,-6.354383055216416,,-3.3347136191790185,,,,,,-5.40126526751307,2.3974527301276787,,-4.930126185630996,,,0.14007239362702686,-3.7901240201170876,-0.6920442844573795,,,,-11.11559322380505,-4.535505627863543,-3.701535453745339,,7.126223418941424,-1.312723961048191,,-8.47755728794749,,,,2.9165088437652,,,-18.98390977594868,0.5145178568538215,,,-21.357410029805905,,-3.0165613095435906,-28.440677993110558,-2.7501916736612517,-9.157995025894774,2.6426205488289667,,-1.7937132875700657,,0.13671260936780974,-9.147256983501583,-2.616714770856104,20.97618919957744,,,-0.0548932340408768,-2.769716951157665,,,,,-0.9166101980789589,-0.627199623287179,,,,-2.1471650951019297,,-3.5942816678590734,-2.4245170436454306,,-3.153454125353103,,-0.6311697555164254,-1.8758451326226693,,,-0.23655319394588095,,0.3484865081148196,,-0.7104932641643815,,,,,,-1.852507626944793,-3.1663558918660453,,-1.3208116769286962,,,-16.19950877962687,-2.111616506505386,-2.0056070973371676,,3.726041984928318,-0.1263606975815426,-3.367827725836154,,-3.9273074152065544,,-2.9487006488926455,,,,,,-0.07722008105722333,-0.40148307390235405,,-1.6876942185699326,,,-3.326757805964197,-1.3185704711968604,-2.061928720273559,,,,-1.518720779352805,-2.394075221558584,-0.27175688028551004,,4.021525407904703,0.21259013557559714,,-2.8379860684338096,,,,0.921538222807238,,,-8.818146455911325,-2.3178591339128314,,,-5.942481907122139,,-1.0433743169480647,-11.010713744546525,-0.966626020135488,-1.8783142403340187,0.909330985462248,,-4.223484488251807,,0.1182980986814208,-1.8809969459101918,-6.413361259565287,6.183014742604073,2023-05,-0.9,2023-05-14T01:30:00+00:00,2023-06-09T01:30:00+00:00,2a83859456499dc58b05ef64e4ff3c614b51afb09177dabb9b35180d9fa1e4ab
,,-1.1718942954047267,-3.630900054340868,,,,,-1.0296531818887034,-23.585507875299573,,,,-0.9368433270073843,,-1.8594230904344982,-4.40269434486602,,-1.6993047145181752,,-23.629498011833658,-0.25422155038748956,,,-25.386322785399294,,-3.266353772848243,,-8.714500113892603,,,,,,0.2186160796699378,-3.1082412729300097,,-3.140138954059778,,,-16.1805778311921,-1.27290217979398,-5.397380973522836,,-14.450416283448137,-1.3451943318018245,1.6175389680159284,,-7.265390712555095,,-21.03110554319225,,,,,,-0.07524531342874273,-10.037445504750538,,-8.40877110570839,,,0.8363389438634883,-6.48520436849899,-0.6968669316093316,,,,-9.065651637816986,-4.1913063700203566,-25.785197733449728,,5.960825534421545,-5.879759905980016,,-7.877186936538629,,,,3.095910126300758,,,-13.650512684964097,-1.1204004492392303,,,-17.1911514214104,,-4.49779952830777,-2.5337807784292563,-0.584372867030854,-1.5863036331798614,1.4295620938413678,,-13.244908221199386,,0.5449890342775235,-1.1146776576874418,-12.757275466950196,-9.052240399920555,,,-0.5992112392647332,0.5795489624748725,,,,,1.0856809433100305,-13.556588933641134,,,,0.44174200590792534,,2.212224990368462,-0.6163727600835123,,1.6096821539342097,,-13.594700628405457,1.5921258346198501,,,-14.557875185152078,,-2.1893803298726886,,-0.9092946459252244,,,,,,1.113232563385302,-0.4781908639870678,,0.5356118006646997,,,-1.9256050695117017,-0.8892688332210454,-0.31752808590959747,,-4.8926994758939735,-0.87851603683293,2.7081660864409955,,-1.685514716246413,,-6.3578558138281975,,,,,,-0.5922938207747815,-1.7420093100126166,,-2.586593457966092,,,1.5621674640429823,-2.2170793497881918,0.0,,,,-9.857096484261822,0.007043245530450034,-14.696167996586718,,4.728718078019059,-3.9018567521104415,,2.163645958007022,,,,0.9410086906567798,,,-4.2435516712375945,0.42552297637081066,,,-8.66195554618915,,-1.0275085071065926,0.0,2.8925296254079695,1.7256279915944466,0.5826267215903496,,-3.529750105872658,,0.07842112544103488,2.124112901000122,-5.340763414788639,-5.34159126917393,2023-06,-0.8,2023-06-14T01:30:00+00:00,2023-07-10T01:30:00+00:00,5f82d56279aa615f04e03a59e303af2c68a8f2eab536bff0d38aca291e152250
,,0.0,-6.052439009014582,,,,,4.450374539052344,7.6974450545511015,,,,0.11067349197760062,,2.704958191173608,0.5549061652415157,,1.4637996779858837,,7.7140175727968305,-1.4302727863045268,,,8.456131693836017,,-2.551857638036853,,3.3729505433896447,,,,,,-0.45785064353193217,-3.574769084444296,,2.082135835560679,,,1.7983785892460282,0.6521722421224513,0.5818373259350063,,10.011358800060693,1.8817830676065734,-0.18282523778262022,,-3.1354063552872393,,-7.173536313789902,,,,,,4.76133821153591,3.6664063617170415,,-8.156289799004988,,,-14.034626574823028,-8.658423129759527,-1.4084739881739086,,,,-4.71723338818766,0.05808785511112318,8.576682175742532,,1.529959871023205,-5.636381705598735,,2.252062257969638,,,,0.7051040381128516,,,0.8566773973851978,0.25018945538599935,,,13.337046614007198,,0.33798269531495934,3.030534949532884,2.5493759781359215,1.1745533844851326,2.6685358356780666,,0.7169531267725477,,1.5041777376045513,1.4374651801707483,10.272748614122913,-7.461188871580444,,,0.0,1.6937769405956422,,,,,1.7884662178434028,2.638137711834773,,,,1.2527444495717375,,1.1090595173639453,0.12304665019942226,,0.4211938322223092,,2.65090149627957,0.5669521148979461,,,2.845334882636147,,-0.8868270667216885,,0.24414398439312865,,,,,,-1.1474470992086439,-0.09794719797057222,,0.8637462229560288,,,-1.954048937268331,1.0794839637394107,0.6400656251126242,,5.410300008564308,-0.05435192018994283,0.5504898137139113,,2.6179716477518444,,-1.5879533533253098,,,,,,1.4990264572914251,4.808091821702982,,-2.5927943198364303,,,-1.309109604687968,-6.815688040784653,2.150620522096346,,,,8.215606912624246,0.15850096657729826,2.9838970775524776,,1.7457851601011154,-1.6281872288340764,,4.186965964662624,,,,0.0,,,0.8732241004923565,1.3810130126218172,,,7.9240688881895975,,0.17312690676097325,0.0,-0.22777675494281463,0.08633249335657059,2.483903039978725,,4.65361056100341,,0.09785996506033826,0.09979913056272412,0.4699604293640492,-2.7682893548448684,2023-07,-0.2,2023-07-14T01:30:00+00:00,2023-08-09T01:30:00+00:00,be6fa0220cf0df13336d64c41ce486b5ff490b19d2a34f0dd9a7979d38cd67a8
,,0.0,15.07953031471807,,,,,0.5097414213490081,-0.5940056692494546,,,,3.733619424362905,,1.0213792790840106,0.6765063302590097,,3.428590590126295,,-0.5553928604303628,4.213936567293239,,,-0.737417030690504,,-1.2009619710390318,,3.1721406303088213,,,,,,0.7435543014869326,10.507057121486724,,2.473955978862554,,,15.096291812238563,1.4430212508576155,3.935968709154874,,7.691686957377302,2.980672534633842,1.1203599545079763,,20.220618277539533,,19.696078422607233,,,,,,2.0410635108360573,5.208507801570518,,-3.746699841104538,,,1.2565471856065653,-1.9404507110555465,20.453170411961075,,,,12.360217284728133,7.827736256980194,-1.1455233622738636,,4.19450221114168,0.8961578161403386,,9.24482835863657,,,,0.014436437593472368,,,13.077305340707898,3.6007411024089384,,,30.560421211088446,,0.10458577519702608,15.201620729862569,1.5599508577131687,-0.2970807273130412,-0.9121631151411732,,9.418179150150003,,0.3314962755052551,-0.37668688597906225,-12.015393312068563,4.816520383158109,,,0.0,3.159189588344614,,,,,0.4490065272864819,-3.1969981158862364,,,,1.7940631500874555,,-0.6872712377837888,-0.229363495130403,,0.34482365073537696,,-3.1378325196471435,0.6063951251086479,,,-3.3609937815226956,,-0.2435605307659146,,2.0791109181130425,,,,,,0.7745879678192047,2.7313887878212104,,0.7479086871796908,,,9.827022143280162,0.37867904455085316,1.1629625216337547,,2.733762532286494,-0.022249981815021688,1.1418907975236547,,7.166875668270577,,11.699099602967324,,,,,,-0.0019006167502035494,4.265696354693807,,-1.0531452052341714,,,1.72349486881672,1.666052562391411,13.601175768285467,,,,5.759749178333654,2.4694646634162405,-4.2371470715378345,,0.20604710537324958,-0.2620546573039775,,1.8972933672840653,,,,0.014436437593472368,,,7.09721972759032,1.7918675174849334,,,-2.5247142635531135,,-0.1918118275267556,2.97193279456186,0.8168950225567878,-1.4819858861173418,-0.6786389643806489,,2.8654234111117542,,0.3314962755052551,-1.3261779123673583,-5.192916303368825,2.374163278552417,2023-08,0.2,2023-08-14T01:30:00+00:00,2023-09-09T01:30:00+00:00,f5ef788ef245f809c1a9bc21f75e7f91eb657a55d4cdec387a95d28976f00130
,,2.4120879830283286,6.242766670231042,,,,,2.302184093463758,2.2672676014577817,,,,2.1588888056765216,,-0.9131142159757587,-1.7769811146758328,,-1.3588690052362022,,2.2033001918612394,1.9355442952956072,,,2.4984688315540358,,2.7801327812453827,,2.5486887640637694,,,,,,4.737632257896607,2.3313055148735677,,2.640750703834802,,,51.80246077362448,1.7961938017653611,6.286367864852926,,7.769370959473743,4.230659316485297,7.729871185520519,,6.02180164610683,,16.63626483478788,,,,,,0.04180522626208137,19.00852636605842,,-3.626070945441715,,,5.982019121707024,4.159415881362745,-3.529778208102394,,,,1.3564303883488005,4.539511283515456,2.5060885678517253,,1.7130268024982014,-5.556985115481076,,2.575698748992014,,,,3.6276559550621896,,,-3.485659914063895,2.2783144418108936,,,-16.430343007908345,,-1.3509220406603049,0.8527638676815749,0.2795599722229428,0.19455259054913526,7.461405065951896,,6.072023164571491,,2.242553580576737,0.14110345222494985,9.379632284325124,4.865969251421384,,,2.4120879830283286,4.620841371500528,,,,,0.2261067142961853,5.083070619842951,,,,0.9842680044683902,,0.7380289463426458,0.10449321744935214,,0.5891552365481559,,5.064072204016761,1.690892671522885,,,6.4092367889654485,,1.3385143585981725,,3.9959945714511225,,,,,,3.027593641433074,1.6012505094821827,,1.1211897481543696,,,18.42144459724401,2.6239293164245514,3.2707415754966473,,-1.3457623459476746,2.2464822256114436,2.3257634912825775,,4.028294692988508,,8.199222660601079,,,,,,0.289193504442495,15.381344834462778,,-1.4531299288537394,,,1.7107241201115033,2.0909308257756787,-1.7804624633506707,,,,0.5018831111942765,2.9590058561329955,6.849410213574616,,1.1964200757789631,-1.8686996100617903,,1.589909544505163,,,,1.105860137065513,,,-1.2883023267469005,1.1561805235383358,,,-6.062462181643485,,-0.27854870476788696,0.8527638676815749,0.6013962546469529,1.5314818196899895,7.4731752118312205,,3.256521875561072,,0.5635093274286882,1.2070712946676192,5.085098035795606,1.0109766602796773,2023-09,0.4,2023-09-14T01:30:00+00:00,2023-10-13T01:30:00+00:00,98e17d7f224f3de0425353c61e65d781a6d961fbc85288cab1a2a83f19f7cc88
,,-3.3426670969059873,-5.805281565828359,,,,,-5.786176377734532,17.86518279049922,,,,-0.13709283535268468,,-2.1828631236210607,-3.7548110495341054,,-2.6996003915313596,,17.85084152394901,0.6369448285479928,,,18.997040263592247,,6.57438638465732,,2.2146909349197177,,,,,,0.6932881793767074,-0.2205019707983281,,-2.0598282386037488,,,2.4795989434845622,10.503695886415656,-2.112146928868218,,-9.329728928038751,0.4056776021619894,0.295140241787938,,-3.888318847775723,,-0.2677832180249661,,,,,,-7.591591530690232,-5.736433524969023,,1.8784536519855395,,,20.300906259436978,1.3990004874430422,-6.813780516721803,,,,7.480187633868166,-6.898953931432486,15.757200362106557,,0.32771346467233825,-1.0316556019149428,,-4.40653589186646,,,,2.293678534309823,,,9.472740419483415,-0.28037747628742443,,,-4.80092191863606,,-0.5616104098259203,13.457320496385764,-3.489571766704338,-0.5142234395353418,0.01638353068748843,,-1.6927650395579537,,1.3133654200845222,-0.39816639422589784,7.453899197596366,1.0337351028137503,,,-1.0285109429840538,-6.259860011084665,,,,,-2.4295637855922907,3.6694494966397837,,,,-1.8953732089175932,,-1.3506465386385658,-2.0974877039141893,,-1.314375643144397,,3.6637027661451027,-2.353049741019416,,,4.11024347227435,,2.0086661034835656,,-0.17342759218541365,,,,,,-1.111000961542282,-2.0272047716403385,,-1.694553553761936,,,-5.477006782764956,3.1904268697271165,-2.3005787990430733,,-3.2488733107562036,-0.579802990859769,0.5582204027296848,,-3.154203911870284,,0.5301335853294769,,,,,,-4.874331314397161,-3.4936109486597635,,0.8524641787026604,,,-0.7149720804683849,0.0,-2.53178079842899,,,,0.08884940611152349,-2.7800104652058195,2.203078873907277,,1.0173789807409477,-0.5589729478786774,,-2.6267157906574394,,,,0.12592959818127855,,,3.0605036008793403,-1.9868481121692867,,,0.0,,-0.18900106643931178,1.491061273575428,-0.8811553453632012,-0.9425242276075859,0.21163202682217291,,-0.7373305293752342,,0.166020381820049,-0.8891908578540688,0.9022000913149699,0.659601920314595,2023-10,0.0,2023-10-14T01:30:00+00:00,2023-11-09T01:30:00+00:00,e3490599799a686f1bdffad9df2f7c1e76383c89b7246058292786474cc05675
,,-11.7517989169756,0.7061377689989444,,,,,-4.82711912823982,-7.995080013245806,,,,-5.380903391467627,,1.9785377568170626,0.5484121418695278,,1.0875806169652693,,-7.948531432116726,-6.85711916988883,,,-10.943310266289654,,-2.2114257653669847,,-2.268918232044548,,,,,,-1.963887407192225,-4.46513693570365,,-0.7507948608608035,,,-11.802161373219004,-1.2314302468484906,-1.0980420364087973,,-4.75503551608959,-0.28507971445362307,-1.225594361154129,,-0.5367891047368755,,-5.1753555153773725,,,,,,0.767726737174242,-2.410161730559572,,6.3252189760545345,,,-20.12772462288264,1.6362857210480062,-5.942342047080077,,,,-12.639357581140894,-0.32541519116776735,-8.411497427245834,,-9.332771039835485,3.090753746307649,,4.016408008520733,,,,0.0,,,-4.624246108234599,-5.503478898495203,,,-3.7582711149042893,,-1.2207813120181892,-1.9613311884139801,0.5860869225217057,3.9920736498590537,0.8815214494703336,,-1.2567072536428547,,0.5752179093475267,3.790714327438139,14.419646090385607,-2.713160235381814,,,-3.4952126436650044,0.04485052774553075,,,,,-0.7620990658973948,-3.8956456202072913,,,,-1.3115857057462899,,2.4319961481425687,2.1673116905810974,,,,-3.89178205264009,-1.8353342204928662,,,-5.59265259676974,,-2.4231869913715003,,1.5280738507435037,,,,,,0.7933264204099337,-1.2119849103753184,,0.6653947945394219,,,-0.7488000756883726,-0.043494020257980666,0.6694287343199643,,1.045297444897399,0.5860786856638331,-0.21192762658951902,,-3.2501508759125066,,-0.11924637711632563,,,,,,1.2052653089230532,-0.47132589615976483,,1.295514726212182,,,-5.669826321835232,0.553470477898073,0.6825965070399891,,,,-7.02633818761668,0.40700505899466877,-3.8607354397896803,,-2.2816803877457654,1.2578782206860186,,2.4795326173635086,,,,0.0,,,-3.9759382725288948,-1.3863094090768748,,,-2.935221201252745,,-0.5247050973914742,0.2859543967918837,1.2344315457553996,2.9850592950667454,-1.5331556734671827,,0.868138965290922,,-0.2114789555199161,,0.9409931048207282,-2.4498413264751018,2023-11,-0.3,2023-11-14T01:30:00+00:00,2023-12-09T01:30:00+00:00,e6b6a169b11dfc149eba33476d1c91228e90352b92671ea3f5be0f1f416c0f0d
,,-2.1734820272234088,-6.945698771326931,,,,,-2.424645604769481,-1.2926679323579242,,,,-1.0534987470524944,,2.2683117957688483,3.457234121324489,,3.0649505209388366,,-1.267845825977095,1.867374805507636,,,-0.6073139035484774,,-0.20661875872327934,,-3.835729370303077,,,,,,-3.073903915702201,-1.192571064405872,,-2.2966804714547617,,,1.9142732714959365,-7.758188347082543,-2.047399355167551,,-7.7606805518589645,-4.985232374181684,-2.364731430773336,,-13.608609749372032,,2.6550492612654137,,,,,,-0.4668761474951377,-5.7346411954780745,,3.048372449951796,,,0.6651909228305919,4.27991437379874,-4.879016416943195,,,,-7.859027459322155,-4.476408055411147,1.1223462369849577,,-5.338191521053968,1.5905443814137081,,-2.8441003534602696,,,,-1.427372221245358,,,9.0440736981979,-0.9945293308064495,,,-7.9688160603699405,,0.6625591908411426,13.492415839513416,1.6264254861008287,3.186846040366753,-5.103164195123535,,0.8480016896756772,,0.11563112503363551,3.19724849794552,14.962444952788257,-4.233097322819454,,,-0.24462338460557348,-4.727544796540925,,,,,-1.8200863304740262,0.46502307818891253,,,,0.3565690063120122,,-0.22618999970360967,0.2582953949457912,,0.337051124536732,,0.522361403106109,-0.1520527409022277,,,0.0,,1.1580463651631154,,-1.822081374405737,,,,,,-1.3232833607677301,0.11051058278973021,,-0.5082681251440794,,,1.3076701625334457,-3.965190695077154,-0.522474227587084,,-2.56273044766445,-3.780051739943303,-1.1776155524589471,,-6.941367931725755,,0.4055541170653503,,,,,,-1.1075660646504353,-1.9012936311460664,,2.042113006347629,,,-1.3778185409890016,0.14805250692274624,-3.5091319811270063,,,,-1.6632400049142033,-1.3611557571542305,-0.08367034374615732,,-0.4388374386241626,0.2141901755955839,,-0.7889022909614676,,,,-1.427372221245358,,,2.7394170225806262,0.3340981051591694,,,-2.8396657927869646,,0.14880303852976492,3.526813883745805,0.3071667827367103,0.022731578048241607,-4.529310131445645,,1.827877311914033,,-0.024585126122603072,0.1272921767114464,6.7900605046411515,0.9457650468211398,2023-12,-0.3,2023-12-14T01:30:00+00:00,2024-01-12T01:30:00+00:00,85b9bd616649ee776e005a03b60d1983f6ef7a498cc94ce32b4225c6bee0bfb4
,,-0.657235754209754,2.950890460050187,,,,,-4.974858388010196,-0.8915062591469467,,,,0.7277743722587722,,1.4849094618938459,1.5749907219938786,,1.1732575890880648,,-0.9186135949475245,1.5286280647649506,,,0.13392587379492785,,0.12057948509348121,,3.5971510717249813,,,,,,3.8242135636836054,-2.263617755028616,,1.4028224779788694,,,-10.387909166072603,2.3795694575717685,-0.40107185564864906,,-3.1378060074575322,1.2001250663278138,-3.7592821591179773,,7.994917911711538,,-2.9438164269850917,,,,,,-3.9558360831359733,4.013939346337103,,-2.1635459295878197,,,-5.735342797909169,0.02832549155797922,-0.7168489478612516,,,,-14.23270743787384,-0.9766628951721184,-0.587660848898493,,1.5328914406006449,-0.5901304679861507,,,,,,-5.617793873815784,,,0.0,0.8522570963797922,,,-3.2789822822990837,,0.44943895878394885,-0.5679464002522255,-0.3390417516228324,-0.20477046326996545,4.353393529684256,,-2.340886865017005,,0.2210488435390976,-0.2788128233273943,-5.536796355335637,2.1118426044559224,,,-0.8527483930988767,-1.5153424499551058,,,,,-1.2034138158848364,-1.1735086617646622,,,,0.9168382348788515,,-0.2631112628988853,0.27873560187010404,,-0.09287775023624527,,-1.1734719680021795,0.5642210151089043,,,-1.3414909012388379,,-1.1025621022745418,,0.05996611397076294,,,,,,0.28895382062190067,-0.510343969984291,,-0.6415292528956115,,,-9.293458700523217,-0.19534076177453538,-1.3089595456743162,,-2.5794515706900936,1.616237997837599,-1.784857287740819,,1.9471913485404162,,-1.4277046166695968,,,,,,-1.8431468915738232,0.23687665335696279,,-1.5074147358378647,,,-0.41520755122099473,0.0,-3.533936644530885,,,,-5.006465632806243,-2.242931345440728,-1.1580178238797225,,0.7849230439796543,0.08074283846010674,,,,,,-3.9606657757479047,,,-4.232719517667963,0.998216921117261,,,0.0,,0.2681112850386194,-2.5287935390898526,-0.8860837648106089,0.032903479206975256,0.055329778572811086,,-1.9177849010679957,,0.0,-0.21158431590923002,-3.768076410950999,0.6130135866699812,2024-01,-0.2,2024-01-14T01:30:00+00:00,2024-02-08T01:30:00+00:00,79539a8a67d971c232882d16479f48dfa3b3747abed7638d5a435251a2e71d5f
,,-0.7185971576223603,3.571955212938363,,,,,-5.481175235415671,-2.650049391542691,,,,1.1563189547328592,,-0.7337209532484154,1.1168959887030048,,-0.9286167059706282,,-2.6531946652603944,1.537980106827485,,,-3.013689849545468,,-1.2786258502565995,,-3.4926691744202607,,,,,,-2.381495512850884,-0.5495163251786551,,-0.03893938890026006,,,-15.519004590757362,-0.9910545199223566,-1.3892035662847344,,-11.309469636637239,1.1446512074285164,-3.1395201046524677,-4.94689932154402,10.56579737454713,,-1.8112426885473136,,,,,,-5.2102615391291955,1.568527641373329,,-2.6471228627462065,,,2.440398529659581,-0.526906518067506,8.94065877155845,,,,-3.873741122516509,-0.25451152853769066,-2.861201511024216,,3.025544309314336,-0.0807428384601044,,,,,,-3.9985969390808536,,,-4.41982758996331,1.242224319577873,,,-2.312241742085426,,2.2195148359476953,-5.556416123819642,0.1842685809806579,-1.0429745278144429,-2.833538706367972,,2.6486248141802933,,-0.024536866765233423,-0.8289977507243437,-16.989109521367258,1.0833173762043216,,,0.0,-1.119472512794261,,,,,0.12313106217074693,-0.3546472894143901,,,,0.8803044267541807,,0.10525813133915507,0.38949620432937715,,-0.5586950455072374,,-0.3629768050578613,0.5673019115586052,,,-0.41293933420111784,,0.3178542294325609,,-2.0835327190613504,,,,,,-0.5554835074278427,0.2209165664252319,,-0.9906586856286755,,,-3.8818168364738357,-0.17157371582472472,-0.7750656874328186,,-0.8599561595677738,-1.4155585274242801,0.4483086618377109,0.16055663069097306,2.3600314852096975,,3.5344480053987604,,,,,,-0.8363770276847334,1.3495437214814807,,-0.12468829545632637,,,-0.24079601014632734,-0.08853755519076495,1.3245226750020505,,,,0.0,-0.4678722153510008,-0.5472363887007373,,0.15716928664915086,0.2156335067345987,,,,,,-3.9985969390808536,,,0.0,0.9601177380730623,,,-1.0181906145119413,,0.4267219345109239,0.0,0.3445250255347964,-0.37010137067894955,-1.8360359161305142,,0.3246277013463339,,0.01717938968307029,-0.3150066817666786,-4.812436503458661,0.2929546551008748,2024-02,-0.2,2024-02-14T01:30:00+00:00,2024-03-09T01:30:00+00:00,bac2986c8432565fda5d1ce291ee2fb9ef9d3f706ea48b80a28398a89f69b446
,,0.0,5.294477955618068,,,,,2.6626610967915116,1.5861007362657085,,,,0.0214265818993683,,-1.8435925851023889,-1.6113285220855464,,-2.332190596867895,,1.6068553633599376,2.2400936689166713,,,1.9003242165217722,,0.2577321014300541,,0.024058703351940117,,,,,,0.8189188547192389,0.33631880279377135,,0.4905005888287532,,,26.502049418527317,2.2749860676232085,0.928276707918785,,-2.507604733293431,-1.2312994746666435,1.7662572128608196,3.25310348120576,2.080649142247813,,-1.275334582076515,,,,,,-0.22646511242773665,5.832637441670732,,-0.2811184109656909,,,1.009982073492856,-1.7423377769843051,-6.103589058636901,,,,10.032272162786905,0.8809543028428118,2.354728847063383,,0.18779348242001143,-0.377664328033518,,,,,,3.388466919463147,,,-9.472740419483424,-0.026576601673521646,,,-0.3906254967065099,,-0.4074802698337589,-5.038511964548302,0.27323194467922063,-3.693416650634302,4.073126419396596,,0.403260228912938,,0.26223255680581975,-4.109607505006629,-16.916828906371563,-1.1819367135857926,,,0.0,0.7562719478979116,,,,,0.9243203316378599,-1.7131039930183785,,,,-0.08887128704123151,,-0.682033201710115,-0.9135160374458738,,-1.404834583240944,,-1.6987829233619487,0.08991382809151473,,,-1.852807756104235,,0.06959184664453069,,1.5129512328088892,,,,,,1.0845232605308568,0.9965947434854839,,0.2923109793665606,,,15.60722456207273,0.7836040197571661,0.1532110204859592,,-0.297766969392428,0.34353622214725943,-0.719145824237085,0.5927289294081554,-0.8614094389638116,,2.4486430256073364,,,,,,0.5108654169474585,0.6605619120054117,,0.0,,,0.8451642865785773,-1.1394675667225538,4.286370443178253,,,,1.770120047734191,0.5223505285992901,-1.9415373474123971,,-1.2330612457478674,0.08111396956839372,,,,,,2.359315601480744,,,-2.7972138952428542,-0.12396375648047991,,,-0.3906254967065099,,-0.35636967818085014,-2.9107721198198164,0.18753989630479234,-2.3521858511826315,0.18792944315304583,,1.0832332849240405,,0.18618785848520744,-2.7239717676459185,1.2238819383646642,-2.041186156559307,2024-03,-0.1,2024-03-14T01:30:00+00:00,2024-04-11T01:30:00+00:00,aa41563782db6b52ad95b262a80359b4c551f6f3582e1eb7cc0547216c652c2f
,,3.2150719860999524,5.028201852164033,,,,,-1.3224686050335288,-11.751309369226613,,,,3.0779449286068985,,-5.633069998691304,-6.207798887242135,,-5.590049506155816,,-11.745777951430638,-1.870550783290618,,,-12.123386481411634,,-5.102055321814323,,3.1106051399407817,,,,,,4.383937922719625,3.0073406517295265,,1.191894873748191,,,24.789575434799445,4.043114364906124,1.8922675300562033,,2.301758633436458,2.909636278101195,-2.463276730381768,-8.274601033471944,3.618292299504638,,-0.8593496252081408,,,,,,1.5856380674537627,3.407592783006884,,-3.8582818434306727,,,4.025406541068602,-1.652071783654395,6.759329113252825,,,,-9.481030476267382,-1.5806552573050816,-12.498450352780967,,1.1768522424561092,-4.731827495704583,,,,,,3.441916554852139,,,-17.82264211026459,3.3938467846445137,,,1.0012331217439956,,-3.078234750920565,-22.482765027632944,7.43076127289049,-7.682625930472746,5.995540352261513,,-0.15523067453913575,,-0.06610599234455322,-7.365484239041561,-1.3153267730238936,-15.612598911151288,,,1.643726435378708,2.790967231196052,,,,,-0.4974381431944701,-3.2323287399825533,,,,2.018786821053657,,-1.4935193093776886,-2.1975501193992386,,-1.400739177824235,,-3.2278283669254457,1.7197171783138505,,,-2.6993486583721045,,-1.2477199390924458,,2.0610445436681384,,,,,,2.569920262109035,1.258070041264709,,0.8183518900004452,,,4.1719064341781875,-0.04673914004486761,0.8263130788616598,,-3.8857214937610793,0.7674975670354434,-0.0915097338699063,-2.7134253868651013,1.755346335533743,,0.16403147267700263,,,,,,-0.7571791766081976,-0.043798276235834474,,-1.6763771039667112,,,-4.390603705721661,-0.8764983371294756,0.6557400546159261,,,,0.26020831335213357,-1.0036257020411847,-2.836175605425232,,1.1714054380646313,-2.2416180967518504,,,,,,0.5264480554019733,,,-5.767613423304275,2.233296432250574,,,1.5337640137288353,,-1.0417331994242263,-2.54009715254414,3.0256754586679273,-1.493053173739245,-0.03477958473456006,,-0.18038052586840714,,0.026944604506005616,-1.5905713179972691,-2.40787942179302,-4.2288047367102175,2024-04,-0.2,2024-04-14T01:30:00+00:00,2024-05-11T01:30:00+00:00,31e0643ce657c341882f79433a1e02d62e8307b6bf07864cb31c9e0ced19a2f1
,,0.0954478358081943,-1.4929800103867361,,,,,-1.732099464229206,2.817087696669644,,,,-1.0252859211275425,,2.5841362642506778,1.9392478646109557,,2.177503258682114,,2.8018426322297008,-3.3254231097804885,,,4.30860961733222,,-4.0449917380102605,,7.622509766152184,,,,,,3.1590678709117817,-3.00734065172952,,2.3455069100522055,,,-6.180006039883083,3.569149721504692,0.4668629247211591,,1.8693223266099932,6.017767310178277,-5.378853629538956,7.3210570539786355,0.901566676041123,,5.524907069095487,,,,,,1.3496666169343083,-1.870684314993848,,-2.4018262642204387,,,-4.959285110127332,-2.0232095076985352,-1.9802627296179753,,,,11.728316061473238,1.589425725390584,4.316541884238667,,-3.9020237992989197,1.6580399503416783,,,,,,-2.2253565384832887,,,17.82264211026458,-1.1033778077641105,,,2.649508512502304,,-0.9502679741128333,9.078373078829323,7.524102686160794,6.25559548761998,-2.4985615769024467,,7.031598006157061,,-0.24030810220654367,5.7132705246849955,8.919239370833537,-1.9155777724950074,,,-0.5730674708984983,-1.5772966085752607,,,,,-0.16751899526756617,1.9991579019576753,,,,-2.346118249052046,,0.5917996596796449,0.08454060373631238,,-0.18020611048117466,,2.000186450296389,-1.1836339998172425,,,3.2173632059211146,,-1.359071476279183,,2.693691827112882,,,,,,0.4759037318559049,-2.494587187686761,,0.5133565732964014,,,-3.3060862260888064,0.6507767495572153,-0.15469747834304717,,3.717265583991506,3.6641172660057832,-0.4164905175962095,2.4869006511118257,-0.40579073943791155,,0.7685675543125948,,,,,,1.305487247980694,0.192342701814066,,-2.0761991448429242,,,-0.025354969709865435,-0.9505838189238845,0.6688988150796489,,,,-0.88496152769825,1.3757998808816585,3.3147047699847088,,-1.4944860973815743,1.9418085857101732,,,,,,-1.9624789448260256,,,8.126059838790725,-2.45064706585918,,,0.16201797071331514,,0.8381154695424985,2.564243061333765,0.9553613868104004,0.965511685653531,0.17699909428189584,,2.300043992520756,,-0.17415838093071115,1.0051114912094654,2.8289762853321623,-0.41650838965098697,2024-05,0.2,2024-05-14T01:30:00+00:00,2024-06-12T01:30:00+00:00,e2d248db9d48f27ee1a422bc3a51299b2923b08bfb5e3fb61fa25d04ac305f65
,,-2.3256862164267234,1.8993346588064879,,,,,2.8832471433435245,4.400181880621255,,,,-1.6421564212745214,,-1.553674977485681,-1.3249665399940458,,,,4.396184834759226,4.5610511252052275,,,3.6956611500214143,,-0.6884445457556642,,4.528565626391036,,,,,,3.056167125043917,0.3818731991276866,,1.6958498019925061,,,-4.2925044717033884,-0.904743149308825,1.7276752506443918,,-1.7839918128330894,7.950837691008861,-4.841538415511535,4.408814686317441,5.818423333635898,,-1.8185921167428323,,,,,,-1.0518339551013878,7.7138669091761365,,10.815381356343902,,,4.74186746197461,1.675702355377814,21.511137961694548,,,,16.7395906577279,5.263159021916663,4.005635632344775,,-1.8365493440525138,7.720874983197007,,,,,,-8.580291762806135,,,-5.095605314837818,-1.6545718892448016,,,-1.789501398570249,,0.22675746677805605,-1.2739025777429713,1.3312210868899232,-1.9267162135036136,7.593099330519223,,-4.404447659264841,,0.10796487283215518,,0.053447976639801456,-1.075660489650943,,,-0.611070332929686,-0.8756677633139781,,,,,0.4855734354362624,-0.032280626524453904,,-2.724893858976417,,-0.12900269922691737,,-1.5762701597868543,-1.4912771697536102,,,,-0.04538234704619571,3.4011375408700486,,,-0.17932629373327416,,-0.07289329129037916,,-1.5442676682550238,,,,,,0.610949105865831,0.45086969345833466,,-0.11372448886586609,,,-0.8433784929769693,-1.0166799788817686,-0.305165318146247,,-2.2480698958556276,1.8404567090322015,-3.06364449612864,0.7865162078029203,2.738703427453544,,-1.3048974122275723,,,,,,-1.6299958855644707,5.751896003631136,,7.668612375902109,,,1.0820116504038721,0.900594933559516,10.178269430994238,,,,7.946643264913204,-1.725659821249639,-0.3523198007316905,,-1.9347671343398538,7.2204569247394215,,,-1.4969672245305925,,,-8.125814386084368,,,-0.03136107071489891,-0.11768265539209835,,,-0.6986677221564286,,-0.432080972684997,-0.3225561509473801,-3.649111679097815,-2.709562034578463,1.1993118402966798,,-2.3683615867591823,,0.07850834554370813,,0.13716307117383858,0.1486635423800721,2024-06,0.1,2024-06-14T01:30:00+00:00,2024-07-10T01:30:00+00:00,189de9661fdce3135ceae7b93c86a01213b01a2b6e2ef0e9741bb53f0f38076f
,,-0.9361327878893433,-0.6315470953858587,,,,,2.4642425643985737,-3.716514325614385,,-3.517361417826715,,0.38650991764514786,,-3.4901896204879637,-3.600922656633131,,,,-3.7107649922870323,2.0489290452471414,,,-4.148995259732461,,0.8712321061689207,,0.7275632495999179,,,,,,-4.290947704983303,0.4940069792822154,,-0.23359791523832368,,,15.38913773494667,-2.310378330776836,0.36997413441334664,,-4.956104946045523,3.685904818880724,0.4169118179820787,-2.293040405535415,-4.185996846340494,,-0.8734381428773481,,,,,,0.16288082488172648,6.063162542679608,,0.6256537614305138,,,1.7737761312778983,0.4358304868706103,-1.081091610421573,,,,-14.038619733212194,-3.7417803070761284,-4.6197938655711335,,-2.1598337261805174,-1.8487702714870702,,,-1.807085421910217,,,-0.12128564252092935,,,0.0,0.4359410642992642,,,-3.1909815726143806,,-1.64108772950588,0.0,-2.462347835687215,-3.971363198370357,-1.6947203768736165,,-3.4069389090984252,,0.0980488361715087,,2.305710006210576,-5.289269127711914,,,-0.23130173824755573,1.5801041990743767,,,,,0.3099738585500923,-1.8590775546002498,,0.02712452887760937,,0.5359772014662592,,0.04754483831869796,-0.5365683313902326,,,,-1.8668142181010836,0.4691173575880239,,,-2.2202577151493426,,-0.08366610109653357,,2.394695400339672,,,,,,0.22651298533404093,0.2919710103334846,,-0.23014969882792746,,,7.538551943703153,-1.7531598262084729,0.288072450850706,,-0.351711095904839,3.006762452219167,0.21026250114350367,-0.3065266992003002,-5.366433689588441,,0.17964741466438763,,,,,,0.6199210207855396,0.47705033416885967,,-0.38535693159899664,,,1.6650082191709943,0.18000037587361573,4.445176257083359,,,,-2.4950029685553967,-0.27430126488092205,-2.5995231338191873,,0.2566580146489397,-0.07881256154697187,,,-0.1880911990470252,,,0.4786659409756724,,,1.3155314957610367,0.5625770249082857,,,-0.5438826756861982,,-0.2952746958318733,0.0,1.3496678298397655,-0.07990868005116829,-1.0091803192094342,,0.08466684105810801,,0.07107582128314287,,1.5973245173700765,-3.3270688228334295,2024-07,-0.2,2024-07-14T01:30:00+00:00,2024-08-09T01:30:00+00:00,db7627a0cc7f3d7eef79345b5214e7d4fc165760b82797329f70f0a21669b8f8
,,-0.048700817592094284,-1.2582745755425075,,,,,-3.199967083440697,0.6790252616437507,,-6.8640362568893,,-0.7852298404188366,,-4.350154342104906,-6.927344485776726,,,,0.6222503200612541,-4.350369418900417,,,0.8118764232934955,,-0.7829996270584496,,-8.653288133503418,,,,,,-6.801943974604613,-1.808089765048269,,-3.094628508817492,,,22.023476056597797,-2.0382375089997757,-1.5000183343396756,,-8.383589842065435,-4.7762746232901945,-0.3763586725299125,-7.0889034308036365,-4.80060963858109,,2.6115094229591915,,,,,,-1.8960649720422944,-5.272087611532368,,-2.953801243686387,,,-1.4719346705971068,0.5835863005006378,10.807422152942271,,,,1.3918946253280255,-3.0805130187081886,0.7823925774096362,,-4.866362594913802,-3.639684594050426,,,-7.57084975835705,,,4.1180731348437245,,,-4.583567469691687,-0.7213737323691654,,,-0.4472057142592004,,-1.3888322882537008,-7.212965418167499,-9.211981654568344,-8.161182099423728,-0.9621651335392827,,-1.5522699740508774,,-0.23547891571882956,,8.479542922012921,-9.02172941341324,,,0.0,1.1929839204132673,,,,,-1.376670182050406,-0.16626950568856166,,-1.7478381572357018,,-0.29198037845070424,,-1.5463449743167321,-2.4575879129998994,,,,-0.28050509276086094,-1.3812964368644445,,,-0.3176286418420707,,0.18038422883550476,,-2.2947349069783183,,,,,,-1.2015471192721905,-0.47699635722307154,,-0.4363350097310609,,,7.2476728688799685,0.027874564640430106,0.003946096324727748,,-2.6859269050268413,-4.744331337806252,-0.06485084533377487,-0.8522714122546328,0.6049297073733118,,0.8920172819569472,,,,,,-1.072342542715925,-3.652670138130951,,-2.178603563254607,,,-0.7925113525513117,-0.3213088787384159,5.515182007508006,,,,-0.12790451541202721,-0.6552509926611846,-0.22895530111524554,,-2.675390550984507,-0.8413674277033791,,,-2.6989603836338345,,,1.6104681690444327,,,-3.6011845330309935,-0.14116507626891447,,,0.04981320152816992,,-0.5000181656517204,-4.946447214381347,-2.896061258157157,-1.9631930161988835,1.146633516387535,,-0.8004665731906211,,0.0,,3.4350433148298767,-1.4430854200712464,2024-08,-0.7,2024-08-14T01:30:00+00:00,2024-09-09T01:30:00+00:00,7c03730ba9f1adc201dae2be731c79a068949c5975952b780ad4e75b89291ed4
,,0.42325972691784525,-0.9280661249535931,,,,,-2.006435347249384,-1.171692252994983,,-2.4673005509019252,,-3.6296637516648738,,-6.453852113757118,-7.991298074853133,,,,-1.1062840848756477,-4.328873074060888,,,-1.2001744274089696,,-0.08823247911046288,,4.214895684293274,,,,,,2.1303447558543955,-2.8756145303023715,,-1.0668073961201092,,,-6.135314347013734,1.4469535739219779,-0.8360954536934455,,3.6724075326730983,-9.338250920766543,-0.9450942107572713,-8.011136620038044,0.45277076398583327,,-1.0110271341500359,,,,,,-0.771770230754468,5.440690617831405,,-1.231163596593535,,,4.881886722200358,-1.519845829348658,-3.474294844387286,,,,-4.717031642191348,-4.9822230505791225,-1.2300278081651677,,-2.744748940080513,-0.875997936829297,,,-10.185315143163235,,,2.8232412020158852,,,-16.079485768901737,-3.7764098778049022,,,-0.028290854074392812,,-4.709894933371871,-11.019190261227958,0.5510127200108241,-2.2936929092410856,5.559259753997639,,-0.7419583687881209,,-0.5022414417716632,,9.360985413155905,-10.068627811020018,,,0.42325972691784525,-0.7323392547736651,,,,,0.04406839486089419,0.7096622292371754,,-0.9482395405567233,,-1.9043375030560261,,-2.7079274226188983,-1.5647347088847896,,,,0.7364328329408953,-1.1490412460289903,,,0.8893738720073071,,-0.20320145015540286,,-2.4452131208222054,,,,,,-1.8407488643837944,-1.5094170532108366,,-0.1332253325145373,,,-5.634687519199319,0.2831831659010196,-0.8702884339447804,,4.441642094988661,-3.259442324794213,-0.20852506789390507,-3.4170945780224,0.234340322365,,-0.5758800039998117,,,,,,1.3736854626546964,1.7531905765371745,,0.18598889428372117,,,2.68792725425454,-1.3897306590821874,0.5063301956546855,,,,-2.630569195921771,-3.2752370340823305,1.1827090866028185,,-1.248055293135731,0.9114826258760607,,,-3.4537351054235574,,,0.6333315408412986,,,-3.604391815046326,-2.0229067397357605,,,0.3709112728793481,,-0.6790872800986707,0.0,-1.9468949252666616,-0.8867348530176891,0.3122427039174295,,-1.0680549419795948,,-0.4039613355808485,,6.777128325697951,-4.071279838568973,2024-09,-0.6,2024-09-14T01:30:00+00:00,2024-10-13T01:30:00+00:00,37d51557b2cf4dd07b661a1876f67d5d1e0720bd8b785cc6cd190649574eaa27
,,-15.459443924593796,-2.995188979565374,,,,,-7.542721342534082,3.1053934629088973,,15.303142361142585,,-5.939599387123624,,12.964402901439778,16.659996677933627,,,,3.1452796551805857,1.1759508165800903,,,3.506356297961815,,-0.2613174955647717,,8.079945249417522,,,,,,6.0170826265772455,-3.714151996712482,,3.390035064687985,,,-8.829941452078854,0.921650685716445,2.0662326054238247,,0.06153547390262958,-2.141155212770326,-0.9665089940321168,-3.5482790710585617,-8.135238375011273,,-1.962124415197132,,,,,,-6.796566162571915,7.2490210008909,,4.806728501367,,,3.4196188709861275,-1.7311837902773162,-10.088122485378031,,,,5.862325179041579,4.491084857449483,5.697791075156648,,5.196256823298108,6.879121977543681,,,16.924334680381172,,,-2.1721594476334047,,,12.82549306680743,-6.304511520797766,,,1.6093514567386304,,9.47014474215841,8.829260714567821,6.7748055762708415,18.224759503215168,17.23022604292853,,1.8021598179374432,,-0.9647533379793389,,-5.882783810870513,-3.4560675065467326,,,-6.309012610221056,2.4165116864042933,,,,,-0.03325178758993643,-0.07614075529649564,,9.71027463772119,,-0.6309391579583463,,11.203013610069078,12.243337492584667,,,,-0.0687836780529604,6.783274512588087,,,-0.07769002074047772,,0.3739475049043709,,3.3582177760335723,,,,,,2.6007040144093896,0.9005832171829817,,3.424870945997676,,,-1.0098667213313588,1.0073301044580192,3.2161612342734744,,-0.5875343756591767,0.6994098755757049,0.3767886369803561,2.2445998725547662,-4.289069244040823,,1.4413084471636988,,,,,,-4.458735030445075,2.1829173046554637,,4.868686371998319,,,4.574366113463321,-0.34194944312577796,-0.5571045049455472,,,,3.5633733565716934,4.26849467735073,0.0,,0.7808769079850835,4.300610279519143,,,11.656337457092869,,,-2.654644254783693,,,10.54421860049393,-0.6848966890077264,,,0.0,,9.561359342817777,8.829260714567821,0.794039225719442,11.031547809968169,4.855171256658726,,7.073788693263339,,-0.5789771040650857,,0.7805904145234301,8.66118564090059,2024-10,-0.1,2024-10-14T01:30:00+00:00,2024-11-09T01:30:00+00:00,ee31c8f3ef66315932325d51986dcb124064a89f2211fbec65d827eda4265a5e
,,1.861950572512834,-3.4511246756038156,,,,,0.5165276263188558,-1.8339063355232044,,-8.640536069223176,,-2.9423384799394174,,-4.730915777005167,-4.366019328250762,,,,-1.8869576484970483,-5.234672136336276,,,-2.239925987919707,,2.852567865551241,,0.335493963984936,,,,,,3.110968531648442,1.866744966378497,,-1.1313803932962307,,,3.186952233454231,-0.2661324216057731,-3.0338531099450705,,-0.6887616572221076,-0.3034903695154047,0.8272503190590492,-3.503076718597417,-8.211840790835176,,-3.003759395453655,,,,,,-3.6486741413914476,-10.98663986061089,,5.8469373650145195,,,13.162955198630865,-2.07319326317769,-5.158736879049312,,,,-1.0344335075882096,-4.369440586397612,-2.9662563287256565,,-2.1380365106500716,2.884085553818907,,,-3.0397979408848803,,,1.4917545085862254,,,-0.36817850081186443,-3.109328543711423,,,-2.0470850507588785,,-4.041831337922911,-8.82926071456783,-1.0201031000103797,-8.345396813010684,-4.45400734487307,,-3.4611518524822444,,-2.1664952967065427,,-11.080744192375871,9.44535264109886,,,0.9314300140197218,0.42874475583892957,,,,,0.1324315569797251,-0.49748596329188927,,-0.9453517030477079,,-0.11039872039704138,,1.073287339184124,0.4428337479418865,,,,-0.47799566381719166,-1.3055512135634117,,,-0.35702517262894007,,1.234211934147218,,0.6752908882129802,,,,,,1.5114836993883618,1.4578953349712207,,0.39177672982366196,,,1.5332297049509964,-0.07542265123127506,-0.10842285973292312,,2.4955084276318913,0.018846760692793892,-0.3069307314318841,-0.32936706358566864,-0.4441609854157134,,-1.5111030652618929,,,,,,-1.5476025438282501,-5.52720071425465,,2.1669625177324803,,,-1.064251530992825,-0.6152393197483472,-2.3256862164267234,,,,-1.8325893936032969,-0.5744033994958165,-0.4955337116484661,,-0.5357777014126598,-1.386847388767711,,,1.096317271616206,,,1.329644275850397,,,-1.2463153004753635,-0.10194643032127759,,,-1.061855406457713,,-1.0084423082724443,-5.792051652830234,0.37447840401201454,-1.368907730244075,0.11251742703351504,,1.758638450207577,,-0.897480925208509,,-6.277741824072,8.399040292458176,2024-11,-0.1,2024-11-14T01:30:00+00:00,2024-12-09T01:30:00+00:00,7af039aba88af6087d0963d41bf40da197da989f0a9f07747486f34ebdf7fb06
,,1.022164596425274,1.3718814370634536,,,,,-2.862337941421593,-4.025416286015563,,-1.5579918491883644,,3.1719110461984923,,-2.0973279999545538,-0.5844001620581282,,,,-4.017945236782928,-4.408067923517496,,,-4.456015125275288,,5.29840855853484,,2.16179546976996,,,,,,-3.723563063520268,0.4849343578286337,,3.9101479069535228,,,6.018389902393316,0.5507186050104204,0.7046511920896795,,-5.223058041250014,4.810676382082536,-1.179151984240632,-1.3877576909964102,3.8300626701010603,,1.4268354180222902,,,,,,-1.4599168165293075,-8.96747080367126,,0.4998621904836515,,,-1.4697501489041065,0.058268069033902206,-6.689423483003024,,,,-9.169446239984062,-6.056266963298036,-5.317277804331211,,-1.9150729241431181,0.5967198213542239,,,-0.7351736350175059,,,1.9327296378181646,,,-6.312462311851933,3.321503045316284,,,-3.451552944307321,,-1.8532640506675775,-4.725288485054549,-3.231027540679891,-3.245200001597314,3.002507557033741,,5.172901561208691,,-1.405403584910501,,0.211316761413489,1.1715139842208004,,,0.2888680404752765,0.7107126311995495,,,,,-1.3238826975292768,-1.2498012820721256,,0.812435227451684,,1.8455197098215286,,0.4075697053814311,0.439854833491305,,,,-1.245255769586948,-1.3142882331722747,,,-1.4165127174197796,,2.5577025557964017,,0.5525612971809211,,,,,,-0.7402139122648801,0.7151729010837347,,1.3562651408751436,,,2.228752828505439,0.03512974088024567,-0.03457079068576178,,-2.0702702520289655,2.19651311395682,-0.4345223994224946,-0.37697281973509217,2.1748732057631237,,1.8909412809633275,,,,,,-0.9546430577028663,2.102908575324994,,-0.662619762918979,,,-2.994876235462111,0.5497539959194784,-3.7041271680349097,,,,-3.8843391949641983,-2.8656490670545716,-1.9494407635863436,,-0.46778473548202504,-0.09910803586258311,,,0.5507010627549122,,,0.36283096347538024,,,-0.8606474838747035,1.9868406912562184,,,-1.4107194252538962,,-0.5839938116315452,0.0,0.6221374846802646,1.1665680143019228,4.365323000066204,,0.016722408065705394,,-0.4586691199228038,,1.4271578555212021,-1.1230552514021335,2024-12,-0.1,2024-12-14T01:30:00+00:00,2025-01-09T01:30:00+00:00,a6fcf4f4d2bf6188c00c70f51bcb3163cb2280a853d9d0d356d9aa050ab2e3bc
,,0.6205883388186644,-6.278323501938801,,,,,-2.302571469916611,-6.187294882370313,,-0.38835000263975217,,4.420018098037044,,-2.8742611246826777,-3.143333586016692,,,,-6.184952011664162,4.5851105095425835,,,-6.464933060081282,,3.892056034596341,,-3.291155463100073,,,,,,-3.407337652705121,0.009592523320620055,,1.5084391673260389,,,2.1801604727496873,2.45539778001382,-0.8507393400346217,,-0.26139309810268435,-3.40240219430804,-2.28622134781815,-8.486529570263444,-3.344748291693231,,2.7400085633276645,,,,,,-0.35428943478184266,0.7651864320501899,,-3.6100930998792267,,,-14.986611982669181,1.3782056748045173,1.2500162764231468,,,,-8.323946685764858,-0.4321295543909627,-8.633328859574855,,-3.3315235953229805,-1.3225395513839726,,,-3.887943025291613,,,-0.7943376869416522,,,-6.389398357094598,4.776004842972336,,,-1.4006491536289511,,-1.1947183873016518,-10.178269430994236,-0.6510366039984233,-0.7921423196352146,-8.239515025661333,,2.428265991274824,,0.11099496499690216,,-2.632599163975026,-2.8350384652225147,,,0.11072794743799494,-3.9701837753382527,,,,,0.0,0.529199438212254,,-0.7808340235738572,,1.6814555444757395,,-1.374456026441909,-1.8010315528026295,,,,0.6231358603040418,2.025555790646209,,,1.3237346560423175,,0.06483646083569429,,-3.0935277031088537,,,,,,-0.36314593839328846,0.18104269047756716,,-0.14449102779502565,,,-1.2430507250902512,1.3993043669678307,-0.5537364513508387,,0.4417913512287267,-2.5885879504668416,-0.4065218386956282,-4.916487090986899,-0.8943198989811506,,0.6040010737196773,,,,,,0.4093752518952447,1.2017555330128034,,-1.6237360017328986,,,-1.298719552681108,-0.03041208396900335,2.515855963615515,,,,-5.43343509633295,-1.1153343505872835,1.2889918932048672,,-0.0199882926380492,-1.2729486750887242,,,-1.8105818847585091,,,-1.0904436275992069,,,-3.170842688514044,1.8010270921851812,,,-0.20986366569212492,,-0.3181214818244182,-1.7699577099400974,-0.19335697511284025,-1.3098872965451909,-3.2719572741679053,,-1.2367111499382966,,0.012900063228195834,,-1.748396173210744,-1.420406735225761,2025-01,-0.2,2025-01-14T01:30:00+00:00,2025-02-09T01:30:00+00:00,1d63005bb212bf8866a627b5997baf51a8a83be081b683afadd7a8f14bc72c2f
,,0.44203514003880573,-3.571955698111029,,,,,4.560864775506975,-9.709549605625579,,-2.201220887584701,,-5.230142673988703,,0.8956980698364635,-0.6718178637158322,,,,-9.588588505914332,-0.9570774538652845,,,-10.469738566005102,,-5.368620211564379,,0.6635444852572905,,,,,,1.9189090333072225,-1.2224376315360321,,0.06388890780442406,,,23.914317556006065,-2.3857533469465033,-0.2350975786077196,,3.9498009820675812,0.870376682326651,1.7441447407511232,7.974313932205386,-6.264093097208495,,-1.624984463920932,,,,,,3.1544279473080987,-6.385874468735945,,0.8771986072837041,,,-5.447595761713905,5.752447388351449,-1.342302033214066,,,,-7.294899964616755,-0.9858330445785083,-10.022791243130609,,0.7220146154205498,-1.599621311532616,,,-1.4439104501986233,,,1.562214527221022,,,-10.089922527851412,-5.31886775842609,,,-2.127739844728485,,-0.6386197511875269,-9.097177820572675,1.7237035924749227,-2.389858252749725,1.9991543801550142,,2.8807297153938354,,1.132334643697997,,10.420730859721475,-3.937459306456255,,,0.0,-2.3059094099742423,,,,,1.3744147680782934,-3.8952927034028493,,-1.5203092432444218,,-1.9356660338917537,,-0.6109998641578472,-0.35943851330405624,,,,-3.896596853338372,-0.26646697422408294,,,-4.313949266061771,,-1.1907686342807022,,0.37441410139121684,,,,,,0.6073506417225539,-0.6124068650484504,,-0.2695711362272627,,,14.356607448565887,-1.0811749813621423,-0.20794690578301822,,-2.20889237715295,0.9815574571417388,0.06668333997201636,-0.7975951780624867,-4.367082694156289,,0.2008469373083512,,,,,,0.8453177255406903,-0.7730046061910543,,1.5549675197924047,,,0.4853887576181747,3.4670918372979025,0.0,,,,-2.6668247082161294,-1.0506870761538971,-3.922800579609863,,-1.6423567881971044,-0.20784626864132721,,,-0.5566964274597851,,,0.6038364221022269,,,-1.50525909781986,-1.8890667672646906,,,-0.17189518628843134,,-0.2822468709739536,-3.1252543504104424,0.828656863051716,-1.459923978305094,-1.6376100369324802,,2.519733646911009,,0.08429011622795166,,2.4604257998247943,-2.4735984934725934,2025-03,-0.4,2025-03-14T01:30:00+00:00,2025-04-10T01:30:00+00:00,01f05c6bde2dd1104672057db33ae67ba9e77bfba1af84ba71fb513af2df30d7
,,-0.07950179297770174,-7.740294729590211,,,,,1.4797957892881601,-2.8521938932738222,,-3.0998402005558687,,-1.6885191292998654,,-1.7376728616781807,1.739124604241054,,,,-2.862344943744385,-7.0330855681407245,,,-0.8989572774328917,,-6.778640706887567,,-3.9117590190141236,,,,,,-2.795150634688691,-0.4195235108305588,,-4.467910769842369,,,20.364107459345014,-3.16651640863817,-0.8100749866116916,,-14.235634905886213,-1.4263320969653548,-0.5514719858510855,5.81445326352432,-11.791040511576899,,5.518794265332,,,,,,1.503312951636578,-6.769501277135147,,0.0,,,-9.795667272767773,2.0058476885541814,-0.6779686985378803,,,,-0.45508801047523034,-2.0661477578124603,-0.2658061181476357,,-1.6840698535777423,-2.2088723469407943,,,-1.650090021948641,,,-2.201024580226219,,,-3.8653648667100837,-1.6625603313177286,,,0.6430890330290331,,-0.9228432072708296,-2.8170876966696334,-1.645383873775275,-3.0104361380995845,-10.347789357260087,,-1.797467695253088,,0.16072047032747594,,-1.2845039214942002,-2.4451829488477417,,,-0.5670530497691908,-4.3606543172553085,,,,,-0.5127981568199472,-0.3225130748950907,,-1.5912787710909875,,1.0725806700485672,,-1.109027359588604,0.368711064940734,,,,-0.3401615348328027,-2.8876347872924986,,,0.5701843386634496,,-0.9328569691828288,,-4.381366371906835,,,,,,-2.710062761828062,1.049631910716441,,-1.6781915433170047,,,2.9743064102834746,-1.5847638577002943,-0.4147367305877195,,-0.5376867178039135,-2.4946267946577305,-0.2844714100440084,1.1268016053332628,-3.8609789522082583,,4.197510492429485,,,,,,0.3622229939070143,-5.663774221369728,,-1.9031716298216075,,,-5.960313113711253,0.9300054462797158,0.0,,,,-0.45508801047523034,-1.5007020589887685,1.224192794126529,,-2.3555587141292538,-2.546403499533791,,,-1.438319008365381,,,-2.4365764306237527,,,0.0,1.0319007605139592,,,0.18350159457296322,,-0.6208992148944962,0.0,-6.227221645682059,-1.4363238905179847,-7.671248021165705,,-3.277774560123476,,0.007647501182727615,,1.4760004821882748,0.6627838226450615,2025-04,-0.4,2025-04-14T01:30:00+00:00,2025-05-10T01:30:00+00:00,511ba31076fb9458a184f5233373252b9e6f095255897a2a3c6fcb3a5b210ecd
,,0.30044957647313686,-6.527040129761867,,,,,5.566289374046914,-3.60347823886554,,0.02384856174667032,,-4.456419422144623,,-1.7283821198793476,0.42657239422943266,,,,-3.5588798030396718,-2.944325972270081,,,-4.585134292525701,,-2.7245149134227904,,-0.29035974257201663,,,,,,-2.30180641501542,-5.150518231337107,,-5.718880563090574,,,-9.712525998464026,-4.699191963139157,-1.2754676326346648,,2.752582140081695,-1.3836743910444709,1.5422974124859343,-1.4339575331056909,-14.548705249230936,,-3.5484284215290582,,,,,,2.2593906766970764,-11.171877568153292,,-6.1534788439747485,,,-5.218376639652494,0.10939723222090979,0.6779686985378769,,,,4.688524393131317,-3.52317604040445,-3.7184764290725876,,-2.8958957891662336,-0.3462515112023627,,,-1.453247184504334,,,-11.301375900926603,,,3.6907983922632295,-4.525103218913116,,,0.0,,-1.3233182257665776,0.0,2.503498477833194,-0.203745858430739,-5.020163445686813,,-3.651710384362075,,1.1153474304777649,,-1.6668166719066357,0.09866050206432779,,,0.1891647553647667,-2.652175208404762,,,,,3.8911625809336243,-2.2744610808406294,,-0.1012929836950354,,-1.7683059880461063,,-0.13709195875154667,-0.039457738456189204,,,,-2.261612672635835,2.6245449095086455,,,-3.000742477399769,,-1.0136693409254434,,-0.12210628263690121,,,,,,-1.4534090296384483,-1.505968238170305,,-1.6488616092624981,,,-5.58074706407265,-3.235192773273263,-0.6894478522712333,,-13.815630996697084,-1.2349754788866378,0.7577832903717346,3.5450780475151404,-8.760846322661884,,0.13394761810339362,,,,,,0.0235687856095759,0.8380169195587378,,-2.113725501187911,,,-1.6277536468465712,0.0,-0.6734032181344068,,,,0.519481687710393,-1.560302045726856,-2.6865544113480997,,-0.1910416757852242,-0.6648076605997705,,,-0.32376686829637835,,,-10.607236802937194,,,0.0,-1.8066236031518426,,,0.0,,0.18565629993641844,0.0,0.8196162951260059,-0.19748294116183995,0.4885564897530005,,-3.2306746830756357,,0.7337161315259354,,-0.22669384729218675,-1.0263466443060665,2025-05,-0.4,2025-05-14T01:30:00+00:00,2025-06-09T01:30:00+00:00,1b588ee412fec97c10f175d2a96f4ecf5f5e099e7e5c59dafd01e6d9821f8781
,,0.0,4.188320168891336,,,,,0.31644910123550557,-5.107874486410017,,-2.58154818851447,,-0.22668712580273853,,-3.271075347865842,-3.202335787941634,,,,-5.1665032591163795,6.74182479007189,,,-5.988085086359035,,2.519044682767847,,-0.7176995956847065,,,,,,2.7005551517193025,2.529466392117483,,-2.467960330824858,,,1.6332718569736369,0.4252048725918979,-1.6768738992801464,,-11.763263970984916,-0.5668750713811869,-0.3636818489644691,-2.8345189939375084,5.512664724348661,,-9.53243769602291,,,,,,2.5523400271945538,-1.5345524819338134,,-6.656327338401735,,,6.993799577084049,-0.5670352437229996,-4.845238338594686,,,,-5.342263919035985,-0.3512354677732491,-6.902105995505103,,3.2446699069409863,-2.266691756429197,,,-2.8497386654679744,,,-0.5099450112349249,,,-10.820056219605,-0.2960662389874668,,,1.8347740065819877,,-0.7568374839739174,-7.780711323992459,0.5242871526469233,-2.41036740311638,-7.446016119760997,,-8.117233828936616,,1.7442157372463227,,-4.2716919557380395,-6.211913864223098,,,0.0,-2.942677903208502,,,,,0.32513304896359335,-0.2142967297978389,,-1.149542811039602,,1.096516700217616,,-1.5791729325834911,-1.7570885251851842,,,,-0.22606177881679418,-0.9855533123666202,,,0.0,,0.48237859038868514,,-0.2568187184336649,,,,,,-0.625167023928935,1.7313062695291024,,-1.6089993306954127,,,2.2265550852048897,-0.8069188869561386,-0.9938301775810726,,-2.1594069307829833,-0.8623318147887669,-0.6026601250397213,-1.369118155227224,-0.16942551873140882,,-1.7953565431783165,,,,,,0.7262530912610495,-4.182002063126145,,-1.9335355763983142,,,2.087435671055901,-0.1161750291582414,-2.105340919783238,,,,-3.6176327226442866,-0.8057959873690129,0.0,,-0.02491679582898614,-1.004760659213519,,,-1.7618605528037659,,,-0.5099450112349249,,,-5.812196580176695,1.100632228680405,,,0.2600585021479887,,-0.3537425247645235,-3.0073533545617073,0.4239799694659908,-1.0424088762833084,-5.7535313247487965,,-2.5365771270158493,,0.2281633845333431,,-1.07761171551403,-2.589476638061522,2025-06,-0.4,2025-06-14T01:30:00+00:00,2025-07-09T01:30:00+00:00,4a5c9b65e8490e2e330c445ec51aab7237379e69df9cdf90daf4637af85458f5
,,0.0,0.9015381819228218,,,,,2.470844685836686,0.6110620908272127,,-0.16224079475191988,,3.346349314405735,,-0.08567588452640922,-1.8922818842145122,,,,0.6445397756538562,-0.8591786912444097,,,2.804178974227965,,-2.694308619286721,,-1.8456391846205744,,,,,,2.587585313610008,2.7034501849283727,,1.3651115598183785,,,7.117147594753242,-3.084004631826755,0.44260957756692765,,-0.40338059356676825,2.732624427063066,0.7013808767535876,-2.388432484956271,-0.6242631623767463,,0.6582043286572983,,,,,,1.201092212358064,-0.23178466797983988,,-5.125846271162075,,,-8.066227508953249,-1.9446423072429992,6.8519946436756145,,,,-9.752075424985861,1.5408560921518095,3.183458257568159,,3.5826125455852065,1.0587855119591887,,,0.6124403207097784,,,3.9613903108411677,,,-7.4668090444504145,3.4795197036178402,,,6.675512171000698,,0.08734048786576216,-5.281306917713959,1.858487129501283,-0.09325809046610493,2.8965289189791315,,5.48993257794018,,0.3017638145367686,,0.5285943777937517,-2.9156106677576417,,,0.0,-3.3311826565261047,,,,,-0.07597501631702014,0.5651026874904502,,0.802821863200798,,-2.492642956908465,,0.7595123438893684,-0.13635692049028794,,,,0.596054926219195,-3.572265454619175,,,1.4931085833828674,,-0.3780271508036992,,-0.10283562251738294,,,,,,0.3198101258159051,-2.743199360817406,,-1.4265577158822458,,,3.3967216034858723,-1.208960236600481,-1.034016726604102,,-1.1467499083576556,0.38642481495139036,0.30057873699972454,-0.3181222516135273,-3.7278885885957243,,-1.6333443645165855,,,,,,0.4162360582955254,-1.1115531583332188,,-1.7265622266677032,,,-0.8612098294054195,-0.7785865298806258,3.3673215106587806,,,,0.883622525924046,-0.09539017375124148,1.6935555530719868,,0.944178069258716,-0.1079622237119508,,,0.9591802229710794,,,1.6595259695907625,,,0.0,-2.6341636685887204,,,1.0665578771510595,,0.08734048786576216,0.0,1.446542449664525,0.8886936609152614,0.9482174480392032,,-2.59277831447784,,0.0,,0.6670514254333496,0.27462256680252284,2025-07,-0.2,2025-07-14T01:30:00+00:00,2025-08-09T01:30:00+00:00,7c519db767aef640da6e2ac8df9ae3f11993d820e664e730179c125ced927f3c
,,0.0,-4.117023692790841,,,,,-1.7162868317359574,7.324819705708972,,4.73872042930156,,-0.9144140952600207,,4.442606131198476,4.38170303110603,,,,7.367191729570225,-2.548450283601395,,,9.097963616525051,,1.9698653341170755,,0.4312902333042786,,,,,,-0.7484688013459138,-1.7894966522541367,,0.06473539633741499,,,4.804354919617088,-0.5528216549440085,-1.005033585350145,,3.5092521342260796,-1.802418830871059,-0.3294488834069057,-1.7400416854683096,3.6703365229435043,,-2.793597027454266,,,,,,-0.35243729565030735,0.6726364007821821,,-6.214964335336275,,,2.607877430013737,1.8503471564559726,-8.280590368423253,,,,3.225321069901225,2.0900389192113322,10.248930777886684,,-1.1663309600949796,-4.50165747857926,,,7.111263363725925,,,0.537119280839751,,,19.921861188231222,-0.9169812474940398,,,4.713549438254089,,1.17888083137605,28.185115214098765,-2.226486872934115,4.995078111089667,3.1778414752230097,,0.5433475543106866,,-0.29680951792202714,,-1.4024355111619873,5.512952341805739,,,0.0,-1.8558298081213718,,,,,-0.5269596411048819,3.441416565197538,,-1.3495089807145795,,-0.1421199405131457,,-1.021034114589067,-0.11633682237131221,,,,3.4766309751745763,1.1035974827894426,,,3.852128784120406,,1.6673293762820944,,-1.7428533640479804,,,,,,-0.9152142207482793,-0.38219094672519804,,0.026967989160510998,,,1.6894671869040965,-1.6578999329684065,-0.799477879198971,,1.2900783318757179,-0.480404414941167,0.057765309412852794,-1.271992043801744,1.1048191369936833,,-1.7173234774367059,,,,,,-0.7194683841928715,-3.65297587485349,,-0.5544275891230563,,,-0.6214059121435889,0.06605955036622871,-1.4285957247476428,,,,2.5048568583964745,-2.7039779373793613,4.325100502573885,,-3.6025298333940845,-0.47907658206350656,,,-0.28824278452879587,,,0.0,,,9.125295552190865,-0.2213241858032557,,,0.9245742061039968,,0.11990409110411669,3.5718082602079244,-1.3069084910090778,-1.1169559934269535,-3.948452903548061,,0.6364099793205757,,-0.13119950392372814,,-2.2595338421443842,0.20469224593054222,2025-08,0.0,2025-08-14T01:30:00+00:00,2025-09-10T01:30:00+00:00,579e9bd8abd91d15e843cfa14b7bc9d88f5a51a9fc2d2290c063c4a1c46e3547
,,0.08190441420642211,-3.3166536440065357,,,,,-1.2230850224052183,2.5710512182249867,,-3.5116364474253645,,-1.857864420783339,,-1.8691599583086478,-0.5980027502701921,,,,2.548565423751623,1.5810081853845839,,,-0.49627893421290137,,7.160587761673584,,-1.0998241854613509,,,,,,0.5234522888963217,-2.159978310456741,,0.15223266241796782,,,0.04187312504480282,-2.3132548183675414,-2.5773621167805865,,2.4196873148743183,0.42421691458371275,-0.3595119473765627,-2.978690137173145,-3.024031803665417,,2.6116900603936304,,,,,,0.1911524339556803,2.8986280068439663,,0.701757265864654,,,4.8883605931921625,-0.1321627682225637,-1.4493007302566865,,,,-0.9378732286432468,-3.6014027002161413,-2.6978031784272454,,2.2791423753840654,-3.9175516434555404,,,-1.6326299339861499,,,-4.370438944585937,,,6.4814060484231355,-2.0179606970841126,,,2.0996153197110985,,-0.6757351158393526,-0.2177808300422074,2.0035692064558805,-2.868692926561623,4.637725815011336,,-2.101310455093557,,-0.14129372850007754,,-7.422626355289233,-6.230219803899613,,,0.11362736735064309,-3.1162472737426685,,,,,-0.052167109821076744,-2.021098428698995,,-1.564385069045601,,-0.5802403547405207,,-1.7078810098608213,-0.7001593993360222,,,,-2.0444132717516754,-0.4492422958007506,,,-3.631433784606676,,1.5992711470546823,,-0.4116569565895086,,,,,,-0.2660057521426454,-0.643400272252725,,-0.524970828576493,,,-0.0836936860124371,-0.6555894165798166,-1.3509316500644388,,-0.1935600886457088,-0.06395562773475018,-0.21090510888244784,-1.3442984810726728,-2.4946464505112482,,1.5642276981262637,,,,,,-0.5464060843796514,0.029061567990641485,,-0.40404095370050863,,,1.5062860937842344,-0.1321627682225637,0.0,,,,-0.4700361180331852,-1.2932838358072474,-5.68418679856387,,-0.2449410075743224,-1.6317378358505292,,,-1.0710583776961076,,,-4.370438944585937,,,-0.8092126473450565,-0.6649831929674878,,,0.696461837982587,,-0.4357829911102616,-0.2177808300422074,0.9956940896256282,-1.3514564698257723,1.4691588717939488,,-0.274065093482046,,-0.14129372850007754,,-0.6830644995989034,0.32697576815569285,2025-09,0.0,2025-09-14T01:30:00+00:00,2025-10-15T01:30:00+00:00,3ea46f87e285c7e0c210b5fbe0b34f3b0238911e4be83ed8d7f1d6edaab57a0d
,,-1.4962872676712378,5.0515400462388005,,,,,3.633269318962255,0.6652436032637018,,2.945463790871249,,0.7099471827879097,,0.426004379085767,-0.7088786210884029,,,,0.6265684658927734,-1.2660636304782202,,,-0.5275552265431389,,3.76998755341001,,1.8463552248058654,,,,,,2.052714355405731,1.0409821461872446,,-3.176586998656391,,,25.549374957770514,0.028981307259813283,-2.778131026618046,,0.1956947786960947,-1.1471777311264544,0.6613913276981,5.60602819263265,-0.024464371528818297,,3.2563424814326356,,,,,,-0.45236284760029827,0.7008472476020954,,-1.0952238076006973,,,-9.158794682227224,5.562220944517879,-4.329680575332419,,,,-2.830629574948839,-3.642465179264879,-2.0309457249234106,,1.1326082236646497,-7.45414355328539,,,0.08792808655886333,,,0.3534821637493029,,,1.1222858965502542,0.7571933730988857,,,-2.5434897147821602,,-0.2552775073090695,-7.274889346603118,5.075950820801374,2.3232903998908743,1.716959670790716,,1.7063384487556372,,0.20185766950235315,,-5.507505002470788,-2.941388520629334,,,-0.834033191621895,1.7801111968254397,,,,,1.3527475718854138,-3.3072413339759,,1.4137151329295286,,0.43034892287778265,,0.09030135046107166,0.00885595785141577,,,,-3.3172574814448583,-1.1375741290530865,,,-4.4047665644242615,,0.5926081164367402,,2.3735745246118447,,,,,,2.0760616038051074,-0.2632824532588334,,-1.9191698111777096,,,7.621174110501408,1.1640217774810402,-0.8835927630136249,,0.5620195162100984,0.5075675902917142,0.18795118803461586,2.1535390797453804,-0.00752813641340039,,1.5861575196394844,,,,,,-0.2707309049689503,0.7286655939808355,,1.0355386234039752,,,-5.23718951194945,2.1989587968908935,0.0,,,,-1.3772543929263652,-1.0355601874526605,-5.878807400913337,,0.5516594531807258,-1.9534806020642368,,,0.1425430524166726,,,0.3534821637493029,,,-3.2867425420130005,0.48177344247797294,,,-1.3491714303647215,,0.0,-6.346549965083363,4.579442764260224,0.7358292374961464,-0.5403954371098545,,2.4272104835875634,,0.07149788364431305,,-2.9258398830252332,1.4602583752130216,2025-12,0.2,2025-12-14T01:30:00+00:00,2026-01-09T01:30:00+00:00,7b091730f43d8abd1ad645e859dd2c27501f4d809b9f57bd02c3d9f035590f30
,,0.16736405580296937,,,,,,0.457317870196492,,,0.4855384497979142,,-1.8728898660770033,,-0.7012446559162291,-1.3671565516281352,,,,-14.247642900908348,1.7738143839829146,,,,,-12.194080412655133,,5.230863571440983,,,,,,8.801716032812609,-5.433590359550861,,-4.4668035854333805,,,2.9255208484049975,1.0341875501789235,-0.10840800730101789,,2.2998404704364246,1.3641760079587304,-0.42037895957808114,1.8391588895311513,-0.3563520150913958,,0.3052056853994447,,,,,,-2.45097552066445,11.542266895074928,,-0.7130154984591192,,,-5.526703256819185,2.5741294364719587,10.09259185899605,,,,-6.721454341942419,,,,3.7589648585340365,,,,-0.7391781059092674,,,-5.8113662588737265,,,-10.562785959739488,,,,-9.921963848693032,,-0.4310298418464988,-2.30542310768479,11.912125890865552,-0.006266253096026071,5.882439741166181,,0.22721903266933255,,0.9248503342454693,,-13.388753414915078,,,,0.2598691401238581,,,,,,0.3181077527374819,,,0.20103480532691734,,-1.4861576403621148,,-0.3015533735952098,-0.31670178846232605,,,,-0.5029107517504983,1.4677532111185243,,,,,-3.0628684648066455,,4.11660002243136,,,,,,7.962706984409213,-2.5087873514600334,,2.8543788230453306,,,-1.1428695823622743,-0.021506918141537924,2.4773168377490977,,1.411003399354222,1.4309993798671679,0.0441421384000993,1.0021393549981519,0.16257092427411335,,1.638634753461614,,,,,,-2.142008207959676,5.237724713485747,,-0.6419422900657304,,,-1.7261417410423758,0.0,6.613980250454499,,,,-2.8219156990845713,,,,1.9509349244072975,,,,0.0671919883565672,,,-4.389878215501859,,,-3.6463132354284693,,,,-4.813044011987076,,-0.3375925732520805,-1.6807118316381289,6.240531408731879,0.21956660118002258,3.4097171946009497,,0.6546512943700838,,0.07590133191715234,,-0.9841340444492798,,2026-01,0.4,2026-01-14T01:30:00+00:00,2026-02-11T01:30:00+00:00,5b529c6ef64c90105ff0e92aa7d2eb229a586592b95e45278f3e08623bedd548
,,0.0,,-0.5657112300699636,,,,0.8285863513879284,,2.7807589732246973,-0.8542243846246143,,0.8223761628231527,,-1.0463583788143844,-0.4198284872159186,,,,0.40253073328379685,6.772261004004221,,-3.475253199083972,,,-6.173042257467587,,2.3852608987117683,,,,,-2.657562409991697,-1.9259422257598333,-1.8548224157273565,,4.416179095117122,,,4.256759650699022,-5.40612465017234,5.72523430864837,,-0.9920398808460055,-4.951210100370631,0.7315204607383428,2.1991364595579443,13.917952232541719,,0.5155985259647586,,0.8340393612054379,,,,1.9120043513996134,9.024928702481535,,-1.4414664002184654,,,-10.988476413673705,1.2597446396191707,-4.082199452025517,,1.0467235733386626,,5.566379932680505,,,,-0.5127506604144245,,,,-0.5265264559432307,,,0.34644481086875256,1.0214156080071668,,3.6463132354284764,,0.28122881907130726,,-1.109719356444799,,-0.14079464836169112,0.0,-0.5009984310737304,-0.7106277743205133,2.094509784901804,,-1.8998184764055615,,0.3030305349179063,,6.699053289265665,,,,0.0,,0.45905002639414677,,,,0.09764758876205219,,1.131036939666942,-0.4072598860193717,,0.8894210664433352,,-0.5437044302208959,-0.18914096636447675,,,,0.6188405731964504,1.0200088435380132,,-7.7470261675993894,,,0.6676015471259327,,0.09215845438038303,,,,,-4.455488090253711,-2.790917987021866,0.1003150603724157,,-0.45758082077518875,,,3.2655201201331305,-1.438873745209967,1.4276095634622803,,-1.1924503120027483,-2.400456107450992,0.2871731392830343,1.1615580273511605,2.1814213840493464,,0.32390877904549104,,2.6366664968173645,,,,1.2436324459542136,1.8528504383322608,,-0.6512324028763234,,,-2.381773797614145,0.5508218252174405,-5.669534367654518,,-12.685597844858536,,0.6487460215327226,,,,-0.6237854966794332,,,,-0.4501684247137252,,,0.213399473616373,0.4513165956559899,,3.6463132354284764,,0.06443216160847424,,0.08957985973236622,,0.0,-0.9648221117901739,0.329378563057183,-0.3307871016541769,0.6289328907563918,,-0.1877663583364241,,0.10848040217684336,,-0.7678030509974626,,2026-02,0.4,2026-02-14T01:30:00+00:00,2026-03-09T01:30:00+00:00,12eb891019865ebc3e21fa9a6ed6fe5bd0d5bef4ceaead94342e117e0ef77c77
,,0.0,,1.4241176356691552,,,,2.0593030847451432,,1.672925387832852,-0.22067164677396608,,13.04082228268271,,1.13428335517047,-0.06914070408154477,,,,7.475338793144222,13.998994597600806,,-3.6003888756002063,,,3.2943295257005296,,-1.4942570493329665,,,,,5.579729070339315,4.3508551843778065,13.957597209512565,,13.530032440011954,,,7.895471434850772,-0.6491680448033178,15.798663637751527,,1.4590409678451919,0.6272687843510416,0.4490460365984024,4.1776802588974284,21.183562956224446,,14.485845135392559,,1.9658176030174404,,,,3.1933718439717715,8.815641732491041,,-0.6920442844573683,,,6.502800662280434,0.579427672229932,-14.310084364067329,,8.076209059736124,,-1.3239381377655755,,,,5.329140256001606,,,,-0.3535908491307062,,,3.092613879400559,0.3159272350375114,,-1.5443765130209361,,0.636928470093665,,4.0129537253829355,,-0.4682688833645381,-4.152845869658223,-0.17435766040452694,-0.1989987548060275,4.459568025016995,,9.867346806012621,,0.4277274101902981,,10.284913464866321,,,,0.0,,0.9671652529751095,,,,1.4313158803031973,,0.36650371304586765,0.298980699289037,,12.027548829120658,,1.404277140213873,0.16553056313033446,,,,2.4665985332045617,13.176597096489285,,-2.613214027684794,,,1.9870248184729626,,-0.5753522873267846,,,,,4.00836034257589,4.3448772089455066,14.422400269831856,,14.789394079237846,,,5.788218165688912,-1.0268547875336247,15.984115522427942,,0.5817019215970504,0.22115347148695105,0.44506332158106765,2.0039227142418103,20.216992616758795,,16.525412652914483,,2.1704467151534117,,,,1.855988593663832,9.675386848032776,,0.0,,,2.3856570302139435,0.8196767204178491,-3.7740327982847086,,-4.249987585982519,,-1.1703788227381158,,,,1.4926733576682771,,,,0.1510411334724925,,,2.4151488013399347,0.01213260943585565,,-1.5443765130209361,,0.636928470093665,,4.800566093016182,,0.057135051423224545,-2.705128697319698,-0.3315209307102093,0.21523763571709045,-1.4985432151205715,,8.793665399341368,,0.4277274101902981,,23.035952868341923,,2026-03,1.0,2026-03-14T01:30:00+00:00,2026-04-10T01:30:00+00:00,e85708c0ba4796e32711a36a5a0d7acff8491b5f50b8f5621146b04ca1978462
,,0.33389012655146305,,-0.26606399367053457,,,,1.0161151095273564,,1.3520571016036966,-0.14339918210297337,,20.765381363188304,,2.6937266423499184,1.7202481300072652,,,,1.0858157527221848,13.947877703614287,,-29.929026015777993,,,-0.14037110660577232,,-3.170596945938766,,,,,53.00534711125523,0.2927028504452087,21.643920010695492,,16.5964769472035,,,41.36033617743189,-3.6596189480977155,18.300087189047947,,-1.388312786147341,-0.03259845970964151,1.706150357265857,1.1865451875437047,13.408139691712185,,28.876464149845937,,5.9074706921552,,,,1.3203302674515105,25.038098622344297,,-1.5841185930842174,,,12.721206052375935,4.072311064319059,-13.353139262452274,,-0.0010958143544500076,,6.586344268585906,,,,1.2247249301179948,,,,1.2154016962213388,,,21.62488026542406,-1.7840403403387235,,1.5443765130209381,,2.662580244629795,,26.72320931443974,,0.5621540045288006,5.833557701296342,-4.692968670301257,0.5958121750620329,0.2437455354794845,,28.1792167857984,,0.6880617625335084,,18.02173485859675,,,,0.22291493750161367,,-1.4188571036480977,,,,-0.6688701350726715,,-0.4772879062736917,-0.9491717719053785,,0.27048829747351427,,0.05990330075155246,-0.1358776129183454,,,,0.39588333572043316,2.1730065607793487,,-16.895422246700722,,,-2.2014923935008377,,2.7826844877020442,,,,,27.363470991632184,3.2173124124593775,1.6017510018288197,,1.8387001458405063,,,18.79690647448384,-1.9134284905660346,2.2870706683699185,,-5.517282700627073,1.5209418663528709,-0.22582161909273954,0.17016754970413156,1.4347112329798763,,5.816498490596538,,0.6112467596169715,,,,-1.0945182865424878,0.6218707685362734,,-2.2398586477001152,,,1.2004645853370903,1.4034440477952386,-4.301738508369081,,0.6973586470816916,,4.432888167535011,,,,-0.43656462034348087,,,,-0.5946439050652884,,,3.5552137429644604,-0.3944292060457883,,3.6463132354284764,,-0.18181143944486194,,11.25073611475885,,0.0,0.2803927332734299,2.13811866063506,-0.3200806071605202,3.1906739255617524,,5.011853799704475,,0.012468050636441295,,4.324715594560251,,2026-04,1.7,2026-04-14T01:30:00+00:00,2026-05-11T01:30:00+00:00,efd7ad89dabb016012578cc6a11e34c9178cecf456a82215789f392ef01e6468
,,-0.7803703174529071,,0.2567729901425576,,,,-0.12052861861163987,,-3.5889019120945873,3.412076688610895,,-20.457611024510037,,1.5506380136574236,5.284834962625705,,,,8.05592444578819,-5.855914176409184,,-3.9220713153281266,,,1.4801314153747729,,2.1085597944887238,,,,,-40.54438140694298,-1.0861118603517514,-14.70049610272008,,-3.80742805659197,,,2.8750321650616115,-0.38592893380693133,1.2919471372792999,,-5.367093351734277,0.22615916160566218,-0.7315722239149194,0.3871143638515632,-0.3692985784633159,,-4.90427396950419,,-2.673817715211992,,,,0.19745115013112424,-10.281707767441148,,-3.668401498761822,,,-18.339111551643338,0.47354309072995965,5.348868495098622,,13.818645276846103,,-0.6467788038108435,,,,7.469260378285912,,,,4.948110655103447,,,-5.279446838126059,0.36367038571161436,,3.518021440703106,,4.444200795893468,,5.971923470162228,,-0.014818107754753285,3.4401426717332315,5.8983742732755156,4.255044708149491,5.848410758237283,,-2.687481266301562,,0.062316945993738895,,21.97478283933215,,,,-0.5267155522532148,,0.6506543457501364,,,,-0.09901630272788006,,-0.44272827209088267,1.7429254123706766,,-2.2238453286655337,,2.0280068221935736,3.5094323793048026,,,,5.327773955435437,0.612699385917119,,-1.1363758650315094,,,2.5847548560333076,,0.41950203154194193,,,,,-7.495860225277809,-1.6600435154852033,-1.4424692155714223,,1.6990141959833498,,,0.7769366651828452,-0.3404865115365899,2.869214115745158,,-0.27767448676687334,0.6691009661694027,-0.5482040512783088,-0.2959520181492765,-0.1201425524916445,,2.9366198529200407,,-0.7715187304482579,,,,0.32330517609218884,-1.436109460940762,,-1.5290817798417207,,,-4.838478326585505,-0.3619020235519747,-2.0619287202735816,,7.024185655065036,,0.577277908574125,,,,2.936597087060225,,,,2.8940690387049637,,,-5.376033159470468,0.08309610388124224,,0.0,,1.0884526437066162,,0.0,,0.3116885640253148,3.4401426717332315,0.3699577056982209,2.3867626920611564,4.176272836197518,,-0.7248729502669562,,0.0,,11.637562589651626,,2026-05,0.5,2026-05-14T01:30:00+00:00,2026-06-10T01:30:00+00:00,298e1c5878b4d6b2221ab7b2a0e10175ccf11b5e0b240d70cbf2b1e79369eaf3
,,-0.7594239005567746,,-0.3145446817576689,,,,-1.1653982216806966,,-2.1190400317689955,-1.645947871232294,,-1.4559419671570621,,-1.0840520580780877,-0.5454047818491161,,,,4.513830375066099,-3.6628520234696245,,-1.4388737452099556,,,5.586618567165468,,2.5760891014388454,,,,,-11.413647283124464,-0.5545560419327668,-2.3003412272533126,,-4.972077530541434,,,3.4813133733065245,-3.17295086923274,3.0715584873627155,,-4.1967105657536035,-2.0540851523873918,-2.787026474746223,-1.557530952666737,-11.166993108182185,,-6.75219877314487,,-4.062314370250873,,,,-1.1203020458222384,-11.649282947240138,,0.346087636348665,,,0.5955057050609711,-1.2186679320714622,-1.0471299867295365,,-8.690986978101254,,12.22037400727671,,,,-2.0451797042391058,,,,-2.0155426273072385,,,-9.826021574623645,-0.2094112615486349,,9.4782083829471,,2.027566950859198,,-16.081535157299104,,0.15301466496450541,13.145193736931486,2.279996434248877,-2.3158352355374605,0.05301838282764939,,1.3711274387455337,,-0.17208917965468448,,-2.0031474136689833,,,,-0.5670786421514542,,-0.10433746661253317,,,,-0.45217468347951395,,-1.3066311083722768,-0.6791396379259952,,-0.992827940714363,,-0.7211875651851374,-0.3517612778535165,,,,2.0416055823111328,-0.47879143790375045,,-0.28943580263645263,,,1.934899325027914,,-0.07268234502472941,,,,,-3.935014463257457,-0.5446654565256748,-1.546256236063829,,-0.9572233571421207,,,1.4313980279380973,-1.589994203979438,0.032817483808881824,,-2.1099822294290336,-1.3631494628560248,-2.216057626237599,0.6471816354426628,-3.3607443239784476,,-1.720420235665392,,-1.5913922001864957,,,,-1.3084151482779698,-3.6120170463693104,,1.1583141089630855,,,-0.9454938214978814,-0.04447533082347457,-1.0471299867295365,,-3.0363201016231463,,7.528420385725029,,,,-0.02696002313791945,,,,-0.47168508195211867,,,-5.274788930261848,-0.25554594488340965,,4.186538442587116,,2.2854221219038755,,-3.5238983156484083,,0.15301466496450541,11.300794154012186,0.2745386576147989,-0.6697825211125877,1.760029959987997,,1.859578598140835,,-0.07485777373220877,,1.3651590541503986,,2026-06,-0.3,2026-06-14T01:30:00+00:00,2026-07-09T01:30:00+00:00,596038caa7ef3898ac2fe31b3caa8051c99e98252b9b3f4a865e2a2518f66faa
,,-0.14091761362844604,,-1.572586916629122,,,,-0.12208948930858413,,-1.5312589322701957,-2.7757224412996178,,-5.159811167539557,,-2.349197688229584,-1.8809688798758863,,,,-5.257781607990724,-6.299980124711333,,-4.445176257083381,,,7.6409006239472745,,-1.2273932499672535,,,,,7.714401501910592,-5.855487048250296,-7.7736575916613235,,-12.519352896148567,,,10.256684966039982,-2.176832836204093,-19.14417170815837,,2.4659836423127195,-2.727087580838379,-1.5994480523405792,-1.7570950970265338,-8.929777912494973,,-18.695758507093032,,0.2981657755040901,,,,0.8262271029930702,-18.03305540982453,,-1.742541671385917,,,1.063054452230674,0.8526947376625448,13.747099062860288,,1.774246608765352,,9.752215142073933,,,,-0.4665026115576656,,,,-2.4741371203479314,,,-4.147104284069941,-0.8513851523285373,,12.192486774619983,,4.848190636331135,,-9.094389612229778,,-0.23208167837399982,8.360749554493589,-2.1340678160769286,-3.067629190199894,-4.9744133127500225,,-21.213993011977635,,-0.3600994163541816,,-8.574877460165046,,,,0.1288965953027642,,-0.09463961941993047,,,,-0.2483823749027233,,-0.4771130264172971,-0.7221768816477268,,-2.42566710957399,,-0.5505983540071631,-0.6099937295803448,,,,-4.5116834862101,-2.7933390018181066,,0.0,,,2.279937123616616,,1.1160297753603359,,,,,2.127133981001144,-1.8591480286874593,-3.779760279522263,,-0.6600858312705052,,,1.4354313451683123,0.17587575983042075,-1.6453370516241919,,2.0425233440610238,-1.4784326088945596,-0.2499437903609643,-0.9149393963517191,2.0237361696154714,,-3.1825101263771334,,0.32366018508239264,,,,1.3557918484240803,-2.7266302398430167,,-1.2036643088501906,,,-4.536445965388465,0.5500974466789922,12.69996907613075,,7.64083694233641,,-0.8366149357464949,,,,1.4730532813224602,,,,-0.7183201743492308,,,-0.30159133307103914,-0.1987886972377691,,2.8228135977848803,,0.167091861402471,,-2.6283268239221234,,-0.11363918315746785,0.0,0.09930559850155425,-0.8293811391405158,-1.3105791910081797,,-8.481163325564399,,-0.13018553274480138,,-6.764173925424309,,2026-07,-0.7,2026-07-14T01:30:00+00:00,2026-08-09T01:30:00+00:00,f47a4a6fa002e96d87610b5d7259abd4338c11c59089027aa096ac057631e173
,,-0.22669744255550459,,-2.0373926859073266,,,,-2.2234902251887614,,-1.1434919044326264,-2.0379606448802,,10.156480268292798,,-0.7086333840039936,-0.41162390267576515,,,,2.88371312149177,6.188799349896247,,-4.652001563489281,,,-0.12133092159966341,,3.6926840192991506,,,,,-0.929031206240942,4.355849293647725,10.565992253925238,,10.82927141880791,,,-5.935167938241881,0.38625806184160116,9.304654774971986,,4.934204056312988,-2.3173230311633595,-1.9344885921903057,-3.1907548101261347,6.610156030987219,,13.263137024814611,,-0.9100007176309319,,,,0.3747381782133784,7.067770945619473,,-3.6599152448329684,,,0.5711372338611367,0.34399758724434804,-4.695698308777098,,-8.784231006981802,,9.887054387072169,,,,1.2721582040748418,,,,-1.843384257340583,,,3.8935671718543134,-2.56024564632827,,-6.716945619062568,,-0.45514457992031027,,-3.11035383205432,,-0.5676551812067218,-0.8713174369016409,4.405758456299331,-2.680313787452286,-0.4466573515502719,,2.2845082606624385,,-0.09273532250990263,,-2.7315540404848853,,,,0.0,,-0.3414980986405079,,,,-1.0340711249371832,,-0.300752106395544,-1.4898481363047755,,0.5055074855653702,,-0.6999153682188547,-0.2563845442032482,,,,1.921288685999123,-0.8836581800498001,,0.0,,,-1.4770221857882153,,2.8903272336570174,,,,,-1.5831465216680738,2.139812488040714,1.1193624641547457,,-1.029943418064909,,,-2.690700680612205,-2.2256111517823935,-1.01759134682687,,0.026276029843107413,-0.6851173866211943,-0.6462260090889492,-0.922080074112367,-7.534459011870243,,-3.5388412502504436,,-0.5353322061551838,,,,-1.359203191043319,-3.3461330284950845,,0.1622060371868051,,,-0.7564772763772803,0.0,0.0,,-1.1759552205781536,,-0.5994175540798246,,,,2.2783458165304733,,,,-1.4488345937943528,,,2.6661275987804074,-1.1386285180937517,,-3.5384843108966724,,-0.19212730989287247,,0.0,,-0.5305709873011304,1.760413394835705,1.6923122148942462,-1.962527221066608,0.4827511217739686,,-1.8976659585381237,,-0.00752228477217816,,0.2548601005351405,,2026-08,0.4,2026-08-14T01:30:00+00:00,2026-09-09T01:30:00+00:00,cf2bceaabc02e8ff8c5307e6240c9a64182605808c4484edf64fc37e6133a247
