target_month,as_of,vintage,global__mean,global__median,global__trimmed_mean,global__std,global__n_products,global__missing_fraction,global__second_window_missing_fraction,twentieth__mean,twentieth__median,twentieth__trimmed_mean,twentieth__std,twentieth__n_products,twentieth__missing_fraction,category__一、黑色金属__mean,category__一、黑色金属__missing,twentieth_category__一、黑色金属__mean,twentieth_category__一、黑色金属__missing,category__七、农产品__mean,category__七、农产品__missing,twentieth_category__七、农产品__mean,twentieth_category__七、农产品__missing,category__三、化工产品__mean,category__三、化工产品__missing,twentieth_category__三、化工产品__mean,twentieth_category__三、化工产品__missing,category__九、林产品__mean,category__九、林产品__missing,twentieth_category__九、林产品__mean,twentieth_category__九、林产品__missing,category__二、有色金属__mean,category__二、有色金属__missing,twentieth_category__二、有色金属__mean,twentieth_category__二、有色金属__missing,category__五、煤炭__mean,category__五、煤炭__missing,twentieth_category__五、煤炭__mean,twentieth_category__五、煤炭__missing,category__八、农业生产资料__mean,category__八、农业生产资料__missing,twentieth_category__八、农业生产资料__mean,twentieth_category__八、农业生产资料__missing,category__六、非金属建材__mean,category__六、非金属建材__missing,twentieth_category__六、非金属建材__mean,twentieth_category__六、非金属建材__missing,category__四、石油天然气__mean,category__四、石油天然气__missing,twentieth_category__四、石油天然气__mean,twentieth_category__四、石油天然气__missing,product__人造板（1220*2440*15mm）,missing__人造板（1220*2440*15mm）,twentieth_product__人造板（1220*2440*15mm）,twentieth_missing__人造板（1220*2440*15mm）,product__农药(草甘膦，95%原药）,missing__农药(草甘膦，95%原药）,twentieth_product__农药(草甘膦，95%原药）,twentieth_missing__农药(草甘膦，95%原药）,product__复合硅酸盐水泥（P.C 32.5袋装）,missing__复合硅酸盐水泥（P.C 32.5袋装）,twentieth_product__复合硅酸盐水泥（P.C 32.5袋装）,twentieth_missing__复合硅酸盐水泥（P.C 32.5袋装）,product__复合肥（硫酸钾复合肥）,missing__复合肥（硫酸钾复合肥）,twentieth_product__复合肥（硫酸钾复合肥）,twentieth_missing__复合肥（硫酸钾复合肥）,product__大同混煤（5800大卡）,missing__大同混煤（5800大卡）,twentieth_product__大同混煤（5800大卡）,twentieth_missing__大同混煤（5800大卡）,product__大豆（黄豆）,missing__大豆（黄豆）,twentieth_product__大豆（黄豆）,twentieth_missing__大豆（黄豆）,product__小麦（国标三等）,missing__小麦（国标三等）,twentieth_product__小麦（国标三等）,twentieth_missing__小麦（国标三等）,product__尿素（小颗料）,missing__尿素（小颗料）,twentieth_product__尿素（小颗料）,twentieth_missing__尿素（小颗料）,product__山西优混（5500大卡）,missing__山西优混（5500大卡）,twentieth_product__山西优混（5500大卡）,twentieth_missing__山西优混（5500大卡）,product__山西大混（5000大卡）,missing__山西大混（5000大卡）,twentieth_product__山西大混（5000大卡）,twentieth_missing__山西大混（5000大卡）,product__无烟煤（2号洗中块）,missing__无烟煤（2号洗中块）,twentieth_product__无烟煤（2号洗中块）,twentieth_missing__无烟煤（2号洗中块）,"product__无缝钢管（219*6,20#）","missing__无缝钢管（219*6,20#）","twentieth_product__无缝钢管（219*6,20#）","twentieth_missing__无缝钢管（219*6,20#）","product__普通中板（20mm,Q235）","missing__普通中板（20mm,Q235）","twentieth_product__普通中板（20mm,Q235）","twentieth_missing__普通中板（20mm,Q235）",product__普通混煤（4500大卡）,missing__普通混煤（4500大卡）,twentieth_product__普通混煤（4500大卡）,twentieth_missing__普通混煤（4500大卡）,product__普通硅酸盐水泥（P.O 42.5散装）,missing__普通硅酸盐水泥（P.O 42.5散装）,twentieth_product__普通硅酸盐水泥（P.O 42.5散装）,twentieth_missing__普通硅酸盐水泥（P.O 42.5散装）,product__柴油（0#）,missing__柴油（0#）,twentieth_product__柴油（0#）,twentieth_missing__柴油（0#）,product__棉花（皮棉，白棉三级）,missing__棉花（皮棉，白棉三级）,twentieth_product__棉花（皮棉，白棉三级）,twentieth_missing__棉花（皮棉，白棉三级）,product__汽油（93#）,missing__汽油（93#）,twentieth_product__汽油（93#）,twentieth_missing__汽油（93#）,product__汽油（97#）,missing__汽油（97#）,twentieth_product__汽油（97#）,twentieth_missing__汽油（97#）,product__浮法平板玻璃（4.8/5mm）,missing__浮法平板玻璃（4.8/5mm）,twentieth_product__浮法平板玻璃（4.8/5mm）,twentieth_missing__浮法平板玻璃（4.8/5mm）,product__涤纶长丝（FDY150D/96F）,missing__涤纶长丝（FDY150D/96F）,twentieth_product__涤纶长丝（FDY150D/96F）,twentieth_missing__涤纶长丝（FDY150D/96F）,product__液化天然气（LNG）,missing__液化天然气（LNG）,twentieth_product__液化天然气（LNG）,twentieth_missing__液化天然气（LNG）,product__液化石油气（LPG）,missing__液化石油气（LPG）,twentieth_product__液化石油气（LPG）,twentieth_missing__液化石油气（LPG）,product__烧碱(液碱，32%),missing__烧碱(液碱，32%),twentieth_product__烧碱(液碱，32%),twentieth_missing__烧碱(液碱，32%),"product__热轧普通薄板（3mm,Q235）","missing__热轧普通薄板（3mm,Q235）","twentieth_product__热轧普通薄板（3mm,Q235）","twentieth_missing__热轧普通薄板（3mm,Q235）",product__焦炭（二级冶金焦）,missing__焦炭（二级冶金焦）,twentieth_product__焦炭（二级冶金焦）,twentieth_missing__焦炭（二级冶金焦）,product__焦煤（1/3焦煤）,missing__焦煤（1/3焦煤）,twentieth_product__焦煤（1/3焦煤）,twentieth_missing__焦煤（1/3焦煤）,product__玉米（黄玉米二等）,missing__玉米（黄玉米二等）,twentieth_product__玉米（黄玉米二等）,twentieth_missing__玉米（黄玉米二等）,product__瓦楞纸（高强）,missing__瓦楞纸（高强）,twentieth_product__瓦楞纸（高强）,twentieth_missing__瓦楞纸（高强）,product__生猪（外三元）,missing__生猪（外三元）,twentieth_product__生猪（外三元）,twentieth_missing__生猪（外三元）,product__甲醇（优等品）,missing__甲醇（优等品）,twentieth_product__甲醇（优等品）,twentieth_missing__甲醇（优等品）,product__电解铜（1#）,missing__电解铜（1#）,twentieth_product__电解铜（1#）,twentieth_missing__电解铜（1#）,product__石蜡（58#半）,missing__石蜡（58#半）,twentieth_product__石蜡（58#半）,twentieth_missing__石蜡（58#半）,product__硫酸（98%）,missing__硫酸（98%）,twentieth_product__硫酸（98%）,twentieth_missing__硫酸（98%）,product__稻米（粳稻米）,missing__稻米（粳稻米）,twentieth_product__稻米（粳稻米）,twentieth_missing__稻米（粳稻米）,product__纯苯（石油苯，工业级）,missing__纯苯（石油苯，工业级）,twentieth_product__纯苯（石油苯，工业级）,twentieth_missing__纯苯（石油苯，工业级）,product__纸浆（漂白化学浆）,missing__纸浆（漂白化学浆）,twentieth_product__纸浆（漂白化学浆）,twentieth_missing__纸浆（漂白化学浆）,"product__线材（Φ6.5mm,HPB300）","missing__线材（Φ6.5mm,HPB300）","twentieth_product__线材（Φ6.5mm,HPB300）","twentieth_missing__线材（Φ6.5mm,HPB300）",product__聚丙烯（T30S）,missing__聚丙烯（T30S）,twentieth_product__聚丙烯（T30S）,twentieth_missing__聚丙烯（T30S）,product__聚乙烯（LLDPE，7042）,missing__聚乙烯（LLDPE，7042）,twentieth_product__聚乙烯（LLDPE，7042）,twentieth_missing__聚乙烯（LLDPE，7042）,product__聚氯乙烯（SG5）,missing__聚氯乙烯（SG5）,twentieth_product__聚氯乙烯（SG5）,twentieth_missing__聚氯乙烯（SG5）,product__花生（油料花生米）,missing__花生（油料花生米）,twentieth_product__花生（油料花生米）,twentieth_missing__花生（油料花生米）,product__苯乙烯（一级品）,missing__苯乙烯（一级品）,twentieth_product__苯乙烯（一级品）,twentieth_missing__苯乙烯（一级品）,"product__螺纹钢（Φ16-25mm,HRB400）","missing__螺纹钢（Φ16-25mm,HRB400）","twentieth_product__螺纹钢（Φ16-25mm,HRB400）","twentieth_missing__螺纹钢（Φ16-25mm,HRB400）",product__角钢（5#）,missing__角钢（5#）,twentieth_product__角钢（5#）,twentieth_missing__角钢（5#）,product__豆粕（粗蛋白含量≥43%）,missing__豆粕（粗蛋白含量≥43%）,twentieth_product__豆粕（粗蛋白含量≥43%）,twentieth_missing__豆粕（粗蛋白含量≥43%）,product__铅锭（1#）,missing__铅锭（1#）,twentieth_product__铅锭（1#）,twentieth_missing__铅锭（1#）,product__铝锭（A00）,missing__铝锭（A00）,twentieth_product__铝锭（A00）,twentieth_missing__铝锭（A00）,product__锌锭（0#）,missing__锌锭（0#）,twentieth_product__锌锭（0#）,twentieth_missing__锌锭（0#）,product__顺丁胶（BR9000）,missing__顺丁胶（BR9000）,twentieth_product__顺丁胶（BR9000）,twentieth_missing__顺丁胶（BR9000）,feature_hash,target_mom_pct,feature_cutoff,actual_published_at,availability_basis,realtime_status,product__复合硅酸盐水泥（P.C32.5袋装）,missing__复合硅酸盐水泥（P.C32.5袋装）,twentieth_product__复合硅酸盐水泥（P.C32.5袋装）,twentieth_missing__复合硅酸盐水泥（P.C32.5袋装）,product__普通硅酸盐水泥（P.O42.5散装）,missing__普通硅酸盐水泥（P.O42.5散装）,twentieth_product__普通硅酸盐水泥（P.O42.5散装）,twentieth_missing__普通硅酸盐水泥（P.O42.5散装）,product__浮法平板玻璃（4.8-5mm）,missing__浮法平板玻璃（4.8-5mm）,twentieth_product__浮法平板玻璃（4.8-5mm）,twentieth_missing__浮法平板玻璃（4.8-5mm）,product__复合硅酸盐水泥（P.C 32.5R袋装）,missing__复合硅酸盐水泥（P.C 32.5R袋装）,twentieth_product__复合硅酸盐水泥（P.C 32.5R袋装）,twentieth_missing__复合硅酸盐水泥（P.C 32.5R袋装）,product__柴油（0#国Ⅴ）,missing__柴油（0#国Ⅴ）,twentieth_product__柴油（0#国Ⅴ）,twentieth_missing__柴油（0#国Ⅴ）,product__汽油（92#国Ⅴ）,missing__汽油（92#国Ⅴ）,twentieth_product__汽油（92#国Ⅴ）,twentieth_missing__汽油（92#国Ⅴ）,product__汽油（95#国Ⅴ）,missing__汽油（95#国Ⅴ）,twentieth_product__汽油（95#国Ⅴ）,twentieth_missing__汽油（95#国Ⅴ）,product__复合肥（硫酸钾复合肥，氮磷钾含量45%）,missing__复合肥（硫酸钾复合肥，氮磷钾含量45%）,twentieth_product__复合肥（硫酸钾复合肥，氮磷钾含量45%）,twentieth_missing__复合肥（硫酸钾复合肥，氮磷钾含量45%）,product__稻米（粳稻米一级）,missing__稻米（粳稻米一级）,twentieth_product__稻米（粳稻米一级）,twentieth_missing__稻米（粳稻米一级）,category__七、农产品（主要用于加工）__mean,category__七、农产品（主要用于加工）__missing,twentieth_category__七、农产品（主要用于加工）__mean,twentieth_category__七、农产品（主要用于加工）__missing,product__柴油（0#国VI）,missing__柴油（0#国VI）,twentieth_product__柴油（0#国VI）,twentieth_missing__柴油（0#国VI）,product__汽油（92#国VI）,missing__汽油（92#国VI）,twentieth_product__汽油（92#国VI）,twentieth_missing__汽油（92#国VI）,product__汽油（95#国VI）,missing__汽油（95#国VI）,twentieth_product__汽油（95#国VI）,twentieth_missing__汽油（95#国VI）,product__普通硅酸盐水泥（P.O 42.5袋装）注2,missing__普通硅酸盐水泥（P.O 42.5袋装）注2,twentieth_product__普通硅酸盐水泥（P.O 42.5袋装）注2,twentieth_missing__普通硅酸盐水泥（P.O 42.5袋装）注2,product__普通硅酸盐水泥（P.O 42.5袋装）,missing__普通硅酸盐水泥（P.O 42.5袋装）,twentieth_product__普通硅酸盐水泥（P.O 42.5袋装）,twentieth_missing__普通硅酸盐水泥（P.O 42.5袋装）,product__天然橡胶（标准胶SCRWF）注3,missing__天然橡胶（标准胶SCRWF）注3,twentieth_product__天然橡胶（标准胶SCRWF）注3,twentieth_missing__天然橡胶（标准胶SCRWF）注3,product__无烟煤（洗中块）注2,missing__无烟煤（洗中块）注2,twentieth_product__无烟煤（洗中块）注2,twentieth_missing__无烟煤（洗中块）注2,product__焦煤（主焦煤）注2,missing__焦煤（主焦煤）注2,twentieth_product__焦煤（主焦煤）注2,twentieth_missing__焦煤（主焦煤）注2,"product__螺纹钢（Φ16-25mm,HRB400E）注2","missing__螺纹钢（Φ16-25mm,HRB400E）注2","twentieth_product__螺纹钢（Φ16-25mm,HRB400E）注2","twentieth_missing__螺纹钢（Φ16-25mm,HRB400E）注2",product__天然橡胶（标准胶SCRWF）,missing__天然橡胶（标准胶SCRWF）,twentieth_product__天然橡胶（标准胶SCRWF）,twentieth_missing__天然橡胶（标准胶SCRWF）,product__无烟煤（洗中块）,missing__无烟煤（洗中块）,twentieth_product__无烟煤（洗中块）,twentieth_missing__无烟煤（洗中块）,product__焦煤（主焦煤）,missing__焦煤（主焦煤）,twentieth_product__焦煤（主焦煤）,twentieth_missing__焦煤（主焦煤）,"product__螺纹钢（Φ16-25mm,HRB400E）","missing__螺纹钢（Φ16-25mm,HRB400E）","twentieth_product__螺纹钢（Φ16-25mm,HRB400E）","twentieth_missing__螺纹钢（Φ16-25mm,HRB400E）",product__农药（草甘膦，95%原药）,missing__农药（草甘膦，95%原药）,twentieth_product__农药（草甘膦，95%原药）,twentieth_missing__农药（草甘膦，95%原药）,product__烧碱（液碱，32%）,missing__烧碱（液碱，32%）,twentieth_product__烧碱（液碱，32%）,twentieth_missing__烧碱（液碱，32%）,product__无缝钢管（219*6，20#）,missing__无缝钢管（219*6，20#）,twentieth_product__无缝钢管（219*6，20#）,twentieth_missing__无缝钢管（219*6，20#）,product__普通中板（20mm，Q235）,missing__普通中板（20mm，Q235）,twentieth_product__普通中板（20mm，Q235）,twentieth_missing__普通中板（20mm，Q235）,product__热轧普通薄板（3mm，Q235）,missing__热轧普通薄板（3mm，Q235）,twentieth_product__热轧普通薄板（3mm，Q235）,twentieth_missing__热轧普通薄板（3mm，Q235）,product__线材（Φ6.5mm，HPB300）,missing__线材（Φ6.5mm，HPB300）,twentieth_product__线材（Φ6.5mm，HPB300）,twentieth_missing__线材（Φ6.5mm，HPB300）,product__螺纹钢（Φ16-25mm，HRB400E）,missing__螺纹钢（Φ16-25mm，HRB400E）,twentieth_product__螺纹钢（Φ16-25mm，HRB400E）,twentieth_missing__螺纹钢（Φ16-25mm，HRB400E）,product__涤纶长丝（POY150D/48F）注2,missing__涤纶长丝（POY150D/48F）注2,twentieth_product__涤纶长丝（POY150D/48F）注2,twentieth_missing__涤纶长丝（POY150D/48F）注2,product__热轧普通板卷（4.75-11.5mm，Q235）注2,missing__热轧普通板卷（4.75-11.5mm，Q235）注2,twentieth_product__热轧普通板卷（4.75-11.5mm，Q235）注2,twentieth_missing__热轧普通板卷（4.75-11.5mm，Q235）注2,product__焦炭（准一级冶金焦）注2,missing__焦炭（准一级冶金焦）注2,twentieth_product__焦炭（准一级冶金焦）注2,twentieth_missing__焦炭（准一级冶金焦）注2,product__瓦楞纸（AA级120g）注2,missing__瓦楞纸（AA级120g）注2,twentieth_product__瓦楞纸（AA级120g）注2,twentieth_missing__瓦楞纸（AA级120g）注2,product__纸浆（进口针叶浆）注2,missing__纸浆（进口针叶浆）注2,twentieth_product__纸浆（进口针叶浆）注2,twentieth_missing__纸浆（进口针叶浆）注2,product__聚丙烯（拉丝料）注2,missing__聚丙烯（拉丝料）注2,twentieth_product__聚丙烯（拉丝料）注2,twentieth_missing__聚丙烯（拉丝料）注2,product__聚乙烯(LLDPE，熔融指数2薄膜料）注2,missing__聚乙烯(LLDPE，熔融指数2薄膜料）注2,twentieth_product__聚乙烯(LLDPE，熔融指数2薄膜料）注2,twentieth_missing__聚乙烯(LLDPE，熔融指数2薄膜料）注2,product__尿素（小颗粒）,missing__尿素（小颗粒）,twentieth_product__尿素（小颗粒）,twentieth_missing__尿素（小颗粒）,product__涤纶长丝（POY150D/48F）,missing__涤纶长丝（POY150D/48F）,twentieth_product__涤纶长丝（POY150D/48F）,twentieth_missing__涤纶长丝（POY150D/48F）,product__热轧普通板卷（4.75-11.5mm，Q235）,missing__热轧普通板卷（4.75-11.5mm，Q235）,twentieth_product__热轧普通板卷（4.75-11.5mm，Q235）,twentieth_missing__热轧普通板卷（4.75-11.5mm，Q235）,product__焦炭（准一级冶金焦）,missing__焦炭（准一级冶金焦）,twentieth_product__焦炭（准一级冶金焦）,twentieth_missing__焦炭（准一级冶金焦）,product__瓦楞纸（AA级120g）,missing__瓦楞纸（AA级120g）,twentieth_product__瓦楞纸（AA级120g）,twentieth_missing__瓦楞纸（AA级120g）,product__纸浆（进口针叶浆）,missing__纸浆（进口针叶浆）,twentieth_product__纸浆（进口针叶浆）,twentieth_missing__纸浆（进口针叶浆）,product__聚丙烯（拉丝料）,missing__聚丙烯（拉丝料）,twentieth_product__聚丙烯（拉丝料）,twentieth_missing__聚丙烯（拉丝料）,product__聚乙烯(LLDPE，熔融指数2薄膜料）,missing__聚乙烯(LLDPE，熔融指数2薄膜料）,twentieth_product__聚乙烯(LLDPE，熔融指数2薄膜料）,twentieth_missing__聚乙烯(LLDPE，熔融指数2薄膜料）,product__聚乙烯（LLDPE，熔融指数2薄膜料）,missing__聚乙烯（LLDPE，熔融指数2薄膜料）,twentieth_product__聚乙烯（LLDPE，熔融指数2薄膜料）,twentieth_missing__聚乙烯（LLDPE，熔融指数2薄膜料）,product__线材（Φ8-10mm，HPB300）注1,missing__线材（Φ8-10mm，HPB300）注1,twentieth_product__线材（Φ8-10mm，HPB300）注1,twentieth_missing__线材（Φ8-10mm，HPB300）注1,product__螺纹钢（Φ20mm，HRB400E）注1,missing__螺纹钢（Φ20mm，HRB400E）注1,twentieth_product__螺纹钢（Φ20mm，HRB400E）注1,twentieth_missing__螺纹钢（Φ20mm，HRB400E）注1,product__线材（Φ8-10mm，HPB300）,missing__线材（Φ8-10mm，HPB300）,twentieth_product__线材（Φ8-10mm，HPB300）,twentieth_missing__线材（Φ8-10mm，HPB300）,product__螺纹钢（Φ20mm，HRB400E）,missing__螺纹钢（Φ20mm，HRB400E）,twentieth_product__螺纹钢（Φ20mm，HRB400E）,twentieth_missing__螺纹钢（Φ20mm，HRB400E）,product__普通硅酸盐水泥（P.O42.5袋装）,missing__普通硅酸盐水泥（P.O42.5袋装）,twentieth_product__普通硅酸盐水泥（P.O42.5袋装）,twentieth_missing__普通硅酸盐水泥（P.O42.5袋装）,product__烧碱（液碱，32%),missing__烧碱（液碱，32%),twentieth_product__烧碱（液碱，32%),twentieth_missing__烧碱（液碱，32%),product__热轧普通板卷（4.75—11.5mm，Q235）,missing__热轧普通板卷（4.75—11.5mm，Q235）,twentieth_product__热轧普通板卷（4.75—11.5mm，Q235）,twentieth_missing__热轧普通板卷（4.75—11.5mm，Q235）,"product__线材（Φ8—10mm,HPB300）","missing__线材（Φ8—10mm,HPB300）","twentieth_product__线材（Φ8—10mm,HPB300）","twentieth_missing__线材（Φ8—10mm,HPB300）","product__螺纹钢（Φ20mm,HRB400E）","missing__螺纹钢（Φ20mm,HRB400E）","twentieth_product__螺纹钢（Φ20mm,HRB400E）","twentieth_missing__螺纹钢（Φ20mm,HRB400E）",product__尿素（中小颗粒）,missing__尿素（中小颗粒）,twentieth_product__尿素（中小颗粒）,twentieth_missing__尿素（中小颗粒）,product__线材（Φ8—10mm，HPB300）,missing__线材（Φ8—10mm，HPB300）,twentieth_product__线材（Φ8—10mm，HPB300）,twentieth_missing__线材（Φ8—10mm，HPB300）,category__九、林业__mean,category__九、林业__missing,twentieth_category__九、林业__mean,twentieth_category__九、林业__missing,category__八、农资__mean,category__八、农资__missing,twentieth_category__八、农资__mean,twentieth_category__八、农资__missing,category__六、非金属矿物制品__mean,category__六、非金属矿物制品__missing,twentieth_category__六、非金属矿物制品__mean,twentieth_category__六、非金属矿物制品__missing,product__乙醇（95.0%）,missing__乙醇（95.0%）,twentieth_product__乙醇（95.0%）,twentieth_missing__乙醇（95.0%）,product__冰醋酸（99.5%及以上）,missing__冰醋酸（99.5%及以上）,twentieth_product__冰醋酸（99.5%及以上）,twentieth_missing__冰醋酸（99.5%及以上）,product__多晶硅（致密料）,missing__多晶硅（致密料）,twentieth_product__多晶硅（致密料）,twentieth_missing__多晶硅（致密料）,product__浮法平板玻璃（5/6mm）,missing__浮法平板玻璃（5/6mm）,twentieth_product__浮法平板玻璃（5/6mm）,twentieth_missing__浮法平板玻璃（5/6mm）,product__白糖（国标一级白砂糖）,missing__白糖（国标一级白砂糖）,twentieth_product__白糖（国标一级白砂糖）,twentieth_missing__白糖（国标一级白砂糖）,product__磷肥（55%磷酸一铵）,missing__磷肥（55%磷酸一铵）,twentieth_product__磷肥（55%磷酸一铵）,twentieth_missing__磷肥（55%磷酸一铵）,product__磷酸铁锂（普通动力型）,missing__磷酸铁锂（普通动力型）,twentieth_product__磷酸铁锂（普通动力型）,twentieth_missing__磷酸铁锂（普通动力型）,product__钾肥（港口62%白色氯化钾）,missing__钾肥（港口62%白色氯化钾）,twentieth_product__钾肥（港口62%白色氯化钾）,twentieth_missing__钾肥（港口62%白色氯化钾）
2014-02,2014-02-14T09:30:00+08:00,early,,,,,0,1.0,1.0,,,,,0,1.0,,1.0,,1.0,,1.0,,1.0,,1.0,,1.0,,1.0,,1.0,,1.0,,1.0,,1.0,,1.0,,1.0,,1.0,,1.0,,1.0,,1.0,,1.0,,1.0,,1.0,,1.0,,1.0,,1.0,,1.0,,1.0,,1.0,,1.0,,1.0,,1,,1,,1,,1,,1.0,,1.0,,1,,1,,1.0,,1.0,,1.0,,1.0,,1.0,,1.0,,1.0,,1.0,,1.0,,1.0,,1.0,,1.0,,1.0,,1.0,,1,,1,,1.0,,1.0,,1.0,,1.0,,1.0,,1.0,,1.0,,1.0,,1,,1,,1,,1,,1.0,,1.0,,1.0,,1.0,,1.0,,1.0,,1.0,,1.0,,1,,1,,1.0,,1.0,,1,,1,,1,,1,,1,,1,,1,,1,,1,,1,,1.0,,1.0,,1,,1,,1.0,,1.0,,1.0,,1.0,,1.0,,1.0,,1.0,,1.0,,1.0,,1.0,,1,,1,,1.0,,1.0,,1.0,,1.0,,1,,1,,1,,1,,1,,1,,1,,1,,1,,1,,1,,1,4839d0b8af0f42542b8e17ef30066e4e9ee3aa1a7ac677009137fccf6a809a8d,-0.2,2014-02-14T01:30:00+00:00,2014-03-09T01:30:00+00:00,publication,pseudo_real_time,,,,,,,,,,,,,,,,,,,,,,,,,,,,,,,,,,,,,,,,,,,,,,,,,,,,,,,,,,,,,,,,,,,,,,,,,,,,,,,,,,,,,,,,,,,,,,,,,,,,,,,,,,,,,,,,,,,,,,,,,,,,,,,,,,,,,,,,,,,,,,,,,,,,,,,,,,,,,,,,,,,,,,,,,,,,,,,,,,,,,,,,,,,,,,,,,,,,,,,,,,,,,,,,,,,,,,,,,,,,,,,,,,,,,,,,,,,,,,,,,,,,,,,,,,,,,,,,,,,,,,,,,,,,,,,,
2014-03,2014-03-14T09:30:00+08:00,early,-1.6750892346883388,-1.1352517152793697,-1.7313009915744473,3.547704485304552,48,0.07692307692307687,1.0,,,,,0,1.0,-1.0320666440444923,0.0,,1.0,-1.5308649749270173,0.0,,1.0,-2.6884433992932224,0.0,,1.0,0.2254408753451084,0.0,,1.0,-2.0372977773430705,0.0,,1.0,-4.047044058049788,0.0,,1.0,-0.23797907215711742,0.0,,1.0,0.46326437779463425,0.8,,1.0,0.1620533533228753,0.0,,1.0,0.0,0.0,,1.0,0.7299366947092281,0.0,,1.0,,1.0,,1.0,0.4836577001071329,0.0,,1.0,-2.529483296804009,0.0,,1.0,-0.05403095836122503,0,,1,0.8347687832657446,0,,1,-1.9275316112877132,0.0,,1.0,-4.464774987652821,0,,1,-5.178781880938391,0.0,,1.0,-3.627411379984983,0.0,,1.0,-0.30087311085753266,0.0,,1.0,-0.09808344191497152,0.0,,1.0,-5.620252132717865,0.0,,1.0,,1.0,,1.0,-0.09763826729289513,0.0,,1.0,-0.030751809883835336,0,,1,0.2458752404883653,0.0,,1.0,0.7221950841502006,0.0,,1.0,0.46326437779463425,0.0,,1.0,-6.039674496240513,0.0,,1.0,-0.8794265633354574,0,,1,0.37556627960664446,0,,1,-6.831155518107772,0.0,,1.0,-1.2121534255209738,0.0,,1.0,-5.85025472321268,0.0,,1.0,-1.0583500050377659,0.0,,1.0,-0.21469264894188925,0,,1,0.1251837710340891,0.0,,1.0,-6.128083114928015,0,,1,-7.807440828430996,0,,1,-3.614689756948052,0,,1,0.605748346320394,0,,1,15.312010909680485,0,,1,0.39303141784689355,0.0,,1.0,-5.370817263205637,0,,1,0.5511388550012362,0.0,,1.0,-1.9842758845641462,0.0,,1.0,-0.9203043812409853,0.0,,1.0,-1.8185341964428159,0.0,,1.0,-2.0571397990081888,0.0,,1.0,-3.773304615959111,0,,1,-3.366902807534575,0.0,,1.0,-2.055453170262688,0.0,,1.0,-0.541560831146642,0,,1,-3.2738568524547027,0,,1,-1.2968081510624996,0,,1,-2.568468959991594,0,,1,-0.6692242413701357,0,,1,-7.984475612401225,0,,1,c205cdad893a947ef5e24ca81c60b1600fdf523c076dcfd9e2e9a65d855e86f8,-0.3,2014-03-14T01:30:00+00:00,2014-04-11T01:30:00+00:00,publication,pseudo_real_time,,1.0,,1.0,,1.0,,1.0,,,,,,,,,,,,,,,,,,,,,,,,,,,,,,,,,,,,,,,,,,,,,,,,,,,,,,,,,,,,,,,,,,,,,,,,,,,,,,,,,,,,,,,,,,,,,,,,,,,,,,,,,,,,,,,,,,,,,,,,,,,,,,,,,,,,,,,,,,,,,,,,,,,,,,,,,,,,,,,,,,,,,,,,,,,,,,,,,,,,,,,,,,,,,,,,,,,,,,,,,,,,,,,,,,,,,,,,,,,,,,,,,,,,,,,,,,,,,,,,,,,,,,,,,,,,,,,,,,,,,,,,
2014-04,2014-04-14T09:30:00+08:00,early,-0.7412915928202457,-0.5203757686703505,-0.7176784904918174,3.1888094675878476,50,0.0,1.0,,,,,0,1.0,-0.29645528654499176,0.0,,1.0,-0.37832870838004257,0.0,,1.0,1.0831686829038132,0.0,,1.0,-1.087150766423773,0.0,,1.0,-0.8001033170422804,0.0,,1.0,-4.589277623600316,0.0,,1.0,-0.7766544209437681,0.0,,1.0,-0.5565992764844596,0.0,,1.0,-0.08405584313546414,0.0,,1.0,0.0,0.0,,1.0,2.1502383708659476,0.0,,1.0,1.7741639376263976,0.0,,1.0,-0.07251449135266078,0.0,,1.0,-3.1772215685549083,0.0,,1.0,-0.24826182382472528,0,,1,-1.4777596871623897,0,,1,-4.407687142344591,0.0,,1.0,-2.5496957901898725,0,,1,-2.8286927493413447,0.0,,1.0,-2.299270609478553,0.0,,1.0,-1.6022590082460524,0.0,,1.0,0.05686299932742172,0.0,,1.0,-2.8054252385647036,0.0,,1.0,0.7741903676171404,0.0,,1.0,-2.055083068228345,0.0,,1.0,-0.5440576774322464,0,,1,-0.8520569631251563,0.0,,1.0,0.024717344891197555,0.0,,1.0,-4.218152134696917,0.0,,1.0,0.6417028380971547,0.0,,1.0,2.158355309642843,0,,1,-0.5242954786670495,0,,1,-4.340124216648879,0.0,,1.0,-0.28105103671481935,0.0,,1.0,-8.206818800282555,0.0,,1.0,-10.257818608790275,0.0,,1.0,0.022178359145384175,0,,1,-1.3531783576275214,0.0,,1.0,-4.846185930454155,0,,1,-2.1216754891404532,0,,1,-0.5164560586736516,0,,1,0.744027796673725,0,,1,12.21767728234226,0,,1,0.4283282742623514,0.0,,1.0,-3.2608189037466753,0,,1,-1.9082739416437973,0.0,,1.0,0.5747615236817488,0.0,,1.0,1.7408202603165637,0.0,,1.0,2.5356887932156282,0.0,,1.0,-1.1949295275506973,0.0,,1.0,2.458271979742987,0,,1,4.331201312237148,0.0,,1.0,0.059101470314146365,0.0,,1.0,-0.5861476676323958,0,,1,1.1808568386824538,0,,1,-0.3218560490267331,0,,1,-1.6173872462428966,0,,1,-0.7447139142258403,0,,1,0.2821444799160802,0,,1,8f8233d90b9ca4a18b58d5b146eb88151fb26fdba752fddb4f43424f26ba3ac0,-0.2,2014-04-14T01:30:00+00:00,2014-05-09T01:30:00+00:00,publication,pseudo_real_time,,,,,,,,,,,,,,,,,,,,,,,,,,,,,,,,,,,,,,,,,,,,,,,,,,,,,,,,,,,,,,,,,,,,,,,,,,,,,,,,,,,,,,,,,,,,,,,,,,,,,,,,,,,,,,,,,,,,,,,,,,,,,,,,,,,,,,,,,,,,,,,,,,,,,,,,,,,,,,,,,,,,,,,,,,,,,,,,,,,,,,,,,,,,,,,,,,,,,,,,,,,,,,,,,,,,,,,,,,,,,,,,,,,,,,,,,,,,,,,,,,,,,,,,,,,,,,,,,,,,,,,,,,,,,,,,
2014-05,2014-05-14T09:30:00+08:00,early,0.3672332922577843,0.08207439444821005,0.24754344921968122,2.760417863494509,50,0.0,1.0,,,,,0,1.0,-0.014567996422132842,0.0,,1.0,2.7826504624191584,0.0,,1.0,0.3567473395749178,0.0,,1.0,-1.3131155566552173,0.0,,1.0,2.5919157425798334,0.0,,1.0,-0.702353072218912,0.0,,1.0,-2.192810514960438,0.0,,1.0,0.13535138281446005,0.0,,1.0,-0.45317865034396604,0.0,,1.0,-0.8413525181150568,0.0,,1.0,-4.534851291463018,0.0,,1.0,1.3509089421980491,0.0,,1.0,-0.470923910056807,0.0,,1.0,-0.2487151072451641,0.0,,1.0,0.5214680168698278,0,,1,-0.16784465557318307,0,,1,-1.57265634336149,0.0,,1.0,0.0,0,,1,0.329128701160719,0.0,,1.0,-1.623428107063823,0.0,,1.0,-0.344719188418381,0.0,,1.0,0.2947941046334585,0.0,,1.0,0.3696870278774745,0.0,,1.0,-0.315693347644241,0.0,,1.0,0.5593530821025929,0.0,,1.0,-1.7718893223897965,0,,1,0.10810298092265545,0.0,,1.0,0.4426375597853532,0.0,,1.0,-0.629161446110428,0.0,,1.0,-0.7215908629851602,0.0,,1.0,-3.4033451205060508,0,,1,-0.60448013345378,0,,1,-4.168823938642202,0.0,,1.0,0.05604580797376465,0.0,,1.0,0.3539762818260664,0.0,,1.0,-4.097120302087656,0.0,,1.0,2.2268783072792835,0,,1,-1.039487034479734,0.0,,1.0,11.437408478755398,0,,1,-0.8162575123647307,0,,1,4.165647189452644,0,,1,0.1786597290854332,0,,1,-5.221029297990807,0,,1,0.5455047810779392,0.0,,1.0,4.81236283324986,0,,1,-2.058507117370861,0.0,,1.0,0.8764969244951286,0.0,,1.0,2.185290890943517,0.0,,1.0,3.058501122792384,0.0,,1.0,1.62314964537293,0.0,,1.0,5.675692777464918,0,,1,-0.4262375957777424,0.0,,1.0,-0.7560090332966927,0.0,,1.0,-0.21401659392007513,0,,1,3.7939853158688828,0,,1,1.1919349145155553,0,,1,3.087894138098702,0,,1,1.922186728252432,0,,1,3.2421081111511283,0,,1,af8a7f40b58c0f39c2e31e3667098e04cd5646255697827afa4670fe9c645086,-0.1,2014-05-14T01:30:00+00:00,2014-06-10T01:30:00+00:00,publication,pseudo_real_time,,,,,,,,,,,,,,,,,,,,,,,,,,,,,,,,,,,,,,,,,,,,,,,,,,,,,,,,,,,,,,,,,,,,,,,,,,,,,,,,,,,,,,,,,,,,,,,,,,,,,,,,,,,,,,,,,,,,,,,,,,,,,,,,,,,,,,,,,,,,,,,,,,,,,,,,,,,,,,,,,,,,,,,,,,,,,,,,,,,,,,,,,,,,,,,,,,,,,,,,,,,,,,,,,,,,,,,,,,,,,,,,,,,,,,,,,,,,,,,,,,,,,,,,,,,,,,,,,,,,,,,,,,,,,,,,
2014-06,2014-06-16T09:30:00+08:00,early,-0.3850179346002609,-0.14452458293562062,-0.39277168086776826,2.4935911401850452,50,0.0,1.0,,,,,0,1.0,-1.3292950445823386,0.0,,1.0,1.0086354894578307,0.0,,1.0,0.7886640587650916,0.0,,1.0,-1.085795845183019,0.0,,1.0,0.43694272379839894,0.0,,1.0,-0.0577760305700525,0.0,,1.0,-2.676213485406647,0.0,,1.0,-3.4162734449453045,0.0,,1.0,-1.1732235534051492,0.0,,1.0,-2.0793950850661456,0.0,,1.0,-7.352259763099591,0.0,,1.0,-1.5058190920155807,0.0,,1.0,0.0,0.0,,1.0,0.0,0.0,,1.0,1.2155339232034543,0,,1,-1.1854354942688252,0,,1,-0.6763806931203505,0.0,,1.0,0.20664061838391207,0,,1,0.3828905576565633,0.0,,1.0,-1.190040666143293,0.0,,1.0,-0.6881066020489317,0.0,,1.0,-0.9267531332567059,0.0,,1.0,0.42992347782708107,0.0,,1.0,-3.438635004628342,0.0,,1.0,0.07774779717679767,0.0,,1.0,-2.9041917759833016,0,,1,-0.18785222867459578,0.0,,1.0,0.20850652213843832,0.0,,1.0,-5.304366238191991,0.0,,1.0,2.132889596949498,0.0,,1.0,-1.6371937308147413,0,,1,-5.212793501486222,0,,1,-2.3726500911350388,0.0,,1.0,-0.7553931613326731,0.0,,1.0,-0.23384620171463094,0.0,,1.0,0.0,0.0,,1.0,1.3918465585634272,0,,1,-1.076795513286266,0.0,,1.0,5.201183918319101,0,,1,-3.9910877906003095,0,,1,0.0634233364395006,0,,1,-0.28775617877057136,0,,1,7.856873655581395,0,,1,1.762713294724548,0.0,,1.0,4.09112766690521,0,,1,-0.10119693719664545,0.0,,1.0,-2.277170411624795,0.0,,1.0,0.25642297053033575,0.0,,1.0,-0.19206023700716618,0.0,,1.0,-0.092603469086291,0.0,,1.0,0.5287875299317039,0,,1,-2.2793096794356513,0.0,,1.0,-1.8459256582115575,0.0,,1.0,-1.4824213010193679,0,,1,2.058645961172538,0,,1,0.35273739889012895,0,,1,1.0752312323433943,0,,1,0.25637892752057184,0,,1,2.4770379649489356,0,,1,4104a15e17af84468ca3f65227f21363a77b3eec3f435ad5fe43b316b0cea28b,-0.2,2014-06-16T01:30:00+00:00,2014-07-09T01:30:00+00:00,publication,pseudo_real_time,,,,,,,,,,,,,,,,,,,,,,,,,,,,,,,,,,,,,,,,,,,,,,,,,,,,,,,,,,,,,,,,,,,,,,,,,,,,,,,,,,,,,,,,,,,,,,,,,,,,,,,,,,,,,,,,,,,,,,,,,,,,,,,,,,,,,,,,,,,,,,,,,,,,,,,,,,,,,,,,,,,,,,,,,,,,,,,,,,,,,,,,,,,,,,,,,,,,,,,,,,,,,,,,,,,,,,,,,,,,,,,,,,,,,,,,,,,,,,,,,,,,,,,,,,,,,,,,,,,,,,,,,,,,,,,,
2014-07,2014-07-14T09:30:00+08:00,early,0.0021867926382441285,-0.16554312297148044,-0.10945440838680325,2.5062578408620624,50,0.0,1.0,,,,,0,1.0,-1.2220991796262075,0.0,,1.0,-0.09240621314771841,0.0,,1.0,2.8990658361916473,0.0,,1.0,-0.40619062396582023,0.0,,1.0,1.769004059944523,0.0,,1.0,-1.1194707638633805,0.0,,1.0,-1.9651530148198137,0.0,,1.0,-2.585989056556881,0.0,,1.0,-0.8628661256286927,0.0,,1.0,0.0,0.0,,1.0,-7.096764381831925,0.0,,1.0,-2.9812272919067113,0.0,,1.0,0.0,0.0,,1.0,-0.8170692229578346,0.0,,1.0,0.7728703477928828,0,,1,0.19672476572269534,0,,1,1.2013053373724838,0.0,,1.0,-1.9824126405262907,0,,1,-0.6105595670987454,0.0,,1.0,-2.4125458082887095,0.0,,1.0,-1.2098191485294352,0.0,,1.0,-1.294358547713108,0.0,,1.0,-0.6852748372813597,0.0,,1.0,-2.0003542703405963,0.0,,1.0,1.2465904064357436,0.0,,1.0,-0.4509236207462314,0,,1,0.6284632007809858,0.0,,1.0,-0.8919367593618733,0.0,,1.0,-2.7763856074233355,0.0,,1.0,6.211778689838383,0.0,,1.0,-3.755745063062108,0,,1,0.03444593564594365,0,,1,3.2037601773627493,0.0,,1.0,-0.39597667958312655,0.0,,1.0,-1.3284332708907238,0.0,,1.0,0.0,0.0,,1.0,2.7142725959906273,0,,1,-1.3283178878319546,0.0,,1.0,-0.9405142694277252,0,,1,1.9002659816173069,0,,1,3.383898568283682,0,,1,-2.439014474210848,0,,1,8.417224061600944,0,,1,0.4599941890540229,0.0,,1.0,3.068767454899749,0,,1,0.10974601593449387,0.0,,1.0,-1.1786567200448004,0.0,,1.0,0.5321713063102826,0.0,,1.0,0.5249097249064355,0.0,,1.0,-0.14121227369496941,0.0,,1.0,-0.3038830731909285,0,,1,2.3963122010994766,0.0,,1.0,-1.9169311481820626,0.0,,1.0,-1.3368528337047116,0,,1,-3.187790640377091,0,,1,-0.1898739722479915,0,,1,1.011285853089467,0,,1,2.8707057906529347,0,,1,2.876681037976114,0,,1,6d238c3d827e44b3a0f7c385ae06e0497cfb0f5253d57ae8d6a76a30eec59094,-0.1,2014-07-14T01:30:00+00:00,2014-08-09T01:30:00+00:00,publication,pseudo_real_time,,,,,,,,,,,,,,,,,,,,,,,,,,,,,,,,,,,,,,,,,,,,,,,,,,,,,,,,,,,,,,,,,,,,,,,,,,,,,,,,,,,,,,,,,,,,,,,,,,,,,,,,,,,,,,,,,,,,,,,,,,,,,,,,,,,,,,,,,,,,,,,,,,,,,,,,,,,,,,,,,,,,,,,,,,,,,,,,,,,,,,,,,,,,,,,,,,,,,,,,,,,,,,,,,,,,,,,,,,,,,,,,,,,,,,,,,,,,,,,,,,,,,,,,,,,,,,,,,,,,,,,,,,,,,,,,
2014-08,2014-08-14T09:30:00+08:00,early,-0.43011988443151933,-0.4787925096660178,-0.6194693905165579,3.28412090745137,48,0.07692307692307687,1.0,,,,,0,1.0,-0.7743994731359245,0.0,,1.0,1.306124994213723,0.0,,1.0,0.8195484554247227,0.0,,1.0,-0.09992297338437182,0.0,,1.0,3.1839256300096164,0.0,,1.0,-4.628776213302386,0.0,,1.0,-0.7407437677659591,0.0,,1.0,-3.9454169073975844,0.8,,1.0,-1.4184490029879313,0.0,,1.0,-0.09657172701737846,0.0,,1.0,0.02854902771460626,0.0,,1.0,,1.0,,1.0,-0.7751184136599488,0.0,,1.0,-4.413855770969961,0.0,,1.0,0.0496255082768476,0,,1,0.8512117500664785,0,,1,-1.475661917352535,0.0,,1.0,-4.864719741601793,0,,1,-5.782879093735934,0.0,,1.0,-3.5010470654291934,0.0,,1.0,-2.014698513261392,0.0,,1.0,-0.9490192703614712,0.0,,1.0,-4.9413715035297745,0.0,,1.0,,1.0,,1.0,-1.9130222235689887,0.0,,1.0,-0.3776841474608369,0,,1,-1.7657256873270122,0.0,,1.0,-1.3428520407051598,0.0,,1.0,-3.9454169073975844,0.0,,1.0,-1.5428725240149843,0.0,,1.0,0.8522292407779399,0,,1,-5.002099061012285,0,,1,0.6748725982376154,0.0,,1.0,-0.4392412322293707,0.0,,1.0,-0.894901845343272,0.0,,1.0,-8.002658472506766,0.0,,1.0,2.680100552285665,0,,1,0.06741904667295252,0.0,,1.0,7.069584802840059,0,,1,-2.7818230498786742,0,,1,-1.1255464483037967,0,,1,0.6607757539079191,0,,1,4.028264648665422,0,,1,0.13004099557583595,0.0,,1.0,-1.602859873876171,0,,1,-0.27061623980868954,0.0,,1.0,-0.38656954247574354,0.0,,1.0,-0.13919867788110293,0.0,,1.0,-0.9083509526900475,0.0,,1.0,-0.5472229155247184,0.0,,1.0,1.402988173924023,0,,1,0.047721668910178074,0.0,,1.0,-0.5183437871026648,0.0,,1.0,-0.3385244933849042,0,,1,-1.3568676817982885,0,,1,4.504429281854998,0,,1,4.035758104747879,0,,1,5.321061581739384,0,,1,10.96695363229971,0,,1,01f045cb722add6f492af60773429e7c893b6df7dd7732fb0ea8eff443b9bb2c,-0.2,2014-08-14T01:30:00+00:00,2014-09-11T01:30:00+00:00,publication,pseudo_real_time,,1.0,,1.0,,1.0,,1.0,,,,,,,,,,,,,,,,,,,,,,,,,,,,,,,,,,,,,,,,,,,,,,,,,,,,,,,,,,,,,,,,,,,,,,,,,,,,,,,,,,,,,,,,,,,,,,,,,,,,,,,,,,,,,,,,,,,,,,,,,,,,,,,,,,,,,,,,,,,,,,,,,,,,,,,,,,,,,,,,,,,,,,,,,,,,,,,,,,,,,,,,,,,,,,,,,,,,,,,,,,,,,,,,,,,,,,,,,,,,,,,,,,,,,,,,,,,,,,,,,,,,,,,,,,,,,,,,,,,,,,,,
2014-09,2014-09-15T09:30:00+08:00,early,0.08712635559045039,-0.5941364559180659,-0.20791970792286732,2.779803734071902,48,0.07692307692307687,1.0,,,,,0,1.0,-2.3639614467277887,0.0,,1.0,1.765852704899517,0.0,,1.0,-0.6772888935047428,0.0,,1.0,-0.4095671633128235,0.0,,1.0,0.9873867197133522,0.0,,1.0,-0.8257503513735486,0.0,,1.0,2.361435288628203,0.0,,1.0,8.145347307023824,0.8,,1.0,-0.19305750960814785,0.0,,1.0,0.19342359767888936,0.0,,1.0,1.1828282691416796,0.0,,1.0,,1.0,,1.0,-0.8919981404236105,0.0,,1.0,-1.5974381596335068,0.0,,1.0,-0.5817594754412196,0,,1,3.054117338831432,0,,1,6.793475737166539,0.0,,1.0,-1.2564777926459003,0,,1,-0.24391282328271352,0.0,,1.0,-0.5262688175141863,0.0,,1.0,-1.4188074461564493,0.0,,1.0,-1.9801530013650834,0.0,,1.0,-0.8206603215704582,0.0,,1.0,,1.0,,1.0,-1.8814025869917799,0.0,,1.0,-0.6065134363949121,0,,1,-1.5546610266801888,0.0,,1.0,-1.4336337023977999,0.0,,1.0,8.145347307023824,0.0,,1.0,1.3180181228534567,0.0,,1.0,1.575798135071784,0,,1,1.3967741429542155,0,,1,3.8276621941387345,0.0,,1.0,-2.031583827445668,0.0,,1.0,-0.10299882121104016,0.0,,1.0,-1.232495723757035,0.0,,1.0,1.982997898483046,0,,1,-0.6839422082188288,0.0,,1.0,1.8929672792038925,0,,1,1.1953163909084923,0,,1,0.9874225149137519,0,,1,0.7387799803948817,0,,1,-2.1392055780860693,0,,1,0.24466887186073843,0.0,,1.0,-3.2414914156216756,0,,1,-0.7381828793985311,0.0,,1.0,-4.160824263903697,0.0,,1.0,0.08546130788186827,0.0,,1.0,-1.4856872891865958,0.0,,1.0,0.01848587101451134,0.0,,1.0,9.43029921223506,0,,1,-5.166588146700792,0.0,,1.0,-3.129027239081681,0.0,,1.0,-1.463372902414153,0,,1,-1.2899560495819018,0,,1,-1.3846996557053186,0,,1,3.7672011411906703,0,,1,0.5796228784543054,0,,1,-1.184860392249359,0,,1,064c159d69988b92608c70c880fc6e7a575879aa6e33b99fa5db9a4b020172a6,-0.4,2014-09-15T01:30:00+00:00,2014-10-15T01:30:00+00:00,publication,pseudo_real_time,,1.0,,1.0,,1.0,,1.0,,,,,,,,,,,,,,,,,,,,,,,,,,,,,,,,,,,,,,,,,,,,,,,,,,,,,,,,,,,,,,,,,,,,,,,,,,,,,,,,,,,,,,,,,,,,,,,,,,,,,,,,,,,,,,,,,,,,,,,,,,,,,,,,,,,,,,,,,,,,,,,,,,,,,,,,,,,,,,,,,,,,,,,,,,,,,,,,,,,,,,,,,,,,,,,,,,,,,,,,,,,,,,,,,,,,,,,,,,,,,,,,,,,,,,,,,,,,,,,,,,,,,,,,,,,,,,,,,,,,,,,,
2014-10,2014-10-14T09:30:00+08:00,early,-1.31460326745484,-0.46350187920420405,-1.1824980216648793,2.6406779854051177,50,0.0,1.0,,,,,0,1.0,-3.6998818504365967,0.0,,1.0,-2.618023998192695,0.0,,1.0,-1.4928999922435735,0.0,,1.0,0.1596797313497727,0.0,,1.0,-2.1056959773935984,0.0,,1.0,0.3371785525023704,0.0,,1.0,-0.5461214293067423,0.0,,1.0,0.7861368103511329,0.0,,1.0,-0.46570527621163477,0.0,,1.0,0.8686796844586062,0.0,,1.0,-1.5452347293489397,0.0,,1.0,0.3969306315461767,0.0,,1.0,0.0,0.0,,1.0,0.3064606226599307,0.0,,1.0,-2.637948417393737,0,,1,0.12362398030383258,0,,1,-0.09312955857128714,0.0,,1.0,0.18280505372354502,0,,1,0.8500346254449851,0.0,,1.0,0.0,0.0,,1.0,-2.4571001987332886,0.0,,1.0,-4.156401715039208,0.0,,1.0,1.050786145939749,0.0,,1.0,0.38573360044924837,0.0,,1.0,-0.8221293451906029,0.0,,1.0,-8.694017156355638,0,,1,-0.5652359966150259,0.0,,1.0,-2.0494836755470596,0.0,,1.0,1.5757461990579738,0.0,,1.0,-7.626244046930291,0.0,,1.0,-1.6044939510032983,0,,1,3.645457023365881,0,,1,4.046750807687074,0.0,,1.0,-3.889882630453538,0.0,,1.0,-0.029836580251616923,0.0,,1.0,0.0,0.0,,1.0,-5.555780709282563,0,,1,-0.04146277679275303,0.0,,1.0,-4.186322616684472,0,,1,1.8278144300041803,0,,1,-2.9131591695097176,0,,1,-1.3983457122797032,0,,1,-4.419451684989959,0,,1,-0.3617677617933822,0.0,,1.0,-4.9129622985757555,0,,1,-0.3481777136165351,0.0,,1.0,-4.1352101348825485,0.0,,1.0,-3.276779128763395,0.0,,1.0,-3.649404234412104,0.0,,1.0,-0.0016402790228119603,0.0,,1.0,1.28183701086396,0,,1,1.8951069636391475,0.0,,1.0,-4.632113718756835,0.0,,1.0,-2.928582704754158,0,,1,-0.9138163151995622,0,,1,-2.333981489616963,0,,1,-3.6303681297047086,0,,1,0.4547248792569944,0,,1,1.1878095489281786,0,,1,8f35592ec71895a911d3322af73ee001394e1221f37ee9b53de423f8ad4c6b06,-0.4,2014-10-14T01:30:00+00:00,2014-11-10T01:30:00+00:00,publication,pseudo_real_time,,,,,,,,,,,,,,,,,,,,,,,,,,,,,,,,,,,,,,,,,,,,,,,,,,,,,,,,,,,,,,,,,,,,,,,,,,,,,,,,,,,,,,,,,,,,,,,,,,,,,,,,,,,,,,,,,,,,,,,,,,,,,,,,,,,,,,,,,,,,,,,,,,,,,,,,,,,,,,,,,,,,,,,,,,,,,,,,,,,,,,,,,,,,,,,,,,,,,,,,,,,,,,,,,,,,,,,,,,,,,,,,,,,,,,,,,,,,,,,,,,,,,,,,,,,,,,,,,,,,,,,,,,,,,,,,
2014-11,2014-11-14T09:30:00+08:00,early,-1.1563236200298561,-0.6479955888568965,-1.0457235328005474,3.189809429087379,50,0.0,1.0,,,,,0,1.0,0.24919965368056576,0.0,,1.0,-1.37588886405722,0.0,,1.0,-3.344190685286179,0.0,,1.0,0.06863243500398467,0.0,,1.0,-0.38266495986856036,0.0,,1.0,1.855263763156587,0.0,,1.0,-2.4681780066635155,0.0,,1.0,-0.10481328001526198,0.0,,1.0,-3.134245184309021,0.0,,1.0,-0.14362097723978035,0.0,,1.0,-4.7758237519698294,0.0,,1.0,3.5344773314608635,0.0,,1.0,0.0,0.0,,1.0,2.524427471331215,0.0,,1.0,-2.7162152736906156,0,,1,-0.6426896669674924,0,,1,-2.628710268020716,0.0,,1.0,3.379309791827836,0,,1,2.8648990056358263,0.0,,1.0,0.3839948995854743,0.0,,1.0,-1.670961848250355,0.0,,1.0,-1.4523578529405472,0.0,,1.0,3.834215173715755,0.0,,1.0,1.7829298053966343,0.0,,1.0,-2.548542058020119,0.0,,1.0,-2.8074915711794093,0,,1,-2.9185530419497425,0.0,,1.0,-4.519190806494562,0.0,,1.0,-5.631846976903284,0.0,,1.0,-4.270012623052822,0.0,,1.0,4.932013163330376,0,,1,-10.421342122163752,0,,1,1.8128824317097052,0.0,,1.0,-0.9291717796449614,0.0,,1.0,0.0,0.0,,1.0,0.0,0.0,,1.0,-4.544641671674281,0,,1,0.32237359497243295,0.0,,1.0,-2.8133033205315976,0,,1,-4.700554340659648,0,,1,-0.6533015107463006,0,,1,-3.3298562405563246,0,,1,-5.151212447805265,0,,1,-0.45205454931674366,0.0,,1.0,-7.950637309572574,0,,1,0.027144687279301385,0.0,,1.0,3.087280657224657,0.0,,1.0,-2.576066419621555,0.0,,1.0,-0.3196268981174126,0.0,,1.0,-0.5323409531644029,0.0,,1.0,1.6875739806295569,0,,1,-5.851691262147365,0.0,,1.0,3.3394749687865084,0.0,,1.0,-0.8790662230919075,0,,1,1.2817111602728226,0,,1,-0.8322385815481531,0,,1,-0.6365022869393394,0,,1,0.5913825397595518,0,,1,-3.902647030430454,0,,1,ef4d9dc2decf5be1bdf932bb62c0ef9cebfde67e82217569b9a9a2eb28c27111,-0.5,2014-11-14T01:30:00+00:00,2014-12-10T01:30:00+00:00,publication,pseudo_real_time,,,,,,,,,,,,,,,,,,,,,,,,,,,,,,,,,,,,,,,,,,,,,,,,,,,,,,,,,,,,,,,,,,,,,,,,,,,,,,,,,,,,,,,,,,,,,,,,,,,,,,,,,,,,,,,,,,,,,,,,,,,,,,,,,,,,,,,,,,,,,,,,,,,,,,,,,,,,,,,,,,,,,,,,,,,,,,,,,,,,,,,,,,,,,,,,,,,,,,,,,,,,,,,,,,,,,,,,,,,,,,,,,,,,,,,,,,,,,,,,,,,,,,,,,,,,,,,,,,,,,,,,,,,,,,,,
2014-12,2014-12-15T09:30:00+08:00,early,-1.653695897390374,-0.6020953291807964,-1.110914505765421,3.725233823925488,50,0.0,1.0,,,,,0,1.0,-1.2422625061632517,0.0,,1.0,-0.8888190992048965,0.0,,1.0,-4.0840730485931545,0.0,,1.0,-0.41454285615269154,0.0,,1.0,-0.8918303657304776,0.0,,1.0,1.1936295708026443,0.0,,1.0,-2.09311493923879,0.0,,1.0,0.31950438116779,0.0,,1.0,-4.250593640498998,0.0,,1.0,-0.3837871797455258,0.0,,1.0,-5.471491041802135,0.0,,1.0,-0.08311786492697065,0.0,,1.0,0.0,0.0,,1.0,1.4500507364227468,0.0,,1.0,-0.6125744331580091,0,,1,-0.05469820370085597,0,,1,-0.807853775914235,0.0,,1.0,2.6870359370406547,0,,1,1.6802376494572127,0.0,,1.0,0.49289050614176155,0.0,,1.0,-0.7321703683095562,0.0,,1.0,-0.9692432974327344,0.0,,1.0,1.8010580877835631,0.0,,1.0,0.4397919603329448,0.0,,1.0,-2.847632898243758,0.0,,1.0,-4.490711939731179,0,,1,-4.075210112952559,0.0,,1.0,-3.784245261771372,0.0,,1.0,0.6018390480973959,0.0,,1.0,0.276533365599254,0.0,,1.0,0.4248190311834735,0,,1,-12.062555524327275,0,,1,-2.063491128771114,0.0,,1.0,-0.16153648006077848,0.0,,1.0,0.24413407877257198,0.0,,1.0,0.0,0.0,,1.0,-0.618736826627163,0,,1,-0.5942418480935968,0.0,,1.0,-0.360361532385957,0,,1,1.2584383718186283,0,,1,-1.7839164457074026,0,,1,-3.1587370768825,0,,1,4.051312149890123,0,,1,-0.1028102435159499,0.0,,1.0,-10.353939044896029,0,,1,-0.26559954061895197,0.0,,1.0,-2.1776351637645344,0.0,,1.0,-4.83277435932346,0.0,,1.0,-4.689031127024499,0.0,,1.0,0.047478414469195485,0.0,,1.0,3.955384275645677,0,,1,-15.503854145944333,0.0,,1.0,-2.501139115740037,0.0,,1.0,-0.9118506116718699,0,,1,-4.826043890165735,0,,1,-0.6099488102679961,0,,1,-0.9161569785121343,0,,1,-0.25729922843437736,0,,1,-9.031402981749306,0,,1,27eb328b5a3abc08d0992e67f823aacfff1f2e0e0d886fd6968003001d89d50d,-0.6,2014-12-15T01:30:00+00:00,2015-01-09T01:30:00+00:00,publication,pseudo_real_time,,,,,,,,,,,,,,,,,,,,,,,,,,,,,,,,,,,,,,,,,,,,,,,,,,,,,,,,,,,,,,,,,,,,,,,,,,,,,,,,,,,,,,,,,,,,,,,,,,,,,,,,,,,,,,,,,,,,,,,,,,,,,,,,,,,,,,,,,,,,,,,,,,,,,,,,,,,,,,,,,,,,,,,,,,,,,,,,,,,,,,,,,,,,,,,,,,,,,,,,,,,,,,,,,,,,,,,,,,,,,,,,,,,,,,,,,,,,,,,,,,,,,,,,,,,,,,,,,,,,,,,,,,,,,,,,
2015-01,2015-01-14T09:30:00+08:00,early,-2.76556415044511,-1.4845847895940745,-2.098013938181693,4.279604357521584,50,0.0,1.0,,,,,0,1.0,-2.3537756720028877,0.0,,1.0,-1.4795695800631643,0.0,,1.0,-7.125966119481366,0.0,,1.0,-0.4760677917712703,0.0,,1.0,-2.697249265962427,0.0,,1.0,0.3040176169316395,0.0,,1.0,-0.502325198448131,0.0,,1.0,-0.4554769706112814,0.0,,1.0,-4.682808671183158,0.0,,1.0,-0.14426582401374247,0.0,,1.0,-2.4212853486173933,0.0,,1.0,-1.3475504580380324,0.0,,1.0,-0.43178519114857533,0.0,,1.0,0.3751692079722459,0.0,,1.0,-1.6216191211501165,0,,1,-0.4168188552238914,0,,1,1.3460949444215757,0.0,,1.0,0.09563852629948431,0,,1,0.17221578555718178,0.0,,1.0,0.47418034340806603,0.0,,1.0,-0.47149266061211104,0.0,,1.0,-2.0737036242584894,0.0,,1.0,1.4661055791173845,0.0,,1.0,-2.6592964487135475,0.0,,1.0,-8.230077870712513,0.0,,1.0,-2.140278865535452,0,,1,-8.765846758809309,0.0,,1.0,-10.086951157751978,0.0,,1.0,2.6404159949177357,0.0,,1.0,-9.060800882195414,0.0,,1.0,3.5298327735832697,0,,1,-3.5818210717083785,0,,1,-4.43564345404634,0.0,,1.0,-1.181688586306128,0.0,,1.0,-0.45518612383288654,0.0,,1.0,0.0,0.0,,1.0,-1.0457050731264284,0,,1,-0.5552470410436373,0.0,,1.0,-3.6470681918256997,0,,1,-18.82191482905762,0,,1,-1.9640692197251182,0,,1,-0.9619879417000382,0,,1,0.9337480601101743,0,,1,-0.039055924590389896,0.0,,1.0,-13.37029282985539,0,,1,-0.7286905102564311,0.0,,1.0,-3.85977276019166,0.0,,1.0,-4.302480445643598,0.0,,1.0,-0.7056646884430013,0.0,,1.0,-3.4018945313064277,0.0,,1.0,-0.10824859491106992,0,,1,-5.160829946098509,0.0,,1.0,-4.300409930944764,0.0,,1.0,-2.2355864697041743,0,,1,-2.817762014142266,0,,1,-5.312641406745673,0,,1,-3.6939299515367576,0,,1,0.18164351415784152,0,,1,-12.933887648277532,0,,1,9724ed4a7ea48a932afcadd3ffa4c52809d51baf2ed41f6187099e5ab0598500,-1.1,2015-01-14T01:30:00+00:00,2015-02-10T01:30:00+00:00,publication,pseudo_real_time,,,,,,,,,,,,,,,,,,,,,,,,,,,,,,,,,,,,,,,,,,,,,,,,,,,,,,,,,,,,,,,,,,,,,,,,,,,,,,,,,,,,,,,,,,,,,,,,,,,,,,,,,,,,,,,,,,,,,,,,,,,,,,,,,,,,,,,,,,,,,,,,,,,,,,,,,,,,,,,,,,,,,,,,,,,,,,,,,,,,,,,,,,,,,,,,,,,,,,,,,,,,,,,,,,,,,,,,,,,,,,,,,,,,,,,,,,,,,,,,,,,,,,,,,,,,,,,,,,,,,,,,,,,,,,,,
2015-02,2015-02-15T09:30:00+08:00,early,-2.5981798677754857,-1.820796269551858,-2.4803609026490023,3.8187771578955596,50,0.0,1.0,,,,,0,1.0,-5.712785904069039,0.0,,1.0,-2.0620200311292938,0.0,,1.0,-2.3459517080745895,0.0,,1.0,-0.09009105849818531,0.0,,1.0,-1.8775999096242324,0.0,,1.0,-1.5979677768031657,0.0,,1.0,-2.1510512398021757,0.0,,1.0,-1.4716543032351244,0.0,,1.0,-4.307006125642375,0.0,,1.0,0.0,0.0,,1.0,-6.69896206916666,0.0,,1.0,-1.2004650402216055,0.0,,1.0,-0.16905786934330358,0.0,,1.0,-1.8714088806688531,0.0,,1.0,-1.7809968520463189,0,,1,-0.10507255109204691,0,,1,0.4148662191034371,0.0,,1.0,-1.691743839059615,0,,1,-2.2555201796747584,0.0,,1.0,0.5955606655339822,0.0,,1.0,-1.8396431453003612,0.0,,1.0,-8.498009793438415,0.0,,1.0,-2.510145460658989,0.0,,1.0,-0.7750660708937845,0.0,,1.0,-10.362908702584992,0.0,,1.0,-1.0632319021092818,0,,1,-7.83441478758089,0.0,,1.0,-1.9371075380313987,0.0,,1.0,-2.439431798589984,0.0,,1.0,1.053674254282684,0.0,,1.0,-9.230641768595422,0,,1,6.517214364070767,0,,1,-2.260820327344131,0.0,,1.0,-8.310022880213893,0.0,,1.0,-1.650567349290571,0.0,,1.0,-1.8019493938033548,0.0,,1.0,-0.03979156371847319,0,,1,0.0,0.0,,1.0,-6.1206940774504,0,,1,-2.3040151047992268,0,,1,-7.195584799170013,0,,1,-2.994178321132318,0,,1,3.842443655249471,0,,1,0.30411136323587595,0.0,,1.0,4.779304338940384,0,,1,-0.27027317549455593,0.0,,1.0,-5.345989148508371,0.0,,1.0,-6.876995268835118,0.0,,1.0,-2.8974749975013108,0.0,,1.0,-9.166084870552815,0.0,,1.0,-0.7996018290072562,0,,1,0.6950058018848296,0.0,,1.0,-5.8824439636745725,0.0,,1.0,-4.4006064932786195,0,,1,-6.890882836846448,0,,1,0.3932327037159591,0,,1,0.09855661172157783,0,,1,-0.8066041547644525,0,,1,-10.324554562070661,0,,1,f2f2d5431cea76c9506327a0b7018eaf8af5375a7596dff0d586977653466a12,-0.7,2015-02-15T01:30:00+00:00,2015-03-10T01:30:00+00:00,publication,pseudo_real_time,,,,,,,,,,,,,,,,,,,,,,,,,,,,,,,,,,,,,,,,,,,,,,,,,,,,,,,,,,,,,,,,,,,,,,,,,,,,,,,,,,,,,,,,,,,,,,,,,,,,,,,,,,,,,,,,,,,,,,,,,,,,,,,,,,,,,,,,,,,,,,,,,,,,,,,,,,,,,,,,,,,,,,,,,,,,,,,,,,,,,,,,,,,,,,,,,,,,,,,,,,,,,,,,,,,,,,,,,,,,,,,,,,,,,,,,,,,,,,,,,,,,,,,,,,,,,,,,,,,,,,,,,,,,,,,,
2015-03,2015-03-16T09:30:00+08:00,early,,,,,0,1.0,1.0,,,,,0,1.0,,1.0,,1.0,,1.0,,1.0,,1.0,,1.0,,1.0,,1.0,,1.0,,1.0,,1.0,,1.0,,1.0,,1.0,,1.0,,1.0,,1.0,,1.0,,1.0,,1.0,,1.0,,1.0,,1.0,,1.0,,1.0,,1.0,,1.0,,1.0,,1,,1,,1,,1,,1.0,,1.0,,1,,1,,1.0,,1.0,,1.0,,1.0,,1.0,,1.0,,1.0,,1.0,,1.0,,1.0,,1.0,,1.0,,1.0,,1.0,,1,,1,,1.0,,1.0,,1.0,,1.0,,1.0,,1.0,,1.0,,1.0,,1,,1,,1,,1,,1.0,,1.0,,1.0,,1.0,,1.0,,1.0,,1.0,,1.0,,1,,1,,1.0,,1.0,,1,,1,,1,,1,,1,,1,,1,,1,,1,,1,,1.0,,1.0,,1,,1,,1.0,,1.0,,1.0,,1.0,,1.0,,1.0,,1.0,,1.0,,1.0,,1.0,,1,,1,,1.0,,1.0,,1.0,,1.0,,1,,1,,1,,1,,1,,1,,1,,1,,1,,1,,1,,1,5d6fc895d421aa12e9db95154e8af32d66eef1df16b0dd130870d6394d2d5e8d,-0.1,2015-03-16T01:30:00+00:00,2015-04-10T01:30:00+00:00,publication,pseudo_real_time,,,,,,,,,,,,,,,,,,,,,,,,,,,,,,,,,,,,,,,,,,,,,,,,,,,,,,,,,,,,,,,,,,,,,,,,,,,,,,,,,,,,,,,,,,,,,,,,,,,,,,,,,,,,,,,,,,,,,,,,,,,,,,,,,,,,,,,,,,,,,,,,,,,,,,,,,,,,,,,,,,,,,,,,,,,,,,,,,,,,,,,,,,,,,,,,,,,,,,,,,,,,,,,,,,,,,,,,,,,,,,,,,,,,,,,,,,,,,,,,,,,,,,,,,,,,,,,,,,,,,,,,,,,,,,,,
2015-04,2015-04-14T09:30:00+08:00,early,-0.10371464806081483,-0.14347973597389424,-0.20756797593307647,3.6452711290629356,50,0.0,1.0,,,,,0,1.0,0.7918624874634008,0.0,,1.0,1.1194386231408606,0.0,,1.0,3.3463774321706756,0.0,,1.0,0.11656629005730738,0.0,,1.0,1.7478447866271132,0.0,,1.0,-4.799713497446886,0.0,,1.0,-0.3617573942739412,0.0,,1.0,-2.272491070347153,0.0,,1.0,-3.0327547958906127,0.0,,1.0,-0.2892496850971405,0.0,,1.0,0.025162542481972222,0.0,,1.0,-2.333014522756954,0.0,,1.0,-0.4938301786652627,0.0,,1.0,-3.922828437802665,0.0,,1.0,-1.2400829573960421,0,,1,0.12594211569208785,0,,1,-0.6166045466385331,0.0,,1.0,-5.2630499062126574,0,,1,-6.10286415136531,0.0,,1.0,-1.4028277383470975,0.0,,1.0,-1.1609770890232,0.0,,1.0,0.3668151516540998,0.0,,1.0,-6.3329552689095365,0.0,,1.0,-3.0468636831439007,0.0,,1.0,-5.139202035176776,0.0,,1.0,-0.2343938659992437,0,,1,-2.983796512700861,0.0,,1.0,-1.402197432388862,0.0,,1.0,-1.4375950051406043,0.0,,1.0,-0.1733038077009952,0.0,,1.0,-2.798540551684586,0,,1,-7.8753372520772,0,,1,0.04170812750626036,0.0,,1.0,-0.8860918449941373,0.0,,1.0,-6.2911035578326935,0.0,,1.0,-4.282365421658244,0.0,,1.0,3.052666814424307,0,,1,0.13857585865695982,0.0,,1.0,7.358816805938514,0,,1,4.200337538073395,0,,1,2.9237434456342273,0,,1,2.0025450086846095,0,,1,-1.3404335107507792,0,,1,1.7215545345438776,0.0,,1.0,3.0457111422101013,0,,1,0.5003726966121028,0.0,,1.0,2.634475286491057,0.0,,1.0,4.309197599727174,0.0,,1.0,5.4843298539850185,0.0,,1.0,8.494922146099904,0.0,,1.0,-0.11365566424679326,0,,1,9.335030364929102,0.0,,1.0,2.9998853154898817,0.0,,1.0,0.7970681051627037,0,,1,-1.715338797829823,0,,1,1.3551959485399507,0,,1,2.3051227860990124,0,,1,0.40731696623526237,0,,1,0.06627486762757584,0,,1,ab9faf0c3fe50e93b0d4953c81fc0d1895e5bc42c0a76a771378fbc068c9cf39,-0.3,2015-04-14T01:30:00+00:00,2015-05-09T01:30:00+00:00,publication,pseudo_real_time,,,,,,,,,,,,,,,,,,,,,,,,,,,,,,,,,,,,,,,,,,,,,,,,,,,,,,,,,,,,,,,,,,,,,,,,,,,,,,,,,,,,,,,,,,,,,,,,,,,,,,,,,,,,,,,,,,,,,,,,,,,,,,,,,,,,,,,,,,,,,,,,,,,,,,,,,,,,,,,,,,,,,,,,,,,,,,,,,,,,,,,,,,,,,,,,,,,,,,,,,,,,,,,,,,,,,,,,,,,,,,,,,,,,,,,,,,,,,,,,,,,,,,,,,,,,,,,,,,,,,,,,,,,,,,,,
2015-05,2015-05-14T09:30:00+08:00,early,1.259507980271014,-0.07983944341095328,0.7174018958195426,5.053037056964725,50,0.0,1.0,,,,,0,1.0,-1.1706645933483306,0.0,,1.0,0.9089357978987405,0.0,,1.0,7.137547258112174,0.0,,1.0,1.1423723402400667,0.0,,1.0,3.431496144781935,0.0,,1.0,-4.780697030318129,0.0,,1.0,-0.4090545544694875,0.0,,1.0,-1.3046801369083223,0.0,,1.0,2.134234882640239,0.0,,1.0,0.0,0.0,,1.0,-2.8021162422754493,0.0,,1.0,-1.7159051174423865,0.0,,1.0,-0.24722067965483213,0.0,,1.0,-1.97996520178096,0.0,,1.0,0.856073603168416,0,,1,-0.20638772959932758,0,,1,1.8221732585218187,0.0,,1.0,-5.567774050868275,0,,1,-4.252911361005675,0.0,,1.0,-3.567294321189173,0.0,,1.0,-1.0314803788799725,0.0,,1.0,-1.3454420373806895,0.0,,1.0,-4.775194912901603,0.0,,1.0,-1.5734865993427036,0.0,,1.0,4.815761000966725,0.0,,1.0,-0.22739869146843364,0,,1,6.2764380324999705,0.0,,1.0,4.05282314204095,0.0,,1.0,-0.6246486939398765,0.0,,1.0,12.509530477797211,0.0,,1.0,-2.2813752992044396,0,,1,1.8079622409300358,0,,1,3.3819954373413514,0.0,,1.0,0.19488674784948798,0.0,,1.0,-3.831618398541342,0.0,,1.0,-9.49012096593988,0.0,,1.0,-0.15967888682190656,0,,1,0.46665441286167075,0.0,,1.0,9.502911161977774,0,,1,6.284894088639634,0,,1,3.0040225478274625,0,,1,-1.86619982139181,0,,1,-2.6848709760109295,0,,1,0.006818414303826153,0.0,,1.0,8.686957668925336,0,,1,2.9604626078585294,0.0,,1.0,-2.0275030798444744,0.0,,1.0,6.141204024951915,0.0,,1.0,4.082982752159253,0.0,,1.0,1.4752355459925113,0.0,,1.0,-0.4361657642039709,0,,1,14.710191646340382,0.0,,1.0,-2.184480145436346,0.0,,1.0,-0.6299686663979895,0,,1,-2.064685724166454,0,,1,6.535092525965163,0,,1,0.22148392791330607,0,,1,3.9653855774218068,0,,1,16.78735191498507,0,,1,08c61010b77996182f811c8e78c1295e6a1ecf263ef3d2b3e8656eb79025d899,-0.1,2015-05-14T01:30:00+00:00,2015-06-09T01:30:00+00:00,publication,pseudo_real_time,,,,,,,,,,,,,,,,,,,,,,,,,,,,,,,,,,,,,,,,,,,,,,,,,,,,,,,,,,,,,,,,,,,,,,,,,,,,,,,,,,,,,,,,,,,,,,,,,,,,,,,,,,,,,,,,,,,,,,,,,,,,,,,,,,,,,,,,,,,,,,,,,,,,,,,,,,,,,,,,,,,,,,,,,,,,,,,,,,,,,,,,,,,,,,,,,,,,,,,,,,,,,,,,,,,,,,,,,,,,,,,,,,,,,,,,,,,,,,,,,,,,,,,,,,,,,,,,,,,,,,,,,,,,,,,,
2015-06,2015-06-15T09:30:00+08:00,early,-1.6583686709620915,-1.1396394610146832,-1.4779467979490082,3.057031888440942,50,0.0,1.0,,,,,0,1.0,-2.968835581476858,0.0,,1.0,-0.8195811966775434,0.0,,1.0,-3.238315091286954,0.0,,1.0,0.41308621703429216,0.0,,1.0,-1.5161155047980082,0.0,,1.0,-1.2707672450832932,0.0,,1.0,1.0090823009738936,0.0,,1.0,-2.613915758099354,0.0,,1.0,-1.271757519650827,0.0,,1.0,0.0,0.0,,1.0,-2.7970447750968392,0.0,,1.0,-4.617585839554965,0.0,,1.0,0.0,0.0,,1.0,-2.5224840968099205,0.0,,1.0,-0.8097198378398349,0,,1,-0.9711185357841853,0,,1,5.82429167801852,0.0,,1.0,-2.476707239749668,0,,1,-2.2415742662391964,0.0,,1.0,-0.32388416908668566,0.0,,1.0,-1.1531539305925198,0.0,,1.0,-3.541310410660739,0.0,,1.0,-1.1428647957961438,0.0,,1.0,-4.407810802669532,0.0,,1.0,-0.9843009572826262,0.0,,1.0,0.012105309911809367,0,,1,0.3212247346332532,0.0,,1.0,1.2446425361657065,0.0,,1.0,1.183649367926435,0.0,,1.0,-9.169610311764357,0.0,,1.0,-2.6955409555452237,0,,1,-5.091168438194778,0,,1,3.8889513743734354,0.0,,1.0,-3.3360170657650907,0.0,,1.0,-0.18785614790143887,0.0,,1.0,0.0,0.0,,1.0,0.3290405178424783,0,,1,0.3110047785207275,0.0,,1.0,4.096155264523785,0,,1,-1.887679871490642,0,,1,-2.634440998951294,0,,1,-0.42540203768129436,0,,1,0.361664833321326,0,,1,0.0,0.0,,1.0,-11.051878548152562,0,,1,0.9282538725821491,0.0,,1.0,-3.9076935096859953,0.0,,1.0,-2.629840022524914,0.0,,1.0,-4.42038706549897,0.0,,1.0,0.33360485269900847,0.0,,1.0,-1.4474850783372775,0,,1,-6.959967339303318,0.0,,1.0,-4.390240942259953,0.0,,1.0,-1.4845976298968504,0,,1,-7.765627213737121,0,,1,-0.32315238393782886,0,,1,-1.1364141262332224,0,,1,-1.9704545100696869,0,,1,-0.8480088145285454,0,,1,2ad00f35583543ad93a595ba5d656fb5de71a4e8c09d32c62ecd0828e50a112d,-0.4,2015-06-15T01:30:00+00:00,2015-07-09T01:30:00+00:00,publication,pseudo_real_time,,,,,,,,,,,,,,,,,,,,,,,,,,,,,,,,,,,,,,,,,,,,,,,,,,,,,,,,,,,,,,,,,,,,,,,,,,,,,,,,,,,,,,,,,,,,,,,,,,,,,,,,,,,,,,,,,,,,,,,,,,,,,,,,,,,,,,,,,,,,,,,,,,,,,,,,,,,,,,,,,,,,,,,,,,,,,,,,,,,,,,,,,,,,,,,,,,,,,,,,,,,,,,,,,,,,,,,,,,,,,,,,,,,,,,,,,,,,,,,,,,,,,,,,,,,,,,,,,,,,,,,,,,,,,,,,
2015-07,2015-07-14T09:30:00+08:00,early,-1.3797228272809372,-1.2331637881296564,-1.6074750605423502,3.307561950764102,50,0.0,1.0,,,,,0,1.0,-5.90577698848218,0.0,,1.0,1.2071193632810036,0.0,,1.0,-0.4970093488863007,0.0,,1.0,-0.8229048457658125,0.0,,1.0,-3.062305852866557,0.0,,1.0,0.06278011532671487,0.0,,1.0,-1.0474918003215299,0.0,,1.0,-3.0721068187605773,0.0,,1.0,-1.9335113086359677,0.0,,1.0,-1.0665064836215095,0.0,,1.0,-1.8672291562660794,0.0,,1.0,-3.0674142559753066,0.0,,1.0,0.0,0.0,,1.0,-0.3727881494113688,0.0,,1.0,-0.1176064172894671,0,,1,-2.0466166734977222,0,,1,-1.2752462446985104,0.0,,1.0,0.2723538704689265,0,,1,0.5469333193932832,0.0,,1.0,0.0,0.0,,1.0,-4.230824714600192,0.0,,1.0,-7.5243075468116345,0.0,,1.0,0.25157431478135195,0.0,,1.0,-3.8893763594022954,0.0,,1.0,-3.244823539378409,0.0,,1.0,-0.2334764690776509,0,,1,-5.152373839332766,0.0,,1.0,-2.041590423215339,0.0,,1.0,-2.2595298409041304,0.0,,1.0,-1.190237276737095,0.0,,1.0,0.22279214117585217,0,,1,-3.286068698101651,0,,1,-1.2009049730999022,0.0,,1.0,-6.279213860501838,0.0,,1.0,-0.25861254794518873,0.0,,1.0,0.0,0.0,,1.0,-0.6516877802964787,0,,1,-0.1367854505165174,0.0,,1.0,9.507199449644114,0,,1,-0.7318773999947414,0,,1,-3.0219931690371142,0,,1,1.9009965070365078,0,,1,10.367489039394512,0,,1,0.0,0.0,,1.0,1.3823243302403243,0,,1,-1.2654226031594107,0.0,,1.0,-5.72780737606206,0.0,,1.0,-4.301369834465508,0.0,,1.0,-1.4708063018317186,0.0,,1.0,-3.416670845304147,0.0,,1.0,-1.1338335457879807,0,,1,-3.6925793640812006,0.0,,1.0,-7.494421988513212,0.0,,1.0,-4.178086444404146,0,,1,4.332976342553215,0,,1,-1.9760722291781039,0,,1,-2.346065886642966,0,,1,-4.905092126608045,0,,1,-0.7154608629835306,0,,1,ded5e2cc54fa9a7581f87a2058afe68ef178706e7f515bac769d548a97210639,-0.7,2015-07-14T01:30:00+00:00,2015-08-09T01:30:00+00:00,publication,pseudo_real_time,,,,,,,,,,,,,,,,,,,,,,,,,,,,,,,,,,,,,,,,,,,,,,,,,,,,,,,,,,,,,,,,,,,,,,,,,,,,,,,,,,,,,,,,,,,,,,,,,,,,,,,,,,,,,,,,,,,,,,,,,,,,,,,,,,,,,,,,,,,,,,,,,,,,,,,,,,,,,,,,,,,,,,,,,,,,,,,,,,,,,,,,,,,,,,,,,,,,,,,,,,,,,,,,,,,,,,,,,,,,,,,,,,,,,,,,,,,,,,,,,,,,,,,,,,,,,,,,,,,,,,,,,,,,,,,,
2015-08,2015-08-14T09:30:00+08:00,early,-1.869444886557525,-1.055582285599935,-1.8453967278184233,3.3378472160425154,49,0.039215686274509776,1.0,,,,,0,1.0,-0.036521515479803014,0.0,,1.0,0.8038976676339521,0.0,,1.0,-4.2541222733493695,0.0,,1.0,0.029177989204753157,0.0,,1.0,-3.116082885200288,0.0,,1.0,-0.9034816284486256,0.0,,1.0,-2.6009408507360945,0.0,,1.0,-1.564568331780476,0.5,,1.0,-4.273416794653553,0.0,,1.0,-0.19607843137254638,0.0,,1.0,-3.7020922518483634,0.0,,1.0,-2.073554377961017,0.0,,1.0,0.0,0.0,,1.0,-0.6400676548159746,0.0,,1.0,0.03434498477158365,0,,1,-0.527456846047211,0,,1,-4.10073030035992,0.0,,1.0,-0.6042351390706167,0,,1,-0.60830491962355,0.0,,1.0,-0.22910817727660437,0.0,,1.0,-3.4034559540941087,0.0,,1.0,-0.07042814368197528,0.0,,1.0,-0.3034908364693755,0.0,,1.0,-1.055582285599935,0.0,,1.0,-6.09958085392438,0.0,,1.0,-0.02486894698040362,0,,1,-7.056242255886541,0.0,,1.0,-5.054991292910741,0.0,,1.0,,1.0,,1.0,-2.5583063313578362,0.0,,1.0,-1.4754545725743746,0,,1,-3.438274239747477,0,,1,0.6059211662154736,0.0,,1.0,-1.6879251485099194,0.0,,1.0,-3.939164671884257,0.0,,1.0,0.0,0.0,,1.0,-0.45025745460521344,0,,1,-0.3202342913071531,0.0,,1.0,7.919967942730984,0,,1,-10.545222312230361,0,,1,-6.099816449594124,0,,1,-2.5159575528778015,0,,1,3.8008794881053403,0,,1,0.0,0.0,,1.0,-4.8802558910240545,0,,1,0.603846690293959,0.0,,1.0,2.8119507781954862,0.0,,1.0,-4.781390774369724,0.0,,1.0,-3.8173920421105545,0.0,,1.0,-3.181083162122332,0.0,,1.0,0.0,0,,1,-7.05912763615602,0.0,,1.0,4.311505632921377,0.0,,1.0,-2.1807762577096783,0,,1,-0.5205483387981226,0,,1,-0.5786374749887688,0,,1,-2.6030977465625336,0,,1,-3.1827798696557266,0,,1,-10.125245238443636,0,,1,b04fd6866ac9d517cc363d52f5e46deb4d59b1d87b07b05d7e859c06e0dc6376,-0.8,2015-08-14T01:30:00+00:00,2015-09-10T01:30:00+00:00,publication,pseudo_real_time,,,,,,,,,,1.0,,1.0,,,,,,,,,,,,,,,,,,,,,,,,,,,,,,,,,,,,,,,,,,,,,,,,,,,,,,,,,,,,,,,,,,,,,,,,,,,,,,,,,,,,,,,,,,,,,,,,,,,,,,,,,,,,,,,,,,,,,,,,,,,,,,,,,,,,,,,,,,,,,,,,,,,,,,,,,,,,,,,,,,,,,,,,,,,,,,,,,,,,,,,,,,,,,,,,,,,,,,,,,,,,,,,,,,,,,,,,,,,,,,,,,,,,,,,,,,,,,,,,,,,,,,,,,,,,,,,,,,,,
2015-09,2015-09-14T09:30:00+08:00,early,-1.09477166746218,-0.8709367928738427,-0.8557085001217899,3.4465644469402226,50,0.0,1.0,,,,,0,1.0,-1.3527810124501467,0.0,,1.0,-0.3033198427374766,0.0,,1.0,-2.6772484273457753,0.0,,1.0,0.6852976173394261,0.0,,1.0,-0.30313264015537333,0.0,,1.0,-1.3510937679692703,0.0,,1.0,-0.2638593174806431,0.0,,1.0,0.03155636559981264,0.0,,1.0,-1.3519418905033265,0.0,,1.0,1.2719818632197015,0.0,,1.0,0.2080892227206944,0.0,,1.0,-1.8619202041503298,0.0,,1.0,0.0,0.0,,1.0,-1.2335096535002767,0.0,,1.0,0.6787635597908429,0,,1,-0.7775167669063886,0,,1,-0.9996671751626237,0.0,,1.0,-1.0102639506553206,0,,1,-0.7968558639982112,0.0,,1.0,-2.9006353426368348,0.0,,1.0,-1.039624279492348,0.0,,1.0,-1.7980347990062495,0.0,,1.0,-0.8698173431106414,0.0,,1.0,-1.5405764310284495,0.0,,1.0,0.4776501282103809,0.0,,1.0,-0.03304497371026302,0,,1,-0.6775404447174915,0.0,,1.0,-3.526070389021537,0.0,,1.0,,,,,0.45767561649854066,0.0,,1.0,0.5789716512441289,0,,1,-0.24947790738581174,0,,1,11.324716516299125,0.0,,1.0,-2.1574940899797657,0.0,,1.0,-2.6465742218836055,0.0,,1.0,0.0,0.0,,1.0,-2.8307734867779217,0,,1,-0.895178269659719,0.0,,1.0,0.28420570046807014,0,,1,-6.936069002945298,0,,1,1.0442210599733948,0,,1,-4.715184381349629,0,,1,-2.728279335130164,0,,1,-0.004544938077561993,0.0,,1.0,-11.758961203998346,0,,1,1.6790892584582957,0.0,,1.0,-0.36847247054962895,0.0,,1.0,-1.4020443716180297,0.0,,1.0,-1.2282462329982586,0.0,,1.0,-0.1798020277419726,0.0,,1.0,2.6090554458117863,0,,1,-13.955967206689724,0.0,,1.0,-1.8810041930358443,0.0,,1.0,-0.8720562426370442,0,,1,-2.3527032824983767,0,,1,0.8640142597393387,0,,1,-1.8978095747968715,0,,1,-1.2229563055373553,0,,1,-0.36550702513362643,0,,1,55f1a9eab40dfc0bdcd9d0364ca6fe35d4c9ed8c6b675f01f3fd7028021becb5,-0.4,2015-09-14T01:30:00+00:00,2015-10-14T01:30:00+00:00,publication,pseudo_real_time,,,,,,,,,3.497165731978217,0.0,,1.0,,,,,,,,,,,,,,,,,,,,,,,,,,,,,,,,,,,,,,,,,,,,,,,,,,,,,,,,,,,,,,,,,,,,,,,,,,,,,,,,,,,,,,,,,,,,,,,,,,,,,,,,,,,,,,,,,,,,,,,,,,,,,,,,,,,,,,,,,,,,,,,,,,,,,,,,,,,,,,,,,,,,,,,,,,,,,,,,,,,,,,,,,,,,,,,,,,,,,,,,,,,,,,,,,,,,,,,,,,,,,,,,,,,,,,,,,,,,,,,,,,,,,,,,,,,,,,,,,,,,
2015-10,2015-10-14T09:30:00+08:00,early,-1.3009828806117796,-1.1851357810906782,-1.1221321831829947,2.386663524932903,50,0.0,1.0,,,,,0,1.0,-2.2708195467391294,0.0,,1.0,-2.51659133963233,0.0,,1.0,-1.4664532251455344,0.0,,1.0,-0.26530964649287586,0.0,,1.0,-2.0455304373141012,0.0,,1.0,-1.1139118351612178,0.0,,1.0,-0.6299529267230969,0.0,,1.0,-0.8300341122283822,0.0,,1.0,0.7547384783462969,0.0,,1.0,0.0,0.0,,1.0,1.9224908310385616,0.0,,1.0,-1.144863473824118,0.0,,1.0,0.0,0.0,,1.0,-1.2254080883572382,0.0,,1.0,-3.4719864985523623,0,,1,-1.528740925388558,0,,1,-3.812349611207852,0.0,,1.0,-1.9403511794405235,0,,1,-0.5874933407105166,0.0,,1.0,0.0,0.0,,1.0,-2.8989489696529205,0.0,,1.0,-2.5847808307905917,0.0,,1.0,-0.6420270291884613,0.0,,1.0,-0.6585345548572805,0.0,,1.0,2.4236474182584433,0.0,,1.0,-0.6190458884969177,0,,1,2.8072577368349934,0.0,,1.0,0.5186750665432681,0.0,,1.0,,,,,-3.6769152172241535,0.0,,1.0,-2.079685714076244,0,,1,0.97315854348118,0,,1,-1.3362763301956098,0.0,,1.0,-1.8248483908284965,0.0,,1.0,-1.3014724766547634,0.0,,1.0,-2.100630731777022,0.0,,1.0,-10.271901432355177,0,,1,-0.10138067277393813,0.0,,1.0,-4.062503988861281,0,,1,1.9831610822576347,0,,1,-2.1813935688712287,0,,1,-0.1146221809638589,0,,1,-8.082985004191903,0,,1,-0.07841909615979231,0.0,,1.0,1.4910952099788846,0,,1,-0.6945482667046895,0.0,,1.0,-2.306798279978033,0.0,,1.0,-3.689924557844184,0.0,,1.0,-1.6281408182308887,0.0,,1.0,-2.0464749296247207,0.0,,1.0,-0.8466663285779873,0,,1,0.5206637561148323,0.0,,1.0,-2.4983279155558655,0.0,,1.0,-1.5112128936288702,0,,1,0.7465334413334362,0,,1,0.1876232869257414,0,,1,-1.3164131747635417,0,,1,-4.871938292547376,0,,1,1.8012645575047666,0,,1,f434eaa55eacdc6b0278648eb04b9cabab7cd8d9bb2d87899b050c360e093a37,-0.4,2015-10-14T01:30:00+00:00,2015-11-10T01:30:00+00:00,publication,pseudo_real_time,,,,,,,,,-0.6867043080037483,0.0,,1.0,,,,,,,,,,,,,,,,,,,,,,,,,,,,,,,,,,,,,,,,,,,,,,,,,,,,,,,,,,,,,,,,,,,,,,,,,,,,,,,,,,,,,,,,,,,,,,,,,,,,,,,,,,,,,,,,,,,,,,,,,,,,,,,,,,,,,,,,,,,,,,,,,,,,,,,,,,,,,,,,,,,,,,,,,,,,,,,,,,,,,,,,,,,,,,,,,,,,,,,,,,,,,,,,,,,,,,,,,,,,,,,,,,,,,,,,,,,,,,,,,,,,,,,,,,,,,,,,,,,,
2015-11,2015-11-16T09:30:00+08:00,early,-2.0232233472441443,-1.7258074886922903,-1.885869954936517,2.2864539979306286,50,0.0,1.0,,,,,0,1.0,-2.2785040118939692,0.0,,1.0,-2.817552968507154,0.0,,1.0,-2.860395609495838,0.0,,1.0,-1.1001342465635415,0.0,,1.0,-3.780319627585634,0.0,,1.0,-2.442414257069308,0.0,,1.0,-0.8173483351888078,0.0,,1.0,1.6165383490225664,0.0,,1.0,-0.5374587399684564,0.0,,1.0,-0.48379577438202437,0.0,,1.0,-0.05034105809150728,0.0,,1.0,0.833111059384453,0.0,,1.0,0.0,0.0,,1.0,-4.259732867839422,0.0,,1.0,-6.591011106231062,0,,1,-0.03718973722669438,0,,1,-2.4017039474749162,0.0,,1.0,-3.6470852324684984,0,,1,-3.6344241470336125,0.0,,1.0,0.7572495240759279,0.0,,1.0,-2.741946576607369,0.0,,1.0,-1.6269407130134594,0.0,,1.0,-3.0136099270625487,0.0,,1.0,0.8062610025403332,0.0,,1.0,-0.12370574271118753,0.0,,1.0,-0.6516921708324701,0,,1,-1.7175234256207932,0.0,,1.0,-0.4694705308337899,0.0,,1.0,,,,,-1.582576829375264,0.0,,1.0,-1.1210052554175685,0,,1,0.017686013760869694,0,,1,-1.8610869945603854,0.0,,1.0,-3.8315937267483826,0.0,,1.0,-3.299297149157,0.0,,1.0,0.0,0.0,,1.0,-3.109571108951834,0,,1,0.08474327269933181,0.0,,1.0,-4.468836453458063,0,,1,-6.121956245899236,0,,1,-2.1009496986419554,0,,1,0.18926650101173112,0,,1,-3.1943043320954336,0,,1,-0.9791105033294669,0.0,,1.0,-2.3077387956648825,0,,1,-2.9013502380079323,0.0,,1.0,-1.403300017370508,0.0,,1.0,-5.526681211275028,0.0,,1.0,-1.3531607510586343,0.0,,1.0,-3.5322176317357323,0.0,,1.0,-4.9689211162638545,0,,1,1.268585665971013,0.0,,1.0,-0.7028815337550337,0.0,,1.0,-3.3643615038690613,0,,1,-1.7340915517637876,0,,1,-1.4057785487282914,0,,1,-9.393249722191985,0,,1,-2.221300540780304,0,,1,-4.392818969264799,0,,1,64ab9ea390b4a43bbff471d62c2ac71108cc41499a9fa486d80da3f1c3345662,-0.5,2015-11-16T01:30:00+00:00,2015-12-09T01:30:00+00:00,publication,pseudo_real_time,,,,,,,,,3.210242985142913,0.0,,1.0,,,,,,,,,,,,,,,,,,,,,,,,,,,,,,,,,,,,,,,,,,,,,,,,,,,,,,,,,,,,,,,,,,,,,,,,,,,,,,,,,,,,,,,,,,,,,,,,,,,,,,,,,,,,,,,,,,,,,,,,,,,,,,,,,,,,,,,,,,,,,,,,,,,,,,,,,,,,,,,,,,,,,,,,,,,,,,,,,,,,,,,,,,,,,,,,,,,,,,,,,,,,,,,,,,,,,,,,,,,,,,,,,,,,,,,,,,,,,,,,,,,,,,,,,,,,,,,,,,,,
2015-12,2015-12-14T09:30:00+08:00,early,-2.016657902559122,-1.5878353779074108,-2.0480128663234725,2.907971542075192,50,0.0,1.0,,,,,0,1.0,-4.618902871662023,0.0,,1.0,1.193177230510154,0.0,,1.0,-4.003135675801866,0.0,,1.0,-0.44103048221112556,0.0,,1.0,-3.3812796905744373,0.0,,1.0,-1.918073556135146,0.0,,1.0,-1.5614290379854825,0.0,,1.0,-1.251045881425153,0.0,,1.0,-0.9868981873229165,0.0,,1.0,-0.04773150366987417,0.0,,1.0,-2.838334284188463,0.0,,1.0,-1.15522759261626,0.0,,1.0,-0.7222242439838249,0.0,,1.0,-1.6154997516445193,0.0,,1.0,2.8649703650462053,0,,1,1.7284282304055951,0,,1,-1.1237285857841588,0.0,,1.0,-0.9972755815208382,0,,1,-1.7825297388756771,0.0,,1.0,-1.4857859595067762,0.0,,1.0,-2.860094708658007,0.0,,1.0,-5.0473550266329115,0.0,,1.0,-0.4071773454828507,0.0,,1.0,-1.5601710041703025,0.0,,1.0,-0.13878634904171924,0.0,,1.0,-0.12949626571007977,0,,1,-3.8694687265844205,0.0,,1.0,-1.9141732042512043,0.0,,1.0,,,,,-3.163370167787369,0.0,,1.0,-4.785151051327636,0,,1,4.314607441891207,0,,1,-8.821074075839848,0.0,,1.0,-3.4657056143821334,0.0,,1.0,-4.800515951210551,0.0,,1.0,-2.3377305647048083,0.0,,1.0,3.969749714275253,0,,1,-0.4115613489506086,0.0,,1.0,2.820914464902778,0,,1,-4.171417108206432,0,,1,-6.831139275929463,0,,1,0.4715827653762752,0,,1,-7.633749100544174,0,,1,-0.11201281309754746,0.0,,1.0,0.8405359128344703,0,,1,-0.863798594012894,0.0,,1.0,-6.67148672038651,0.0,,1.0,-4.856473496866285,0.0,,1.0,-1.146914253225195,0.0,,1.0,-3.267425437412656,0.0,,1.0,3.077742754225384,0,,1,-3.9091662464437293,0.0,,1.0,-6.002916042658041,0.0,,1.0,-3.665859117254533,0,,1,-4.674878605966356,0,,1,-1.1900933033456487,0,,1,-1.233338713756987,0,,1,-4.270547469265651,0,,1,-3.902302784527441,0,,1,4904a17441d8eb96fb0a9bc12db1ebf9f169614361ba2313fb0b11ed0fe89373,-0.6,2015-12-14T01:30:00+00:00,2016-01-09T01:30:00+00:00,publication,pseudo_real_time,,,,,,,,,-1.0377390474888966,0.0,,1.0,,,,,,,,,,,,,,,,,,,,,,,,,,,,,,,,,,,,,,,,,,,,,,,,,,,,,,,,,,,,,,,,,,,,,,,,,,,,,,,,,,,,,,,,,,,,,,,,,,,,,,,,,,,,,,,,,,,,,,,,,,,,,,,,,,,,,,,,,,,,,,,,,,,,,,,,,,,,,,,,,,,,,,,,,,,,,,,,,,,,,,,,,,,,,,,,,,,,,,,,,,,,,,,,,,,,,,,,,,,,,,,,,,,,,,,,,,,,,,,,,,,,,,,,,,,,,,,,,,,,
2016-01,2016-01-14T09:30:00+08:00,early,-0.7219031576030933,-0.22710464655558132,-0.35853614870761497,3.467958708565943,50,0.0,1.0,,,,,0,1.0,1.680907466192999,0.0,,1.0,0.3362209873455444,0.0,,1.0,-2.4712737883323483,0.0,,1.0,-0.2311269370202681,0.0,,1.0,2.5001552177463804,0.0,,1.0,-0.6176005013559942,0.0,,1.0,-5.34386955918984,0.0,,1.0,-1.4929183804948953,0.0,,1.0,-1.4385509040220141,0.0,,1.0,-0.7801107939258012,0.0,,1.0,-2.283166382904088,0.0,,1.0,-1.8194665276944813,0.0,,1.0,-10.583749433419735,0.0,,1.0,-0.12012033690037005,0.0,,1.0,-0.06957054333739031,0,,1,-0.18618244102026346,0,,1,-3.1646928612456966,0.0,,1.0,0.0,0,,1,0.9951478506135555,0.0,,1.0,0.1872120887033854,0.0,,1.0,-2.0607067585471825,0.0,,1.0,3.4717584514971573,0.0,,1.0,-0.7742236607289418,0.0,,1.0,-2.6816653876947183,0.0,,1.0,-1.1782627637914438,0.0,,1.0,-0.6728166187861504,0,,1,-1.5340856208621478,0.0,,1.0,-0.2680268520908992,0.0,,1.0,,,,,-1.70175513289086,0.0,,1.0,0.4422516827377129,0,,1,-6.093181870125307,0,,1,-7.2812889571359145,0.0,,1.0,6.262919891910919,0.0,,1.0,-3.167739144016277,0.0,,1.0,-1.443480307163311,0.0,,1.0,-0.281917043464543,0,,1,0.6204333373943208,0.0,,1.0,2.1001283917671305,0,,1,-0.913515455494456,0,,1,2.6135486505921204,0,,1,0.0,0,,1,-15.154753470544218,0,,1,0.0,0.0,,1.0,-1.847004902355021,0,,1,-0.5337033545293239,0.0,,1.0,1.0216081624196498,0.0,,1.0,0.3294134604878816,0.0,,1.0,2.715368960480258,0.0,,1.0,2.84689713702127,0.0,,1.0,0.13495359055557965,0,,1,-1.1140502768425966,0.0,,1.0,2.4590931266533884,0.0,,1.0,-1.0692280767759397,0,,1,1.6651725630499923,0,,1,0.9446885727959597,0,,1,5.23005650248178,0,,1,1.212327145115662,0,,1,-2.5920492460498235,0,,1,b00b6efb9d674beaa671c9c0ae06b2cb4777f597b909380a48c02150cd97d39d,-0.5,2016-01-14T01:30:00+00:00,2016-02-18T01:30:00+00:00,publication,pseudo_real_time,,,,,,,,,0.022376773904514147,0.0,,1.0,,,,,,,,,,,,,,,,,,,,,,,,,,,,,,,,,,,,,,,,,,,,,,,,,,,,,,,,,,,,,,,,,,,,,,,,,,,,,,,,,,,,,,,,,,,,,,,,,,,,,,,,,,,,,,,,,,,,,,,,,,,,,,,,,,,,,,,,,,,,,,,,,,,,,,,,,,,,,,,,,,,,,,,,,,,,,,,,,,,,,,,,,,,,,,,,,,,,,,,,,,,,,,,,,,,,,,,,,,,,,,,,,,,,,,,,,,,,,,,,,,,,,,,,,,,,,,,,,,,,
2016-03,2016-03-14T09:30:00+08:00,early,,,,,0,1.0,1.0,,,,,0,1.0,,1.0,,1.0,,1.0,,1.0,,1.0,,1.0,,1.0,,1.0,,1.0,,1.0,,1.0,,1.0,,1.0,,1.0,,1.0,,1.0,,1.0,,1.0,,1.0,,1.0,,1.0,,1.0,,1.0,,1.0,,1.0,,1.0,,1.0,,1.0,,1,,1,,1,,1,,1.0,,1.0,,1,,1,,1.0,,1.0,,1.0,,1.0,,1.0,,1.0,,1.0,,1.0,,1.0,,1.0,,1.0,,1.0,,1.0,,1.0,,1,,1,,1.0,,1.0,,1.0,,1.0,,,,,,1.0,,1.0,,1,,1,,1,,1,,1.0,,1.0,,1.0,,1.0,,1.0,,1.0,,1.0,,1.0,,1,,1,,1.0,,1.0,,1,,1,,1,,1,,1,,1,,1,,1,,1,,1,,1.0,,1.0,,1,,1,,1.0,,1.0,,1.0,,1.0,,1.0,,1.0,,1.0,,1.0,,1.0,,1.0,,1,,1,,1.0,,1.0,,1.0,,1.0,,1,,1,,1,,1,,1,,1,,1,,1,,1,,1,,1,,1,a2fe345baaeb2c63808ccefd8cb8e82ba01c5f44221454d1710fb0346424bcd3,0.5,2016-03-14T01:30:00+00:00,2016-04-11T01:30:00+00:00,publication,pseudo_real_time,,,,,,,,,,1.0,,1.0,,1.0,,1.0,,,,,,,,,,,,,,,,,,,,,,,,,,,,,,,,,,,,,,,,,,,,,,,,,,,,,,,,,,,,,,,,,,,,,,,,,,,,,,,,,,,,,,,,,,,,,,,,,,,,,,,,,,,,,,,,,,,,,,,,,,,,,,,,,,,,,,,,,,,,,,,,,,,,,,,,,,,,,,,,,,,,,,,,,,,,,,,,,,,,,,,,,,,,,,,,,,,,,,,,,,,,,,,,,,,,,,,,,,,,,,,,,,,,,,,,,,,,,,,,,,,,,,,,,,,,,,,,
2016-04,2016-04-14T09:30:00+08:00,early,2.518068407582165,1.190296123831501,2.174389735048325,3.845303202976637,50,0.0,1.0,,,,,0,1.0,8.03068802898985,0.0,,1.0,0.6596868316085058,0.0,,1.0,5.210361766180329,0.0,,1.0,-0.0222192550956483,0.0,,1.0,1.2874705439927523,0.0,,1.0,0.7329774624368299,0.0,,1.0,0.9337378426248915,0.0,,1.0,3.5050721364951123,0.0,,1.0,-0.5320527824340093,0.0,,1.0,1.960838608241371,0.0,,1.0,-2.5195928022150085,0.0,,1.0,,,,,-0.23695994678863114,0.0,,1.0,0.8910040189678843,0.0,,1.0,-1.5586793157205217,0,,1,1.3722994629890441,0,,1,5.557766276878314,0.0,,1.0,0.9374079721694949,0,,1,1.04640326456071,0.0,,1.0,-1.445713284980125,0.0,,1.0,4.831552739680505,0.0,,1.0,7.6517410386795115,0.0,,1.0,0.45598346036602055,0.0,,1.0,6.653205328878649,0.0,,1.0,0.09490183397981436,0.0,,1.0,-2.0013285443763005,0,,1,0.011248833870976903,0.0,,1.0,0.2912372450259396,0.0,,1.0,,,,,1.3341889831022922,0.0,,1.0,-2.834015953374498,0,,1,-0.03918897674323969,0,,1,4.928978304326289,0.0,,1.0,10.305293940432133,0.0,,1.0,3.245756805973824,0.0,,1.0,0.0,0.0,,1.0,-2.5549135575607798,0,,1,-0.06656711684465808,0.0,,1.0,5.802987763633151,0,,1,5.259161835402269,0,,1,0.7483000243263689,0,,1,-0.7164996773630488,0,,1,11.024117176095526,0,,1,0.1075866974864828,0.0,,1.0,3.6673357063663667,0,,1,-1.9609292566836578,0.0,,1.0,9.700234626920185,0.0,,1.0,9.712923299641,0.0,,1.0,4.743950124576035,0.0,,1.0,2.880121955691483,0.0,,1.0,6.47252171320058,0,,1,0.9536694651417102,0.0,,1.0,10.458092358396625,0.0,,1.0,5.237213469830139,0,,1,-2.36297956678361,0,,1,-1.3501285181315017,0,,1,4.352211635189595,0,,1,1.3994990345865472,0,,1,7.5991708114603265,0,,1,d55ad63f3722061d0a1ad4d671190f98a36e13fc2e532226e7c5433361dd308b,0.7,2016-04-14T01:30:00+00:00,2016-05-10T01:30:00+00:00,publication,pseudo_real_time,,,,,,,,,-0.285102678207799,0.0,,1.0,4.147113758814488,0.0,,1.0,,,,,,,,,,,,,,,,,,,,,,,,,,,,,,,,,,,,,,,,,,,,,,,,,,,,,,,,,,,,,,,,,,,,,,,,,,,,,,,,,,,,,,,,,,,,,,,,,,,,,,,,,,,,,,,,,,,,,,,,,,,,,,,,,,,,,,,,,,,,,,,,,,,,,,,,,,,,,,,,,,,,,,,,,,,,,,,,,,,,,,,,,,,,,,,,,,,,,,,,,,,,,,,,,,,,,,,,,,,,,,,,,,,,,,,,,,,,,,,,,,,,,,,,,,,,,,,,
2016-05,2016-05-16T09:30:00+08:00,early,2.8803481008142926,1.0283290510237841,2.029888624358896,6.0256389429740915,50,0.0,1.0,,,,,0,1.0,11.693723591640124,0.0,,1.0,2.502729173117717,0.0,,1.0,0.09665015873554986,0.0,,1.0,0.07380517961702408,0.0,,1.0,1.9990411787437297,0.0,,1.0,5.141345643193732,0.0,,1.0,0.047726930946843084,0.0,,1.0,1.6478364647773225,0.0,,1.0,0.5955064292036765,0.0,,1.0,0.0,0.0,,1.0,-0.278913840011168,0.0,,1.0,,,,,0.038237928764454636,0.0,,1.0,0.0,0.0,,1.0,1.704533226152802,0,,1,1.575662648236053,0,,1,0.3838567040872426,0.0,,1.0,0.0,0,,1,0.0,0.0,,1.0,-0.505780241244097,0.0,,1.0,12.183173649187466,0.0,,1.0,10.003139876008843,0.0,,1.0,0.0,0.0,,1.0,0.8940361712003532,0.0,,1.0,0.7955661059362175,0.0,,1.0,1.7166453418174428,0,,1,0.41854119203265266,0.0,,1.0,1.476938364822612,0.0,,1.0,,,,,0.7550568959353856,0.0,,1.0,-2.3476537010860334,0,,1,1.6054072454567136,0,,1,4.993039711661801,0.0,,1.0,11.582882913890623,0.0,,1.0,31.312160663100315,0.0,,1.0,5.183039080499912,0.0,,1.0,0.49709634797062846,0,,1,-0.941206391996143,0.0,,1.0,4.28661605592682,0,,1,1.6010162523869678,0,,1,0.4487108641701498,0,,1,1.6242393680598963,0,,1,-2.376054256096122,0,,1,0.014362739976816388,0.0,,1.0,2.726469455501889,0,,1,1.1626219308472152,0.0,,1.0,13.615493794191766,0.0,,1.0,-5.706543381574332,0.0,,1.0,-4.324971569278974,0.0,,1.0,-1.1510819743565448,0.0,,1.0,1.1835454209377108,0,,1,-3.1741786318933465,0.0,,1.0,12.057550585917443,0.0,,1.0,10.720100730644598,0,,1,9.043371603923461,0,,1,-2.0302418361858834,0,,1,6.381430756823914,0,,1,3.196264930166739,0,,1,7.6237490850687735,0,,1,628398d2a3e7c9beb340cef2f457ac62ce9ceabbc7f2ed193de2a687cae6beae,0.5,2016-05-16T01:30:00+00:00,2016-06-09T01:30:00+00:00,publication,pseudo_real_time,,,,,,,,,0.3667542759502874,0.0,,1.0,3.6827189471813266,0.0,,1.0,,,,,,,,,,,,,,,,,,,,,,,,,,,,,,,,,,,,,,,,,,,,,,,,,,,,,,,,,,,,,,,,,,,,,,,,,,,,,,,,,,,,,,,,,,,,,,,,,,,,,,,,,,,,,,,,,,,,,,,,,,,,,,,,,,,,,,,,,,,,,,,,,,,,,,,,,,,,,,,,,,,,,,,,,,,,,,,,,,,,,,,,,,,,,,,,,,,,,,,,,,,,,,,,,,,,,,,,,,,,,,,,,,,,,,,,,,,,,,,,,,,,,,,,,,,,,,,,
2016-06,2016-06-14T09:30:00+08:00,early,-1.1796335354420346,-0.01456263675857829,-0.7533158531753787,5.141285635512789,50,0.0,1.0,,,,,0,1.0,-11.539337070264978,0.0,,1.0,2.2244098432127597,0.0,,1.0,-2.7824850354778494,0.0,,1.0,0.004860673316073094,0.0,,1.0,-0.697659394993863,0.0,,1.0,2.1788458050539856,0.0,,1.0,-1.1805575083898587,0.0,,1.0,1.4016517682247194,0.0,,1.0,1.1907949006182157,0.0,,1.0,0.0,0.0,,1.0,0.6239202723728852,0.0,,1.0,,,,,-0.07203470684494107,0.0,,1.0,0.20710261570358654,0.0,,1.0,6.225548914385268,0,,1,-1.496181938754452,0,,1,-4.09355809069752,0.0,,1.0,0.21771172597057775,0,,1,0.24256295891193724,0.0,,1.0,-1.3701684913288543,0.0,,1.0,-7.263134961490403,0.0,,1.0,-11.834488540783719,0.0,,1.0,1.7270224511373489,0.0,,1.0,2.185468269194668,0.0,,1.0,4.130312741671283,0.0,,1.0,1.7923119341862945,0,,1,1.3589489090326752,0.0,,1.0,3.188679253407983,0.0,,1.0,,,,,-2.607925322764454,0.0,,1.0,-2.992585296961288,0,,1,0.31322093593981865,0,,1,1.3787555597322725,0.0,,1.0,-10.253620803946148,0.0,,1.0,4.4124556623461775,0.0,,1.0,9.815233712637127,0.0,,1.0,0.004191196186315849,0,,1,-0.5412068101309612,0.0,,1.0,1.3289677757972362,0,,1,-2.791171969510477,0,,1,-1.6953937168213098,0,,1,1.1461928606188234,0,,1,-9.047954039099555,0,,1,0.0,0.0,,1.0,-2.359184618470373,0,,1,0.5557888300791805,0.0,,1.0,-14.462290996428646,0.0,,1.0,-0.07335407952395324,0.0,,1.0,-1.537686650705878,0.0,,1.0,-0.298650902872955,0.0,,1.0,0.7164379299672242,0,,1,-3.290916605052267,0.0,,1.0,-17.058242229802563,0.0,,1.0,-8.364244889138385,0,,1,9.224002933934193,0,,1,-2.1793827732694186,0,,1,-0.15177525102339925,0,,1,1.2359141611386757,0,,1,-7.1967617265108546,0,,1,16b5d57650d6e3573bfeb4e7621c55de45830f362e4c620ecee4d77d53f443b7,-0.2,2016-06-14T01:30:00+00:00,2016-07-10T01:30:00+00:00,publication,pseudo_real_time,,,,,,,,,2.048612308996646,0.0,,1.0,-0.02912527351715658,0.0,,1.0,,,,,,,,,,,,,,,,,,,,,,,,,,,,,,,,,,,,,,,,,,,,,,,,,,,,,,,,,,,,,,,,,,,,,,,,,,,,,,,,,,,,,,,,,,,,,,,,,,,,,,,,,,,,,,,,,,,,,,,,,,,,,,,,,,,,,,,,,,,,,,,,,,,,,,,,,,,,,,,,,,,,,,,,,,,,,,,,,,,,,,,,,,,,,,,,,,,,,,,,,,,,,,,,,,,,,,,,,,,,,,,,,,,,,,,,,,,,,,,,,,,,,,,,,,,,,,,,
2016-07,2016-07-14T09:30:00+08:00,early,0.5761200706101407,0.4080049065495881,0.7073568430173788,3.631070076045055,50,0.0,1.0,,,,,0,1.0,0.3482661538480392,0.0,,1.0,0.6614753755217636,0.0,,1.0,2.705147954510668,0.0,,1.0,-0.8608119564391282,0.0,,1.0,3.1861493182535288,0.0,,1.0,-0.1890453309399418,0.0,,1.0,-2.0486883979949932,0.0,,1.0,-1.4647403148792444,0.0,,1.0,-0.6542389817260692,0.0,,1.0,0.0,0.0,,1.0,-0.22571977936901555,0.0,,1.0,,,,,-1.9056912157371617,0.0,,1.0,2.0062726597807763,0.0,,1.0,2.603854017587072,0,,1,-3.2841276335952054,0,,1,-4.014654198878802,0.0,,1.0,2.107880607662596,0,,1,2.878231320637176,0.0,,1.0,0.0,0.0,,1.0,-3.307829938209888,0.0,,1.0,0.5451390305164822,0.0,,1.0,2.6825892798308977,0.0,,1.0,-3.051450418552952,0.0,,1.0,0.07395888480068799,0.0,,1.0,2.3945873327274625,0,,1,-1.0998531887975218,0.0,,1.0,-0.5076780741633162,0.0,,1.0,,,,,2.1822059656188895,0.0,,1.0,-0.654981912897396,0,,1,-2.390675737331948,0,,1,3.505752595037411,0.0,,1.0,-0.5815320946295021,0.0,,1.0,-8.370494044110623,0.0,,1.0,-2.6277971403804146,0.0,,1.0,3.9399559610571093,0,,1,-2.152583007127978,0.0,,1.0,-7.171521358648595,0,,1,-1.845815670648078,0,,1,3.770997076725662,0,,1,0.6537961380330789,0,,1,-8.838958967286944,0,,1,0.1687945211709946,0.0,,1.0,2.898606028832403,0,,1,-0.42985286218940666,0.0,,1.0,1.9328537900840912,0.0,,1.0,10.668900937606377,0.0,,1.0,3.216453686858544,0.0,,1.0,5.066481781274343,0.0,,1.0,0.3583077536229909,0,,1,5.777051143781625,0.0,,1.0,3.424301826026552,0.0,,1.0,0.07666430930050037,0,,1,6.28195241025228,0,,1,0.6138762902455156,0,,1,3.9616851692079313,0,,1,4.398038736835005,0,,1,4.420802044032108,0,,1,1957ca9f5104e7f16d657e6215aeb6ae2a6b9620f4e63eb8169bc99441447f35,0.2,2016-07-14T01:30:00+00:00,2016-08-09T01:30:00+00:00,publication,pseudo_real_time,,,,,,,,,0.4577020594761853,0.0,,1.0,-1.8004725855609665,0.0,,1.0,,,,,,,,,,,,,,,,,,,,,,,,,,,,,,,,,,,,,,,,,,,,,,,,,,,,,,,,,,,,,,,,,,,,,,,,,,,,,,,,,,,,,,,,,,,,,,,,,,,,,,,,,,,,,,,,,,,,,,,,,,,,,,,,,,,,,,,,,,,,,,,,,,,,,,,,,,,,,,,,,,,,,,,,,,,,,,,,,,,,,,,,,,,,,,,,,,,,,,,,,,,,,,,,,,,,,,,,,,,,,,,,,,,,,,,,,,,,,,,,,,,,,,,,,,,,,,,,
2016-08,2016-08-15T09:30:00+08:00,early,0.7773959304201667,0.823400394742676,0.8008246425299319,3.758616152643584,50,0.0,1.0,,,,,0,1.0,3.0452103090791045,0.0,,1.0,-0.41377530824524267,0.0,,1.0,0.03180777649902877,0.0,,1.0,-0.2651848978587509,0.0,,1.0,2.0503126713650586,0.0,,1.0,4.054853338072686,0.0,,1.0,-1.9941563422086592,0.0,,1.0,3.1164651654705757,0.0,,1.0,-2.594322743445529,0.0,,1.0,0.0,0.0,,1.0,-0.1681936425172471,0.0,,1.0,,,,,-1.6890179359547082,0.0,,1.0,5.221269009493758,0.0,,1.0,-1.6128427685019702,0,,1,1.0174481325122873,0,,1,-4.125257448154023,0.0,,1.0,4.335247864556606,0,,1,5.3207801608479555,0.0,,1.0,0.0,0.0,,1.0,3.9372272791046465,0.0,,1.0,3.8475280048470193,0.0,,1.0,5.799699829098913,0.0,,1.0,3.8136326677269525,0.0,,1.0,-4.466928145868275,0.0,,1.0,12.40288474853731,0,,1,-4.688455248211917,0.0,,1.0,-1.9505107679827625,0.0,,1.0,,,,,3.2603596189937605,0.0,,1.0,0.9853866189609045,0,,1,-5.227580745841738,0,,1,1.0901750238023515,0.0,,1.0,2.9103867359255218,0.0,,1.0,7.291174293231049,0.0,,1.0,0.41580220928052053,0.0,,1.0,-3.9640406721197454,0,,1,0.6029694013053605,0.0,,1.0,-3.039704001018549,0,,1,-2.5121625535483525,0,,1,0.9715628554914791,0,,1,-0.21784817172938398,0,,1,-6.675723993061118,0,,1,0.026361183043603662,0.0,,1.0,-0.2355890736553121,0,,1,-1.3985240948816131,0.0,,1.0,1.479189895309841,0.0,,1.0,1.7454902472017424,0.0,,1.0,0.675237933993873,0.0,,1.0,1.605037934272479,0.0,,1.0,0.0,0,,1,-1.4611797128479465,0.0,,1.0,3.2945960047918277,0.0,,1.0,2.802333934495771,0,,1,-8.140309088414877,0,,1,4.791493270420666,0,,1,-1.9769144688681202,0,,1,4.415109028416209,0,,1,2.8264323398388114,0,,1,18e925f84718bbabaff9ba8f6ed6435d47640335b290852d1690174e4584033c,0.2,2016-08-15T01:30:00+00:00,2016-09-09T01:30:00+00:00,publication,pseudo_real_time,,,,,,,,,3.1729574143149066,0.0,,1.0,2.362805414369868,0.0,,1.0,,,,,,,,,,,,,,,,,,,,,,,,,,,,,,,,,,,,,,,,,,,,,,,,,,,,,,,,,,,,,,,,,,,,,,,,,,,,,,,,,,,,,,,,,,,,,,,,,,,,,,,,,,,,,,,,,,,,,,,,,,,,,,,,,,,,,,,,,,,,,,,,,,,,,,,,,,,,,,,,,,,,,,,,,,,,,,,,,,,,,,,,,,,,,,,,,,,,,,,,,,,,,,,,,,,,,,,,,,,,,,,,,,,,,,,,,,,,,,,,,,,,,,,,,,,,,,,,
2016-09,2016-09-14T09:30:00+08:00,early,3.1059161637606523,2.4810088960498247,2.515238129356275,4.91102394999055,50,0.0,1.0,,,,,0,1.0,4.237438594903924,0.0,,1.0,-0.7798065103031531,0.0,,1.0,2.033337129862223,0.0,,1.0,0.49733153820735354,0.0,,1.0,1.1823260946641239,0.0,,1.0,10.275219215116506,0.0,,1.0,0.04063821845434991,0.0,,1.0,7.563289274576611,0.0,,1.0,2.4694402373708466,0.0,,1.0,0.0,0.0,,1.0,2.544636940850145,0.0,,1.0,,,,,-2.456264443830963,0.0,,1.0,7.581422612409476,0.0,,1.0,1.039072169294211,0,,1,1.4397406759524451,0,,1,0.0335421583438678,0.0,,1.0,10.773073431867939,0,,1,10.265045248780876,0.0,,1.0,0.0,0.0,,1.0,7.010978339702778,0.0,,1.0,3.204458026897693,0.0,,1.0,6.755214720737348,0.0,,1.0,4.167305625538786,0.0,,1.0,4.868146915100929,0.0,,1.0,-2.757806291773717,0,,1,5.04933863321624,0.0,,1.0,2.839437696988022,0.0,,1.0,,,,,0.716412854567647,0.0,,1.0,-0.03898942607555716,0,,1,4.973145737327408,0,,1,6.523447409361916,0.0,,1.0,5.253571912368024,0.0,,1.0,23.945218648765845,0.0,,1.0,12.606559843254054,0.0,,1.0,0.4744509363719107,0,,1,1.5661515646822406,0.0,,1.0,-0.12809060018893317,0,,1,1.5541842428785293,0,,1,-2.4246678782517095,0,,1,-2.8744381323319637,0,,1,0.0,0,,1,0.0945010422150078,0.0,,1.0,2.730890225504849,0,,1,-0.07415695006017994,0.0,,1.0,3.212101027840947,0.0,,1.0,0.7643333823219194,0.0,,1.0,1.8942783435003916,0.0,,1.0,2.425477020872492,0.0,,1.0,-6.055758464584334,0,,1,2.5365407712271573,0.0,,1.0,2.7288701652797114,0.0,,1.0,4.014652097334391,0,,1,-0.34456154971181596,0,,1,3.2823693306060817,0,,1,-0.3740429414015953,0,,1,4.245645867703718,0,,1,1.1878070483873275,0,,1,6e580260f35ac89dbc89e4a3afb3594f802144cc4854e2178c827b8e2438dd09,0.5,2016-09-14T01:30:00+00:00,2016-10-14T01:30:00+00:00,publication,pseudo_real_time,,,,,,,,,13.66532105188558,0.0,,1.0,4.857241146305469,0.0,,1.0,,,,,,,,,,,,,,,,,,,,,,,,,,,,,,,,,,,,,,,,,,,,,,,,,,,,,,,,,,,,,,,,,,,,,,,,,,,,,,,,,,,,,,,,,,,,,,,,,,,,,,,,,,,,,,,,,,,,,,,,,,,,,,,,,,,,,,,,,,,,,,,,,,,,,,,,,,,,,,,,,,,,,,,,,,,,,,,,,,,,,,,,,,,,,,,,,,,,,,,,,,,,,,,,,,,,,,,,,,,,,,,,,,,,,,,,,,,,,,,,,,,,,,,,,,,,,,,,
2016-10,2016-10-14T09:30:00+08:00,early,3.044299121381394,1.4517975958762337,2.6950586144335227,6.084875033764894,50,0.0,1.0,,,,,0,1.0,-0.7248587800952085,0.0,,1.0,-2.3301452615036595,0.0,,1.0,6.535324323993488,0.0,,1.0,0.4225832567159209,0.0,,1.0,4.049372468753655,0.0,,1.0,9.542018503694123,0.0,,1.0,1.004947616763242,0.0,,1.0,2.715296940653902,0.0,,1.0,2.4053207930771094,0.0,,1.0,-0.10126584875939486,0.0,,1.0,3.7245926344860742,0.0,,1.0,,,,,-1.5861532008632235,0.0,,1.0,9.7799677495568,0.0,,1.0,-7.043960878827338,0,,1,2.2857957673438105,0,,1,0.876403416666876,0.0,,1.0,10.420873214034621,0,,1,8.165091537928475,0.0,,1.0,3.1950441962170624,0.0,,1.0,0.7718043534684726,0.0,,1.0,-1.2328006758064578,0.0,,1.0,9.665478166223666,0.0,,1.0,3.6328800894008784,0.0,,1.0,5.647347972709017,0.0,,1.0,3.357941792798967,0,,1,2.9880711363026515,0.0,,1.0,-0.19158118536743468,0.0,,1.0,,,,,-0.017491449108933167,0.0,,1.0,-2.812534108885062,0,,1,8.532267466113264,0,,1,10.388906772839423,0.0,,1.0,-0.7918278664672423,0.0,,1.0,13.309067813256629,0.0,,1.0,12.258606848641598,0.0,,1.0,-8.719268719399393,0,,1,1.251117262057423,0.0,,1.0,-8.11524751870531,0,,1,9.236355799174131,0,,1,2.6237159944477373,0,,1,0.26835347759022127,0,,1,9.985336266014992,0,,1,0.041177681696526525,0.0,,1.0,-0.1931128458447719,0,,1,0.11789835684973464,0.0,,1.0,-0.5253509646980827,0.0,,1.0,-1.0871613809473082,0.0,,1.0,0.04076190484808435,0.0,,1.0,11.935845244720142,0.0,,1.0,-2.497892364000959,0,,1,-0.6133190326547232,0.0,,1.0,-1.5894632114912373,0.0,,1.0,-0.9815143155767034,0,,1,2.0502921470644204,0,,1,6.538840774349739,0,,1,5.382455176522099,0,,1,1.6524779296950443,0,,1,25.67712196089385,0,,1,bb17d139366fd3c8168ab7c839023fdf02162a8a9fe287f19a0738b0f5b55a96,0.7,2016-10-14T01:30:00+00:00,2016-11-09T01:30:00+00:00,publication,pseudo_real_time,,,,,,,,,0.09828867463129794,0.0,,1.0,4.414722057929528,0.0,,1.0,,,,,,,,,,,,,,,,,,,,,,,,,,,,,,,,,,,,,,,,,,,,,,,,,,,,,,,,,,,,,,,,,,,,,,,,,,,,,,,,,,,,,,,,,,,,,,,,,,,,,,,,,,,,,,,,,,,,,,,,,,,,,,,,,,,,,,,,,,,,,,,,,,,,,,,,,,,,,,,,,,,,,,,,,,,,,,,,,,,,,,,,,,,,,,,,,,,,,,,,,,,,,,,,,,,,,,,,,,,,,,,,,,,,,,,,,,,,,,,,,,,,,,,,,,,,,,,,
2016-11,2016-11-14T09:30:00+08:00,early,5.393892397634449,5.095239740799113,4.952930250130775,4.92861722321352,50,0.0,1.0,,,,,0,1.0,8.228056877554616,0.0,,1.0,0.998912822050384,0.0,,1.0,6.557515598562354,0.0,,1.0,0.916648286542574,0.0,,1.0,6.315845190465149,0.0,,1.0,9.503614147794726,0.0,,1.0,6.114883462430828,0.0,,1.0,4.6293201103574955,0.0,,1.0,3.3314307799919525,0.0,,1.0,0.1518860779081157,0.0,,1.0,7.2087668386171515,0.0,,1.0,,,,,0.0,0.0,,1.0,7.509058920149594,0.0,,1.0,1.6866734262649354,0,,1,3.160874427035402,0,,1,11.135883548675329,0.0,,1.0,5.191966284192017,0,,1,5.757959026673838,0.0,,1.0,4.998513197406209,0.0,,1.0,8.59086602386771,0.0,,1.0,9.451540762915362,0.0,,1.0,7.799325827129025,0.0,,1.0,7.103620633415566,0.0,,1.0,6.476517648903246,0.0,,1.0,1.373435135022384,0,,1,1.2457514434474315,0.0,,1.0,4.471945355102557,0.0,,1.0,,,,,2.4053431977593966,0.0,,1.0,4.025597523327305,0,,1,3.0161076724904956,0,,1,20.94947983978261,0.0,,1.0,8.86493162072618,0.0,,1.0,18.276753766282134,0.0,,1.0,16.991722012730285,0.0,,1.0,1.6753926296418884,0,,1,1.261935576759487,0.0,,1.0,-0.07764722219138542,0,,1,9.273245320513066,0,,1,3.8182127340716203,0,,1,0.7526650366806801,0,,1,8.963240497316088,0,,1,-0.01372118557486057,0.0,,1.0,3.2768446341351702,0,,1,1.3361232049601193,0.0,,1.0,8.322107822555672,0.0,,1.0,7.048411201688419,0.0,,1.0,4.511796276899029,0.0,,1.0,7.736692501372044,0.0,,1.0,-0.30441933567657337,0,,1,6.999490990652056,0.0,,1.0,10.366395796278265,0.0,,1.0,3.772499238984505,0,,1,0.49071470188128163,0,,1,6.554336066283842,0,,1,8.361187772869066,0,,1,6.5296441886360705,0,,1,-5.589388474494361,0,,1,b35f8fe0210eb4458abf4fe90882605a8adb0840016f0644f8e4e4ab9dd01468,1.5,2016-11-14T01:30:00+00:00,2016-12-09T01:30:00+00:00,publication,pseudo_real_time,,,,,,,,,-0.15764886932008004,0.0,,1.0,6.941988566977002,0.0,,1.0,,,,,,,,,,,,,,,,,,,,,,,,,,,,,,,,,,,,,,,,,,,,,,,,,,,,,,,,,,,,,,,,,,,,,,,,,,,,,,,,,,,,,,,,,,,,,,,,,,,,,,,,,,,,,,,,,,,,,,,,,,,,,,,,,,,,,,,,,,,,,,,,,,,,,,,,,,,,,,,,,,,,,,,,,,,,,,,,,,,,,,,,,,,,,,,,,,,,,,,,,,,,,,,,,,,,,,,,,,,,,,,,,,,,,,,,,,,,,,,,,,,,,,,,,,,,,,,,
2016-12,2016-12-14T09:30:00+08:00,early,5.614591105578781,3.624100108897551,4.685915273775386,6.8822412076744675,50,0.0,1.0,,,,,0,1.0,8.327128768086036,0.0,,1.0,1.7115939820758928,0.0,,1.0,7.590057105595844,0.0,,1.0,11.52488872890423,0.0,,1.0,10.14722033300761,0.0,,1.0,3.6799361953090015,0.0,,1.0,6.224543220650983,0.0,,1.0,1.4482709291039297,0.0,,1.0,2.8719860704477433,0.0,,1.0,0.10126595252660542,0.0,,1.0,12.10630358099706,0.0,,1.0,,,,,0.2454356631721723,0.0,,1.0,1.4884118150333014,0.0,,1.0,1.644027291984632,0,,1,1.9087160324773482,0,,1,6.3218904177837185,0.0,,1.0,-0.1470840379797711,0,,1,1.127657458182273,0.0,,1.0,1.1653653207309314,0.0,,1.0,5.643845946450656,0.0,,1.0,9.928697207335746,0.0,,1.0,0.3318180873755366,0.0,,1.0,2.777721161215847,0.0,,1.0,5.258970645720611,0.0,,1.0,0.4834251107339263,0,,1,3.491337852613743,0.0,,1.0,-3.4873378141365734,0.0,,1.0,,,,,3.7568623651813584,0.0,,1.0,7.179161611384524,0,,1,4.302362334941061,0,,1,0.7538850043321363,0.0,,1.0,11.016119265575426,0.0,,1.0,10.984877571542457,0.0,,1.0,10.808507152278283,0.0,,1.0,-0.7310505395037202,0,,1,28.677371487749774,0.0,,1.0,1.3689390683656606,0,,1,7.856510130026491,0,,1,11.89417409720093,0,,1,0.48742179216309417,0,,1,23.37270183783676,0,,1,-0.11897312540773883,0.0,,1.0,20.091651680916208,0,,1,5.796028746436308,0.0,,1.0,7.408328674402577,0.0,,1.0,0.8119023848644834,0.0,,1.0,-0.9062892009188717,0.0,,1.0,-2.6809099363563216,0.0,,1.0,2.126377790399177,0,,1,10.528140903895714,0.0,,1.0,8.961111735868597,0.0,,1.0,7.004669778883206,0,,1,7.011290227557858,0,,1,19.702398200545403,0,,1,-3.061707274389451,0,,1,12.054016308673557,0,,1,12.316115886180464,0,,1,f1a7e947a0d9ab92c11cf6e97a77dfb483de5954ca20379cb5eaa3946a096496,1.6,2016-12-14T01:30:00+00:00,2017-01-10T01:30:00+00:00,publication,pseudo_real_time,,,,,,,,,1.0805725236608765,0.0,,1.0,0.48651910243506574,0.0,,1.0,,,,,,,,,,,,,,,,,,,,,,,,,,,,,,,,,,,,,,,,,,,,,,,,,,,,,,,,,,,,,,,,,,,,,,,,,,,,,,,,,,,,,,,,,,,,,,,,,,,,,,,,,,,,,,,,,,,,,,,,,,,,,,,,,,,,,,,,,,,,,,,,,,,,,,,,,,,,,,,,,,,,,,,,,,,,,,,,,,,,,,,,,,,,,,,,,,,,,,,,,,,,,,,,,,,,,,,,,,,,,,,,,,,,,,,,,,,,,,,,,,,,,,,,,,,,,,,,
2017-01,2017-01-16T09:30:00+08:00,early,0.7803992241672292,0.13828587517552918,0.6618129958029797,5.593448354086011,47,0.1132075471698113,1.0,,,,,0,1.0,0.8154994079312959,0.0,,1.0,-0.14948646637458218,0.0,,1.0,1.9003120257674553,0.0,,1.0,6.461691544534255,0.0,,1.0,-6.668561797304431,0.0,,1.0,-1.2111871486159476,0.0,,1.0,5.408227229409774,0.0,,1.0,0.8761694349009095,0.0,,1.0,3.630943721529544,0.6666666666666666,,1.0,0.10095913727308119,0.0,,1.0,4.890897276716896,0.0,,1.0,,,,,1.7475188648012403,0.0,,1.0,-0.3236005095257369,0.0,,1.0,2.835429754036162,0,,1,1.4867712466466527,0,,1,9.586265546711184,0.0,,1.0,-0.5882921663681153,0,,1,-0.38254990396326377,0.0,,1.0,0.13828587517552918,0.0,,1.0,1.2972493106694971,0.0,,1.0,0.6576937453318215,0.0,,1.0,-0.9169178559992383,0.0,,1.0,0.22533006150651808,0.0,,1.0,,1.0,,1.0,-0.4934100959988275,0,,1,,1.0,,1.0,,1.0,,1.0,,,,,8.363645756652094,0.0,,1.0,-0.8741605747509336,0,,1,10.254834358311719,0,,1,-2.253297907467794,0.0,,1.0,1.0523941086691686,0.0,,1.0,-6.405235479630808,0.0,,1.0,0.0,0.0,,1.0,-6.89455130070323,0,,1,12.193591707064273,0.0,,1.0,4.432725636804045,0,,1,6.196176273925975,0,,1,-3.3253228660257506,0,,1,1.5121573810278461,0,,1,7.466944968421298,0,,1,0.01603564523155897,0.0,,1.0,0.3223894116151619,0,,1,7.090523789265411,0.0,,1.0,-0.14573513845823166,0.0,,1.0,0.007840403773792694,0.0,,1.0,-0.2743247211462513,0.0,,1.0,-13.634407760188417,0.0,,1.0,0.9772376664341642,0,,1,-4.329909981543626,0.0,,1.0,-2.0251441809283075,0.0,,1.0,4.056538602303828,0,,1,-3.556130283447182,0,,1,-11.370504185653493,0,,1,-6.1211475955894805,0,,1,-5.857272541949002,0,,1,17.13806381363232,0,,1,0af3f9be173494bab9487eb8f1a86b502cb85fa698b7879bd39a028510e9afa6,0.8,2017-01-16T01:30:00+00:00,2017-02-14T01:30:00+00:00,publication,pseudo_real_time,,,,,,,,,2.0441414751582343,0.0,,1.0,0.3590367680379762,0.0,,1.0,,1.0,,1.0,,1.0,,1.0,,1.0,,1.0,,,,,,,,,,,,,,,,,,,,,,,,,,,,,,,,,,,,,,,,,,,,,,,,,,,,,,,,,,,,,,,,,,,,,,,,,,,,,,,,,,,,,,,,,,,,,,,,,,,,,,,,,,,,,,,,,,,,,,,,,,,,,,,,,,,,,,,,,,,,,,,,,,,,,,,,,,,,,,,,,,,,,,,,,,,,,,,,,,,,,,,,,,,,,,,,,,,,,,,,,,,,,,,,,,,,,,,,,,,,,,,,,,,,,,,,,,,,,,,,,,,,
2017-03,2017-03-14T09:30:00+08:00,early,,,,,0,1.0,1.0,,,,,0,1.0,,1.0,,1.0,,1.0,,1.0,,1.0,,1.0,,1.0,,1.0,,1.0,,1.0,,1.0,,1.0,,1.0,,1.0,,1.0,,1.0,,1.0,,1.0,,1.0,,1.0,,1.0,,1.0,,,,,,1.0,,1.0,,1.0,,1.0,,1,,1,,1,,1,,1.0,,1.0,,1,,1,,1.0,,1.0,,1.0,,1.0,,1.0,,1.0,,1.0,,1.0,,1.0,,1.0,,1.0,,1.0,,,,,,1,,1,,,,,,,,,,,,,,1.0,,1.0,,1,,1,,1,,1,,1.0,,1.0,,1.0,,1.0,,1.0,,1.0,,1.0,,1.0,,1,,1,,1.0,,1.0,,1,,1,,1,,1,,1,,1,,1,,1,,1,,1,,1.0,,1.0,,1,,1,,1.0,,1.0,,1.0,,1.0,,1.0,,1.0,,1.0,,1.0,,1.0,,1.0,,1,,1,,1.0,,1.0,,1.0,,1.0,,1,,1,,1,,1,,1,,1,,1,,1,,1,,1,,1,,1,6957bce5b614d25c8334098d84286317c34a1ae06c2375de8be68773e22883b3,0.3,2017-03-14T01:30:00+00:00,2017-04-12T01:30:00+00:00,publication,pseudo_real_time,,,,,,,,,,1.0,,1.0,,1.0,,1.0,,1.0,,1.0,,1.0,,1.0,,1.0,,1.0,,,,,,,,,,,,,,,,,,,,,,,,,,,,,,,,,,,,,,,,,,,,,,,,,,,,,,,,,,,,,,,,,,,,,,,,,,,,,,,,,,,,,,,,,,,,,,,,,,,,,,,,,,,,,,,,,,,,,,,,,,,,,,,,,,,,,,,,,,,,,,,,,,,,,,,,,,,,,,,,,,,,,,,,,,,,,,,,,,,,,,,,,,,,,,,,,,,,,,,,,,,,,,,,,,,,,,,,,,,,,,,,,,,,,,,,,,,,,,,,,,,,
2017-04,2017-04-14T09:30:00+08:00,early,-1.8021411729855132,-0.9955188196077194,-1.2614798854218487,5.602205027715784,50,0.0,1.0,,,,,0,1.0,-3.6115220330786637,0.0,,1.0,-0.03271667513614884,0.0,,1.0,-6.255755920566297,0.0,,1.0,-7.957744202152824,0.0,,1.0,-1.0285062539169918,0.0,,1.0,3.193010382362519,0.0,,1.0,-2.4284605790305585,0.0,,1.0,3.3942807647201043,0.0,,1.0,-0.47998490925522724,0.0,,1.0,0.05026390126803214,0.0,,1.0,-6.051748479122752,0.0,,1.0,,,,,2.776123714169772,0.0,,1.0,4.8622010444581365,0.0,,1.0,0.7377085986096272,0,,1,0.4960467889899854,0,,1,-4.009756972138695,0.0,,1.0,1.5636194147805218,0,,1,2.092822973144365,0.0,,1.0,1.581819264405782,0.0,,1.0,-0.11762338674902763,0.0,,1.0,-3.9789217766367275,0.0,,1.0,2.4931404377884268,0.0,,1.0,5.764577591568357,0.0,,1.0,,,,,-0.03167713872460842,0,,1,,,,,,,,,,,,,-7.374655116340595,0.0,,1.0,0.5980718859176053,0,,1,0.11407532578846775,0,,1,1.607342918790868,0.0,,1.0,-7.970354567081278,0.0,,1.0,9.757469541960402,0.0,,1.0,0.0,0.0,,1.0,4.6452683843814855,0,,1,-21.97095298427826,0.0,,1.0,-1.0624169504616028,0,,1,-5.684612530527621,0,,1,-0.9286206887538361,0,,1,4.202586950407449,0,,1,-5.091165151945768,0,,1,0.0,0.0,,1.0,-11.042368038048181,0,,1,-1.9525435234482449,0.0,,1.0,-3.4216731062338224,0.0,,1.0,-1.745708011448745,0.0,,1.0,-1.2667243307531517,0.0,,1.0,-2.9988936938711275,0.0,,1.0,-1.135383442810329,0,,1,-8.482419110877588,0.0,,1.0,-3.510861850116822,0.0,,1.0,-2.669697511654302,0,,1,-3.911279641073749,0,,1,-4.522063831393567,0,,1,0.7300614790925226,0,,1,0.6065980253869128,0,,1,-20.478356140641058,0,,1,a351af1eae9a2b8b1293e006290fe1d53345aee23c812026786f18da772cc207,-0.4,2017-04-14T01:30:00+00:00,2017-05-10T01:30:00+00:00,publication,pseudo_real_time,,,,,,,,,-0.8488063435643126,0.0,,1.0,5.267071046156269,0.0,,1.0,-4.132378247934775,0.0,,1.0,-1.3513226638931575,0.0,,1.0,-2.310942705816952,0.0,,1.0,,,,,,,,,,,,,,,,,,,,,,,,,,,,,,,,,,,,,,,,,,,,,,,,,,,,,,,,,,,,,,,,,,,,,,,,,,,,,,,,,,,,,,,,,,,,,,,,,,,,,,,,,,,,,,,,,,,,,,,,,,,,,,,,,,,,,,,,,,,,,,,,,,,,,,,,,,,,,,,,,,,,,,,,,,,,,,,,,,,,,,,,,,,,,,,,,,,,,,,,,,,,,,,,,,,,,,,,,,,,,,,,,,,,,,,,,,,,,,,,,,,,
2017-05,2017-05-15T09:30:00+08:00,early,-1.91375152255702,-1.0446198925047654,-1.7094724767564995,2.6445284089594234,50,0.0,1.0,,,,,0,1.0,-3.9475609857203096,0.0,,1.0,-1.0151383937090661,0.0,,1.0,-4.7195166953774725,0.0,,1.0,0.3366466199344187,0.0,,1.0,-1.9074099420750257,0.0,,1.0,-0.9891752599090262,0.0,,1.0,-0.32279806114803816,0.0,,1.0,0.10254427030000805,0.0,,1.0,-0.41354133494629225,0.0,,1.0,0.0,0.0,,1.0,-0.12949975713521866,0.0,,1.0,,,,,0.0,0.0,,1.0,-4.338896681064268,0.0,,1.0,-0.7701838993720561,0,,1,0.01039357364376977,0,,1,-0.8388944263088959,0.0,,1.0,-0.7612575850391265,0,,1,-1.4019774060307857,0.0,,1.0,0.3177479497170679,0.0,,1.0,-2.4036087595253552,0.0,,1.0,-6.4221116397155225,0.0,,1.0,-1.1190572957605045,0.0,,1.0,-0.5088121565298613,0.0,,1.0,,,,,0.12954339588772792,0,,1,,,,,,,,,,,,,-1.7145582960682242,0.0,,1.0,-3.0211643454032338,0,,1,-1.099997299084598,0,,1,-0.3019998120959156,0.0,,1.0,-5.530666386356017,0.0,,1.0,0.9673071014889031,0.0,,1.0,-0.5880929026744693,0.0,,1.0,1.9599209124304007,0,,1,1.9991823457281888,0.0,,1.0,-5.7805423665562845,0,,1,-9.076504377224406,0,,1,-1.6886079579345317,0,,1,0.10537205680292228,0,,1,-5.0740073075573076,0,,1,0.0,0.0,,1.0,-4.827715057326739,0,,1,-0.9892424859249327,0.0,,1.0,-2.940322150708526,0.0,,1.0,-2.884746221841926,0.0,,1.0,-4.031693748872934,0.0,,1.0,-6.085189243351389,0.0,,1.0,-4.073904171057164,0,,1,-7.128798025175998,0.0,,1.0,-2.0614415888894757,0.0,,1.0,-4.327215389126961,0,,1,0.40366540535107764,0,,1,-5.18868661174157,0,,1,0.8096151644257451,0,,1,-1.5619603630497456,0,,1,-6.069954864259894,0,,1,1255f8e957917ddd81709a354384a09d996d4d9e45861b6d47d6956839fc4955,-0.3,2017-05-15T01:30:00+00:00,2017-06-09T01:30:00+00:00,publication,pseudo_real_time,,,,,,,,,1.11309448584875,0.0,,1.0,-0.2966495184188645,0.0,,1.0,-0.8671417701216936,0.0,,1.0,1.3922513869278546,0.0,,1.0,1.009431961200995,0.0,,1.0,,,,,,,,,,,,,,,,,,,,,,,,,,,,,,,,,,,,,,,,,,,,,,,,,,,,,,,,,,,,,,,,,,,,,,,,,,,,,,,,,,,,,,,,,,,,,,,,,,,,,,,,,,,,,,,,,,,,,,,,,,,,,,,,,,,,,,,,,,,,,,,,,,,,,,,,,,,,,,,,,,,,,,,,,,,,,,,,,,,,,,,,,,,,,,,,,,,,,,,,,,,,,,,,,,,,,,,,,,,,,,,,,,,,,,,,,,,,,,,,,,,,
2017-06,2017-06-14T09:30:00+08:00,early,-0.6584097994060392,0.0,-0.4292421432695191,3.8545287994692083,50,0.0,1.0,,,,,0,1.0,3.354706023014183,0.0,,1.0,-2.5406680672690256,0.0,,1.0,0.4162706964678119,0.0,,1.0,2.085177025117892,0.0,,1.0,0.6067499881257798,0.0,,1.0,-4.115805404103322,0.0,,1.0,-0.32416751090081153,0.0,,1.0,-0.6106846943212176,0.0,,1.0,-2.3255708530634025,0.0,,1.0,0.0,0.0,,1.0,-4.3148718332095015,0.0,,1.0,,,,,0.0,0.0,,1.0,-3.0298522874878584,0.0,,1.0,0.25983448721566677,0,,1,-4.664785709319808,0,,1,3.342369300507067,0.0,,1.0,-3.0215721177564996,0,,1,-4.463869955225878,0.0,,1.0,0.07295087208567401,0.0,,1.0,-0.6471126778164222,0.0,,1.0,2.653910537678581,0.0,,1.0,-4.934853683867472,0.0,,1.0,-1.8251819620040717,0.0,,1.0,,,,,0.2564209480264427,0,,1,,,,,,,,,,,,,3.315798641747778,0.0,,1.0,-1.9142244588198336,0,,1,-7.665006850276073,0,,1,4.616976704735602,0.0,,1.0,4.461493289250624,0.0,,1.0,-7.555404004025444,0.0,,1.0,-5.878036652445781,0.0,,1.0,0.9297414866189633,0,,1,5.650982882568424,0.0,,1.0,-5.7577313529517244,0,,1,-0.6125963469476013,0,,1,0.1386239289252949,0,,1,-0.45809984154478395,0,,1,-4.538261147054847,0,,1,0.03207706370557373,0.0,,1.0,0.7770068450918487,0,,1,0.6045481927852534,0.0,,1.0,4.403527743541099,0.0,,1.0,1.5494271116714387,0.0,,1.0,2.3201528279447543,0.0,,1.0,4.164063107273048,0.0,,1.0,-4.006701024101077,0,,1,4.332774292054217,0.0,,1.0,5.3514981563147215,0.0,,1.0,3.9049190891164964,0,,1,-7.374200437346241,0,,1,0.534558206479334,0,,1,-0.9462981093455571,0,,1,2.7001159264440475,0,,1,-11.762635071838119,0,,1,58d5c0447d8ee263f1ee648d0cb8644a7bed097e574064677eadb6e7bc38516a,-0.2,2017-06-14T01:30:00+00:00,2017-07-10T01:30:00+00:00,publication,pseudo_real_time,,,,,,,,,0.5791507577382451,0.0,,1.0,-0.5860228786978264,0.0,,1.0,-1.2985330741008372,0.0,,1.0,-1.3170576126039593,0.0,,1.0,-1.3005032810349288,0.0,,1.0,,,,,,,,,,,,,,,,,,,,,,,,,,,,,,,,,,,,,,,,,,,,,,,,,,,,,,,,,,,,,,,,,,,,,,,,,,,,,,,,,,,,,,,,,,,,,,,,,,,,,,,,,,,,,,,,,,,,,,,,,,,,,,,,,,,,,,,,,,,,,,,,,,,,,,,,,,,,,,,,,,,,,,,,,,,,,,,,,,,,,,,,,,,,,,,,,,,,,,,,,,,,,,,,,,,,,,,,,,,,,,,,,,,,,,,,,,,,,,,,,,,,
2017-07,2017-07-14T09:30:00+08:00,early,0.06491247272282077,-0.022710743765890565,-0.10832992638597014,4.009961539453729,50,0.0,1.0,,,,,0,1.0,2.677838673188908,0.0,,1.0,-0.5163423892489272,0.0,,1.0,-0.3280208077273169,0.0,,1.0,4.670664783452975,0.0,,1.0,2.975941007550811,0.0,,1.0,0.5958337549282137,0.0,,1.0,-0.8275832969393777,0.0,,1.0,-1.8459845289722285,0.0,,1.0,-4.5793920665087775,0.0,,1.0,-0.10045205950702654,0.0,,1.0,-3.4427526907143977,0.0,,1.0,,,,,0.0,0.0,,1.0,0.13375876510765158,0.0,,1.0,-1.202099883519911,0,,1,-2.3000415190611174,0,,1,0.9600027998962646,0.0,,1.0,1.1110895251583224,0,,1,3.6994580959047862,0.0,,1.0,-1.2483360038957174,0.0,,1.0,2.890615928109171,0.0,,1.0,3.3494106502657566,0.0,,1.0,0.5691791861220797,0.0,,1.0,-2.1821083534439265,0.0,,1.0,,,,,-0.10120934278483006,0,,1,,,,,,,,,,,,,6.99155026477381,0.0,,1.0,-1.038691901563662,0,,1,-10.726799852945238,0,,1,-4.918213729629964,0.0,,1.0,6.734779019086778,0.0,,1.0,0.3995289681160385,0.0,,1.0,-0.49384225201566534,0.0,,1.0,2.2910938130610212,0,,1,14.589349731366724,0.0,,1.0,2.5880855030445495,0,,1,-1.587493470209671,0,,1,2.2313071703705325,0,,1,-4.330310840815645,0,,1,-5.1263938413661085,0,,1,0.019467946064337802,0.0,,1.0,-3.799931995794459,0,,1,-0.47690332150077447,0.0,,1.0,0.03136344354094513,0.0,,1.0,-0.5688918539072666,0.0,,1.0,-1.1801760960751824,0.0,,1.0,4.769302845905,0.0,,1.0,-7.407656915654062,0,,1,0.7728409795851415,0.0,,1.0,-0.04542148753178113,0.0,,1.0,3.106284485662578,0,,1,1.9816212848585948,0,,1,7.003214010858552,0,,1,1.3477199610946475,0,,1,1.3215228878795124,0,,1,1.3671988194455313,0,,1,97ea718d73aca8066af7bbdf8570d83d8e616073a7df65457a767af8bd5601dc,0.2,2017-07-14T01:30:00+00:00,2017-08-09T01:30:00+00:00,publication,pseudo_real_time,,,,,,,,,-0.5817321108225892,0.0,,1.0,-2.7741131226501703,0.0,,1.0,-2.873449520370828,0.0,,1.0,-4.2433702934345945,0.0,,1.0,-4.263729989922697,0.0,,1.0,,,,,,,,,,,,,,,,,,,,,,,,,,,,,,,,,,,,,,,,,,,,,,,,,,,,,,,,,,,,,,,,,,,,,,,,,,,,,,,,,,,,,,,,,,,,,,,,,,,,,,,,,,,,,,,,,,,,,,,,,,,,,,,,,,,,,,,,,,,,,,,,,,,,,,,,,,,,,,,,,,,,,,,,,,,,,,,,,,,,,,,,,,,,,,,,,,,,,,,,,,,,,,,,,,,,,,,,,,,,,,,,,,,,,,,,,,,,,,,,,,,,
2017-08,2017-08-14T09:30:00+08:00,early,2.320726767091819,1.4179529163307492,2.0135178442525516,3.506482381938057,50,0.0,1.0,,,,,0,1.0,5.1333214512668555,0.0,,1.0,0.0028538067850868987,0.0,,1.0,2.4219441597664684,0.0,,1.0,1.6656138702928998,0.0,,1.0,3.640117504522693,0.0,,1.0,2.4668536863340984,0.0,,1.0,1.680794562651542,0.0,,1.0,1.9539110853874064,0.0,,1.0,2.2107888696032405,0.0,,1.0,0.0,0.0,,1.0,9.459628998830132,0.0,,1.0,,,,,0.0,0.0,,1.0,0.9250918392822777,0.0,,1.0,-1.6611032252553535,0,,1,1.1379312017693215,0,,1,-4.417245310875506,0.0,,1.0,0.668057295908737,0,,1,1.5584003736971923,0.0,,1.0,2.5504090928646788,0.0,,1.0,4.48892734631287,0.0,,1.0,5.440841466489575,0.0,,1.0,1.6057308824572216,0.0,,1.0,1.1304093740434122,0.0,,1.0,,,,,-0.003831654860017461,0,,1,,,,,,,,,,,,,-0.7907483668706812,0.0,,1.0,1.119453390108756,0,,1,12.486130526330262,0,,1,1.277505458964306,0.0,,1.0,5.998304522215198,0.0,,1.0,7.238167276412866,0.0,,1.0,2.7221190437157183,0.0,,1.0,-1.4066441489527741,0,,1,1.9720678762648547,0.0,,1.0,0.7104495906155304,0,,1,0.6959672455187376,0,,1,5.8017002510673334,0,,1,-3.977604421786781,0,,1,11.071828566990215,0,,1,0.005725193044773535,0.0,,1.0,-1.0424362102308247,0,,1,3.024773734613845,0.0,,1.0,6.042092977832609,0.0,,1.0,4.016064629643436,0.0,,1.0,3.5436186731607546,0.0,,1.0,9.121072366690324,0.0,,1.0,0.3792190661406963,0,,1,-1.2548247223070916,0.0,,1.0,4.226014177648648,0.0,,1.0,4.603748217102231,0,,1,0.8610844317785187,0,,1,2.814173463002003,0,,1,4.112859452658133,0,,1,1.8317368513633019,0,,1,-2.4186060438944934,0,,1,318edc83fef99edac437a414d14d755d86e5a214b131aa77754739195a602581,0.9,2017-08-14T01:30:00+00:00,2017-09-09T01:30:00+00:00,publication,pseudo_real_time,,,,,,,,,0.2289155346519365,0.0,,1.0,4.50240834746687,0.0,,1.0,2.314481345492508,0.0,,1.0,0.7591282992862315,0.0,,1.0,0.5631440781884633,0.0,,1.0,,,,,,,,,,,,,,,,,,,,,,,,,,,,,,,,,,,,,,,,,,,,,,,,,,,,,,,,,,,,,,,,,,,,,,,,,,,,,,,,,,,,,,,,,,,,,,,,,,,,,,,,,,,,,,,,,,,,,,,,,,,,,,,,,,,,,,,,,,,,,,,,,,,,,,,,,,,,,,,,,,,,,,,,,,,,,,,,,,,,,,,,,,,,,,,,,,,,,,,,,,,,,,,,,,,,,,,,,,,,,,,,,,,,,,,,,,,,,,,,,,,,
2017-09,2017-09-14T09:30:00+08:00,early,4.61534544463779,4.251193300091195,4.088288113190653,4.632963871700126,46,0.14814814814814814,1.0,,,,,0,1.0,5.64709899215217,0.0,,1.0,0.8887806520359576,0.0,,1.0,7.370441601580393,0.0,,1.0,9.38361410289677,0.0,,1.0,5.850554705742731,0.0,,1.0,3.2012189355192118,0.0,,1.0,3.6759736763102446,0.0,,1.0,2.807094655643417,0.5,,1.0,2.3349770826068195,0.6666666666666666,,1.0,0.0,0.0,,1.0,10.300727522260711,0.0,,1.0,,1.0,,1.0,0.0,0.0,,1.0,-0.2074498299510783,0.0,,1.0,-0.45240787518867315,0,,1,2.0689160794974284,0,,1,0.7271935066700225,0.0,,1.0,-0.6421704947442998,0,,1,0.0,0.0,,1.0,2.1992907522883303,0.0,,1.0,7.451738538599748,0.0,,1.0,5.88528902072579,0.0,,1.0,0.2628125425741259,0.0,,1.0,0.9710270160783188,0.0,,1.0,,1.0,,1.0,0.09793266087781963,0,,1,,1.0,,1.0,,1.0,,1.0,,,,,3.5174924861835293,0.0,,1.0,-0.03647567678956634,0,,1,6.212513272734589,0,,1,-0.02337460168752648,0.0,,1.0,5.834812592316582,0.0,,1.0,12.904483672357053,0.0,,1.0,7.891565906110349,0.0,,1.0,0.3863112930175698,0,,1,12.25819516643767,0.0,,1.0,2.4844856478309434,0,,1,12.399188737613837,0,,1,4.98716453377775,0,,1,0.8288936518754348,0,,1,4.7403905214821025,0,,1,-0.016600152725722635,0.0,,1.0,4.338264250546736,0,,1,15.892647142252637,0.0,,1.0,5.847791482859973,0.0,,1.0,8.40034442042814,0.0,,1.0,4.7675375672597795,0.0,,1.0,5.836442217509493,0.0,,1.0,2.8138984420782274,0,,1,14.516342166273905,0.0,,1.0,3.397777999652654,0.0,,1.0,5.465184318758273,0,,1,-0.2722908790999329,0,,1,4.164122349635655,0,,1,6.395391997009881,0,,1,7.8555399425476375,0,,1,15.211788250193937,0,,1,34b1059b6c4274482eb739385d735034c366b3d55343174dee5b4d43d0f9f86c,1.0,2017-09-14T01:30:00+00:00,2017-10-16T01:30:00+00:00,publication,pseudo_real_time,,,,,,,,,4.643162295208516,0.0,,1.0,,1.0,,1.0,,1.0,,1.0,,1.0,,1.0,,1.0,,1.0,,,,,,,,,,,,,,,,,,,,,,,,,,,,,,,,,,,,,,,,,,,,,,,,,,,,,,,,,,,,,,,,,,,,,,,,,,,,,,,,,,,,,,,,,,,,,,,,,,,,,,,,,,,,,,,,,,,,,,,,,,,,,,,,,,,,,,,,,,,,,,,,,,,,,,,,,,,,,,,,,,,,,,,,,,,,,,,,,,,,,,,,,,,,,,,,,,,,,,,,,,,,,,,,,,,,,,,,,,,,,,,,,,,,,,,,,,,,,,,,,,,,
2017-10,2017-10-16T09:30:00+08:00,early,1.6694238437228648,0.3686834235129185,1.0541628483318513,5.50143149550963,46,0.14814814814814814,1.0,,,,,0,1.0,-1.2676386992196012,0.0,,1.0,-0.4392676407749194,0.0,,1.0,-0.935160143271702,0.0,,1.0,5.779947144752856,0.0,,1.0,3.015110559214566,0.0,,1.0,2.758274261406681,0.0,,1.0,4.351473835015175,0.0,,1.0,1.9687342844354478,0.5,,1.0,10.521659330201917,0.6666666666666666,,1.0,0.0,0.0,,1.0,5.12660189817278,0.0,,1.0,,1.0,,1.0,0.0,0.0,,1.0,0.1466961126517843,0.0,,1.0,-3.3523743881846526,0,,1,0.27693989736089497,0,,1,7.927819606872745,0.0,,1.0,0.8099393717350624,0,,1,1.439418583889145,0.0,,1.0,3.323153042954345,0.0,,1.0,0.7091554647425297,0.0,,1.0,-0.08776277432787681,0.0,,1.0,1.0397028222476739,0.0,,1.0,2.0016199020645105,0.0,,1.0,,1.0,,1.0,0.05685973622558194,0,,1,,1.0,,1.0,,1.0,,1.0,,,,,-0.8260134955018051,0.0,,1.0,20.514780434582676,0,,1,10.574422228029631,0,,1,14.621810796167662,0.0,,1.0,-1.7861220900818986,0.0,,1.0,4.51617012329292,0.0,,1.0,8.032839773075837,0.0,,1.0,-0.8900947627364165,0,,1,14.680184592662831,0.0,,1.0,-2.7754334071471933,0,,1,3.763534574927719,0,,1,-0.40830728462050836,0,,1,0.475775327993444,0,,1,0.6814530986655504,0,,1,-0.2336679698644533,0.0,,1.0,-2.224357453126267,0,,1,2.6596568415957362,0.0,,1.0,-2.352826304652994,0.0,,1.0,-2.5723656860346913,0.0,,1.0,-2.4921481791984794,0.0,,1.0,-7.720501358811446,0.0,,1.0,-0.859068230172003,0,,1,-5.128477186459522,0.0,,1.0,-2.804735245610275,0.0,,1.0,-1.283541245387092,0,,1,4.262697998318886,0,,1,9.136817556353233,0,,1,0.4604269496649421,0,,1,2.8715050154605994,0,,1,-7.454536543345743,0,,1,a25c2921d26495b61d3e6ae1019460e391019b41c9e8e820bae721828e336273,0.7,2017-10-16T01:30:00+00:00,2017-11-09T01:30:00+00:00,publication,pseudo_real_time,,,,,,,,,1.9358486668063852,0.0,,1.0,,1.0,,1.0,,1.0,,1.0,,1.0,,1.0,,1.0,,1.0,,,,,,,,,,,,,,,,,,,,,,,,,,,,,,,,,,,,,,,,,,,,,,,,,,,,,,,,,,,,,,,,,,,,,,,,,,,,,,,,,,,,,,,,,,,,,,,,,,,,,,,,,,,,,,,,,,,,,,,,,,,,,,,,,,,,,,,,,,,,,,,,,,,,,,,,,,,,,,,,,,,,,,,,,,,,,,,,,,,,,,,,,,,,,,,,,,,,,,,,,,,,,,,,,,,,,,,,,,,,,,,,,,,,,,,,,,,,,,,,,,,,
2017-11,2017-11-14T09:30:00+08:00,early,0.6315532884245182,0.006837735985053413,0.5790850890098138,4.94048663815569,50,0.0,1.0,,,,,0,1.0,-0.3272826905166743,0.0,,1.0,0.7581052752347223,0.0,,1.0,2.4328833187410828,0.0,,1.0,-0.5087614005157945,0.0,,1.0,-2.2899836021732423,0.0,,1.0,-3.3230996387495937,0.0,,1.0,4.54649839910029,0.0,,1.0,1.1505216679169397,0.0,,1.0,3.3340901759121953,0.0,,1.0,0.0,0.0,,1.0,9.72069668778933,0.0,,1.0,,,,,0.6615859237979222,0.0,,1.0,-0.40733366862861176,0.0,,1.0,0.02929602417468356,0,,1,1.628974147994319,0,,1,3.2572125857136194,0.0,,1.0,-0.693302411419287,0,,1,-1.367849698342936,0.0,,1.0,2.906188390493547,0.0,,1.0,0.013675471970106826,0.0,,1.0,-0.04824259760149368,0.0,,1.0,-0.7138883893478459,0.0,,1.0,2.1422883770048684,0.0,,1.0,,,,,-0.09493942566862357,0,,1,,,,,,,,,,,,,1.9202526803102544,0.0,,1.0,8.22692811309009,0,,1,2.458571791427347,0,,1,15.955877342230185,0.0,,1.0,-0.5929362401652821,0.0,,1.0,-20.1994232763805,0.0,,1.0,-2.7860884176215253,0.0,,1.0,-0.5103541550851685,0,,1,-4.753284122416358,0.0,,1.0,0.0,0,,1,-0.5147339075885782,0,,1,3.1131214832945395,0,,1,-1.3628591364927762,0,,1,8.947928846766025,0,,1,-0.055080001615471046,0.0,,1.0,3.804806232254322,0,,1,3.226999920868974,0.0,,1.0,-0.8308087260497051,0.0,,1.0,0.7942668646024131,0.0,,1.0,0.8834100906360695,0.0,,1.0,-3.6489082783145674,0.0,,1.0,4.311305944393162,0,,1,-2.7246296665758245,0.0,,1.0,-0.2517214531902874,0.0,,1.0,-0.2536625980633843,0,,1,0.755639667684877,0,,1,-10.050970882302334,0,,1,-1.2548980349999528,0,,1,-0.9671869746852225,0,,1,-1.0894370169094707,0,,1,359861c3ca6ddc6fc5b4dafca2213de3e44a2fbe13b55212626103d04428972d,0.5,2017-11-14T01:30:00+00:00,2017-12-09T01:30:00+00:00,publication,pseudo_real_time,,,,,,,,,1.1008851775348507,0.0,,1.0,0.20839144921110003,0.0,,1.0,7.001504847993013,0.0,,1.0,1.966728705612884,0.0,,1.0,1.713666733842617,0.0,,1.0,,,,,,,,,,,,,,,,,,,,,,,,,,,,,,,,,,,,,,,,,,,,,,,,,,,,,,,,,,,,,,,,,,,,,,,,,,,,,,,,,,,,,,,,,,,,,,,,,,,,,,,,,,,,,,,,,,,,,,,,,,,,,,,,,,,,,,,,,,,,,,,,,,,,,,,,,,,,,,,,,,,,,,,,,,,,,,,,,,,,,,,,,,,,,,,,,,,,,,,,,,,,,,,,,,,,,,,,,,,,,,,,,,,,,,,,,,,,,,,,,,,,
2017-12,2017-12-14T09:30:00+08:00,early,1.9446390716457105,0.6000308858988084,1.2288464507677828,9.062475008298556,50,0.0,1.0,,,,,0,1.0,5.352747865591109,0.0,,1.0,0.4360906438184674,0.0,,1.0,2.473698714663501,0.0,,1.0,-8.244456810080134,0.0,,1.0,-3.3441725961338515,0.0,,1.0,-0.14956514842741106,0.0,,1.0,-0.0067871930252251245,0.0,,1.0,7.451004169167747,0.0,,1.0,8.952353336149374,0.0,,1.0,0.0,0.0,,1.0,0.0,0.0,,1.0,,,,,0.9964262287281084,0.0,,1.0,-0.20387465869664348,0.0,,1.0,1.2435898689005487,0,,1,0.8143916030363294,0,,1,-1.0167878078037837,0.0,,1.0,-0.8103583138041994,0,,1,-0.66267410280486,0.0,,1.0,0.1996585611365496,0.0,,1.0,2.7694115803644315,0.0,,1.0,2.9246893413312955,0.0,,1.0,-0.4235109389187419,0.0,,1.0,9.829865628603224,0.0,,1.0,,,,,-0.9435608205047544,0,,1,,,,,,,,,,,,,-2.0705190804283977,0.0,,1.0,43.64121654760171,0,,1,2.0834706583617644,0,,1,-16.612774819118183,0.0,,1.0,3.074034959734221,0.0,,1.0,4.502022973232069,0.0,,1.0,-3.648219559136052,0.0,,1.0,0.3856701687612874,0,,1,-22.702967021177066,0.0,,1.0,4.4507171403428165,0,,1,12.014634009067768,0,,1,-1.7003938758829082,0,,1,-3.7242186766290453,0,,1,24.777529160344734,0,,1,0.0,0.0,,1.0,5.811650496951167,0,,1,-2.0304034090633354,0.0,,1.0,9.115779340179413,0.0,,1.0,1.1688702995557436,0.0,,1.0,-0.29415338230750354,0.0,,1.0,-2.6328144815419066,0.0,,1.0,-3.707693416913417,0,,1,4.983565413252392,0.0,,1.0,12.187872244816775,0.0,,1.0,2.0446997271205176,0,,1,1.2456106069249284,0,,1,-1.663011796101278,0,,1,-7.824022864181249,0,,1,-2.1892618483699717,0,,1,-2.409000469140805,0,,1,8020c287fd2660518aa678deac8947093730096ddf6003c1cd50872ad9a17f5f,0.8,2017-12-14T01:30:00+00:00,2018-01-10T01:30:00+00:00,publication,pseudo_real_time,,,,,,,,,2.4946264911378364,0.0,,1.0,10.02852038776218,0.0,,1.0,5.081738463618414,0.0,,1.0,3.319380398896601,0.0,,1.0,3.3125326250467984,0.0,,1.0,,,,,,,,,,,,,,,,,,,,,,,,,,,,,,,,,,,,,,,,,,,,,,,,,,,,,,,,,,,,,,,,,,,,,,,,,,,,,,,,,,,,,,,,,,,,,,,,,,,,,,,,,,,,,,,,,,,,,,,,,,,,,,,,,,,,,,,,,,,,,,,,,,,,,,,,,,,,,,,,,,,,,,,,,,,,,,,,,,,,,,,,,,,,,,,,,,,,,,,,,,,,,,,,,,,,,,,,,,,,,,,,,,,,,,,,,,,,,,,,,,,,
2018-01,2018-01-15T09:30:00+08:00,early,0.5083908496912017,0.17850261036790294,0.16026152866340276,4.633341609427223,50,0.0,1.0,,,,,0,1.0,-2.920823033879517,0.0,,1.0,-0.09065269820703459,0.0,,1.0,-0.5324771527994531,0.0,,1.0,-0.9319967868832388,0.0,,1.0,2.2093121895462375,0.0,,1.0,4.330411223364099,0.0,,1.0,3.16718357119445,0.0,,1.0,4.84451582338532,0.0,,1.0,-1.8991268905558734,0.0,,1.0,0.0,0.0,,1.0,-3.3917666256985344,0.0,,1.0,,,,,0.3025085445971612,0.0,,1.0,0.7701252338324355,0.0,,1.0,-0.5741028392084597,0,,1,0.1516826336480528,0,,1,12.590808794684724,0.0,,1.0,0.7906958265790995,0,,1,1.5536432784789678,0.0,,1.0,4.33474899479108,0.0,,1.0,-0.9900888598146171,0.0,,1.0,-0.8849729526229888,0.0,,1.0,0.9888692643146709,0.0,,1.0,5.741654015123997,0.0,,1.0,,,,,-0.3251035882491745,0,,1,,,,,,,,,,,,,1.4186499126712997,0.0,,1.0,-6.387401238630459,0,,1,-0.2474103091595401,0,,1,-6.083306608786841,0.0,,1.0,-0.8408068098883814,0.0,,1.0,20.57884557651973,0.0,,1.0,1.2959503890327069,0.0,,1.0,4.460917174785235,0,,1,-0.07177599316860946,0.0,,1.0,2.044879576231233,0,,1,2.601927232614604,0,,1,3.428141547705758,0,,1,1.2668389264977238,0,,1,-2.973278806876012,0,,1,0.0,0.0,,1.0,-0.924879270835044,0,,1,-2.7242143674811072,0.0,,1.0,-6.449109795819259,0.0,,1.0,1.2402052498468212,0.0,,1.0,0.037878134358564054,0.0,,1.0,3.000687320648953,0.0,,1.0,-5.1298434307235645,0,,1,-2.427109523432305,0.0,,1.0,-7.4932981330446955,0.0,,1.0,-0.8666616520871597,0,,1,-1.353651112139599,0,,1,1.9531351073639902,0,,1,2.1887700026866925,0,,1,1.2672021004285094,0,,1,-1.2155451682045717,0,,1,88d7aa5ab21354eac8119cc19adf4b186389f2fb3dc144db736d63518e4a5a5c,0.3,2018-01-15T01:30:00+00:00,2018-02-09T01:30:00+00:00,publication,pseudo_real_time,,,,,,,,,0.28316830300855533,0.0,,1.0,8.508725152023409,0.0,,1.0,-6.458753598831865,0.0,,1.0,0.2053225870877531,0.0,,1.0,0.22664228970114658,0.0,,1.0,,,,,,,,,,,,,,,,,,,,,,,,,,,,,,,,,,,,,,,,,,,,,,,,,,,,,,,,,,,,,,,,,,,,,,,,,,,,,,,,,,,,,,,,,,,,,,,,,,,,,,,,,,,,,,,,,,,,,,,,,,,,,,,,,,,,,,,,,,,,,,,,,,,,,,,,,,,,,,,,,,,,,,,,,,,,,,,,,,,,,,,,,,,,,,,,,,,,,,,,,,,,,,,,,,,,,,,,,,,,,,,,,,,,,,,,,,,,,,,,,,,,
2018-02,2018-02-14T09:30:00+08:00,early,-1.2626096243821372,-0.42581890357194474,-0.8943954027075423,4.079667704057576,50,0.0,1.0,,,,,0,1.0,-2.1070714349677213,0.0,,1.0,-1.1526732727731155,0.0,,1.0,-1.959000773920004,0.0,,1.0,-1.0577916539509336,0.0,,1.0,-0.49843914126646033,0.0,,1.0,-1.046345451482494,0.0,,1.0,-1.3843037928261352,0.0,,1.0,-3.046746549484043,0.0,,1.0,0.6846736710518438,0.0,,1.0,0.0,0.0,,1.0,-7.089099545016751,0.0,,1.0,,,,,4.555210271059162,0.0,,1.0,0.4546476198859887,0.0,,1.0,-0.4468308372738563,0,,1,-0.2175283316929098,0,,1,-1.619022104520817,0.0,,1.0,0.0,0,,1,-0.39978977774112345,0.0,,1.0,4.294222698178737,0.0,,1.0,-2.354495842096457,0.0,,1.0,-1.9776635479880325,0.0,,1.0,0.0,0.0,,1.0,-3.7843454936990533,0.0,,1.0,,,,,0.06474933307502467,0,,1,,,,,,,,,,,,,-0.9261786151280819,0.0,,1.0,5.6728295098627095,0,,1,-7.2678577263451425,0,,1,-15.419963628570956,0.0,,1.0,-2.4782290658269797,0.0,,1.0,-12.31938803008842,0.0,,1.0,0.6458893293873612,0.0,,1.0,1.4375558864653926,0,,1,-1.461189235911004,0.0,,1.0,-7.213906715696328,0,,1,-9.264591873343011,0,,1,-2.810994077904744,0,,1,0.23203180390650385,0,,1,-3.606778421700795,0,,1,0.1159900018385343,0.0,,1.0,1.8626660639968193,0,,1,-1.712185725941797,0.0,,1.0,-2.1085982637076586,0.0,,1.0,0.1643295793503994,0.0,,1.0,-0.40480696987003323,0.0,,1.0,1.5802924780208794,0.0,,1.0,-1.6725893370415739,0,,1,1.9299200442029183,0.0,,1.0,-2.136410272041518,0.0,,1.0,-1.5870316181456814,0,,1,-1.2888261818592084,0,,1,1.304645356570603,0,,1,-2.410682361303228,0,,1,1.9232745175715278,0,,1,4.4951036038418195,0,,1,d55e52fc08484f092243d760a2b6c320b9ac11bea1265298f83c918fbe7f1f46,-0.1,2018-02-14T01:30:00+00:00,2018-03-09T01:30:00+00:00,publication,pseudo_real_time,,,,,,,,,-0.39614428547692404,0.0,,1.0,-4.959749869276152,0.0,,1.0,-3.181756361512119,0.0,,1.0,3.539118020102857,0.0,,1.0,5.113676780296255,0.0,,1.0,,,,,,,,,,,,,,,,,,,,,,,,,,,,,,,,,,,,,,,,,,,,,,,,,,,,,,,,,,,,,,,,,,,,,,,,,,,,,,,,,,,,,,,,,,,,,,,,,,,,,,,,,,,,,,,,,,,,,,,,,,,,,,,,,,,,,,,,,,,,,,,,,,,,,,,,,,,,,,,,,,,,,,,,,,,,,,,,,,,,,,,,,,,,,,,,,,,,,,,,,,,,,,,,,,,,,,,,,,,,,,,,,,,,,,,,,,,,,,,,,,,,
2018-03,2018-03-14T09:30:00+08:00,early,,,,,0,1.0,1.0,,,,,0,1.0,,1.0,,1.0,,1.0,,1.0,,1.0,,1.0,,1.0,,1.0,,1.0,,1.0,,1.0,,1.0,,1.0,,1.0,,1.0,,1.0,,1.0,,1.0,,1.0,,1.0,,1.0,,1.0,,,,,,1.0,,1.0,,1.0,,1.0,,1,,1,,1,,1,,1.0,,1.0,,1,,1,,1.0,,1.0,,1.0,,1.0,,1.0,,1.0,,1.0,,1.0,,1.0,,1.0,,1.0,,1.0,,,,,,1,,1,,,,,,,,,,,,,,1.0,,1.0,,1,,1,,1,,1,,1.0,,1.0,,1.0,,1.0,,1.0,,1.0,,1.0,,1.0,,1,,1,,1.0,,1.0,,1,,1,,1,,1,,1,,1,,1,,1,,1,,1,,1.0,,1.0,,1,,1,,1.0,,1.0,,1.0,,1.0,,1.0,,1.0,,1.0,,1.0,,1.0,,1.0,,1,,1,,1.0,,1.0,,1.0,,1.0,,1,,1,,1,,1,,1,,1,,1,,1,,1,,1,,1,,1,38f10325a9696cb7ebc4bc2c86909f70447e49958b553357126f03596e4e5340,-0.2,2018-03-14T01:30:00+00:00,2018-04-11T01:30:00+00:00,publication,pseudo_real_time,,,,,,,,,,1.0,,1.0,,1.0,,1.0,,1.0,,1.0,,1.0,,1.0,,1.0,,1.0,,,,,,,,,,,,,,,,,,,,,,,,,,,,,,,,,,,,,,,,,,,,,,,,,,,,,,,,,,,,,,,,,,,,,,,,,,,,,,,,,,,,,,,,,,,,,,,,,,,,,,,,,,,,,,,,,,,,,,,,,,,,,,,,,,,,,,,,,,,,,,,,,,,,,,,,,,,,,,,,,,,,,,,,,,,,,,,,,,,,,,,,,,,,,,,,,,,,,,,,,,,,,,,,,,,,,,,,,,,,,,,,,,,,,,,,,,,,,,,,,,,,
2018-04,2018-04-16T09:30:00+08:00,early,-1.6558893410774014,-0.8535803235152056,-1.3334528243229182,3.281988926137886,50,0.0,1.0,,,,,0,1.0,-3.478420631105825,0.0,,1.0,-1.3331699477149086,0.0,,1.0,-1.4263397406927303,0.0,,1.0,0.7040000280004252,0.0,,1.0,-1.6775184169881934,0.0,,1.0,-1.6401296231041005,0.0,,1.0,-1.4141730372482348,0.0,,1.0,-0.13875020773611346,0.0,,1.0,-2.7095725996592157,0.0,,1.0,0.0,0.0,,1.0,-0.6331402354826569,0.0,,1.0,,,,,0.0,0.0,,1.0,-0.7601477105555086,0.0,,1.0,-0.305085775165007,0,,1,-1.0038361738272081,0,,1,-3.6093788762620482,0.0,,1.0,-0.3478313563973697,0,,1,-1.0558418601829311,0.0,,1.0,-0.5064798193770536,0.0,,1.0,-0.9470129364749027,0.0,,1.0,-1.2899928799265283,0.0,,1.0,-1.259852335920956,0.0,,1.0,0.8438744167764963,0.0,,1.0,,,,,-0.027299796920996173,0,,1,,,,,,,,,,,,,1.4189600290558324,0.0,,1.0,-14.311002541129614,0,,1,-2.476230816194497,0,,1,4.2442630759272175,0.0,,1.0,-4.041762107169385,0.0,,1.0,-7.550754279294885,0.0,,1.0,0.0,0.0,,1.0,-0.1898767502677908,0,,1,1.6770437019572788,0.0,,1.0,-8.196033836011402,0,,1,3.8580631259467637,0,,1,-3.1698322847089004,0,,1,1.5796864532211237,0,,1,-2.985749985466841,0,,1,-0.19257078053777185,0.0,,1.0,-6.713077317842051,0,,1,0.4349563820439968,0.0,,1.0,-5.977445953703186,0.0,,1.0,-2.656431347189288,0.0,,1.0,-0.4789786692373448,0.0,,1.0,-0.7189868443321443,0.0,,1.0,-3.598219514102139,0,,1,-4.232746674344366,0.0,,1.0,-7.048576052748912,0.0,,1.0,-1.5657338566120358,0,,1,2.8475630451130445,0,,1,-0.3758548279178976,0,,1,-0.3541161672796713,0,,1,-2.8102703880463045,0,,1,-5.998712799445083,0,,1,1e0a6e86e0f459ff034870ae2d37850577a4ce6fd8aff974a146e25da1058cf3,-0.2,2018-04-16T01:30:00+00:00,2018-05-10T01:30:00+00:00,publication,pseudo_real_time,,,,,,,,,0.03433786701050256,0.0,,1.0,-1.2944629069953393,0.0,,1.0,1.7361569971292223,0.0,,1.0,-1.625721834079948,0.0,,1.0,-1.1603238569015801,0.0,,1.0,,,,,,,,,,,,,,,,,,,,,,,,,,,,,,,,,,,,,,,,,,,,,,,,,,,,,,,,,,,,,,,,,,,,,,,,,,,,,,,,,,,,,,,,,,,,,,,,,,,,,,,,,,,,,,,,,,,,,,,,,,,,,,,,,,,,,,,,,,,,,,,,,,,,,,,,,,,,,,,,,,,,,,,,,,,,,,,,,,,,,,,,,,,,,,,,,,,,,,,,,,,,,,,,,,,,,,,,,,,,,,,,,,,,,,,,,,,,,,,,,,,,
2018-05,2018-05-14T09:30:00+08:00,early,0.745696070153862,0.4769110987123421,0.9116939139740463,3.76176968796016,50,0.0,1.0,,,,,0,1.0,3.1307624345492084,0.0,,1.0,-1.2368589215157058,0.0,,1.0,1.0714767435485097,0.0,,1.0,1.1618163491472442,0.0,,1.0,0.7110671383172744,0.0,,1.0,-1.3093124296893275,0.0,,1.0,0.9255567920760231,0.0,,1.0,1.3779324224716276,0.0,,1.0,2.267555766751649,0.0,,1.0,0.0,0.0,,1.0,-0.7016943228169203,0.0,,1.0,,,,,0.7388130141685236,0.0,,1.0,-0.2855075493671254,0.0,,1.0,0.8912576148894276,0,,1,-1.8019860075302232,0,,1,2.7395516848764663,0.0,,1.0,-0.02630540621593458,0,,1,-1.5861242379042746,0.0,,1.0,-5.208643843324361,0.0,,1.0,-0.26424464004623965,0.0,,1.0,3.5818104149726393,0.0,,1.0,0.32206202542024065,0.0,,1.0,3.9515175306314507,0.0,,1.0,,,,,-0.03943107194346297,0,,1,,,,,,,,,,,,,2.819135481548173,0.0,,1.0,-1.2366907554094573,0,,1,7.983637081399133,0,,1,-3.885474643668849,0.0,,1.0,3.8547841937208642,0.0,,1.0,-2.3806679964338375,0.0,,1.0,0.0,0.0,,1.0,-2.803082949285088,0,,1,2.853688875437289,0.0,,1.0,-2.4403974834344195,0,,1,6.817651613734468,0,,1,1.4162664834950673,0,,1,0.0,0,,1,-15.744556825507933,0,,1,-0.544903497590178,0.0,,1.0,1.9592181015665364,0,,1,0.6317601720044436,0.0,,1.0,6.179974441506637,0.0,,1.0,2.252821346002469,0.0,,1.0,1.576289380789731,0.0,,1.0,5.854107289123404,0.0,,1.0,-0.25885768294494726,0,,1,4.047715517134152,0.0,,1.0,5.684305282006956,0.0,,1.0,-0.2520550848656066,0,,1,-2.8974702942867534,0,,1,0.3201159294491447,0,,1,2.16854678921637,0,,1,-1.0606606488914845,0,,1,5.017860174762948,0,,1,08a44511ab84dd720de08153a562c0e952225cfbcbbcd07bfa29711dd0b55ef9,0.4,2018-05-14T01:30:00+00:00,2018-06-09T01:30:00+00:00,publication,pseudo_real_time,,,,,,,,,-3.9664831522514645,0.0,,1.0,4.148762889034896,0.0,,1.0,3.3091101282331428,0.0,,1.0,1.698133369496928,0.0,,1.0,1.8511447767901483,0.0,,1.0,,,,,,,,,,,,,,,,,,,,,,,,,,,,,,,,,,,,,,,,,,,,,,,,,,,,,,,,,,,,,,,,,,,,,,,,,,,,,,,,,,,,,,,,,,,,,,,,,,,,,,,,,,,,,,,,,,,,,,,,,,,,,,,,,,,,,,,,,,,,,,,,,,,,,,,,,,,,,,,,,,,,,,,,,,,,,,,,,,,,,,,,,,,,,,,,,,,,,,,,,,,,,,,,,,,,,,,,,,,,,,,,,,,,,,,,,,,,,,,,,,,,
2018-06,2018-06-14T09:30:00+08:00,early,1.1880404319852047,0.06667333855684039,0.4273137359330036,4.136472933984989,50,0.0,1.0,,,,,0,1.0,0.43363959260778584,0.0,,1.0,0.6175087073734538,0.0,,1.0,0.4067854235888591,0.0,,1.0,1.134937641029172,0.0,,1.0,2.5857760926268187,0.0,,1.0,2.814521345443648,0.0,,1.0,2.7920605029192775,0.0,,1.0,-0.2604863030452802,0.0,,1.0,1.1246618062358305,0.0,,1.0,0.0,0.0,,1.0,6.980699140338273,0.0,,1.0,,,,,0.09760861279349566,0.0,,1.0,1.7657361940449332,0.0,,1.0,-2.480941107766314,0,,1,-2.3335472554330163,0,,1,1.2978737556260647,0.0,,1.0,-0.21953923298814196,0,,1,3.2327345680276136,0.0,,1.0,-3.276536394441818,0.0,,1.0,-0.30369462155355464,0.0,,1.0,1.2271152106422591,0.0,,1.0,0.6377403954860906,0.0,,1.0,0.6856949296231927,0.0,,1.0,,,,,2.7436433277495866,0,,1,,,,,,,,,,,,,-2.764510874529363,0.0,,1.0,-1.410099003171702,0,,1,1.6731966598445849,0,,1,-3.699283548178268,0.0,,1.0,1.881430049803237,0.0,,1.0,17.561513887976858,0.0,,1.0,0.0,0.0,,1.0,-0.08314312129439257,0,,1,4.386636145072943,0.0,,1.0,11.984941161876403,0,,1,-1.9565950532655272,0,,1,1.3257007486409322,0,,1,-0.9755967067509667,0,,1,-1.3682048959016593,0,,1,0.0,0.0,,1.0,0.03573806432018513,0,,1,-0.9818232219854274,0.0,,1.0,0.02020937534245177,0.0,,1.0,0.5868685369195038,0.0,,1.0,-1.458551524788767,0.0,,1.0,-0.04333617411608546,0.0,,1.0,-1.3562388704484218,0,,1,14.381446451621088,0.0,,1.0,-0.25459328285769983,0.0,,1.0,0.03137082427002158,0,,1,-3.5346444756962145,0,,1,7.156787920739449,0,,1,0.45508992212823496,0,,1,1.4055257789986604,0,,1,0.35428325380748393,0,,1,16e85ff5032d86606f9d15e8866a5fc2de1176ad42b9d2d91e52d960a936438c,0.3,2018-06-14T01:30:00+00:00,2018-07-10T01:30:00+00:00,publication,pseudo_real_time,,,,,,,,,-2.086361802996753,0.0,,1.0,0.6192079642377194,0.0,,1.0,3.528305714218486,0.0,,1.0,2.225688686035328,0.0,,1.0,1.7064754872392511,0.0,,1.0,,,,,,,,,,,,,,,,,,,,,,,,,,,,,,,,,,,,,,,,,,,,,,,,,,,,,,,,,,,,,,,,,,,,,,,,,,,,,,,,,,,,,,,,,,,,,,,,,,,,,,,,,,,,,,,,,,,,,,,,,,,,,,,,,,,,,,,,,,,,,,,,,,,,,,,,,,,,,,,,,,,,,,,,,,,,,,,,,,,,,,,,,,,,,,,,,,,,,,,,,,,,,,,,,,,,,,,,,,,,,,,,,,,,,,,,,,,,,,,,,,,,
2018-07,2018-07-16T09:30:00+08:00,early,-0.050744240813356246,-0.3950196854113508,-0.18839516472364945,3.559505569678476,50,0.0,1.0,,,,,0,1.0,-0.5820425341075737,0.0,,1.0,0.8478356563427255,0.0,,1.0,-0.738767985238281,0.0,,1.0,-0.8539896491268473,0.0,,1.0,-2.8884544226638393,0.0,,1.0,1.7664752738094625,0.0,,1.0,0.8677696715644165,0.0,,1.0,-0.6960210450886541,0.0,,1.0,0.46587526792683537,0.0,,1.0,0.0,0.0,,1.0,3.093110977598181,0.0,,1.0,,,,,0.14645426094168576,0.0,,1.0,0.4588756897534816,0.0,,1.0,-0.6613328846335127,0,,1,1.494529796430028,0,,1,-0.6362562238466171,0.0,,1.0,-0.33009518122554043,0,,1,1.9421605870086491,0.0,,1.0,3.11071388552487,0.0,,1.0,-0.5625503964292936,0.0,,1.0,-1.0544899297354167,0.0,,1.0,0.5714715553469808,0.0,,1.0,-0.7200674547429038,0.0,,1.0,,,,,0.8882082527474972,0,,1,,,,,,,,,,,,,0.11887156260228984,0.0,,1.0,3.2210661851320905,0,,1,0.7486566801356713,0,,1,-4.699329993003199,0.0,,1.0,-0.6589316916265221,0.0,,1.0,6.612200380257797,0.0,,1.0,0.0,0.0,,1.0,-0.650324956244747,0,,1,-1.6246012454344951,0.0,,1.0,3.0709228323191984,0,,1,-3.68546586910728,0,,1,-3.159313699801219,0,,1,0.19357889331486033,0,,1,17.03285515740025,0,,1,0.0,0.0,,1.0,-0.26850758048528606,0,,1,-0.9373677019460468,0.0,,1.0,-0.04553946837651046,0.0,,1.0,-0.2987864989271583,0.0,,1.0,-2.188031846909279,0.0,,1.0,-0.9850389201620843,0.0,,1.0,-0.9381125499678816,0,,1,-10.602366484822582,0.0,,1.0,-0.5464152494179012,0.0,,1.0,-0.6243284690597986,0,,1,3.5787947600912218,0,,1,1.1753694823408627,0,,1,-3.765261537144573,0,,1,-5.804611936050427,0,,1,-1.8118793789684797,0,,1,9c5e02d811ad062f986480015746bbbbb99dd93688a679015d9520cd6dcf9b8d,0.1,2018-07-16T01:30:00+00:00,2018-08-09T01:30:00+00:00,publication,pseudo_real_time,,,,,,,,,-0.5390337810089378,0.0,,1.0,-0.8289618995141208,0.0,,1.0,-0.868362576666154,0.0,,1.0,-0.4599441895971611,0.0,,1.0,-0.03974338475829517,0.0,,1.0,,,,,,,,,,,,,,,,,,,,,,,,,,,,,,,,,,,,,,,,,,,,,,,,,,,,,,,,,,,,,,,,,,,,,,,,,,,,,,,,,,,,,,,,,,,,,,,,,,,,,,,,,,,,,,,,,,,,,,,,,,,,,,,,,,,,,,,,,,,,,,,,,,,,,,,,,,,,,,,,,,,,,,,,,,,,,,,,,,,,,,,,,,,,,,,,,,,,,,,,,,,,,,,,,,,,,,,,,,,,,,,,,,,,,,,,,,,,,,,,,,,,
2018-08,2018-08-14T09:30:00+08:00,early,1.313571828929778,0.6154311509512651,1.21329064693567,4.088533781859879,47,0.1132075471698113,1.0,,,,,0,1.0,1.6064403599621526,0.0,,1.0,1.4755446825001284,0.2222222222222222,,1.0,5.115153856909028,0.0,,1.0,-0.1861138986969936,0.0,,1.0,-1.61488180706125,0.0,,1.0,-2.5878385106874795,0.0,,1.0,-3.0753600966787014,0.5,,1.0,-1.8017451078471654,0.5,,1.0,4.250971893589257,0.0,,1.0,0.0,0.0,,1.0,-1.3350626381393456,0.0,,1.0,,,,,,1.0,,1.0,-2.5334450659680083,0.0,,1.0,-1.830124109442742,0,,1,0.28496017764258075,0,,1,-4.815657555218057,0.0,,1.0,0.0,0,,1,-4.2177515003302,0.0,,1.0,0.27267459003834144,0.0,,1.0,0.4348631392080555,0.0,,1.0,0.31406538133557516,0.0,,1.0,-3.033087956509647,0.0,,1.0,-2.1788963157028993,0.0,,1.0,,,,,-0.34567750295035,0,,1,,,,,,,,,,1.0,,1.0,5.817988315465902,0.0,,1.0,7.452645641334598,0,,1,7.040328436603619,0,,1,0.7053899777646465,0.0,,1.0,0.6154311509512651,0.0,,1.0,-7.645281198038502,0.0,,1.0,-0.9579784440043405,0.0,,1.0,0.22773209375530548,0,,1,-2.7086767942421908,0.0,,1.0,11.33695042014737,0,,1,2.3164226432449824,0,,1,-0.22180874931850444,0,,1,0.798221304500203,0,,1,9.370149323517069,0,,1,,1.0,,1.0,7.931262251681001,0,,1,2.15033509815121,0.0,,1.0,2.8027995756228314,0.0,,1.0,4.135177348791044,0.0,,1.0,2.949731734927565,0.0,,1.0,2.6589085150365985,0.0,,1.0,-1.0916800163652287,0,,1,5.502304862262725,0.0,,1.0,3.935643301858834,0.0,,1.0,1.5358396107963543,0,,1,1.7466517147139637,0,,1,-7.304334608948987,0,,1,2.441578493587476,0,,1,-1.374962363564985,0,,1,9.764203596398747,0,,1,f25e9789e8ee3ef0ea6937d8a34e42deb7ec3463bdfd4652e83ba6d72e4ed3e2,0.4,2018-08-14T01:30:00+00:00,2018-09-10T01:30:00+00:00,publication,pseudo_real_time,,,,,,,,,,1.0,,1.0,-1.4245938999914316,0.0,,1.0,3.4350124615355693,0.0,,1.0,3.2266592574547635,0.0,,1.0,3.552964260106789,0.0,,1.0,,1.0,,1.0,,1.0,,1.0,,,,,,,,,,,,,,,,,,,,,,,,,,,,,,,,,,,,,,,,,,,,,,,,,,,,,,,,,,,,,,,,,,,,,,,,,,,,,,,,,,,,,,,,,,,,,,,,,,,,,,,,,,,,,,,,,,,,,,,,,,,,,,,,,,,,,,,,,,,,,,,,,,,,,,,,,,,,,,,,,,,,,,,,,,,,,,,,,,,,,,,,,,,,,,,,,,,,,,,,,,,,,,,,,,,,,,,,,,,,,,,,,,,,,,,,,,,,
2018-09,2018-09-14T09:30:00+08:00,early,2.2251452628568296,1.1449837578877944,1.6107250458555376,4.055346273492422,49,0.039215686274509776,1.0,,,,,0,1.0,2.47287539389885,0.0,,1.0,1.3780749599993645,0.0,,1.0,3.824307453948587,0.0,,1.0,0.7425690799466945,0.0,,1.0,1.0611830212749471,0.0,,1.0,2.576410169535979,0.0,,1.0,0.8936249876400355,0.0,,1.0,-0.845692917275066,0.5,,1.0,3.2383986095081787,0.0,,1.0,0.0,0.0,,1.0,0.10402667730111709,0.0,,1.0,,,,,,,,,0.4724616977562012,0.0,,1.0,0.07618291989141836,0,,1,0.780009523906341,0,,1,2.5768482856189894,0.0,,1.0,0.5916203113060964,0,,1,-1.7096548789118478,0.0,,1.0,-0.5499968235107324,0.0,,1.0,2.5224822940100515,0.0,,1.0,1.7377229479212501,0.0,,1.0,1.0311951905838386,0.0,,1.0,-0.11475731920643756,0.0,,1.0,,,,,-0.13077621748558385,0,,1,,,,,,,,,,1.0,,1.0,14.850352777726414,0.0,,1.0,-3.292725731003894,0,,1,7.550431376070227,0,,1,4.341565581834498,0.0,,1.0,1.492568900696259,0.0,,1.0,17.92989986026885,0.0,,1.0,0.26934582925944606,0.0,,1.0,1.1449837578877944,0,,1,-1.502835333903875,0.0,,1.0,0.21149985611984526,0,,1,4.745249817175384,0,,1,-1.6639624271667368,0,,1,0.7180874384066765,0,,1,11.460891425868319,0,,1,,,,,1.292131574096326,0,,1,3.7305425737439584,0.0,,1.0,2.8583251483118617,0.0,,1.0,0.0639736146629346,0.0,,1.0,-0.9133746340408816,0.0,,1.0,-2.1328414029437255,0.0,,1.0,6.9690541579528125,0,,1,-1.0468370896818298,0.0,,1.0,3.415064285166519,0.0,,1.0,2.8110887872871606,0,,1,1.973645681722287,0,,1,2.6019619359503148,0,,1,2.072302831327428,0,,1,1.2344297449887829,0,,1,5.581962874788424,0,,1,11895402dfed91b0234e93fc1aca8599ab943507dd26df83b97acc7aae55c59b,0.6,2018-09-14T01:30:00+00:00,2018-10-16T01:30:00+00:00,publication,pseudo_real_time,,,,,,,,,,1.0,,1.0,-1.5766285153436945,0.0,,1.0,5.411954680623516,0.0,,1.0,4.4343137561478585,0.0,,1.0,4.608330136804687,0.0,,1.0,0.0,0.0,,1.0,0.0,0.0,,1.0,,,,,,,,,,,,,,,,,,,,,,,,,,,,,,,,,,,,,,,,,,,,,,,,,,,,,,,,,,,,,,,,,,,,,,,,,,,,,,,,,,,,,,,,,,,,,,,,,,,,,,,,,,,,,,,,,,,,,,,,,,,,,,,,,,,,,,,,,,,,,,,,,,,,,,,,,,,,,,,,,,,,,,,,,,,,,,,,,,,,,,,,,,,,,,,,,,,,,,,,,,,,,,,,,,,,,,,,,,,,,,,,,,,,,,,,,,,,
2018-10,2018-10-15T09:30:00+08:00,early,1.02715509386511,0.032134151046439685,0.841449720243942,3.417357178790703,50,0.0,1.0,,,,,0,1.0,-0.7417629946302394,0.0,,1.0,1.0241631460285592,0.0,,1.0,1.9033318162484072,0.0,,1.0,-2.72397143287221,0.0,,1.0,1.7523365108365738,0.0,,1.0,-0.1555596871624407,0.0,,1.0,2.464076774371371,0.0,,1.0,0.9667785038670518,0.0,,1.0,3.4234382601694247,0.0,,1.0,0.0,0.0,,1.0,1.3507492571569906,0.0,,1.0,,,,,,,,,0.9570203825731975,0.0,,1.0,2.444692260984161,0,,1,-0.013149992113690634,0,,1,5.687456569885512,0.0,,1.0,0.0,0,,1,0.1525673518716224,0.0,,1.0,-0.05667718176308472,0.0,,1.0,-0.030380558084382468,0.0,,1.0,-1.799008032239012,0.0,,1.0,0.5273739003596826,0.0,,1.0,2.391116765244396,0.0,,1.0,,,,,-0.5673790211119987,0,,1,,,,,,,,,-0.7678025559393932,0.0,,1.0,-6.1207795807262775,0.0,,1.0,4.621560579996149,0,,1,3.8713823610824023,0,,1,2.912003538410208,0.0,,1.0,-1.6670922731902782,0.0,,1.0,-5.656730378654794,0.0,,1.0,2.987528115476291,0.0,,1.0,-0.7897619478930245,0,,1,-6.3024867157485165,0.0,,1.0,-0.5454120161985239,0,,1,4.02785287018205,0,,1,3.953561150256788,0,,1,0.02885139322966881,0,,1,11.746274286491623,0,,1,,,,,-0.5035737451764327,0,,1,-1.8694275828681137,0.0,,1.0,0.035416908863210556,0.0,,1.0,7.912865340423626,0.0,,1.0,2.020195543578732,0.0,,1.0,-1.914368176429069,0.0,,1.0,-0.18953176560202747,0,,1,0.6337822248674104,0.0,,1.0,-0.08968716698390339,0.0,,1.0,-0.8998268461470711,0,,1,8.333846247057295,0,,1,-1.804798995120602,0,,1,-1.022531985856431,0,,1,5.88311587406654,0,,1,-1.6809341391377952,0,,1,e0d27a6094d92c6a4962ded842b0da152ef2af0f22cf3f193db8b6e5aa908ac7,0.4,2018-10-15T01:30:00+00:00,2018-11-09T01:30:00+00:00,publication,pseudo_real_time,,,,,,,,,,,,,1.2770213022961525,0.0,,1.0,4.636328545286582,0.0,,1.0,3.6953633407721895,0.0,,1.0,3.6871433406495546,0.0,,1.0,0.35402449607161024,0.0,,1.0,-0.4799985968937181,0.0,,1.0,,,,,,,,,,,,,,,,,,,,,,,,,,,,,,,,,,,,,,,,,,,,,,,,,,,,,,,,,,,,,,,,,,,,,,,,,,,,,,,,,,,,,,,,,,,,,,,,,,,,,,,,,,,,,,,,,,,,,,,,,,,,,,,,,,,,,,,,,,,,,,,,,,,,,,,,,,,,,,,,,,,,,,,,,,,,,,,,,,,,,,,,,,,,,,,,,,,,,,,,,,,,,,,,,,,,,,,,,,,,,,,,,,,,,,,,,,,,
2018-11,2018-11-14T09:30:00+08:00,early,-1.1902820030589416,-0.31544563016178717,-0.7673983467947423,4.820312398505296,50,0.0,1.0,,,,,0,1.0,-0.03671874482812696,0.0,,1.0,0.8308391280851077,0.0,,1.0,-5.411153712223772,0.0,,1.0,-3.3218296420859237,0.0,,1.0,-1.7686380108397877,0.0,,1.0,2.466156403181103,0.0,,1.0,0.6541688773139535,0.0,,1.0,3.7337323885080753,0.0,,1.0,-4.202620206089722,0.0,,1.0,0.0,0.0,,1.0,1.3343547285520134,0.0,,1.0,,,,,,,,,0.8860224917266114,0.0,,1.0,4.4961427968177174,0,,1,1.4454456906397917,0,,1,-0.2537032301822505,0.0,,1.0,0.0,0,,1,1.935515109419479,0.0,,1.0,1.4060216863641841,0.0,,1.0,-1.0611918389804507,0.0,,1.0,-1.1954736026276627,0.0,,1.0,0.8816154425391522,0.0,,1.0,4.781342616978034,0.0,,1.0,,,,,-0.6191000403428811,0,,1,,,,,,,,,-0.7194815002293696,0.0,,1.0,-10.285410493404786,0.0,,1.0,1.4447449668540722,0,,1,-13.408431018173195,0,,1,-1.5371068623999742,0.0,,1.0,-2.3878703775897434,0.0,,1.0,5.779876121864457,0.0,,1.0,6.374043970353839,0.0,,1.0,3.097855051253684,0,,1,-7.880241108848039,0.0,,1.0,0.545666427585866,0,,1,-6.079008049399189,0,,1,-1.4322939410209214,0,,1,0.1886967799769168,0,,1,6.682278935566342,0,,1,,,,,-9.089704018811904,0,,1,-2.085247817409732,0.0,,1.0,1.618088519580817,0.0,,1.0,-2.0277985156830303,0.0,,1.0,-1.698950891891897,0.0,,1.0,-3.2843387819075613,0.0,,1.0,1.5000998235216725,0,,1,-15.371402541936574,0.0,,1.0,2.374891160872724,0.0,,1.0,0.43124366977555495,0,,1,-3.442208694653666,0,,1,0.020007944779029247,0,,1,-2.2337681859725804,0,,1,-3.4284978611446784,0,,1,-11.420095902369152,0,,1,868ae0baef9fbd7026ccad2c3124ad4f5106c9fad6942495ab4324cede6b0105,-0.2,2018-11-14T01:30:00+00:00,2018-12-09T01:30:00+00:00,publication,pseudo_real_time,,,,,,,,,,,,,7.139336048775561,0.0,,1.0,-3.0356381021861396,0.0,,1.0,-4.89404699007752,0.0,,1.0,-5.511046872932466,0.0,,1.0,0.8818551335720972,0.0,,1.0,-0.3771880301413238,0.0,,1.0,,,,,,,,,,,,,,,,,,,,,,,,,,,,,,,,,,,,,,,,,,,,,,,,,,,,,,,,,,,,,,,,,,,,,,,,,,,,,,,,,,,,,,,,,,,,,,,,,,,,,,,,,,,,,,,,,,,,,,,,,,,,,,,,,,,,,,,,,,,,,,,,,,,,,,,,,,,,,,,,,,,,,,,,,,,,,,,,,,,,,,,,,,,,,,,,,,,,,,,,,,,,,,,,,,,,,,,,,,,,,,,,,,,,,,,,,,,,
2018-12,2018-12-14T09:30:00+08:00,early,-3.7598430575640167,-2.3525186508220184,-3.3829461509107235,5.023705109428902,50,0.0,1.0,,,,,0,1.0,-8.826737819029272,0.0,,1.0,-0.6367229189013469,0.0,,1.0,-6.315333689235361,0.0,,1.0,-2.284733886768526,0.0,,1.0,-0.7930061393696255,0.0,,1.0,-1.3167224287894381,0.0,,1.0,-2.2662470057104542,0.0,,1.0,2.38391048447426,0.0,,1.0,-7.982385489573681,0.0,,1.0,0.0,0.0,,1.0,-3.310524475040197,0.0,,1.0,,,,,,,,,-0.19436437838265222,0.0,,1.0,-1.2384006932093896,0,,1,0.12106367884443538,0,,1,-3.4882165420911653,0.0,,1.0,0.0,0,,1,0.0,0.0,,1.0,0.5526061370040142,0.0,,1.0,-7.623061957415285,0.0,,1.0,-9.098453190036901,0.0,,1.0,-0.32343973297094036,0.0,,1.0,4.30714799686445,0.0,,1.0,,,,,-0.659392968724631,0,,1,,,,,,,,,-0.5437673803953668,0.0,,1.0,-6.0358829671032455,0.0,,1.0,-2.5315534543441838,0,,1,-8.15104482728054,0,,1,-3.2982090378273923,0.0,,1.0,-7.306338832314918,0.0,,1.0,-11.635557636424709,0.0,,1.0,2.383698609248221,0.0,,1.0,2.3098147210142512,0,,1,-0.7742420067474427,0.0,,1.0,-0.5578423980354171,0,,1,-17.663057358128995,0,,1,0.15395364506155787,0,,1,-0.3835695975935577,0,,1,-3.6435279549553368,0,,1,,,,,-9.085091579441428,0,,1,-6.079959653558134,0.0,,1.0,-11.106030533615527,0.0,,1.0,-9.151501313381763,0.0,,1.0,-2.173483847299853,0.0,,1.0,1.0411886977898779,0.0,,1.0,1.0744256209201475,0,,1,-8.428705849326535,0.0,,1.0,-11.413431645860413,0.0,,1.0,-6.413110754932588,0,,1,-6.199486653313644,0,,1,0.6782670492813097,0,,1,-1.4523446739049717,0,,1,-2.5519005779163977,0,,1,-4.715065682678943,0,,1,00e6169073966a4dd9fbc206fdf511e1ee9d29a56828a3d323ec3761d90242a9,-1.0,2018-12-14T01:30:00+00:00,2019-01-10T01:30:00+00:00,publication,pseudo_real_time,,,,,,,,,,,,,3.3883508369536965,0.0,,1.0,-13.550231754297295,0.0,,1.0,-11.402447071865259,0.0,,1.0,-11.875466232061251,0.0,,1.0,0.0,0.0,,1.0,0.056035341293472526,0.0,,1.0,,,,,,,,,,,,,,,,,,,,,,,,,,,,,,,,,,,,,,,,,,,,,,,,,,,,,,,,,,,,,,,,,,,,,,,,,,,,,,,,,,,,,,,,,,,,,,,,,,,,,,,,,,,,,,,,,,,,,,,,,,,,,,,,,,,,,,,,,,,,,,,,,,,,,,,,,,,,,,,,,,,,,,,,,,,,,,,,,,,,,,,,,,,,,,,,,,,,,,,,,,,,,,,,,,,,,,,,,,,,,,,,,,,,,,,,,,,,
2019-01,2019-01-14T09:30:00+08:00,early,-2.464382225726601,-1.9057801196084385,-2.107532976751447,4.064383974280503,42,0.27586206896551724,1.0,,,,,0,1.0,-0.8865110494580923,0.0,,1.0,,1.0,,1.0,-4.873259771030492,0.0,,1.0,-1.3707051808661683,0.0,,1.0,-1.2484079124918004,0.0,,1.0,-2.532848692465703,0.0,,1.0,-2.637894265745212,0.0,,1.0,-0.2953382512241414,0.0,,1.0,-2.302833980455016,0.0,,1.0,0.0,0.0,,1.0,-5.342267251598376,0.0,,1.0,,,,,,,,,-2.434662415183419,0.0,,1.0,,1,,1,,1,,1,-2.5714155456372603,0.0,,1.0,0.0,0,,1,-3.714553715340692,0.0,,1.0,-1.1984454689524815,0.0,,1.0,-0.753072913037933,0.0,,1.0,-0.38793823348226536,0.0,,1.0,-3.2387289987767764,0.0,,1.0,-0.5188591613463532,0.0,,1.0,,,,,,1,,1,,,,,,,,,0.5796339211182596,0.0,,1.0,-0.38007301762616735,0.0,,1.0,9.63662731089261,0,,1,-3.9053064413327196,0,,1,-5.026896037606505,0.0,,1.0,-0.03886217782898797,0.0,,1.0,-7.143550249006552,0.0,,1.0,0.0,0.0,,1.0,,1,,1,0.2574546350726028,0.0,,1.0,,1,,1,-6.039456727524282,0,,1,-2.909083034085823,0,,1,-6.671097665336697,0,,1,-15.351624870489694,0,,1,,,,,-14.762825279554036,0,,1,-4.369570177671108,0.0,,1.0,-2.1965021579148702,0.0,,1.0,-1.9386511816889858,0.0,,1.0,-1.223222238799963,0.0,,1.0,0.20274759166587691,0.0,,1.0,,1,,1,-5.355178901161726,0.0,,1.0,-2.2184144562155033,0.0,,1.0,0.2757236417310054,0,,1,,1,,1,-1.8729090575278913,0,,1,-1.1601121897764768,0,,1,0.9484726314229901,0,,1,1.14258295248057,0,,1,90be8c4cee122b9e2ad1cc8927233eb45caf490043c6f0568c46116a2e45d7d2,-0.6,2019-01-14T01:30:00+00:00,2019-02-15T01:30:00+00:00,publication,pseudo_real_time,,,,,,,,,,,,,-0.9467895134443306,0.0,,1.0,-6.897248687832196,0.0,,1.0,-2.6319209246300703,0.0,,1.0,-3.3480574744910236,0.0,,1.0,0.0,0.0,,1.0,,1.0,,1.0,,1.0,,1.0,,,,,,,,,,,,,,,,,,,,,,,,,,,,,,,,,,,,,,,,,,,,,,,,,,,,,,,,,,,,,,,,,,,,,,,,,,,,,,,,,,,,,,,,,,,,,,,,,,,,,,,,,,,,,,,,,,,,,,,,,,,,,,,,,,,,,,,,,,,,,,,,,,,,,,,,,,,,,,,,,,,,,,,,,,,,,,,,,,,,,,,,,,,,,,,,,,,,,,,,,,,,,,,,,,,,,,,,,,,,,,,,,,,,,,,,
2019-03,2019-03-14T09:30:00+08:00,early,,,,,0,1.0,1.0,,,,,0,1.0,,1.0,,1.0,,,,,,1.0,,1.0,,1.0,,1.0,,1.0,,1.0,,1.0,,1.0,,1.0,,1.0,,1.0,,1.0,,1.0,,1.0,,1.0,,1.0,,1.0,,1.0,,,,,,,,,,1.0,,1.0,,1,,1,,1,,1,,1.0,,1.0,,1,,1,,1.0,,1.0,,1.0,,1.0,,1.0,,1.0,,1.0,,1.0,,1.0,,1.0,,1.0,,1.0,,,,,,1,,1,,,,,,,,,,1.0,,1.0,,1.0,,1.0,,1,,1,,1,,1,,1.0,,1.0,,1.0,,1.0,,1.0,,1.0,,1.0,,1.0,,1,,1,,1.0,,1.0,,1,,1,,1,,1,,1,,1,,1,,1,,1,,1,,,,,,1,,1,,1.0,,1.0,,1.0,,1.0,,1.0,,1.0,,1.0,,1.0,,1.0,,1.0,,1,,1,,1.0,,1.0,,1.0,,1.0,,1,,1,,1,,1,,1,,1,,1,,1,,1,,1,,1,,1,71c3bcaafc3f89f8bb5866ee67fae7fd1893fb52cea85e7074a15d8e8c34f323,0.1,2019-03-14T01:30:00+00:00,2019-04-11T01:30:00+00:00,publication,pseudo_real_time,,,,,,,,,,,,,,1.0,,1.0,,1.0,,1.0,,1.0,,1.0,,1.0,,1.0,,1.0,,1.0,,1.0,,1.0,,1.0,,1.0,,,,,,,,,,,,,,,,,,,,,,,,,,,,,,,,,,,,,,,,,,,,,,,,,,,,,,,,,,,,,,,,,,,,,,,,,,,,,,,,,,,,,,,,,,,,,,,,,,,,,,,,,,,,,,,,,,,,,,,,,,,,,,,,,,,,,,,,,,,,,,,,,,,,,,,,,,,,,,,,,,,,,,,,,,,,,,,,,,,,,,,,,,,,,,,,,,,,,,,,,,,,,,,,,,,,,,,,,,,,,,,,,,,,,,,,
2019-04,2019-04-15T09:30:00+08:00,early,-0.39366847934384724,-0.26904685097212677,-0.25522678391365133,3.6712534646072084,50,0.0,1.0,,,,,0,1.0,1.2233694934184784,0.0,,1.0,,,,,-2.2222716266547806,0.0,,1.0,-3.0002643559874973,0.0,,1.0,0.5787354570576149,0.0,,1.0,-1.721682855544746,0.0,,1.0,1.8927083860267924,0.0,,1.0,-0.6342121735014096,0.0,,1.0,-0.782540883425935,0.0,,1.0,0.0,0.0,,1.0,-0.3907915879409261,0.0,,1.0,,,,,,,,,-0.268525454996577,0.0,,1.0,-0.2695682469476765,0,,1,-1.5977976298025616,0,,1,6.637377524835799,0.0,,1.0,0.3249699834686179,0,,1,-0.31979294605344466,0.0,,1.0,-1.6217352625219488,0.0,,1.0,-0.14488816974453095,0.0,,1.0,1.691083911874745,0.0,,1.0,-0.9526281916397391,0.0,,1.0,0.7467303407512473,0.0,,1.0,,,,,0.1867495678489653,0,,1,,,,,,,,,-2.52803154124606,0.0,,1.0,2.2056205366018338,0.0,,1.0,-7.133239975832012,0,,1,3.7795735500387324,0,,1,-11.132439833513196,0.0,,1.0,1.674058708343162,0.0,,1.0,-9.21406811707013,0.0,,1.0,0.0,0.0,,1.0,-0.8954596097110816,0,,1,-6.56415022651321,0.0,,1.0,9.97245224777084,0,,1,-1.361233543584683,0,,1,-0.7820325429166352,0,,1,-0.7606717436232565,0,,1,1.890811964820056,0,,1,,,,,-7.167717836608518,0,,1,-2.436642841449283,0.0,,1.0,1.4036580536153973,0.0,,1.0,-0.47279627648312966,0.0,,1.0,-1.3499373243581143,0.0,,1.0,2.2621178263088093,0.0,,1.0,7.7496933302979105,0,,1,-2.935263452782381,0.0,,1.0,1.570503716310447,0.0,,1.0,1.1458007401116503,0,,1,-0.23051418966432896,0,,1,-1.7600817488862122,0,,1,1.2588893940858294,0,,1,3.5981667259474777,0,,1,-4.161878326948487,0,,1,3e2723309f0c171f78a18e64f9ec874e7ce68369fe34e17f977d95f8919cd3be,0.3,2019-04-15T01:30:00+00:00,2019-05-09T01:30:00+00:00,publication,pseudo_real_time,,,,,,,,,,,,,-0.12133532000941626,0.0,,1.0,0.8620747779461535,0.0,,1.0,-0.7848764920569444,0.0,,1.0,-0.6581054170282828,0.0,,1.0,-0.568460778814496,0.0,,1.0,-0.059092239422770684,0.0,,1.0,1.857057903796162,0.0,,1.0,,,,,,,,,,,,,,,,,,,,,,,,,,,,,,,,,,,,,,,,,,,,,,,,,,,,,,,,,,,,,,,,,,,,,,,,,,,,,,,,,,,,,,,,,,,,,,,,,,,,,,,,,,,,,,,,,,,,,,,,,,,,,,,,,,,,,,,,,,,,,,,,,,,,,,,,,,,,,,,,,,,,,,,,,,,,,,,,,,,,,,,,,,,,,,,,,,,,,,,,,,,,,,,,,,,,,,,,,,,,,,,,,,,,,,,,
2019-05,2019-05-14T09:30:00+08:00,early,-0.16960275769003136,-0.07576275560407125,-0.08938735146197394,2.9144499074240047,50,0.0,1.0,,,,,0,1.0,1.0463584648889233,0.0,,1.0,,,,,-1.8443439531885126,0.0,,1.0,-1.4764539581217726,0.0,,1.0,-1.4086738902886136,0.0,,1.0,-0.019061928512420247,0.0,,1.0,-0.7261390820065167,0.0,,1.0,0.03930992474157927,0.0,,1.0,-0.31156098542267036,0.0,,1.0,0.0,0.0,,1.0,-1.1673067434188429,0.0,,1.0,,,,,,,,,-0.7852637370817742,0.0,,1.0,4.5668526789162005,0,,1,0.0741131074401874,0,,1,-1.345771668424552,0.0,,1.0,0.0,0,,1,-0.9360416986435383,0.0,,1.0,-1.3564311568778242,0.0,,1.0,-0.4524367058452234,0.0,,1.0,1.3310652398695029,0.0,,1.0,-0.5205317736211899,0.0,,1.0,0.4569239653586922,0.0,,1.0,,,,,0.2811076822272822,0,,1,,,,,,,,,-2.0249610603966564,0.0,,1.0,-6.116260897053326,0.0,,1.0,-6.324986251563017,0,,1,5.140862574933978,0,,1,0.42064896458967144,0.0,,1.0,1.4215915273008943,0.0,,1.0,3.4648348666373847,0.0,,1.0,0.0,0.0,,1.0,3.1039658331301756,0,,1,-1.1838646298479416,0.0,,1.0,0.19241780885482482,0,,1,-7.295084931086618,0,,1,-1.7635395271189747,0,,1,-2.4577880270022154,0,,1,-6.469682851850117,0,,1,,,,,0.5152647853575326,0,,1,-3.2454972445173764,0.0,,1.0,2.1337572676524945,0.0,,1.0,-1.3500574557259999,0.0,,1.0,-3.1047110500341546,0.0,,1.0,4.452643767017577,0.0,,1.0,7.825250996594909,0,,1,1.3469128522589109,0.0,,1.0,2.1255136251905475,0.0,,1.0,-0.2813401648346771,0,,1,1.9203125815321318,0,,1,-1.5589315124140637,0,,1,1.8368492569481643,0,,1,-4.14907377856958,0,,1,-0.8431127153586015,0,,1,dc1df50e1604fe621805864e9dd5368a5ae1c1f540971493d4ce1abe98339aa8,0.2,2019-05-14T01:30:00+00:00,2019-06-12T01:30:00+00:00,publication,pseudo_real_time,,,,,,,,,,,,,1.685966869262702,0.0,,1.0,2.3359405343455606,0.0,,1.0,-0.2560375040858587,0.0,,1.0,-0.30735723916446994,0.0,,1.0,0.3346611658238445,0.0,,1.0,-0.1515255112081425,0.0,,1.0,2.226561897185946,0.0,,1.0,,,,,,,,,,,,,,,,,,,,,,,,,,,,,,,,,,,,,,,,,,,,,,,,,,,,,,,,,,,,,,,,,,,,,,,,,,,,,,,,,,,,,,,,,,,,,,,,,,,,,,,,,,,,,,,,,,,,,,,,,,,,,,,,,,,,,,,,,,,,,,,,,,,,,,,,,,,,,,,,,,,,,,,,,,,,,,,,,,,,,,,,,,,,,,,,,,,,,,,,,,,,,,,,,,,,,,,,,,,,,,,,,,,,,,,,
2019-06,2019-06-14T09:30:00+08:00,early,,,,,0,1.0,1.0,,,,,0,1.0,,1.0,,1.0,,,,,,1.0,,1.0,,1.0,,1.0,,1.0,,1.0,,1.0,,1.0,,1.0,,1.0,,1.0,,1.0,,1.0,,1.0,,1.0,,1.0,,1.0,,1.0,,,,,,,,,,1.0,,1.0,,1,,1,,1,,1,,1.0,,1.0,,1,,1,,1.0,,1.0,,1.0,,1.0,,1.0,,1.0,,1.0,,1.0,,1.0,,1.0,,1.0,,1.0,,,,,,1,,1,,,,,,,,,,1.0,,1.0,,1.0,,1.0,,1,,1,,1,,1,,1.0,,1.0,,1.0,,1.0,,1.0,,1.0,,1.0,,1.0,,1,,1,,1.0,,1.0,,1,,1,,1,,1,,1,,1,,1,,1,,1,,1,,,,,,1,,1,,1.0,,1.0,,1.0,,1.0,,1.0,,1.0,,1.0,,1.0,,1.0,,1.0,,1,,1,,1.0,,1.0,,1.0,,1.0,,1,,1,,1,,1,,1,,1,,1,,1,,1,,1,,1,,1,b858e700c6df441f854d52fdeabbacb075d606918543695c6cf424142a70cccc,-0.3,2019-06-14T01:30:00+00:00,2019-07-10T01:30:00+00:00,publication,pseudo_real_time,,,,,,,,,,,,,,1.0,,1.0,,1.0,,1.0,,1.0,,1.0,,1.0,,1.0,,1.0,,1.0,,1.0,,1.0,,1.0,,1.0,,,,,,,,,,,,,,,,,,,,,,,,,,,,,,,,,,,,,,,,,,,,,,,,,,,,,,,,,,,,,,,,,,,,,,,,,,,,,,,,,,,,,,,,,,,,,,,,,,,,,,,,,,,,,,,,,,,,,,,,,,,,,,,,,,,,,,,,,,,,,,,,,,,,,,,,,,,,,,,,,,,,,,,,,,,,,,,,,,,,,,,,,,,,,,,,,,,,,,,,,,,,,,,,,,,,,,,,,,,,,,,,,,,,,,,,
2019-07,2019-07-15T09:30:00+08:00,early,-0.8496997112992589,-0.24249499696191493,-0.7959165880528811,4.144783687440127,47,0.1132075471698113,1.0,,,,,0,1.0,0.029927165783338427,0.0,,1.0,,,,,-0.27676651258510176,0.0,,1.0,-2.246815818562033,0.0,,1.0,-1.7525339357499368,0.0,,1.0,-0.9244270681901756,0.0,,1.0,-0.7833308156057931,0.0,,1.0,-1.1479029793182447,0.0,,1.0,-2.831575044678976,0.6666666666666666,,1.0,0.658165946631369,0.0,,1.0,-1.210663615058743,0.0,,1.0,,,,,,,,,-0.7442199275254909,0.0,,1.0,0.9846849561561356,0,,1,-2.020099915851671,0,,1,-0.8968338347967213,0.0,,1.0,0.0,0,,1,0.7316883371488246,0.0,,1.0,0.5705649142929637,0.0,,1.0,-1.381948763978647,0.0,,1.0,-0.6093844720394948,0.0,,1.0,0.8534349111390137,0.0,,1.0,-2.427720683212602,0.0,,1.0,,,,,-0.7272510851325876,0,,1,,,,,,,,,1.8146824814399762,0.0,,1.0,8.824039936277654,0.0,,1.0,-4.635309580822735,0,,1,-3.7295692767442254,0,,1,-1.89411029017779,0.0,,1.0,0.1196310787739659,0.0,,1.0,-8.875435753660934,0.0,,1.0,0.9929780412743936,0.0,,1.0,-0.19330623354374638,0,,1,-0.20612695441161233,0.0,,1.0,8.391869564292772,0,,1,-3.1921357477529075,0,,1,0.22955052343954555,0,,1,-0.12984627646996763,0,,1,-15.595806111926969,0,,1,,,,,9.919388713165105,0,,1,-7.192486447905856,0.0,,1.0,0.7134147197308697,0.0,,1.0,2.909959076548511,0.0,,1.0,0.991794168798567,0.0,,1.0,1.179103285892746,0.0,,1.0,-1.9928307770827385,0,,1,1.3667703171171501,0.0,,1.0,0.5728474693232167,0.0,,1.0,0.7650029628901199,0,,1,-3.2995352968888176,0,,1,-0.65097229461823,0,,1,-1.9613783899832464,0,,1,-4.627335581837817,0,,1,-7.2766684737930865,0,,1,fba90c11e89f45ed978edbe0a72f508191e7a74b9cdba4ca4743c72b8c13fa71,-0.2,2019-07-15T01:30:00+00:00,2019-08-09T01:30:00+00:00,publication,pseudo_real_time,,,,,,,,,,,,,-2.830670736182108,0.0,,1.0,,1.0,,1.0,,1.0,,1.0,,1.0,,1.0,-0.24249499696191493,0.0,,1.0,-3.98131631703741,0.0,,1.0,-0.354723138136008,0.0,,1.0,,1.0,,1.0,,1.0,,1.0,,1.0,,1.0,,,,,,,,,,,,,,,,,,,,,,,,,,,,,,,,,,,,,,,,,,,,,,,,,,,,,,,,,,,,,,,,,,,,,,,,,,,,,,,,,,,,,,,,,,,,,,,,,,,,,,,,,,,,,,,,,,,,,,,,,,,,,,,,,,,,,,,,,,,,,,,,,,,,,,,,,,,,,,,,,,,,,,,,,,,,,,,,,,,,,,,,,,,,,,,,,,,,,,,,,,,,,,,,,,,,,,,,,,,,
2019-08,2019-08-14T09:30:00+08:00,early,-0.5243160945779282,-0.6781268901322437,-0.6646379254433079,3.111830152899946,50,0.0,1.0,,,,,0,1.0,-0.7391131904193865,0.0,,1.0,,,,,-2.8867821860373533,0.0,,1.0,-1.6929119378783828,0.0,,1.0,0.18641718056247508,0.0,,1.0,-0.4288407453488627,0.0,,1.0,0.9785244449875776,0.0,,1.0,-0.465211965487017,0.0,,1.0,0.7825727786029911,0.0,,1.0,0.10065438004789456,0.0,,1.0,6.750611131262377,0.0,,1.0,,,,,,,,,0.0,0.0,,1.0,-0.9528352307406269,0,,1,-0.035338194530380895,0,,1,-3.119938542675345,0.0,,1.0,-0.682106285373022,0,,1,-1.174496632153997,0.0,,1.0,-1.3382078912075732,0.0,,1.0,0.8958425563926189,0.0,,1.0,-0.6741474948914655,0.0,,1.0,-1.4486037076872513,0.0,,1.0,-1.1894504799513306,0.0,,1.0,,,,,-1.8901393628591472,0,,1,,,,,,,,,0.9170322674671325,0.0,,1.0,-8.165890753849654,0.0,,1.0,-2.137437976146773,0,,1,-3.85702149054364,0,,1,1.4900929026705299,0.0,,1.0,-0.9429026120977412,0.0,,1.0,2.055429343474837,0.0,,1.0,-0.413900044495032,0.0,,1.0,0.5291569352054519,0,,1,-2.755980517047712,0.0,,1.0,11.677517732942757,0,,1,-6.981871480887375,0,,1,-0.16662996851613643,0,,1,0.0,0,,1,-6.353070535646481,0,,1,,,,,-2.1963688747458208,0,,1,-2.4234096766353317,0.0,,1.0,-1.5205979094841668,0.0,,1.0,-0.08877227507985,0.0,,1.0,-3.390458452750437,0.0,,1.0,-1.0276095927527304,0.0,,1.0,-0.215300953194299,0,,1,-3.3787822296915913,0.0,,1.0,-2.0544832354542324,0.0,,1.0,-0.138390446981332,0,,1,-0.5219939324696309,0,,1,2.1823282003269613,0,,1,0.3133230685853089,0,,1,-1.5833525781462334,0,,1,1.2249094323598775,0,,1,c82d48141c84b7bfba4ea9c94b19126f6612f7ed0b43a6ae0ef9314ca43a2e64,-0.1,2019-08-14T01:30:00+00:00,2019-09-10T01:30:00+00:00,publication,pseudo_real_time,,,,,,,,,,,,,-1.1232176839768528,0.0,,1.0,,,,,,,,,,,,,-0.6950992536242989,0.0,,1.0,-0.4047925216530232,0.0,,1.0,1.0232843090876376,0.0,,1.0,2.489530869416711,0.0,,1.0,3.9522178065342133,0.0,,1.0,4.248147462357435,0.0,,1.0,,,,,,,,,,,,,,,,,,,,,,,,,,,,,,,,,,,,,,,,,,,,,,,,,,,,,,,,,,,,,,,,,,,,,,,,,,,,,,,,,,,,,,,,,,,,,,,,,,,,,,,,,,,,,,,,,,,,,,,,,,,,,,,,,,,,,,,,,,,,,,,,,,,,,,,,,,,,,,,,,,,,,,,,,,,,,,,,,,,,,,,,,,,,,,,,,,,,,,,,,,,,,,,,,,,,,,,,,,,,
2019-09,2019-09-16T09:30:00+08:00,early,0.03461897702187835,-0.04812730393951328,-0.11713388845707698,5.5620631678873,50,0.0,1.0,,,,,0,1.0,-1.8018454726421547,0.0,,1.0,,,,,-1.7412912003881202,0.0,,1.0,-0.0757933058135767,0.0,,1.0,1.2464240203754495,0.0,,1.0,-1.2462353988447248,0.0,,1.0,-1.91399475365656,0.0,,1.0,0.9794104480075482,0.0,,1.0,0.7776543455582261,0.0,,1.0,0.0,0.0,,1.0,-3.9334669753396683,0.0,,1.0,,,,,,,,,0.0,0.0,,1.0,0.03001292533905869,0,,1,0.8556424599625976,0,,1,-1.8085172856300118,0.0,,1.0,0.0,0,,1,-0.06850994967771247,0.0,,1.0,-1.5434174479986758,0.0,,1.0,0.42360338541222825,0.0,,1.0,-2.1229304746625313,0.0,,1.0,-0.07677548845232547,0.0,,1.0,0.9838362272981906,0.0,,1.0,,,,,-6.111120791666693,0,,1,,,,,,,,,2.5930739612022724,0.0,,1.0,-0.23580904902584277,0.0,,1.0,-2.539167709541705,0,,1,2.2001192313252087,0,,1,1.057284437788044,0.0,,1.0,-1.9432735355894835,0.0,,1.0,-3.490766478938243,0.0,,1.0,-3.5441784268461167,0.0,,1.0,0.011156028613590835,0,,1,-0.199635259239416,0.0,,1.0,25.430431124373083,0,,1,-2.027582460249881,0,,1,0.16866932346989155,0,,1,-0.10821448425220592,0,,1,-23.558618692070308,0,,1,,,,,6.288486202714333,0,,1,-0.027744658201314096,0.0,,1.0,-2.4856448843162147,0.0,,1.0,-0.8335753742665115,0.0,,1.0,-3.460737930671028,0.0,,1.0,-1.5095627377598495,0.0,,1.0,6.1781411878253145,0,,1,3.778359026645269,0.0,,1.0,-3.2114101296773785,0.0,,1.0,-1.4714171970195473,0,,1,5.379038212680031,0,,1,3.417640305641709,0,,1,2.3017036669968394,0,,1,-0.902317214606642,0,,1,3.088844573014568,0,,1,b9b5399c5c0e0b9fef3157002d33ff79179f5f37b5df6162cecde64e6694a97c,0.1,2019-09-16T01:30:00+00:00,2019-10-15T01:30:00+00:00,publication,pseudo_real_time,,,,,,,,,,,,,-0.6386788444778185,0.0,,1.0,,,,,,,,,,,,,0.0,0.0,,1.0,0.2847910151507563,0.0,,1.0,4.007261520284717,0.0,,1.0,-0.35189329050038987,0.0,,1.0,2.8986642664328657,0.0,,1.0,2.5664180598855832,0.0,,1.0,,,,,,,,,,,,,,,,,,,,,,,,,,,,,,,,,,,,,,,,,,,,,,,,,,,,,,,,,,,,,,,,,,,,,,,,,,,,,,,,,,,,,,,,,,,,,,,,,,,,,,,,,,,,,,,,,,,,,,,,,,,,,,,,,,,,,,,,,,,,,,,,,,,,,,,,,,,,,,,,,,,,,,,,,,,,,,,,,,,,,,,,,,,,,,,,,,,,,,,,,,,,,,,,,,,,,,,,,,,,
2019-10,2019-10-14T09:30:00+08:00,early,0.8484245069621613,0.0,0.2767755905924881,4.0780900317340425,49,0.039215686274509776,1.0,,,,,0,1.0,0.07754740267544559,0.0,,1.0,,,,,3.0238482902218076,0.0,,1.0,-0.0042985469025198135,0.0,,1.0,-0.9691531485106215,0.0,,1.0,-0.5893379324168411,0.0,,1.0,-0.1832098628665704,0.0,,1.0,2.443507644789007,0.5,,1.0,2.050146362757907,0.0,,1.0,-0.5024623127886634,0.0,,1.0,1.2826117014861864,0.0,,1.0,,,,,,,,,0.0,0.0,,1.0,-6.2068881829722615,0,,1,0.43420606336102396,0,,1,-1.1590019321855198,0.0,,1.0,0.0,0,,1,0.0,0.0,,1.0,-0.5459833942162269,0.0,,1.0,-0.8438383109092855,0.0,,1.0,-0.2726111668153453,0.0,,1.0,0.0,0.0,,1.0,2.9948033252604995,0.0,,1.0,,,,,-1.2027170495853219,0,,1,,,,,,,,,1.8922119643175144,0.0,,1.0,-2.381129682297046,0.0,,1.0,-1.4293999241658377,0,,1,6.150719607310862,0,,1,14.04877235600004,0.0,,1.0,-0.7490465942821876,0.0,,1.0,-2.045200193810559,0.0,,1.0,-1.534181938891101,0.0,,1.0,-3.866385753689267,0,,1,0.873397458684963,0.0,,1.0,11.835809477559868,0,,1,12.789092782713318,0,,1,-0.15333014448914356,0,,1,0.07381047827199498,0,,1,-5.846949854040115,0,,1,,,,,1.5582937051770578,0,,1,-0.38383078660385905,0.0,,1.0,0.9078493629824472,0.0,,1.0,1.2225721736134745,0.0,,1.0,1.7974564352878926,0.0,,1.0,-0.4211758155188458,0.0,,1.0,-0.5847666478732363,0,,1,-3.4648289487858546,0.0,,1.0,1.5886688924252483,0.0,,1.0,-0.16573776734820367,0,,1,1.008867027823623,0,,1,-0.8266611303288142,0,,1,-1.7683843856605648,0,,1,-1.128236933563963,0,,1,10.936379750068156,0,,1,29800cf6aadadb08cd30756d70a5c5af9f5acda28c30f75909ef85df3be3e5f2,0.1,2019-10-14T01:30:00+00:00,2019-11-09T01:30:00+00:00,publication,pseudo_real_time,,,,,,,,,,,,,,1.0,,1.0,,,,,,,,,,,,,-0.6732393579003778,0.0,,1.0,0.8275184723929041,0.0,,1.0,0.2807054258771666,0.0,,1.0,0.8580232512419085,0.0,,1.0,3.487620001867403,0.0,,1.0,3.160104762021112,0.0,,1.0,,1.0,,1.0,,,,,,,,,,,,,,,,,,,,,,,,,,,,,,,,,,,,,,,,,,,,,,,,,,,,,,,,,,,,,,,,,,,,,,,,,,,,,,,,,,,,,,,,,,,,,,,,,,,,,,,,,,,,,,,,,,,,,,,,,,,,,,,,,,,,,,,,,,,,,,,,,,,,,,,,,,,,,,,,,,,,,,,,,,,,,,,,,,,,,,,,,,,,,,,,,,,,,,,,,,,,,,,,,,,,,,,,
2019-11,2019-11-14T09:30:00+08:00,early,-0.7077057929441357,-1.0987408866300847,-1.1632755227858649,5.002608161348886,49,0.05769230769230771,1.0,,,,,0,1.0,-1.3642767051351241,0.0,,1.0,,,,,-4.617054446175343,0.0,,1.0,-0.38691465159303967,0.0,,1.0,-0.31503576781143455,0.0,,1.0,-1.0859061094674143,0.0,,1.0,-2.5393813337767144,0.0,,1.0,2.394930976138171,0.6,,1.0,-0.3711884608744344,0.0,,1.0,0.0,0.0,,1.0,-1.3741536355646367,0.0,,1.0,,,,,,,,,-0.879077326434064,0.0,,1.0,-2.6790848989034663,0,,1,3.066686100133384,0,,1,-4.273977096175115,0.0,,1.0,-0.2176281143285519,0,,1,-1.0987408866300847,0.0,,1.0,-0.606586498368005,0.0,,1.0,-1.5502872774107852,0.0,,1.0,-1.247780337951351,0.0,,1.0,-0.8930104027443004,0.0,,1.0,2.045111517346261,0.0,,1.0,,,,,2.075747033695285,0,,1,,,,,,,,,2.7447504349300815,0.0,,1.0,-5.488049688545121,0.0,,1.0,15.466676408521018,0,,1,-1.2290482223917352,0,,1,-6.030494262158284,0.0,,1.0,-1.433492327012979,0.0,,1.0,-3.9062995377668934,0.0,,1.0,0.0,0.0,,1.0,0.06439533582008965,0,,1,0.9136427105505612,0.0,,1.0,19.076780796941073,0,,1,-9.12821474546561,0,,1,0.5240569352131105,0,,1,-0.11389982119420318,0,,1,0.0,0,,1,,,,,-3.1922730432335027,0,,1,-2.0743866653296803,0.0,,1.0,-1.7222862425484646,0.0,,1.0,-2.611747300300118,0.0,,1.0,-1.689946173793841,0.0,,1.0,-0.4867493141746196,0.0,,1.0,9.23366719675043,0,,1,-7.723702445050085,0.0,,1.0,-1.060719224788199,0.0,,1.0,-1.1710948210989667,0,,1,2.7897684018154028,0,,1,-2.1810683783716733,0,,1,0.08659948143036049,0,,1,0.3102688904824642,0,,1,-9.81936748903225,0,,1,51b12b6ef881b23c983ec88cf1e558fe98cf5148e35fe7c556803643e5787784,-0.1,2019-11-14T01:30:00+00:00,2019-12-10T01:30:00+00:00,publication,pseudo_real_time,,,,,,,,,,,,,,1.0,,1.0,,,,,,,,,,,,,-1.970013269590391,0.0,,1.0,1.1283034786464896,0.0,,1.0,4.344532930612336,0.0,,1.0,-2.3071764690615773,0.0,,1.0,-7.155813242840152,0.0,,1.0,-6.887869418279956,0.0,,1.0,,1.0,,1.0,,1.0,,1.0,,,,,,,,,,,,,,,,,,,,,,,,,,,,,,,,,,,,,,,,,,,,,,,,,,,,,,,,,,,,,,,,,,,,,,,,,,,,,,,,,,,,,,,,,,,,,,,,,,,,,,,,,,,,,,,,,,,,,,,,,,,,,,,,,,,,,,,,,,,,,,,,,,,,,,,,,,,,,,,,,,,,,,,,,,,,,,,,,,,,,,,,,,,,,,,,,,,,,,,,,,,,,,,,,,,,
2019-12,2019-12-16T09:30:00+08:00,early,0.0011293394738551843,0.4291559430369465,0.3376464768098658,3.6110511026038505,50,0.0,1.0,,,,,0,1.0,2.2657627840084755,0.0,,1.0,,,,,-0.6092911449318965,0.0,,1.0,0.47987111931671195,0.0,,1.0,-1.3649153720248282,0.0,,1.0,-1.6179160298461652,0.0,,1.0,-2.4633044973600184,0.0,,1.0,3.707667352064274,0.0,,1.0,1.751311182452003,0.0,,1.0,0.0,0.0,,1.0,-6.254439346438466,0.0,,1.0,,,,,,,,,-1.0461448537148201,0.0,,1.0,2.8194371527948188,0,,1,0.5588349570882105,0,,1,0.6211851913008165,0.0,,1.0,-1.7425527576004303,0,,1,-0.9760682098811402,0.0,,1.0,0.45923638457340654,0.0,,1.0,0.38198274237168395,0.0,,1.0,0.5387324357125041,0.0,,1.0,-0.5704534915282431,0.0,,1.0,3.8032736798925297,0.0,,1.0,,,,,0.46583257717757975,0,,1,,,,,,,,,1.8831036654467164,0.0,,1.0,-0.720757496019301,0.0,,1.0,6.951597319751553,0,,1,2.1003558251916834,0,,1,-12.195073789572346,0.0,,1.0,3.707101064241731,0.0,,1.0,1.0458454090106468,0.0,,1.0,-8.495274689782576,0.0,,1.0,-0.3138152840371927,0,,1,2.8634476891693748,0.0,,1.0,-9.446524996699837,0,,1,-0.17259031211204828,0,,1,0.4697258082091993,0,,1,-2.879457919308708,0,,1,0.0,0,,1,,,,,1.9173129929710142,0,,1,-1.423834331219239,0.0,,1.0,3.3601855760874115,0.0,,1.0,-1.9160575413499283,0.0,,1.0,0.06020323228004342,0.0,,1.0,5.7916568935403125,0.0,,1.0,3.244859061722537,0,,1,-1.5751843645619217,0.0,,1.0,5.207499384137035,0.0,,1.0,0.39907550150048643,0,,1,-2.6240613341425068,0,,1,-4.248731264383661,0,,1,0.4997475755966516,0,,1,-2.180403607521502,0,,1,2.717578935505209,0,,1,9f214f494c1528332edce13b79a4cf457e1797d14d125caad2e8df5e8ebb8a3a,0.0,2019-12-16T01:30:00+00:00,2020-01-09T01:30:00+00:00,publication,pseudo_real_time,,,,,,,,,,,,,,,,,,,,,,,,,,,,,-1.7566593369424073,0.0,,1.0,-1.0452557346951852,0.0,,1.0,-0.7925867000989472,0.0,,1.0,1.3742778418640138,0.0,,1.0,1.518471895101933,0.0,,1.0,1.4426221321115398,0.0,,1.0,,,,,5.436624710853577,0.0,,1.0,,,,,,,,,,,,,,,,,,,,,,,,,,,,,,,,,,,,,,,,,,,,,,,,,,,,,,,,,,,,,,,,,,,,,,,,,,,,,,,,,,,,,,,,,,,,,,,,,,,,,,,,,,,,,,,,,,,,,,,,,,,,,,,,,,,,,,,,,,,,,,,,,,,,,,,,,,,,,,,,,,,,,,,,,,,,,,,,,,,,,,,,,,,,,,,,,,,,,,,,,,,,,,,,,,,,
2020-01,2020-01-14T09:30:00+08:00,early,-0.1825815955332846,-0.19507871112703712,-0.3469521264391706,3.5605797778632153,46,0.14814814814814814,1.0,,,,,0,1.0,-1.037712630945681,0.2857142857142857,,1.0,,,,,-1.213709195313263,0.0,,1.0,0.7998110821985569,0.5,,1.0,0.47537911014384715,0.0,,1.0,0.8052750763632709,0.4444444444444444,,1.0,-2.093417638572316,0.0,,1.0,0.378136451117351,0.0,,1.0,0.8829115452181497,0.0,,1.0,,1.0,,1.0,-6.435193824660944,0.0,,1.0,,,,,,,,,-0.576857415253685,0.0,,1.0,0.8115355513330936,0,,1,-0.10168003707637956,0,,1,0.39902587992340055,0.0,,1.0,-0.286788381311973,0,,1,0.14700331151227464,0.0,,1.0,,1.0,,1.0,-0.8619476674366343,0.0,,1.0,0.508944948286572,0.0,,1.0,0.16358819308783695,0.0,,1.0,0.6878252130737995,0.0,,1.0,,,,,2.8993875084013734,0,,1,,,,,,,,,-0.15486828509910197,0.0,,1.0,3.9447780141232514,0.0,,1.0,-6.426921665987122,0,,1,15.738185665330754,0,,1,-4.943098359043352,0.0,,1.0,0.5913489311392024,0.0,,1.0,4.579429673781901,0.0,,1.0,,1.0,,1.0,-0.5272053424951068,0,,1,1.5118118213483727,0.0,,1.0,4.088460241455825,0,,1,2.0614130064057523,0,,1,1.789383981484816,0,,1,-2.7203943199459997,0,,1,-5.543499039307542,0,,1,,,,,2.79936308142575,0,,1,0.0878103430487411,0.0,,1.0,-4.4053817509997755,0.0,,1.0,-4.116113081899451,0.0,,1.0,-0.23528913715497227,0.0,,1.0,-2.2070105287240445,0.0,,1.0,-0.47070548867636863,0,,1,-0.807858874947019,0.0,,1.0,,1.0,,1.0,-1.0215276157177697,0,,1,-5.1598116545787365,0,,1,-2.453769787336547,0,,1,2.9758284114638633,0,,1,-0.40992616503674384,0,,1,-3.0897770340110036,0,,1,1af27bed062f47f393dec14f593b5733d210f9e7569eacf5b55facad285805b4,0.0,2020-01-14T01:30:00+00:00,2020-02-10T01:30:00+00:00,publication,pseudo_real_time,,,,,,,,,,,,,,,,,,,,,,,,,,,,,-0.24408497097940465,0.0,,1.0,-0.292218760766619,0.0,,1.0,0.15597025219963517,0.0,,1.0,-1.217340456241523,0.0,,1.0,-0.08619952642504028,0.0,,1.0,0.010139574577829387,0.0,,1.0,,,,,0.6014524253773552,0.0,,1.0,,1.0,,1.0,,1.0,,1.0,,1.0,,1.0,,1.0,,1.0,,,,,,,,,,,,,,,,,,,,,,,,,,,,,,,,,,,,,,,,,,,,,,,,,,,,,,,,,,,,,,,,,,,,,,,,,,,,,,,,,,,,,,,,,,,,,,,,,,,,,,,,,,,,,,,,,,,,,,,,,,,,,,,,,,,,,,,,,,,,,,,,,,,,,,,,,,,,,,,,,,,,,,,,,,,,,,,,,,,,,,,,,,,,,,,,,,,,
2020-02,2020-02-14T09:30:00+08:00,early,-1.4886470686920297,-0.916707316364229,-1.180635088131863,2.895916402258085,45,0.23728813559322037,1.0,,,,,0,1.0,-1.5140494535495692,0.375,,1.0,,,,,-2.2581946376461373,0.0,,1.0,0.09559841084551615,0.6,,1.0,-3.3522255445557905,0.0,,1.0,0.6887207198469362,0.5454545454545454,,1.0,-0.40789423010254117,0.0,,1.0,-0.9010990867770223,0.0,,1.0,-4.994012242301914,0.0,,1.0,,1.0,,1.0,-0.916707316364229,0.0,,1.0,,,,,,,,,0.8596303730459927,0.0,,1.0,0.8133971277615359,0,,1,-0.062342549575417606,0,,1,-0.3069753739433944,0.0,,1.0,0.22650201713123366,0,,1,1.0944995123369585,0.0,,1.0,,1.0,,1.0,0.0346433866959049,0.0,,1.0,-1.4269839476068238,0.0,,1.0,0.6540368719770058,0.0,,1.0,-1.2339011386414196,0.0,,1.0,,,,,-0.8311645298317275,0,,1,,,,,,,,,-0.6972178477755533,0.0,,1.0,0.2511143149779778,0.0,,1.0,-8.784307011272594,0,,1,-13.881062920796241,0,,1,-0.30046655433524616,0.0,,1.0,-3.413281554384725,0.0,,1.0,0.6089348247434898,0.0,,1.0,,1.0,,1.0,1.1704334654039872,0,,1,-0.0345321041832042,0.0,,1.0,5.290817072533689,0,,1,-1.1383333206552428,0,,1,-4.42183672625425,0,,1,-0.2135394590375289,0,,1,-1.6203134504339338,0,,1,,1.0,,1.0,-2.550838429444119,0,,1,0.2257289258742365,0.0,,1.0,-1.7282700742028503,0.0,,1.0,-4.25177986973125,0.0,,1.0,-2.6789429584646847,0.0,,1.0,-4.228663406332614,0.0,,1.0,-0.09459678846170314,0,,1,-4.633793595259951,0.0,,1.0,,1.0,,1.0,-1.0363550782493531,0,,1,0.5416869169851357,0,,1,-2.550632986779777,0,,1,-4.2118585886515625,0,,1,-2.2245738765375718,0,,1,-1.4299291067823094,0,,1,b044a6a0e417ae53f980a6b2ca12142fe30fdc3e91794349bc14c7a49782b767,-0.5,2020-02-14T01:30:00+00:00,2020-03-10T01:30:00+00:00,publication,pseudo_real_time,,,,,,,,,,,,,,,,,,,,,,,,,,,,,0.0,0.0,,1.0,,1.0,,1.0,0.9754615306879284,0.2222222222222222,,1.0,-3.156973599621028,0.0,,1.0,-2.0557941143807086,0.0,,1.0,-1.872396348703382,0.0,,1.0,,,,,-0.7721782739140939,0.0,,1.0,,1.0,,1.0,,1.0,,1.0,,1.0,,1.0,,1.0,,1.0,,1.0,,1.0,,1.0,,1.0,,1.0,,1.0,,1.0,,1.0,,,,,,,,,,,,,,,,,,,,,,,,,,,,,,,,,,,,,,,,,,,,,,,,,,,,,,,,,,,,,,,,,,,,,,,,,,,,,,,,,,,,,,,,,,,,,,,,,,,,,,,,,,,,,,,,,,,,,,,,,,,,,,,,,,,,,,,,,,,,,,,,,,,,,,,,,,,,,,,,,,,,,,,,,,,,,,,,,,,,
2020-03,2020-03-16T09:30:00+08:00,early,-1.299568448995029,-1.3824220179184845,-1.4947337979389956,3.70653261603006,50,0.0,1.0,,,,,0,1.0,-1.968668385808318,0.0,,1.0,,,,,-3.9059863327603246,0.0,,1.0,2.70897165756095,0.0,,1.0,-3.5400483790708854,0.0,,1.0,0.1709929009532503,0.0,,1.0,3.7424875433935516,0.0,,1.0,-2.0450189754932446,0.0,,1.0,-3.0218678051518513,0.0,,1.0,,,,,5.818648841286406,0.0,,1.0,,,,,,,,,0.454885728748486,0.0,,1.0,4.488050031963044,0,,1,0.6224722255969077,0,,1,4.716602442515959,0.0,,1.0,0.5032959476262967,0,,1,0.7731784818134085,0.0,,1.0,,,,,-0.44176757777368353,0.0,,1.0,-1.440541151705426,0.0,,1.0,1.2180209636979946,0.0,,1.0,-2.5720206720098373,0.0,,1.0,,,,,-2.7638525848257136,0,,1,,,,,,,,,-1.6585452164103855,0.0,,1.0,-3.9034303160629698,0.0,,1.0,-4.221707828017911,0,,1,-0.011488387331588613,0,,1,0.11877136106455584,0.0,,1.0,-3.2873911248184666,0.0,,1.0,-3.0034633353337474,0.0,,1.0,,,,,0.11041885852631503,0,,1,12.396113609848479,0.0,,1.0,-3.3990374959679452,0,,1,-5.805163546948416,0,,1,-2.7046108855310194,0,,1,0.48085528293878865,0,,1,-9.05704244889714,0,,1,1.0588354995934337,0.0,,1.0,-6.904304201399716,0,,1,0.2553174690647019,0.0,,1.0,-2.5812340498586885,0.0,,1.0,1.2526703445063232,0.0,,1.0,-1.1616734227105334,0.0,,1.0,-3.1443688248540296,0.0,,1.0,2.9870130795435252,0,,1,-4.145401009749127,0.0,,1.0,,,,,-1.3243028841315432,0,,1,0.664680942410268,0,,1,0.019698710872724318,0,,1,-3.9562142640736884,0,,1,-7.519067077551559,0,,1,-6.309921262552195,0,,1,f89d51ffa6b8ba75bedf7266e6986f4f310adb36eb6f7045db9d13248bc007c8,-1.0,2020-03-16T01:30:00+00:00,2020-04-10T01:30:00+00:00,publication,pseudo_real_time,,,,,,,,,,,,,,,,,,,,,,,,,,,,,0.6922113463782903,0.0,,1.0,,,,,0.4710725696049794,0.0,,1.0,-3.813218419331341,0.0,,1.0,-5.2954003804603795,0.0,,1.0,-5.270247098708672,0.0,,1.0,,,,,-1.90449103805951,0.0,,1.0,,,,,,,,,,,,,,,,,-4.52451610623033,0.0,,1.0,-1.096487615935709,0.0,,1.0,2.3475201360560227,0.0,,1.0,-2.7367735265621027,0.0,,1.0,,,,,,,,,,,,,,,,,,,,,,,,,,,,,,,,,,,,,,,,,,,,,,,,,,,,,,,,,,,,,,,,,,,,,,,,,,,,,,,,,,,,,,,,,,,,,,,,,,,,,,,,,,,,,,,,,,,,,,,,,,,,,,,,,,,,,,,,,,,,,,,,,,,,,,,,,,,,,,,,,,,,,,,,,,,,,,,,,,,,
2020-04,2020-04-14T09:30:00+08:00,early,-5.728469041721844,-3.4099965846844813,-5.047241732784552,8.094247319953102,48,0.07692307692307687,1.0,,,,,0,1.0,-1.4401842168476413,0.0,,1.0,,,,,-14.456882388846603,0.18181818181818182,,1.0,-7.688346726729315,0.0,,1.0,-6.243346691071037,0.0,,1.0,-3.2904021873220395,0.0,,1.0,-1.732689489131788,0.5,,1.0,-4.868196303662647,0.0,,1.0,-9.134332761674717,0.0,,1.0,,,,,,1.0,,1.0,,,,,,,,,-2.4749259341099616,0.0,,1.0,8.944553224184029,0,,1,-0.0807025951088243,0,,1,-3.5345706650230473,0.0,,1.0,-2.057528113551294,0,,1,-3.425204726326985,0.0,,1.0,,,,,-2.904461879391276,0.0,,1.0,0.04134552248942384,0.0,,1.0,-3.7744811538036696,0.0,,1.0,-4.56960067853935,0.0,,1.0,,,,,-11.344935169029688,0,,1,,,,,,,,,-7.64065662099388,0.0,,1.0,-19.12726106605701,0.0,,1.0,-1.457093373935331,0,,1,-19.872464763145864,0,,1,,1.0,,1.0,-2.7599662051050045,0.0,,1.0,-5.93867636821785,0.0,,1.0,,,,,2.3304183198375625,0,,1,-15.031134839853284,0.0,,1.0,-6.13656394307907,0,,1,-10.91661944637443,0,,1,-9.003895141253144,0,,1,-3.1421007006482387,0,,1,-2.265000908555822,0,,1,0.28890676686101296,0.0,,1.0,-36.606793023846606,0,,1,1.1083141681291189,0.0,,1.0,-0.22915283623776442,0.0,,1.0,-2.1681754026001046,0.0,,1.0,-7.359720385415813,0.0,,1.0,-11.664045282722816,0.0,,1.0,3.210040918879052,0,,1,-22.477360291656513,0.0,,1.0,,,,,-2.416669160275512,0,,1,10.522021990538894,0,,1,-2.2206383295889354,0,,1,-10.354064850400087,0,,1,-3.3947884430419775,0,,1,-17.526965692390338,0,,1,b43918b9cb1da6921cac83728aba5bebed22f1465fed3d5e21b381529c15110f,-1.3,2020-04-14T01:30:00+00:00,2020-05-12T01:30:00+00:00,publication,pseudo_real_time,,,,,,,,,,,,,,,,,,,,,,,,,,,,,0.06919168675947089,0.0,,1.0,,,,,0.966717439135371,0.0,,1.0,-7.816667907523667,0.0,,1.0,-11.46258730423875,0.0,,1.0,-11.055082520556452,0.0,,1.0,,,,,-2.394331611454712,0.0,,1.0,,,,,,,,,,,,,,,,,-9.142219508463782,0.0,,1.0,-1.870521026728172,0.0,,1.0,-3.4914779885163423,0.0,,1.0,-0.3722007425657133,0.0,,1.0,,1.0,,1.0,,1.0,,1.0,,,,,,,,,,,,,,,,,,,,,,,,,,,,,,,,,,,,,,,,,,,,,,,,,,,,,,,,,,,,,,,,,,,,,,,,,,,,,,,,,,,,,,,,,,,,,,,,,,,,,,,,,,,,,,,,,,,,,,,,,,,,,,,,,,,,,,,,,,,,,,,,,,,,,,,,,,,,,,,,,,,,,,,,,,,,
2020-05,2020-05-14T09:30:00+08:00,early,-0.9212130364269772,-1.5719396078753773,-0.8667693084851963,3.857256422693554,43,0.24561403508771928,1.0,,,,,0,1.0,-0.5733854794668404,0.9090909090909091,,1.0,,,,,-0.15008712508779018,0.18181818181818182,,1.0,-0.487395433264112,0.0,,1.0,4.979357352841497,0.0,,1.0,-2.1401260961923243,0.0,,1.0,-1.508956449727155,0.5,,1.0,-4.285514300458758,0.0,,1.0,-4.243510249436092,0.0,,1.0,,,,,,1.0,,1.0,,,,,,,,,-2.140856197106917,0.0,,1.0,3.220300481985898,0,,1,0.5756746447160488,0,,1,-2.863260418467235,0.0,,1.0,-1.9425757784793707,0,,1,-3.259123944594807,0.0,,1.0,,,,,,1.0,,1.0,,1.0,,1.0,-2.4375282230301223,0.0,,1.0,-0.3892195257319339,0.0,,1.0,,,,,1.2317054077507197,0,,1,,,,,,,,,-10.34540795104709,0.0,,1.0,1.827907574471609,0.0,,1.0,-5.145549512435467,0,,1,-2.5999860066866227,0,,1,,1.0,,1.0,,1.0,,1.0,0.19991643993863953,0.0,,1.0,,,,,6.320198274526055,0,,1,-3.090886459010076,0.0,,1.0,-6.991470091745089,0,,1,-2.2255938243104034,0,,1,4.997512106426353,0,,1,-10.118109976165828,0,,1,-2.1378932236605044,0,,1,2.7877742610654224,0.0,,1.0,-0.19702635708860095,0,,1,-0.1435003034484164,0.0,,1.0,,1.0,,1.0,-1.6263429793876065,0.0,,1.0,-1.5719396078753773,0.0,,1.0,1.166373248660142,0.0,,1.0,0.23759400812538115,0,,1,4.6029787174914,0.0,,1.0,,,,,-0.5733854794668404,0,,1,-7.208611088307748,0,,1,0.8492633480044375,0,,1,8.562891082300634,0,,1,5.50776287463456,0,,1,-1.1892476740907707,0,,1,d1fcb09179365030d5aac055d8fed8dfcbdedaad5642b900a40a10b4f0a73f76,-0.4,2020-05-14T01:30:00+00:00,2020-06-10T01:30:00+00:00,publication,pseudo_real_time,,,,,,,,,,,,,,,,,,,,,,,,,,,,,-0.1546524809870751,0.0,,1.0,,,,,0.021645737264585962,0.0,,1.0,-1.6514599609319416,0.0,,1.0,-2.889536147028753,0.0,,1.0,-3.0564198933679396,0.0,,1.0,,,,,-2.1219154245972534,0.0,,1.0,,,,,,,,,,,,,,,,,1.7722004626661563,0.0,,1.0,-3.287283214802107,0.0,,1.0,-2.1134317552715833,0.0,,1.0,,1.0,,1.0,,1.0,,1.0,,1.0,,1.0,,1.0,,1.0,,1.0,,1.0,,1.0,,1.0,,1.0,,1.0,,1.0,,1.0,,,,,,,,,,,,,,,,,,,,,,,,,,,,,,,,,,,,,,,,,,,,,,,,,,,,,,,,,,,,,,,,,,,,,,,,,,,,,,,,,,,,,,,,,,,,,,,,,,,,,,,,,,,,,,,,,,,,,,,,,,,,,,,,,,,,,,,,,,,,,,,,,,,,,,,,
2020-06,2020-06-15T09:30:00+08:00,early,0.9127871428723889,0.631531532195816,0.9973321356152677,4.121161563782525,45,0.18181818181818177,1.0,,,,,0,1.0,1.8528681830441633,0.9090909090909091,,1.0,,,,,3.3312500082329874,0.0,,1.0,0.25626373391740237,0.0,,1.0,2.4561086905471767,0.0,,1.0,1.3934422570994163,0.0,,1.0,-0.13883532653380035,0.0,,1.0,3.149892895362527,0.0,,1.0,-2.692969604835314,0.0,,1.0,,,,,,,,,,,,,,,,,0.43881624183278134,0.0,,1.0,-1.2178286808408256,0,,1,-3.0333305787543043,0,,1,-0.1566516612700752,0.0,,1.0,0.631531532195816,0,,1,3.7280716476954017,0.0,,1.0,,,,,,1.0,,1.0,,1.0,,1.0,2.8905106301287464,0.0,,1.0,0.8295456556059831,0.0,,1.0,,,,,1.9205537843215947,0,,1,,,,,,,,,8.723439201704743,0.0,,1.0,7.938491864731737,0.0,,1.0,-11.728981704821017,0,,1,-6.872528960194475,0,,1,,,,,,1.0,,1.0,6.521875404561693,0.0,,1.0,,,,,-0.17962631612452268,0,,1,1.5348192068427833,0.0,,1.0,2.0653252320410695,0,,1,-5.348756431605823,0,,1,3.6825867461042945,0,,1,-4.2588551490068065,0,,1,5.843721465154653,0,,1,-0.3072422517915311,0.0,,1.0,6.083866845039553,0,,1,-2.7809543964502517,0.0,,1.0,,1.0,,1.0,1.7719894665624336,0.0,,1.0,4.057506158622242,0.0,,1.0,9.397302693834266,0.0,,1.0,-3.2554371353320297,0,,1,5.009934658715038,0.0,,1.0,,,,,1.8528681830441633,0,,1,-3.3050377307471117,0,,1,1.8952641512710673,0,,1,4.30246166802289,0,,1,-0.05587780320954545,0,,1,-2.04217868470369,0,,1,a93fe869f9cc11955776e38342219ab54d1b99414a6e2a026acba905ed6f3c0a,0.4,2020-06-15T01:30:00+00:00,2020-07-09T01:30:00+00:00,publication,pseudo_real_time,,,,,,,,,,,,,,,,,,,,,,,,,,,,,-0.6474169931803464,0.0,,1.0,,,,,-0.9140779596534576,0.0,,1.0,-0.3867263620351076,0.0,,1.0,3.72739097211839,0.0,,1.0,3.3618835749271296,0.0,,1.0,,,,,-0.1033061712231438,0.0,,1.0,,,,,,,,,,,,,,,,,2.0149263913596758,0.0,,1.0,0.0,0.0,,1.0,-4.456709656718523,0.0,,1.0,,1.0,,1.0,0.38756267484902057,0.0,,1.0,0.6006220459794681,0.0,,1.0,,1.0,,1.0,,1.0,,1.0,,1.0,,1.0,,1.0,,1.0,,1.0,,1.0,,,,,,,,,,,,,,,,,,,,,,,,,,,,,,,,,,,,,,,,,,,,,,,,,,,,,,,,,,,,,,,,,,,,,,,,,,,,,,,,,,,,,,,,,,,,,,,,,,,,,,,,,,,,,,,,,,,,,,,,,,,,,,,,,,,,,,,,,,,,,,,,,,,,,,,,
2020-07,2020-07-14T09:30:00+08:00,early,0.6155422011289258,0.8408854260088793,0.7224913904743547,4.056417723913665,50,0.0,1.0,,,,,0,1.0,0.3556482312243128,0.0,,1.0,,,,,-1.3374906433832892,0.0,,1.0,1.5001889082978117,0.0,,1.0,3.965976057655124,0.0,,1.0,0.872320651059142,0.0,,1.0,-0.8438060379288324,0.0,,1.0,-1.9047395828181533,0.0,,1.0,0.8378477584312082,0.0,,1.0,,,,,,,,,,,,,,,,,1.1683673823329281,0.0,,1.0,1.6662724983353954,0,,1,-0.060922318253392484,0,,1,-1.8834115711697943,0.0,,1.0,0.7982552231933556,0,,1,1.2005258346027503,0.0,,1.0,,,,,,,,,,,,,1.1329474388049268,0.0,,1.0,-4.093019696981375,0.0,,1.0,,,,,0.4571819034816885,0,,1,,,,,,,,,3.9334060060193736,0.0,,1.0,-9.037664357400987,0.0,,1.0,0.6600867758776249,0,,1,-1.6875928162038003,0,,1,,,,,,,,,5.187794402603908,0.0,,1.0,,,,,4.226814863238415,0,,1,5.159271340900778,0.0,,1.0,14.019214672631893,0,,1,3.0312079167065775,0,,1,6.842248078170064,0,,1,3.1926255360981823,0,,1,-8.348486100883232,0,,1,-1.0181680072610124,0.0,,1.0,-9.173744903062689,0,,1,-1.4507477991450985,0.0,,1.0,,,,,2.466014817451728,0.0,,1.0,4.649625202218395,0.0,,1.0,0.8835156288244029,0.0,,1.0,-3.004003460306999,0,,1,-0.6288009996919124,0.0,,1.0,,,,,0.18684889478726022,0,,1,2.4795717497931005,0,,1,3.119610021503426,0,,1,4.026146049176186,0,,1,1.875900081770821,0,,1,7.15080303957682,0,,1,a3f9cdebd3ab4b52615975568241349b5b18bc830d9918429eea0ba10816b2f0,0.4,2020-07-14T01:30:00+00:00,2020-08-10T01:30:00+00:00,publication,pseudo_real_time,,,,,,,,,,,,,,,,,,,,,,,,,,,,,-0.5201408271134316,0.0,,1.0,,,,,2.345745237707386,0.0,,1.0,-1.627788060644393,0.0,,1.0,2.293686420743843,0.0,,1.0,2.196068694715792,0.0,,1.0,,,,,-5.554605057492458,0.0,,1.0,,,,,,,,,,,,,,,,,0.7920431831377549,0.0,,1.0,-3.381645724123874,0.0,,1.0,0.0,0.0,,1.0,,,,,-0.1278657155032712,0.0,,1.0,-4.367376677571999,0.0,,1.0,1.0320308520852362,0.0,,1.0,0.9282483022633924,0.0,,1.0,1.6256460808923754,0.0,,1.0,-0.6880770248660234,0.0,,1.0,-0.9508077178163641,0.0,,1.0,,,,,,,,,,,,,,,,,,,,,,,,,,,,,,,,,,,,,,,,,,,,,,,,,,,,,,,,,,,,,,,,,,,,,,,,,,,,,,,,,,,,,,,,,,,,,,,,,,,,,,,,,,,,,,,,,,,,,,,,,,,,,,,,,,,,,,,,,,,,,,,,,,,,,,,,
2020-08,2020-08-14T09:30:00+08:00,early,1.2999916576487158,0.8727207949666489,1.0406950128298422,3.235731586181459,50,0.0,1.0,,,,,0,1.0,1.3532489237575438,0.0,,1.0,,,,,-0.37303233309166456,0.0,,1.0,1.9968550472320759,0.0,,1.0,3.8146916471072885,0.0,,1.0,-0.8886503430615752,0.0,,1.0,0.978137527267156,0.0,,1.0,0.46185178661249565,0.0,,1.0,4.192817451492188,0.0,,1.0,,,,,,,,,,,,,,,,,0.4144029950606939,0.0,,1.0,0.7922416901805517,0,,1,1.847397511551728,0,,1,1.4782153359407735,0.0,,1.0,0.43755030495424146,0,,1,0.8287459012586068,0.0,,1.0,,,,,,,,,,,,,0.23101714475194726,0.0,,1.0,-1.199687433663066,0.0,,1.0,,,,,1.6606872418030918,0,,1,,,,,,,,,5.7281681687335375,0.0,,1.0,0.4237421031699156,0.0,,1.0,0.16884561352682348,0,,1,14.821424123508134,0,,1,,,,,,,,,-5.065084628403514,0.0,,1.0,,,,,6.456215613337289,0,,1,1.0537922264402686,0.0,,1.0,1.243239294194507,0,,1,-1.8807458584362564,0,,1,2.0674938987603793,0,,1,3.5413000244768416,0,,1,-4.2652028261841,0,,1,-0.2917969201271475,0.0,,1.0,6.402690947238895,0,,1,0.6084192292793914,0.0,,1.0,,,,,-1.8663390840231375,0.0,,1.0,-0.31033908465848326,0.0,,1.0,1.4654498612781763,0.0,,1.0,-0.4527528774558149,0,,1,-1.2283787575099354,0.0,,1.0,,,,,1.312445944949022,0,,1,4.849529138036527,0,,1,4.201270742609103,0,,1,1.5859948739846614,0,,1,7.40400707307501,0,,1,-1.9003266077771745,0,,1,99150c2ec3bb7429850524243e6ce620f8e2ae631153515b2ba9efba40270066,0.3,2020-08-14T01:30:00+00:00,2020-09-09T01:30:00+00:00,publication,pseudo_real_time,,,,,,,,,,,,,,,,,,,,,,,,,,,,,-0.21030517494644768,0.0,,1.0,,,,,2.0130950864400914,0.0,,1.0,0.3109799864632184,0.0,,1.0,3.267086702353857,0.0,,1.0,3.047268258624253,0.0,,1.0,,,,,-3.142925375232984,0.0,,1.0,,,,,,,,,,,,,,,,,4.328353685976567,0.0,,1.0,-3.0671841190530023,0.0,,1.0,0.0,0.0,,1.0,,,,,1.6665024208071422,0.0,,1.0,-0.5708740240145442,0.0,,1.0,0.7529036062234818,0.0,,1.0,1.6635729801719683,0.0,,1.0,2.2880055960997363,0.0,,1.0,1.185869726426362,0.0,,1.0,0.9166956886746911,0.0,,1.0,,,,,,,,,,,,,,,,,,,,,,,,,,,,,,,,,,,,,,,,,,,,,,,,,,,,,,,,,,,,,,,,,,,,,,,,,,,,,,,,,,,,,,,,,,,,,,,,,,,,,,,,,,,,,,,,,,,,,,,,,,,,,,,,,,,,,,,,,,,,,,,,,,,,,,,,
2020-09,2020-09-14T09:30:00+08:00,early,1.1401072189653574,0.5829135231333651,0.9491387326546821,2.6320210504806005,50,0.0,1.0,,,,,0,1.0,0.6653867941036854,0.0,,1.0,,,,,1.70921531875575,0.0,,1.0,3.0363421351924718,0.0,,1.0,1.335500030374458,0.0,,1.0,0.8819529586280742,0.0,,1.0,0.2533300998507186,0.0,,1.0,4.618834241729842,0.0,,1.0,0.1332616960294023,0.0,,1.0,,,,,,,,,,,,,,,,,1.124042826508653,0.0,,1.0,0.5929176438121887,0,,1,0.7695912187053248,0,,1,-0.40007104604619925,0.0,,1.0,1.640398821517507,0,,1,0.3214016764270556,0.0,,1.0,,,,,,,,,,,,,-0.19654615399585562,0.0,,1.0,1.2509875053652872,0.0,,1.0,,,,,1.7085837687224354,0,,1,,,,,,,,,11.252602172053807,0.0,,1.0,-2.0894924478956645,0.0,,1.0,1.258844182717465,0,,1,-2.4091495644457446,0,,1,,,,,,,,,3.135007925797489,0.0,,1.0,,,,,-2.354579750410063,0,,1,-0.15510166631620956,0.0,,1.0,-1.0617752999204584,0,,1,5.734540832079748,0,,1,1.2498532249339769,0,,1,1.9524227737774298,0,,1,4.380257210059104,0,,1,-0.07819939865420535,0.0,,1.0,-0.1299701388175179,0,,1,3.6866536013806455,0.0,,1.0,,,,,1.2535687977983574,0.0,,1.0,4.554378161545319,0.0,,1.0,1.0144857841297352,0.0,,1.0,0.2724476243966516,0,,1,0.20603040407125103,0.0,,1.0,,,,,0.2208118399949442,0,,1,0.03114075104651507,0,,1,-0.6341542943748474,0,,1,0.4519329636807086,0,,1,4.274368227257994,0,,1,4.697585153654698,0,,1,cf735cf2c50904c70b06e237867936be65e1c3b61ed17c7755b2e82dffabebae,0.1,2020-09-14T01:30:00+00:00,2020-10-15T01:30:00+00:00,publication,pseudo_real_time,,,,,,,,,,,,,,,,,,,,,,,,,,,,,-4.92696853351635,0.0,,1.0,,,,,-0.014984180287701404,0.0,,1.0,-0.5792771186754181,0.0,,1.0,0.22016497991710512,0.0,,1.0,0.3565649228855765,0.0,,1.0,,,,,1.3529130477704303,0.0,,1.0,,,,,,,,,,,,,,,,,5.577474470512979,0.0,,1.0,0.14936561414167135,0.0,,1.0,0.0,0.0,,1.0,,,,,6.087029879114705,0.0,,1.0,-2.5292305690675314,0.0,,1.0,0.39128640294117695,0.0,,1.0,0.7753645631685452,0.0,,1.0,0.9919821493069213,0.0,,1.0,1.0399664067559833,0.0,,1.0,0.5729094024545414,0.0,,1.0,,,,,,,,,,,,,,,,,,,,,,,,,,,,,,,,,,,,,,,,,,,,,,,,,,,,,,,,,,,,,,,,,,,,,,,,,,,,,,,,,,,,,,,,,,,,,,,,,,,,,,,,,,,,,,,,,,,,,,,,,,,,,,,,,,,,,,,,,,,,,,,,,,,,,,,,
2020-10,2020-10-14T09:30:00+08:00,early,1.3329411944547593,0.07019532788397323,0.8177914328867069,5.778362379564963,50,0.0,1.0,,,,,0,1.0,-0.884569178278507,0.0,,1.0,,,,,4.22565401114136,0.0,,1.0,0.7656324224002091,0.0,,1.0,-1.2091617110914807,0.0,,1.0,4.581519393451773,0.0,,1.0,1.4152376847865247,0.0,,1.0,2.1044222322363435,0.0,,1.0,-0.9378366948207697,0.0,,1.0,,,,,,,,,,,,,,,,,5.54815757898748,0.0,,1.0,-6.074934177584613,0,,1,0.27610557277953923,0,,1,0.3058731972195172,0.0,,1.0,5.6418390974502515,0,,1,6.142430671519044,0.0,,1.0,,,,,,,,,,,,,6.077386307601705,0.0,,1.0,1.9581573012368318,0.0,,1.0,,,,,2.392109833775425,0,,1,,,,,,,,,0.03437098120193792,0.0,,1.0,0.4609973034448824,0.0,,1.0,3.996619459607182,0,,1,-1.5531854275637575,0,,1,,,,,,,,,3.1812235717562616,0.0,,1.0,,,,,1.498050804014964,0,,1,-0.3334117074740744,0.0,,1.0,-10.118118059743885,0,,1,1.7840610328718147,0,,1,-0.8406088130088403,0,,1,0.0,0,,1,35.046436794045256,0,,1,0.016159613834808025,0.0,,1.0,-2.698230419062263,0,,1,-0.8616119932179435,0.0,,1.0,,,,,0.05319191502549418,0.0,,1.0,-0.33017363622349916,0.0,,1.0,1.7958951289809937,0.0,,1.0,1.8270897085640323,0,,1,1.740053557792539,0.0,,1.0,,,,,-0.9173680534024599,0,,1,5.4186256262140295,0,,1,-2.1137814994055537,0,,1,0.08719874074245229,0,,1,-1.9694552726939814,0,,1,3.8569226491867883,0,,1,8b319bf694ff77f115a02f89ee90739af0594d8333ddf58f85eacd9eaaccf068,0.0,2020-10-14T01:30:00+00:00,2020-11-10T01:30:00+00:00,publication,pseudo_real_time,,,,,,,,,,,,,,,,,,,,,,,,,,,,,0.0,0.0,,1.0,,,,,-0.5956138847682123,0.0,,1.0,-3.1168619427689848,0.0,,1.0,-2.5127034431742965,0.0,,1.0,-2.440888815024761,0.0,,1.0,,,,,4.320738414270261,0.0,,1.0,,,,,,,,,,,,,,,,,3.491920967892645,0.0,,1.0,5.479598526847668,0.0,,1.0,0.0,0.0,,1.0,,,,,3.939839857140057,0.0,,1.0,0.5473857853515984,0.0,,1.0,-0.436553800990602,0.0,,1.0,-0.758610918731637,0.0,,1.0,-1.8237399146426012,0.0,,1.0,-0.1700205759600215,0.0,,1.0,-1.2011218059437203,0.0,,1.0,,,,,,,,,,,,,,,,,,,,,,,,,,,,,,,,,,,,,,,,,,,,,,,,,,,,,,,,,,,,,,,,,,,,,,,,,,,,,,,,,,,,,,,,,,,,,,,,,,,,,,,,,,,,,,,,,,,,,,,,,,,,,,,,,,,,,,,,,,,,,,,,,,,,,,,,
2020-11,2020-11-16T09:30:00+08:00,early,3.3035466279808396,1.0997565867790615,2.0406753267578672,6.585169558106257,50,0.0,1.0,,,,,0,1.0,1.1553139615235652,0.0,,1.0,,,,,7.662781535843058,0.0,,1.0,4.446355260290027,0.0,,1.0,0.2723706063239576,0.0,,1.0,1.0287727758347505,0.0,,1.0,1.4026490634787514,0.0,,1.0,1.1882673870318134,0.0,,1.0,5.15596830746963,0.0,,1.0,,,,,,,,,,,,,,,,,0.6079628700307694,0.0,,1.0,4.95671416234337,0,,1,1.5943941246034241,0,,1,5.58078554724612,0.0,,1.0,0.26700468760223867,0,,1,0.9948015120929212,0.0,,1.0,,,,,,,,,,,,,0.05055498782214886,0.0,,1.0,1.6300458881178124,0.0,,1.0,,,,,10.882375844166962,0,,1,,,,,,,,,0.22691945618281895,0.0,,1.0,-1.515557871329128,0.0,,1.0,30.484542714874387,0,,1,5.057013294776555,0,,1,,,,,,,,,5.281085373295174,0.0,,1.0,,,,,4.270523145015007,0,,1,0.9877364696259543,0.0,,1.0,-5.795536339967089,0,,1,4.6900532592568025,0,,1,0.5662603900559683,0,,1,0.867656140663416,0,,1,10.941997632021225,0,,1,-0.04738305883972505,0.0,,1.0,8.524138967748033,0,,1,-1.3117654145422464,0.0,,1.0,,,,,1.4717979340895695,0.0,,1.0,1.1402478406427738,0.0,,1.0,5.635393613991586,0.0,,1.0,3.681139801690124,0,,1,25.221961884498036,0.0,,1.0,,,,,1.038537298881405,0,,1,1.7368877590992433,0,,1,-2.8539989140012043,0,,1,1.0206056853443641,0,,1,2.3566152638967024,0,,1,17.47665069485012,0,,1,4b85a15c71d7f792ec7214a6dd80e1593e0730970244b014e9b296a45c9d449a,0.5,2020-11-16T01:30:00+00:00,2020-12-09T01:30:00+00:00,publication,pseudo_real_time,,,,,,,,,,,,,,,,,,,,,,,,,,,,,0.0,0.0,,1.0,,,,,2.6598894297639144,0.0,,1.0,-1.400566107491106,0.0,,1.0,-2.0490913400255497,0.0,,1.0,-2.0237448579799198,0.0,,1.0,,,,,1.7078368167948093,0.0,,1.0,,,,,,,,,,,,,,,,,13.663094725786376,0.0,,1.0,0.0,0.0,,1.0,0.0,0.0,,1.0,,,,,-1.3728383568098663,0.0,,1.0,3.0411314026615686,0.0,,1.0,-0.09370630918818922,0.0,,1.0,-0.22647784519251235,0.0,,1.0,1.059265332915349,0.0,,1.0,2.656872251545308,0.0,,1.0,2.4973930401800315,0.0,,1.0,,,,,,,,,,,,,,,,,,,,,,,,,,,,,,,,,,,,,,,,,,,,,,,,,,,,,,,,,,,,,,,,,,,,,,,,,,,,,,,,,,,,,,,,,,,,,,,,,,,,,,,,,,,,,,,,,,,,,,,,,,,,,,,,,,,,,,,,,,,,,,,,,,,,,,,,
2020-12,2020-12-14T09:30:00+08:00,early,4.31537608639498,2.955652777046611,3.230045948207985,7.473727242838171,50,0.0,1.0,,,,,0,1.0,2.486517926919384,0.0,,1.0,,,,,9.405405690282889,0.0,,1.0,1.2317072495965211,0.0,,1.0,5.958386418251928,0.0,,1.0,3.420693872393684,0.0,,1.0,2.6775038114939806,0.0,,1.0,2.206111958756616,0.0,,1.0,5.196180850813867,0.0,,1.0,,,,,,,,,,,,,,,,,2.479510668371628,0.0,,1.0,2.640465156204942,0,,1,-0.2527130485665096,0,,1,1.2997403012000037,0.0,,1.0,3.463113802866885,0,,1,3.2631959466193265,0.0,,1.0,,,,,,,,,,,,,3.169088424056369,0.0,,1.0,2.602325605554193,0.0,,1.0,,,,,-0.48379531885975274,0,,1,,,,,,,,,2.9819842617564967,0.0,,1.0,-1.6463633213860154,0.0,,1.0,12.51031054192991,0,,1,2.204188608655566,0,,1,,,,,,,,,3.7965599437608564,0.0,,1.0,,,,,2.9293212923367244,0,,1,-0.29987214201816814,0.0,,1.0,8.11400083490033,0,,1,6.346408303201308,0,,1,7.681211402198988,0,,1,3.278474699534818,0,,1,51.19690113619092,0,,1,-0.14635284754454017,0.0,,1.0,9.44615004715182,0,,1,2.699448828885399,0.0,,1.0,,,,,5.974913622918986,0.0,,1.0,5.820025375548109,0.0,,1.0,11.659721884155363,0.0,,1.0,-0.3467970830127778,0,,1,1.567666259606448,0.0,,1.0,,,,,1.6490279349511792,0,,1,-2.9599460742426413,0,,1,3.7702433198868035,0,,1,7.5628682131744105,0,,1,4.81922273774751,0,,1,4.611849850839504,0,,1,c7c728e75fa05ecb056f34541061cfeec841699e222528dcaf9d2f0c4fc00ed5,1.1,2020-12-14T01:30:00+00:00,2021-01-11T01:30:00+00:00,publication,pseudo_real_time,,,,,,,,,,,,,,,,,,,,,,,,,,,,,2.089254619961957,0.0,,1.0,,,,,1.1867728639019717,0.0,,1.0,5.029982218838357,0.0,,1.0,4.187643628369522,0.0,,1.0,3.96648540755503,0.0,,1.0,,,,,1.0340260089591573,0.0,,1.0,,,,,,,,,,,,,,,,,1.2955450619223325,0.0,,1.0,0.0,0.0,,1.0,7.773388321080719,0.0,,1.0,,,,,4.64351651331998,0.0,,1.0,-0.9232162553975505,0.0,,1.0,2.063402587922838,0.0,,1.0,2.32135983664124,0.0,,1.0,4.591410013966779,0.0,,1.0,2.1556852946860388,0.0,,1.0,2.1382218933482293,0.0,,1.0,,,,,,,,,,,,,,,,,,,,,,,,,,,,,,,,,,,,,,,,,,,,,,,,,,,,,,,,,,,,,,,,,,,,,,,,,,,,,,,,,,,,,,,,,,,,,,,,,,,,,,,,,,,,,,,,,,,,,,,,,,,,,,,,,,,,,,,,,,,,,,,,,,,,,,,,
2021-01,2021-01-14T09:30:00+08:00,early,4.252454563983978,2.40836907167979,4.000027703376807,7.934662393874197,50,0.0,1.0,,,,,0,1.0,8.366028343770077,0.0,,1.0,,,,,-2.233909664231566,0.0,,1.0,4.007225023863931,0.0,,1.0,-0.5891130773025296,0.0,,1.0,10.859722309803857,0.0,,1.0,2.92395945714687,0.0,,1.0,2.8666398766493972,0.0,,1.0,9.33858766975624,0.0,,1.0,,,,,,,,,,,,,,,,,14.354646078528384,0.0,,1.0,1.1957077070027622,0,,1,-0.08925972155277012,0,,1,1.4729416592377664,0.0,,1.0,14.882815089796011,0,,1,17.485216339353045,0.0,,1.0,,,,,,,,,,,,,19.0520837138172,0.0,,1.0,-0.8915545870729862,0.0,,1.0,,,,,2.256330177708389,0,,1,,,,,,,,,10.097047103666817,0.0,,1.0,6.8977666076656075,0.0,,1.0,28.619960680173296,0,,1,16.856022979732582,0,,1,,,,,,,,,9.107151523992588,0.0,,1.0,,,,,3.747948950462183,0,,1,1.1844046332647624,0.0,,1.0,8.853180143950318,0,,1,8.37415114547659,0,,1,2.560407965651191,0,,1,1.6647842886626254,0,,1,9.333879628215264,0,,1,0.8606567279733569,0.0,,1.0,-0.4343077825329723,0,,1,12.959572836309874,0.0,,1.0,,,,,-5.80602286771316,0.0,,1.0,-4.093394470567669,0.0,,1.0,-11.711402866947905,0.0,,1.0,0.05644694917141007,0,,1,-15.79002735129597,0.0,,1.0,,,,,8.102314912771522,0,,1,8.798040893243565,0,,1,-1.2166467507557404,0,,1,-3.978534714950709,0,,1,0.27832119084514034,0,,1,-6.873631182220744,0,,1,6631bc4f6965977c78392c4f2c1d19f3aac053f5289cebb0413a6e33d81a9cb1,1.0,2021-01-14T01:30:00+00:00,2021-02-10T01:30:00+00:00,publication,pseudo_real_time,,,,,,,,,,,,,,,,,,,,,,,,,,,,,0.0,0.0,,1.0,,,,,3.2098814784949017,0.0,,1.0,1.3326423061960126,0.0,,1.0,3.9065645305992716,0.0,,1.0,3.6515512331736533,0.0,,1.0,,,,,-0.6055728866456399,0.0,,1.0,,,,,,,,,,,,,,,,,-2.1223023979828426,0.0,,1.0,0.0,0.0,,1.0,1.1361434231397702,0.0,,1.0,,,,,7.298936712202845,0.0,,1.0,-2.2361075023947006,0.0,,1.0,11.917449734381137,0.0,,1.0,9.876316171547616,0.0,,1.0,7.488135026923999,0.0,,1.0,5.614404878590505,0.0,,1.0,7.197549338405691,0.0,,1.0,,,,,,,,,,,,,,,,,,,,,,,,,,,,,,,,,,,,,,,,,,,,,,,,,,,,,,,,,,,,,,,,,,,,,,,,,,,,,,,,,,,,,,,,,,,,,,,,,,,,,,,,,,,,,,,,,,,,,,,,,,,,,,,,,,,,,,,,,,,,,,,,,,,,,,,,
2021-02,2021-02-19T09:30:00+08:00,early,-0.02517330723943715,0.27046017493453645,0.46369987402441126,6.681252050863172,50,0.0,1.0,,,,,0,1.0,-1.0359560712940452,0.0,,1.0,,,,,1.51600622427703,0.0,,1.0,6.258988284992518,0.0,,1.0,-1.356501203403765,0.0,,1.0,0.23288944530998457,0.0,,1.0,3.471802851037099,0.0,,1.0,-3.1496165480063874,0.0,,1.0,-5.763886456391821,0.0,,1.0,,,,,,,,,,,,,,,,,-1.444210402309809,0.0,,1.0,3.2365375914797587,0,,1,1.3569746131582825,0,,1,7.795748746997787,0.0,,1.0,-1.194506614776857,0,,1,-8.400433954959704,0.0,,1.0,,,,,,,,,,,,,-9.139578266561118,0.0,,1.0,-2.2896786803621505,0.0,,1.0,,,,,0.08096714434969163,0,,1,,,,,,,,,-6.5908634084387785,0.0,,1.0,2.637153401281396,0.0,,1.0,-31.387757239870197,0,,1,-10.968036362388105,0,,1,,,,,,,,,12.061202803357727,0.0,,1.0,,,,,5.71686573563337,0,,1,4.792650624520687,0.0,,1.0,-8.745824051683798,0,,1,-5.998148991408155,0,,1,-0.7811654627141542,0,,1,0.3682821412395314,0,,1,-2.018879535988154,0,,1,0.7438222117242386,0.0,,1.0,8.349901906297287,0,,1,12.6555052860908,0.0,,1.0,,,,,1.6957239362108605,0.0,,1.0,1.3695281293435126,0.0,,1.0,0.5560040940992758,0.0,,1.0,2.159504632894712,0,,1,7.972610809771005,0.0,,1.0,,,,,-0.5469375762609283,0,,1,3.8837346161922572,0,,1,2.667312529235231,0,,1,-2.037871887853669,0,,1,-5.274279992282468,0,,1,3.321834844131276,0,,1,e84d796cb303cbe22f810390549db2bcd58eed2d3a1af5cb25caf6e7b8eed999,0.8,2021-02-19T01:30:00+00:00,2021-03-10T01:30:00+00:00,publication,pseudo_real_time,,,,,,,,,,,,,,,,,,,,,,,,,,,,,0.0,0.0,,1.0,,,,,1.054072811718564,0.0,,1.0,-0.4104666967521025,0.0,,1.0,3.9957279982840226,0.0,,1.0,3.8189314211359253,0.0,,1.0,,,,,-0.5683075552182328,0.0,,1.0,,,,,,,,,,,,,,,,,1.3288089443660662,0.0,,1.0,3.5789430816366057,0.0,,1.0,6.168809470783048,0.0,,1.0,,,,,2.61965980611351,0.0,,1.0,-2.725666350968004,0.0,,1.0,0.17263820862954146,0.0,,1.0,-1.4488757756045698,0.0,,1.0,-2.207194422428162,0.0,,1.0,-1.6051997562298173,0.0,,1.0,-0.5801671058703357,0.0,,1.0,,,,,,,,,,,,,,,,,,,,,,,,,,,,,,,,,,,,,,,,,,,,,,,,,,,,,,,,,,,,,,,,,,,,,,,,,,,,,,,,,,,,,,,,,,,,,,,,,,,,,,,,,,,,,,,,,,,,,,,,,,,,,,,,,,,,,,,,,,,,,,,,,,,,,,,,
2021-03,2021-03-15T09:30:00+08:00,early,,,,,0,1.0,1.0,,,,,0,1.0,,1.0,,1.0,,,,,,1.0,,1.0,,1.0,,1.0,,1.0,,1.0,,1.0,,1.0,,1.0,,1.0,,1.0,,1.0,,1.0,,1.0,,,,,,,,,,,,,,,,,,1.0,,1.0,,1,,1,,1,,1,,1.0,,1.0,,1,,1,,1.0,,1.0,,,,,,,,,,,,,,1.0,,1.0,,1.0,,1.0,,,,,,1,,1,,,,,,,,,,1.0,,1.0,,1.0,,1.0,,1,,1,,1,,1,,,,,,,,,,1.0,,1.0,,,,,,1,,1,,1.0,,1.0,,1,,1,,1,,1,,1,,1,,1,,1,,1,,1,,1.0,,1.0,,1,,1,,1.0,,1.0,,,,,,1.0,,1.0,,1.0,,1.0,,1.0,,1.0,,1,,1,,1.0,,1.0,,,,,,1,,1,,1,,1,,1,,1,,1,,1,,1,,1,,1,,1,28d82c501b6205254fae176c95cccdfaed2786fd762b6ce0053bb0e15f44149d,1.6,2021-03-15T01:30:00+00:00,2021-04-09T01:30:00+00:00,publication,pseudo_real_time,,,,,,,,,,,,,,,,,,,,,,,,,,,,,,1.0,,1.0,,,,,,1.0,,1.0,,1.0,,1.0,,1.0,,1.0,,1.0,,1.0,,,,,,1.0,,1.0,,,,,,,,,,,,,,,,,,1.0,,1.0,,1.0,,1.0,,1.0,,1.0,,,,,,1.0,,1.0,,1.0,,1.0,,1.0,,1.0,,1.0,,1.0,,1.0,,1.0,,1.0,,1.0,,1.0,,1.0,,,,,,,,,,,,,,,,,,,,,,,,,,,,,,,,,,,,,,,,,,,,,,,,,,,,,,,,,,,,,,,,,,,,,,,,,,,,,,,,,,,,,,,,,,,,,,,,,,,,,,,,,,,,,,,,,,,,,,,,,,,,,,,,,,,,,,,,,,,,,,,,,,,,,,,,
2021-04,2021-04-14T09:30:00+08:00,early,1.425865474207867,0.38910927511009474,1.1775777279998458,6.919279080389523,50,0.0,1.0,,,,,0,1.0,6.330643983875284,0.0,,1.0,,,,,0.9687032127408599,0.0,,1.0,-5.1796412041703555,0.0,,1.0,-0.2536061354372668,0.0,,1.0,5.345110664500884,0.0,,1.0,2.7076176490608703,0.0,,1.0,1.8885817896187171,0.0,,1.0,3.5624442094579507,0.0,,1.0,,,,,,,,,,,,,,,,,14.832439246604862,0.0,,1.0,-1.7196364612057913,0,,1,-0.8606016977726629,0,,1,0.10500434117492971,0.0,,1.0,16.087870350698317,0,,1,16.69297237211805,0.0,,1.0,,,,,,,,,,,,,15.106357290245716,0.0,,1.0,1.8288794614134383,0.0,,1.0,,,,,-4.987026631442823,0,,1,,,,,,,,,3.1490699708672727,0.0,,1.0,-2.2219387801853596,0.0,,1.0,4.842933503673659,0,,1,4.550583966915612,0,,1,,,,,,,,,-18.82535174928397,0.0,,1.0,,,,,-3.7760578525308537,0,,1,-2.760704694509737,0.0,,1.0,-13.140173016997531,0,,1,0.6868108432741706,0,,1,-1.243413317660467,0,,1,11.458981849354114,0,,1,12.70301973426797,0,,1,-0.7092465449317994,0.0,,1.0,-0.8333068825225132,0,,1,-3.8902510220308675,0.0,,1.0,,,,,-1.80508958176812,0.0,,1.0,-2.1892746563545846,0.0,,1.0,0.4583892919439828,0.0,,1.0,-1.8185950755773868,0,,1,-4.515894098252005,0.0,,1.0,,,,,7.133768120182621,0,,1,-5.391975109840605,0,,1,-0.33198570426417023,0,,1,0.24114522189936333,0,,1,0.31982925827620673,0,,1,1.922476137611679,0,,1,bf2da9939bed1f31620a867195d7f4d33b11ba89f88446d01bcc41e20dd457dd,0.9,2021-04-14T01:30:00+00:00,2021-05-11T01:30:00+00:00,publication,pseudo_real_time,,,,,,,,,,,,,,,,,,,,,,,,,,,,,1.5637378733969345,0.0,,1.0,,,,,-4.050414048787432,0.0,,1.0,-1.1251935809748244,0.0,,1.0,0.8087946466839451,0.0,,1.0,0.8385648710951978,0.0,,1.0,,,,,0.6877959365754404,0.0,,1.0,,,,,,,,,,,,,,,,,-8.887967895970462,0.0,,1.0,-1.7682653914199011,0.0,,1.0,-4.710247467456893,0.0,,1.0,,,,,6.454110732610747,0.0,,1.0,5.481840119393379,0.0,,1.0,3.1810470609592434,0.0,,1.0,8.344976527199044,0.0,,1.0,8.911270719464842,0.0,,1.0,5.512998127306132,0.0,,1.0,4.899803348139816,0.0,,1.0,,,,,,,,,,,,,,,,,,,,,,,,,,,,,,,,,,,,,,,,,,,,,,,,,,,,,,,,,,,,,,,,,,,,,,,,,,,,,,,,,,,,,,,,,,,,,,,,,,,,,,,,,,,,,,,,,,,,,,,,,,,,,,,,,,,,,,,,,,,,,,,,,,,,,,,,
2021-05,2021-05-14T09:30:00+08:00,early,4.215119913371455,3.7716968746074038,4.212504102869401,6.350191416047382,50,0.0,1.0,,,,,0,1.0,7.497417883738488,0.0,,1.0,,,,,3.378331903294755,0.0,,1.0,-1.6787868732013627,0.0,,1.0,5.162059679752913,0.0,,1.0,12.83042564901237,0.0,,1.0,5.007148120765642,0.0,,1.0,3.4937100703554074,0.0,,1.0,1.0612102781261021,0.0,,1.0,,,,,,,,,,,,,,,,,13.368170255470101,0.0,,1.0,-0.6971391867981287,0,,1,-0.12227099762580633,0,,1,1.615812635827219,0.0,,1.0,13.825456231539974,0,,1,17.092240133145175,0.0,,1.0,,,,,,,,,,,,,16.333280190595794,0.0,,1.0,3.9678350886589566,0.0,,1.0,,,,,3.7374345046733626,0,,1,,,,,,,,,3.8059592445414445,0.0,,1.0,-2.619057807172507,0.0,,1.0,-5.710699608625318,0,,1,1.5354879401196295,0,,1,,,,,,,,,14.570354392272211,0.0,,1.0,,,,,1.3041240072240996,0,,1,-5.215132471366781,0.0,,1.0,-10.410870670444146,0,,1,6.552244577657085,0,,1,8.73003956430151,0,,1,0.2092954172385191,0,,1,7.785698775158716,0,,1,-0.7448742276359567,0.0,,1.0,14.810190175042731,0,,1,-2.3329743488777233,0.0,,1.0,,,,,-2.1812067310775687,0.0,,1.0,-2.5564753414458226,0.0,,1.0,4.341970161754978,0.0,,1.0,-5.044678776371961,0,,1,12.635807461268975,0.0,,1.0,,,,,4.950455857034736,0,,1,6.671750795558879,0,,1,2.3450302680896495,0,,1,7.954659192764793,0,,1,1.618509693855699,0,,1,-7.994308041990991,0,,1,960d5de4b857abfd8160d4396bb7a3aa9ade9992d4da8f72298eea731e7ad32e,1.6,2021-05-14T01:30:00+00:00,2021-06-09T01:30:00+00:00,publication,pseudo_real_time,,,,,,,,,,,,,,,,,,,,,,,,,,,,,1.8876479012653737,0.0,,1.0,,,,,-0.6633155689274574,0.0,,1.0,1.7631350676707684,0.0,,1.0,4.438402962940417,0.0,,1.0,4.131639889412596,0.0,,1.0,,,,,2.7073358778658214,0.0,,1.0,,,,,,,,,,,,,,,,,2.511746200640416,0.0,,1.0,3.5171462347578295,0.0,,1.0,11.106332105305505,0.0,,1.0,,,,,11.517983825204334,0.0,,1.0,3.0084558037519558,0.0,,1.0,4.554762250106319,0.0,,1.0,7.864623464689928,0.0,,1.0,8.760378680494604,0.0,,1.0,9.909351953719204,0.0,,1.0,8.944935096386134,0.0,,1.0,,,,,,,,,,,,,,,,,,,,,,,,,,,,,,,,,,,,,,,,,,,,,,,,,,,,,,,,,,,,,,,,,,,,,,,,,,,,,,,,,,,,,,,,,,,,,,,,,,,,,,,,,,,,,,,,,,,,,,,,,,,,,,,,,,,,,,,,,,,,,,,,,,,,,,,,
2021-06,2021-06-15T09:30:00+08:00,early,0.31698944409726704,-0.5769280364906371,-0.3752756691220088,7.20061182975246,50,0.0,1.0,,,,,0,1.0,-7.35050376312438,0.0,,1.0,,,,,-1.446756124696111,0.0,,1.0,-1.467393049157988,0.0,,1.0,-1.1695094420970564,0.0,,1.0,6.853903021785208,0.0,,1.0,11.263354136717723,0.0,,1.0,2.902259964379572,0.0,,1.0,1.8934469784673171,0.0,,1.0,,,,,,,,,,,,,,,,,-0.3050923768187545,0.0,,1.0,-0.028694837981363103,0,,1,0.690776663203249,0,,1,12.258378374519525,0.0,,1.0,-0.31019985462816246,0,,1,-1.1613633563479744,0.0,,1.0,,,,,,,,,,,,,-0.4710178509597611,0.0,,1.0,-1.509260753140644,0.0,,1.0,,,,,0.13343378787364024,0,,1,,,,,,,,,12.218294599568193,0.0,,1.0,-1.3116085311401258,0.0,,1.0,6.872933432420458,0,,1,-3.1281286035924443,0,,1,,,,,,,,,11.28472091913046,0.0,,1.0,,,,,0.4253555743753642,0,,1,4.93808731482187,0.0,,1.0,-15.730589797698514,0,,1,-1.3773947262215336,0,,1,-2.0585274007914287,0,,1,0.2593842948143447,0,,1,3.9944049694826074,0,,1,-0.30487617603807693,0.0,,1.0,-1.9409330857257385,0,,1,-5.872984425048503,0.0,,1.0,,,,,-4.027260794556442,0.0,,1.0,-3.618621907997292,0.0,,1.0,-1.4715450893575428,0.0,,1.0,-2.8877688886529977,0,,1,-6.9190906879064595,0.0,,1.0,,,,,-6.781426058929861,0,,1,-0.6322087052406253,0,,1,-0.5216473677406488,0,,1,-4.039128458382691,0,,1,1.9412654585265425,0,,1,-1.9619114475816508,0,,1,7e6e93725141c7ef1b720e75d7d862333056a79d24434794617ef24056647bfb,0.3,2021-06-15T01:30:00+00:00,2021-07-09T01:30:00+00:00,publication,pseudo_real_time,,,,,,,,,,,,,,,,,,,,,,,,,,,,,2.012401610975945,0.0,,1.0,,,,,-2.2918215475199153,0.0,,1.0,3.7844242743536443,0.0,,1.0,1.7713968237126274,0.0,,1.0,1.800671649095272,0.0,,1.0,,,,,-2.0022539532888324,0.0,,1.0,,,,,,,,,,,,,,,,,-3.4672820372473314,0.0,,1.0,23.652532927680582,0.0,,1.0,15.287740744440075,0.0,,1.0,,,,,19.5192824246577,0.0,,1.0,4.166400054043068,0.0,,1.0,-0.9764562163925596,0.0,,1.0,-8.532242265999242,0.0,,1.0,-9.666182969913981,0.0,,1.0,-8.578799027635322,0.0,,1.0,-9.567916039875321,0.0,,1.0,,,,,,,,,,,,,,,,,,,,,,,,,,,,,,,,,,,,,,,,,,,,,,,,,,,,,,,,,,,,,,,,,,,,,,,,,,,,,,,,,,,,,,,,,,,,,,,,,,,,,,,,,,,,,,,,,,,,,,,,,,,,,,,,,,,,,,,,,,,,,,,,,,,,,,,,
2021-07,2021-07-14T09:30:00+08:00,early,0.9086083026507622,0.5886192450727536,0.724511726264365,3.469476122725125,50,0.0,1.0,,,,,0,1.0,-2.9453105991018838,0.0,,1.0,,,,,3.004436753299698,0.0,,1.0,-0.3021553955446894,0.0,,1.0,-0.8083196699400906,0.0,,1.0,3.053720604628233,0.0,,1.0,6.740779860768169,0.0,,1.0,-2.732505047288562,0.0,,1.0,1.8884680474993243,0.0,,1.0,,,,,,,,,,,,,,,,,2.690246358461045,0.0,,1.0,-0.655352786280062,0,,1,0.0365838701693459,0,,1,6.1634474554045235,0.0,,1.0,2.7669950002778756,0,,1,3.0837036628537398,0.0,,1.0,,,,,,,,,,,,,3.4822968206443448,0.0,,1.0,-6.459654898449767,0.0,,1.0,,,,,1.916999633744145,0,,1,,,,,,,,,1.5041605054355411,0.0,,1.0,4.623658168834562,0.0,,1.0,3.7408452655960156,0,,1,3.1519808628165356,0,,1,,,,,,,,,-0.16989712142520982,0.0,,1.0,,,,,-2.844021853411402,0,,1,1.1076410768452525,0.0,,1.0,-2.323358378683391,0,,1,-2.279495229143285,0,,1,-3.4075396410184116,0,,1,0.3156264604785262,0,,1,6.159294615842847,0,,1,-0.9963112770764287,0.0,,1.0,8.972006824731942,0,,1,-2.5559552734513,0.0,,1.0,,,,,0.3161114452483192,0.0,,1.0,3.1639470486864503,0.0,,1.0,-1.3966772541540342,0.0,,1.0,-2.244864436009928,0,,1,0.1198351126389504,0.0,,1.0,,,,,-2.359508550728983,0,,1,-0.42369566973782646,0,,1,1.6329447619314703,0,,1,0.6353904801735281,0,,1,-2.0940742808469492,0,,1,4.082877934140713,0,,1,12514c5861cd122303035f6ea6865b800f9a14cea9ccfdf9e3a39616b4443fbd,0.5,2021-07-14T01:30:00+00:00,2021-08-09T01:30:00+00:00,publication,pseudo_real_time,,,,,,,,,,,,,,,,,,,,,,,,,,,,,9.15409242798226,0.0,,1.0,,,,,-0.9417526121606934,0.0,,1.0,0.9399274531348912,0.0,,1.0,1.6298422664714995,0.0,,1.0,1.5525859764984782,0.0,,1.0,,,,,-3.242020748851461,0.0,,1.0,,,,,,,,,,,,,,,,,0.5418480099719791,0.0,,1.0,4.746365302052216,0.0,,1.0,4.776334209533619,0.0,,1.0,,,,,4.904799698917723,0.0,,1.0,6.282808866170518,0.0,,1.0,-3.77635048720602,0.0,,1.0,-3.2189951761626916,0.0,,1.0,-1.7893373940035577,0.0,,1.0,-3.131533653867119,0.0,,1.0,-3.3961383326429284,0.0,,1.0,,,,,,,,,,,,,,,,,,,,,,,,,,,,,,,,,,,,,,,,,,,,,,,,,,,,,,,,,,,,,,,,,,,,,,,,,,,,,,,,,,,,,,,,,,,,,,,,,,,,,,,,,,,,,,,,,,,,,,,,,,,,,,,,,,,,,,,,,,,,,,,,,,,,,,,,
2021-08,2021-08-16T09:30:00+08:00,early,2.6766574788231505,1.7513211144723773,1.9614006455339001,5.229718726980363,50,0.0,1.0,,,,,0,1.0,3.574461152765098,0.0,,1.0,,,,,3.426041058625897,0.0,,1.0,0.12258349615915365,0.0,,1.0,1.9568989129286987,0.0,,1.0,3.9362386033468866,0.0,,1.0,3.3111602866396623,0.0,,1.0,0.017058463461278706,0.0,,1.0,4.672987269270137,0.0,,1.0,,,,,,,,,,,,,,,,,3.4549119126892522,0.0,,1.0,-0.3796845397574941,0,,1,-0.33905637944824935,0,,1,0.7575653565075634,0.0,,1.0,3.549765918121984,0,,1,4.571891336487421,0.0,,1.0,,,,,,,,,,,,,5.132516375029201,0.0,,1.0,-3.4908137165361515,0.0,,1.0,,,,,5.622744244961632,0,,1,,,,,,,,,6.320823187313337,0.0,,1.0,1.5843821890378351,0.0,,1.0,24.280964373914628,0,,1,7.079925446847812,0,,1,,,,,,,,,-1.3902574677880435,0.0,,1.0,,,,,-2.229138162194862,0,,1,-0.10404552695426827,0.0,,1.0,0.9637725050033953,0,,1,2.3832893575448835,0,,1,2.704320604371495,0,,1,1.292957684054717,0,,1,15.60170549717278,0,,1,-0.9497169503429603,0.0,,1.0,-6.845001383135169,0,,1,-1.2277423651608868,0.0,,1.0,,,,,-1.16508049402965,0.0,,1.0,0.5412707297069587,0.0,,1.0,1.2718085154335583,0.0,,1.0,-0.1379243578097196,0,,1,-2.2975409289644553,0.0,,1.0,,,,,3.6501920983544474,0,,1,1.8031038483521382,0,,1,0.9512252960830084,0,,1,3.3877505885513006,0,,1,0.7842991627089898,0,,1,6.385923984965709,0,,1,3e7eee63c8addaa1b61afb0c3a4d5e7bb8f5626935ffb1278fdc995e76dcc67a,0.7,2021-08-16T01:30:00+00:00,2021-09-09T01:30:00+00:00,publication,pseudo_real_time,,,,,,,,,,,,,,,,,,,,,,,,,,,,,5.752949280281909,0.0,,1.0,,,,,0.5442625260954851,0.0,,1.0,-1.86253224412374,0.0,,1.0,-1.4118800036170498,0.0,,1.0,-1.34151164145555,0.0,,1.0,,,,,-2.77883408039335,0.0,,1.0,,,,,,,,,,,,,,,,,1.699538380592616,0.0,,1.0,2.9789141943246182,0.0,,1.0,9.255927954563768,0.0,,1.0,,,,,3.422966223129515,0.0,,1.0,16.799653118526514,0.0,,1.0,2.2424209051697286,0.0,,1.0,3.766213462509793,0.0,,1.0,3.345881670423376,0.0,,1.0,3.9047466534690782,0.0,,1.0,4.53731212666416,0.0,,1.0,,,,,,,,,,,,,,,,,,,,,,,,,,,,,,,,,,,,,,,,,,,,,,,,,,,,,,,,,,,,,,,,,,,,,,,,,,,,,,,,,,,,,,,,,,,,,,,,,,,,,,,,,,,,,,,,,,,,,,,,,,,,,,,,,,,,,,,,,,,,,,,,,,,,,,,,
2021-09,2021-09-14T09:30:00+08:00,early,2.125127765532325,0.05924175502157268,0.7128370112790426,8.09858127981967,50,0.0,1.0,,,,,0,1.0,-0.21264101190519366,0.0,,1.0,,,,,1.8081102193605934,0.0,,1.0,-1.0850491681944914,0.0,,1.0,0.9114203602229443,0.0,,1.0,11.142784335373713,0.0,,1.0,-1.0205680683650156,0.0,,1.0,3.9428046383316704,0.0,,1.0,0.9887154656011393,0.0,,1.0,,,,,,,,,,,,,,,,,0.049029109625879586,0.0,,1.0,0.8066874444116013,0,,1,0.9210132825064046,0,,1,-7.623488591501995,0.0,,1.0,0.05032780879172535,0,,1,0.05498880596037636,0.0,,1.0,,,,,,,,,,,,,0.061384408194353396,0.0,,1.0,6.2578559646148975,0.0,,1.0,,,,,0.4952505459729539,0,,1,,,,,,,,,0.8521000343541311,0.0,,1.0,-2.863409740097681,0.0,,1.0,9.527621637608672,0,,1,2.2340060175733916,0,,1,,,,,,,,,25.799386511308693,0.0,,1.0,,,,,-0.05686797969948279,0,,1,1.669546002567101,0.0,,1.0,-8.919055800605571,0,,1,3.8305245063000566,0,,1,-0.7382586044370802,0,,1,1.1242312469421778,0,,1,17.005964099477865,0,,1,0.05709910184879196,0.0,,1.0,1.1328354442255697,0,,1,-1.404860188738638,0.0,,1.0,,,,,-0.9713772483523956,0.0,,1.0,0.35211896286735195,0.0,,1.0,3.328663374906624,0.0,,1.0,2.1428200245264826,0,,1,-1.4157066413970028,0.0,,1.0,,,,,-0.09951670934548366,0,,1,0.9151587480492196,0,,1,-2.4931681654458813,0,,1,6.6050250420648675,0,,1,0.27208316870987137,0,,1,-2.1986150793302928,0,,1,599de3d2e1756951072ebe01931df6268ccc24141cd4ce92f9718ca7d3815144,1.2,2021-09-14T01:30:00+00:00,2021-10-14T01:30:00+00:00,publication,pseudo_real_time,,,,,,,,,,,,,,,,,,,,,,,,,,,,,2.2851677600325373,0.0,,1.0,,,,,-0.45473682912370006,0.0,,1.0,-0.4415056923612725,0.0,,1.0,-3.282884105481477,0.0,,1.0,-3.2291763106746556,0.0,,1.0,,,,,4.718457916025982,0.0,,1.0,,,,,,,,,,,,,,,,,-3.519833318411937,0.0,,1.0,7.463888594710669,0.0,,1.0,44.5204851090243,0.0,,1.0,,,,,2.2766166263744108,0.0,,1.0,-0.11989548499416773,0.0,,1.0,-0.14311087474542403,0.0,,1.0,-0.3085707256089415,0.0,,1.0,-0.343755388863631,0.0,,1.0,-0.03219374836706196,0.0,,1.0,-0.34869862450061995,0.0,,1.0,,,,,,,,,,,,,,,,,,,,,,,,,,,,,,,,,,,,,,,,,,,,,,,,,,,,,,,,,,,,,,,,,,,,,,,,,,,,,,,,,,,,,,,,,,,,,,,,,,,,,,,,,,,,,,,,,,,,,,,,,,,,,,,,,,,,,,,,,,,,,,,,,,,,,,,,
2021-10,2021-10-14T09:30:00+08:00,early,8.749370255794949,3.091860956626025,6.846633030499328,14.572728936773998,50,0.0,1.0,,,,,0,1.0,4.017100422033198,0.0,,1.0,,,,,15.03465219415198,0.0,,1.0,0.5458782725817218,0.0,,1.0,0.08002450134735521,0.0,,1.0,22.101088921436492,0.0,,1.0,13.498890576400235,0.0,,1.0,16.145262554712644,0.0,,1.0,4.5912401765398965,0.0,,1.0,,,,,,,,,,,,,,,,,28.522714260925653,0.0,,1.0,0.19317199330183857,0,,1,0.9404376728237481,0,,1,12.171710972546117,0.0,,1.0,29.76394426478548,0,,1,32.85257836265313,0.0,,1.0,,,,,,,,,,,,,30.11754148164933,0.0,,1.0,29.95891539635868,0.0,,1.0,,,,,9.662367222624123,0,,1,,,,,,,,,-5.792677718110819,0.0,,1.0,5.262093438234378,0.0,,1.0,0.17429453981076126,0,,1,10.121672982667357,0,,1,,,,,,,,,11.06114684579887,0.0,,1.0,,,,,-4.3786577802954225,0,,1,1.2634957249177972,0.0,,1.0,-17.461404208726535,0,,1,25.378929800347787,0,,1,-0.465434279082843,0,,1,1.3853668644164918,0,,1,0.41138656408989316,0,,1,-0.6152797603607104,0.0,,1.0,-1.9332574610024336,0,,1,-2.0471738486293187,0.0,,1.0,,,,,11.432968150434778,0.0,,1.0,10.104800098275318,0.0,,1.0,23.794809373896197,0.0,,1.0,-0.5992655794344606,0,,1,2.0832162044095024,0.0,,1.0,,,,,2.373645737762658,0,,1,2.132763030327774,0,,1,-3.0372421666194054,0,,1,3.420414277870244,0,,1,0.4023601732214252,0,,1,0.18420798612523254,0,,1,addf5b28818db9dbda50960524acd00e44d2b45887a71339538a162a8b77f9be,2.5,2021-10-14T01:30:00+00:00,2021-11-10T01:30:00+00:00,publication,pseudo_real_time,,,,,,,,,,,,,,,,,,,,,,,,,,,,,0.21761008293081377,0.0,,1.0,,,,,-1.2657334262174555,0.0,,1.0,9.682384759092717,0.0,,1.0,3.1469653656306433,0.0,,1.0,3.036756547621407,0.0,,1.0,,,,,24.26954998589007,0.0,,1.0,,,,,,,,,,,,,,,,,2.421312941456687,0.0,,1.0,11.534294186785724,0.0,,1.0,10.855403047457246,0.0,,1.0,,,,,28.107350673723776,0.0,,1.0,73.62736778670913,0.0,,1.0,3.151038666850786,0.0,,1.0,1.8448522327564574,0.0,,1.0,1.179356632922521,0.0,,1.0,7.13001157725164,0.0,,1.0,8.423697684655123,0.0,,1.0,,,,,,,,,,,,,,,,,,,,,,,,,,,,,,,,,,,,,,,,,,,,,,,,,,,,,,,,,,,,,,,,,,,,,,,,,,,,,,,,,,,,,,,,,,,,,,,,,,,,,,,,,,,,,,,,,,,,,,,,,,,,,,,,,,,,,,,,,,,,,,,,,,,,,,,,
2021-11,2021-11-15T09:30:00+08:00,early,-1.0761225332867894,-1.2127952818351266,-1.1956280329765152,10.283178416427853,50,0.0,1.0,,,,,0,1.0,-6.286005431174037,0.0,,1.0,,,,,-6.525268113678588,0.0,,1.0,1.6104695128733715,0.0,,1.0,-1.5249520911283354,0.0,,1.0,-7.80673813633375,0.0,,1.0,1.5686964411501163,0.0,,1.0,0.5936094509112587,0.0,,1.0,8.571007465118106,0.0,,1.0,,,,,,,,,,,,,,,,,-6.2958711713074,0.0,,1.0,2.9643379731554087,0,,1,3.764213425185281,0,,1,-4.421386092614132,0.0,,1.0,-9.871990322870369,0,,1,-16.141375693291664,0.0,,1.0,,,,,,,,,,,,,-17.730625551672613,0.0,,1.0,2.920013437338622,0.0,,1.0,,,,,6.893827924935746,0,,1,,,,,,,,,-11.574246648495992,0.0,,1.0,3.6240791156781604,0.0,,1.0,19.208669367293787,0,,1,5.107408262258133,0,,1,,,,,,,,,-2.3213636158155246,0.0,,1.0,,,,,3.2532615954388064,0,,1,8.50495585383856,0.0,,1.0,38.59581928000456,0,,1,-16.946409071355845,0,,1,0.8912895163186663,0,,1,4.745614750292771,0,,1,-19.98645436593829,0,,1,-1.1492301467242882,0.0,,1.0,-6.238892139786176,0,,1,-5.553265773880136,0.0,,1.0,,,,,-7.67807665952084,0.0,,1.0,-5.590903979886374,0.0,,1.0,-20.73191237495578,0.0,,1.0,-1.2827142499045607,0,,1,-1.6211320357455785,0.0,,1.0,,,,,-3.4982538135216577,0,,1,-5.874324429263595,0,,1,5.421475809515972,0,,1,-12.415295051035544,0,,1,0.002721360687564246,0,,1,1.105754727817568,0,,1,c5d9882c991a6960aea89a73397c921750926e7c0b501f75a82ee761df5efef0,0.0,2021-11-15T01:30:00+00:00,2021-12-09T01:30:00+00:00,publication,pseudo_real_time,,,,,,,,,,,,,,,,,,,,,,,,,,,,,1.598733591764222,0.0,,1.0,,,,,5.895648921603421,0.0,,1.0,6.297869313095418,0.0,,1.0,8.019354805595617,0.0,,1.0,8.047128292172907,0.0,,1.0,,,,,10.435061563891146,0.0,,1.0,,,,,,,,,,,,,,,,,1.87971845866169,0.0,,1.0,3.431987584012798,0.0,,1.0,-5.7179281833914715,0.0,,1.0,,,,,7.528741824300258,0.0,,1.0,8.811265646907259,0.0,,1.0,-1.2763604169459648,0.0,,1.0,-3.5693317536048172,0.0,,1.0,-7.570246185184525,0.0,,1.0,-10.87608720069387,0.0,,1.0,-10.925753217093389,0.0,,1.0,,,,,,,,,,,,,,,,,,,,,,,,,,,,,,,,,,,,,,,,,,,,,,,,,,,,,,,,,,,,,,,,,,,,,,,,,,,,,,,,,,,,,,,,,,,,,,,,,,,,,,,,,,,,,,,,,,,,,,,,,,,,,,,,,,,,,,,,,,,,,,,,,,,,,,,,
2021-12,2021-12-14T09:30:00+08:00,early,-5.89400316819475,-4.507677619294242,-4.587637123234897,8.709209200024413,50,0.0,1.0,,,,,0,1.0,-4.900904815229452,0.0,,1.0,,,,,-9.84239282460613,0.0,,1.0,1.4724355953692978,0.0,,1.0,-1.5582849821641638,0.0,,1.0,-15.091537574999526,0.0,,1.0,-2.8163287851812715,0.0,,1.0,-8.255144743123209,0.0,,1.0,-5.315503465754202,0.0,,1.0,,,,,,,,,,,,,,,,,-6.689923933292705,0.0,,1.0,0.3689766519280382,0,,1,2.166873086316337,0,,1,-8.67899293552031,0.0,,1.0,-7.135335245201735,0,,1,-9.114217989937188,0.0,,1.0,,,,,,,,,,,,,-9.318402863337694,0.0,,1.0,-7.5312051356278555,0.0,,1.0,,,,,-0.7348829761828993,0,,1,,,,,,,,,-8.946491042618456,0.0,,1.0,-10.792140842208118,0.0,,1.0,-9.015578720665687,0,,1,-8.922429485176085,0,,1,,,,,,,,,-28.809226885951826,0.0,,1.0,,,,,0.7916685080877334,0,,1,-4.52258608534169,0.0,,1.0,5.393494021523923,0,,1,-8.052113614300982,0,,1,-1.0758989856692398,0,,1,0.79642988644816,0,,1,-18.05973967617526,0,,1,0.3512081903039625,0.0,,1.0,-12.476190072196667,0,,1,6.549441491535461,0.0,,1.0,,,,,-3.4382640040460375,0.0,,1.0,-1.5185077633320037,0.0,,1.0,-5.475799531154286,0.0,,1.0,-1.5077978621062071,0,,1,-11.114540803082967,0.0,,1.0,,,,,-4.492769153246794,0,,1,-1.1363033451862876,0,,1,-1.1314667122905049,0,,1,-3.0626872964220127,0,,1,-0.963086934274898,0,,1,4.709203464633236,0,,1,f08ea5a602dda3f2efa994ff7272a4a261e29bfa8bcb20276255af88e7c4c136,-1.2,2021-12-14T01:30:00+00:00,2022-01-12T01:30:00+00:00,publication,pseudo_real_time,,,,,,,,,,,,,,,,,,,,,,,,,,,,,0.16393347900457358,0.0,,1.0,,,,,0.7116545343355749,0.0,,1.0,-4.1187640183930645,0.0,,1.0,-5.325612397434413,0.0,,1.0,-5.307066059304124,0.0,,1.0,,,,,-8.287738051123313,0.0,,1.0,,,,,,,,,,,,,,,,,2.390451379914122,0.0,,1.0,-3.7205112215328002,0.0,,1.0,-40.85314488574273,0.0,,1.0,,,,,0.06607310097192096,0.0,,1.0,-32.205835404198204,0.0,,1.0,-5.59466310117641,0.0,,1.0,-5.2087058596634765,0.0,,1.0,-6.279315082769117,0.0,,1.0,-3.9888471519046176,0.0,,1.0,-3.841128542616295,0.0,,1.0,,,,,,,,,,,,,,,,,,,,,,,,,,,,,,,,,,,,,,,,,,,,,,,,,,,,,,,,,,,,,,,,,,,,,,,,,,,,,,,,,,,,,,,,,,,,,,,,,,,,,,,,,,,,,,,,,,,,,,,,,,,,,,,,,,,,,,,,,,,,,,,,,,,,,,,,
2022-01,2022-01-14T09:30:00+08:00,early,-3.238920448359092,-0.9739185706799663,-2.3092803876370533,8.734531230856934,43,0.24561403508771928,1.0,,,,,0,1.0,-0.953176843783824,0.2857142857142857,,1.0,,,,,-0.553236681901401,0.46153846153846156,,1.0,-1.2375039437693307,0.8,,1.0,2.3123899795216225,0.0,,1.0,-14.242959741662022,0.25,,1.0,-0.3933289021396377,0.0,,1.0,-6.253163135249609,0.0,,1.0,-3.5079540838269008,0.0,,1.0,,,,,,,,,,,,,,,,,-23.982751047538564,0.0,,1.0,-0.8284801567939808,0,,1,0.2457794144886978,0,,1,-0.1198983003057918,0.0,,1.0,-24.433165381182313,0,,1,-22.40515399629989,0.0,,1.0,,,,,,,,,,,,,-28.966496006431075,0.0,,1.0,-7.088053520875838,0.0,,1.0,,,,,0.8581085576489509,0,,1,,,,,,,,,-2.401122294218015,0.0,,1.0,,1.0,,1.0,-12.890207758444333,0,,1,0.4074072318751694,0,,1,,,,,,,,,,1.0,,1.0,,,,,-0.5428343998847361,0,,1,,1.0,,1.0,-9.298221119742722,0,,1,-7.6589854917117295,0,,1,0.08974545650709896,0,,1,0.13141830578668612,0,,1,-7.247812279987002,0,,1,-0.6823343011585945,0.0,,1.0,6.408910554617774,0,,1,,1.0,,1.0,,,,,,1.0,,1.0,,1.0,,1.0,-4.077167675270717,0.0,,1.0,-4.783261259334887,0,,1,1.7332084778857721,0.0,,1.0,,,,,-0.4253496743029448,0,,1,2.829108068349374,0,,1,-0.6062704412738332,0,,1,6.355634074716425,0,,1,3.410450828136799,0,,1,-6.804378408346927,0,,1,d4be125b5662df327352f952d9de3537220c2f4a3bb4c59baefa6676463c0920,-0.2,2022-01-14T01:30:00+00:00,2022-02-16T01:30:00+00:00,publication,pseudo_real_time,,,,,,,,,,,,,,,,,,,,,,,,,,,,,-0.08616983543315483,0.0,,1.0,,,,,-1.5252668995534873,0.0,,1.0,-1.7535634578036399,0.0,,1.0,-3.4765507988278155,0.0,,1.0,-3.466228025547471,0.0,,1.0,,,,,-9.270313590654974,0.0,,1.0,,,,,,,,,,,,,,,,,-1.2375039437693307,0.0,,1.0,-0.4708800589908328,0.0,,1.0,14.800688040470552,0.0,,1.0,,,,,-0.9739185706799663,0.0,,1.0,13.773568049503023,0.0,,1.0,-0.8783204149598391,0.0,,1.0,-1.0154294317882944,0.0,,1.0,,1.0,,1.0,-1.3831650590734752,0.0,,1.0,-1.0636196387945667,0.0,,1.0,,1.0,,1.0,,1.0,,1.0,,1.0,,1.0,,1.0,,1.0,,1.0,,1.0,,1.0,,1.0,,1.0,,1.0,,,,,,,,,,,,,,,,,,,,,,,,,,,,,,,,,,,,,,,,,,,,,,,,,,,,,,,,,,,,,,,,,,,,,,,,,,,,,,,,,,,,,,,,,,,,,,,,,,,,,,,,,,,,,,,,,,,,,,,,,,,,
2022-03,2022-03-14T09:30:00+08:00,early,,,,,0,1.0,1.0,,,,,0,1.0,,1.0,,1.0,,,,,,1.0,,1.0,,1.0,,1.0,,1.0,,1.0,,1.0,,1.0,,1.0,,1.0,,1.0,,1.0,,1.0,,1.0,,,,,,,,,,,,,,,,,,1.0,,1.0,,1,,1,,1,,1,,1.0,,1.0,,1,,1,,1.0,,1.0,,,,,,,,,,,,,,1.0,,1.0,,1.0,,1.0,,,,,,1,,1,,,,,,,,,,1.0,,1.0,,,,,,1,,1,,1,,1,,,,,,,,,,,,,,,,,,1,,1,,,,,,1,,1,,1,,1,,1,,1,,1,,1,,1,,1,,1.0,,1.0,,1,,1,,,,,,,,,,,,,,,,,,1.0,,1.0,,1,,1,,1.0,,1.0,,,,,,1,,1,,1,,1,,1,,1,,1,,1,,1,,1,,1,,1,c76dd16f14457069f777967acf204aa76be3c4312aeb96184e67a2cbe1c274ca,1.1,2022-03-14T01:30:00+00:00,2022-04-11T01:30:00+00:00,publication,pseudo_real_time,,,,,,,,,,,,,,,,,,,,,,,,,,,,,,1.0,,1.0,,,,,,1.0,,1.0,,1.0,,1.0,,1.0,,1.0,,1.0,,1.0,,,,,,1.0,,1.0,,,,,,,,,,,,,,,,,,1.0,,1.0,,1.0,,1.0,,1.0,,1.0,,,,,,1.0,,1.0,,1.0,,1.0,,1.0,,1.0,,1.0,,1.0,,,,,,1.0,,1.0,,1.0,,1.0,,,,,,,,,,,,,,,,,,,,,,,,,,,,,,1.0,,1.0,,1.0,,1.0,,1.0,,1.0,,1.0,,1.0,,1.0,,1.0,,1.0,,1.0,,1.0,,1.0,,1.0,,1.0,,,,,,,,,,,,,,,,,,,,,,,,,,,,,,,,,,,,,,,,,,,,,,,,,,,,,,,,,,,,,,,,,,,,,,,,,,,,,,,,,,,,,,,,,,,,
2022-04,2022-04-14T09:30:00+08:00,early,2.38320342645024,1.6203949178624901,1.8478923368860323,6.5438232908861975,50,0.0,1.0,,,,,0,1.0,2.556564258861346,0.0,,1.0,,,,,6.5004552182178355,0.0,,1.0,0.17661006112618124,0.0,,1.0,2.327630452991839,0.0,,1.0,4.637185979084399,0.0,,1.0,0.5592651962458476,0.0,,1.0,-3.477096400165338,0.0,,1.0,-0.7351633333447095,0.0,,1.0,,,,,,,,,,,,,,,,,6.862198991001354,0.0,,1.0,-0.019917614495449563,0,,1,1.5450392586612807,0,,1,,,,,6.676570501014839,0,,1,0.42171645074278086,0.0,,1.0,,,,,,,,,,,,,-1.1102542287430646,0.0,,1.0,-0.10803208988108466,0.0,,1.0,,,,,0.017116322830637833,0,,1,,,,,,,,,-11.743072621900737,0.0,,1.0,,,,,-1.3685247193665915,0,,1,-2.212505939482855,0,,1,,,,,,,,,,,,,,,,,1.3802104166045273,0,,1,,,,,1.6617684177839473,0,,1,3.8357955240687343,0,,1,2.2892184907695525,0,,1,3.0581254556261777,0,,1,38.70578115103108,0,,1,-0.5096730047539246,0.0,,1.0,3.6041097979026535,0,,1,,,,,,,,,,,,,,,,,3.427188302127375,0.0,,1.0,7.013022982348441,0,,1,2.1235310166708015,0.0,,1.0,,,,,2.3590836220388085,0,,1,-1.4075134289238491,0,,1,1.119548645617589,0,,1,0.9141848786193048,0,,1,4.9875697969609085,0,,1,4.818119193739516,0,,1,6c93a997b83da587cb1c9d9291e969213e7da317af6329fb4f86294e52df244e,0.6,2022-04-14T01:30:00+00:00,2022-05-11T01:30:00+00:00,publication,pseudo_real_time,,,,,,,,,,,,,,,,,,,,,,,,,,,,,3.4374787601260044,0.0,,1.0,,,,,1.2100066687569515,0.0,,1.0,3.1555820950588633,0.0,,1.0,-3.453681561749987,0.0,,1.0,-3.5899753301538646,0.0,,1.0,,,,,1.4198155112858084,0.0,,1.0,,,,,,,,,,,,,,,,,-0.9250071996250673,0.0,,1.0,0.6319224487805178,0.0,,1.0,7.91738260482589,0.0,,1.0,,,,,-7.451113323765019,0.0,,1.0,9.941319327341809,0.0,,1.0,2.1559320137108666,0.0,,1.0,1.5790214179410327,0.0,,1.0,,,,,2.8788022096185655,0.0,,1.0,3.156926958197379,0.0,,1.0,,,,,,,,,,,,,,,,,,,,,,,,,,,,,5.691430152376557,0.0,,1.0,-3.15595046687538,0.0,,1.0,3.2096193316614228,0.0,,1.0,11.060765085968471,0.0,,1.0,-0.6327029230085297,0.0,,1.0,2.0875403060121407,0.0,,1.0,0.6514871277955337,0.0,,1.0,1.0531712083762381,0.0,,1.0,,,,,,,,,,,,,,,,,,,,,,,,,,,,,,,,,,,,,,,,,,,,,,,,,,,,,,,,,,,,,,,,,,,,,,,,,,,,,,,,,,,,,,,,,,,,
2022-05,2022-05-14T09:30:00+08:00,early,-0.29340795624131605,-0.2565262839754699,-0.48859792884550446,4.235394035586895,49,0.039215686274509776,1.0,,,,,0,1.0,-0.7395928806448734,0.0,,1.0,,,,,-0.41480791942784484,0.18181818181818182,,1.0,-0.35434330560095156,0.0,,1.0,-1.7270785216239104,0.0,,1.0,-2.6351700573088204,0.0,,1.0,4.184132939086674,0.0,,1.0,-1.1002131412465563,0.0,,1.0,-0.7073811350146526,0.0,,1.0,,,,,,,,,,,,,,,,,-8.155920759116626,0.0,,1.0,2.0200536620564855,0,,1,3.4376712926422437,0,,1,,,,,-7.548611837019574,0,,1,-6.749746306622731,0.0,,1.0,,,,,,,,,,,,,-5.771134460987295,0.0,,1.0,-2.1739276134895227,0.0,,1.0,,,,,-1.6205144201557324,0,,1,,,,,,,,,-0.5066923464951109,0.0,,1.0,,,,,-1.522473934955407,0,,1,1.352717801119109,0,,1,,,,,,,,,,,,,,,,,1.0508509925951128,0,,1,,,,,16.407355988528995,0,,1,-5.710511966734688,0,,1,-0.9306451984792263,0,,1,0.15445053963579988,0,,1,1.667938757192298,0,,1,0.29164979184747614,0.0,,1.0,3.1558703572225175,0,,1,,,,,,,,,,,,,,,,,-3.1490270788502035,0.0,,1.0,0.5569198898760604,0,,1,2.2853622675678675,0.0,,1.0,,,,,-1.377317416263289,0,,1,-6.940086673467478,0,,1,0.7425577206133301,0,,1,-6.468977180169732,0,,1,-0.251249428460013,0,,1,-5.050889108924286,0,,1,78bc0779e71f752722ec7083f60a911d445390486602bbcd6a5ed321055df6a6,0.1,2022-05-14T01:30:00+00:00,2022-06-10T01:30:00+00:00,publication,pseudo_real_time,,,,,,,,,,,,,,,,,,,,,,,,,,,,,8.125141274751375,0.0,,1.0,,,,,1.9004875654903954,0.0,,1.0,0.2002516396195304,0.0,,1.0,-2.151327479839282,0.0,,1.0,-2.2779053756676664,0.0,,1.0,,,,,-0.6200194637550352,0.0,,1.0,,,,,,,,,,,,,,,,,-3.9028555821503605,0.0,,1.0,0.31592389420498146,0.0,,1.0,2.383576821234506,0.0,,1.0,,,,,1.277116792986604,0.0,,1.0,2.4288451969033007,0.0,,1.0,0.7538680006772597,0.0,,1.0,-0.5780602375234198,0.0,,1.0,,,,,-0.4108880605929674,0.0,,1.0,-0.34671346787432794,0.0,,1.0,,,,,,,,,,,,,,,,,,,,,,,,,,,,,3.1501407495220444,0.0,,1.0,1.5627667228036526,0.0,,1.0,-2.4784461022924953,0.0,,1.0,7.079722247144993,0.0,,1.0,-0.2565262839754699,0.0,,1.0,3.0963519493229756,0.0,,1.0,-0.923626422031061,0.0,,1.0,,1.0,,1.0,,1.0,,1.0,,,,,,,,,,,,,,,,,,,,,,,,,,,,,,,,,,,,,,,,,,,,,,,,,,,,,,,,,,,,,,,,,,,,,,,,,,,,,,,,,,,,,,,,
2022-06,2022-06-14T09:30:00+08:00,early,0.08583884354101658,0.11316691565682813,0.19508613512485456,4.83225357105746,50,0.0,1.0,,,,,0,1.0,-3.240358917963075,0.0,,1.0,,,,,2.056006235479954,0.0,,1.0,0.08504073603986206,0.0,,1.0,-0.5420321128599499,0.0,,1.0,1.36517157388408,0.0,,1.0,2.455664989589833,0.0,,1.0,-7.21600978536781,0.0,,1.0,-0.1704373121539866,0.0,,1.0,,,,,,,,,,,,,,,,,4.152540433851335,0.0,,1.0,8.126249016785248,0,,1,-1.6034232006607723,0,,1,,,,,3.920353897246827,0,,1,3.7075443002801785,0.0,,1.0,,,,,,,,,,,,,6.1930968986206,0.0,,1.0,-6.4822861610272025,0.0,,1.0,,,,,-3.549331493156887,0,,1,,,,,,,,,-6.474449978488943,0.0,,1.0,,,,,-8.221846673955016,0,,1,-0.7222677784319297,0,,1,,,,,,,,,,,,,,,,,0.5386361279268665,0,,1,,,,,4.166420239282124,0,,1,-0.4509090084474066,0,,1,-0.11061510177450717,0,,1,0.882330895107291,0,,1,2.082381932447762,0,,1,-0.10624594269124041,0.0,,1.0,7.155166598070744,0,,1,,,,,,,,,,,,,,,,,-2.939020857219317,0.0,,1.0,3.1062361055881933,0,,1,5.586746710507098,0.0,,1.0,,,,,-3.6692122574983532,0,,1,0.1559559633457066,0,,1,-1.2748579917936729,0,,1,0.9050643588574045,0,,1,-1.6877197167290243,0,,1,5.743111113214604,0,,1,e536a4b3d8b33e0823f7108678ee19da8f904c6b6ff62a85e282b8e9a5d2ab0b,0.0,2022-06-14T01:30:00+00:00,2022-07-09T01:30:00+00:00,publication,pseudo_real_time,,,,,,,,,,,,,,,,,,,,,,,,,,,,,3.382520410059447,0.0,,1.0,,,,,1.354312102052405,0.0,,1.0,1.9472446290782435,0.0,,1.0,2.5807894039023997,0.0,,1.0,2.5111256513750915,0.0,,1.0,,,,,-8.691293216587285,0.0,,1.0,,,,,,,,,,,,,,,,,3.546803185305901,0.0,,1.0,12.451056373433062,0.0,,1.0,-7.0457252192309126,0.0,,1.0,,,,,0.5585563440983521,0.0,,1.0,-4.263271930704395,0.0,,1.0,-2.9698917173520636,0.0,,1.0,-2.4060604069448845,0.0,,1.0,,,,,-2.9300586315987043,0.0,,1.0,-3.9093644406773937,0.0,,1.0,,,,,,,,,,,,,,,,,,,,,,,,,,,,,3.4259182146116993,0.0,,1.0,6.826744822959934,0.0,,1.0,-3.5575660537070535,0.0,,1.0,-13.822665667012524,0.0,,1.0,-3.246571308955273,0.0,,1.0,-0.04510966823104201,0.0,,1.0,0.7487351060025677,0.0,,1.0,,,,,0.07037786796794965,0.0,,1.0,,,,,,,,,,,,,,,,,,,,,,,,,,,,,,,,,,,,,,,,,,,,,,,,,,,,,,,,,,,,,,,,,,,,,,,,,,,,,,,,,,,,,,,,
2022-07,2022-07-14T09:30:00+08:00,early,-3.5219241373544437,-3.5590357789702596,-3.7511972747553615,5.544046713409876,50,0.0,1.0,,,,,0,1.0,-7.921687184361485,0.0,,1.0,,,,,-4.082393288392686,0.0,,1.0,-1.1323820357428713,0.0,,1.0,-6.470297599347955,0.0,,1.0,-3.723666209421431,0.0,,1.0,-1.2301609969381146,0.0,,1.0,-6.4097293164883204,0.0,,1.0,-2.2366158752582916,0.0,,1.0,,,,,,,,,,,,,,,,,-3.3168778992483374,0.0,,1.0,-3.5114585177808273,0,,1,-2.1416750025251017,0,,1,,,,,-3.6713456170489085,0,,1,-4.2615437541421874,0.0,,1.0,,,,,,,,,,,,,-4.729327789652758,0.0,,1.0,-7.6901763918723205,0.0,,1.0,,,,,-11.643700336229788,0,,1,,,,,,,,,-4.189972523897416,0.0,,1.0,,,,,-6.911466273653301,0,,1,-4.5537588304051795,0,,1,,,,,,,,,,,,,,,,,0.25265424938173064,0,,1,,,,,25.694671568857867,0,,1,-5.119375474421583,0,,1,-12.158754601569846,0,,1,0.7660975281945664,0,,1,-2.009968556116538,0,,1,-0.03789521497093446,0.0,,1.0,-1.9481140112635273,0,,1,,,,,,,,,,,,,,,,,-13.787283161858172,0.0,,1.0,-0.13980906673061094,0,,1,-2.703078228604502,0.0,,1.0,,,,,-9.118182759038914,0,,1,-4.5315723952292695,0,,1,0.06424599849773183,0,,1,-6.224022646688784,0,,1,-7.562659147630922,0,,1,-1.5442186884723748,0,,1,000c6975f7b13ded024f7313632cc3eee85f54be882539b25057fd93837e8a82,-1.3,2022-07-14T01:30:00+00:00,2022-08-10T01:30:00+00:00,publication,pseudo_real_time,,,,,,,,,,,,,,,,,,,,,,,,,,,,,3.2202522326236833,0.0,,1.0,,,,,0.49265191059663316,0.0,,1.0,-1.9718998155591267,0.0,,1.0,-0.35652431023312275,0.0,,1.0,-0.3921435498935841,0.0,,1.0,,,,,-7.349039033695226,0.0,,1.0,,,,,,,,,,,,,,,,,-0.9404227720368237,0.0,,1.0,-1.9931022005863903,0.0,,1.0,-2.5293043275505704,0.0,,1.0,,,,,-0.6405958766889078,0.0,,1.0,-1.7467833447774113,0.0,,1.0,-4.021512025374375,0.0,,1.0,-8.134697410812434,0.0,,1.0,,,,,-8.03948798673823,0.0,,1.0,-8.877926327838347,0.0,,1.0,,,,,,,,,,,,,,,,,,,,,,,,,,,,,-6.2701393467491195,0.0,,1.0,-5.578200760909321,0.0,,1.0,-9.338316596366605,0.0,,1.0,-5.564161877720864,0.0,,1.0,-1.1477663228962467,0.0,,1.0,-1.308957012295544,0.0,,1.0,-2.780297617343737,0.0,,1.0,,,,,-3.6066130401596923,0.0,,1.0,,,,,,,,,,,,,,,,,,,,,,,,,,,,,,,,,,,,,,,,,,,,,,,,,,,,,,,,,,,,,,,,,,,,,,,,,,,,,,,,,,,,,,,,
2022-08,2022-08-14T09:30:00+08:00,early,-4.356854507771463,-3.1116730580240652,-3.1213104654688566,6.987207369425875,50,0.0,1.0,,,,,0,1.0,-2.993599781286757,0.0,,1.0,,,,,-7.6106079995583995,0.0,,1.0,-1.8588000752241267,0.0,,1.0,0.46506357498990497,0.0,,1.0,-10.87678786023175,0.0,,1.0,-6.080921380704478,0.0,,1.0,-2.752883976333758,0.0,,1.0,-0.9342112531465298,0.0,,1.0,,,,,,,,,,,,,,,,,-5.844007767762182,0.0,,1.0,-0.8537483568944906,0,,1,-0.3953523412334582,0,,1,,,,,-5.941009686470589,0,,1,-4.663932186684453,0.0,,1.0,,,,,,,,,,,,,-4.219341639724712,0.0,,1.0,-2.4282799244776485,0.0,,1.0,,,,,-10.337061458725781,0,,1,,,,,,,,,-4.3994990616376874,0.0,,1.0,,,,,7.539556646815443,0,,1,-4.224745497540526,0,,1,,,,,,,,,,,,,,,,,-2.0307984383818156,0,,1,,,,,-0.08194933434586546,0,,1,-0.19509771412071045,0,,1,-0.1810627745108023,0,,1,0.0,0,,1,-38.22864542637363,0,,1,-0.03858893031643377,0.0,,1.0,-5.9964156010354195,0,,1,,,,,,,,,,,,,,,,,-1.5453279785741643,0.0,,1.0,0.5516552652603666,0,,1,-9.231981781395225,0.0,,1.0,,,,,-4.061713574551516,0,,1,1.3711414266977724,0,,1,1.4955613041264642,0,,1,-0.8043186920405361,0,,1,1.350074462384494,0,,1,-3.589219146170349,0,,1,a4e8abe4d5932711d8d09fe25982588f28e7cc3404ad57425a2186cadabfe6e4,-1.2,2022-08-14T01:30:00+00:00,2022-09-09T01:30:00+00:00,publication,pseudo_real_time,,,,,,,,,,,,,,,,,,,,,,,,,,,,,-4.114536685142957,0.0,,1.0,,,,,-1.4768377709924632,0.0,,1.0,-2.889002850791364,0.0,,1.0,-3.0956821906838363,0.0,,1.0,-2.9353936266788945,0.0,,1.0,,,,,-1.4308729428859397,0.0,,1.0,,,,,,,,,,,,,,,,,-2.7361100741975894,0.0,,1.0,-15.914977231845507,0.0,,1.0,-21.201216667139995,0.0,,1.0,,,,,-2.2548291987272426,0.0,,1.0,-6.307284982698482,0.0,,1.0,-5.438307020093081,0.0,,1.0,-4.786957207444929,0.0,,1.0,,,,,-0.011532665929412987,0.0,,1.0,-0.05939659955670184,0.0,,1.0,,,,,,,,,,,,,,,,,,,,,,,,,,,,,-11.873398258243235,0.0,,1.0,-3.586084681024099,0.0,,1.0,-3.6036916201449007,0.0,,1.0,-18.353029841994818,0.0,,1.0,-3.664916967228926,0.0,,1.0,0.8246268157541354,0.0,,1.0,-3.127663925364294,0.0,,1.0,,,,,-4.298358758827618,0.0,,1.0,,,,,,,,,,,,,,,,,,,,,,,,,,,,,,,,,,,,,,,,,,,,,,,,,,,,,,,,,,,,,,,,,,,,,,,,,,,,,,,,,,,,,,,,
2022-09,2022-09-14T09:30:00+08:00,early,0.5374781884546574,0.4895878057474343,1.0194341286698159,6.764879279163606,50,0.0,1.0,,,,,0,1.0,-0.9070866013659772,0.0,,1.0,,,,,-4.441158343754951,0.0,,1.0,-0.6676112416623282,0.0,,1.0,1.3344437844509103,0.0,,1.0,7.626628311228543,0.0,,1.0,-3.3224198380534493,0.0,,1.0,3.052733532466361,0.0,,1.0,0.9050047056223328,0.0,,1.0,,,,,,,,,,,,,,,,,7.378635830000791,0.0,,1.0,1.0364442586573839,0,,1,-0.027441152319323127,0,,1,,,,,7.7252756757431165,0,,1,10.08197803483642,0.0,,1.0,,,,,,,,,,,,,5.910919626143449,0.0,,1.0,4.017110020031434,0.0,,1.0,,,,,-1.1554176502257234,0,,1,,,,,,,,,1.1191985847948698,0.0,,1.0,,,,,-3.5296245405432276,0,,1,2.783985425530654,0,,1,,,,,,,,,,,,,,,,,-0.6104540406534824,0,,1,,,,,7.578311449022521,0,,1,3.2094757554347937,0,,1,2.5871598824093036,0,,1,-6.105723557336193,0,,1,-37.25402879039101,0,,1,-0.07588328501971996,0.0,,1.0,-6.992550471504372,0,,1,,,,,,,,,,,,,,,,,-0.43073686861632354,0.0,,1.0,1.495646098034407,0,,1,2.755699197445412,0.0,,1.0,,,,,0.3797799235668537,0,,1,7.144497882593001,0,,1,-0.9898183155455021,0,,1,1.1924133234396348,0,,1,2.5480202475002054,0,,1,-2.5655596716942246,0,,1,90b41eb56191d66b4be92f7514a6c8842a6c2cb81bcd0ef88aa5c18e789ced9e,-0.1,2022-09-14T01:30:00+00:00,2022-10-14T01:30:00+00:00,publication,pseudo_real_time,,,,,,,,,,,,,,,,,,,,,,,,,,,,,-3.9767526328770897,0.0,,1.0,,,,,1.9232129450111328,0.0,,1.0,5.538874845905041,0.0,,1.0,3.349461469469456,0.0,,1.0,3.3930545907082674,0.0,,1.0,,,,,4.02189199257278,0.0,,1.0,,,,,,,,,,,,,,,,,-2.008138153096523,0.0,,1.0,12.238252789560725,0.0,,1.0,3.5199682457330255,0.0,,1.0,,,,,-4.576854051114664,0.0,,1.0,-3.432613301326511,0.0,,1.0,-1.3428116643310464,0.0,,1.0,-0.5466221056131063,0.0,,1.0,,,,,-2.314288493830577,0.0,,1.0,-1.5295270590419343,0.0,,1.0,,,,,,,,,,,,,,,,,,,,,,,,,,,,,-1.4136528301685956,0.0,,1.0,0.853632774264931,0.0,,1.0,-0.08905020894605303,0.0,,1.0,6.531367976582271,0.0,,1.0,-0.5940912598184762,0.0,,1.0,0.5993956879280149,0.0,,1.0,-0.6192193728273456,0.0,,1.0,,,,,0.06431731166514003,0.0,,1.0,,,,,,,,,,,,,,,,,,,,,,,,,,,,,,,,,,,,,,,,,,,,,,,,,,,,,,,,,,,,,,,,,,,,,,,,,,,,,,,,,,,,,,,,
2022-10,2022-10-14T09:30:00+08:00,early,2.407347219777018,0.36565013926171464,1.783670940064796,5.490353089054981,50,0.0,1.0,,,,,0,1.0,-0.29865310342039847,0.0,,1.0,,,,,3.2785612960317456,0.0,,1.0,1.40881367236949,0.0,,1.0,-0.43159587489081863,0.0,,1.0,9.343348537389314,0.0,,1.0,0.681432931528925,0.0,,1.0,0.5575034597589289,0.0,,1.0,-1.686778406498869,0.0,,1.0,,,,,,,,,,,,,,,,,14.122783668838125,0.0,,1.0,-2.1035798625533433,0,,1,0.437206353209947,0,,1,,,,,14.333359796196369,0,,1,11.553832652596466,0.0,,1.0,,,,,,,,,,,,,12.122896601595484,0.0,,1.0,2.7289093768133195,0.0,,1.0,,,,,-0.6381120711864202,0,,1,,,,,,,,,-0.2516581783927967,0.0,,1.0,,,,,8.867110724081972,0,,1,-3.40493571295633,0,,1,,,,,,,,,,,,,,,,,0.4980262204287088,0,,1,,,,,8.478545099075506,0,,1,9.501438065686463,0,,1,-0.4066250515428687,0,,1,-6.615645490787997,0,,1,-3.542388357937274,0,,1,0.051279451187329086,0.0,,1.0,3.825460880072561,0,,1,,,,,,,,,,,,,,,,,-1.9626684534137993,0.0,,1.0,10.002710528561245,0,,1,0.050402011354940046,0.0,,1.0,,,,,-0.5109536281047371,0,,1,11.147954916192154,0,,1,0.4824715616836162,0,,1,-0.9185040881190426,0,,1,-0.8837259215849793,0,,1,0.94231269997514,0,,1,60d28a0eab74f9ded5ab8a30a366edbcc9fc97ec2e9775eaada9c1fb904daef5,0.2,2022-10-14T01:30:00+00:00,2022-11-09T01:30:00+00:00,publication,pseudo_real_time,,,,,,,,,,,,,,,,,,,,,,,,,,,,,-0.5972292680246449,0.0,,1.0,,,,,3.4842538293643908,0.0,,1.0,-0.7858590296532921,0.0,,1.0,-4.128369162723901,0.0,,1.0,-4.052971766953666,0.0,,1.0,,,,,-0.8047408191437362,0.0,,1.0,,,,,,,,,,,,,,,,,2.591253726203228,0.0,,1.0,6.350620432789864,0.0,,1.0,6.131683557861595,0.0,,1.0,,,,,-1.1130753670293447,0.0,,1.0,18.631961158391796,0.0,,1.0,-0.9566863723205921,0.0,,1.0,-1.0603064960065713,0.0,,1.0,,,,,-0.12188131283202362,0.0,,1.0,0.5638152634280509,0.0,,1.0,,,,,,,,,,,,,,,,,,,,,,,,,,,,,3.7546034296407647,0.0,,1.0,-0.7842028753112052,0.0,,1.0,0.2940939253134823,0.0,,1.0,0.7882630518472846,0.0,,1.0,-0.7775934485571795,0.0,,1.0,2.412780739462421,0.0,,1.0,1.8565554898400023,0.0,,1.0,,,,,4.266742341658834,0.0,,1.0,,,,,,,,,,,,,,,,,,,,,,,,,,,,,,,,,,,,,,,,,,,,,,,,,,,,,,,,,,,,,,,,,,,,,,,,,,,,,,,,,,,,,,,,
2022-11,2022-11-14T09:30:00+08:00,early,-1.6492313924838213,-1.5343316628374546,-1.5800962994272827,4.590894564644984,50,0.0,1.0,,,,,0,1.0,-3.736184941223872,0.0,,1.0,,,,,-4.612848452954175,0.0,,1.0,-2.0467409876125995,0.0,,1.0,-0.36043286760072507,0.0,,1.0,1.3870826378830687,0.0,,1.0,-3.15954423775591,0.0,,1.0,1.4845336416456305,0.0,,1.0,-2.708181611820725,0.0,,1.0,,,,,,,,,,,,,,,,,3.4295567841754844,0.0,,1.0,0.5659978238833447,0,,1,2.6056539942100008,0,,1,,,,,3.3851471157131683,0,,1,3.6210391963493382,0.0,,1.0,,,,,,,,,,,,,3.858497168375478,0.0,,1.0,2.7284591013053276,0.0,,1.0,,,,,-3.4256764452451898,0,,1,,,,,,,,,-0.2978036900312841,0.0,,1.0,,,,,-11.399970129060629,0,,1,-2.6495704566601006,0,,1,,,,,,,,,,,,,,,,,1.0372786305087063,0,,1,,,,,-0.7348803907030388,0,,1,-3.892512860356459,0,,1,2.306595956631988,0,,1,0.41779759760405,0,,1,15.630656657542144,0,,1,0.389663624271264,0.0,,1.0,-8.759560866762463,0,,1,,,,,,,,,,,,,,,,,-5.644069786895684,0.0,,1.0,1.7084655618520856,0,,1,-8.795692740265105,0.0,,1.0,,,,,-3.172338932589086,0,,1,3.084019181231164,0,,1,0.17466381624579203,0,,1,-0.6608181449331363,0,,1,-3.262173098347544,0,,1,-8.458604417586935,0,,1,2948a4a1d75f81f0f9a878b3ad0a5c9b1868722b5ed4004166f713a3ec5cf2e1,0.1,2022-11-14T01:30:00+00:00,2022-12-09T01:30:00+00:00,publication,pseudo_real_time,,,,,,,,,,,,,,,,,,,,,,,,,,,,,-2.204563662607245,0.0,,1.0,,,,,0.6538152475010421,0.0,,1.0,1.8240840382536532,0.0,,1.0,-2.262210682364205,0.0,,1.0,-2.1792200386971152,0.0,,1.0,,,,,2.0229455136628474,0.0,,1.0,,,,,,,,,,,,,,,,,-4.676092970202727,0.0,,1.0,-1.4790660894062082,0.0,,1.0,-1.310678376135739,0.0,,1.0,,,,,-6.070462681981519,0.0,,1.0,-10.639006339315877,0.0,,1.0,-1.589597236268701,0.0,,1.0,-4.289291653699072,0.0,,1.0,,,,,-3.372922759350165,0.0,,1.0,-5.2683017048570004,0.0,,1.0,,,,,,,,,,,,,,,,,,,,,,,,,,,,,-1.203606368678967,0.0,,1.0,-9.5883844938513,0.0,,1.0,-4.72465736057921,0.0,,1.0,-1.7949173338900406,0.0,,1.0,-1.0190693026466886,0.0,,1.0,-0.4450606899883827,0.0,,1.0,-3.350494797550426,0.0,,1.0,,,,,-2.6308148844996526,0.0,,1.0,,,,,,,,,,,,,,,,,,,,,,,,,,,,,,,,,,,,,,,,,,,,,,,,,,,,,,,,,,,,,,,,,,,,,,,,,,,,,,,,,,,,,,,,
2022-12,2022-12-14T09:30:00+08:00,early,-2.1896192647949153,-1.0054552204820655,-1.6526643290897631,4.548604622815683,50,0.0,1.0,,,,,0,1.0,0.36999611076454597,0.0,,1.0,,,,,-2.972274695824248,0.0,,1.0,0.15857389888040388,0.0,,1.0,1.3362494510537917,0.0,,1.0,-7.136784469866664,0.0,,1.0,-0.9307977597251001,0.0,,1.0,0.12950132122440072,0.0,,1.0,-2.7661312509808194,0.0,,1.0,,,,,,,,,,,,,,,,,-12.767559740017784,0.0,,1.0,-1.2479934934146644,0,,1,0.5762322088509458,0,,1,,,,,-12.043035467409922,0,,1,-12.938701853689766,0.0,,1.0,,,,,,,,,,,,,-13.070233994088268,0.0,,1.0,0.6146808263110166,0.0,,1.0,,,,,-2.801209238123369,0,,1,,,,,,,,,-3.3307158114515762,0.0,,1.0,,,,,-2.3058359233875616,0,,1,-0.9656469537631857,0,,1,,,,,,,,,,,,,,,,,3.0808210574977077,0,,1,,,,,-11.976520822461476,0,,1,-4.41528656494724,0,,1,-0.12004226556464176,0,,1,0.0,0,,1,-4.824074838665521,0,,1,0.1587656675018952,0.0,,1.0,-7.60389279424047,0,,1,,,,,,,,,,,,,,,,,0.6034262475470022,0.0,,1.0,1.4897829258183641,0,,1,-3.2901134058400845,0.0,,1.0,,,,,1.3719399867363222,0,,1,-8.12062264216269,0,,1,1.5330165294678544,0,,1,2.9474760550928267,0,,1,0.9845474852191269,0,,1,-5.927332058839812,0,,1,de41af23f390758b2e64cbd06c28ad7144eece546bd2386e35d9f57a08137fd3,-0.5,2022-12-14T01:30:00+00:00,2023-01-12T01:30:00+00:00,publication,pseudo_real_time,,,,,,,,,,,,,,,,,,,,,,,,,,,,,-4.370802884043394,0.0,,1.0,,,,,-2.355093042061661,0.0,,1.0,-4.891220515472529,0.0,,1.0,-4.23484700383657,0.0,,1.0,-4.1992371094250664,0.0,,1.0,,,,,3.104538948813762,0.0,,1.0,,,,,,,,,,,,,,,,,3.7370435639314232,0.0,,1.0,-0.26973211498322147,0.0,,1.0,0.3423500493936183,0.0,,1.0,,,,,-4.973372571308154,0.0,,1.0,-1.0452634872009452,0.0,,1.0,-2.3982762471513257,0.0,,1.0,0.1592084804199172,0.0,,1.0,,,,,0.15070110347416737,0.0,,1.0,0.4556632592127179,0.0,,1.0,,,,,,,,,,,,,,,,,,,,,,,,,,,,,6.551782176176248,0.0,,1.0,-2.7826122876618298,0.0,,1.0,2.4807400818954766,0.0,,1.0,0.7894218317286955,0.0,,1.0,-1.71948277381216,0.0,,1.0,-1.5418390934780513,0.0,,1.0,-0.8312084409902738,0.0,,1.0,,,,,0.39361067259669497,0.0,,1.0,,,,,,,,,,,,,,,,,,,,,,,,,,,,,,,,,,,,,,,,,,,,,,,,,,,,,,,,,,,,,,,,,,,,,,,,,,,,,,,,,,,,,,,,
2023-01,2023-01-14T09:30:00+08:00,early,-1.9340413693391312,-0.8226507707497583,-1.3605476448359592,5.212505317745008,48,0.07692307692307687,1.0,,,,,0,1.0,2.1953052167564824,0.5,,1.0,,,,,-1.8150274675283096,0.0,,1.0,-0.030752168331896822,0.0,,1.0,-1.5337127246720081,0.0,,1.0,-2.488229537879033,0.0,,1.0,-1.219587658319585,0.0,,1.0,-2.03211960565676,0.0,,1.0,-3.116173630853414,0.0,,1.0,,,,,,,,,,,,,,,,,-8.496383614987055,0.0,,1.0,-3.3307112147904765,0,,1,-0.7825130506266437,0,,1,,,,,-8.303132474718069,0,,1,-8.729545521059096,0.0,,1.0,,,,,,,,,,,,,-5.9366188254216175,0.0,,1.0,-3.760583616143487,0.0,,1.0,,,,,1.5787089417600222,0,,1,,,,,,,,,1.5095978797191674,0.0,,1.0,,,,,4.538168212121821,0,,1,-2.706353759412422,0,,1,,,,,,,,,,,,,,,,,-1.5504572552457474,0,,1,,,,,-21.11157660458323,0,,1,-4.2495435255383125,0,,1,-0.15815917489686435,0,,1,-8.782582343334079,0,,1,-18.374617349017942,0,,1,0.07655909682784338,0.0,,1.0,1.9568775354742762,0,,1,,,,,,,,,,,,,,,,,1.0502766026941228,0.0,,1.0,-1.723429545107948,0,,1,1.3390473170193309,0.0,,1.0,,,,,1.3844342702814014,0,,1,-4.524634542368468,0,,1,1.1920541695917173,0,,1,-3.373345753890881,0,,1,-3.795400139492004,0,,1,-2.5066282017438204,0,,1,9e7886cb209d20378328a2d555d5a076d3883e7c4e5a1e57ce286aa0bcc6d022,-0.4,2023-01-14T01:30:00+00:00,2023-02-10T01:30:00+00:00,publication,pseudo_real_time,,,,,,,,,,,,,,,,,,,,,,,,,,,,,0.2504752398061923,0.0,,1.0,,,,,-3.9210067717668315,0.0,,1.0,-7.989733357488412,0.0,,1.0,-1.840911848428689,0.0,,1.0,-1.9156286885787008,0.0,,1.0,,,,,-3.8453730805459605,0.0,,1.0,,,,,,,,,,,,,,,,,0.03816167966544529,0.0,,1.0,5.117629996728755,0.0,,1.0,4.263168985407794,0.0,,1.0,,,,,-3.274115139622233,0.0,,1.0,0.8323586909922919,0.0,,1.0,1.8726084761438788,0.0,,1.0,2.8539651724734596,0.0,,1.0,,,,,,1.0,,1.0,,1.0,,1.0,,,,,,,,,,,,,,,,,,,,,,,,,,,,,-0.6351230751427149,0.0,,1.0,3.783964373964942,0.0,,1.0,2.6702129481271903,0.0,,1.0,4.667274688896052,0.0,,1.0,-0.2725562367840895,0.0,,1.0,0.14213805212295377,0.0,,1.0,-1.1192216282551137,0.0,,1.0,,,,,-0.862788490872873,0.0,,1.0,,1.0,,1.0,,1.0,,1.0,,,,,,,,,,,,,,,,,,,,,,,,,,,,,,,,,,,,,,,,,,,,,,,,,,,,,,,,,,,,,,,,,,,,,,,,,,,,,,,,
2023-03,2023-03-14T09:30:00+08:00,early,,,,,0,1.0,1.0,,,,,0,1.0,,1.0,,1.0,,,,,,1.0,,1.0,,1.0,,1.0,,1.0,,1.0,,1.0,,1.0,,1.0,,1.0,,1.0,,1.0,,1.0,,1.0,,,,,,,,,,,,,,,,,,1.0,,1.0,,1,,1,,1,,1,,,,,,1,,1,,1.0,,1.0,,,,,,,,,,,,,,1.0,,1.0,,1.0,,1.0,,,,,,1,,1,,,,,,,,,,1.0,,1.0,,,,,,1,,1,,1,,1,,,,,,,,,,,,,,,,,,1,,1,,,,,,1,,1,,1,,1,,1,,1,,1,,1,,1,,1,,1.0,,1.0,,1,,1,,,,,,,,,,,,,,,,,,1.0,,1.0,,1,,1,,1.0,,1.0,,,,,,1,,1,,1,,1,,1,,1,,1,,1,,1,,1,,1,,1,5272c68b0e8e637af3541fcf02f3344e03b2f68301ee3096c1724103ddf9d3ba,0.0,2023-03-14T01:30:00+00:00,2023-04-11T01:30:00+00:00,publication,pseudo_real_time,,,,,,,,,,,,,,,,,,,,,,,,,,,,,,1.0,,1.0,,,,,,1.0,,1.0,,1.0,,1.0,,1.0,,1.0,,1.0,,1.0,,,,,,1.0,,1.0,,,,,,,,,,,,,,,,,,1.0,,1.0,,1.0,,1.0,,1.0,,1.0,,,,,,1.0,,1.0,,1.0,,1.0,,1.0,,1.0,,1.0,,1.0,,,,,,,,,,,,,,,,,,,,,,,,,,,,,,,,,,,,,,,,,,1.0,,1.0,,1.0,,1.0,,1.0,,1.0,,1.0,,1.0,,1.0,,1.0,,1.0,,1.0,,1.0,,1.0,,,,,,1.0,,1.0,,,,,,,,,,1.0,,1.0,,1.0,,1.0,,,,,,,,,,,,,,,,,,,,,,,,,,,,,,,,,,,,,,,,,,,,,,,,,,,,,,,,,,,,,,,,,,,,,,,,
2023-04,2023-04-14T09:30:00+08:00,early,-2.3503321932985815,-2.082534983300162,-2.152307341115144,3.8479516065846937,50,0.0,1.0,,,,,0,1.0,-1.5101199445170124,0.0,,1.0,,,,,-0.1943628574444424,0.0,,1.0,-6.076027588201604,0.0,,1.0,-0.29422650957012564,0.0,,1.0,-4.866459735787743,0.0,,1.0,-3.640824066560159,0.0,,1.0,2.226655988000211,0.0,,1.0,-3.7039784411793115,0.0,,1.0,,,,,,,,,,,,,,,,,-4.511189780674232,0.0,,1.0,-2.845486173406141,0,,1,-6.383124270710066,0,,1,,,,,-4.51522730278791,0,,1,-4.670864786016265,0.0,,1.0,,,,,,,,,,,,,-4.469301852572959,0.0,,1.0,0.39203154878358165,0.0,,1.0,,,,,-0.674562380895882,0,,1,,,,,,,,,3.4253687025955255,0.0,,1.0,,,,,-16.58796332366517,0,,1,-6.36709800607079,0,,1,,,,,,,,,,,,,,,,,-1.924365156339383,0,,1,,,,,-4.519955329200668,0,,1,-4.429599265606734,0,,1,0.4846589117595566,0,,1,3.6192231496989207,0,,1,3.0784629490397126,0,,1,-0.05257623917587432,0.0,,1.0,2.317087586889838,0,,1,,,,,,,,,,,,,,,,,-2.2265652257692854,0.0,,1.0,-2.8328976108250243,0,,1,1.5360441056095413,0.0,,1.0,,,,,-2.3947009156208536,0,,1,-7.3427124266743276,0,,1,0.08376358356307798,0,,1,0.6512731976012669,0,,1,-2.396601731204404,0,,1,-5.307011695687971,0,,1,e6f5f7b89fcf7504b0ae5161993bc518a9101825f6898efa81a34eac8039fe16,-0.5,2023-04-14T01:30:00+00:00,2023-05-11T01:30:00+00:00,publication,pseudo_real_time,,,,,,,,,,,,,,,,,,,,,,,,,,,,,-0.09588534514653686,0.0,,1.0,,,,,-3.321959948403421,0.0,,1.0,-1.9385047408310392,0.0,,1.0,-0.5895871610809256,0.0,,1.0,-0.3599405651268639,0.0,,1.0,,,,,2.8625677126215265,0.0,,1.0,,,,,,,,,,,,,,,,,-3.081466357911582,0.0,,1.0,-8.514270282680778,0.0,,1.0,-6.404102087706885,0.0,,1.0,,,,,-8.121601967544642,0.0,,1.0,0.5174373974963141,0.0,,1.0,0.1374943359712385,0.0,,1.0,0.21590430025175675,0.0,,1.0,,,,,,,,,,,,,,,,,,,,,,,,,,,,,,,,,,,,,,,,,-2.7049848869893003,0.0,,1.0,4.042378959817964,0.0,,1.0,-1.1985527935558449,0.0,,1.0,-0.9802620580751662,0.0,,1.0,-7.260846913161169,0.0,,1.0,-7.8857694935320595,0.0,,1.0,-1.1365010362455692,0.0,,1.0,,,,,-0.33536234998823455,0.0,,1.0,,,,,,,,,-2.990040435478018,0.0,,1.0,-2.830824158670352,0.0,,1.0,,,,,,,,,,,,,,,,,,,,,,,,,,,,,,,,,,,,,,,,,,,,,,,,,,,,,,,,,,,,,,,,,,,,,,,,
2023-05,2023-05-14T09:30:00+08:00,early,-2.738953637268483,-1.920780681728269,-2.3258297961945056,6.059977876899378,50,0.0,1.0,,,,,0,1.0,-6.012698499420455,0.0,,1.0,,,,,-3.4734641185314055,0.0,,1.0,-1.6701973894565583,0.0,,1.0,-1.4559600975045817,0.0,,1.0,-7.332083665715422,0.0,,1.0,-7.610027322080422,0.0,,1.0,4.471606146179667,0.0,,1.0,0.512642722134372,0.0,,1.0,,,,,,,,,,,,,,,,,-4.863570188511063,0.0,,1.0,-3.951614884262599,0,,1,-3.544012945189333,0,,1,,,,,-4.861112828546048,0,,1,-1.207805610177257,0.0,,1.0,,,,,,,,,,,,,-1.707184793066603,0.0,,1.0,-3.4347578366198688,0.0,,1.0,,,,,4.645539803089555,0,,1,,,,,,,,,17.724670482779377,0.0,,1.0,,,,,-1.413851393014399,0,,1,-1.3179550751456235,0,,1,,,,,,,,,,,,,,,,,-0.423460523407647,0,,1,,,,,0.8940468221272783,0,,1,-0.6669689371333893,0,,1,-2.531552132886103,0,,1,2.170502566710975,0,,1,-22.912551531962638,0,,1,0.07759364833492144,0.0,,1.0,-3.37919936751739,0,,1,,,,,,,,,,,,,,,,,-2.2740246390923486,0.0,,1.0,-0.6185293989044395,0,,1,-4.024584993489403,0.0,,1.0,,,,,-6.741137446295846,0,,1,5.282013209916899,0,,1,0.13158407245688347,0,,1,0.08000122747652907,0,,1,-3.503873557065636,0,,1,2.184557606466312,0,,1,71012aa4fd54fa515ad1915a6ddf47fbca9df161081d245b0758d7bb23956ab7,-0.9,2023-05-14T01:30:00+00:00,2023-06-09T01:30:00+00:00,publication,pseudo_real_time,,,,,,,,,,,,,,,,,,,,,,,,,,,,,-3.0753922589900453,0.0,,1.0,,,,,0.29519696646307936,0.0,,1.0,0.8145982878708125,0.0,,1.0,1.364561380466962,0.0,,1.0,1.4580005659175046,0.0,,1.0,,,,,-0.8750942076205072,0.0,,1.0,,,,,,,,,,,,,,,,,1.8134383241667662,0.0,,1.0,-7.722418310773706,0.0,,1.0,-18.352894306389757,0.0,,1.0,,,,,-13.097526792969996,0.0,,1.0,1.512897125336109,0.0,,1.0,-2.086806851636175,0.0,,1.0,-5.120633267642826,0.0,,1.0,,,,,,,,,,,,,,,,,,,,,,,,,,,,,,,,,,,,,,,,,-6.657162914281227,0.0,,1.0,-2.9582826592683853,0.0,,1.0,-7.6139299418556305,0.0,,1.0,-12.609599622543524,0.0,,1.0,2.1251709382046773,0.0,,1.0,-8.949201430741118,0.0,,1.0,-1.7547545118203631,0.0,,1.0,,,,,-0.46172927683255555,0.0,,1.0,,,,,,,,,-7.217391079788532,0.0,,1.0,-7.296292409303719,0.0,,1.0,,,,,,,,,,,,,,,,,,,,,,,,,,,,,,,,,,,,,,,,,,,,,,,,,,,,,,,,,,,,,,,,,,,,,,,,
2023-06,2023-06-14T09:30:00+08:00,early,-4.561872658546864,-3.2623835093381333,-4.078285198856686,4.931078489012425,50,0.0,1.0,,,,,0,1.0,-2.9816805733154528,0.0,,1.0,,,,,-5.022755087108573,0.0,,1.0,-1.2665263625173824,0.0,,1.0,-2.2440417018773067,0.0,,1.0,-11.254371249243109,0.0,,1.0,-7.679416689289366,0.0,,1.0,-4.897661182672404,0.0,,1.0,-4.126709463292628,0.0,,1.0,,,,,,,,,,,,,,,,,-14.69152285776264,0.0,,1.0,-0.23531392460787703,0,,1,0.9296385129473849,0,,1,,,,,-14.733425377797065,0,,1,-15.11491670287107,0.0,,1.0,,,,,,,,,,,,,-16.018599042503123,0.0,,1.0,-6.2609220422728376,0.0,,1.0,,,,,4.626203722890622,0,,1,,,,,,,,,-5.133822163014332,0.0,,1.0,,,,,-8.982216050249757,0,,1,-13.006008009392339,0,,1,,,,,,,,,,,,,,,,,-0.8871130738327676,0,,1,,,,,-0.5117232257559043,0,,1,-10.314829574895414,0,,1,-0.8402160163120278,0,,1,2.400347299077184,0,,1,-13.20727157897941,0,,1,0.4905960078984177,0.0,,1.0,-5.242012375948386,0,,1,,,,,,,,,,,,,,,,,-3.7734512927473625,0.0,,1.0,-0.8820984647140315,0,,1,-3.0846176860322245,0.0,,1.0,,,,,-3.226527675946226,0,,1,-9.458353135786393,0,,1,-0.6547061525882255,0,,1,-0.44289103614389225,0,,1,-7.03835360246508,0,,1,-7.088014985618352,0,,1,94a7ac0c82a678d16da93aff08c9f60195bed40b9914b0b3ad0dad7eadcee4ac,-0.8,2023-06-14T01:30:00+00:00,2023-07-10T01:30:00+00:00,publication,pseudo_real_time,,,,,,,,,,,,,,,,,,,,,,,,,,,,,-4.446829301777007,0.0,,1.0,,,,,-0.7410204476200686,0.0,,1.0,-2.7181003317775545,0.0,,1.0,-1.3178228836511514,0.0,,1.0,-1.1364568037621499,0.0,,1.0,,,,,-3.29823934273004,0.0,,1.0,,,,,,,,,,,,,,,,,0.023345276055588837,0.0,,1.0,-4.140847784853009,0.0,,1.0,-3.9398557660034,0.0,,1.0,,,,,-10.900209956250245,0.0,,1.0,0.3567250440239462,0.0,,1.0,-3.441325000672404,0.0,,1.0,-3.8032161464107954,0.0,,1.0,,,,,,,,,,,,,,,,,,,,,,,,,,,,,,,,,,,,,,,,,-7.6912108098408485,0.0,,1.0,-0.5462284217308504,0.0,,1.0,-2.644651548903908,0.0,,1.0,-10.14143121291145,0.0,,1.0,-2.1942598164728073,0.0,,1.0,-1.6286645471349286,0.0,,1.0,-4.496316504702418,0.0,,1.0,,,,,-2.831533494455256,0.0,,1.0,,,,,,,,,-2.215011722249858,0.0,,1.0,-2.5593513457095236,0.0,,1.0,,,,,,,,,,,,,,,,,,,,,,,,,,,,,,,,,,,,,,,,,,,,,,,,,,,,,,,,,,,,,,,,,,,,,,,,
2023-07,2023-07-14T09:30:00+08:00,early,0.05255995212001882,0.550323962110068,0.24099423085775032,3.324574420582268,50,0.0,1.0,,,,,0,1.0,0.6163472051665059,0.0,,1.0,,,,,-1.3299474688175146,0.0,,1.0,-0.3340564069506236,0.0,,1.0,1.2301647191516993,0.0,,1.0,1.3573106184506043,0.0,,1.0,1.5465892966027301,0.0,,1.0,-5.659344208925689,0.0,,1.0,-0.24111886319473128,0.0,,1.0,,,,,,,,,,,,,,,,,2.761875092892497,0.0,,1.0,3.114046760892579,0,,1,0.8679564762903621,0,,1,,,,,2.7672187006761164,0,,1,3.309674853325819,0.0,,1.0,,,,,,,,,,,,,3.16719424345107,0.0,,1.0,-6.03309584557958,0.0,,1.0,,,,,1.030568282605278,0,,1,,,,,,,,,-6.33200783284569,0.0,,1.0,,,,,6.081337911242203,0,,1,-5.280333184838806,0,,1,,,,,,,,,,,,,,,,,3.5349046072937034,0,,1,,,,,-2.453192132341216,0,,1,0.5925241212290999,0,,1,2.37904532265085,0,,1,0.5895351504468681,0,,1,0.45001831358295635,0,,1,1.1651108285373681,0.0,,1.0,-2.200636511953168,0,,1,,,,,,,,,,,,,,,,,0.051090855580964385,0.0,,1.0,-0.14969066141451134,0,,1,-4.261633164410199,0.0,,1.0,,,,,1.5867630867951121,0,,1,5.484998832541596,0,,1,1.082846826741705,0,,1,-0.003597324862817008,0,,1,1.46236405207706,0,,1,0.7923532682061131,0,,1,78652197eb8d276cd3cf375f6c53a8efedf1c36cda46ea37b6c799302ee65b3c,-0.2,2023-07-14T01:30:00+00:00,2023-08-09T01:30:00+00:00,publication,pseudo_real_time,,,,,,,,,,,,,,,,,,,,,,,,,,,,,-5.084901521259248,0.0,,1.0,,,,,1.5743378743006446,0.0,,1.0,-2.7673870656361053,0.0,,1.0,0.005334749440897035,0.0,,1.0,-0.07520073982344415,0.0,,1.0,,,,,-4.612928948351797,0.0,,1.0,,,,,,,,,,,,,,,,,1.3348465925326307,0.0,,1.0,-5.215414136732722,0.0,,1.0,3.341178413667286,0.0,,1.0,,,,,7.433801171519375,0.0,,1.0,-10.027141564576434,0.0,,1.0,-0.1102816952061144,0.0,,1.0,-0.08179939687580391,0.0,,1.0,,,,,,,,,,,,,,,,,,,,,,,,,,,,,,,,,,,,,,,,,2.290868239548064,0.0,,1.0,-0.6271372842876599,0.0,,1.0,0.8956855151697604,0.0,,1.0,-0.6305528381258367,0.0,,1.0,-2.2951873578542283,0.0,,1.0,-0.04182845553027324,0.0,,1.0,0.34442055460746257,0.0,,1.0,,,,,1.5866667238457188,0.0,,1.0,,,,,,,,,0.8966029473428139,0.0,,1.0,0.5111127737732677,0.0,,1.0,,,,,,,,,,,,,,,,,,,,,,,,,,,,,,,,,,,,,,,,,,,,,,,,,,,,,,,,,,,,,,,,,,,,,,,,
2023-08,2023-08-14T09:30:00+08:00,early,3.9850986426369217,1.9816834883665055,3.128026554277818,6.3544795468702535,50,0.0,1.0,,,,,0,1.0,1.3832028692515788,0.0,,1.0,,,,,6.098519041602607,0.0,,1.0,0.08498009445829946,0.0,,1.0,1.41663813226997,0.0,,1.0,5.194265942478003,0.0,,1.0,12.212691396882681,0.0,,1.0,0.2930152608685854,0.0,,1.0,3.3310242091150015,0.0,,1.0,,,,,,,,,,,,,,,,,1.0531687127179767,0.0,,1.0,2.1405498728985135,0,,1,0.7798448318408521,0,,1,,,,,1.0729141961660642,0,,1,1.0158238828719584,0.0,,1.0,,,,,,,,,,,,,1.0211499536099196,0.0,,1.0,-2.951065662283047,0.0,,1.0,,,,,3.4520834783457586,0,,1,,,,,,,,,2.913711716989649,0.0,,1.0,,,,,-7.297534790734921,0,,1,13.227467605096393,0,,1,,,,,,,,,,,,,,,,,0.49113211421414676,0,,1,,,,,16.072563296678425,0,,1,6.041157897765865,0,,1,0.8823130469016526,0,,1,0.007218479316404151,0,,1,10.56749401492258,0,,1,0.1903941489462505,0.0,,1.0,15.720671361146968,0,,1,,,,,,,,,,,,,,,,,5.398683548201802,0.0,,1.0,0.0,0,,1,11.666679393344126,0.0,,1.0,,,,,1.859163751150204,0,,1,7.05933711964197,0,,1,2.54054052471552,0,,1,0.13949573187989997,0,,1,2.104203225582807,0,,1,3.5826880196020157,0,,1,7881c06e065dd524498983f3d88a584d64cfc8717f455f8e547848ba46d03210,0.2,2023-08-14T01:30:00+00:00,2023-09-09T01:30:00+00:00,publication,pseudo_real_time,,,,,,,,,,,,,,,,,,,,,,,,,,,,,-3.7027232724285883,0.0,,1.0,,,,,3.7732381078207395,0.0,,1.0,8.044112945825656,0.0,,1.0,2.9702110042076804,0.0,,1.0,3.0346700109787954,0.0,,1.0,,,,,0.916399727899154,0.0,,1.0,,,,,,,,,,,,,,,,,-0.20633230729840338,0.0,,1.0,11.853292238665627,0.0,,1.0,11.536089899357975,0.0,,1.0,,,,,32.59267183848532,0.0,,1.0,0.9105322549254163,0.0,,1.0,0.321226132424979,0.0,,1.0,1.0892194935694595,0.0,,1.0,,,,,,,,,,,,,,,,,,,,,,,,,,,,,,,,,,,,,,,,,7.748125624591309,0.0,,1.0,3.0004415176314083,0.0,,1.0,3.5793405084203345,0.0,,1.0,8.807422713956495,0.0,,1.0,-1.1751403465944408,0.0,,1.0,1.6364129372677425,0.0,,1.0,2.579134968901226,0.0,,1.0,,,,,1.51770743958466,0.0,,1.0,,,,,,,,,0.6651896108334395,0.0,,1.0,0.7850777191110557,0.0,,1.0,,,,,,,,,,,,,,,,,,,,,,,,,,,,,,,,,,,,,,,,,,,,,,,,,,,,,,,,,,,,,,,,,,,,,,,,
2023-09,2023-09-14T09:30:00+08:00,early,2.7939812502857126,1.520027062440413,2.000288370241133,6.980864578910986,50,0.0,1.0,,,,,0,1.0,-0.6643040033830451,0.0,,1.0,,,,,8.97332752202658,0.0,,1.0,2.484416057829698,0.0,,1.0,2.5614673534597916,0.0,,1.0,0.42355599742765065,0.0,,1.0,-2.2390806560409664,0.0,,1.0,-1.0180866443120573,0.0,,1.0,3.795987491206798,0.0,,1.0,,,,,,,,,,,,,,,,,0.4104339880421071,0.0,,1.0,0.246067140564498,0,,1,5.593472554773317,0,,1,,,,,0.3850413623814617,0,,1,0.283601129820816,0.0,,1.0,,,,,,,,,,,,,0.055752342339139865,0.0,,1.0,-2.29487844987628,0.0,,1.0,,,,,1.5478707158858624,0,,1,,,,,,,,,3.060441950803625,0.0,,1.0,,,,,5.0974318025277405,0,,1,10.816106946350104,0,,1,,,,,,,,,,,,,,,,,1.3897117100307261,0,,1,,,,,1.3511961138211204,0,,1,4.6697826506051845,0,,1,1.0205649319322962,0,,1,2.5950377852171713,0,,1,44.40669376400545,0,,1,1.4921834089949637,0.0,,1.0,5.677465259119249,0,,1,,,,,,,,,,,,,,,,,4.052744848167311,0.0,,1.0,1.213346027791374,0,,1,4.777547679254765,0.0,,1.0,,,,,-0.6411730957832517,0,,1,7.44933102695272,0,,1,2.9578678795725084,0,,1,3.4405050292175545,0,,1,2.826931573116808,0,,1,12.304141750018582,0,,1,318ddfad8c855fff2e8d43161ea7692431ada6abfbf9c27626e230e7e468e067,0.4,2023-09-14T01:30:00+00:00,2023-10-13T01:30:00+00:00,publication,pseudo_real_time,,,,,,,,,,,,,,,,,,,,,,,,,,,,,3.19174039703694,0.0,,1.0,,,,,2.5353973373518226,0.0,,1.0,1.4690368239682892,0.0,,1.0,1.4410694822425054,0.0,,1.0,1.3572421069349772,0.0,,1.0,,,,,-3.819823433863517,0.0,,1.0,,,,,,,,,,,,,,,,,4.492415875397147,0.0,,1.0,2.387255588451949,0.0,,1.0,1.1762289347584525,0.0,,1.0,,,,,-11.857708764176639,0.0,,1.0,4.80954150077899,0.0,,1.0,-0.9862579336359605,0.0,,1.0,-1.260379030088983,0.0,,1.0,,,,,,,,,,,,,,,,,,,,,,,,,,,,,,,,,,,,,,,,,1.9487263990168011,0.0,,1.0,1.580860743097142,0.0,,1.0,-0.7429956241192098,0.0,,1.0,-1.7334213638003713,0.0,,1.0,1.845611666618167,0.0,,1.0,1.1152206314737794,0.0,,1.0,5.01956947319068,0.0,,1.0,,,,,2.4349275520284284,0.0,,1.0,,,,,,,,,-0.19718402235725663,0.0,,1.0,-0.15783431431360886,0.0,,1.0,,,,,,,,,,,,,,,,,,,,,,,,,,,,,,,,,,,,,,,,,,,,,,,,,,,,,,,,,,,,,,,,,,,,,,,,
2023-10,2023-10-14T09:30:00+08:00,early,1.9167381791313338,0.7193429660533495,1.0651232780964168,5.899850616770618,50,0.0,1.0,,,,,0,1.0,-0.9312303111325705,0.0,,1.0,,,,,0.9595114803870748,0.0,,1.0,5.153355434287729,0.0,,1.0,0.6168979750732272,0.0,,1.0,12.380394631739176,0.0,,1.0,-1.6266036081508772,0.0,,1.0,0.19487689957827206,0.0,,1.0,1.8436104018742216,0.0,,1.0,,,,,,,,,,,,,,,,,15.128692040189003,0.0,,1.0,-4.658532783956451,0,,1,0.7648603832756726,0,,1,,,,,15.088790185499255,0,,1,16.31626952705106,0.0,,1.0,,,,,,,,,,,,,13.930698475939133,0.0,,1.0,1.145373944117446,0.0,,1.0,,,,,0.777810009371693,0,,1,,,,,,,,,0.7059574787763891,0.0,,1.0,,,,,6.262161357409847,0,,1,0.8958546062992311,0,,1,,,,,,,,,,,,,,,,,-3.794044742330142,0,,1,,,,,-4.959433052719916,0,,1,-0.11351383641895829,0,,1,-2.5267697394638065,0,,1,1.7185204490286412,0,,1,7.072378388986183,0,,1,0.9008913623921899,0.0,,1.0,-4.1119153640052035,0,,1,,,,,,,,,,,,,,,,,-4.2506641847358155,0.0,,1.0,-2.2908506113244305,0,,1,-4.583526865810227,0.0,,1.0,,,,,-1.1366756380690755,0,,1,-6.268427456075082,0,,1,0.7640444128464765,0,,1,1.8651679942264041,0,,1,2.3651492326838346,0,,1,-0.5662416056857277,0,,1,f94f53683c84beb0592b3a09910b889eabe92cdc3910eed96785c107e5f22908,0.0,2023-10-14T01:30:00+00:00,2023-11-09T01:30:00+00:00,publication,pseudo_real_time,,,,,,,,,,,,,,,,,,,,,,,,,,,,,1.3940929625638068,0.0,,1.0,,,,,-2.4409658614208087,0.0,,1.0,0.7612671529408648,0.0,,1.0,0.6911303922364337,0.0,,1.0,0.7327284533303098,0.0,,1.0,,,,,-1.266700724159019,0.0,,1.0,,,,,,,,,,,,,,,,,1.3348736282656695,0.0,,1.0,6.70965738804989,0.0,,1.0,11.887962109707448,0.0,,1.0,,,,,-3.938762461301757,0.0,,1.0,17.488111947329067,0.0,,1.0,-0.4340705944469181,0.0,,1.0,-2.3452108250023094,0.0,,1.0,,,,,,,,,,,,,,,,,,,,,,,,,,,,,,,,,,,,,,,,,-2.3351413257146807,0.0,,1.0,0.6659438432811933,0.0,,1.0,-1.7291507097308316,0.0,,1.0,7.600692695738433,0.0,,1.0,5.0587129546647045,0.0,,1.0,9.066479719932813,0.0,,1.0,-0.9263073214420335,0.0,,1.0,,,,,-1.0791501976277293,0.0,,1.0,,,,,,,,,0.05680111625563565,0.0,,1.0,0.0009247841980762972,0.0,,1.0,,,,,,,,,,,,,,,,,,,,,,,,,,,,,,,,,,,,,,,,,,,,,,,,,,,,,,,,,,,,,,,,,,,,,,,,
2023-11,2023-11-14T09:30:00+08:00,early,-1.8414989213162178,-1.4735715932313593,-1.9561513404927096,3.681793377914176,34,0.48484848484848486,1.0,,,,,0,1.0,1.0641323644363647,0.9090909090909091,,1.0,,1.0,,1.0,-2.4306722540392225,0.18181818181818182,,1.0,-0.762099930985058,0.0,,1.0,-0.6760132562307701,0.0,,1.0,-4.566338444218608,0.0,,1.0,0.6972176501684165,0.0,,1.0,-1.7999265060676002,0.8,,1.0,-0.8560083199773202,0.0,,1.0,,,,,,,,,,,,,,,,,-4.410062115969437,0.0,,1.0,,1,,1,,1,,1,,,,,-4.36885588350598,0,,1,-6.372605589548597,0.0,,1.0,,,,,,1.0,,1.0,,1.0,,1.0,-5.376714565355207,0.0,,1.0,,1.0,,1.0,,,,,,1,,1,,,,,,,,,-1.7999265060676002,0.0,,1.0,,,,,12.099206938661618,0,,1,-4.40873598892133,0,,1,,,,,,,,,,,,,,,,,,1,,1,,,,,,1,,1,-1.2537311293234046,0,,1,0.37472972443454067,0,,1,0.03148735577295124,0,,1,-9.849916383323015,0,,1,,1.0,,1.0,0.12971235691620558,0,,1,,,,,,,,,,,,,,,,,-0.40421618307720913,0.0,,1.0,,1,,1,-0.8888562965607739,0.0,,1.0,,,,,1.0641323644363647,0,,1,,1,,1,-0.13163956289490286,0,,1,-1.48190050650112,0,,1,-1.4652426799615985,0,,1,-2.1282949429735285,0,,1,7964b27a232f26ea320aac8c21ded745ffc4a72750f8afca3d8eeeb20850830c,-0.3,2023-11-14T01:30:00+00:00,2023-12-09T01:30:00+00:00,publication,pseudo_real_time,,,,,,1.0,,1.0,,,,,,,,,,,,,,,,,,,,,1.4264332160395738,0.0,,1.0,,,,,,1.0,,1.0,-3.8005563855916495,0.0,,1.0,-4.577930152779306,0.0,,1.0,-4.479521687006205,0.0,,1.0,,,,,,1.0,,1.0,,,,,,,,,,,,,,,,,-0.35959815552553426,0.0,,1.0,-8.071687774682452,0.0,,1.0,-1.5106894611481407,0.0,,1.0,,,,,-2.264624067431654,0.0,,1.0,,1.0,,1.0,,1.0,,1.0,,1.0,,1.0,,,,,,,,,,,,,,,,,,,,,,,,,,,,,,,,,,,,,,,,,2.92984380189733,0.0,,1.0,-5.433043783400128,0.0,,1.0,,1.0,,1.0,-1.853753719320439,0.0,,1.0,-0.8361922218396366,0.0,,1.0,-1.090509415590003,0.0,,1.0,-1.2055233674770283,0.0,,1.0,,,,,-0.8421805571341198,0.0,,1.0,,,,,,,,,,1.0,,1.0,,1.0,,1.0,,1.0,,1.0,,1.0,,1.0,,1.0,,1.0,,1.0,,1.0,,1.0,,1.0,,,,,,,,,,,,,,,,,,,,,,,,,,,,,,,,,,,,,,,,,,,,,,,,,,,,
2023-12,2023-12-14T09:30:00+08:00,early,-0.9397435148040458,-1.5174521175032833,-1.3380568763022158,4.382816134088579,34,0.48484848484848486,1.0,,,,,0,1.0,2.0016523415708862,0.9090909090909091,,1.0,,1.0,,1.0,-2.3965649458466816,0.18181818181818182,,1.0,-3.2085719046609498,0.0,,1.0,-1.4304195626343497,0.0,,1.0,0.2402111819753845,0.0,,1.0,-1.470517579622877,0.0,,1.0,-3.752477553654173,0.8,,1.0,1.5743497751545086,0.0,,1.0,,,,,,,,,,,,,,,,,-2.3075035990946393,0.0,,1.0,,1,,1,,1,,1,,,,,-2.32212279469432,0,,1,-2.66673657202715,0.0,,1.0,,,,,,1.0,,1.0,,1.0,,1.0,-1.1716587045929914,0.0,,1.0,,1.0,,1.0,,,,,,1,,1,,,,,,,,,-3.752477553654173,0.0,,1.0,,,,,11.764145341096976,0,,1,1.2323835356396984,0,,1,,,,,,,,,,,,,,,,,,1,,1,,,,,,1,,1,0.0915626577469836,0,,1,1.596937103492806,0,,1,-0.7111454190807941,0,,1,1.1514501562870336,0,,1,,1.0,,1.0,-10.244737463528287,0,,1,,,,,,,,,,,,,,,,,-3.093102949078421,0.0,,1.0,,1,,1,-4.375982514073116,0.0,,1.0,,,,,2.0016523415708862,0,,1,,1,,1,-3.203029008929206,0,,1,-1.5147017697781682,0,,1,-2.60088457532283,0,,1,-3.046244587885571,0,,1,ce88bcb035c90d840c88eb86e225726b0fbc94b0ff7d60f077b7b626fb869196,-0.3,2023-12-14T01:30:00+00:00,2024-01-12T01:30:00+00:00,publication,pseudo_real_time,,,,,,1.0,,1.0,,,,,,,,,,,,,,,,,,,,,3.365673474818183,0.0,,1.0,,,,,,1.0,,1.0,-0.9191733021526883,0.0,,1.0,-0.9352090381607934,0.0,,1.0,-0.9849024664153468,0.0,,1.0,,,,,,1.0,,1.0,,,,,,,,,,,,,,,,,-3.807649326024407,0.0,,1.0,-7.354706283193067,0.0,,1.0,11.01564068728099,0.0,,1.0,,,,,-6.154594788680996,0.0,,1.0,,1.0,,1.0,,1.0,,1.0,,1.0,,1.0,,,,,,,,,,,,,,,,,,,,,,,,,,,,,,,,,,,,,,,,,-1.6226314250058185,0.0,,1.0,1.0595302419792383,0.0,,1.0,,1.0,,1.0,6.488565540148867,0.0,,1.0,-0.6060265242243266,0.0,,1.0,-5.212039863734117,0.0,,1.0,-1.5202024652283985,0.0,,1.0,,,,,-1.5913575888395963,0.0,,1.0,,,,,,,,,,1.0,,1.0,,1.0,,1.0,,1.0,,1.0,,1.0,,1.0,,1.0,,1.0,,1.0,,1.0,,1.0,,1.0,,,,,,,,,,,,,,,,,,,,,,,,,,,,,,,,,,,,,,,,,,,,,,,,,,,,
2024-01,2024-01-14T09:30:00+08:00,early,-0.3326291318502954,-0.02540931535435177,-0.18440024059439278,2.477348009632694,49,0.039215686274509776,1.0,,,,,0,1.0,0.4735943089847319,0.0,,1.0,,,,,0.21800786284419976,0.0,,1.0,1.2268244809506361,0.0,,1.0,1.4500902530809754,0.0,,1.0,-1.559693926103441,0.0,,1.0,-1.1934554888950544,0.5,,1.0,0.11021225326412283,0.0,,1.0,-0.7264921936510279,0.0,,1.0,,,,,,,,,,,,,,,,,-0.8658940177071571,0.0,,1.0,-2.6442336246585927,0,,1,-3.1922819474948003,0,,1,,,,,-0.8629513347634892,0,,1,-0.4987899569553464,0.0,,1.0,,,,,,,,,,,,,-1.3354412287125021,0.0,,1.0,-0.5398510921833698,0.0,,1.0,,,,,0.9070943392924316,0,,1,,,,,,,,,1.165391163889887,0.0,,1.0,,,,,1.6148918433821244,0,,1,-1.9150018215067246,0,,1,,,,,,,,,,,,,,,,,-3.9364808228631585,0,,1,,,,,-1.5692859632991403,0,,1,-0.9270341043148685,0,,1,0.32675920155440635,0,,1,-3.7771530186933098,0,,1,-5.369929030906909,0,,1,0.15973725626627344,0.0,,1.0,4.2110208252830805,0,,1,,,,,,,,,,,,,,,,,-0.8328989902920015,0.0,,1.0,-0.4495419989894398,0,,1,1.7710913718455443,0.0,,1.0,,,,,1.1285169351074034,0,,1,-2.743228773816254,0,,1,-0.18808026970299452,0,,1,3.117982277249471,0,,1,2.543699803223019,0,,1,4.515912196235891,0,,1,1b81d2eacf908681caf25376ab0d9435432c3724fa547d4d40099a17a6e7354e,-0.2,2024-01-14T01:30:00+00:00,2024-02-08T01:30:00+00:00,publication,pseudo_real_time,,,,,,,,,,,,,,,,,,,,,,,,,,,,,0.05118896959354596,0.0,,1.0,,,,,-1.683527691945335,0.0,,1.0,-1.5208891997882512,0.0,,1.0,0.67066552647505,0.0,,1.0,0.5685335082249441,0.0,,1.0,,,,,-0.2949033119141488,0.0,,1.0,,,,,,,,,,,,,,,,,2.7855206014163767,0.0,,1.0,-9.767980089607605,0.0,,1.0,1.4641722461322144,0.0,,1.0,,,,,-2.438099947383655,0.0,,1.0,-4.29446355310152,0.0,,1.0,0.17593276189899906,0.0,,1.0,1.0190869484949148,0.0,,1.0,,,,,,,,,,,,,,,,,,,,,,,,,,,,,,,,,,,,,,,,,,1.0,,1.0,1.9057777696663467,0.0,,1.0,0.9199982290299866,0.0,,1.0,0.9490268988897969,0.0,,1.0,0.4548020639159933,0.0,,1.0,0.4401507775195384,0.0,,1.0,-0.02540931535435177,0.0,,1.0,,,,,1.2260114593807858,0.0,,1.0,,,,,,,,,-0.23205289949844435,0.0,,1.0,-0.16991612112446777,0.0,,1.0,,,,,,,,,,,,,,,,,,,,,,1.0,,1.0,,,,,,,,,,,,,,,,,,,,,,,,,,,,,,,,,,,,,,,,,,,,,,,,
2024-02,2024-02-14T09:30:00+08:00,early,-0.7517337612461735,-0.4438734568429103,-0.6823957552798037,3.3206599629618156,49,0.039215686274509776,1.0,,,,,0,1.0,0.35803037674354493,0.0,,1.0,,,,,0.6889931080368005,0.0,,1.0,-1.0596569738942145,0.0,,1.0,-0.28393048790047787,0.0,,1.0,-2.650396895927725,0.0,,1.0,-0.9745217528778662,0.5,,1.0,-0.26456664450606376,0.0,,1.0,-1.9326147725896148,0.0,,1.0,,,,,,,,,,,,,,,,,-1.8757545822239732,0.0,,1.0,-3.589440712048051,0,,1,-3.414311743579564,0,,1,,,,,-1.8705230745525776,0,,1,-2.1243406349246134,0.0,,1.0,,,,,,,,,,,,,-2.154039956560958,0.0,,1.0,-2.021219170696342,0.0,,1.0,,,,,2.9124223206602253,0,,1,,,,,,,,,0.813242128344982,0.0,,1.0,,,,,-8.271741176309396,0,,1,-1.9778644066540316,0,,1,,,,,,,,,,,,,,,,,-4.4028903477355,0,,1,,,,,8.458305971685562,0,,1,1.8117465498206184,0,,1,0.29413209338556656,0,,1,-2.9452223789296763,0,,1,-10.888222076183835,0,,1,-0.03312107536727576,0.0,,1.0,8.355542691010353,0,,1,,,,,,,,,,,,,,,,,-0.44421368805621797,0.0,,1.0,-0.8367605460077806,0,,1,2.741222572191185,0.0,,1.0,,,,,-0.25488022978365094,0,,1,-7.761368289909141,0,,1,1.460905390106835,0,,1,-1.1849737739515096,0,,1,-1.7057856611428033,0,,1,1.1770616489178936,0,,1,7e13ec54539bd9f370b2dade974d92a93c5fb083e799a6d0bfcec5a3e025df2a,-0.2,2024-02-14T01:30:00+00:00,2024-03-09T01:30:00+00:00,publication,pseudo_real_time,,,,,,,,,,,,,,,,,,,,,,,,,,,,,-0.4438734568429103,0.0,,1.0,,,,,-1.0833955527876908,0.0,,1.0,-0.4165214252075695,0.0,,1.0,1.04007811005247,0.0,,1.0,0.9755826415105142,0.0,,1.0,,,,,0.4142771088331685,0.0,,1.0,,,,,,,,,,,,,,,,,-1.8064244974582504,0.0,,1.0,-3.959943920085106,0.0,,1.0,-3.3529075877250283,0.0,,1.0,,,,,-1.5051700489128221,0.0,,1.0,2.4807653279123936,0.0,,1.0,1.98720305327726,0.0,,1.0,1.137621843811965,0.0,,1.0,,,,,,,,,,,,,,,,,,,,,,,,,,,,,,,,,,,,,,,,,,1.0,,1.0,1.9568450055817903,0.0,,1.0,-0.19318263723045145,0.0,,1.0,-3.215268515421823,0.0,,1.0,-0.9800397540249325,0.0,,1.0,-0.3925066701994606,0.0,,1.0,-0.814557300799185,0.0,,1.0,,,,,0.5137403499730084,0.0,,1.0,,,,,,,,,-0.26341077261542245,0.0,,1.0,-0.26516899699843033,0.0,,1.0,,,,,,,,,,,,,,,,,,,,,,1.0,,1.0,,,,,,,,,,,,,,,,,,,,,,,,,,,,,,,,,,,,,,,,,,,,,,,,
2024-03,2024-03-14T09:30:00+08:00,early,,,,,0,1.0,1.0,,,,,0,1.0,,1.0,,1.0,,,,,,1.0,,1.0,,1.0,,1.0,,1.0,,1.0,,1.0,,1.0,,1.0,,1.0,,1.0,,1.0,,1.0,,1.0,,,,,,,,,,,,,,,,,,1.0,,1.0,,1,,1,,1,,1,,,,,,1,,1,,1.0,,1.0,,,,,,,,,,,,,,1.0,,1.0,,1.0,,1.0,,,,,,1,,1,,,,,,,,,,1.0,,1.0,,,,,,1,,1,,1,,1,,,,,,,,,,,,,,,,,,1,,1,,,,,,1,,1,,1,,1,,1,,1,,1,,1,,1,,1,,1.0,,1.0,,1,,1,,,,,,,,,,,,,,,,,,1.0,,1.0,,1,,1,,1.0,,1.0,,,,,,1,,1,,1,,1,,1,,1,,1,,1,,1,,1,,1,,1,d18fc660db1b8569c6b500f2b319b4b42d4b344c869e456a49ce11bd5d491186,-0.1,2024-03-14T01:30:00+00:00,2024-04-11T01:30:00+00:00,publication,pseudo_real_time,,,,,,,,,,,,,,,,,,,,,,,,,,,,,,1.0,,1.0,,,,,,1.0,,1.0,,1.0,,1.0,,1.0,,1.0,,1.0,,1.0,,,,,,1.0,,1.0,,,,,,,,,,,,,,,,,,1.0,,1.0,,1.0,,1.0,,1.0,,1.0,,,,,,1.0,,1.0,,1.0,,1.0,,1.0,,1.0,,1.0,,1.0,,,,,,,,,,,,,,,,,,,,,,,,,,,,,,,,,,,,,,,,,,,,,,1.0,,1.0,,1.0,,1.0,,1.0,,1.0,,1.0,,1.0,,1.0,,1.0,,1.0,,1.0,,,,,,1.0,,1.0,,,,,,,,,,1.0,,1.0,,1.0,,1.0,,,,,,,,,,,,,,,,,,,,,,1.0,,1.0,,,,,,,,,,,,,,,,,,,,,,,,,,,,,,,,,,,,,,,,,,,,,,,,
2024-04,2024-04-14T09:30:00+08:00,early,-0.9964626327776088,-0.1129879112555313,-0.9618884371524992,5.841615268191384,50,0.0,1.0,,,,,0,1.0,-3.719256091262396,0.0,,1.0,,,,,3.394413900754678,0.0,,1.0,0.642932175009007,0.0,,1.0,2.6097732550873327,0.0,,1.0,-9.628242116704978,0.0,,1.0,-2.342670386483943,0.0,,1.0,-5.682524504870542,0.0,,1.0,1.4017170665669205,0.0,,1.0,,,,,,,,,,,,,,,,,-8.320993667149445,0.0,,1.0,1.2785142821582276,0,,1,-2.085158677966149,0,,1,,,,,-8.302072384862292,0,,1,-8.439558641085657,0.0,,1.0,,,,,,,,,,,,,-8.699321920659427,0.0,,1.0,-2.838085587669495,0.0,,1.0,,,,,0.34281695899061265,0,,1,,,,,,,,,-10.591321377972223,0.0,,1.0,,,,,-1.3206448177793242,0,,1,0.4292178000871962,0,,1,,,,,,,,,,,,,,,,,-0.8242735410920555,0,,1,,,,,6.315036066030961,0,,1,-0.17827266425593558,0,,1,4.402167496868858,0,,1,2.913100240022125,0,,1,24.29994298971054,0,,1,-0.04770315825512702,0.0,,1.0,1.0239305840066595,0,,1,,,,,,,,,,,,,,,,,-0.7739196596910962,0.0,,1.0,2.42207583249877,0,,1,2.2300645793478884,0.0,,1.0,,,,,-3.6977181805212425,0,,1,1.8420456850023341,0,,1,1.7975475953599294,0,,1,2.937713492729281,0,,1,1.3016644353912614,0,,1,2.2938766623207525,0,,1,85b087df2c8822da81f1a5d0dcb597c12354293c7dd06a4e0d29d34ed21cad6f,-0.2,2024-04-14T01:30:00+00:00,2024-05-11T01:30:00+00:00,publication,pseudo_real_time,,,,,,,,,,,,,,,,,,,,,,,,,,,,,-1.2520064136423712,0.0,,1.0,,,,,1.1554191809209469,0.0,,1.0,2.203772080866843,0.0,,1.0,2.1873456533202837,0.0,,1.0,1.9975114428844005,0.0,,1.0,,,,,-3.6181665489699055,0.0,,1.0,,,,,,,,,,,,,,,,,2.6448980904024753,0.0,,1.0,-7.164703399823987,0.0,,1.0,-14.201299896049077,0.0,,1.0,,,,,0.30869698639006277,0.0,,1.0,4.898792544951226,0.0,,1.0,-1.933303941006791,0.0,,1.0,-3.6836530123850797,0.0,,1.0,,,,,,,,,,,,,,,,,,,,,,,,,,,,,,,,,,,,,,,,,,,,,-1.7342213415413157,0.0,,1.0,-3.3705230450084835,0.0,,1.0,-12.269744907304958,0.0,,1.0,-3.598559080775861,0.0,,1.0,2.882457515400407,0.0,,1.0,1.1147493651539813,0.0,,1.0,,,,,0.7691959475440756,0.0,,1.0,,,,,,,,,-4.76738838151283,0.0,,1.0,-4.862949987139948,0.0,,1.0,,,,,,,,,,,,,,,,,,,,,-6.0847017321995205,0.0,,1.0,,,,,,,,,,,,,,,,,,,,,,,,,,,,,,,,,,,,,,,,,,,,,,,,
2024-05,2024-05-14T09:30:00+08:00,early,1.0752144959849808,0.691112979296675,0.6931576937978879,3.485154497087619,50,0.0,1.0,,,,,0,1.0,1.488902332479482,0.0,,1.0,,,,,-0.12431948982148844,0.0,,1.0,-1.2162281787817737,0.0,,1.0,4.23052656431946,0.0,,1.0,5.008642190198851,0.0,,1.0,1.6601135298882654,0.0,,1.0,-1.732061294835157,0.0,,1.0,1.1151818207643929,0.0,,1.0,,,,,,,,,,,,,,,,,0.7932577121021159,0.0,,1.0,0.8537839501658545,0,,1,-4.34007161379437,0,,1,,,,,0.7787773889477588,0,,1,1.7915733054860044,0.0,,1.0,,,,,,,,,,,,,1.7095317340269627,0.0,,1.0,-2.084826798067646,0.0,,1.0,,,,,-2.593876146991172,0,,1,,,,,,,,,-2.6058267450159684,0.0,,1.0,,,,,6.341613709020468,0,,1,3.8600167381343065,0,,1,,,,,,,,,,,,,,,,,-1.4661029554105824,0,,1,,,,,-1.481784792894335,0,,1,4.85427779034607,0,,1,6.3832028202168125,0,,1,-1.1875194290613884,0,,1,-3.133300992718435,0,,1,-0.18304922369382087,0.0,,1.0,1.159012526966582,0,,1,,,,,,,,,,,,,,,,,0.6034485696455913,0.0,,1.0,0.45970896113902937,0,,1,-0.2772700863719235,0.0,,1.0,,,,,1.361657222545387,0,,1,0.012732841996267251,0,,1,3.7579698687888374,0,,1,2.324673434886916,0,,1,4.456260133385272,0,,1,-1.4118690935000766,0,,1,6d221eb27e7e5d9575545005cee0b6509f7b96323aeb16732c6f2b207e6fc5a9,0.2,2024-05-14T01:30:00+00:00,2024-06-12T01:30:00+00:00,publication,pseudo_real_time,,,,,,,,,,,,,,,,,,,,,,,,,,,,,-1.4170315430870433,0.0,,1.0,,,,,-1.0923323724353913,0.0,,1.0,-1.7534695327965502,0.0,,1.0,-0.2773494106203529,0.0,,1.0,-0.2922011500901265,0.0,,1.0,,,,,-0.5055303414218566,0.0,,1.0,,,,,,,,,,,,,,,,,-2.3516000098257517,0.0,,1.0,10.146859984055512,0.0,,1.0,5.762753577997194,0.0,,1.0,,,,,2.1650053778130443,0.0,,1.0,-3.317780172953659,0.0,,1.0,-1.080813815125099,0.0,,1.0,0.7937996469984264,0.0,,1.0,,,,,,,,,,,,,,,,,,,,,,,,,,,,,,,,,,,,,,,,,,,,,-2.0966142925008837,0.0,,1.0,1.0502714344445367,0.0,,1.0,14.077741628776415,0.0,,1.0,-3.2807751482504486,0.0,,1.0,1.9836906217308794,0.0,,1.0,0.5433147380941955,0.0,,1.0,,,,,1.8335861147776533,0.0,,1.0,,,,,,,,,3.1858398290766248,0.0,,1.0,3.622659676937016,0.0,,1.0,,,,,,,,,,,,,,,,,,,,,4.232366754938795,0.0,,1.0,,,,,,,,,,,,,,,,,,,,,,,,,,,,,,,,,,,,,,,,,,,,,,,,
2024-06,2024-06-14T09:30:00+08:00,early,1.626243130845638,0.6317919010059527,1.2710405214798868,3.9574971607221636,46,0.14814814814814814,1.0,,,,,0,1.0,-0.03777140260021199,0.5,,1.0,,,,,2.0375488840752136,0.0,,1.0,1.8269321466545307,0.0,,1.0,3.86623494119894,0.0,,1.0,3.75370052904369,0.0,,1.0,1.018773603851084,0.0,,1.0,-1.353510954897459,0.8,,1.0,-1.3738922553999953,0.0,,1.0,,,,,,,,,,,,,,,,,4.546309499064512,0.0,,1.0,0.09066680733409464,0,,1,-2.7834936021992376,0,,1,,,,,4.5410449353307785,0,,1,4.0275813312916675,0.0,,1.0,,,,,,,,,,,,,4.4923354657522285,0.0,,1.0,,1.0,,1.0,,,,,-0.6219348314938882,0,,1,,,,,,,,,-1.353510954897459,0.0,,1.0,,,,,0.7108992603869841,0,,1,-0.8104477210531043,0,,1,,,,,,,,,,,,,,,,,2.042306756197227,0,,1,,,,,16.881564378817473,0,,1,-2.5628976941341444,0,,1,1.9611429020701387,0,,1,-4.884671176577355,0,,1,-4.1712842211798895,0,,1,0.015352958811796434,0.0,,1.0,4.145025872682725,0,,1,,,,,,,,,,,,,,,,,5.695672423887303,0.0,,1.0,-1.7788102519526325,0,,1,2.1114424772548084,0.0,,1.0,,,,,-0.24681947678443222,0,,1,0.056032340712212206,0,,1,5.912019819236121,0,,1,2.641891938371875,0,,1,4.949885105117625,0,,1,5.141850940726099,0,,1,f489cf7f54be1f36c8f99241947123670eb4afd3b965861b90507d5a9d4f7d66,0.1,2024-06-14T01:30:00+00:00,2024-07-10T01:30:00+00:00,publication,pseudo_real_time,,,,,,1.0,,1.0,,,,,,,,,,,,,,,,,,,,,0.938733106983777,0.0,,1.0,,,,,1.7377105695283805,0.0,,1.0,-0.11060456276799381,0.0,,1.0,-1.6181544817492468,0.0,,1.0,-1.5303748506392554,0.0,,1.0,,,,,,1.0,,1.0,,,,,,,,,,,,,,,,,6.414422911900056,0.0,,1.0,12.141500461791164,0.0,,1.0,-0.4704536207998273,0.0,,1.0,,,,,-1.3899133024722632,0.0,,1.0,3.4799580162588652,0.0,,1.0,0.5526845416249213,0.0,,1.0,-0.3381944062407685,0.0,,1.0,,,,,,,,,,,,,,,,,,,,,,,,,,,,,,,,,,,,,,,,,,,,,3.1146104536095107,0.0,,1.0,,1.0,,1.0,-3.002414369124696,0.0,,1.0,-0.7615476812563163,0.0,,1.0,-0.1720787906801474,0.0,,1.0,1.6838797478921135,0.0,,1.0,,,,,1.737230823754748,0.0,,1.0,,,,,,,,,,1.0,,1.0,-0.1187562690005685,0.0,,1.0,,1.0,,1.0,,,,,,1.0,,1.0,,,,,,,,,3.5075010070417383,0.0,,1.0,,1.0,,1.0,,,,,,,,,,,,,,,,,,,,,,,,,,,,,,,,,,,,,,,,,,,,
2024-07,2024-07-14T09:30:00+08:00,early,-0.8596877509919494,-0.9585701948354033,-1.0533065977255154,2.649900468847916,50,0.0,1.0,,,,,0,1.0,-2.7893034998607633,0.0,,1.0,,,,,0.8662140773411338,0.0,,1.0,-0.7023431718793609,0.0,,1.0,-0.5672357986653598,0.0,,1.0,-2.651822843181347,0.0,,1.0,-1.0339135747512562,0.0,,1.0,-0.3847786537937033,0.0,,1.0,-0.18800331363958248,0.0,,1.0,,,,,,,,,,,,,,,,,-2.5832067913688137,0.0,,1.0,-0.6602146568226084,0,,1,-0.0550254939335372,0,,1,,,,,-2.5675699340747817,0,,1,-2.90584522751584,0.0,,1.0,,,,,,,,,,,,,-3.201105828778303,0.0,,1.0,,,,,,,,,-1.9009673344851117,0,,1,,,,,,,,,-3.727811055997644,0.0,,1.0,,,,,1.3498129315966616,0,,1,-1.0455144564310752,0,,1,,,,,,,,,,,,,,,,,1.7089348412644751,0,,1,,,,,-0.7562384000251845,0,,1,-3.286013291140251,0,,1,-2.71065448938803,0,,1,-2.040496018943399,0,,1,10.137009091098923,0,,1,0.07112861058279928,0.0,,1.0,-1.7240623453444415,0,,1,,,,,,,,,,,,,,,,,-3.1898408117747,0.0,,1.0,-0.8652582062998087,0,,1,-1.2107787500631009,0.0,,1.0,,,,,-3.203614171838329,0,,1,-4.130237504083932,0,,1,2.7655085262224555,0,,1,-2.807491891520039,0,,1,0.48369466002417427,0,,1,4.064897943835975,0,,1,20ec4bfb6cac48f6c323b40968523e40155836b1519eef4138859cd687bceb06,-0.2,2024-07-14T01:30:00+00:00,2024-08-09T01:30:00+00:00,publication,pseudo_real_time,,,,,2.1493086818879026,0.0,,1.0,,,,,,,,,,,,,,,,,,,,,0.4440469564697179,0.0,,1.0,,,,,-0.8234847679753635,0.0,,1.0,0.33700461345958077,0.0,,1.0,0.15121419684948195,0.0,,1.0,0.11995885163125482,0.0,,1.0,,,,,,,,,,,,,,,,,,,,,,,,,-1.214748945061256,0.0,,1.0,-7.576026591292222,0.0,,1.0,-0.08060653320242885,0.0,,1.0,,,,,-2.6741617474837547,0.0,,1.0,1.2252668861970846,0.0,,1.0,-1.2879539598872736,0.0,,1.0,-3.167886907915867,0.0,,1.0,,,,,,,,,,,,,,,,,,,,,,,,,,,,,,,,,,,,,,,,,,,,,2.700474122862767,0.0,,1.0,,,,,0.35160100396295957,0.0,,1.0,0.5693894028164331,0.0,,1.0,-1.4616699733932597,0.0,,1.0,0.1321793917148596,0.0,,1.0,,,,,-0.1869914639757762,0.0,,1.0,,,,,,,,,,,,,-3.770010919788109,0.0,,1.0,0.4241664127286314,0.0,,1.0,,,,,-1.8411191044120276,0.0,,1.0,,,,,,,,,-0.8716259332397314,0.0,,1.0,-3.465235935322976,0.0,,1.0,,,,,,,,,,,,,,,,,,,,,,,,,,,,,,,,,,,,,,,,,,,,
2024-08,2024-08-14T09:30:00+08:00,early,-1.3413444479468035,-1.24244344609167,-1.8426444084486655,4.178290910269688,48,0.07692307692307687,1.0,,,,,0,1.0,-4.536791827766699,0.0,,1.0,,,,,-0.1458011818101671,0.0,,1.0,-1.1789156228408029,0.0,,1.0,-4.934398052101427,0.0,,1.0,-0.8633127738798583,0.0,,1.0,-1.815534837780828,0.0,,1.0,-7.022539988829918,0.8,,1.0,1.521602163811739,0.0,,1.0,,,,,,,,,,,,,,,,,-0.01437864120046199,0.0,,1.0,-0.6123422434168463,0,,1,-0.20625809211930454,0,,1,,,,,-0.01532467376603656,0,,1,0.009688573092299755,0.0,,1.0,,,,,,,,,,,,,-0.12120631386259932,0.0,,1.0,,1.0,,1.0,,,,,-3.4919691661037136,0,,1,,,,,,,,,-7.022539988829918,0.0,,1.0,,,,,6.560232865021293,0,,1,1.9057068948289033,0,,1,,,,,,,,,,,,,,,,,-1.9795255075883251,0,,1,,,,,7.849558679971978,0,,1,-1.447170684206486,0,,1,-6.838726798231407,0,,1,2.914711661494888,0,,1,18.212074930227562,0,,1,-0.15997323118561246,0.0,,1.0,-4.622414866659455,0,,1,,,,,,,,,,,,,,,,,-2.1409037384516805,0.0,,1.0,-0.08214208825857779,0,,1,-1.0465562408648517,0.0,,1.0,,,,,-3.3695112711459014,0,,1,-4.366059054655209,0,,1,-2.038951208241426,0,,1,-4.955581934015447,0,,1,-5.904332267917429,0,,1,-2.87273098144873,0,,1,1410edc9801ebcb0dbbf0b1e6efdecea367e4eff2a8326f6bed694b15ca0257e,-0.7,2024-08-14T01:30:00+00:00,2024-09-09T01:30:00+00:00,publication,pseudo_real_time,,,,,,1.0,,1.0,,,,,,,,,,,,,,,,,,,,,0.5313726982755598,0.0,,1.0,,,,,-0.38108883791945136,0.0,,1.0,-1.2795678844783964,0.0,,1.0,-0.47067163670175133,0.0,,1.0,-0.500798917294502,0.0,,1.0,,,,,,1.0,,1.0,,,,,,,,,,,,,,,,,-1.1397010710827833,0.0,,1.0,0.9404227210620354,0.0,,1.0,-4.418166770622284,0.0,,1.0,,,,,-0.2702397243188937,0.0,,1.0,-0.9685210245223154,0.0,,1.0,-1.2053190077049434,0.0,,1.0,-5.1696612609460875,0.0,,1.0,,,,,,,,,,,,,,,,,,,,,,,,,,,,,,,,,,,,,,,,,,,,,-3.3186076463985525,0.0,,1.0,,,,,-2.424224311861961,0.0,,1.0,-0.6725919277480666,0.0,,1.0,-1.7244538696915588,0.0,,1.0,-1.1150172530858704,0.0,,1.0,,,,,-2.138164312691289,0.0,,1.0,,,,,,,,,,,,,-6.449736245236913,0.0,,1.0,,1.0,,1.0,,,,,-5.547369067733235,0.0,,1.0,,,,,,,,,-5.70773748729915,0.0,,1.0,-5.479154113833114,0.0,,1.0,,,,,,,,,,,,,,,,,,,,,,,,,,,,,,,,,,,,,,,,,,,,
2024-09,2024-09-14T09:30:00+08:00,early,-1.1971319123019095,-0.930914103680021,-1.0620529828672196,3.3126599048015195,50,0.0,1.0,,,,,0,1.0,-2.9234401585273453,0.0,,1.0,,,,,0.019132369353154034,0.0,,1.0,1.9774270452574354,0.0,,1.0,-0.2012809152384636,0.0,,1.0,-3.9281209830795185,0.0,,1.0,-2.1382836180316436,0.0,,1.0,-3.3539374105746664,0.0,,1.0,0.3405549542273662,0.0,,1.0,,,,,,,,,,,,,,,,,-0.9663195882288457,0.0,,1.0,-0.8955086191311965,0,,1,-0.5038215552173504,0,,1,,,,,-0.9807264245901466,0,,1,-1.0847051994459371,0.0,,1.0,,,,,,,,,,,,,-1.1408871678414527,0.0,,1.0,-1.443602393658831,0.0,,1.0,,,,,-1.5593837304093794,0,,1,,,,,,,,,-7.574631796527941,0.0,,1.0,,,,,6.790749366978223,0,,1,-0.28211056473971424,0,,1,,,,,,,,,,,,,,,,,-1.4728863077375793,0,,1,,,,,-3.2605380879878383,0,,1,0.24764400489943614,0,,1,0.45176758940459255,0,,1,2.2074376805972995,0,,1,-1.617516121585894,0,,1,-0.2789922434198008,0.0,,1.0,0.4402083190144708,0,,1,,,,,,,,,,,,,,,,,-2.2998784607244844,0.0,,1.0,0.21185395750978375,0,,1,-0.35961969868732974,0.0,,1.0,,,,,-3.4535801083364586,0,,1,2.055020996123325,0,,1,-6.804424459213451,0,,1,2.127217388581233,0,,1,3.420315820273771,0,,1,3.886358394813195,0,,1,cace3ac26bee5c1a45d09f5c6faee54ddf2aac2cc2ad8c13241cb634839f009e,-0.6,2024-09-14T01:30:00+00:00,2024-10-13T01:30:00+00:00,publication,pseudo_real_time,,,,,,,,,,,,,,,,,,,,,,,,,,,,,-0.836729899410322,0.0,,1.0,,,,,-0.7130319487837545,0.0,,1.0,-1.9476295764072213,0.0,,1.0,-2.3841523939339937,0.0,,1.0,-2.340964787130396,0.0,,1.0,,,,,-1.0435780415372284,0.0,,1.0,,,,,,,,,,,,,,,,,4.771125355953485,0.0,,1.0,-3.085586271214856,0.0,,1.0,-8.60891832699694,0.0,,1.0,,,,,-0.24360730443104406,0.0,,1.0,3.9363864967566387,0.0,,1.0,-3.3470243719075956,0.0,,1.0,-4.470147880343654,0.0,,1.0,,,,,,,,,,,,,,,,,,,,,,,,,,,,,,,,,,,,,,,,,,,,,-2.8802229531446257,0.0,,1.0,,,,,-11.629703903238447,0.0,,1.0,-0.188074360214886,0.0,,1.0,1.3492301400337066,0.0,,1.0,-0.311930519802597,0.0,,1.0,,,,,-0.8501057680072696,0.0,,1.0,,,,,,,,,,,,,-0.2129832273850789,0.0,,1.0,,,,,,,,,-5.561733249205222,0.0,,1.0,,,,,,,,,-5.334513650253565,0.0,,1.0,-0.4951721139860637,0.0,,1.0,,,,,,,,,,,,,,,,,,,,,,,,,,,,,,,,,,,,,,,,,,,,
2024-10,2024-10-14T09:30:00+08:00,early,1.0842320570065693,1.361268777956422,0.9348574792846781,5.278545444258916,50,0.0,1.0,,,,,0,1.0,8.909356449561889,0.0,,1.0,,,,,-0.45928647482743684,0.0,,1.0,4.52483175614898,0.0,,1.0,2.9898651034156107,0.0,,1.0,3.9912264024614013,0.0,,1.0,-1.2674268757290033,0.0,,1.0,0.33748723167938505,0.0,,1.0,-3.4736151840666967,0.0,,1.0,,,,,,,,,,,,,,,,,2.471965771817926,0.0,,1.0,-4.021935291102592,0,,1,-1.0498146120302507,0,,1,,,,,2.5329849397591535,0,,1,2.8033635068803306,0.0,,1.0,,,,,,,,,,,,,4.383497410601976,0.0,,1.0,2.5118890046810165,0.0,,1.0,,,,,4.751902350606007,0,,1,,,,,,,,,-5.7530246278423975,0.0,,1.0,,,,,-3.8285920117171557,0,,1,-2.4565345052299796,0,,1,,,,,,,,,,,,,,,,,-6.219727466292343,0,,1,,,,,-7.821571545983959,0,,1,-0.8682131536558492,0,,1,5.131383206470633,0,,1,-0.9234565455608323,0,,1,-7.209343104041835,0,,1,-0.7046047538753325,0.0,,1.0,-4.440902292468593,0,,1,,,,,,,,,,,,,,,,,2.145567584772727,0.0,,1.0,-10.916610395208215,0,,1,-3.1193182169581517,0.0,,1.0,,,,,6.799862026889575,0,,1,1.4896601523280468,0,,1,-1.8078285993978624,0,,1,3.4437111503870086,0,,1,5.192194656202664,0,,1,5.254147697231304,0,,1,b2b9faba7c1caef4d38b4d49fb7ba82a0963097d81f9490f4e14ca5818789f1e,-0.1,2024-10-14T01:30:00+00:00,2024-11-09T01:30:00+00:00,publication,pseudo_real_time,,,,,,,,,,,,,,,,,,,,,,,,,,,,,-1.2205723747631816,0.0,,1.0,,,,,-3.0615876951948295,0.0,,1.0,-3.5241909366493034,0.0,,1.0,-5.193262910557009,0.0,,1.0,-4.915654194685903,0.0,,1.0,,,,,4.253597318199536,0.0,,1.0,,,,,,,,,,,,,,,,,12.821612710171976,0.0,,1.0,3.1460558739949374,0.0,,1.0,4.513525072484885,0.0,,1.0,,,,,1.2328774035847974,0.0,,1.0,1.8792964962672485,0.0,,1.0,4.740308562343628,0.0,,1.0,10.376918719170366,0.0,,1.0,,,,,,,,,,,,,,,,,,,,,,,,,,,,,,,,,,,,,,,,,,,,,-0.7939971450385689,0.0,,1.0,,,,,8.087192241690602,0.0,,1.0,-0.2640813582644816,0.0,,1.0,1.0169639165394444,0.0,,1.0,0.7196014127184287,0.0,,1.0,,,,,1.840295972898921,0.0,,1.0,,,,,,,,,,,,,11.790538327683398,0.0,,1.0,,,,,,,,,10.225407791299958,0.0,,1.0,,,,,,,,,-3.8145856560086253,0.0,,1.0,9.523103269984396,0.0,,1.0,,,,,,,,,,,,,,,,,,,,,,,,,,,,,,,,,,,,,,,,,,,,
2024-11,2024-11-14T09:30:00+08:00,early,-0.526870378902726,-0.9952047673853067,-0.7956102093889017,3.3826843217057476,50,0.0,1.0,,,,,0,1.0,-1.60853313661349,0.0,,1.0,,,,,-0.5593761449922529,0.0,,1.0,0.3032074107202159,0.0,,1.0,0.8454049537829658,0.0,,1.0,-0.9188180655073547,0.0,,1.0,-1.5455802405329762,0.0,,1.0,5.789214640882858,0.0,,1.0,-2.0225842622096972,0.0,,1.0,,,,,,,,,,,,,,,,,-1.0570212303729563,0.0,,1.0,-3.0898641446051616,0,,1,0.7647158546960461,0,,1,,,,,-1.0882830833730353,0,,1,-1.3734640407088419,0.0,,1.0,,,,,,,,,,,,,-1.8025811147875963,0.0,,1.0,5.4496375913333805,0.0,,1.0,,,,,-0.9333883043976572,0,,1,,,,,,,,,8.474558390845344,0.0,,1.0,,,,,-7.061222369819234,0,,1,-1.4956349262042616,0,,1,,,,,,,,,,,,,,,,,0.390525267445362,0,,1,,,,,-4.050838161456038,0,,1,-0.7986066780938543,0,,1,-0.5126605920264766,0,,1,0.12815049170852624,0,,1,1.7255252561864394,0,,1,-1.5923390220669662,0.0,,1.0,-6.255385815995587,0,,1,,,,,,,,,,,,,,,,,-2.307606606507042,0.0,,1.0,0.06888032341983778,0,,1,-1.1552597908066575,0.0,,1.0,,,,,-0.734031609449302,0,,1,-1.1111637051007475,0,,1,0.29361728825653155,0,,1,2.6267188345351333,0,,1,0.9739442843666748,0,,1,-6.379523993996478,0,,1,08ce4996f1b1af45dcbd8f698a44ce325ab1258f30834bf10e16bc65aa011d6d,-0.1,2024-11-14T01:30:00+00:00,2024-12-09T01:30:00+00:00,publication,pseudo_real_time,,,,,,,,,,,,,,,,,,,,,,,,,,,,,-1.7680356809803566,0.0,,1.0,,,,,-1.1941839865081654,0.0,,1.0,1.2501775419494745,0.0,,1.0,-2.5924052130728112,0.0,,1.0,-2.36457109781988,0.0,,1.0,,,,,3.4434479404698513,0.0,,1.0,,,,,,,,,,,,,,,,,-1.0596933120320247,0.0,,1.0,0.4331738284026344,0.0,,1.0,-3.657361433725902,0.0,,1.0,,,,,-1.2972276300245746,0.0,,1.0,13.6074252539368,0.0,,1.0,-0.610015795252492,0.0,,1.0,-0.4554233777533083,0.0,,1.0,,,,,,,,,,,,,,,,,,,,,,,,,,,,,,,,,,,,,,,,,,,,,-2.2958335870500375,0.0,,1.0,,,,,2.113810616014215,0.0,,1.0,2.1422998538497935,0.0,,1.0,-0.17298430965712108,0.0,,1.0,-1.4453074959102292,0.0,,1.0,,,,,-0.2891879916858844,0.0,,1.0,,,,,,,,,,,,,-3.759889881957923,0.0,,1.0,,,,,,,,,0.28209008416549436,0.0,,1.0,,,,,,,,,-1.571477410593998,0.0,,1.0,-4.373928239433409,0.0,,1.0,,,,,,,,,,,,,,,,,,,,,,,,,,,,,,,,,,,,,,,,,,,,
2024-12,2024-12-14T09:30:00+08:00,early,-0.6682913107212366,-0.9204796940406943,-0.6424597354935535,2.738369972943468,50,0.0,1.0,,,,,0,1.0,-1.1218241266798479,0.0,,1.0,,,,,0.14239303667588885,0.0,,1.0,1.8180553620473645,0.0,,1.0,0.38500116127019357,0.0,,1.0,-4.075783269970141,0.0,,1.0,-1.1888264511147628,0.0,,1.0,0.93608232211034,0.0,,1.0,1.1118170958310822,0.0,,1.0,,,,,,,,,,,,,,,,,-3.0055436459897047,0.0,,1.0,-1.5979768545157753,0,,1,-0.8868959093693803,0,,1,,,,,-3.0049867331858873,0,,1,-3.308557887222556,0.0,,1.0,,,,,,,,,,,,,-3.896836147039294,0.0,,1.0,0.9477122472057133,0.0,,1.0,,,,,-1.4738281653662917,0,,1,,,,,,,,,1.7848808007721013,0.0,,1.0,,,,,-1.230120683366139,0,,1,0.6201892621041986,0,,1,,,,,,,,,,,,,,,,,-1.4710605235405825,0,,1,,,,,-3.261981003628604,0,,1,5.33384949727572,0,,1,-1.9359383108870194,0,,1,1.4298039839377144,0,,1,4.288470782310885,0,,1,-1.1929523419913322,0.0,,1.0,2.9178785542513377,0,,1,,,,,,,,,,,,,,,,,-3.662700269888778,0.0,,1.0,0.8091277062196809,0,,1,1.0920970751963661,0.0,,1.0,,,,,-1.159636195456948,0,,1,-3.408342079954462,0,,1,3.0554470427056164,0,,1,-2.1836554272812934,0,,1,2.6041513405434706,0,,1,-7.908134664878736,0,,1,9181c4f07dfb267675fac855b04596268169df3ae9101b0fde034fe25f2ef1d1,-0.1,2024-12-14T01:30:00+00:00,2025-01-09T01:30:00+00:00,publication,pseudo_real_time,,,,,,,,,,,,,,,,,,,,,,,,,,,,,-0.249962973738517,0.0,,1.0,,,,,-1.5604886465183436,0.0,,1.0,0.8414986284910759,0.0,,1.0,2.5464798407530216,0.0,,1.0,2.463051543066623,0.0,,1.0,,,,,0.07565391835320519,0.0,,1.0,,,,,,,,,,,,,,,,,1.4328300521500674,0.0,,1.0,-6.132959243482712,0.0,,1.0,-4.882701215413436,0.0,,1.0,,,,,-2.3624529008937634,0.0,,1.0,-0.6910528139395516,0.0,,1.0,-1.391720687425463,0.0,,1.0,-0.2772697955951569,0.0,,1.0,,,,,,,,,,,,,,,,,,,,,,,,,,,,,,,,,,,,,,,,,,,,,-3.4303248868424285,0.0,,1.0,,,,,-4.298898017457393,0.0,,1.0,3.807707295408315,0.0,,1.0,0.21362873858371176,0.0,,1.0,0.6117222779272959,0.0,,1.0,,,,,2.8721248153467784,0.0,,1.0,,,,,,,,,,,,,-2.5029058402840825,0.0,,1.0,,,,,,,,,-0.1627084056261392,0.0,,1.0,,,,,,,,,-0.9540634787120081,0.0,,1.0,-1.236703835691297,0.0,,1.0,,,,,,,,,,,,,,,,,,,,,,,,,,,,,,,,,,,,,,,,,,,,
2025-01,2025-01-14T09:30:00+08:00,early,-1.5205729674061956,-0.9384744055582117,-1.3219839185607516,2.9717990835740866,50,0.0,1.0,,,,,0,1.0,-1.3671826957460056,0.0,,1.0,,,,,-0.975730729924258,0.0,,1.0,0.0952868678424162,0.0,,1.0,-1.5957992071917044,0.0,,1.0,-5.817192543040827,0.0,,1.0,-1.7626188849911715,0.0,,1.0,-1.7370924868768896,0.0,,1.0,1.1736097988822294,0.0,,1.0,,,,,,,,,,,,,,,,,-4.959371149457134,0.0,,1.0,-0.49781767590288606,0,,1,-1.9315678965717016,0,,1,,,,,-4.990232490864675,0,,1,-5.402275589566571,0.0,,1.0,,,,,,,,,,,,,-7.024659982469456,0.0,,1.0,-2.514478303499667,0.0,,1.0,,,,,-2.323099483992208,0,,1,,,,,,,,,-2.013100301062535,0.0,,1.0,,,,,-0.7523429020714133,0,,1,1.927545362118127,0,,1,,,,,,,,,,,,,,,,,-2.0352952709524113,0,,1,,,,,-0.6165763560181731,0,,1,2.1018016127709336,0,,1,-0.5294824412074866,0,,1,-0.18011719522748673,0,,1,2.173609155147055,0,,1,0.06097128763000504,0.0,,1.0,-2.4724487846603886,0,,1,,,,,,,,,,,,,,,,,-0.8547400760928346,0.0,,1.0,0.3832436872174544,0,,1,-4.102485662108854,0.0,,1.0,,,,,-2.104174300899268,0,,1,-0.8329438391650651,0,,1,-1.4552154537940463,0,,1,-2.6240055178581483,0,,1,-1.7744934159071368,0,,1,0.2562623823899384,0,,1,9e0a0e1ef5a57f45b631ffe447663afa3da7072cee2c1901e2e64adca4b30dc3,-0.2,2025-01-14T01:30:00+00:00,2025-02-09T01:30:00+00:00,publication,pseudo_real_time,,,,,,,,,,,,,,,,,,,,,,,,,,,,,0.9408653704921595,0.0,,1.0,,,,,-0.9741356934693732,0.0,,1.0,-0.17463819171575687,0.0,,1.0,3.2341714926062344,0.0,,1.0,2.9870402275836727,0.0,,1.0,,,,,-0.6836988560684661,0.0,,1.0,,,,,,,,,,,,,,,,,-4.745503437145639,0.0,,1.0,-6.252695770588213,0.0,,1.0,-8.238886856451424,0.0,,1.0,,,,,-1.0474797501701585,0.0,,1.0,-10.612527193580757,0.0,,1.0,-1.0222087350235889,0.0,,1.0,-2.0054137532064975,0.0,,1.0,,,,,,,,,,,,,,,,,,,,,,,,,,,,,,,,,,,,,,,,,,,,,2.7812856985105654,0.0,,1.0,,,,,-3.8522259618883212,0.0,,1.0,3.205647190929186,0.0,,1.0,1.8257168497437015,0.0,,1.0,-0.5431177368821273,0.0,,1.0,,,,,1.5150533052638888,0.0,,1.0,,,,,,,,,,,,,-0.3700881600484829,0.0,,1.0,,,,,,,,,-2.512042361435643,0.0,,1.0,,,,,,,,,-5.181242275295515,0.0,,1.0,-0.18916886386255355,0.0,,1.0,,,,,,,,,,,,,,,,,,,,,,,,,,,,,,,,,,,,,,,,,,,,
2025-03,2025-03-14T09:30:00+08:00,early,,,,,0,1.0,1.0,,,,,0,1.0,,1.0,,1.0,,,,,,1.0,,1.0,,1.0,,1.0,,1.0,,1.0,,1.0,,1.0,,1.0,,1.0,,1.0,,1.0,,1.0,,1.0,,,,,,,,,,,,,,,,,,1.0,,1.0,,1,,1,,1,,1,,,,,,1,,1,,1.0,,1.0,,,,,,,,,,,,,,1.0,,1.0,,1.0,,1.0,,,,,,1,,1,,,,,,,,,,1.0,,1.0,,,,,,1,,1,,1,,1,,,,,,,,,,,,,,,,,,1,,1,,,,,,1,,1,,1,,1,,1,,1,,1,,1,,1,,1,,1.0,,1.0,,1,,1,,,,,,,,,,,,,,,,,,1.0,,1.0,,1,,1,,1.0,,1.0,,,,,,1,,1,,1,,1,,1,,1,,1,,1,,1,,1,,1,,1,5984703b2fda59ec274fedc12bcfca4349369655b154ca2326f543b7685bd9aa,-0.4,2025-03-14T01:30:00+00:00,2025-04-10T01:30:00+00:00,publication,pseudo_real_time,,,,,,,,,,,,,,,,,,,,,,,,,,,,,,1.0,,1.0,,,,,,1.0,,1.0,,1.0,,1.0,,1.0,,1.0,,1.0,,1.0,,,,,,1.0,,1.0,,,,,,,,,,,,,,,,,,1.0,,1.0,,1.0,,1.0,,1.0,,1.0,,,,,,1.0,,1.0,,1.0,,1.0,,1.0,,1.0,,1.0,,1.0,,,,,,,,,,,,,,,,,,,,,,,,,,,,,,,,,,,,,,,,,,,,,,1.0,,1.0,,,,,,1.0,,1.0,,1.0,,1.0,,1.0,,1.0,,1.0,,1.0,,,,,,1.0,,1.0,,,,,,,,,,,,,,1.0,,1.0,,,,,,,,,,1.0,,1.0,,,,,,,,,,1.0,,1.0,,1.0,,1.0,,,,,,,,,,,,,,,,,,,,,,,,,,,,,,,,,,,,,,,,,,,,
2025-04,2025-04-14T09:30:00+08:00,early,-1.2443129374605595,-1.1573993292459215,-1.3491871024210182,3.773087412526998,50,0.0,1.0,,,,,0,1.0,-0.7852757779195721,0.0,,1.0,,,,,-1.5670071766822153,0.0,,1.0,-4.382006157979654,0.0,,1.0,-0.934587297213753,0.0,,1.0,-2.387694922104889,0.0,,1.0,2.557036201657413,0.0,,1.0,-1.1194474047746052,0.0,,1.0,-0.24935329554158148,0.0,,1.0,,,,,,,,,,,,,,,,,-3.2478085534765078,0.0,,1.0,0.9505436231566914,0,,1,-0.40424356930937816,0,,1,,,,,-3.2651943535146333,0,,1,-2.107259007710882,0.0,,1.0,,,,,,,,,,,,,-1.5234987047769983,0.0,,1.0,0.10397598751836286,0.0,,1.0,,,,,-1.0710289593006255,0,,1,,,,,,,,,-1.9178151290724736,0.0,,1.0,,,,,0.27466711445039477,0,,1,3.2177871041631687,0,,1,,,,,,,,,,,,,,,,,0.9971873013255445,0,,1,,,,,-0.675675675675667,0,,1,-0.040817451297614604,0,,1,0.2879832390354953,0,,1,-1.2324822527817572,0,,1,16.952372202554773,0,,1,0.11679884825997447,0.0,,1.0,-7.823757289116075,0,,1,,,,,,,,,,,,,,,,,-0.8708678707450466,0.0,,1.0,-0.04369537511639381,0,,1,-5.007534177527146,0.0,,1.0,,,,,-1.082316405710086,0,,1,-10.922221131899276,0,,1,-0.5657809368633928,0,,1,-1.5276335998647215,0,,1,-1.9329178911623932,0,,1,-3.541343694290862,0,,1,2cc944830e5b557a2d6fe8ca9616a1eb54fee80938c99c1bb5e3574eb03ae08c,-0.4,2025-04-14T01:30:00+00:00,2025-05-10T01:30:00+00:00,publication,pseudo_real_time,,,,,,,,,,,,,,,,,,,,,,,,,,,,,2.1828428909055084,0.0,,1.0,,,,,-1.3815418673198914,0.0,,1.0,-0.4202554073828063,0.0,,1.0,-1.6344040529565629,0.0,,1.0,-1.701432278741926,0.0,,1.0,,,,,-1.5445030727697053,0.0,,1.0,,,,,,,,,,,,,,,,,-5.459521592796975,0.0,,1.0,-0.8902636573679887,0.0,,1.0,-2.685007716079825,0.0,,1.0,,,,,0.5096588036189454,0.0,,1.0,-7.577916145325352,0.0,,1.0,-0.3869121514043084,0.0,,1.0,1.415819419767689,0.0,,1.0,,,,,,,,,,,,,,,,,,,,,,,,,,,,,,,,,,,,,,,,,,,,,-4.271796484228756,0.0,,1.0,,,,,-2.994832461807392,0.0,,1.0,-5.212175144888506,0.0,,1.0,-2.474321736253481,0.0,,1.0,-0.3558923665896949,0.0,,1.0,,,,,-3.13251849025638,0.0,,1.0,,,,,,,,,,,,,-1.87401908533063,0.0,,1.0,,,,,,,,,-0.8310259684621932,0.0,,1.0,,,,,,,,,4.978606910447785,0.0,,1.0,-1.9532004763779038,0.0,,1.0,,,,,,,,,,,,,,,,,,,,,,,,,,,,,,,,,,,,,,,,,,,,
2025-05,2025-05-14T09:30:00+08:00,early,-1.4598010111529565,-1.310785300918515,-1.4133189586421322,2.7856491658671163,50,0.0,1.0,,,,,0,1.0,-0.45772997124252107,0.0,,1.0,,,,,-4.418304226512333,0.0,,1.0,-3.3766526297135173,0.0,,1.0,-0.534395119908162,0.0,,1.0,-0.5297208271282579,0.0,,1.0,-0.45639891581115527,0.0,,1.0,-1.4506305655178762,0.0,,1.0,-2.7045994366934063,0.0,,1.0,,,,,,,,,,,,,,,,,-2.514716678739827,0.0,,1.0,1.878188635537877,0,,1,1.0771049615865484,0,,1,,,,,-2.481798026877374,0,,1,-2.899355156835275,0.0,,1.0,,,,,,,,,,,,,-2.0478909816730373,0.0,,1.0,-4.270469447608936,0.0,,1.0,,,,,-1.9175447760017426,0,,1,,,,,,,,,0.3283120675227649,0.0,,1.0,,,,,-0.6990373736285735,0,,1,-1.7933762638901247,0,,1,,,,,,,,,,,,,,,,,3.1478198503836796,0,,1,,,,,0.33955955097846086,0,,1,-2.6390836069882764,0,,1,0.8885561861203265,0,,1,-6.067929628436425,0,,1,-5.7657306987691115,0,,1,0.7237016839906364,0.0,,1.0,-9.298178497442526,0,,1,,,,,,,,,,,,,,,,,-2.660834486816269,0.0,,1.0,0.2456718899270565,0,,1,-5.336603290537479,0.0,,1.0,,,,,-1.3921396073252605,0,,1,6.369138961346647,0,,1,-1.0488574189182038,0,,1,-1.2294309945117696,0,,1,-0.7478482523230008,0,,1,-7.619712598272908,0,,1,4bd6044be0a5c1eadcf95dc77e86e42877c2871d777657ff89b32a85a9f1c3d5,-0.4,2025-05-14T01:30:00+00:00,2025-06-09T01:30:00+00:00,publication,pseudo_real_time,,,,,,,,,,,,,,,,,,,,,,,,,,,,,0.2907458496964349,0.0,,1.0,,,,,1.4829550947186454,0.0,,1.0,-2.83166449088816,0.0,,1.0,-2.421581911071333,0.0,,1.0,-2.4140069522458205,0.0,,1.0,,,,,-0.409734316467457,0.0,,1.0,,,,,,,,,,,,,,,,,-4.548606911290578,0.0,,1.0,3.75238578863427,0.0,,1.0,0.0,0.0,,1.0,,,,,0.04588592301355444,0.0,,1.0,-3.5368244471502823,0.0,,1.0,-0.9568688623577555,0.0,,1.0,0.5541659670831773,0.0,,1.0,,,,,,,,,,,,,,,,,,,,,,,,,,,,,,,,,,,,,,,,,,,,,-2.663754217455424,0.0,,1.0,,,,,2.483329265593439,0.0,,1.0,-2.547456335512959,0.0,,1.0,-3.033894642337015,0.0,,1.0,-0.7783673939956933,0.0,,1.0,,,,,-3.883953027695354,0.0,,1.0,,,,,,,,,,,,,-0.02849601209411587,0.0,,1.0,,,,,,,,,-1.0354700270723134,0.0,,1.0,,,,,,,,,-1.7058285201434553,0.0,,1.0,0.11242871431114163,0.0,,1.0,,,,,,,,,,,,,,,,,,,,,,,,,,,,,,,,,,,,,,,,,,,,
2025-06,2025-06-14T09:30:00+08:00,early,-1.9528300395434603,-2.1584550284306276,-2.0080179852996376,2.7771437765635416,34,0.48484848484848486,1.0,,,,,0,1.0,-1.8437596203647197,0.0,,1.0,,1.0,,1.0,-0.5267121750537018,0.0,,1.0,,1.0,,1.0,0.13327112096957844,0.0,,1.0,-4.725152732189409,0.0,,1.0,,1.0,,1.0,-4.15474347177763,0.8,,1.0,-2.228135626421187,0.0,,1.0,,,,,,,,,,,,,,,,,-3.835896099218724,0.0,,1.0,,1,,1,,1,,1,,,,,-3.8717278962292476,0,,1,-4.644886085755453,0.0,,1.0,,,,,,,,,,,,,-5.223676858776814,0.0,,1.0,,1.0,,1.0,,,,,,1,,1,,,,,,,,,-4.15474347177763,0.0,,1.0,,,,,-3.1819842226059136,0,,1,-6.897027518373487,0,,1,,,,,,,,,,,,,,,,,,1,,1,,,,,,1,,1,-6.948318959247465,0,,1,0.3981789537654627,0,,1,-2.8649411911670657,0,,1,-0.2070673000083519,0,,1,,1.0,,1.0,-1.0464730683106434,0,,1,,,,,,,,,,,,,,,,,-1.0581202519452093,0.0,,1.0,,1,,1,1.1192272180147933,0.0,,1.0,,,,,-2.1552446221958053,0,,1,,1,,1,-0.8453942019194955,0,,1,1.4345896377374168,0,,1,-0.4542899057050702,0,,1,-2.1715608079620807,0,,1,fc00e0ba3d4f7e3ea54df8e1ddd7e486259e44163bf4b92cc857633e686aac40,-0.4,2025-06-14T01:30:00+00:00,2025-07-09T01:30:00+00:00,publication,pseudo_real_time,,,,,,1.0,,1.0,,,,,,,,,,,,,,,,,,,,,,1.0,,1.0,,,,,,1.0,,1.0,1.2378158768146483,0.0,,1.0,-0.8557697812516127,0.0,,1.0,-0.80690692194369,0.0,,1.0,,,,,,1.0,,1.0,,,,,,,,,,,,,,,,,,1.0,,1.0,-3.1201574346599354,0.0,,1.0,-5.531078333705632,0.0,,1.0,,,,,,1.0,,1.0,4.446133811903011,0.0,,1.0,-0.448162784535468,0.0,,1.0,-2.1769436834329374,0.0,,1.0,,,,,,,,,,,,,,,,,,,,,,,,,,,,,,,,,,,,,,,,,,,,,4.641551688872803,0.0,,1.0,,,,,-6.848646416980064,0.0,,1.0,,1.0,,1.0,,1.0,,1.0,-1.5726685638090068,0.0,,1.0,,,,,-2.4698255180448685,0.0,,1.0,,,,,,,,,,,,,-1.9583111784941436,0.0,,1.0,,1.0,,1.0,,,,,-2.1622300188645123,0.0,,1.0,,,,,,,,,,1.0,,1.0,-2.1616654346654505,0.0,,1.0,,1.0,,1.0,,1.0,,1.0,,,,,,,,,,,,,,,,,,,,,,,,,,,,,,,,,,,,
2025-07,2025-07-14T09:30:00+08:00,early,-0.005340795307468751,0.2529014651187822,0.16389188776474375,2.772706763918591,50,0.0,1.0,,,,,0,1.0,-0.7444576114651668,0.0,,1.0,,,,,0.02399773308219282,0.0,,1.0,-1.361044188529762,0.0,,1.0,0.8253069345940087,0.0,,1.0,-2.034754982253162,0.0,,1.0,0.7450570289187901,0.0,,1.0,-2.0608414930182555,0.0,,1.0,2.4115396662933013,0.0,,1.0,,,,,,,,,,,,,,,,,0.3214432004669778,0.0,,1.0,0.7541786194055455,0,,1,0.3285627437154035,0,,1,,,,,0.33909062340558976,0,,1,2.0694541547036818,0.0,,1.0,,,,,,,,,,,,,2.3533757243247093,0.0,,1.0,-3.9170302552846015,0.0,,1.0,,,,,2.2860033667193633,0,,1,,,,,,,,,-2.6253362355686947,0.0,,1.0,,,,,0.2909071442651266,0,,1,0.5579447255998533,0,,1,,,,,,,,,,,,,,,,,1.9968134809588607,0,,1,,,,,4.381931334420023,0,,1,3.2375297138222345,0,,1,1.1417995316209617,0,,1,2.5019914195103783,0,,1,5.080545391693455,0,,1,0.24156674419056434,0.0,,1.0,-1.8650961945030256,0,,1,,,,,,,,,,,,,,,,,0.7807537122908992,0.0,,1.0,0.0,0,,1,-0.3839801219948644,0.0,,1.0,,,,,-0.703939721635041,0,,1,-1.5260226192901538,0,,1,1.7472811864278865,0,,1,1.1393460095929624,0,,1,-0.7271989892657758,0,,1,-1.5642339748102485,0,,1,69f3b46cb88a1ca80236b9a421be79d00fa1a5a3f3521ea6c6529bd531659afc,-0.2,2025-07-14T01:30:00+00:00,2025-08-09T01:30:00+00:00,publication,pseudo_real_time,,,,,,,,,,,,,,,,,,,,,,,,,,,,,-1.5378743170219544,0.0,,1.0,,,,,1.057879208764951,0.0,,1.0,3.3819016253992364,0.0,,1.0,3.936489238880468,0.0,,1.0,3.800003844104744,0.0,,1.0,,,,,0.35984201179852954,0.0,,1.0,,,,,,,,,,,,,,,,,-0.015928621284891496,0.0,,1.0,-7.895184704509467,0.0,,1.0,-4.283609242210825,0.0,,1.0,,,,,5.284312910341043,0.0,,1.0,-6.062319161445229,0.0,,1.0,-0.044755369053864,0.0,,1.0,-1.8702346289532747,0.0,,1.0,,,,,,,,,,,,,,,,,,,,,,,,,,,,,,,,,,,,,,,,,,,,,0.264236186047,0.0,,1.0,,,,,-7.147854631952799,0.0,,1.0,-1.6516959138604448,0.0,,1.0,-2.415508030443949,0.0,,1.0,0.03623002530049695,0.0,,1.0,,,,,0.7163117544212103,0.0,,1.0,,,,,,,,,,,,,-0.7838674433021732,0.0,,1.0,,,,,,,,,-0.20439339391202793,0.0,,1.0,,,,,,,,,-1.5112675065627184,0.0,,1.0,-0.85955511193462,0.0,,1.0,,,,,,,,,,,,,,,,,,,,,,,,,,,,,,,,,,,,,,,,,,,,
2025-08,2025-08-14T09:30:00+08:00,early,1.920326369051255,0.5358532018680546,1.2798075232656871,4.919863671742142,50,0.0,1.0,,,,,0,1.0,4.306801337986185,0.0,,1.0,,,,,0.5749533361161193,0.0,,1.0,1.4972011677079333,0.0,,1.0,0.13258552193686557,0.0,,1.0,9.442650960457263,0.0,,1.0,1.1517717710928443,0.0,,1.0,-0.8116145332251726,0.0,,1.0,-0.8452259350510761,0.0,,1.0,,,,,,,,,,,,,,,,,5.163546511373938,0.0,,1.0,0.1921827767021467,0,,1,-0.08541580153318933,0,,1,,,,,5.190508572294786,0,,1,6.582768620371485,0.0,,1.0,,,,,,,,,,,,,7.450553338834351,0.0,,1.0,-4.509961330629255,0.0,,1.0,,,,,0.09770332583534408,0,,1,,,,,,,,,5.234980861186038,0.0,,1.0,,,,,-0.5537273201275162,0,,1,-1.7008105335682804,0,,1,,,,,,,,,,,,,,,,,-0.6480471105763796,0,,1,,,,,-4.257831525779354,0,,1,0.3859244824096679,0,,1,-0.015731129701992655,0,,1,0.6857819213264413,0,,1,4.061070620120953,0,,1,-0.16928452320795626,0.0,,1.0,1.6315947036478846,0,,1,,,,,,,,,,,,,,,,,3.0611628172888294,0.0,,1.0,0.0,0,,1,-3.6308924004133165,0.0,,1.0,,,,,4.4200092077454896,0,,1,2.227051504675176,0,,1,-0.9583851872655196,0,,1,0.1308628189407302,0,,1,1.3735955857742443,0,,1,1.5438575504762873,0,,1,c419254baeb01346b0ed6d6738e423b8ef17dfdb5921108b4e63510ee64d22fe,0.0,2025-08-14T01:30:00+00:00,2025-09-10T01:30:00+00:00,publication,pseudo_real_time,,,,,,,,,,,,,,,,,,,,,,,,,,,,,1.1879599387019484,0.0,,1.0,,,,,-0.3304551692355265,0.0,,1.0,-1.5825087194668699,0.0,,1.0,-0.9649426948155284,0.0,,1.0,-0.9551482636547025,0.0,,1.0,,,,,-3.159863130232301,0.0,,1.0,,,,,,,,,,,,,,,,,3.7680190965083815,0.0,,1.0,0.09348594848071196,0.0,,1.0,25.894172901192054,0.0,,1.0,,,,,3.500909718678078,0.0,,1.0,1.04822574789521,0.0,,1.0,0.9845718936644132,0.0,,1.0,4.019436705811443,0.0,,1.0,,,,,,,,,,,,,,,,,,,,,,,,,,,,,,,,,,,,,,,,,,,,,-1.8591333032686241,0.0,,1.0,,,,,15.72352083065352,0.0,,1.0,1.024988852454172,0.0,,1.0,-0.3014044458387531,0.0,,1.0,-0.5701769473924442,0.0,,1.0,,,,,0.07790009039674527,0.0,,1.0,,,,,,,,,,,,,5.063867796875841,0.0,,1.0,,,,,,,,,6.59068352120671,0.0,,1.0,,,,,,,,,-1.2335543441014933,0.0,,1.0,4.762238902613211,0.0,,1.0,,,,,,,,,,,,,,,,,,,,,,,,,,,,,,,,,,,,,,,,,,,,
2025-09,2025-09-14T09:30:00+08:00,early,-0.2473997050319028,-0.3704244137398859,-0.4301082191377521,2.2773606972625604,50,0.0,1.0,,,,,0,1.0,-1.4892447861374665,0.0,,1.0,,,,,-0.34082451025887417,0.0,,1.0,1.5924838842870945,0.0,,1.0,-0.052442348635682534,0.0,,1.0,1.816725526572359,0.0,,1.0,-0.1730536078295614,0.0,,1.0,-2.057507063961711,0.0,,1.0,-1.6206569573332092,0.0,,1.0,,,,,,,,,,,,,,,,,2.606953666822019,0.0,,1.0,-0.31389527927166316,0,,1,-0.26606815219332686,0,,1,,,,,2.6504689222582503,0,,1,0.380900371980703,0.0,,1.0,,,,,,,,,,,,,-0.8964476229511708,0.0,,1.0,0.2860476581542578,0.0,,1.0,,,,,0.7246903033523519,0,,1,,,,,,,,,-4.035544201252344,0.0,,1.0,,,,,-5.267078353111355,0,,1,1.65132673418939,0,,1,,,,,,,,,,,,,,,,,-1.100925580679908,0,,1,,,,,-1.4350409692771087,0,,1,-1.7045008350828506,0,,1,0.7152258867656762,0,,1,-2.1615165193767214,0,,1,0.36036234580227067,0,,1,-0.103393252535977,0.0,,1.0,-1.9606519358862287,0,,1,,,,,,,,,,,,,,,,,-3.1187581852645154,0.0,,1.0,0.025093878518190504,0,,1,-2.1516702560380234,0.0,,1.0,,,,,-1.4211724459106534,0,,1,1.5741304349538483,0,,1,0.20827839443383994,0,,1,0.2934119541298517,0,,1,-1.426685629872098,0,,1,1.0502118211451066,0,,1,0018cee020a0637efe016a2fb804b3228b04f83a7d8a24e3e7596ae1000b337c,0.0,2025-09-14T01:30:00+00:00,2025-10-15T01:30:00+00:00,publication,pseudo_real_time,,,,,,,,,,,,,,,,,,,,,,,,,,,,,-0.04955421436113582,0.0,,1.0,,,,,-0.11192607714169915,0.0,,1.0,-1.4305411997745658,0.0,,1.0,-1.32208986620266,0.0,,1.0,-1.1940425397233436,0.0,,1.0,,,,,-2.4230246487870457,0.0,,1.0,,,,,,,,,,,,,,,,,1.7820352175518472,0.0,,1.0,-0.8259755288997364,0.0,,1.0,0.7871434625574091,0.0,,1.0,,,,,1.496813022872979,0.0,,1.0,3.8565187131830907,0.0,,1.0,-0.42695354820810855,0.0,,1.0,-0.5459165359594119,0.0,,1.0,,,,,,,,,,,,,,,,,,,,,,,,,,,,,,,,,,,,,,,,,,,,,1.8826676044253743,0.0,,1.0,,,,,8.01403541423904,0.0,,1.0,5.327859588690544,0.0,,1.0,-2.3324431533811083,0.0,,1.0,-1.8725939136302951,0.0,,1.0,,,,,0.25016953875732867,0.0,,1.0,,,,,,,,,,,,,-2.3462087465074193,0.0,,1.0,,,,,,,,,-1.4181300373764663,0.0,,1.0,,,,,,,,,-1.9664196320005274,0.0,,1.0,-2.7770874028627395,0.0,,1.0,,,,,,,,,,,,,,,,,,,,,,,,,,,,,,,,,,,,,,,,,,,,
2025-11,2025-11-14T09:30:00+08:00,early,,,,,0,1.0,1.0,,,,,0,1.0,,1.0,,1.0,,,,,,1.0,,1.0,,1.0,,1.0,,1.0,,1.0,,1.0,,1.0,,1.0,,1.0,,1.0,,1.0,,1.0,,1.0,,,,,,,,,,,,,,,,,,1.0,,1.0,,1,,1,,1,,1,,,,,,1,,1,,1.0,,1.0,,,,,,,,,,,,,,1.0,,1.0,,1.0,,1.0,,,,,,1,,1,,,,,,,,,,1.0,,1.0,,,,,,1,,1,,1,,1,,,,,,,,,,,,,,,,,,1,,1,,,,,,1,,1,,1,,1,,1,,1,,1,,1,,1,,1,,1.0,,1.0,,1,,1,,,,,,,,,,,,,,,,,,1.0,,1.0,,1,,1,,1.0,,1.0,,,,,,1,,1,,1,,1,,1,,1,,1,,1,,1,,1,,1,,1,77766b326f5a8b41f8e4fa727819eec588bcead33330face928f8a3a1647a44f,0.1,2025-11-14T01:30:00+00:00,2025-12-10T01:30:00+00:00,publication,pseudo_real_time,,,,,,,,,,,,,,,,,,,,,,,,,,,,,,1.0,,1.0,,,,,,1.0,,1.0,,1.0,,1.0,,1.0,,1.0,,1.0,,1.0,,,,,,1.0,,1.0,,,,,,,,,,,,,,,,,,1.0,,1.0,,1.0,,1.0,,1.0,,1.0,,,,,,1.0,,1.0,,1.0,,1.0,,1.0,,1.0,,1.0,,1.0,,,,,,,,,,,,,,,,,,,,,,,,,,,,,,,,,,,,,,,,,,,,,,1.0,,1.0,,,,,,1.0,,1.0,,1.0,,1.0,,1.0,,1.0,,1.0,,1.0,,,,,,1.0,,1.0,,,,,,,,,,,,,,1.0,,1.0,,,,,,,,,,1.0,,1.0,,,,,,,,,,1.0,,1.0,,1.0,,1.0,,,,,,,,,,,,,,,,,,,,,,,,,,,,,,,,,,,,,,,,,,,,
2025-12,2025-12-14T09:30:00+08:00,early,0.2783644966652322,0.012686894125013268,0.01170813514243214,3.650781878047954,50,0.0,1.0,,,,,0,1.0,0.5323468625303283,0.0,,1.0,,,,,0.8274508376322318,0.0,,1.0,0.9149190527948118,0.0,,1.0,0.7791689607482291,0.0,,1.0,-0.012032286602733906,0.0,,1.0,1.8762105922441255,0.0,,1.0,-2.7888358689994845,0.0,,1.0,-0.07357041314258835,0.0,,1.0,,,,,,,,,,,,,,,,,1.1411431700143522,0.0,,1.0,-0.03150887992031811,0,,1,0.7143958627903935,0,,1,,,,,1.1351970091152839,0,,1,0.36066348580117497,0.0,,1.0,,,,,,,,,,,,,-0.5052784799074205,0.0,,1.0,-0.8583304615552593,0.0,,1.0,,,,,0.9553847254129527,0,,1,,,,,,,,,-2.833662310563827,0.0,,1.0,,,,,-2.8468581937732287,0,,1,2.0031934614948876,0,,1,,,,,,,,,,,,,,,,,2.390147363551856,0,,1,,,,,-3.820251848365523,0,,1,0.3402479071155531,0,,1,2.3940604841769115,0,,1,0.2657776696397312,0,,1,21.124609628132486,0,,1,0.056882668170344645,0.0,,1.0,-0.7206451850293198,0,,1,,,,,,,,,,,,,,,,,-2.612962509324038,0.0,,1.0,-0.9950366773296615,0,,1,2.885420459842033,0.0,,1.0,,,,,0.3853310091159635,0,,1,0.5817133814106707,0,,1,-1.2656182729020649,0,,1,0.8327931524842276,0,,1,1.1554404792338417,0,,1,-1.6269199448321232,0,,1,665f823f1859c235949c81ad8bea5de1d01da81d26128919cf44e3e87a150a7c,0.2,2025-12-14T01:30:00+00:00,2026-01-09T01:30:00+00:00,publication,pseudo_real_time,,,,,,,,,,,,,,,,,,,,,,,,,,,,,3.5124760660306,0.0,,1.0,,,,,-0.018534175534910657,0.0,,1.0,0.34143642963759874,0.0,,1.0,-0.09655966051538586,0.0,,1.0,-0.10841218533913306,0.0,,1.0,,,,,-4.674514834879367,0.0,,1.0,,,,,,,,,,,,,,,,,0.5746666264822017,0.0,,1.0,-0.951898320497981,0.0,,1.0,-3.6736288765953966,0.0,,1.0,,,,,-1.6709927490185759,0.0,,1.0,-5.968774196053514,0.0,,1.0,-0.23195024447431903,0.0,,1.0,-0.5460342818024904,0.0,,1.0,,,,,,,,,,,,,,,,,,,,,,,,,,,,,,,,,,,,,,,,,,,,,-0.6779499137094865,0.0,,1.0,,,,,2.40957600585085,0.0,,1.0,3.1242727635058793,0.0,,1.0,-0.9541822316036458,0.0,,1.0,-2.327728759141023,0.0,,1.0,,,,,-2.1407891106782526,0.0,,1.0,,,,,,,,,,,,,1.6101483180452576,0.0,,1.0,,,,,,,,,-0.03947374020395099,0.0,,1.0,,,,,,,,,3.7871484597203526,0.0,,1.0,2.016060114501509,0.0,,1.0,,,,,,,,,,,,,,,,,,,,,,,,,,,,,,,,,,,,,,,,,,,,
2026-01,2026-01-14T09:30:00+08:00,early,-0.520655149132356,-0.03151577735035784,-0.35354541730637096,4.480716417491033,41,0.30508474576271183,1.0,,,,,0,1.0,-0.04942507792533402,0.0,,1.0,,,,,0.4691298334653735,0.38461538461538464,,1.0,-1.646137076416984,0.0,,1.0,4.841230031214654,0.0,,1.0,-6.820647220416926,0.42857142857142855,,1.0,-0.8092616319787056,0.4,,1.0,,1.0,,1.0,-3.7344550226514706,0.16666666666666666,,1.0,,,,,,,,,,,,,,,,,,1.0,,1.0,-1.5521975587536898,0,,1,-0.2790766745706406,0,,1,,,,,-10.87584051313603,0,,1,,1.0,,1.0,,,,,,,,,,,,,,1.0,,1.0,,1.0,,1.0,,,,,2.6960374157750957,0,,1,,,,,,,,,,1.0,,1.0,,,,,-10.838615522775005,0,,1,0.008251330738626644,0,,1,,,,,,,,,,,,,,,,,0.5053324389400602,0,,1,,,,,6.086420374704097,0,,1,0.5651889146698735,0,,1,9.35383934031405,0,,1,-3.4665461888613662,0,,1,3.332496732696092,0,,1,0.5807864516451465,0.0,,1.0,-0.10805579876921127,0,,1,,,,,,,,,,,,,,,,,,1.0,,1.0,-0.03151577735035784,0,,1,,1.0,,1.0,,,,,-0.3900954594290593,0,,1,1.1470040102662231,0,,1,1.2585536563265614,0,,1,5.643592566085489,0,,1,3.108934562132519,0,,1,8.012096041261639,0,,1,621d038ffa83bcea70c4143324164e1d6e3d7ae152279749bd77651e808ae317,0.4,2026-01-14T01:30:00+00:00,2026-02-11T01:30:00+00:00,publication,pseudo_real_time,,,,,,,,,,,,,,,,,,,,,,,,,,,,,2.228588364598966,0.0,,1.0,,,,,1.1440988350819916,0.1111111111111111,,1.0,-3.38046806860317,0.0,,1.0,,1.0,,1.0,-0.9948966637564403,0.0,,1.0,,,,,,1.0,,1.0,,,,,,,,,,,,,,,,,3.4711514420144503,0.0,,1.0,-5.879519946032455,0.0,,1.0,-2.7021691484523025,0.0,,1.0,,,,,-6.592222352604303,0.0,,1.0,-4.54638596004712,0.0,,1.0,-0.23614150511401277,0.0,,1.0,-0.8091540641464859,0.0,,1.0,,,,,,,,,,,,,,,,,,,,,,,,,,,,,,,,,,,,,,,,,,,,,1.6891295479868589,0.0,,1.0,,,,,-7.825059274046916,0.0,,1.0,-9.236295355723673,0.0,,1.0,0.8267326844582701,0.0,,1.0,-0.7627492790924997,0.0,,1.0,,,,,-4.428681530982645,0.0,,1.0,,,,,,,,,,,,,0.4145911450642527,0.0,,1.0,,,,,,,,,-0.24191985148370948,0.0,,1.0,,,,,,,,,1.9358490920692195,0.0,,1.0,0.9661692675570106,0.0,,1.0,,,,,,,,,,1.0,,1.0,,1.0,,1.0,,1.0,,1.0,,1.0,,1.0,,1.0,,1.0,,1.0,,1.0,,1.0,,1.0,,1.0,,1.0,,1.0,,1.0
2026-02,2026-02-14T09:30:00+08:00,early,0.6425797254548292,0.1777399321899235,0.43147554873864813,3.343709537807189,41,0.30508474576271183,1.0,,,,,0,1.0,-0.5598172245955563,0.0,,1.0,,,,,3.387104621466192,0.38461538461538464,,1.0,-1.9067997414959876,0.0,,1.0,0.31922826584144137,0.0,,1.0,0.582047477943357,0.42857142857142855,,1.0,0.3282062650656365,0.4,,1.0,,1.0,,1.0,0.5300050289115387,0.16666666666666666,,1.0,,,,,,,,,,,,,,,,,,1.0,,1.0,0.6022505891384975,0,,1,0.5422938372349422,0,,1,,,,,-0.6390642225998336,0,,1,,1.0,,1.0,,,,,,,,,,,,,,1.0,,1.0,,1.0,,1.0,,,,,0.3255469142655206,0,,1,,,,,,,,,,1.0,,1.0,,,,,5.300899034553906,0,,1,0.1777399321899235,0,,1,,,,,,,,,,,,,,,,,0.6874879507475916,0,,1,,,,,-1.1620658053637771,0,,1,-1.3063391706828706,0,,1,0.856069337883195,0,,1,-0.8540565178924505,0,,1,2.5230784208994725,0,,1,0.26305313289825466,0.0,,1.0,11.326630162002461,0,,1,,,,,,,,,,,,,,,,,,1.0,,1.0,0.06498839334252089,0,,1,,1.0,,1.0,,,,,-0.8739009958089695,0,,1,-0.2350675831775856,0,,1,-3.03570084837905,0,,1,0.8833494687142774,0,,1,2.573195105147343,0,,1,9.449433411897854,0,,1,64390868d13600a5d7e141487445a2292e96b43341a529bb8651eb7ba9879e23,0.4,2026-02-14T01:30:00+00:00,2026-03-09T01:30:00+00:00,publication,pseudo_real_time,,,,,,,,,,,,,,,,,,,,,,,,,,,,,0.8446267316643977,0.0,,1.0,,,,,0.1360609286357456,0.1111111111111111,,1.0,-2.0116820845362593,0.0,,1.0,,1.0,,1.0,0.03712478024257432,0.0,,1.0,,,,,,1.0,,1.0,,,,,,,,,,,,,,,,,2.6920861548035218,0.0,,1.0,2.229217667683058,0.0,,1.0,-0.1777093710369547,0.0,,1.0,,,,,-1.3286662534322815,0.0,,1.0,-8.205455682969685,0.0,,1.0,-0.19167511376097476,0.0,,1.0,-0.4244730420916256,0.0,,1.0,,,,,,,,,,,,,,,,,,,,,,,,,,,,,,,,,,,,,,,,,,,,,5.68375493745861,0.0,,1.0,,,,,0.915745837727158,0.0,,1.0,-4.692969153482844,0.0,,1.0,-3.719516225808641,0.0,,1.0,4.364584286136889,0.0,,1.0,,,,,3.261150606986807,0.0,,1.0,,,,,,,,,,,,,-0.6586338263434116,0.0,,1.0,,,,,,,,,-0.43308496346948333,0.0,,1.0,,,,,,,,,1.4686583169647933,0.0,,1.0,-0.7771354060988725,0.0,,1.0,,,,,,,,,,1.0,,1.0,,1.0,,1.0,,1.0,,1.0,,1.0,,1.0,,1.0,,1.0,,1.0,,1.0,,1.0,,1.0,,1.0,,1.0,,1.0,,1.0
2026-03,2026-03-14T09:30:00+08:00,early,,,,,0,1.0,1.0,,,,,0,1.0,,1.0,,1.0,,,,,,1.0,,1.0,,1.0,,1.0,,1.0,,1.0,,1.0,,1.0,,1.0,,1.0,,,,,,1.0,,1.0,,,,,,,,,,,,,,,,,,,,,,1,,1,,1,,1,,,,,,1,,1,,,,,,,,,,,,,,,,,,,,,,1.0,,1.0,,,,,,1,,1,,,,,,,,,,,,,,,,,,1,,1,,1,,1,,,,,,,,,,,,,,,,,,1,,1,,,,,,1,,1,,1,,1,,1,,1,,1,,1,,1,,1,,1.0,,1.0,,1,,1,,,,,,,,,,,,,,,,,,,,,,1,,1,,,,,,,,,,1,,1,,1,,1,,1,,1,,1,,1,,1,,1,,1,,1,ae677984e96b7aea7bcaa29a8f6e02a1cb33b491fade8625aafba9f441e0d21d,1.0,2026-03-14T01:30:00+00:00,2026-04-10T01:30:00+00:00,publication,pseudo_real_time,,,,,,,,,,,,,,,,,,,,,,,,,,,,,,1.0,,1.0,,,,,,1.0,,1.0,,1.0,,1.0,,,,,,1.0,,1.0,,,,,,,,,,,,,,,,,,,,,,,,,,1.0,,1.0,,1.0,,1.0,,1.0,,1.0,,,,,,1.0,,1.0,,1.0,,1.0,,1.0,,1.0,,1.0,,1.0,,,,,,,,,,,,,,,,,,,,,,,,,,,,,,,,,,,,,,,,,,,,,,1.0,,1.0,,,,,,1.0,,1.0,,1.0,,1.0,,1.0,,1.0,,1.0,,1.0,,,,,,1.0,,1.0,,,,,,,,,,,,,,1.0,,1.0,,,,,,,,,,1.0,,1.0,,,,,,,,,,1.0,,1.0,,1.0,,1.0,,,,,,,,,,1.0,,1.0,,1.0,,1.0,,1.0,,1.0,,1.0,,1.0,,1.0,,1.0,,1.0,,1.0,,1.0,,1.0,,1.0,,1.0,,1.0,,1.0
2026-04,2026-04-14T09:30:00+08:00,early,6.235337625708933,0.9441419085777294,4.798998788006999,11.761264726970403,50,0.0,1.0,,,,,0,1.0,0.8545195332097784,0.0,,1.0,,,,,18.500787285805572,0.0,,1.0,-1.1591356681778597,0.0,,1.0,-2.397949702181746,0.0,,1.0,3.0430635095334146,0.0,,1.0,4.771965031922977,0.0,,1.0,,,,,21.07712423329565,0.0,,1.0,,,,,,,,,,,,,,,,,,,,,0.8653239079683464,0,,1,0.9179964461182704,0,,1,,,,,2.545010906448806,0,,1,,,,,,,,,,,,,,,,,,,,,-0.8069380451678315,0.0,,1.0,,,,,0.7560129820605709,0,,1,,,,,,,,,,,,,,,,,19.1361980125941,0,,1,27.93598789224357,0,,1,,,,,,,,,,,,,,,,,0.9019903492681921,0,,1,,,,,-10.131490626325443,0,,1,26.11217421390581,0,,1,-4.7800982775151875,0,,1,16.5925897453915,0,,1,35.07577206140146,0,,1,0.5397723491269052,0.0,,1.0,14.515184570571499,0,,1,,,,,,,,,,,,,,,,,,,,,0.22268022275808813,0,,1,,,,,,,,,2.1021084730128576,0,,1,-1.7675173265818098,0,,1,-0.3584712150821649,0,,1,-1.0610511233413693,0,,1,-3.392178192788263,0,,1,25.515122475672218,0,,1,68b74f3ee96ebf87f70a5c4ae43763b6253462b7c91e554020146a20f43d973e,1.7,2026-04-14T01:30:00+00:00,2026-05-11T01:30:00+00:00,publication,pseudo_real_time,,,,,,,,,,,,,,,,,,,,,,,,,,,,,2.7187116327426533,0.0,,1.0,,,,,-0.8364933547399542,0.0,,1.0,21.716333967959866,0.0,,1.0,,,,,20.004511548289212,0.0,,1.0,,,,,,,,,,,,,,,,,,,,,,,,,-1.6482918771423347,0.0,,1.0,4.306475304117473,0.0,,1.0,4.933927395763788,0.0,,1.0,,,,,19.79502267540301,0.0,,1.0,10.359724572481353,0.0,,1.0,0.40868237085547693,0.0,,1.0,1.3206639978939578,0.0,,1.0,,,,,,,,,,,,,,,,,,,,,,,,,,,,,,,,,,,,,,,,,,,,,10.557838612854662,0.0,,1.0,,,,,0.38684043180359357,0.0,,1.0,0.45048940340466764,0.0,,1.0,-2.279604530795912,0.0,,1.0,17.849477039501405,0.0,,1.0,,,,,15.735513070719156,0.0,,1.0,,,,,,,,,,,,,0.39480659515333577,0.0,,1.0,,,,,,,,,0.9702873710371885,0.0,,1.0,,,,,,,,,0.8883875572069075,0.0,,1.0,-0.0694316086941467,0.0,,1.0,,,,,,,,,-5.896316805326653,0.0,,1.0,4.967145995713485,0.0,,1.0,43.66159678559708,0.0,,1.0,-17.91035203622866,0.0,,1.0,1.0283396654165304,0.0,,1.0,0.166791502947293,0.0,,1.0,1.858414579535951,0.0,,1.0,-0.8408892545568145,0.0,,1.0,-1.4007112852736365,0.0,,1.0
2026-05,2026-05-14T09:30:00+08:00,early,-0.1515961231353267,0.1645268127822028,0.3536167754505294,6.029430002027579,50,0.0,1.0,,,,,0,1.0,2.120967895418525,0.0,,1.0,,,,,-3.347551494084325,0.0,,1.0,1.8554070427657174,0.0,,1.0,1.6661467986273077,0.0,,1.0,2.8866394475949715,0.0,,1.0,1.8247638329218514,0.0,,1.0,,,,,-2.1135125671651447,0.0,,1.0,,,,,,,,,,,,,,,,,,,,,-0.3404586032516232,0,,1,-0.6499874492648415,0,,1,,,,,4.99664097590559,0,,1,,,,,,,,,,,,,,,,,,,,,-2.9893657450050397,0.0,,1.0,,,,,5.7730710344907035,0,,1,,,,,,,,,,,,,,,,,18.010846881959676,0,,1,-2.3921278637311154,0,,1,,,,,,,,,,,,,,,,,-0.14770508525474615,0,,1,,,,,6.031803948809824,0,,1,-0.7125045950240277,0,,1,3.8950415902039586,0,,1,-2.161499239047311,0,,1,4.867444275462782,0,,1,0.03428136037169378,0.0,,1.0,-0.4046454901571816,0,,1,,,,,,,,,,,,,,,,,,,,,-0.42303918649739525,0,,1,,,,,,,,,0.9889376007349127,0,,1,-4.336622422455329,0,,1,0.5000193755532856,0,,1,-0.10634445281809062,0,,1,2.375870681570077,0,,1,-6.516454571411981,0,,1,459bd13c348233e480b1f6b8a26ed9ced6564694dcb0edb32d727bf0d0625bc8,0.5,2026-05-14T01:30:00+00:00,2026-06-10T01:30:00+00:00,publication,pseudo_real_time,,,,,,,,,,,,,,,,,,,,,,,,,,,,,0.4150104985374335,0.0,,1.0,,,,,0.6782034379339295,0.0,,1.0,-10.168619103654628,0.0,,1.0,,,,,-13.856163511352346,0.0,,1.0,,,,,,,,,,,,,,,,,,,,,,,,,5.167240874741319,0.0,,1.0,0.5237315495216613,0.0,,1.0,1.806289099325191,0.0,,1.0,,,,,5.210412642799159,0.0,,1.0,-12.343413674096656,0.0,,1.0,-0.016078531996048813,0.0,,1.0,3.4845963341215884,0.0,,1.0,,,,,,,,,,,,,,,,,,,,,,,,,,,,,,,,,,,,,,,,,,,,,-4.343552787327576,0.0,,1.0,,,,,4.219896165627442,0.0,,1.0,0.7435594247580044,0.0,,1.0,-0.34457917120217124,0.0,,1.0,0.7287934214927079,0.0,,1.0,,,,,-2.492172490359287,0.0,,1.0,,,,,,,,,,,,,2.8859658679899964,0.0,,1.0,,,,,,,,,3.247567924575381,0.0,,1.0,,,,,,,,,0.4646044109805545,0.0,,1.0,2.1348181770853185,0.0,,1.0,,,,,,,,,-3.9733334925750246,0.0,,1.0,-1.740599701175095,0.0,,1.0,-22.70668022472115,0.0,,1.0,-6.1300010067578325,0.0,,1.0,-2.8006337259622023,0.0,,1.0,0.16248734445707805,0.0,,1.0,2.867225331184785,0.0,,1.0,8.840719402389892,0.0,,1.0,0.16656628110732755,0.0,,1.0
2026-06,2026-06-14T09:30:00+08:00,early,-0.9192474282403096,-0.8024833832366733,-0.8325267316635869,3.7417170946972966,50,0.0,1.0,,,,,0,1.0,-0.5643433711777949,0.0,,1.0,,,,,-3.0662095959380298,0.0,,1.0,0.9531479414088456,0.0,,1.0,0.3738482341580518,0.0,,1.0,6.487752564476984,0.0,,1.0,-2.4856976034337137,0.0,,1.0,,,,,-3.0187361195257223,0.0,,1.0,,,,,,,,,,,,,,,,,,,,,-0.5771154710282413,0,,1,-1.3160577223749919,0,,1,,,,,4.186455433642909,0,,1,,,,,,,,,,,,,,,,,,,,,-0.13140991664108115,0.0,,1.0,,,,,-0.8037493042966587,0,,1,,,,,,,,,,,,,,,,,1.1960718656801355,0,,1,-5.6146764163136496,0,,1,,,,,,,,,,,,,,,,,-0.8012174621766881,0,,1,,,,,-0.5141558506544286,0,,1,0.7990971987233889,0,,1,0.8977440736964014,0,,1,-7.221828103739787,0,,1,2.0983019820592888,0,,1,-0.11590032276310062,0.0,,1.0,-7.647202583955445,0,,1,,,,,,,,,,,,,,,,,,,,,-0.5843444077194985,0,,1,,,,,,,,,-0.5396444348947992,0,,1,-3.156844500397081,0,,1,-0.4360607394933099,0,,1,-0.8674596619791469,0,,1,1.9011692644082625,0,,1,-8.747331819663943,0,,1,73b871d6d0b887559bad54890f61db25c5bbcfa80ebacd18f0ead1ddc775b8b8,-0.3,2026-06-14T01:30:00+00:00,2026-07-09T01:30:00+00:00,publication,pseudo_real_time,,,,,,,,,,,,,,,,,,,,,,,,,,,,,-0.9036998608936354,0.0,,1.0,,,,,-0.9257612453492611,0.0,,1.0,-1.9529680211684584,0.0,,1.0,,,,,-1.500279922086851,0.0,,1.0,,,,,,,,,,,,,,,,,,,,,,,,,0.6082967667807144,0.0,,1.0,7.374963076087777,0.0,,1.0,8.53913409352316,0.0,,1.0,,,,,-11.352027788529387,0.0,,1.0,-1.0313372709106257,0.0,,1.0,0.1322930348225848,0.0,,1.0,0.2243151627821128,0.0,,1.0,,,,,,,,,,,,,,,,,,,,,,,,,,,,,,,,,,,,,,,,,,,,,-2.3261859253379833,0.0,,1.0,,,,,5.85045765465409,0.0,,1.0,4.67349367096732,0.0,,1.0,-2.4223466135214973,0.0,,1.0,2.828052353655376,0.0,,1.0,,,,,-3.550626721229895,0.0,,1.0,,,,,,,,,,,,,-1.3375614533565883,0.0,,1.0,,,,,,,,,-0.9113494066139001,0.0,,1.0,,,,,,,,,-1.1986604110801926,0.0,,1.0,-0.9541131298061797,0.0,,1.0,,,,,,,,,-1.0999442751521782,0.0,,1.0,-2.9256724828226783,0.0,,1.0,-8.31741577845869,0.0,,1.0,-1.565860710445234,0.0,,1.0,-1.6025621983702196,0.0,,1.0,-0.46246616673266117,0.0,,1.0,1.1926468956663538,0.0,,1.0,-4.907984507377117,0.0,,1.0,-0.1667468523317081,0.0,,1.0
2026-07,2026-07-14T09:30:00+08:00,early,-1.9397076100095831,-1.4567173071073254,-1.6579943057426376,5.538593024945808,50,0.0,1.0,,,,,0,1.0,-1.7324251728800686,0.0,,1.0,,,,,-5.388838775020199,0.0,,1.0,-0.16861966299146536,0.0,,1.0,-2.4688512693091207,0.0,,1.0,5.449553117148129,0.0,,1.0,-0.7026821789329927,0.0,,1.0,,,,,-6.987093794129646,0.0,,1.0,,,,,,,,,,,,,,,,,,,,,0.05640953836110349,0,,1,-1.4272771810445302,0,,1,,,,,-2.517349539303827,0,,1,,,,,,,,,,,,,,,,,,,,,-0.7903762049373508,0.0,,1.0,,,,,-0.14267743880423792,0,,1,,,,,,,,,,,,,,,,,-5.83005610023176,0,,1,-14.554796100383616,0,,1,,,,,,,,,,,,,,,,,-0.16959207767161738,0,,1,,,,,7.396061090715923,0,,1,-14.734098834673237,0,,1,-1.9939177135939627,0,,1,-5.176228932368679,0,,1,6.633354701476077,0,,1,-0.21229725284501472,0.0,,1.0,-8.125177190136727,0,,1,,,,,,,,,,,,,,,,,,,,,-0.2201312453383274,0,,1,,,,,,,,,-1.8086239756242426,0,,1,0.8893410219948772,0,,1,-1.9113372085184384,0,,1,-4.591113662696359,0,,1,-1.3790364924277223,0,,1,-13.283245074374317,0,,1,b06b16dc814083a7748ca49d032d46153604966ac8d765b6994b7fe3eae11e67,-0.7,2026-07-14T01:30:00+00:00,2026-08-09T01:30:00+00:00,publication,pseudo_real_time,,,,,,,,,,,,,,,,,,,,,,,,,,,,,0.5136548961737628,0.0,,1.0,,,,,0.5669766537201821,0.0,,1.0,-5.56045499358674,0.0,,1.0,,,,,-3.8139328440774363,0.0,,1.0,,,,,,,,,,,,,,,,,,,,,,,,,-3.643337062381755,0.0,,1.0,7.1929376895656345,0.0,,1.0,7.606737254420934,0.0,,1.0,,,,,-6.763277328101254,0.0,,1.0,0.8419704465857201,0.0,,1.0,-0.1529184051944813,0.0,,1.0,-1.4861574331701206,0.0,,1.0,,,,,,,,,,,,,,,,,,,,,,,,,,,,,,,,,,,,,,,,,,,,,-4.775601320176607,0.0,,1.0,,,,,9.515887063909776,0.0,,1.0,6.036532721427961,0.0,,1.0,-2.899054648020602,0.0,,1.0,-15.754147378139491,0.0,,1.0,,,,,-10.684298683291354,0.0,,1.0,,,,,,,,,,,,,-2.5629705491972716,0.0,,1.0,,,,,,,,,-1.964507558953362,0.0,,1.0,,,,,,,,,-0.8377563042667338,0.0,,1.0,-2.419373115140934,0.0,,1.0,,,,,,,,,-1.7948204528422165,0.0,,1.0,-0.16387028993548763,0.0,,1.0,4.20196188027108,0.0,,1.0,-3.4323214467175194,0.0,,1.0,-1.1617637068717788,0.0,,1.0,-1.067046571886536,0.0,,1.0,4.194862115492529,0.0,,1.0,-3.4340747828278473,0.0,,1.0,-0.6208942739632675,0.0,,1.0
2026-08,2026-08-14T09:30:00+08:00,early,0.49163286000527334,-0.38046194209887263,0.12322099596445506,3.375619347147463,50,0.0,1.0,,,,,0,1.0,-1.0222599891665667,0.0,,1.0,,,,,1.1508562762409262,0.0,,1.0,-0.1803865169925727,0.0,,1.0,1.2982642637498925,0.0,,1.0,0.7615378299735374,0.0,,1.0,-1.3166080207306923,0.0,,1.0,,,,,4.766625750262231,0.0,,1.0,,,,,,,,,,,,,,,,,,,,,0.8771303019025064,0,,1,-1.459613921980872,0,,1,,,,,1.0584427267215948,0,,1,,,,,,,,,,,,,,,,,,,,,-2.815706792803572,0.0,,1.0,,,,,1.10959615676332,0,,1,,,,,,,,,,,,,,,,,-4.464007282196709,0,,1,11.106323665127363,0,,1,,,,,,,,,,,,,,,,,-1.5250266682987226,0,,1,,,,,-1.9579092600897137,0,,1,-0.2582371442454606,0,,1,2.9068205485593555,0,,1,2.5162416738172992,0,,1,-3.6100570538665817,0,,1,-0.09641579240722031,0.0,,1.0,4.955454520795059,0,,1,,,,,,,,,,,,,,,,,,,,,-0.08109167536723727,0,,1,,,,,,,,,-0.5528750987762298,0,,1,4.67219561006293,0,,1,-1.9290114963851968,0,,1,1.9434449048432267,0,,1,2.2718030979821844,0,,1,2.4998185921072023,0,,1,173d049d4d4bff089b8b0447aa97e064f7157533960a90f191981eff588c6d92,0.4,2026-08-14T01:30:00+00:00,2026-09-09T01:30:00+00:00,publication,pseudo_real_time,,,,,,,,,,,,,,,,,,,,,,,,,,,,,0.3361927346352867,0.0,,1.0,,,,,0.005184982042356425,0.0,,1.0,7.40219266095668,0.0,,1.0,,,,,7.2723780336065245,0.0,,1.0,,,,,,,,,,,,,,,,,,,,,,,,,-1.4067712158494727,0.0,,1.0,7.448240428198035,0.0,,1.0,-1.307245756034681,0.0,,1.0,,,,,-2.654853512304569,0.0,,1.0,-0.7658216528935959,0.0,,1.0,-0.3302330107183637,0.0,,1.0,-0.4306908734793815,0.0,,1.0,,,,,,,,,,,,,,,,,,,,,,,,,,,,,,,,,,,,,,,,,,,,,4.43504191765168,0.0,,1.0,,,,,-4.153286078990799,0.0,,1.0,0.4644055641212802,0.0,,1.0,0.4012061007504744,0.0,,1.0,4.649131819737811,0.0,,1.0,,,,,5.872334141228908,0.0,,1.0,,,,,,,,,,,,,-1.949097130141189,0.0,,1.0,,,,,,,,,-1.3528811324684233,0.0,,1.0,,,,,,,,,-2.165559755208748,0.0,,1.0,-1.5177826894158126,0.0,,1.0,,,,,,,,,-2.3130061377806754,0.0,,1.0,-0.467652639796693,0.0,,1.0,-0.7962368451640386,0.0,,1.0,-3.366958735473855,0.0,,1.0,-0.7563528850645995,0.0,,1.0,-1.4921999122037828,0.0,,1.0,-0.22236441982196112,0.0,,1.0,-3.8543566169041013,0.0,,1.0,-1.8764551509534704,0.0,,1.0
