price__p_015e142afb02def6,price__p_04e3d3e3e4d2b7a3,price__p_08af219b10a3d0c1,price__p_090787ff4c600967,price__p_09cb91d919e19c81,price__p_0d20aebdd2e3e2a3,price__p_117934e693b030e1,price__p_12702c2817bc3058,price__p_12f4a9142c235af4,price__p_156a750ae05683cb,price__p_15e2359392c5042c,price__p_175e0c5b4d6a8cd9,price__p_1bee12058e36565f,price__p_212ef5b23dbb70ff,price__p_24e9e14ac94c789e,price__p_29096e2e6c801716,price__p_2929b2190c67fa05,price__p_29a1d693bcd6b5ed,price__p_2b23ed0aa617091c,price__p_2c2bb2eb34a2530d,price__p_2fee73ae064112ed,price__p_31deb9fdc417508e,price__p_35042b5fee5e1452,price__p_369ce465f81b2b58,price__p_3862181ef4e50416,price__p_394ed64ad5df6eab,price__p_398b35a78734a78e,price__p_3a66e1c2dcaacdbe,price__p_3abb1bdf911a74ba,price__p_3e3ac34e09abbe85,price__p_44d21f4415cc94bd,price__p_45d6c5200e1a3379,price__p_47f8c50648adab37,price__p_4868c8af6ebb3048,price__p_4b78aecc4ad2673a,price__p_4d6f925d5fd37636,price__p_4eede6d97e9bd55e,price__p_4f0bc051d584c367,price__p_4f513e6f6ede7f06,price__p_57bdf8a55dab3591,price__p_5a70d1f2747b0f36,price__p_5b64eea47fe39565,price__p_679f919cb34f89e9,price__p_6974d4181c18978d,price__p_6a02652f4a9989e9,price__p_6ad195c852babce1,price__p_6f9697bbf4df888a,price__p_7b4d7b259b6753fa,price__p_7bbab6017e1fb60b,price__p_7c74e703f996c871,price__p_8de345911b7fc78f,price__p_8f5fb68c57941b6a,price__p_8f97282e97de7a9b,price__p_9122726a99818701,price__p_9341bdcca7b05d66,price__p_93a4e9685d04bc1a,price__p_955389fa1088a0da,price__p_96d693419d7e59f7,price__p_9aad75ce6ea05520,price__p_9f31a8386b8c5eb8,price__p_a074fa497eab1cb8,price__p_a295b5ca26a7559a,price__p_aaab792e0f7a512c,price__p_ab0f14fdeeb99eb0,price__p_b2354c8beb79d919,price__p_b32a1dc815512f2e,price__p_b4735e773b7401fc,price__p_b6a4aa3d34b35ea7,price__p_b74ad31919d3dab3,price__p_b7a55e9cddc1fa47,price__p_b7b1618afb05d922,price__p_b873db1e2ba44465,price__p_ba1176602ebbd96b,price__p_bbc1e9ba2c1b1332,price__p_bc05e8925dafddbd,price__p_bcb6c83c3cb2c0f1,price__p_bd3edefacd71ccb9,price__p_bdad6ba047be1572,price__p_c0cb077ae13a5415,price__p_c2351f7e990ff8ee,price__p_c67eb545eaecb876,price__p_c790a9428097cdce,price__p_cf6f0c8ecd5041af,price__p_cf91019388b7c9a6,price__p_d03f48cac90afd53,price__p_d499d7f7dc39d7ab,price__p_d513ce0622315a93,price__p_d808a66ec902704a,price__p_d8a34b15fb6f311c,price__p_dde8e41d5f1a8881,price__p_e0705204f7294fed,price__p_e07286f243955a55,price__p_e9114732b34c7687,price__p_e9a1a6b2d848b28d,price__p_ec63403370289989,price__p_f05785b9d3415065,price__p_f155865bddb5ae03,price__p_f72f3a06539c1241,price__p_f7fd37c9c13f589b,price__p_fcdf70fd9a5b0838,target_month,target_mom_pct,feature_cutoff,actual_published_at,feature_hash
-1.8040597870870516,,-2.7045693429118156,-4.022971503590934,,,-0.247831601446709,,-0.06639959518874645,-4.817553600011383,,,-3.4365477818416124,,,-0.7129606759511052,-0.658807122794455,-4.912163290620368,,-4.255961441879589,-6.709934199924485,,,,-11.9959315078979,-2.48820286328271,,-4.812606556811922,-0.38083929924085297,,,,-2.301736988674852,,-5.997766870773047,,,,,0.0,20.574263769795174,,,,-1.1980237101399993,-0.6362844907538755,-0.4642205118570014,,-1.8494582636164416,,-5.630010261372892,,,,,-0.4062294008878793,-0.5034171005637589,-1.0322420996297192,,0.0,0.43668191663403894,,-4.878270151071054,,-12.751332029895956,,,-0.08062194505223953,,-0.6966320307433629,-5.473790435141821,-0.6098432753348099,-0.0572028873652142,,-2.8203642903231625,,,,,-1.2962727572097812,,-3.11309185951731,,,,,-3.5975102458277926,-0.18604656529195673,-0.19568587294823575,,-2.2267423466422813,,,-8.699709892430754,-0.16592350586693752,0.39264059131527745,0.21478042646168324,,-7.8267663946560875,-4.439326026074573,2014-02,-0.2,2014-02-14T01:30:00+00:00,2014-03-09T01:30:00+00:00,e10506e867d7b808fc03086c4e144aecf41f8f3c523438541f687272b6cc0f4e
-2.941388520629334,,-5.017941922532494,-5.056744759152116,,,1.0534883453756805,,-0.19502687800338747,-3.8305003511100937,,,-3.7457496407163977,,,-0.8340190915481698,-0.22630601061676353,-1.9514255948503294,,0.0,-6.478926482185381,,,,-7.468128880616909,0.9424400234970897,,-0.016507622114528976,-0.6157142577395193,,,,-8.079544188725594,,-3.1265710258050907,,,,,0.07160759346440891,19.885085874516516,,,,-5.196775639204471,-1.927681845280655,1.0083064024553585,,-7.567802455401849,,0.9304890951536441,,,,,0.6087269388650209,-0.023328561687910507,-11.539063739106107,,-3.3987262288136173,-5.831248205805529,,-8.432234278077102,,-10.092591858996053,,,-2.762784138452205,,-2.9272774501345933,-8.409854050279767,-1.8178715061204977,-0.05402528621717733,,-2.6293716734848926,,,,,1.1065562733389367,,-1.0596125631495381,,,,,1.4545711002378716,0.0,-0.5160771410269493,,-4.980165356693785,,,-9.171859051509202,-10.127500201985114,0.5715785891231249,0.5729547352351667,,-0.8607683640355644,0.32522653100989907,2014-03,-0.3,2014-03-14T01:30:00+00:00,2014-04-11T01:30:00+00:00,586bac59d83b63e46ad5321bb58b40b7fb8e5c086639538cb4b67d7ab6de7c1c
0.5294779626917396,,3.994644355211157,7.0267989799691275,,,-0.16415442061935248,,0.03548773492416102,-4.455079698537383,,,3.5176598149740084,,,-0.64719633211082,0.18623846765205793,2.384171547815761,,-11.506932978478723,-3.3945575863835153,,,,-3.9432017961251917,-1.6154167132737447,,-3.2236713175323866,-1.2084475386050038,,,,2.0170820070821205,,-0.9215430412164254,,,,,-1.8786679694647372,12.538880944041342,,,,2.1818453041647015,-0.5297144993665152,-2.1544393906169987,,-3.3708361835120666,,-0.08652220620776974,,,,,-0.14508159165423398,0.43386770564470345,0.9647206700881696,,1.1363758650315003,-2.383847400640728,,-4.963451029914226,,-5.455898425043449,,,-6.256238791610825,,-1.5073562920513894,-3.231181134161367,-0.0314371046158053,-1.07370007444802,,0.9551573890249897,,,,,1.0034058873079212,,2.4660135040474964,,,,,2.6465452437494696,0.0,-2.1849180783708047,,-2.483698416179749,,,-11.806476547934844,0.011484352582259286,-2.6439733773067107,0.5282348249184763,,2.868292049318857,-6.202409713131836,2014-04,-0.2,2014-04-14T01:30:00+00:00,2014-05-09T01:30:00+00:00,78e403c35694ebd834f7b31b5287b9fbae431d2ce233e9481bb1bbc74d6a75a5
-0.5628532683097274,,7.5103554268749955,-1.1061179617462407,,,0.6862772032942803,,3.207851042167411,-0.12273167140666166,,,3.032375107454787,,,-0.29660917846940493,0.37999502875417,1.9223456505667893,,-5.001042057466142,0.0,,,,0.6571765163234519,0.21652514085162716,,0.7356769559370475,2.4268741643246923,,,,-2.0521635720796803,,2.5315059627561856,,,,,-1.4695341602115572,-9.684982598991766,,,,2.3802406962473213,1.595940909582219,-0.12372534555109996,,6.633969684677283,,0.32054331207627895,,,,,-0.8715317046928822,0.002111820917672803,3.029729475531569,,-0.5949868806235055,-2.180652590811654,,-6.0949437150574255,,20.23684887392454,,,-1.9031220726684344,,2.7075817260754835,0.738010729762246,0.2911293299544189,-2.8225424428680443,,1.5502802487082603,,,,,0.14585681782561205,,2.533404689108719,,,,,-5.949597811397655,-1.5009662650565403,-0.3281381123177534,,4.258348657923768,,,0.7474112376296675,-3.5415376511722085,-2.7026631777736068,0.9564108246712398,,-6.389515441528269,-0.157841364650537,2014-05,-0.1,2014-05-14T01:30:00+00:00,2014-06-10T01:30:00+00:00,3c112a00063bee68499259533097776007c8ddd5fecba827525c1645e3d93ac5
-2.7130108836200817,,-0.050860135726114905,-2.894832195589278,,,0.048840049810884675,,1.9228089416898297,0.0,,,0.22968884328755865,,,-2.063356853061378,-1.1241551092847617,1.0615481649915195,,0.0,0.15082959118848813,,,,0.4357305368955626,-0.3800797636539987,,-0.2176563063989358,0.5964788054379306,,,,4.368869500233116,,1.4992625083063695,,,,,-1.3675617899293562,12.71551754852467,,,,1.226399629568318,0.37492712699613423,-2.1393348691876612,,4.5709806961850035,,-7.703257983953862,,,,,0.0,1.5132115877242829,2.6499342428436496,,-4.296742208752429,-1.873956848623344,,-2.2338691275200753,,0.7604599385219213,,,-0.35405103127264337,,-0.11970452453026478,0.48899852941917704,-0.9766234025696544,-4.276353366022629,,-2.9971075711089403,,,,,-0.5483566006834589,,-1.9827960105969662,,,,,-8.56554445784939,-2.10131895988163,-0.8534969526793671,,0.4945437579913335,,,-0.4625257904027174,-5.2765933340220545,0.07649354002604723,2.0800214373634196,,-1.939025512362079,-8.276694057904146,2014-06,-0.2,2014-06-16T01:30:00+00:00,2014-07-09T01:30:00+00:00,cd7d42430d45037dc4872cb41dc221ba47ae0e9d37ef5f001a6022889751841a
-2.625287003727113,,-0.2967005503214124,3.056421999023599,,,-1.872898510627697,,3.786828124575168,-1.0936782148583786,,,1.208703576158709,,,-1.6374291028461267,-1.76017345280201,1.0749904253059461,,0.0,-3.02184017943162,,,,-1.2248622076199085,0.7090701963371959,,1.2048260387393106,4.750513921768153,,,,7.090182012509406,,1.3804583736243559,,,,,-1.7142303865708135,10.959036319639601,,,,-4.804713908802907,-0.35690423787822817,0.2851906597867549,,3.5274721920908374,,1.5117789077313617,,,,,0.0,0.7852602793622363,3.226973853638735,,-3.01136876956768,-3.427532629394075,,3.9894592853822917,,0.0,,,1.8275269005905586,,-0.29906687204573906,-1.3752672552037148,-0.5512199928350109,-0.613261252657654,,-1.619468591998072,,,,,-3.527138553155687,,-4.627395264152539,,,,,-9.145582875005383,0.0,-1.7604868918910948,,4.23175773509944,,,-1.732335154021864,3.2737224570454506,0.1855267854349874,0.5239073672199505,,-5.182212460952488,-3.839738818093726,2014-07,-0.1,2014-07-14T01:30:00+00:00,2014-08-09T01:30:00+00:00,58f80f36d57c77cddf5c7230b0cf6a04dc9e51752a80b20df81f1cbd1ceac047
-0.40735866957783,,1.9056406384588105,-0.8157679008091221,,,-1.4613724905671444,,3.437202921905725,-6.182257213384456,,,-1.2978241470481096,,,-0.4396264321045124,-1.3147393750872003,-0.16378351993923662,,-10.821358464023271,-6.51859798846955,,,,-7.872315612952756,-2.1597731742309185,,-2.4388747556953283,5.657466578570372,,,,-3.3856107094441237,,4.220465792823927,,,,,-0.38240964384033943,4.242584410222966,,,,-1.6053120986179492,5.6802330346023115,0.8103772063107519,,-3.439213279389718,,-5.319509842084976,,,,,-1.4062999727310637,0.5741524410429756,13.041817339357836,,-4.406274400418505,-3.9832645859781115,,0.9868807402161365,,10.763066419236536,,,-1.4541999994346058,,-0.6753602671358587,-6.8833918457236924,-0.5135432637392363,-0.4426210819926001,,-0.3624370864941047,,,,,1.8494868776294922,,-2.2580500961614605,,,,,0.6659292089976997,-0.1932367751053813,-2.7856954502966333,,-2.4395341985419035,,,-1.1103439681545673,-4.2695080850157625,-0.4874699519961479,0.20456877232931073,,1.1521403924084774,-4.862884577326633,2014-08,-0.2,2014-08-14T01:30:00+00:00,2014-09-11T01:30:00+00:00,11e913013f6396b338c7c37d385cb3180a58b5b954cb6224001f77c3e2b53491
-4.759042131974351,,9.60233630871912,-7.603603701981844,,,-2.08330240900762,,2.1214268267262573,-1.2148972510422629,,,-2.778667231424738,,,-2.111991858565691,-2.7161084270551363,-0.0875176896812245,,0.0,-0.8115745304767576,,,,0.688103320102875,-2.066061593096525,,-2.27932379352018,0.08209720415157,,,,2.120399091449313,,5.603617425386571,,,,,-0.7692345623155614,-2.597548640326068,,,,-2.4062407752948567,-3.580959458126546,4.010503054120311,,-3.685157360852432,,3.2844897297036484,,,,,-1.0765861926559437,-1.0209326489246422,-3.18327947062295,,-1.577878493753088,-0.5319161477599933,,4.0844228847834465,,2.020270731751947,,,8.074917184986347,,0.23003543420361824,-0.6644542718668613,-3.0359052544332497,-0.7539070829649737,,-6.179683203244349,,,,,0.7956341698546554,,-0.6596100985413769,,,,,0.2524245039446857,0.19323677510538603,-1.792660044594327,,-0.2734460745964938,,,-0.1627339659375371,2.7323649005843387,-0.8074584865145382,0.3587468822856779,,2.2023701849696415,9.832028047174024,2014-09,-0.4,2014-09-15T01:30:00+00:00,2014-10-15T01:30:00+00:00,bfa58629a0ba1071714d603ace91808cc2350f3d1cfd1aee9abfea3a84a5c6e2
-5.380321414616711,,2.80530888636416,3.8012265957754434,,,-3.0352931912048877,,-8.656842454745671,0.26702285558788924,,,-5.234576043610625,,,-3.7263312407661626,-5.402477965507728,-4.274036052368263,,0.0,0.2920928427663698,,,,0.49534244459740395,-0.6247990325648738,,-1.0146303944662631,0.36478216894805127,,,,-11.855631017613694,,-6.6055895997321405,,,,,0.0,-7.285369835533189,,,,-0.7607632890501742,-3.0204251485065647,-0.1707279632454368,,-7.255255030606176,,4.080155486323197,,,,,0.0,-3.3838647174700545,1.4326892620761702,,1.1937551021053763,0.0,,5.131108149367758,,-5.480823649499503,,,-0.7196629032039803,,-0.0462955316547346,1.3245226750020722,-5.260402439904588,-13.143983322900436,,-4.700745465570321,,,,,-2.2015968536709014,,1.2461220437811815,,,,,-1.4991013804576951,0.9606221805439933,-3.2746095800693307,,-3.7069558138246688,,,0.0,2.1864568327034406,-0.48273970493482987,-0.5468406083887681,,-2.3908841963745617,1.3003875650515655,2014-10,-0.4,2014-10-14T01:30:00+00:00,2014-11-10T01:30:00+00:00,a2f13379c806fc971a72711261110737e514ee71990fa6c1066f56345dea39ed
4.846319875285277,,1.2562362298094478,-11.94269484030314,,,-6.107304859336649,,-5.429739253964032,4.050194330932995,,,-0.19977657217906958,,,-1.0533092306511753,-1.721011294921153,-3.1580148771704684,,0.0,5.077232537342314,,,,4.979805943365622,-4.24014829452811,,-3.8237169687014148,-0.3299555197165393,,,,-6.706423058054588,,-0.6206779440976333,,,,,0.38535693159899725,-7.827523575807508,,,,2.038402543206757,-1.6097974791606326,-0.7405997600411098,,-11.617907918359977,,-17.925537687671834,,,,,0.0,-4.448490391183311,-5.607373748270252,,1.5908703316594688,0.41513711224759703,,2.0902023401403627,,-2.8573372444055885,,,-3.9075078202545814,,-0.7436582916433104,5.55342886448051,-0.9909561797065589,-1.5451511097772377,,4.287241510460682,,,,,-4.603532901674254,,3.382128242965322,,,,,-7.053015080583787,-0.38314223115559487,-2.0302726257359485,,-0.7931837245129293,,,0.0,-6.497813107125751,-0.03774297081981211,-0.48597609150898347,,5.969574848859134,-6.584197280845048,2014-11,-0.5,2014-11-14T01:30:00+00:00,2014-12-10T01:30:00+00:00,1b8cd290cac6d6d2daaa7708b637f0e6cec6978e637047e9def93f21f4ccff1a
-3.6020039159603936,,5.001198684177847,-26.348076212763527,,,-5.731325081785352,,-0.2964407188226705,1.9562297433320046,,,-8.453321713663657,,,-1.0774169509078113,-1.1153390657423043,-8.349069570773043,,0.0,3.521422110120559,,,,2.2577320211152876,-5.517896387279075,,-3.6574646851615658,-1.0083720296830851,,,,-0.9431621475505225,,-2.63576083292224,,,,,-0.7722046093910278,6.889083587643485,,,,-7.185346137163978,-0.7621869328829937,0.0,,-17.14990406911997,,-19.420352376467097,,,,,0.0,-1.1976191046715536,-14.66537580083959,,-0.15795296286676783,0.9514819641338488,,-4.052555217095023,,0.0,,,-0.3544228799464383,,0.30111735543146567,2.65306644094991,0.14034642347062945,-5.8703141917064245,,-3.093741642874022,,,,,-3.423210081599932,,-0.1664170795121795,,,,,-8.591826835691453,-0.5774799493883909,-0.991840882803204,,-3.246198093066627,,,0.3252035386377316,2.231364318220728,-0.6013649019754448,-0.07097064479006113,,0.538095443980062,1.2191143200411003,2014-12,-0.6,2014-12-15T01:30:00+00:00,2015-01-09T01:30:00+00:00,4aac8c1a2c5280edfde9413c31b56cd8d96e492f491317499441f70a32e30059
-5.684641779625499,,-0.17118266921087377,-8.90027029592769,,,-14.238518531948488,,-1.3786552491222175,0.07172315172087765,,,-3.73971850115226,,,-2.9909627846124978,-2.8918245562306177,-8.690189211585105,,0.0,-0.03824091824805834,,,,-0.41671296182753503,-13.289713761036781,,-13.298928355487316,0.4769815336734398,,,,-14.85820012470601,,-4.935291038574617,,,,,-0.7782140442054963,1.0233176280029173,,,,-3.1786582272137363,-6.845237176691834,-0.5925187536482382,,-20.96773171595414,,-11.638542383137946,,,,,-0.7711219423490244,-2.132717048404738,-19.08631591169082,,-3.179969244516704,0.6188722747116462,,-5.781751940688679,,-4.445176257083392,,,1.9858808649603255,,-4.874365362315719,1.3005963679133985,-1.8108337791650972,-2.533456574802258,,-5.002006405941365,,,,,-0.7284904929195191,,-2.2230622459001004,,,,,-3.126398626607865,0.0,-0.49558386283040845,,-2.093089080006273,,,-0.8150004361924414,-27.947931218157972,-0.839021433050611,-0.07102104888850978,,4.9368446133644435,3.2697528578014534,2015-01,-1.1,2015-01-14T01:30:00+00:00,2015-02-10T01:30:00+00:00,a73d9d79372b72990f741909a22964e6a94c86b17c60a880f90c3928009d8f9b
-8.110616649497663,,-0.7752024422237411,2.472180013741869,,,-0.10902492782306865,,-0.017971874065536016,-2.3393940188238522,,,-3.3705221763975426,,,-6.28922553984073,-11.429236293917166,-10.291095009515496,,-3.636764417087483,-2.497951547571343,,,,-3.034592512831449,-7.637937262602593,,-12.944413145705875,-3.0145712463415477,,,,0.2893301461336162,,1.670000434584158,,,,,0.0,5.875969520692245,,,,-9.484712259294724,-0.014360823697691637,-0.03542679483607034,,-1.2616792660726839,,9.280571795630124,,,,,0.0,-2.129459571830284,-12.372826679508904,,-0.9180392344961251,0.9885102083944566,,-3.4172312925733923,,-9.531017980432477,,,0.44478367310328865,,-12.620317013033649,-4.028373309163197,-11.91227837405863,-1.2463298396736997,,-7.642489934612646,,,,,-4.736187792916727,,-1.4754084758271198,,,,,-7.577255847233025,0.0,-2.6151717391377716,,-10.185092923216365,,,-2.563959657196638,-3.3911116980408087,-0.18941534966224632,0.4960913531133883,,-13.962237303049719,-3.758998877973765,2015-02,-0.7,2015-02-15T01:30:00+00:00,2015-03-10T01:30:00+00:00,b6a3b4c76919e879291964907fec3af7fc1b160258ec807cd808dea2f898d4e3
-1.8765942594876561,,0.25004786106909815,17.233652900213134,,,13.49215969117514,,1.5117681836919443,-2.245200536050754,,,3.5879415670242887,,,-1.6657837337828083,-0.2607263468463386,5.451808818352279,,0.0,-2.7028672387919372,,,,-3.1061970399864913,20.049940279503492,,9.281877698474913,-2.2828412696319105,,,,1.6734887710352018,,-1.4255922216838144,,,,,0.0,-0.7763390617833926,,,,5.330603215901493,-1.9831191837803397,0.0,,10.181772703847635,,10.515618978654112,,,,,0.0,0.5831333292203195,6.63533955556232,,-1.7946643190836937,0.0,,3.4354877965036,,-4.255961441879589,,,2.467926748368815,,2.7921858403631745,-3.421086191631627,-1.6032776855069664,0.3230023174691747,,-3.8845211380752414,,,,,-0.25910160326521364,,-0.8679103256624101,,,,,0.49834801767689,0.0,-0.3971289777119313,,3.0124551858610706,,,-3.311824720996053,19.41222538105757,0.19392086892412483,1.3412337521442748,,-3.892481139050675,0.1858579566859451,2015-03,-0.1,2015-03-16T01:30:00+00:00,2015-04-10T01:30:00+00:00,b6d6907c9110b1f5e3d68f8d88ed5dfec753980a13b28be869e756d5df49d5f1
2.2107532354041695,,-0.35246453308900505,8.89462265089461,,,-3.632921454824467,,3.9401139607012117,-5.23901812167992,,,6.026551178774373,,,0.5881526063757965,-0.5235009453540519,3.8233178287858314,,-7.696104113612832,-7.463498138858079,,,,-8.355435824467271,-6.866631137134373,,-7.804729138813718,0.49549847700991795,,,,-0.14215965459199462,,3.2472527894191803,,,,,0.2769598618510587,-2.3108273049252985,,,,-3.94242269426909,2.4098714237945096,0.17307847920669694,,2.39306573965914,,-12.835897267830742,,,,,-0.990107098271157,-1.8603751122388066,0.2709469743267669,,-3.688942868571351,-2.2195215977424687,,-0.12786557591973996,,8.3381608939051,,,-0.7740437574976825,,10.284045791187953,-9.258124368243301,-2.547501035408202,-0.45355310177069685,,2.80789972304835,,,,,2.917659725363667,,-2.8290429839096434,,,,,-0.1988552543479382,-0.1932367751053813,-1.8026094569868085,,2.471150084113672,,,-9.05310602690861,3.7024084012500484,0.5503962134947926,2.291659213948154,,-4.156191316296569,-2.1498865906088667,2015-04,-0.3,2015-04-14T01:30:00+00:00,2015-05-09T01:30:00+00:00,e98314377172dec26c9bb33b3d7492dc2e2cbcb76b4065fdd01e6fe896ac18be
-2.5812612546587053,,-0.7024614936964466,17.61174091384279,,,6.02558257840628,,-0.23856192621127323,-2.949948029141675,,,3.560314355195452,,,-0.937658429934594,-1.956414699340656,7.797854215878852,,-10.981486600720656,-7.596305871324674,,,,-5.913310257066329,8.36288578725678,,6.892376363784295,6.167867122010829,,,,14.55707348135471,,-0.3698707401397418,,,,,0.5012541823544414,-5.2509945271964025,,,,-3.1257358708594243,8.984366696714197,-0.24790962032884695,,9.57548989303825,,2.7232110155000573,,,,,0.0,0.9190692640046183,20.43617040796139,,-3.1816045184659942,-5.304438368881713,,4.712633549964502,,11.332868530700328,,,2.508616131168045,,0.8385177198344907,-6.002384078304456,0.2816367227917259,-0.32447301648890053,,-2.8482434521629503,,,,,-2.905174205082741,,-2.7638122820128395,,,,,-4.017923171072033,0.0,-1.3290937763114958,,5.362717832272111,,,-4.455541397972203,7.664890625758347,4.3810623855372,0.0,,-2.4856085117326816,-0.62283938371269,2015-05,-0.1,2015-05-14T01:30:00+00:00,2015-06-09T01:30:00+00:00,9167b2203ddeeebc8475c48f894fe18534ea5281bfc1641f28b9a02c99797cb1
-6.49180371766789,,-2.167973763587557,-8.943194105156875,,,1.7145346008478957,,0.3618796124106932,-3.3129323759879328,,,-8.66169667298502,,,-2.2669754695914044,-5.21864559589182,-5.816989308010101,,0.0,-3.1401247917181907,,,,-3.0098031157279412,-0.10390825836519406,,-1.6352521025851656,-4.126470633856132,,,,-12.210269680089985,,-2.33293444512729,,,,,0.44474597140980965,0.7220247973487097,,,,-10.766227974722113,-1.412249354690719,-2.0620108027048345,,-14.237690905517361,,-8.521379477007228,,,,,0.0,-1.1303335669060777,-0.31910713522116674,,-5.957004158743645,0.0,,4.550499643684138,,5.556985115481079,,,6.8755789076384115,,-0.046496009930201594,-0.9049835519917927,-5.134930402122209,-0.003030348944914563,,-5.524708830201276,,,,,0.20924713337810355,,-6.198524468417071,,,,,-2.848216101590246,0.0,-1.8634169550244228,,-5.186507950130894,,,0.0,-3.1063054898464872,0.359597125439522,0.0,,-3.2441668773532184,1.498606979855192,2015-06,-0.4,2015-06-15T01:30:00+00:00,2015-07-09T01:30:00+00:00,cf315b1d2a4288c07c91c95a38a8a013e9175e2bbeef691e62bf975cce7ae834
-11.315618016222553,,-1.7624029455515655,-4.111959576947946,,,-3.1585473286479946,,-0.875008250488531,-0.4008021397538822,,,-0.982826520239765,,,-6.1481121279518725,-11.059411029822991,-5.634530028488251,,0.0,0.2895754919255578,,,,0.1665279319061249,-7.665128157671168,,-4.5753098412868605,-6.621153712111067,,,,0.0,,-4.335549746162019,,,,,-0.17379554437321118,15.31224021016924,,,,6.713729090485542,-3.366055266377895,-3.8247852665939046,,0.16952400636580714,,-3.194868784770968,,,,,0.0,-0.04567252876834706,-2.5247998579113498,,-4.96292503775554,0.0,,-2.121648870654454,,13.26864411589582,,,-2.6803567866169296,,-4.378257016714027,0.0,-9.860425705593508,-0.24044763646771508,,-8.477313938299051,,,,,2.467944483092132,,-3.961310083734277,,,,,-2.3945693596353808,-1.3632148790057756,-6.314710675690821,,-4.248984878942291,,,-0.5178950557058566,-1.3582402986411022,-1.878526151927926,0.0,,0.3052322263348113,-3.6830001632091935,2015-07,-0.7,2015-07-14T01:30:00+00:00,2015-08-09T01:30:00+00:00,0b41d21cbf2e03e4abb9c68f9f58bf80f588e13df6aa0569a2786e661ee3c9e8
8.0728642438099,,0.0,-8.501407855206084,,,-7.258302987030782,,-0.6796602065552207,-1.0838486719455707,,,-5.333511745729015,,,-2.7667310211872125,1.219836065234673,-6.088275799643595,,0.0,-1.212136053234485,,,,-0.7236324368516696,-10.277133504966873,,-8.356962927673113,-2.926760781488596,,,,-3.7041271680349097,,-3.0379626506491073,,,,,-0.5970629918497483,4.820210181787768,,,,-0.964327627180423,0.30424058455299524,-0.8519261714892158,,-7.542577615428589,,-3.353816678370516,,,,,0.0,0.014425157499640536,-15.533584346325874,,-0.7641299999958755,-0.45874206323658967,,0.5600354051906615,,9.04571101552514,,,-6.214898037775747,,-4.946792983697959,-0.6079046076382226,-1.1010588948604334,-0.03190083424947565,,5.8853761830915845,,,,,-3.1736499888002876,,-2.312241742085415,,,,,-4.393589379872476,-0.19627091678487057,-4.372263694417093,,-8.195924379598658,,,-5.980116917457344,-16.359119315406527,1.250530132206279,0.0,,-2.2363339956604946,,2015-08,-0.8,2015-08-14T01:30:00+00:00,2015-09-10T01:30:00+00:00,c431b7de1f4ec40b0cc34bd135a474c86d3cdcde86d52545d2121e74452f9538
-4.86242462166151,,2.8679729558199805,-12.751332029895956,,,-3.9196039234537356,,-4.231943187891181,-2.2691411202070766,,,0.3556793096660545,,,-1.0876730604753522,-2.9859895284771762,0.5269675454721424,,0.0,-1.4247354728832864,,,,-1.321543203560069,0.6308582430916617,,2.650810847355226,-0.0503404704376329,,,,2.0674294216143654,,-1.578056556533227,,,,,-1.2246088993193536,-5.43940720657988,,,,-2.001765699524268,1.638300459690853,-0.961321905527655,,-12.076043935396537,,0.5420980904184678,,,,,0.0,0.8283504391634416,0.9855825527722487,,-1.8745455173236159,-4.883502331173274,,15.431989888172762,,-2.185879381249896,,,-0.6744079752574839,,0.41700140619397374,-1.443292365275629,-3.119585576848093,-0.050150452405160174,,-2.3602397462899756,,,,,-6.030664390929967,,-2.3669744085904734,,,,4.488074527838985,0.4919241456273077,1.7527225708960321,-1.4293919400086663,,3.6089722074905364,,,-3.013140430936696,-4.739618608380986,1.827955199346936,-0.009090082726024547,,0.5498825102985124,,2015-09,-0.4,2015-09-14T01:30:00+00:00,2015-10-14T01:30:00+00:00,0c68efe27a14481fad2d5ce6abf8c3281d5d6cf3cbdd5ffa4eb89079369851f2
-2.944665275331777,,-1.4555745039859176,-3.087166366708703,,,0.6846057638954796,,-15.585572288517358,-1.6529301951210582,,,-2.3171287657471895,,,-1.978140822807139,-3.1070739400891156,-5.681181226488825,,-3.636764417087483,-2.302404006839872,,,,-0.9384399881640259,3.5010862665446743,,1.746486188350946,-4.93912256149982,,,,-5.4250589749748,,-1.9548167893804234,,,,,-0.1694147717221459,-11.159106540846235,,,,2.056599280982616,0.6144698600235884,-2.9363076716183696,,1.9204979836050047,,1.2222266100848649,,,,,0.0,-6.084667398172252,2.9973038969128485,,-0.7017572658646535,0.0,,-5.546211843130628,,-6.269859421556405,,,-5.325246787099834,,-2.638635240204895,-1.0259688937615243,-2.395826548745001,-1.0090949232221882,,-2.9373758647120307,,,,,0.3399955971512583,,-1.334788385826017,,,,-0.6165087038795601,2.682529184896721,0.0,-4.715702595476658,,-0.9566393067653358,,,-1.7634549560215214,2.0222318172782145,-0.8544251782996343,-0.10459538460114266,,-3.0365262767828165,,2015-10,-0.4,2015-10-14T01:30:00+00:00,2015-11-10T01:30:00+00:00,cb99180907d7dbd286e6eb60b082bff9dbbda3905c4cdf2576a9703dedb760c2
-0.7499171756967556,,-5.91395839935667,1.3675045776780828,,,-0.6979715315114249,,-1.2390288765107762,-6.566508139427682,,,-1.0748180790324282,,,-4.717031642191336,-2.2522588538877173,-6.83256733398091,,0.0,-5.195973893071111,,,,-5.460704949099685,-2.406953184807351,,0.6599659033184211,-2.814870850858223,,,,-1.101514844132834,,-10.983996827481155,,,,,0.16941477172215894,-2.8170876966696334,,,,-2.205931049194842,-2.126023261758505,0.8856371828303702,,-1.723462309546704,,1.3741009873628451,,,,,0.0,-8.997566129067422,-6.547257008364282,,1.1941669600263602,1.1706993925499272,,-1.5449094538303503,,-6.689423483003024,,,-2.883336594568305,,-5.338650139885889,-4.80092191863606,-5.378421574977943,-0.7506026933420497,,-1.834828413861301,,,,,0.4990258028193875,,1.2492085774363983,,,,3.936810301312589,-0.5546664866907071,-0.9699397088713505,-3.537074370531462,,-3.0435619719095017,,,-5.063025491241263,-7.095095090520233,-4.0986137307102855,-1.2729692478318553,,-0.621826112355558,,2015-11,-0.5,2015-11-16T01:30:00+00:00,2015-12-09T01:30:00+00:00,bb0e241c7747ed20dabdefe13253f0a80d1a3f45aebb0b55900d9d7304524ee0
-8.929650505194328,,3.7995294892378877,-2.045706769225571,,,-2.314962011823779,,5.554393113822035,-1.530398113939035,,,-1.5585375932674719,,,-5.175498074533978,-6.7636765786898465,-6.738676111391411,,-3.7740327982847086,-1.342302033214066,,,,-1.9500922662724993,-5.361986100665657,,-0.24406791776775758,-6.973160486502613,,,,-5.004510831991806,,-1.4333468521514843,,,,,-0.9095285730204491,-7.410797215372185,,,,-5.344680885250215,-1.157290529484278,2.284439588977109,,1.3837555240824706,,3.4181731502019694,,,,,-1.449689817904514,3.951815911812525,-6.77593765137882,,-3.3294794070832676,-1.915339675116386,,-12.17024299509926,,3.7041271680349075,,,-1.5064471419588796,,-4.191787851895041,-0.19691506198808723,-4.318315302044831,-0.2486147405538683,,-9.488257936457046,,,,,0.692145552382438,,-2.646001256306681,,,,-1.8850141848335358,-3.5808073214504543,0.1947420284395629,-3.8641378740675365,,-8.654755388031836,,,-6.707865450695525,-6.572745236740649,-0.8465376134748733,0.0,,-8.19978859069585,,2015-12,-0.6,2015-12-14T01:30:00+00:00,2016-01-09T01:30:00+00:00,5c96e1a0bdc1c93e0afc3117168e376414e2415afa2ed94f7ed747e7ad1d2e5a
4.349548059736069,,-0.8001507010777817,-1.80789216734473,,,-0.3178738033174447,,-0.9724057377274392,0.0,,,3.128439013075314,,,-0.6037580271376668,5.260416321851528,-1.0715513813125406,,-1.9418085857101628,0.0,,,,1.526747213078838,-1.8602992393071283,,-1.7154958243823917,1.400482500165192,,,,-2.095885102084352,,6.800577970493929,,,,,1.2121839147920386,-24.649091531120092,,,,0.7734172781414681,0.8975520963649533,-0.5747753982433128,,-1.858183886413296,,-11.486605552465518,,,,,-15.51126230265477,0.385664418442414,-2.8054544982454686,,-2.7022875269666797,0.15411063449618892,,-8.243405302731194,,4.154900291287248,,,-4.232722941605031,,3.181315937198328,-1.4560151331329663,8.886785735146175,-0.9223907158556607,,2.44014148896581,,,,,0.0,,-1.7291497110060994,,,,0.4597317819594243,-3.3001564054464985,-1.1741817876683287,-2.311348063564037,,2.751479715729051,,,-3.4614925156935956,0.5006115461013682,-0.6824279520336948,0.0,,3.3898569000549856,,2016-01,-0.5,2016-01-14T01:30:00+00:00,2016-02-18T01:30:00+00:00,74411ff065491ce6ed8507fd8e1d444c184a43de3f2d95f59d013074b118cbb3
12.47712563713799,,7.762195958791966,-1.910333057673144,,,0.2594626874379336,,-3.503413283844688,1.0789707421380026,,,4.954613307950933,,,5.410908767458586,6.910353380101341,11.577732169108556,,0.0,1.134617638730152,,6.072984620754584,,1.2651117553558726,0.24846056049376053,,0.645253376074524,0.7478422594859866,,,,-0.16877641137197408,,5.467648611348842,,,,,-0.13535726711320198,18.42364324769882,,,,-2.940967393651427,-2.3799665898267546,2.0132116590758664,,3.97128945561868,,-1.471415235897393,,,,,-0.4237294475515267,-2.301025170616193,9.05338933460936,,8.361414004113351,-1.7928052786773816,,6.712371206424797,,5.745705502478722,,,6.713930283762852,,3.853491406552742,0.19373593402261763,10.132000687867906,-2.5482280470391556,,11.669890445605786,,,,,0.2567598963445195,,,,,,-0.7665483408298948,-3.881929480307258,2.045061047129084,6.644720901042957,,-0.5675565232965376,,,5.466931423544019,5.999278753980757,-2.1272100079144396,0.12872677225236293,,-4.061104290599524,,2016-04,0.7,2016-04-14T01:30:00+00:00,2016-05-10T01:30:00+00:00,c6193d6818fa426fe7a960030585691f27f4961f6806dbf32f9a780d4ec68afb
12.599960501023725,,0.6566961592858714,-4.748009340587788,,,2.358214917401388,,0.29255119808222435,0.0,,,-7.5450815625829835,,,10.630799035204513,11.127251729225202,-8.804732445615032,,7.55075525081451,0.0,,4.364628528201691,,0.0,0.9929797543444498,,1.7839599953794731,4.376640763767253,,,,0.952208824719075,,5.6636680138583655,,,,,-1.7568283197814012,-4.809475384933492,,,,11.865899523384362,-2.8021522922657907,1.6175501768999523,,4.070781714799562,,2.756437161316751,,,,,0.21208915691376296,2.85870001328721,9.618584039876616,,1.5915455305899582,-0.6048161656907584,,7.442864771297558,,5.913052322682246,,,-0.8236148135936441,,-2.19211862002815,0.0,11.690071464361052,2.2644776381523433,,14.122091602172105,,,,,2.513456998631136,,,,,,0.596711343484147,0.0,0.0,14.40423191564664,,0.1374799838811376,,,37.09165166169617,2.660958460102202,1.762850934846556,0.0,,-3.4129740925482945,,2016-05,0.5,2016-05-16T01:30:00+00:00,2016-06-09T01:30:00+00:00,1692c1e6057948e762592a05dab190cd455caf25e3d48f0f6cee9d30a2c65a78
-23.831901442804952,,1.0744347108965093,-4.673425221068238,,,4.044368289823855,,0.5989851677129973,0.41377690775055187,,,-0.9904086552601419,,,-11.723488165149528,-16.26473511449489,0.7140322286030136,,11.980119981262058,0.4349501548093405,,0.7625965113066564,,0.4845384996477443,1.6586841336935894,,5.485277994509249,4.1137853676580125,,,,-3.4604303749948677,,-0.6823061034724504,,,,,-0.7908305352068277,-13.875879605967418,,,,15.301771436690279,-2.3869410807348554,-2.5567184544185837,,-4.205545847713376,,1.6756641540276493,,,,,-0.08478169223395593,8.007163968950062,-9.192054840574958,,4.589412970977995,-1.836711361112654,,-0.31309818585089594,,0.4773278752657812,,,-6.190473095135836,,-0.8471742358945582,3.4245578513167563,-14.035825755935791,2.119520442744075,,-20.11848342909574,,,,,1.341622840379173,,,,,,2.8074077373651143,0.9134960503551325,0.0,-11.419646817636792,,-2.3668959035424786,,,2.032545394074664,-2.7969721912526695,0.888582131757534,0.0,,-3.540787588251054,,2016-06,-0.2,2016-06-14T01:30:00+00:00,2016-07-10T01:30:00+00:00,1b36c52ec3098f449e46991d4c3890745c52f36a13333bee7c68a168e0416211
7.054960682542358,,0.37740157789323164,8.147427081941329,,,-1.1227321071897993,,4.787138232591193,3.765935960095591,,,4.8772889618515824,,,1.606971456579689,2.73075098495004,15.230258984650233,,-3.2789822822990837,3.95446920091318,,-3.830949309454716,,5.0724466158333374,-1.50436311541302,,-0.1938110303681033,5.653609836184981,,,,3.4055349761267726,,4.65580910960682,,,,,-2.0980772406251997,-11.54273219639244,,,,8.554188064098968,1.150449283639861,-5.419193287485205,,4.47728776390957,,-5.306183060074156,,,,,-2.795279823941185,3.2329744601579136,2.5948202642894227,,-6.469321214259782,0.0,,4.0794119567292375,,-11.599891386288212,,,-4.960066923911618,,6.484944169038152,3.582198410354942,0.35463705771451,4.359466721158537,,4.393363074128922,,,,,1.1237604818027185,,,,,,0.4370239897248218,-0.5997857375689138,0.0,-3.716147691511557,,4.583203493530846,,,-11.752336461712847,-3.0906072643287223,-0.7614933878926333,0.2019507284184347,,-0.08645222252367613,,2016-07,0.2,2016-07-14T01:30:00+00:00,2016-08-09T01:30:00+00:00,a0ad2148db44bcdac1319acacaa384952ace337fc8c391da3f3239ef58672ab9
5.280969882982105,,0.0,-4.430970534520936,,,-2.9925813561215726,,-5.375100472603445,7.066009687840082,,,0.49219535117821417,,,4.520805280623565,5.360356501921413,0.05541834971059381,,0.8298802814695064,6.254266571185671,,4.627448940484795,,7.169192845611648,-7.176533812448693,,-7.41842481601461,5.406465453022173,,,,2.996167524235429,,-2.6479593082178563,,,,,0.9401485512395122,-9.237332013101517,,,,-11.01704332775495,6.487137786526125,1.1648584040519616,,-1.7747694042829558,,-6.66987581507742,,,,,-1.8264343116278066,-2.491772796295015,3.065691994479187,,6.739643834945934,0.0,,1.8066290660617226,,-2.162246401316566,,,-5.00005427339179,,1.7711442380993678,7.6125270088732195,4.5857313171740275,14.21195062760903,,3.2681328655768933,,,,,-0.37721659214235237,,,,,,4.850019210660001,-0.09655496143544437,0.0,6.522989915972389,,0.535525734133048,,,11.08307070176115,-3.2123714963736063,-1.8156641610585924,0.05271541818825512,,4.506107790879667,,2016-08,0.2,2016-08-15T01:30:00+00:00,2016-09-09T01:30:00+00:00,5de121669a4cd40e8d6fd94ca139af5e6152e29183c595c0a7313a45a8034779
2.604846974328185,,-7.208948616438385,4.891626660838487,,,4.016439813098895,,0.615352746633954,11.146650914000702,,,1.5405339819207502,,,4.401056957126538,3.033172699722948,0.08306998220360279,,18.383556162516975,14.919870377741818,,5.367047458782497,,13.663976417545017,7.7165325032888115,,7.8185544237604985,5.691518533005783,,,,0.7278033654267564,,-0.6717016549765815,,,,,1.716113864245136,0.0,,,,1.4325739548612035,3.65349851683653,1.703047224763405,,5.033385770610465,,9.609712692361255,,,,,-3.0438602876830636,1.3253323883230723,1.9919153635576816,,4.265602319206893,0.0,,8.498347900493176,,0.5449604767564464,,,0.12951272653775192,,3.9563640614036695,9.789121820673744,5.789757566413205,-4.792826129603126,,3.3721584175208847,,,,,-3.4746384167496354,,,,,,16.275796661040427,4.484478162222961,0.0,8.343246504952157,,-2.653281159258515,,,29.032059640996216,2.338215406790847,0.07661367928854476,0.16255512708900124,,-0.9797042340636308,,2016-09,0.5,2016-09-14T01:30:00+00:00,2016-10-14T01:30:00+00:00,9642d91861cee4033de5b5ac69fcf410216c7b011e2bb3746462de1534ec4a71
-2.535742685079926,,-3.077165866675366,-2.2729470167777643,,,-0.5348072232472387,,-12.20095150384239,11.428914640212778,,,1.2751212141758768,,,-1.5164202652324221,-1.8891066823950264,-0.3773794123091791,,15.617232982835091,11.504342897624872,,4.986370157795618,,9.277340015235486,4.253201877629134,,8.873459690487865,0.6763909692338788,,,,0.6430890330290331,,6.408241942792797,,,,,1.2904417074377177,14.953173397096384,,,,3.0750349654106044,8.321296657990695,3.556321244019981,,-0.33402096758734945,,12.874642441884784,,,,,-2.081962778239007,-8.445522689128506,34.348427923589334,,4.551164608287688,5.0130978032491536,,12.4666019159946,,-12.73394223766015,,,1.1101393071173793,,15.394416897149746,11.741793377486173,-1.4636743074831393,6.77044076452507,,-1.1929952505773915,,,,,1.324708023396797,,,,,,-2.018503571435795,4.631560465648176,-0.20263431452324726,1.458880227034063,,2.8475982438476497,,,16.09737640121892,15.214183375180049,0.22948948683385928,0.04116920601581026,,-2.9192196984687753,,2016-10,0.7,2016-10-14T01:30:00+00:00,2016-11-09T01:30:00+00:00,6c95ac047af7d505b7732c51ffe4dbafaa543ea49d032df5a747dfb9fbcee1af
15.702007235483345,,-2.9866599606293494,10.694696002503976,,,4.655605753757935,,3.418616463491681,11.301807806735727,,,5.681771998780211,,,5.8322141480009355,14.485642685715142,9.43279531913965,,20.173964265105628,6.840272688440062,,8.399658432366378,,8.617769624105241,0.5878794211917923,,6.484544849027693,7.674426246630038,,,,2.218791497536214,,8.643412008713968,,,,,2.063519367269262,7.386984856645548,,,,-0.22962835138188192,6.711923542371172,3.807253921738503,,4.7347201035272635,,4.147743746109907,,,,,0.0,1.9215250894674036,-8.909730997362713,,8.68642381049714,4.740115059365563,,24.09907962435077,,1.8349138668196616,,,15.447062863817823,,11.526947264172549,11.413093163964126,13.876690548868655,0.07007299556801522,,12.725371855502415,,,,,0.9882581641759012,,,,,,0.6030850059464854,8.384597635133785,0.40485885260003324,11.604423347948583,,6.6346893797350885,,,21.564265417969512,11.685825887538115,1.7984393855252887,-0.027444254031620336,,5.951571949490743,,2016-11,1.5,2016-11-14T01:30:00+00:00,2016-12-09T01:30:00+00:00,491be5c77d99fae96512102bc93f28b0135c50d5a85d2b1fc7c720afa393c430
12.15999738407697,,3.3435224483318726,12.604784765316204,,,-3.507757536001932,,-1.1185395348399119,0.9584244024975183,,,-1.4492719172578676,,,10.273002819336327,12.190194403280442,1.2833220941391617,,11.778303565638346,-0.8298802814695065,,0.5247634213469773,,0.9132483563272472,6.251482198215045,,8.552036233993308,13.141382545205815,,,,6.836738855695981,,-6.359590257017487,,,,,33.69084297526347,31.290312652955627,,,,7.957181965849629,22.33938026246505,2.3142564245935917,,28.281679590163154,,5.26632196356414,,,,,0.28011222797117735,2.643212972391367,20.89976752610385,,3.7176640250916604,1.2476490236059945,,-1.221582166357435,,1.801850550267843,,,6.899287148695142,,-5.318803827621084,-0.7647451237191063,13.24775825915599,0.7547059335351062,,10.637569732408192,,,,,0.5445033242670673,,,,,,1.6283403306733928,15.306377072701984,0.0,7.7772687971100165,,15.353997459270607,,,12.188055468749292,11.68255107128388,7.810693427677612,-0.17169744268170076,,10.708363367936252,,2016-12,1.6,2016-12-14T01:30:00+00:00,2017-01-10T01:30:00+00:00,6a48cd41c555c1ec5218e45bc24b133298b190c02d34f298b5a80027d937edd4
-1.2004351815061756,,0.19660306214495074,-4.439403122601806,,,,,-9.283380974106304,-0.6482504565508012,,,1.1339717010193209,,,6.36511187789168,1.2505467823719723,1.6606153267434114,,0.0,-0.8368249670516579,,0.5870858349783827,,-0.7665669952278644,,,,-5.3889747918313695,,,,11.882213325662965,,-7.670460584747913,,,,,10.865308043593824,7.27593542824283,,,,-4.888771590779535,-14.622589333063718,1.4182454218959575,,-0.18423765137697445,,14.39416340331272,,,,,1.8476276167573211,3.6375761021050073,23.016728034934935,,0.9313945008883988,0.2763806966315708,,-2.9679597839645315,,6.899287148695142,,,12.617877244942195,,-16.684974628795466,-1.0152371464017962,2.3620284166707926,-0.6548718831313793,,1.5408155207917635,,,,,2.39715117503078,,,,,,2.5267956293061022,4.978173589172702,0.20181641562371952,2.1510867835472993,,-3.497410479432629,,,-9.457015756988717,5.961374001937733,7.964219501198282,0.04810500728440266,,-2.804353130491806,,2017-01,0.8,2017-01-16T01:30:00+00:00,2017-02-14T01:30:00+00:00,188c4587b1d2f1c831206ce363e1677fbb38436b42d8f0288f21de62f7662c0d
4.3338745163543475,,-0.13807947360130732,15.319610346036955,,-5.563147662943194,,,-1.8011266583352514,-2.477003893859636,,,1.014497172226905,,,2.659892571520883,0.5244056381706258,-1.211263963484212,,0.0,-0.4210532536343494,,-0.3583649380136404,,-1.532384827242012,,,,6.053009407124174,,,,-4.11287996156263,,5.704433739680705,,,,,-1.0643235893103788,0.0,,,,-3.0932666747164874,4.890128856051083,-0.07635628210480828,,16.981069902198204,,2.9457385141485246,,,,-0.06892168472362313,0.0,0.0,14.178893588873928,,0.0,0.27561893860543857,0.6583783840258849,-0.39370129593396425,,-6.8992871486951435,,,1.0434877292579494,,5.394510268961364,-1.5424470325631638,0.25875224192519125,0.07707628666629278,,4.722027795232035,,,,,3.815605432212821,,,,,,-1.1275252244004315,-1.4724324701324711,0.0,0.030975612909565256,,3.186586396804042,,,-9.661408648191285,-2.182491674555621,2.971863769303774,-0.04810500728440296,,-3.129511401027413,,2017-02,0.6,2017-02-14T01:30:00+00:00,2017-03-09T01:30:00+00:00,2c894710a32127b2fe17383e32bb2dcdb1b5cbab5381a828fdb5758a206b48f1
12.688511125770516,,-0.3366670677891723,-10.39910041881055,,-1.3176541216574484,,,1.6085059618024569,-0.4932781105655608,,,-4.825279534833533,,,11.66170321276601,5.9688021672085005,-5.354579054619232,,-6.16935690053399,0.42105325363434576,,-1.8778347871952787,,0.8152722570250662,,,,-2.285960364386108,,,,-4.3368339646180285,,1.1547242081879219,,,,,-3.885010943559027,-5.4067221270275825,,,,-2.297723313695233,-2.4684218803452502,0.40022160871768986,,-13.563324722039546,,-6.52693391420007,,,,-1.4366755089281102,1.701685985836901,1.6302936888074426,-15.962464025862896,,-0.8378637068525598,3.568717804500675,-1.5102676739854775,3.594490055857602,,-4.255961441879589,,,-3.7703837625419916,,-2.481996867816479,0.2690677396886343,0.724012748158045,1.1689113526259278,,11.095350992487967,,,,,8.120648179536033,,,,,,-0.5982333852321402,-4.7897830996921815,0.4024150299725327,7.178587035020245,,1.0849509113309281,,,-7.043000163006339,1.2199992830780475,1.0232890351337818,0.0,,8.885711510546153,,2017-03,0.3,2017-03-14T01:30:00+00:00,2017-04-12T01:30:00+00:00,2b16f0eb05ba89eb558a71a5220eae9cee58ed7b4468aef16f74aac7233ff6d2
-4.805139800648749,,-1.3999084056800433,-8.429606253617486,,-5.2906961321735695,,,5.70475994649947,7.983408927877324,,,-1.9397719412331125,,,-4.659489875083846,-5.43043910454174,-3.010547135019901,,0.0,1.6667052485211644,,9.176670804083335,,2.388663117436604,,,,1.5994803935372421,,,,-10.740566700388108,,1.8341125494538961,,,,,-33.121951811895386,-7.696104113612832,,,,-6.272141314233087,-6.1679118048943335,0.6823894854900695,,-12.451294787258242,,0.0,,,,-1.560182023045083,3.644798804268925,0.35870617413400707,-29.907973394997043,,9.760223360987384,1.8420604007054666,-3.080457782664187,1.812232071169957,,-1.8809331957496227,,,-5.503681445536057,,-4.06154438859639,3.293650024626494,-10.618498784471244,-0.03456199111471101,,-4.791430714940921,,,,,4.306580149592062,,,,,,-0.7412343666403477,-8.991700535160593,0.0,-0.6495696098627334,,-0.10608511048687472,,,12.65954385954679,-5.551123837281138,-3.052210358008229,0.0,,-1.0238593317105182,,2017-04,-0.4,2017-04-14T01:30:00+00:00,2017-05-10T01:30:00+00:00,07485a2e5127b8eaee152258765afddfc6f03dd38929367c072dbe9deb91fdfe
-2.03696833399821,,-5.896908986278607,-12.256500933885114,,-0.2927466039534417,,,1.977307472214836,-6.809909891884478,,,-4.927051943179368,,,-5.127511342120385,-7.9528179185815135,-3.9582086950940933,,-1.1796579576507304,-0.9466150566701964,,-0.8531435049468867,,-2.8696111403253224,,,,-2.9126971974886193,,,,-1.7936275526461585,,-0.5851501808971817,,,,,6.907873542128967,-8.338160893905101,,,,1.6519311991120358,-6.661644658169733,-0.02645052822011812,,-8.938888711571927,,-2.387661907304222,,,,2.6638333830588756,0.0,-1.1186174877567967,-12.20652892566408,,-0.794555825981917,0.04171011530753592,2.13219022713761,-0.6248067811270396,,-8.58612906063924,,,-1.35008061183997,,-7.936718366169004,-1.8775155326334094,-7.716331005164516,0.26083969321112166,,-3.106489814295625,,,,,0.0,,,,,,1.829841090596849,0.12736445023785492,0.0,-2.6848616441696564,,-3.7626565055151295,,,-0.8682456866521798,-14.082163698396382,-1.3302636944420094,0.0,,-4.172585607896457,,2017-05,-0.3,2017-05-15T01:30:00+00:00,2017-06-09T01:30:00+00:00,fd12710f2713b44b1cef91780634013b04e75bbfa703d42172c2d8d9e07fafc7
3.84949236360663,,-4.7165773797549635,7.454951840743948,,-2.0163189603514375,,,1.3271960201711774,-4.498219431168954,,,2.2394522779795465,,,3.8088344293409437,1.1738770480173628,0.803305155903205,,-8.351360022781753,-4.383001817872888,,-1.8218814870036695,,-5.998742453598202,,,,0.9776633079542695,,,,3.333831269029983,,-0.9489867137263787,,,,,8.570552846902098,-6.419075552808471,,,,-10.787968862718799,0.9715354495314373,-9.05183834044433,,1.8246904470065135,,-10.035448781235853,,,,-2.0547232060345206,0.0,0.3445994132391123,-20.970665839315615,,-3.3312276467114947,0.14584855174194702,-2.010417018331018,6.19694137145531,,-8.638461419882058,,,4.21121252008624,,3.7015146663860214,-6.308587115398648,3.2865610112711177,0.33209598191799256,,2.750632053364135,,,,,-0.7628691337843319,,,,,,0.6760296157063498,-6.903273068844523,0.0,-1.512993000829662,,-0.6643474270458699,,,-10.667037445742691,-0.6619874781056827,0.9346330031462565,0.04352457489079481,,-2.8019379332560312,,2017-06,-0.2,2017-06-14T01:30:00+00:00,2017-07-10T01:30:00+00:00,dc397076b7f121ca7594928f52cee3e9b107e38597ad75140b2ad09e889cb973
1.607376321111906,,-9.257870241996844,2.6981661298718027,,-3.6462029670049274,,,3.0633564967197255,0.3128346998497643,,,-0.9154223875246953,,,4.555391539022375,5.862272442961263,0.1889329486906273,,0.0,1.1095814255054448,,-3.8435729965190006,,4.259242873896828,,,,3.931753587518174,,,,9.905087535544597,,2.079309024308244,,,,,18.449517120574342,-6.710710843494459,,,,5.705949331014835,8.729783865453703,-1.0940436501160757,,-2.952320949376074,,-13.94829980227479,,,,-5.595458968533539,0.0,-1.6640368444267761,1.5024188070202928,,-2.9594148963434077,-1.1938564669115475,-5.675570629460528,-6.13428472780145,,5.1293294387550485,,,1.2536383212230595,,8.512541445268598,0.9290333645485149,10.074968952763133,-0.1362745059208205,,1.7721060899542407,,,,,-6.013499459101053,,,,,,-1.0223107104794977,-3.712285343405239,-0.2010050928024112,3.9184905191377193,,3.6273316809156535,,,1.4036213598007103,-0.8744308850141704,-0.7538301896197228,0.02747944783601453,,-1.1063656072018342,,2017-07,0.2,2017-07-14T01:30:00+00:00,2017-08-09T01:30:00+00:00,7bf468f13f4c0d59888bd5266626da86dc42160dd376fb2b2214a61223e3f2b1
6.672228735533187,,0.6852031212395762,-0.5686677084849668,,3.3854948400101046,,,-2.385182538147155,1.095408647985826,,,3.822977312444998,,,6.737081111508353,8.43312393168677,4.447859187569591,,4.640637281415583,0.8583743691391434,,6.1843019774044095,,1.8692133012152545,,,,2.286674272151301,,,,-3.1026958106815106,,6.489126486663727,,,,,1.4547091012245768,15.280406918399288,,,,0.07704970086641344,5.190801311675363,1.5027888776502167,,-1.6112823856580774,,17.404750222770364,,,,1.5641783608811108,0.0,-2.4137523670193786,-6.234710541802726,,2.1312528131712174,3.813824477667496,1.2660446521762636,1.5948971043601952,,1.4184634991956382,,,-6.287490405117105,,11.258125453075166,2.127739844728488,9.101008124194342,-0.03441638763879443,,9.072066913936991,,,,,-4.445974527170699,,,,,,0.38540727720901496,13.108674022870655,0.0,6.883470431585953,,6.922288834710745,,,10.057208002080541,2.2471849820395753,4.418905908867638,-0.0022896655944454323,,1.1828767050429194,,2017-08,0.9,2017-08-14T01:30:00+00:00,2017-09-09T01:30:00+00:00,076440c622cd6d609e5afd83a1a7baf959a04a2f9b9cd00b45928dbcdf6f25c2
4.012251192947665,,3.895981089039265,21.46477656780879,,,,,1.1818128490974973,-0.4073325387635786,,,7.144020337292985,,,7.024909669589929,7.669435267398547,11.165618989005017,,13.59151839797989,-0.8583743691391442,,,,0.0,,,,9.216319276006049,,,,6.599273729894318,,8.351093207243771,,,,,17.612802653473903,6.187540371808745,,,,-0.9214710156684066,5.084236385064166,2.7432381574490754,,6.383559672579634,,8.061631465126146,,,,,0.0,-0.020048115544295936,24.568078778261235,,1.1222799422538334,2.878759511648907,,0.6656109772026442,,2.090668481931364,,,1.0520187908801302,,7.036559458188744,0.5249355886143745,7.372487575501853,0.2311271176899397,,7.173676771811885,,,,,1.6333640426498854,,,,,,6.0340780443498625,11.570522640893866,0.0,9.21600796148778,,5.135941977074767,,,16.930802340517335,17.96177143630224,21.083163702025466,-0.02518978224157065,,-0.33836658835679295,,2017-09,1.0,2017-09-14T01:30:00+00:00,2017-10-16T01:30:00+00:00,e7a3b14d84de86d427b1022e5f8e776783e8cc2d96615809457ec308e01151fb
-3.0408404714614834,,-1.122039733316937,-16.203316921797104,,,,,-0.8384286748240611,0.4073325387635869,,,-4.695660842719023,,,-1.1612699133109032,0.14091068834248044,-4.9566240755728845,,6.453852113757116,0.8583743691391434,,,,1.8349138668196616,,,,4.323879251129663,,,,-2.101855171127756,,0.510683499964792,,,,,18.092358888813788,0.0,,,,4.969495744890877,10.268280792211431,0.020042088452707236,,-4.7722772869215575,,12.30986886798634,,,,,0.0,-5.142521180743711,-12.41309008165331,,2.437022260316139,5.678611301658647,,19.696177167728024,,-3.5091319811270063,,,9.193247450181863,,-11.959927305499567,1.558473101669833,-2.0541930536580817,-0.015264650914346974,,-2.7977397986804644,,,,,0.29828611779214237,,,,,,2.5811793490798096,7.399005424048037,0.0,1.1027433737472803,,-1.047378570485733,,,3.945509382204155,2.0501523445754546,1.4161414650410455,-0.3441317519347018,,27.484988311181358,,2017-10,0.7,2017-10-16T01:30:00+00:00,2017-11-09T01:30:00+00:00,c623ae8abc0bdb1b9888249c30131dc971b72acc8d4dbfb50976c7e4c20e3990
-0.6829681105208283,,6.296078462831739,0.7338248368504923,,9.336854440422371,,,-0.3977106778882559,-0.8163310639160981,,,1.0703326349554938,,,-0.6804527694334008,-0.9496018794058715,0.9105588483547722,,-6.553902147115474,-0.8583743691391442,,1.0458783517813792,,-2.1873861731142568,,,,-3.604250442884237,,,,3.6051408973953634,,-2.8897071064742894,,,,,-8.357265645314868,12.680884686369584,,,,0.8836581800497944,-14.7454103708971,2.2784541853201548,,5.853786476594449,,3.452606980330497,,,,3.664333408663071,1.3188140978633698,0.6128936892260958,-3.325790110453935,,3.242917754145449,4.6917695558567125,3.0908047434483823,17.33974362782881,,-0.7168489478612516,,,4.186979603968383,,-5.5685058456336165,-1.4328975305425418,-1.8874427348231753,-0.14958961136735574,,-1.421668721571585,,,,,-2.404484360554822,,,,,,1.6197808826657123,9.319377689794731,0.0,-0.16973450061736306,,3.320173959946169,,,-29.868506664947404,-0.9466319870871603,4.345052745277,0.0,,4.982258970366129,,2017-11,0.5,2017-11-14T01:30:00+00:00,2017-12-09T01:30:00+00:00,b532ab064469b1c4a1935dabdb3410540b4c826cd4b578d016939e14cbd59887
17.31170866657132,,-5.305478754936461,7.25850954676369,,5.286635427505773,,,0.9016109642756374,0.0,,,-0.4860178457838211,,,3.760161553859599,5.18557325657939,1.5071980155503384,,-4.155911408521237,-0.8658062743114542,,15.245057741164747,,-0.11156564935561276,,,,-3.517709515669285,,,,-3.144155209522617,,-10.99796895297906,,,,,-31.61969269486704,27.86562612444684,,,,1.1826616569952355,-0.5552147513853787,1.0212124919694843,,6.877463791776678,,2.4935355418094307,,,,3.3881002867123167,1.0392801610273283,1.7340197648586246,0.24523063150870913,,12.869870177610906,0.3989190166759244,3.5594126177217773,-25.101245032300202,,6.947237281476738,,,-1.4293751270162496,,-3.2247743311732595,-0.6505111597416487,5.560931611184359,-1.3842427570613665,,13.389876302689574,,,,,-5.05832879333229,,,,,,3.185720575802143,0.0,0.0,4.749591243537266,,-3.530781224810612,,,10.131548727918064,16.236344477383575,-3.733551596507284,0.0,,47.632460808244645,,2017-12,0.8,2017-12-14T01:30:00+00:00,2018-01-10T01:30:00+00:00,e0948401f2974f9aac0d8d8dc7a84d08773455778096a003f4b7faaddfca75d6
-13.597469462586734,,-6.138784026977692,-2.4424296467729234,,-9.252811907176012,,,5.755060329242061,0.8163310639160836,,,0.5203546905651809,,,-1.9453447008740472,-2.4876213274842836,2.0595236780048425,,2.5752496102414764,0.8658062743114531,,9.070541341757663,,2.171598034675671,,,,2.848446824011527,,,,2.310231225064505,,3.972408017825861,,,,,1.6533599043583025,-4.082199452025517,,,,-1.9252144885862816,3.0066243534922887,-0.10087686119667363,,-0.3506456040051817,,0.023013274576688836,,,,0.5782582906235397,0.6041038163541222,-0.8203661292683198,-2.614512003319535,,5.897292773676256,7.217868466401105,0.42573352644670914,-6.444190744733625,,1.993421490081711,,,14.47259853746706,,5.27354251788911,1.0471299867295436,-2.4331771425616706,-0.3001509475772731,,-11.718449623013589,,,,,2.4621618241673797,,,,,,0.38123463625175225,-5.307900914778523,0.0,-2.6372509399328643,,4.342279013413507,,,22.244091412939586,2.545463581777243,-3.4814844886546474,0.0,,-21.600684436925214,,2018-01,0.3,2018-01-15T01:30:00+00:00,2018-02-09T01:30:00+00:00,22444693a7630a639644935117e2ff68e3fa5a3108a72524c72dd8986aca0312
-3.092942387431974,,-1.9950034369880256,1.815398144382217,,-3.3259726595660912,,,1.6916327884001123,0.8097210232619303,,,-1.303953146693298,,,-2.2106485581124216,-2.982666803534728,-0.13217121736778992,,0.0,0.0,,-7.878087785311434,,-0.7858945685330527,,,,1.9134567361867916,,,,-1.4733051554944956,,-4.162731306384729,,,,,0.821655113003403,-5.304922108981554,,,,-1.9150855591881413,0.4825324664874476,-0.40452814899030093,,0.9727382638667025,,-10.77714002421368,,,,6.62395663140978,6.351664553836893,-0.5210651916595501,6.793701877132238,,-5.629294075081981,6.739475593424865,8.240416229278875,-22.263648252308688,,-12.604072089536494,,,-2.2356162929351964,,0.26200493824449284,0.0,-3.6306774340987227,0.13854363102722994,,-3.207437768424192,,,,,0.030578590856466553,,,,,,-0.5638309779980692,-10.496341449108721,0.0,-2.9653613610884753,,-4.097122543743778,,,-19.275123342371607,-13.321960172975519,-2.3212676800346324,0.23184557081401333,,16.579398674630024,,2018-02,-0.1,2018-02-14T01:30:00+00:00,2018-03-09T01:30:00+00:00,dac1ce13565f93a0a2188340c6ac13800c99838890d8df93eb03fae99d833d51
2.0806103275805916,,-0.38225609489583373,-0.5566025098287088,,-2.548317238929141,,,4.235825000059674,0.0,,,-2.9103983587653275,,,1.2168039664281731,3.1209421340495087,-4.2190209807902335,,0.0,-1.7391742711869222,,-1.4736039013877833,,-0.9216655104923952,,,,-3.4191954980022747,,,,1.6273045936242667,,-0.42937862940541194,,,,,7.825109704866802,-0.4109192750133135,,,,9.735828773044226,-3.0851072399754167,-0.07798183418538802,,-7.670274508465481,,-15.61252904056532,,,,0.6443981424059808,0.0,0.09921153756181908,0.39100055597888256,,-1.1993779803982496,1.8751978695800628,-0.6841474244334977,20.901891969487465,,-17.04519812385708,,,-0.02917578430617186,,-0.9822816351228093,-1.0471299867295365,1.0618985390104692,0.12219921282957452,,1.88860324030467,,,,,3.760335608613832,,,,,,0.10275146468592133,0.49505051598562044,0.0,1.6632596307919774,,-1.1984169846653296,,,4.210128145938337,-14.616968135942296,-1.7860527572864802,0.025218079203800904,,-48.087767248309675,,2018-03,-0.2,2018-03-14T01:30:00+00:00,2018-04-11T01:30:00+00:00,3a1209eb58557bc6e743aa4d954fcb3b38ea49c3365bced4070c23a947132449
-8.556015247028812,,-5.500725211633816,-3.6744559193901205,,2.543444063323299,,,-1.6804411220134456,-1.298719552681119,,,-0.3164592984801309,,,-2.2213975628521325,-1.636342191332179,-2.7153081907908208,,0.0,0.0,,-1.4956441771324482,,-1.4925650216675705,,,,-3.5293412685759065,,,,1.145902154634336,,-0.39266459856559244,,,,,1.5649331043219041,-6.062462181643485,,,,3.2109557162544933,-0.2383893059193254,-1.6399289989926988,,-7.201669325155463,,-0.11445702298717295,,,,-2.3948436006186062,0.0,-0.3607658414586341,-8.402869965626216,,1.9508055859269475,-1.269158655166784,-1.7079365391299315,3.190170785961416,,-9.265883048270483,,,-4.817028046893186,,-1.5626872426897618,-1.0582109330536973,-4.790056770660671,-0.0989116566886442,,-7.29184827402144,,,,,1.3080458135614732,,,,,,-0.1370254282340517,-1.0723963362975724,0.0,-1.4293769788517734,,-2.3565218577722886,,,-11.260351599879154,8.07209204240367,0.7894045153398329,-0.2570636500178238,,-17.156041025351893,,2018-04,-0.2,2018-04-16T01:30:00+00:00,2018-05-10T01:30:00+00:00,dd8cff18d472ffa3461b88b373c9861784ab113dafbc96db4228bab6becdde19
7.462497351978115,,0.1495047933117684,6.098642359321012,,4.362507974737158,,,-3.649999967795959,-0.32733253449691374,,,2.9143590038497607,,,-0.3758530711067214,4.70598489055176,4.10152988258064,,0.0,0.0,,5.065656274841509,,-2.28146777661714,,,,-3.2267025036092347,,,,3.9844495647265297,,3.470714126400007,,,,,5.634847195363587,-21.033530324915354,,,,-6.051375905033296,0.19843075572316798,-2.4606375230410427,,2.7959476992563768,,11.169911249474252,,,,2.6270475611476463,1.1787955752042172,1.3578400275695963,5.587299663076307,,4.877866469553285,-8.77973628336595,2.867716578217746,-4.948761848953948,,-3.9609138095045826,,,4.079953956031076,,6.925918594832098,0.0,4.715081953999895,-0.0064682216294055205,,8.11757017507993,,,,,0.0,,,,,,-6.131760025824623,-1.045276313079327,0.0,-0.35770044608688706,,0.6435884851972042,,,-1.6659119204105757,9.480240427054879,0.9158584364568446,-0.6062510644524709,,2.7243877499117852,,2018-05,0.4,2018-05-14T01:30:00+00:00,2018-06-09T01:30:00+00:00,05340b21c604a63ca0bc10aac6f392b0c1b13cfbfceaf49b7dd5cbceb22bdaae
-0.50706197047714,,-1.9906528797649974,18.90360639372628,,4.345533319580408,,,-0.06740815893937023,3.2260862218221478,,,-2.2981881503524892,,,-0.03254754294786459,1.2683537218624708,0.12847692394844437,,0.0,-0.4395611473038109,,0.7381923285397244,,4.695698308777108,,,,3.0754073643323214,,,,-3.541813623336284,,0.9957569091662134,,,,,6.3181596001996905,1.5308373957644932,,,,-6.369774225012563,8.95934313380774,-3.9118308513448747,,0.539050268899048,,-0.21237909092271445,,,,2.7099635593705655,0.19512201312617494,-3.2588318775436047,-0.9393698747083987,,0.7789271914311632,-3.336614116711826,1.8175438767688457,-5.47984098165456,,14.107859825990559,,,1.5942014419332158,,-0.16566192916928332,1.0582109330537008,2.4838377477583213,3.8474824001824457,,-0.15239795219459965,,,,,-1.5944984920237895,,,,,,-2.0063869046527083,7.8746578315246865,0.0,-0.5255475389306331,,3.0280803294678518,,,21.131480747949112,-3.278870162169103,-1.2181092077508202,0.0,,4.825419044752221,,2018-06,0.3,2018-06-14T01:30:00+00:00,2018-07-10T01:30:00+00:00,96e438b1e3a6191b604effeb97789d1753efdfd0fdbe91213682f5f1f64d4e37
-0.5318637574659234,,-1.4021366050541155,-18.262578557634374,,-0.37442891191286726,,,-0.8124621536494523,0.7905179507113247,,,-1.9103121917868413,,,-0.8077739211122533,-1.778407882262562,0.14006577895993597,,0.0,-0.4415018209116831,,-1.3823967367770156,,2.71509890659509,,,,-8.36678532136996,,,,1.066137380530547,,-4.853515213178906,,,,,-0.9339073792289468,19.721204019684546,,,,4.724083895148008,1.6036688860542034,2.742752788076546,,1.5306259257345878,,5.505323144808646,,,,-0.26915454735349226,0.24920190452785404,-1.0653385967548072,-1.1978790693712467,,-1.216867271343129,3.286501361967273,0.13514677766219982,-5.775314306983381,,5.1293294387550485,,,-0.9885238222715759,,-0.9051670453728535,1.0471299867295436,-1.3071479898745268,-0.19251562736420272,,-0.1173874389387898,,,,,0.587465849306021,,,,,,-0.9402603597727427,5.22889756885434,0.0,-0.7964337431338198,,-4.518064494061305,,,5.770060129633149,-1.3471869511249301,-1.3392064550261567,0.0,,4.415728404109843,,2018-07,0.1,2018-07-16T01:30:00+00:00,2018-08-09T01:30:00+00:00,befdc700b34741d20c801f85ac5429702ca0838c744294bb52d52f6eb7072d75
6.137952728586249,,-1.366868602509432,9.832624844413104,,5.352589219980324,,,0.24895339326233412,-4.016604172533476,,,4.3141419193567865,,,2.600613904304132,0.9813576861518357,6.269841712339782,,-1.9251931499321255,0.0,,-1.6289045787277177,,-7.410797215372185,,,,-3.772983172484745,,,,8.118909721621195,,3.2219218108774683,,,,,-3.9337483940699256,10.161168277630653,,,,1.2648594031550435,-13.279465153376947,0.2956031220130393,,9.989210568030872,,9.57789444289581,,,,4.824612248728216,,-1.467537276029756,12.321494087634706,,-2.5027619033714563,-0.23419214450810327,5.297454898325752,0.5006964563150317,,14.698219034864584,,,-5.479794837622891,,4.448844921063892,-4.669860300924008,1.3939912432699229,-0.08609771998574996,,4.654030334667988,,,,,1.0070326427177634,,,,,,,-2.0233914051588378,0.0,1.2438019040895607,,-1.3179309335742062,,,-8.972820860847506,3.6967609096584573,3.2901084541692533,,,10.354615858113144,,2018-08,0.4,2018-08-14T01:30:00+00:00,2018-09-10T01:30:00+00:00,f5b54378c921ec76c1672d78fb1cc7a18f452f409d5099ce6afb6f16638c675c
4.16798042616492,,6.970833823492094,-2.247304388434867,,7.450354438040256,,,1.6977575457417966,2.4292692569044485,,,-1.6172970670043882,,,3.364039314297398,1.830022736595616,-0.407254714610568,,1.5005640617870175,0.8810629682154906,,-1.6558778552055293,,0.0,,,,-0.6751142419613912,,,0.0,17.057815396920613,,1.7973884889434848,,,,,-2.599089589773546,15.423115948606789,,,,3.3732669047637205,5.1043575320202255,1.0602391043531116,,0.8674534245019655,,10.977670038808615,,,,6.427667738198373,,0.10944811884139646,6.294364658034095,,-0.42724964114241576,-1.1030297495090609,6.803369839918353,6.228153655129761,0.0,0.7168489478612496,,,4.7809868041521275,,-3.331967479697584,2.564519381140781,1.4333911387774867,-0.29003283198125573,,3.5594551598000614,,,,,0.7720236312863465,,,,,,,0.34398741623957385,0.0,3.2523344310321147,,-3.0459999137867615,,,21.879128262487352,5.55973778786736,4.3781074308594565,,,-3.1629798874576296,1.7981761735335906,2018-09,0.6,2018-09-14T01:30:00+00:00,2018-10-16T01:30:00+00:00,df34a2a322cafb25c68052b3eb034dbdbb63fef74d63d7211476760f590c8003
0.5153620043299911,,-0.20278925185563457,0.4786172313492664,,6.189775747684017,,,-1.5396547460099073,1.3192593785983078,,,2.8713054421287856,,,-1.0500357319110025,-2.349033477264473,11.177755115029065,,2.935221201252737,0.0,,1.40290529429165,,0.9569451016150673,,,,7.53996114338258,,,-0.6960584947623947,-9.016093449417069,,-1.7821198299185,,,,,-9.16376299002051,15.428862988955455,,,,11.288683682283539,-4.120861846433542,-0.10551949031026452,,-0.4604744639249976,,5.58812771320861,,,,4.476482860796219,,4.368932127072045,-4.890665925217879,,2.420515305726888,0.32965669514300777,4.386462780701578,3.272590345556898,0.7067986089445688,-1.4388737452099556,,,8.957853149200663,,-2.03031265827168,0.6996742208098045,-2.0980586174993094,-0.6953698483608398,,0.6126650595358213,,,,,0.01647831046119075,,,,,,,2.627051315598454,0.0,-0.29402811674127427,,5.231483873230344,,,-9.547942613470271,5.6348097433109405,-2.986971866713388,,,6.446823009523824,-1.6610959601557105,2018-10,0.4,2018-10-15T01:30:00+00:00,2018-11-09T01:30:00+00:00,25879777b0ff14832ad0abd30a4d718f3ae5963dd800f1de9872dfb850d37b74
2.8741250244389756,,2.669539444989729,-24.173638439082563,,-6.00716568754582,,,4.279702323200891,1.052393283133293,,,-2.7057933318525884,,,0.5141857273590233,-1.6565280905419921,-3.9328485154688217,,10.948423284168841,0.0,,9.351248866127007,,2.8170876966696223,,,,-6.1420591896578784,,,-0.29146042200807826,-14.01364541766577,,-3.85339118511929,,,,,-9.004754118694489,6.352932181269779,,,,-7.6750612747454845,1.535060636370601,1.8227313730481292,,-15.404181052947614,,-21.112475028524077,,,,-8.488755713420609,,5.316849844370282,-15.773642780534338,,5.9927838603944705,2.8123993542322365,-9.415932272590718,-2.659187164228353,1.4025796970353919,-1.4598799421152748,,,-2.0703360144469474,,-5.284692010310753,1.405666698973422,-3.6747574646465155,-0.7294430587546441,,1.9023441596473498,,,,,0.2934081297633226,,,,,,,1.450468620288185,0.0,-1.464455464379254,,-2.291632174545353,,,9.966117730295068,-10.15095407504188,-2.8246838833875585,,,1.9175595610536567,-0.6058164236273748,2018-11,-0.2,2018-11-14T01:30:00+00:00,2018-12-09T01:30:00+00:00,24614186cf9bf9637a28cb20547a8babaf99c872e1487dd65d749fd3812fd13f
-14.53838644856195,,1.83956775728145,-9.312704179702012,,-19.28190525925593,,,2.835255196563816,0.0,,,-1.7850402347833372,,,-7.702409678631304,-10.79693860065316,-9.039356014519841,,0.0,0.0,,2.999543213747647,,0.0,,,,-1.0093379098974258,,,0.08869387193326612,-7.358582053016901,,-1.6690993108829741,,,,,0.28520803521486,-4.467244005159255,,,,-8.300468205840241,0.6551328237738763,0.05979073421770567,,-9.124318459743517,,-9.189383512843227,,,,-15.018517990036084,,-2.026045933543656,-1.86310776642147,,5.135889468496198,0.2540256210922765,-15.745262321858561,-4.505027573124785,0.0,0.7326040092072881,,,-5.514096627505834,,2.9947196544017216,0.0,-8.56568022760328,-0.8589710152599406,,-13.84207868405081,,,,,-0.8179245687008455,,,,,,,-4.506062646928483,0.0,-10.127206450980559,,0.4472826402696155,,,-18.012511030500804,-25.493993773126782,-9.265061241566354,,,-5.173586916036636,-1.0896716014791188,2018-12,-1.0,2018-12-14T01:30:00+00:00,2019-01-10T01:30:00+00:00,4ba4fc9dc7cd0f08f3e7ed3645b5c058389cffc0ecc3e167b9b6b493574c1915
-4.148200712181274,,-1.2242209559953,-5.2038212155686905,,-7.318889774741636,,,-2.328406273696458,-2.94931793947705,,,-1.8271886386715892,,,-0.1415802024246981,-0.8243899333285837,-3.3081552128310654,,0.0,0.0,,-2.378637459054426,,-4.740223889458391,,,,-0.538698317833559,,,-1.2323954994127908,0.6941836597317217,,-2.2014598505047793,,,,,0.3984598179379125,-24.26213582737806,,,,-5.787913321404868,-3.363325003169823,-1.279318043599537,,-17.942195345755298,,0.5697884124123425,,,,-1.8901078020748256,,-2.6697001108582765,1.4669005754670492,,-1.570219637542895,-2.284678464809555,-3.1641149859902606,-6.6224136297748135,0.0,-8.369901887664694,,,-3.334461859496915,,-0.9918484704911955,-4.255961441879589,-0.6806561595521675,-0.8069978947025842,,-4.126234608142795,,,,,-11.068421680022606,,,,,,,-7.351667701809815,0.0,-0.34371811485468046,,-4.469410266360836,,,-7.743967973564675,-4.790830219192418,-5.331050913336892,,,21.95074960691554,0.7696713284120362,2019-01,-0.6,2019-01-14T01:30:00+00:00,2019-02-15T01:30:00+00:00,14ebb3498a7e1f4ae185702c6b423b9742ec1cf89a1fcb811635397f80789b94
2.513480572727899,,9.647785209913726,-3.9882917612273237,,0.5857269819957144,,,-1.1042987875736479,-0.4024150299725491,,,-1.563851700629119,,,1.2799832795485915,2.2713661008006207,-0.38302902033077824,,0.0,0.43196611445163796,,0.40860530350723906,,-0.4796172263493055,,,,4.3024839953771,,,-0.059135907862834694,3.1297187357769207,,0.9551519186199755,,,,,-9.817104435833112,2.6517192791588906,,,,0.7360831050602181,-3.574390142826664,-2.1578553970199903,,-10.44885519655113,,4.263870677164743,,,,-1.5268547392090348,,-0.2885622874111927,-6.0415263498911,,1.370490062389869,-1.978505738991462,-1.2883084916290044,-17.729642059128157,-0.5536533878617448,14.20825136137728,,,8.987793751298954,,3.5811013972329246,-1.069528911674792,2.1880522338617823,0.2356699652277472,,2.3060694297238733,,,,,-1.1102875945149682,,,,,,,-0.6100679826269054,0.0,-0.4140792666031388,,-1.251271660369209,,,-12.929209373913746,-3.3432652165771057,-3.6886431166604514,,,-9.258737897609732,-3.782017206916457,2019-04,0.3,2019-04-15T01:30:00+00:00,2019-05-09T01:30:00+00:00,7c3e6fd4c506cdc8ed0f0c43225a7ef837ae845266f1d0ceb57af1fcaecd5ec3
2.6348420981625438,,9.372555050675494,2.3314407047709413,,2.678226726881538,,,4.448871015822218,-0.8097210232619362,,,-4.593016289202229,,,-0.10860071421744265,1.7014992687785866,-2.1893142297020924,,0.0,0.0,,1.688707034520654,,-0.9661910911736858,,,,-6.452808441282409,,,-0.23689395865164625,-8.474122845509067,,2.3033386257130335,,,,,-0.7303554922914712,-11.740201069463907,,,,3.5480096406922734,-3.157006736117391,0.17402117505357073,,1.7527489300659997,,4.76725780389007,,,,-0.6121887000895837,,6.203499224512464,0.25767485046673383,,0.1097092814373149,-2.055021850081722,-0.5494030000073623,0.9794664074513185,0.16680571006970132,-1.3333530869465144,,,-3.508311155129805,,6.209151070297576,-0.6472514505617479,1.944900377929597,0.4222990089965778,,2.9373720853757415,,,,,-3.4802219470238294,,,,,,,-1.4174436165841233,0.0,-0.5127952337735308,,-2.705985939383228,,,6.381759255036651,-8.875598126487457,-4.959974672666812,,,-8.905957129386573,-2.500461003811703,2019-05,0.2,2019-05-14T01:30:00+00:00,2019-06-12T01:30:00+00:00,ab0c0994ab45ea78f9e5adcee9d53612e35974faba602b0d0d6c6ebb1d07153a
-3.8949400430995125,,-2.6076059124694315,3.6309556585029927,,-2.6750869108744935,,,3.6812667367797314,-0.4889985294191792,,,-4.8318696532551195,,,-1.8524566865469814,-3.1546665523429276,-4.043588178127824,,0.4434597067865775,0.0,,-0.7100621549576316,,-0.5842275624228402,,,,-3.1676579408727403,,,-2.7263925450137383,-10.133737721657623,,0.0822251882216888,,,,,-3.379336861015949,-13.434805253107854,,,,14.0201955814247,-1.7134399535299654,-4.383475264147801,,1.1781841299091362,,-20.024480107751934,,,,-7.6960469911728735,,4.148656322021471,3.513721825027221,,-4.507995027003923,0.4562884353861143,-7.197760068673109,-6.747591168534534,0.0,7.122750928836778,,,-5.027901296900704,,-5.5994933088104855,-1.0881500187534172,-3.616012245109565,-8.745920203204742,,-2.355891279294702,,,,,-0.41280058619069576,,,,,,,-0.6954925008677803,-0.6054508908706261,-1.9304330967998322,,-3.59968850803981,,,9.635208205806855,-0.30044627282876685,-8.82420598222227,,,0.5389534624215813,2.4743257537446097,2019-06,-0.3,2019-06-14T01:30:00+00:00,2019-07-10T01:30:00+00:00,8bc681650225b00bb7c4a084f104a367c1f177c9faf7c63066146aab239ad519
1.5781965277366965,,-2.199864866121597,3.6561617290762203,,,,,-0.2405481471577204,-1.1503824481484577,,,2.143653870700607,,,0.9865271686365334,-0.46423379427527767,4.838386017119695,,1.7544309650909524,0.0,,-4.022834653606519,,1.3193827402780944,,,,-5.762716525703975,,,-6.284197510858503,12.119558075503816,,-2.696626400774451,,,,,0.126781966770549,-20.212418409013434,,,,-6.851337808733309,-0.8080965337085584,-2.3146446929091486,,14.132689543393687,,-2.53263864839962,,,,,,0.9729485017457086,-10.534147692352077,,-2.1566053207096596,0.6805525109532357,,-1.6500337852209137,-0.3883500026397633,7.232066157962608,,,-1.0923019030056114,,2.2041407963558055,1.4770033927226534,0.5543098505602568,0.182265802304702,,1.4508864540543125,,,,,0.0,,,,,,,-1.6807118316381289,0.8064559836730495,-1.6426515364664274,,0.38338787730112744,,,-13.455643606799203,-3.7736767065341055,-8.401052967216028,,,-5.951106977441696,1.8452499867563552,2019-07,-0.2,2019-07-15T01:30:00+00:00,2019-08-09T01:30:00+00:00,d7aa770365c9501e1d9913835984c404724a269041d2bbdf909604f1f6b66166
-4.494091750109957,,-0.5253032566248634,-5.93537627183697,,,,,0.9691109035608528,0.0,,,-5.543268998775016,6.603106940388299,,-0.6765909499395144,-1.6862790417840328,-0.7656629217082648,,-0.829517963285307,-0.8658062743114542,,-1.194044037191775,,-1.7107726723917276,,,,-2.5930775332531932,,,-0.5204279245602529,-13.228570772958598,,1.0168032506128335,2.8210339286233057,,,,-3.988567577953259,-10.536051565782628,,,,1.6232525630969525,2.517876433069325,0.026555722914300472,,-3.7375106372277096,,-3.5153618266850177,,,,,,-0.9490467854887052,3.2479630547362333,,-1.3689144613750084,-1.7331456351639976,,1.722418877053224,-0.7812539736793624,19.96130539040156,,,-3.8330331242059263,,-2.3084751526873664,-1.915600587048093,-2.2717326134502316,-3.94629840702894,,-3.4057085905536515,,,,,0.0,,,,6.0526204415033975,,,9.890924239700592,0.0,1.0515209701467,,-0.31647470866774513,,,3.614685152438012,-7.442603949051827,-4.225518415767404,,,-2.9055832776662895,1.23686626223805,2019-08,-0.1,2019-08-14T01:30:00+00:00,2019-09-10T01:30:00+00:00,5f8226d50f3f99acbf0f6f5ff8a649699ebdf73f059d3a55e2873bc1c255468d
-3.229294631232353,,6.599024075894697,6.851768053621904,,,,,-0.3584140137902563,0.0,,,-3.7335466928897754,3.9094250238362487,,-2.2292410413008974,-2.747700469808338,-0.8528980297490283,,-6.802259018577095,0.0,,-0.6779686985378915,,0.0,,,,-1.088028149970334,,,0.46850684343537863,-0.5444821165751679,,3.7186419087096225,0.09203456398829894,,,,-0.13808554290733083,-34.09265869705932,,,,5.98268146157984,5.125364228895803,1.3450752242455364,,10.830397555033926,,4.706376601841718,,,,,,0.13613080210288683,4.274351476912811,,1.603051772739011,-2.5346120154278027,,2.6843416444726103,0.0,30.18667074437373,,,-2.0401281342006268,,-0.8265871174873565,0.0,-2.1230902309551056,-8.309323019037688,,-2.4759801087725983,,,,,-0.1138997965457787,,,,4.375184352543461,,,-5.133046541387102,0.0,0.44999917486782326,,1.41408100814023,,,-5.773246666857173,1.2556772643056386,0.8846766413465242,,,-2.956057293810983,3.712997640139923,2019-09,0.1,2019-09-16T01:30:00+00:00,2019-10-15T01:30:00+00:00,b5220e5ec7067559bc2a894575e7d1219c5d77ce3793260ae873042b0c7edfd4
2.365481263293868,,-0.9259508873748972,-6.765677558945105,,,,,-6.015964693458428,0.0,,,3.4650690608125214,3.835111200418053,,-0.009812339024177903,-0.1561890204282271,1.623008311393986,,-2.2622178036279568,0.0,,,,0.0,,,,-0.7192641947471209,,,1.4513743549555294,-2.662928959150147,,-2.574494997026776,1.053822073540318,,,,1.2238261790868117,-3.1748698314580297,,,,0.8856990655323373,-1.5871448259806502,0.426978689818346,,1.6836906374350935,,11.272805285832813,,,,,,-10.26857613453717,9.116216965649741,,3.9436563785482424,-0.19838464774815015,,18.938773187038407,-0.7874056430905882,19.166741921219227,,,-1.3835814939316387,,-0.11584784607528889,0.0,-0.945360366362948,-0.7766921722092545,,1.4569036749420818,,,,,0.11389979654577727,,,,4.1270364393293075,,,1.1549211977237352,-0.6042314455962586,-1.1917272446807712,,-0.31194757989335525,,,-0.3278408595911441,17.29962223664431,-0.8583334371421327,,,-1.8066036462751918,1.9887620134686406,2019-10,0.1,2019-10-14T01:30:00+00:00,2019-11-09T01:30:00+00:00,616d29172907381780e7d8eac66996f7f066c2db4cb37efa46c1b274aec6f5c1
-1.2730367581364974,,12.655010248258163,-11.888878522391398,,,,,1.562745991183528,-1.6667052485211646,,,-1.6795115683803632,-8.287786014032813,,-1.425613095386698,-1.7264233924901407,-2.70917280084806,,0.0,-0.43573053689557006,,,,-1.4815085785140587,,,,0.4716441174300779,,,1.1425787510237828,-7.3017195353143185,,0.3129447788711785,-2.217892704777252,,,,1.4753971111466198,0.0,,,,1.6938347571366235,-3.66762737956393,4.0514134432405395,,-7.2892002268031595,,-2.595688555878183,,,,,,-1.3445893960349435,-14.565918445587101,,2.858920472322374,-0.3979539077936813,,-11.384175698504162,-3.3847034966296388,15.082288973458368,,,-5.3888854714439045,,-0.4360066348764454,-1.6620881236040406,-1.7567192069834328,3.576340013331348,,-2.1404264647937024,,,,,-0.2279294726747162,,,,-8.560728838397957,,,-2.170158344125535,0.0,-1.847239763544243,,0.6706331253110545,,,-5.190597074072737,-13.407846380966742,-2.5685035342064584,,,24.923854954749814,3.7301320133519873,2019-11,-0.1,2019-11-14T01:30:00+00:00,2019-12-10T01:30:00+00:00,53be75a80e2766fedb25ba958862770a38f1aec35d6f6256d3ab991196a326f1
4.759684660539003,,3.58434144058857,-1.5196803682811706,,,,,-0.8962788166102603,-1.4559254973188107,,,0.10530034895694829,2.7515503389298686,,0.27335321809879787,0.5893329600644254,-2.215382818544896,,-10.092591858996053,-2.852527537910686,,,,-1.503787736454056,,,,-2.880106605935024,,,-1.4501687713032028,-0.7483042549665275,,0.06601995746179948,1.7174574601285586,,,,3.696844828465979,0.0,,,,-3.6886757139378537,-6.2785404880193685,0.570347708748705,,6.608505620448121,,2.3808819886530537,,,,,,4.019347988552764,5.10830158703163,,4.673847549376291,0.5208098510450052,,-15.254082893462535,-1.5617269428081753,-12.783337150988478,,,1.9170643132201564,,7.947614102310623,-0.5602255548669898,4.65871436951184,0.3383942532601915,6.006874757162251,2.684407720815362,,,,,-3.233515430946734,,,,2.7748522880521262,,,-8.833618737314765,0.0,0.30592011361309424,,0.7846506285899156,,,2.3685712277267776,-1.4716713840739848,-1.879829187180019,,,5.111476733178388,2.5053977993074934,2019-12,0.0,2019-12-16T01:30:00+00:00,2020-01-09T01:30:00+00:00,89980885a71d4538a578e5b0d9fc5294d05c3c3edbf3c58eed98c7003886c8aa
,,-0.60650822412702,-1.0338215091103564,,,,,-0.5118478936724555,-1.0974047031976675,,,-0.6844305996740279,-0.03356408674260821,,-1.296335264265804,0.8631712629148919,-6.33144931550384,,,-0.2519346302853338,,,,0.0,,,,-0.23318332842617528,,,-0.5121814895188113,6.049348407944218,,3.0664774199406013,-1.8346132907656532,,,,2.1542363197003493,-7.153065113942138,,,,-7.054470516848917,-2.970437002477617,-0.12045942182267212,,3.6706946254392996,,19.828749691217475,,,,,,1.0858537340416654,-2.628352400680415,,0.8719175022567659,,,-6.73422043296507,-0.12050947873262303,3.9002157803269175,,,0.09011039131927616,,-4.498509591680911,0.0,0.8244364371057827,5.156764186831237,0.866948513246658,-5.088381909792521,,,,,-3.1307080573319492,,,,-0.10076156142135072,,,-9.20069196805633,,-0.8550128777123231,,2.6334544170313428,,,5.840866076203419,3.925335107490127,0.743256776246187,,,-11.586237740529102,-0.45088280183821616,2020-01,0.0,2020-01-14T01:30:00+00:00,2020-02-10T01:30:00+00:00,0a2a04c4ef5c97b4ec40fe9c993911da931fa719f858a70a48a6dc6305656337
,,-0.027243317042349068,-8.400594182944971,,,,,2.27487103129952,1.4208918329945146,,,-5.062213187151767,-4.260522649177214,,-1.985542301822996,-2.8914547957931234,-6.958140959133287,,,0.0,,,,1.0050335853501506,,,,-4.29815651888688,,,,0.23895192953085134,,-7.025656525590628,-5.579702623369394,,,,-0.05075569700660312,-3.0252043170521024,,,,1.4182628221111553,-4.695337540846486,-0.08316008795260108,,-4.3400209651230055,,-29.60647936462181,,,,,,0.9884759232541925,-3.0175220597574866,,-1.9620750492411236,,,-0.3097239414580324,0.0,5.061000088641792,,,-0.6438154050550083,,-7.076293593770086,0.7388368995153709,-6.742354647341181,-1.9830647026427017,-1.360308147733413,-3.610747360464578,,,,,-0.1576800792884467,,,,-4.5830082236171155,,,-0.7709124449228771,,-0.17713634285642027,,-7.293999684199343,,,0.49068906305797094,-3.810590401842461,0.0844510730768161,,,-11.690837003157343,-1.1476094589121122,2020-02,-0.5,2020-02-14T01:30:00+00:00,2020-03-10T01:30:00+00:00,b06b278c07246ee38ec59e6870a1ae968713d1a0391c9b6d507183e6a187d573
,,2.6285460634223297,-5.0835746733619604,,,,,0.15629634807494938,0.5255585547966563,,,-1.4453973433058784,-7.13978780637006,,-1.2931047789529213,-1.0950050605996546,1.7113877013061731,,,0.8968669982760316,,,,0.9950330853168092,,,,-10.186973683331328,,,,-6.542780532245532,,-4.148577804596085,-4.9798968035495745,,,,14.801143883973577,-14.255154398390632,,,,1.3568634546967455,1.4486439870472778,0.8986125856077234,,-11.056570321638292,,5.5270477838199366,,,,,,5.4120316031162705,-8.956528844993729,,-3.5400028020465957,,,-0.21247045665712727,0.8281620831722017,-3.4349480014637566,,,6.5830179505469335,-2.2050866979810535,-2.8820163480112955,1.790696682652663,-2.566997652672655,-3.813938443754024,-2.445486265463297,-2.2723634057094904,,,,-1.965009042399209,0.7144230424256309,,,,-7.228357027938648,,,8.947140283049212,,-0.6169538632229924,2.777956410707567,-1.6376308383509426,,-4.0852408882144395,-5.223641160607966,-8.509133002883141,0.13894060044352718,1.7368094766417204,,-6.718028570318045,-2.154347086663862,2020-03,-1.0,2020-03-16T01:30:00+00:00,2020-04-10T01:30:00+00:00,fb54f04dfece324cae5e0611ec5b0a53c2e5cbd072871c4f0b1bb4b461d746f9
,,5.70502814218672,-27.425967555151427,,,,,3.5861680814528194,-3.5628929875714297,,,-9.297660328449979,-15.80197844730601,,-2.856433663287738,0.15483874061293215,-1.0625355378936054,,,-3.507218734123565,,,,-5.369325380108681,,,,-1.683473099409897,,,,-24.73305088514992,,-11.598669100763647,-11.657491670065848,,,,-23.024711952820685,-1.1599135843351918,,,,10.351568862458643,-3.0241038704680094,0.1071281519841932,,-54.87618714162787,,-29.35152053844759,,,,,,12.61604881321275,-26.149419525286504,,-6.379627646839473,,,-12.849547785049298,0.0,-7.825219689974837,,,-5.377844834691828,-2.6739297189621483,-14.289977724340371,-5.79578259278556,-3.633561198162178,-13.598379132246189,-3.632432693710666,0.19704439872987387,,,,0.24951810609279007,-3.6737338571565683,,,,-16.467130760182716,,,-4.946471595266335,,-3.5302925311757445,-5.014039038320915,-10.203688807841106,,-10.426905660662488,-8.778421368507127,-13.629618524015683,1.8010536101636287,0.6843439289655233,,-1.0449805857772687,-11.122906946510659,2020-04,-1.3,2020-04-14T01:30:00+00:00,2020-05-12T01:30:00+00:00,aa88153a2e4c6f74a5a64d1a8a0063f1da2106fff9a4241c2459d963539a55c4
,,-0.24890463493077766,10.37722463524421,,,,,7.446788926535791,-3.096332763859849,,,5.105289598496367,-3.06299518567585,,-0.22747049348007262,0.3792911810536832,7.828155281528798,,,-2.6233469898615533,,,,-4.683845528331973,,,,7.684162618395489,,,,8.1246513189228,,11.419964201214395,-0.5759473854202615,,,,-2.1731237462109134,-2.788520348953566,,,,-11.193517961611562,0.7766767174982616,1.0120341227471916,,16.384580248045598,,7.401440537542325,,,,,,1.6707779585795934,2.052225994656171,,-0.3497730043754539,,,-5.467722640703089,-0.20639842208514825,-9.763846956391593,,,-3.098334979095055,-6.187540371808753,5.478316745896394,-3.3045253631657125,2.694534522692004,2.138694687273802,-3.3295307340653952,1.1336417944103014,,,,1.5817824565404714,-14.282227412728583,,,,-2.620048531365386,,,-1.0878413954805024,,-2.0118435411604545,-2.819145288669776,6.899667513503028,,4.217013048008441,1.4482880347373923,1.0028559967805244,-0.4710830176593155,3.8502501401562625,,-6.640357446919924,-13.505200750703247,2020-05,-0.4,2020-05-14T01:30:00+00:00,2020-06-10T01:30:00+00:00,7fa8d6b16810664bc45dd80d17b373edde0505b77f6df982dcb422106f0ae996
,,-4.461407940842058,4.127731004107541,,,,,-0.7066141103737242,1.0964430863795354,,,3.5849811324381955,5.301549152666564,,2.346008885047806,4.19408621484705,0.7289721095704006,,,0.7377315214295617,,,,5.495420058808733,,,,-0.6376431858158041,,,,5.268811948591238,,4.5779962626505375,-0.42940847429210605,,,,2.728901278445632,6.8707198009790815,,,,-4.075357629856355,1.7193405993447657,-5.1658113001637895,,5.0483095786086585,,-11.657555901234257,,,,,,-1.573948076892769,-1.8101530950025577,,0.8142420233079126,,,1.1721173457308725,-1.247417422517569,2.218791497536214,,,-0.09242678723949477,0.0,10.626592829011727,4.021705996436635,7.637049384023055,3.0698726099153775,0.3962879312819403,3.8760020952514003,,,,4.784065097256898,-2.494841802472721,,,,5.74038183108578,,,0.47732787526575904,,-0.5906884783961059,-6.108769197983815,5.1279055439361905,,2.5113268173798895,8.106575542660451,-8.782364508274558,-3.9194290191138617,-0.665750572064082,,-16.805081195542524,11.727668761845463,2020-06,0.4,2020-06-15T01:30:00+00:00,2020-07-09T01:30:00+00:00,0caa27f5f19c67e4b72c0b5aa54998e0f71b5d33b1c8e135bb6f9d644c6253fc
,,-4.0966622294468955,-2.5179571373922456,,,,,5.227877202341853,1.6664097721171833,,,6.385325377319856,2.345742758609924,,0.4100346569371605,0.8469156459630539,2.9288865379731654,,,1.5336002832569497,,,,1.2972487078345065,,,,1.7843900333495903,,,,-13.760543387139162,,6.195155173602602,-2.332198834403331,,,,8.387238318483734,-17.43533871447778,,,,4.629337061709384,3.5708927649936757,0.8165753674129269,,-12.635359941764513,,-2.2716362005990636,,,,,,2.331175757099867,9.942596991832287,,-5.794921872961269,,,-5.40672212702757,-0.4192878260035927,16.970309283474307,,,-2.7301051198848607,-6.880291992402876,1.6018451301030874,1.1460130008301137,1.5174169297398334,0.8562794395871546,-8.670864482959423,-1.4432079092587513,,,,-2.0428869634147047,5.129642865486061,,,,2.413334127878877,,,0.11897681355887509,,1.1917926962367442,0.0,9.066379686696118,,0.8921790383261796,6.402591594685317,3.6838279873917634,-1.9423074888715575,-1.1319018485803627,,0.5360886345921084,4.823648495701478,2020-07,0.4,2020-07-14T01:30:00+00:00,2020-08-10T01:30:00+00:00,69fd06795527971dfed64646a92246a36d60e728d72a3bca11ee708b7147183b
,,-0.1906752420226336,-2.143503821648707,,,,,8.209009584440084,0.7880261425305966,,,-0.6874090697546216,3.9796583397446823,,1.9282246291940128,2.7164763025179237,-2.6664415189832305,,,0.8317209021268543,,,,1.2604354711304793,,,,11.696023036483995,,,,3.9796879105009855,,2.2329323540081147,0.5708054158080521,,,,3.6404646890578896,0.0,,,,2.778860732293855,7.018093126943671,2.879043955642271,,9.136254541011178,,17.233941881916937,,,,,,0.7841732187628082,-3.045523971490263,,-0.5169242279838617,,,-1.2376395601048862,-0.4210532536343494,0.7905179507113468,,,3.6219150637495234,-4.964523048916536,2.6666605550086606,1.020301334993264,3.9949903833375973,2.4124210528456533,-2.3892705586543523,2.2280538687628058,,,,2.170353321592651,4.1602204994413565,,,,4.235859764009694,,,2.698110883110761,,1.1228575671973413,0.0,2.783773747329963,,5.427400872627977,-7.20834126839704,-1.3310910352132868,0.6902908781524926,-0.396727522580991,,0.36494242634169827,8.827121137472986,2020-08,0.3,2020-08-14T01:30:00+00:00,2020-09-09T01:30:00+00:00,83d16c36a6484adb8b8cae02bd830a8977fec03fe6453ae06128fad22ec8c293
,,0.2853068982406481,-0.21391974079432335,,,,,-5.216528022272652,1.6949558313773423,,,6.1790776589654515,0.25247863136760923,,0.4616707387633207,0.8670142507524783,1.7751731951639447,,,2.723479875883732,,,,0.9250015682732368,,,,4.352512661770423,,,,-2.6167986133152237,,-0.9761617048193194,-0.9479662727228827,,,,-0.25955079864084096,8.574072878817418,,,,0.7205660996448119,-2.439724818238852,0.21902192775179766,,-0.5803143045069244,,-3.065039943922521,,,,,,0.7456883374234751,6.205170559695262,,1.2995156517954563,,,-3.958607669406468,-5.864872708150763,-2.9296369488430822,,,-1.0190364241303378,0.5970166986503754,0.40459811374432897,-0.04512635455640078,1.1392217487120537,2.190973364587124,1.911399584411495,1.2843531202336194,,,,0.51880790817779,2.1959451131637207,,,,0.06151520937791301,,,11.185190095313118,,0.5112182208778561,0.0,1.8923406394545286,,6.271597356348309,4.302849263627139,10.301936426824367,5.6084313725083375,-0.03727402664762014,,1.2688451085292487,14.074153100112035,2020-09,0.1,2020-09-14T01:30:00+00:00,2020-10-15T01:30:00+00:00,c6faacccd3703a2b5dc391f682056260c99625ca5c59b02e73562228d5ca0ef8
,,3.4530793357709726,3.2464792577597303,,,,,2.940286305403643,8.447858892633208,,,-2.6516508753407826,-3.1784489431120577,,-0.8843960207920007,-0.9947106012168164,-1.5001031939762928,,,8.11581106768322,,,,9.155468343923324,,,,-2.370176260312391,,,,1.5118149946567274,,1.3794820395474303,-4.099244145688402,,,,-0.7390735486768756,48.06547461326273,,,,9.31851049628667,-4.7463508780230095,0.5885638375976155,,-5.248879554245311,,-0.8795537077414743,,,,,,-11.878809521544577,3.590390394367383,,2.359281311858807,,,1.4789681217397883,0.0,-15.46012317609895,,,0.1098869431878556,6.899287148695142,2.844599139818336,9.549481223245811,-2.5391675294845943,2.9439828539168333,5.589037583179097,-0.08919129574617027,,,,-1.4546774789418975,0.0,,,,-3.25912973570558,,,2.4280273371448757,,-0.6027828375533548,0.0,-1.2003839361128288,,4.59830867264133,3.9905132281984126,1.9481897703336624,-2.6710383060235734,0.049695615384782454,,6.033337381670619,-0.14609206396748708,2020-10,0.0,2020-10-14T01:30:00+00:00,2020-11-10T01:30:00+00:00,cb0a46c7839cc9c6f723479617a24325450a3c18c5705d6fe94b3c9b966837ff
,,4.354812014101503,34.04790218953953,,,,,5.4400971413388755,1.6568056383753658,,,2.9645122776520023,-2.83726946655042,,1.6424075345618607,-0.1404036835890541,3.2068188524356,,,1.0841104863877256,,,,2.2752877525130772,,,,2.871198506003291,,,,-4.213767446247337,,1.6807792534061148,-1.8494582636164416,,,,1.974005906269326,10.265415406008337,,,,0.07638369426820288,-3.487134208672981,1.9949063859237222,,13.100684763985088,,7.438917537452457,,,,,,11.133121184121105,18.100909761990007,,2.6298768512411654,,,3.120998940720222,0.0,-5.845820048659417,,,7.787049686284959,0.0,9.402254248069095,1.020417017424167,1.9318881275502315,14.663249006268478,2.007327702633627,4.396613890631795,,,,4.312312201734768,1.1464680836080603,,,,-2.9287097066666257,,,-1.6293639486100502,,0.07096988656531253,0.0,0.40314827391376046,,11.896259848053143,7.3626089951100715,8.635255161264974,-1.398271821136063,0.18861842635704631,,33.622252794670075,0.2416919605538894,2020-11,0.5,2020-11-16T01:30:00+00:00,2020-12-09T01:30:00+00:00,7636c00f0440864e0287142cab0b38d76477c60bccc4ac957c36c67ed655e458
,,-0.8563481514265229,4.384714200200919,,,,,4.193545675414537,3.15839816027284,,,5.401487821387228,6.5622503070288705,,2.274726362541262,3.6774372939462125,5.061277084468642,,,4.738106081873224,,,,4.486309517784627,,,,5.709030879657828,,,,0.8236122786791943,,10.201749015731586,7.734377963472458,,,,-0.3777380420763477,57.5242186247395,,,,-5.112934652260413,3.755771039131308,-0.4596411608193963,,17.481156307736097,,4.551288250553279,,,,,,2.8984623379259085,8.218502089277715,,2.9907491006613647,,,-1.789477630449177,2.4310589500616056,10.769891658975734,,,1.026741298035984,0.0,15.11452889224153,4.058643378307907,6.825575260544668,-0.6202985453174417,2.3609160917250596,2.776619526163245,,,,2.5458914128413794,4.233092879989929,,,,6.907386660548232,,,6.676781060498005,,3.0361024341942806,8.125336157443266,10.115420026326788,,2.301550345168501,4.92937026715319,9.88414448113696,5.128187734914274,-0.29300775830016074,,20.406573931964775,4.484527228904316,2020-12,1.1,2020-12-14T01:30:00+00:00,2021-01-11T01:30:00+00:00,a494fa04f788d4c9181d04340f5a643dd461929e88203fccf562001ca561e75a
,,0.28661831472538385,-21.66773721099606,,,,,5.417103389273806,19.78950618137214,,,-4.174851730648422,4.283961935205554,,8.226213597231961,9.956625221986991,-7.370613087561742,,,20.331599382257604,,,,23.704443628322174,,,,1.0394342939502978,,,,10.09369530118398,,-6.4011023201215576,0.7662142468081934,,,,2.111379871020545,5.4991168901981125,,,,13.10733757819636,-0.058367130899942526,0.0161635754180643,,-0.43020506690657956,,21.909109326991423,,,,,,1.2697645870378127,-10.514836030747581,,-1.5641257333246643,,,-3.0483016725075878,0.0,9.994044818848707,,,2.115705225124943,0.0,-17.342811004315454,26.195924522354062,6.893781147152085,3.718173514683438,-0.8710133872288734,6.566357322874968,,,,8.353067236581516,1.9231361927887591,,,,4.630748859240587,,,8.955124115636746,,13.654341388266126,1.6201974576280407,2.9901556842568464,,-2.15673194320713,12.300232870327978,11.051885302391385,18.065708090037834,1.321643229530714,,30.46713365815591,11.801809597180556,2021-01,1.0,2021-01-14T01:30:00+00:00,2021-02-10T01:30:00+00:00,83082861040c47795b4f5f65b8450577254156120bf111041a1c6980e2ab07cd
,,2.525685443220277,13.88906455798413,,,,,7.308776829154928,-8.10804198683331,,,1.8344558854640793,5.686559862428166,,-0.2937528441916077,-1.0895631818793343,2.5469506058644957,,,-7.907898487574222,,,,-16.955491344622477,,,,-8.018575619235829,,,,6.464761743074322,,-2.3872630633154865,0.2768299075445425,,,,5.737300940477529,-2.631730831737342,,,,7.132283984449993,0.8486632781047813,2.8362785497619343,,13.242756029493982,,-15.085962252301469,,,,,,4.675739676207421,6.431052432853887,,-3.180028896489189,,,-5.2661283656975355,0.0,-15.868995226067756,,,12.337531980784524,5.406722127027579,2.097074852753269,-17.71436873024487,-1.7344034589402046,-0.6116859114004005,-0.9627533551449768,-2.2836045040994275,,,,-0.8967219024075743,0.5749672673235088,,,,5.874770352914662,,,3.214377305468978,,0.08131026118785853,9.531017980432493,-1.8110599231474862,,2.3281018418287256,13.858715608783811,-7.933317231737376,14.432467731453361,0.6652993916414682,,-43.08659391422273,-8.7707004860671,2021-02,0.8,2021-02-19T01:30:00+00:00,2021-03-10T01:30:00+00:00,a66a9a7eb96b8684d5f4b63506d9944276d4853d1807e275c8564068864a0a34
,,-0.6480904084083116,24.524012830026702,,,,,1.2564887431989893,-16.670183298177342,,,12.331023556248129,11.346432802537237,,10.605354797539796,8.823525003656076,11.366183064035134,,,-18.59334108976296,,,,-16.702507308754566,,,,7.2866401810310135,,,,22.87041374888441,,11.853448058959577,13.159581109126167,,,,4.869680998299018,20.97205309820691,,,,-5.216559382264476,-0.005988880646727288,0.5952165436733745,,26.269121964332864,,6.054882997305226,,,,,,1.589040028925753,17.9730443982797,,-1.8807839243062148,,,-0.43443534658478683,4.758336433091223,-7.26391836399716,,,-0.1512686222759145,0.0,13.32483349634527,-17.942409272898505,8.74597346376903,6.843854810694736,-2.08252319971135,8.399253970923388,,,,8.122955610597824,8.040419390226553,,,,11.695383011865797,,,1.5608838307291972,,6.510077233356405,0.0,13.777905393590304,,5.111779302696453,-8.079603105942997,6.798448430573667,12.628221349492799,-0.10976280143411152,,-22.441984493862847,3.132000502056459,2021-03,1.6,2021-03-15T01:30:00+00:00,2021-04-09T01:30:00+00:00,8330bf8427b0735f736022be1ed6805685ca7220eb91cbf86706adf89fe87701
,,-2.495376502320044,-4.514854709906333,,,,,-6.355108345790968,18.772740090826034,,,-2.730333257628901,0.7992507562774454,,9.996820358453073,11.469836724730845,-2.0132432275884495,,,20.298819360251382,,,,20.736825505376423,,,,1.4668420297583105,,,,-3.2946054030616416,,1.2423021759145523,-1.9494578932806668,,,,-4.760556709798474,12.675170563914381,,,,-7.216301074271311,-0.5578703342943063,-1.0518563168070407,,0.38545634710309024,,6.071568516319714,,,,,,-2.579611511606153,1.572826370366501,,2.889826863242959,,,6.7341646453485335,2.5041912167046454,-24.303179871404208,,,0.11461844777735355,-3.568171962685656,3.9590012104976378,19.5768389768228,12.230437027845829,-6.407476376711122,0.6207876085363909,7.608736002525861,,,,6.650976830533287,13.785511101513809,,,,0.7668738565993574,,,8.463657668376392,,4.183180162273705,-6.713930283762856,-0.26986383142286235,,-9.30721470974036,-26.52357667995141,0.9401183446995146,-6.07819634341929,-0.9243320319317291,,6.365334032397926,3.5749016680371075,2021-04,0.9,2021-04-14T01:30:00+00:00,2021-05-11T01:30:00+00:00,67b1c6bda6f25842af0e17e41ee10b0359f7e13230f69293ea3c1eceddd493c9
,,-6.272268708151699,11.842486716628363,,,,,2.978200341929849,14.867717137316175,,,-3.1738914296773335,6.714260976284338,,6.792329706071208,10.066658957414383,-2.470645425345832,,,15.333866191824677,,,,20.59233338520576,,,,2.6731383593802738,,,,-4.4208915846979195,,11.970158268177702,3.7524645076009637,,,,-5.202022213201614,9.097177820572679,,,,7.668902923200324,3.072015123273926,-0.15794672582713506,,17.52205874684899,,3.502600625173337,,,,,,-0.9585948446676217,-11.106626867420012,,4.697626116656101,,,4.911654824478671,2.0101179321087304,-13.041709549516373,,,2.0095480161268737,8.697501401440713,5.580437773201095,18.334892901318184,10.585324003619382,5.011630217160281,4.036094074809617,13.85289573885449,,,,12.964615875576534,0.11481295742591874,,,,7.138581345338466,,,15.194957785999907,,6.91122701121544,14.746169167646167,11.783815883198141,,3.0672641129454417,21.030973179032717,7.713270214936577,-2.9094044335352143,-0.9553345767402508,,-6.0916126059885745,5.833557701296342,2021-05,1.6,2021-05-14T01:30:00+00:00,2021-06-09T01:30:00+00:00,6f55495e1c4b0247692576c3d55c72f7629ecb790f358987c6618aa6b14b2555
,,-4.8895784355932825,-9.0417831805855,,,,,0.3435760043186403,1.8326582870791783,,,-5.046484194171252,2.5890332941407657,,-5.628056210380335,-9.097566789567571,-5.44413884570257,,,1.8853300120228769,,,,-1.7109487689302139,,,,2.0709230495060327,,,,-0.7285370144790037,,-5.601139646003212,5.584785111650922,,,,6.137081144770096,4.25596144187959,,,,-1.3891230263990342,-1.9137177115481205,-0.16215471527550324,,-1.2690298357547556,,-4.106626038043057,,,,,,0.15026870486588212,-2.9236228263850093,,-2.6866950692296268,,,5.225143200455262,3.48483669861602,-24.070987503210898,,,18.31296013701535,23.30938821673778,-2.282369700215195,2.377268060761616,-10.362995819296485,0.01656436640484198,-3.759056071302146,-8.881766572720691,,,,-10.691565747445328,0.460690469962081,,,,2.5830824581464373,,,23.08251682258721,,1.8729096039663162,15.572456731128456,-3.3890135705529234,,-9.151492920324555,10.574331010398879,-2.5178995142336786,-7.659637211958464,-0.5411012242388398,,13.16936231362645,15.844479786138868,2021-06,0.3,2021-06-15T01:30:00+00:00,2021-07-09T01:30:00+00:00,c6dfb33e3cc26602d002bc5170cdcc80d553581d0b1df0b69b0d86612119000c
,,-2.6427187864217254,0.5645031893971039,,,,,-3.3290873566333734,2.9351296890548437,,,3.783879465805485,2.0534552802662014,,-2.3704346110719783,-3.5977396385083784,0.41860793690847276,,,3.017446133397619,,,,3.3563127881258885,,,,-1.8299936085498407,,,,6.550348542660343,,1.6796177769197638,1.0780411559036052,,,,1.4529753419760796,10.496043563648659,,,,0.2565390955777606,2.693923797847354,0.3871533299421374,,10.106937788399255,,5.475872467501508,,,,,,-0.7670183184071117,6.438146025219689,,-8.946914832119168,,,7.31396366466632,12.750736511604213,1.2578782206859964,,,5.106329261944994,9.311154495515458,-1.0777608612830214,3.7809295878319076,-1.1986384155155227,2.9758776980363324,-4.2605878801243975,-3.578343632915013,,,,-3.556966625230445,0.49966472747241175,,,,2.145641851416462,,,4.29956281830388,,-4.877583009470822,5.001042057466141,-4.905717947142525,,0.5245975466171019,1.3497206610892498,-1.4165246795313586,-2.840969568033956,-1.4176776897708545,,6.439533212041798,1.4643591980708877,2021-07,0.5,2021-07-14T01:30:00+00:00,2021-08-09T01:30:00+00:00,e744c1f58fb34a4bd5540b73e73cb72546099e874b76dda02e4a604e25974691
,,-0.26361138126720307,-6.847615138062987,,,,,-1.8745244646958474,4.2111485350126845,,,0.32124586500351887,-2.17197417468595,,5.343428732349201,5.6467775466812835,-1.8965216795672437,,,4.324998379381674,,,,5.95413936910167,,,,0.3384687312543197,,,,1.255619625249547,,5.025493577417657,-2.755617208300322,,,,0.5430795018247346,19.600798114102865,,,,1.7912574431877024,0.05535886848811076,-0.2131439528069875,,-13.054360050326643,,9.34624545264874,,,,,,-0.2109098663139756,11.126682920081166,,-3.566348403800789,,,20.139011995361233,5.5512236221003946,-4.473589384139141,,,0.40071686096258596,4.335612663927745,1.079941862580804,6.669137449867215,4.475573845361888,6.39808682683504,-3.571808260207923,5.316087786102865,,,,5.926814538975928,2.0814041549523647,,,,-2.267744294159161,,,3.4571344065088723,,3.2526536293431523,11.506932978478728,2.220859004864354,,3.326977594836288,-1.134199261851165,2.683398999771715,-0.6887543604193364,-1.2478630824109482,,28.807085694973093,8.244665726334757,2021-08,0.7,2021-08-16T01:30:00+00:00,2021-09-09T01:30:00+00:00,d30839f30874f11df95b2eb5c8721aa57e1b85b687c6f4e868744be1829d5f0f
,,2.9063301676889277,1.0037514825936307,,,,,-0.687724631705038,0.0,,,1.488342285423159,-3.965359612389533,,0.2383282586519554,-0.09119607787429254,-0.31159606782575633,,,0.0,,,,0.0,,,,1.1726154961082031,,,,-4.488914474061313,,9.070572305591359,0.01567742140983424,,,,2.3221999465193526,21.732922182717648,,,,1.4582545140775875,-4.47396372560573,1.4280352522917763,,4.858872943565667,,2.218540576176102,,,,,,1.1127874102506157,-2.680982053125343,,9.398905099086093,,,-0.8865306289563141,2.400456809728034,-12.516314295400605,,,-8.686982415479786,11.520752768439918,6.175936898256663,0.0,0.23851721816171204,2.039561295905499,7.084769033083585,1.1831260884683594,,,,0.9172804910511525,1.0286605497531809,,,,-4.055017710432083,,,3.5760663879098256,,0.06149464543079705,48.88467170472154,-1.0136515594136621,,-5.388498363147022,31.279283188409856,6.153910352069233,-1.584435209333017,0.17189849395978687,,10.093983797480695,0.45156853430744404,2021-09,1.2,2021-09-14T01:30:00+00:00,2021-10-14T01:30:00+00:00,6fc97354b8aec5b72bf5ccd6005f8d7a6e42280313616d9cd315dd26f1f79db4
,,-1.2250658649550206,6.167853306992981,,,,,-5.981155934977238,37.70232076727119,,,15.116258131496336,5.663674882611445,,3.814948602420206,3.0566406005857716,16.82338491357638,,,39.18275645530622,,,,43.537927305719755,,,,1.0191310606037773,,,,7.690062000079687,,4.076372424487117,15.387070862886624,,,,2.1659816858523127,-1.7522350692202489,,,,1.5674218241067062,-2.6209638164781506,1.6534410521091971,,3.99374748199323,,16.243651814144346,,,,,,0.2843172619230558,0.7742936458174027,,32.844740814315884,,,70.96326878497182,0.19668145515785504,-25.131442828090606,,,14.842666071446503,17.27509214705852,28.786915000622347,38.41645853329293,1.9763922027453422,16.184774333996245,25.670771045907735,9.513114480250378,,,,11.13213460632195,2.1820766265482914,,,,5.885923815935127,,,30.62440903118404,,4.341936584459442,8.923113372794262,0.5639944676873188,,6.670504471602763,12.112009524870114,32.22373358734155,-2.7252699579535626,-0.7203529991904337,,-1.2493427587487218,-10.0552822544002,2021-10,2.5,2021-10-14T01:30:00+00:00,2021-11-10T01:30:00+00:00,54a2206ff33e95c505617f8deade0dc4441a8f6910de43f02bd4621f7845e4d8
,,-0.9339287754170413,-2.5712991051543197,,,,,4.602761346271912,-7.653686297494322,,,-8.809265657596518,7.898810701963095,,-6.235103040705412,-6.481651245355124,-12.35831655323532,,,-13.944374942241419,,,,-25.469682379890525,,,,2.444793564250643,,,,3.232972284060863,,-15.625804272049296,6.9213271379256325,,,,10.308404845074573,-33.76648667137591,,,,-10.13581559889831,6.336555368739827,5.689443689807873,,-7.847334914618812,,1.3049336977721058,,,,,,5.0075510811218065,1.6390789857450465,,1.7690630675063008,,,-3.453099715501466,2.3487702837554867,47.000362924573565,,,-12.236506455684594,-2.391053507304515,-31.506453310306537,-25.562952458066146,-12.59832013832242,3.995914890937116,11.532891085124833,-17.785526978051372,,,,-18.093955511069854,6.376711978793641,,,,7.983339716062742,,,9.84400728132525,,-2.438246489214533,-8.840480856197312,1.5007853629772299,,-0.2553897202657148,-4.697463262791269,-22.34894404256103,-7.643647286377255,-1.5088735796194779,,25.743471888437202,-15.489944556877191,2021-11,0.0,2021-11-15T01:30:00+00:00,2021-12-09T01:30:00+00:00,b746bd4e053d3712020a394f6dd6044ec192300917c9e4c4fbf5f1b6c5cf514e
,,-2.0261648341322083,-14.521322575978376,,,,,0.44769965130449935,-5.1373651171715204,,,-1.597868624720571,-7.054984441472199,,-6.649872740464727,-6.98362333067011,-4.566017999743613,,,-4.791083371875817,,,,-5.077031501808282,,,,-1.5223278553090105,,,,-14.155132507074047,,-3.0824528635656496,-6.840716643448758,,,,-5.380082814510271,-24.035150154217742,,,,0.8801612443900378,-1.9644552914138265,2.29714204787724,,-17.15606925221907,,-11.094604635803774,,,,,,0.03779935786096964,9.172194371171457,,-10.428486784728385,,,-45.95260329620456,-0.2653937466697003,4.652001563489291,,,-6.098197626883048,5.67337853834621,-5.452147457581373,-2.5862024100988834,-7.562592492832579,-2.3152418507513093,-12.801477618726379,-4.226120826890777,,,,-4.24836773688079,0.5468146561430882,,,,-7.197418130484359,,,0.31201273362436777,,-7.60230833528832,-62.94349845883439,-1.5750661204496526,,2.1660800444630035,-45.2938325289026,-10.062073410939067,9.50080466844844,0.7052399609944618,,-22.217807124019384,-11.288965339805843,2021-12,-1.2,2021-12-14T01:30:00+00:00,2022-01-12T01:30:00+00:00,746405731ef5318b6217dc08c062e1bb0662142d760b2cf5daf2cbbddaa2ddbd
,,-6.640969299112987,4.699127835395099,,,,,-0.5085592956325973,-34.19517023858386,,,,-3.935755044322965,,-0.7575645891432663,-1.6886323100391551,,,,-34.879557230288555,,,,-31.200250388713975,,,,5.348598428837863,,,,,,9.601499038303622,-1.5578262296616023,,,,,-9.909840477295992,,,,3.9417765872238735,-0.14492804114403413,0.3636817030415097,,12.630191315957228,,4.081658649018027,,,,,,-0.8439783712016979,-10.714452071967179,,-10.094232198218243,,,15.536334981369466,-0.03971709261992646,-15.984870094189613,,,-0.3644304307638151,-1.2817453570222683,-5.522981075982047,-40.116602520727554,,2.5426400719245086,-11.411515273099077,-2.1446674311284895,,,,-1.6580867877729346,0.19733304224977027,,,,-3.9558447177205323,,,-2.20481372217625,,-1.3674395082523545,20.089794236689,0.2715222993002793,,1.0431855627456366,,-9.922002839136695,,-0.9677073032715783,,-18.665222124199005,-4.463938491678858,2022-01,-0.2,2022-01-14T01:30:00+00:00,2022-02-16T01:30:00+00:00,2a9e36b7f11fde237a7c2bf2b3286f368d6192da57ee96d86dbf1f5b85b46113
,,8.651845983721241,-1.430812469488828,,,,,1.503510652694117,-3.023007460753354,,,,-7.064273316081975,,2.4555441556499966,1.5070619773322693,,2.4277427336790343,,-3.81600696466441,-5.655436670590694,,,-12.110468477061593,,-0.43908730016954295,,4.650684795102232,,,,,,-2.436232476065679,1.2101162784937172,,-1.1900659884125955,,,40.05957590939821,-0.03424364385830746,-3.038208368812303,,-6.99275540517562,0.8719344723403429,-1.357858427612334,,0.5881470378880203,,-10.42940795416885,,,,,,0.0,8.00857873908366,,-0.04217629754634008,,,15.859746728171356,3.606723445758576,1.6129381929883497,,,,4.999810063823206,3.1328664131324118,-15.580607664149968,,-0.150003678658384,2.1834506679451415,3.4094433540114646,6.6239435356091505,,,3.5264870908989643,3.6002545662281995,,,12.282723277295668,-7.115089227843242,,,-9.232096395777404,,3.319221200736402,9.434612852209664,1.6215566941052109,,-1.5593314332002954,,-2.0284951095092136,,-0.46807351223639254,,-1.740235113640891,-15.87367248459983,2022-04,0.6,2022-04-14T01:30:00+00:00,2022-05-11T01:30:00+00:00,c9fe03c820a9fdac5b47a80ef21fa7f2105b7019e2f8c3b304db69e8cdc3bf67
,,1.439975483450827,3.360476050873161,,,,,1.6648613624920146,-7.944250358613447,,,,-2.3485479528014253,,-2.6923144965998103,-1.1908953266392863,,-4.181559657383248,,-6.910379156914607,3.9491186113781356,,,-3.3837814781558597,,-0.5442981176319738,,-1.7293104804271116,,,,,,-10.127310843690614,1.0737025192555845,,-2.1778069865696366,,,-0.3041827440484777,5.190175153238622,-0.8678250354962505,,-5.60981262716657,-0.12151062450737422,4.0805461779387,,3.754440079154474,,2.70710224033813,,,,,,2.1169269031716365,-7.872020215976148,,-2.8454160526391217,,,1.8384340019932035,8.279196144692143,17.563256864315797,,,,1.0158438118349131,-4.78470812157371,0.21857932199802255,,-2.180130216100497,-1.4438599086075694,-1.621798559939925,4.870615900059412,,,-1.543231212759541,0.06808492506189777,,,8.361274932897388,-2.146268906909486,,,2.2297031675781525,,0.6511499484288574,2.955880224154443,-1.4269398378267855,,-5.116527469253507,,-8.105388298938857,,0.3910983660979788,,-3.4465908874617606,-0.14190993548867817,2022-05,0.1,2022-05-14T01:30:00+00:00,2022-06-10T01:30:00+00:00,24aef45427df6e0510e6fefeb7189adfe0b9d3f1e8af3606ab61c2e56e5fced3
,,3.234357332889089,8.117995113512212,,,,,0.33397405936996394,6.741075736964867,,,,3.807655768674039,,-4.395725117066619,-2.9095487069723083,,-4.042895145900356,,6.513630416014172,10.567146915066196,,,5.296970868723311,,-4.052508191247821,,-1.2806022204736887,,,,,,2.698225990693184,2.7553488551662455,,0.8744010389182781,,,3.2645912931394565,-0.49575989999805875,1.6664125837713266,,1.9432740555764831,-3.008757580908039,-2.4001522815022187,,10.205996043856041,,-1.7895375182115945,,,,,,8.90489938608944,8.44521766165187,,-9.628721945215148,,,-4.4124209408007085,6.3011192574184705,5.864872708150768,,,,15.80499811991409,-2.0303996503860047,8.061358936541804,,-4.4893126278663535,-12.720776295300784,-3.346919611913756,4.886232589958776,,,-4.621093010673411,1.4670976406667606,,,-20.64399821019307,3.952981589307763,,,0.9624713374209692,,-3.714077485343424,-11.951880367957084,0.08864938103364006,,5.097341639081349,,-0.3141740381595278,,-0.16742632503707516,,-13.355553077645114,-9.388619048584394,2022-06,0.0,2022-06-14T01:30:00+00:00,2022-07-09T01:30:00+00:00,6422ea2127ec08fae997d0906f690a55c3f1d4ee29521c0af604dffb3505757d
,,-0.0855076474554589,-4.379397476182549,,,,,0.08600609739978131,-2.532902622964435,,,,-0.8664687409990067,,-11.430515222159912,-10.503645149898686,,-12.884767965669472,,-2.8302284328593266,-7.758766829622579,,,-3.299838568958222,,-1.053955117444335,,-12.081165380072221,,,,,,-9.994335526241542,-3.1874155833516102,,-5.799005026847401,,,-4.83269184935476,-2.077475075393848,-5.086115260994861,,-5.240515450612791,-0.9206349401664444,-2.661248099553201,,-4.829302652472711,,-6.579390538503943,,,,,,-4.649529161674422,-3.961142250134581,,-10.231193486212085,,,-2.2010177613943935,3.7687309977830328,34.45767384331519,,,,-5.880204514011993,-22.23313446361565,-3.9651866616340294,,-15.537585866556263,-8.547105321715431,-10.804161797595064,-9.52537090389114,,,-12.22727026524815,1.044235532985131,,,-3.8874447106433694,-0.8758157226323903,,,-1.2853129939090695,,-5.0032873941825455,-2.07913628546763,-18.689024573033866,,-2.1991186903469515,,-6.168908852790007,,-0.04522659933162899,,-6.729136596000447,-5.318904566833948,2022-07,-1.3,2022-07-14T01:30:00+00:00,2022-08-10T01:30:00+00:00,f54298ba5ecf7dfc2e5bb274c74a4bc0bcf945f537cd8486bf9e2171110d00e2
,,0.5922994915048729,-15.144787606379312,,,,,-2.4696194643568514,-8.145846270377456,,,,-2.800117655871132,,-5.118627156109055,-6.124728768931291,,-4.843359933676759,,-8.323519299200118,-4.951652062715555,,,-6.4944688640382084,,-4.310164844197261,,5.171917256946694,,,,,,-1.5497918168342146,-1.9088371635801036,,-5.645131882211728,,,-70.09137790140242,1.254402655645679,-3.9826591898165025,,3.9073974884387574,1.4119547438989986,-0.8577100916571512,,-12.07084151571858,,-4.931182841147377,,,,,,-0.11224681870378261,-6.727547768634445,,-1.978145229538493,,,-9.975395312384087,-9.041563559643107,-3.653374333245595,,,,-23.608016709819708,-2.6703526474599486,-5.858332409889728,,-15.410368169473434,-0.12000481459373759,-0.4782215696221926,-19.203104426627036,,,-0.6001698485757531,0.0,,,-24.816527715966867,-3.0496802002772787,,,-3.020635952135626,,-7.103088557235994,-32.2814577152321,0.968753250019263,,-5.0443839733381415,,-1.1803734913906099,,-0.05323396452571098,,9.743263817900292,-4.977771767122432,2022-08,-1.2,2022-08-14T01:30:00+00:00,2022-09-09T01:30:00+00:00,7e7578b62e716134bd8feb208560716f4f4c68a1b46fa0632e747035bd72a260
,,2.10369229063678,5.458371830248774,,,,,-0.41206827991244466,12.384978833862089,,,,4.679618921052577,,-0.8807167340265667,-1.7420946400297077,,-2.064722997695191,,12.815750198046397,1.7121040780111352,,,15.48647105609153,,-0.4785535832653608,,1.1629379453216948,,,,,,0.07548420213476287,6.3477716716320325,,0.3203432873882267,,,-59.05527949785275,0.5298950557529958,-1.011320976535913,,8.327651217181629,-1.5485948330073642,-0.05506697254614761,,-7.757674161392258,,5.282294043913127,,,,,,0.7594544046046632,-4.071872689416696,,4.021705996436635,,,-3.6949547009523362,-2.00200422334423,8.894748601649612,,,,22.775489466445425,-2.7269665571642876,9.156580463563712,,-0.4972834313917059,3.167364746759635,-5.656137865365142,-0.3392744463645755,,,-4.1996534250819275,-8.709470685093383,,,11.723143964292024,4.645855424798984,,,-5.762911283663642,,-2.390935293158849,8.40999733279277,1.2592128780021457,,-4.221095363852513,,3.429182423910283,,-0.10655302020382848,,-4.988329529104519,2.2870264751300002,2022-09,-0.1,2022-09-14T01:30:00+00:00,2022-10-14T01:30:00+00:00,33688f378dfef6fe632eddaeb821912d1360fddd2d8457c1ae52dea4097e13bf
,,13.5357011877671,-0.7117921456539512,,,,,0.698044643463719,14.333976372304269,,,,-5.505343168264562,,0.2411763146666075,-0.843408380233496,,1.256726828660808,,14.636648589380592,0.0,,,11.516242665214488,,-0.7427775148049874,,1.800298280605215,,,,,,0.9648548437073188,-1.1938797555949476,,7.198904683166236,,,0.7610691652608932,3.6234487696456603,4.099892603132399,,13.618206438827144,1.6937332204100888,0.7070818062306252,,7.500074531725194,,-4.392529459770155,,,,,,-4.063624489333093,0.3710549977078189,,3.0897389477254285,,,24.759952120082808,-0.851626503149211,12.014431184206321,,,,7.133166487587491,-1.0791991799541216,12.935305165646152,,-0.20831245304318513,-0.958511137430347,1.5833594882912452,5.207338778667083,,,2.2348963557833494,-7.352282066499827,,,3.058039114333746,-5.5857420700868925,,,-1.279335145990947,,-1.1374771467398659,8.65499385520108,2.205868739729626,,5.047784050182959,,16.01089782574198,,0.13317354478535956,,11.900107489862817,0.09901855950720517,2022-10,0.2,2022-10-14T01:30:00+00:00,2022-11-09T01:30:00+00:00,97b26cba67900dc0a83ef2d20e07c526235ab0b1ae275251cb691dd31a845c69
,,0.6945520900022776,-15.092008915166202,,,,,1.2551781036884073,3.10050212341987,,,,-2.658123307823567,,-5.17639612433688,-6.60232130993485,,-7.29834177225446,,2.981595428410587,-15.72460003724275,,,3.4290788890146486,,-1.4215787469443901,,-4.569220101808287,,,,,,-1.7430604059302661,2.300826335626123,,-5.112401722772546,,,21.04536372290561,-0.7800764099255043,-6.128380090883279,,5.532377975536212,-0.2845103072790978,3.4871632011158957,,-17.20667371260003,,-4.044320322071063,,,,,,2.556049697953507,-12.255656053310075,,3.0459207484708655,,,-18.626753247107715,-4.458454650584754,-3.4552381506659726,,,,-2.321642422133989,-8.181186732484413,3.346493075816756,,-4.503039133726549,3.3039854078200306,-5.367607989777245,-0.7596086578613862,,,-8.008363642885765,0.20638566828532653,,,-5.57919752522718,-2.767704337857615,,,-8.907608995385845,,-2.5566231857283803,-5.440527847044164,3.569251137704387,,-5.38662859657668,,-10.354434377468273,,0.5574002487485881,,-18.90778012248318,-1.0475589578453912,2022-11,0.1,2022-11-14T01:30:00+00:00,2022-12-09T01:30:00+00:00,597d3a19c81dc67ed3dccd3465c5f5f43435502f7c94fb68eec58e14bd51de75
,,1.5290269817280269,0.13257589432618674,,,,,4.10143184811597,-14.419458578416059,,,,-6.154771252775456,,3.6547088086857387,1.8705274282688256,,5.3922457944141255,,-13.231082265960845,-0.5694223376553881,,,-13.761775021220874,,-2.447817479948437,,4.309198544105378,,,,,,5.762788735909851,-7.193345421061759,,0.9448398247035408,,,-7.936937045429665,-2.017859889244994,-0.4358966597406534,,-12.717559635946504,3.4966041699997876,0.6225725146699771,,-6.819082123520212,,-0.6558883628270744,,,,,,-2.3434574873079734,-8.232346907490797,,0.41377690775055187,,,0.917312640024762,-5.059406300685939,-15.154989812720093,,,,-0.3005183608831569,1.5687630161673258,-13.482455199262702,,-3.201770331669202,2.66861895049272,1.4995964824877572,8.3241941107456,,,2.1398650400450987,0.0,,,1.7515650602598611,-6.22215863540038,,,-5.936815580156429,,-2.609190650132856,4.1865267409462215,1.7642502731484064,,6.005037557505319,,-7.406498167897138,,0.3197634891207587,,6.1357532349594655,-5.068040701891762,2022-12,-0.5,2022-12-14T01:30:00+00:00,2023-01-12T01:30:00+00:00,6a7e67415b02373abebea538e2e7d781ce14162e9e2de2b1fc01c6e7adc3e3bf
,,-2.1670294075016496,1.7989318790413298,,,,,-2.51247425901281,-12.57614995784809,,,,-0.4159970173947903,,2.560879146641736,4.753143915551329,,4.301158239208591,,-12.521205945355113,5.837500218619349,,,-12.268329047422359,,-0.052085728156407315,,-6.174649260077525,,,,,,-7.66047530347055,-10.195051438687235,,-1.3286757536631706,,,-27.92010457238871,0.08529016092638064,-1.4974584832999518,,-5.56783805121084,-0.3288948382397565,-1.1365523082710436,,4.493835860032052,,-2.0942373451449336,,,,,,-4.926590783508305,-1.447996183542693,,-5.337925458928967,,,0.21674351481577261,0.0,-38.299225225610584,,,,9.303853027650343,2.1288413137784246,-9.21602608695248,,2.6505006437389653,-4.921069958360434,,-0.7673098530909457,,,,-10.94842328416884,,,3.1985218782627944,-0.2784010162352823,,,-3.6455051158554985,,3.1852360706993736,5.665787315112403,-1.5966886069305797,,0.10648892424197828,,-3.0678877190884983,,0.07648587362363439,,4.472748800453092,3.413051419799219,2023-01,-0.4,2023-01-14T01:30:00+00:00,2023-02-10T01:30:00+00:00,409ac811a509f4d560ff200ac543fd09e0f646be6ac7d412f71e233ee8010294
,,0.9484839211214985,3.015087080659133,,,,,-0.20660428394271674,-4.922802622621372,,,,10.001203868203833,,1.2007845614608987,2.5387185781110326,,1.0244254116601397,,-4.899808599157616,3.849136602371734,,,-6.167182065549511,,-0.19326048624491293,,0.11837885560734764,,,,,,5.384064651607336,6.269990080912144,,0.3525083628552771,,,2.2873824350560357,-1.5162341714328347,1.8204331804098128,,-0.11449434719821962,-2.7415775008137904,0.04995628928670733,,1.4265910789810106,,9.941291855401658,,,,,,-0.6715221372054551,11.599440873943045,,-1.4971885240870637,,,-5.051018111647502,0.0,-6.8992871486951435,,,,-7.611033925581542,0.25895569067336766,-5.408523945062028,,4.783047682100787,-4.346961539159465,,1.2241503484670542,,,,-3.9803803227455035,,,-3.198521878262791,10.1883617165108,,,-3.350443216472762,,0.9733166344631656,-3.713520666225994,4.4292165050886005,,-1.2845901211712845,,5.293860953885015,,-0.023730735368643598,,-8.15894135538643,5.214824312775872,2023-02,0.0,2023-02-14T01:30:00+00:00,2023-03-09T01:30:00+00:00,1a554565b0cac33722c79892a2e959a053f4959050b7cbeda5c1894f7fea322c
,,4.390204628712875,0.4180288109310788,,,,,-0.6116227017436094,-0.7986066901054384,,,,-2.1667658364650197,,3.4153679096477902,4.02270392238189,,3.8656770806694505,,-0.8155436090739374,-0.3302687423967335,,,-1.7247116770544129,,-4.715334316317239,,-1.7044491996837108,,,,,,-2.320788286366811,-1.2216925181413445,,0.6582211020717224,,,15.007181625243721,-4.854563818458025,-0.952843715345945,,-8.825403328770896,-0.1416215236671372,-2.9620297452351148,,4.89808875506237,,-3.43230220709123,,,,,,-0.6685873812538868,2.7618103619069556,,4.00206332039344,,,-23.50991649590275,1.1510918466140272,12.09526104176625,,,,-13.937936250694568,1.5240864709977158,-2.9648958079966174,,-1.8812094182242203,1.2545399760864657,,-0.38301523640317053,,,,6.311132748192428,,,0.0,-2.0527896012301965,,,-12.582417033080684,,-0.18713176347944804,2.0619287202735608,1.4001247954623197,2.3655575372803415,-2.479631142928435,,0.4424352864283299,,0.33960359605738727,1.5546182516709104,-7.810340881712258,-1.3143797429139212,2023-03,0.0,2023-03-14T01:30:00+00:00,2023-04-11T01:30:00+00:00,1b6d7fc38475bd585a6c1fda3b889df8a664ac9b21b2a3b48cd3c93991b4ecba
,,-3.908367331313553,2.01251484932254,,,,,-2.8863030283210933,-5.740900900477338,,,,0.9941573756067924,,-3.1168467236457698,0.38576702313142475,,-1.2627679210539744,,-5.72568290954286,5.507726295162071,,,-5.392916169735085,,-9.682418463553981,,-4.386015251800394,,,,,,0.6204721139657562,-1.4533036329543592,,-0.4631860061768421,,,3.142020917914217,-11.253979614653144,-1.525209236594467,,-5.85064469583237,-0.09938712098542678,-8.775702703360807,,2.719614727329609,,-8.802014081299687,,,,,,-3.025734200040108,-7.235032661759893,,0.24956339381474035,,,2.723350876757633,-0.1431639471437739,-8.58612906063924,,,,-11.551288712184435,-2.5946110069040196,-6.044831198082793,,-1.6942466892331005,2.9062884241780904,,-5.11360004641119,,,,4.480157757608293,,,-1.9701965149860678,0.5138118935546916,,,-14.396592389628108,,0.25075638039862025,-10.08356210595367,-0.5405012783191354,-3.505920772317876,-5.478221514358352,,-6.830385403480449,,-0.1051801306537454,-3.6126760125266992,-27.694410337653174,5.113221376635142,2023-04,-0.5,2023-04-14T01:30:00+00:00,2023-05-11T01:30:00+00:00,56d07cfbdd290c0c793134b309d7e51175e5038cc5526c10d72cd28dc84d5c48
,,-0.31497658734473405,-6.372960428219045,,,,,-0.1441215304616692,-7.4822683321727315,,,,0.5208260863407416,,-9.484285156998492,-6.719739002651534,,-9.948303312596906,,-7.500491364357926,-6.489091049972719,,,-3.14173588895599,,2.9111136124114516,,-3.8683896463285246,,,,,,-1.0480350910654475,-0.4407783622746523,,-1.4989768638810925,,,-37.940257561394375,-11.71658525330873,-3.312866623350514,,9.266924193326254,0.6607225886687651,-3.627924178395281,,-6.354383055216416,,-3.3347136191790185,,,,,,-5.40126526751307,2.3974527301276787,,-4.930126185630996,,,0.14007239362702686,-3.7901240201170876,-0.6920442844573795,,,,-11.11559322380505,-4.535505627863543,-3.701535453745339,,7.126223418941424,-1.312723961048191,,-8.47755728794749,,,,2.9165088437652,,,-18.98390977594868,0.5145178568538215,,,-21.357410029805905,,-3.0165613095435906,-28.440677993110558,-2.7501916736612517,-9.157995025894774,2.6426205488289667,,-1.7937132875700657,,0.13671260936780974,-9.147256983501583,-2.616714770856104,20.97618919957744,2023-05,-0.9,2023-05-14T01:30:00+00:00,2023-06-09T01:30:00+00:00,e33fb016c3fe974594c3cf6b8360b4587cbe952141fe634a4bfd29164a749c5d
,,-1.1718942954047267,-3.630900054340868,,,,,-1.0296531818887034,-23.585507875299573,,,,-0.9368433270073843,,-1.8594230904344982,-4.40269434486602,,-1.6993047145181752,,-23.629498011833658,-0.25422155038748956,,,-25.386322785399294,,-3.266353772848243,,-8.714500113892603,,,,,,0.2186160796699378,-3.1082412729300097,,-3.140138954059778,,,-16.1805778311921,-1.27290217979398,-5.397380973522836,,-14.450416283448137,-1.3451943318018245,1.6175389680159284,,-7.265390712555095,,-21.03110554319225,,,,,,-0.07524531342874273,-10.037445504750538,,-8.40877110570839,,,0.8363389438634883,-6.48520436849899,-0.6968669316093316,,,,-9.065651637816986,-4.1913063700203566,-25.785197733449728,,5.960825534421545,-5.879759905980016,,-7.877186936538629,,,,3.095910126300758,,,-13.650512684964097,-1.1204004492392303,,,-17.1911514214104,,-4.49779952830777,-2.5337807784292563,-0.584372867030854,-1.5863036331798614,1.4295620938413678,,-13.244908221199386,,0.5449890342775235,-1.1146776576874418,-12.757275466950196,-9.052240399920555,2023-06,-0.8,2023-06-14T01:30:00+00:00,2023-07-10T01:30:00+00:00,596dfc0f2252092e9ced8fcad0d660e42c25f47c98a5e4c0eff24c92aa569538
,,0.0,-6.052439009014582,,,,,4.450374539052344,7.6974450545511015,,,,0.11067349197760062,,2.704958191173608,0.5549061652415157,,1.4637996779858837,,7.7140175727968305,-1.4302727863045268,,,8.456131693836017,,-2.551857638036853,,3.3729505433896447,,,,,,-0.45785064353193217,-3.574769084444296,,2.082135835560679,,,1.7983785892460282,0.6521722421224513,0.5818373259350063,,10.011358800060693,1.8817830676065734,-0.18282523778262022,,-3.1354063552872393,,-7.173536313789902,,,,,,4.76133821153591,3.6664063617170415,,-8.156289799004988,,,-14.034626574823028,-8.658423129759527,-1.4084739881739086,,,,-4.71723338818766,0.05808785511112318,8.576682175742532,,1.529959871023205,-5.636381705598735,,2.252062257969638,,,,0.7051040381128516,,,0.8566773973851978,0.25018945538599935,,,13.337046614007198,,0.33798269531495934,3.030534949532884,2.5493759781359215,1.1745533844851326,2.6685358356780666,,0.7169531267725477,,1.5041777376045513,1.4374651801707483,10.272748614122913,-7.461188871580444,2023-07,-0.2,2023-07-14T01:30:00+00:00,2023-08-09T01:30:00+00:00,51db7ffcc89dbf2c4c2319f878e8ebefa20ab3e4892575fef8d5547c4ac161fc
,,0.0,15.07953031471807,,,,,0.5097414213490081,-0.5940056692494546,,,,3.733619424362905,,1.0213792790840106,0.6765063302590097,,3.428590590126295,,-0.5553928604303628,4.213936567293239,,,-0.737417030690504,,-1.2009619710390318,,3.1721406303088213,,,,,,0.7435543014869326,10.507057121486724,,2.473955978862554,,,15.096291812238563,1.4430212508576155,3.935968709154874,,7.691686957377302,2.980672534633842,1.1203599545079763,,20.220618277539533,,19.696078422607233,,,,,,2.0410635108360573,5.208507801570518,,-3.746699841104538,,,1.2565471856065653,-1.9404507110555465,20.453170411961075,,,,12.360217284728133,7.827736256980194,-1.1455233622738636,,4.19450221114168,0.8961578161403386,,9.24482835863657,,,,0.014436437593472368,,,13.077305340707898,3.6007411024089384,,,30.560421211088446,,0.10458577519702608,15.201620729862569,1.5599508577131687,-0.2970807273130412,-0.9121631151411732,,9.418179150150003,,0.3314962755052551,-0.37668688597906225,-12.015393312068563,4.816520383158109,2023-08,0.2,2023-08-14T01:30:00+00:00,2023-09-09T01:30:00+00:00,ffc754eb644c71bc9ecfeab89d625db10a17ce989dbde7105eff9e32821d8bc2
,,2.4120879830283286,6.242766670231042,,,,,2.302184093463758,2.2672676014577817,,,,2.1588888056765216,,-0.9131142159757587,-1.7769811146758328,,-1.3588690052362022,,2.2033001918612394,1.9355442952956072,,,2.4984688315540358,,2.7801327812453827,,2.5486887640637694,,,,,,4.737632257896607,2.3313055148735677,,2.640750703834802,,,51.80246077362448,1.7961938017653611,6.286367864852926,,7.769370959473743,4.230659316485297,7.729871185520519,,6.02180164610683,,16.63626483478788,,,,,,0.04180522626208137,19.00852636605842,,-3.626070945441715,,,5.982019121707024,4.159415881362745,-3.529778208102394,,,,1.3564303883488005,4.539511283515456,2.5060885678517253,,1.7130268024982014,-5.556985115481076,,2.575698748992014,,,,3.6276559550621896,,,-3.485659914063895,2.2783144418108936,,,-16.430343007908345,,-1.3509220406603049,0.8527638676815749,0.2795599722229428,0.19455259054913526,7.461405065951896,,6.072023164571491,,2.242553580576737,0.14110345222494985,9.379632284325124,4.865969251421384,2023-09,0.4,2023-09-14T01:30:00+00:00,2023-10-13T01:30:00+00:00,2e439866fb8446fb014640162661db3822d31ed86779c300e9d35cb531854f09
,,-3.3426670969059873,-5.805281565828359,,,,,-5.786176377734532,17.86518279049922,,,,-0.13709283535268468,,-2.1828631236210607,-3.7548110495341054,,-2.6996003915313596,,17.85084152394901,0.6369448285479928,,,18.997040263592247,,6.57438638465732,,2.2146909349197177,,,,,,0.6932881793767074,-0.2205019707983281,,-2.0598282386037488,,,2.4795989434845622,10.503695886415656,-2.112146928868218,,-9.329728928038751,0.4056776021619894,0.295140241787938,,-3.888318847775723,,-0.2677832180249661,,,,,,-7.591591530690232,-5.736433524969023,,1.8784536519855395,,,20.300906259436978,1.3990004874430422,-6.813780516721803,,,,7.480187633868166,-6.898953931432486,15.757200362106557,,0.32771346467233825,-1.0316556019149428,,-4.40653589186646,,,,2.293678534309823,,,9.472740419483415,-0.28037747628742443,,,-4.80092191863606,,-0.5616104098259203,13.457320496385764,-3.489571766704338,-0.5142234395353418,0.01638353068748843,,-1.6927650395579537,,1.3133654200845222,-0.39816639422589784,7.453899197596366,1.0337351028137503,2023-10,0.0,2023-10-14T01:30:00+00:00,2023-11-09T01:30:00+00:00,3427afc8ca665709d6b3f4b5c4e4a4121492b48a0a10effccd872e7fb9bbcc81
,,-11.7517989169756,0.7061377689989444,,,,,-4.82711912823982,-7.995080013245806,,,,-5.380903391467627,,1.9785377568170626,0.5484121418695278,,1.0875806169652693,,-7.948531432116726,-6.85711916988883,,,-10.943310266289654,,-2.2114257653669847,,-2.268918232044548,,,,,,-1.963887407192225,-4.46513693570365,,-0.7507948608608035,,,-11.802161373219004,-1.2314302468484906,-1.0980420364087973,,-4.75503551608959,-0.28507971445362307,-1.225594361154129,,-0.5367891047368755,,-5.1753555153773725,,,,,,0.767726737174242,-2.410161730559572,,6.3252189760545345,,,-20.12772462288264,1.6362857210480062,-5.942342047080077,,,,-12.639357581140894,-0.32541519116776735,-8.411497427245834,,-9.332771039835485,3.090753746307649,,4.016408008520733,,,,0.0,,,-4.624246108234599,-5.503478898495203,,,-3.7582711149042893,,-1.2207813120181892,-1.9613311884139801,0.5860869225217057,3.9920736498590537,0.8815214494703336,,-1.2567072536428547,,0.5752179093475267,3.790714327438139,14.419646090385607,-2.713160235381814,2023-11,-0.3,2023-11-14T01:30:00+00:00,2023-12-09T01:30:00+00:00,69834162d44ca7e3838d1e9caad6efcc726962a9f7fa0d7392d903f50758deab
,,-2.1734820272234088,-6.945698771326931,,,,,-2.424645604769481,-1.2926679323579242,,,,-1.0534987470524944,,2.2683117957688483,3.457234121324489,,3.0649505209388366,,-1.267845825977095,1.867374805507636,,,-0.6073139035484774,,-0.20661875872327934,,-3.835729370303077,,,,,,-3.073903915702201,-1.192571064405872,,-2.2966804714547617,,,1.9142732714959365,-7.758188347082543,-2.047399355167551,,-7.7606805518589645,-4.985232374181684,-2.364731430773336,,-13.608609749372032,,2.6550492612654137,,,,,,-0.4668761474951377,-5.7346411954780745,,3.048372449951796,,,0.6651909228305919,4.27991437379874,-4.879016416943195,,,,-7.859027459322155,-4.476408055411147,1.1223462369849577,,-5.338191521053968,1.5905443814137081,,-2.8441003534602696,,,,-1.427372221245358,,,9.0440736981979,-0.9945293308064495,,,-7.9688160603699405,,0.6625591908411426,13.492415839513416,1.6264254861008287,3.186846040366753,-5.103164195123535,,0.8480016896756772,,0.11563112503363551,3.19724849794552,14.962444952788257,-4.233097322819454,2023-12,-0.3,2023-12-14T01:30:00+00:00,2024-01-12T01:30:00+00:00,8a987b7c0b2742a6e1cffc1be0e460105940555e35cd0fdc7eab2705d3a023c6
,,-0.657235754209754,2.950890460050187,,,,,-4.974858388010196,-0.8915062591469467,,,,0.7277743722587722,,1.4849094618938459,1.5749907219938786,,1.1732575890880648,,-0.9186135949475245,1.5286280647649506,,,0.13392587379492785,,0.12057948509348121,,3.5971510717249813,,,,,,3.8242135636836054,-2.263617755028616,,1.4028224779788694,,,-10.387909166072603,2.3795694575717685,-0.40107185564864906,,-3.1378060074575322,1.2001250663278138,-3.7592821591179773,,7.994917911711538,,-2.9438164269850917,,,,,,-3.9558360831359733,4.013939346337103,,-2.1635459295878197,,,-5.735342797909169,0.02832549155797922,-0.7168489478612516,,,,-14.23270743787384,-0.9766628951721184,-0.587660848898493,,1.5328914406006449,-0.5901304679861507,,,,,,-5.617793873815784,,,0.0,0.8522570963797922,,,-3.2789822822990837,,0.44943895878394885,-0.5679464002522255,-0.3390417516228324,-0.20477046326996545,4.353393529684256,,-2.340886865017005,,0.2210488435390976,-0.2788128233273943,-5.536796355335637,2.1118426044559224,2024-01,-0.2,2024-01-14T01:30:00+00:00,2024-02-08T01:30:00+00:00,cb3223562f2fd91114fb571e4227b0240de7f0aaf1334ea42bd7dd915336d7b4
,,-0.7185971576223603,3.571955212938363,,,,,-5.481175235415671,-2.650049391542691,,,,1.1563189547328592,,-0.7337209532484154,1.1168959887030048,,-0.9286167059706282,,-2.6531946652603944,1.537980106827485,,,-3.013689849545468,,-1.2786258502565995,,-3.4926691744202607,,,,,,-2.381495512850884,-0.5495163251786551,,-0.03893938890026006,,,-15.519004590757362,-0.9910545199223566,-1.3892035662847344,,-11.309469636637239,1.1446512074285164,-3.1395201046524677,-4.94689932154402,10.56579737454713,,-1.8112426885473136,,,,,,-5.2102615391291955,1.568527641373329,,-2.6471228627462065,,,2.440398529659581,-0.526906518067506,8.94065877155845,,,,-3.873741122516509,-0.25451152853769066,-2.861201511024216,,3.025544309314336,-0.0807428384601044,,,,,,-3.9985969390808536,,,-4.41982758996331,1.242224319577873,,,-2.312241742085426,,2.2195148359476953,-5.556416123819642,0.1842685809806579,-1.0429745278144429,-2.833538706367972,,2.6486248141802933,,-0.024536866765233423,-0.8289977507243437,-16.989109521367258,1.0833173762043216,2024-02,-0.2,2024-02-14T01:30:00+00:00,2024-03-09T01:30:00+00:00,15f6585eea19441d957b8dd6a0f3613eb26ea778b88d24be653447a721c7c6dc
,,0.0,5.294477955618068,,,,,2.6626610967915116,1.5861007362657085,,,,0.0214265818993683,,-1.8435925851023889,-1.6113285220855464,,-2.332190596867895,,1.6068553633599376,2.2400936689166713,,,1.9003242165217722,,0.2577321014300541,,0.024058703351940117,,,,,,0.8189188547192389,0.33631880279377135,,0.4905005888287532,,,26.502049418527317,2.2749860676232085,0.928276707918785,,-2.507604733293431,-1.2312994746666435,1.7662572128608196,3.25310348120576,2.080649142247813,,-1.275334582076515,,,,,,-0.22646511242773665,5.832637441670732,,-0.2811184109656909,,,1.009982073492856,-1.7423377769843051,-6.103589058636901,,,,10.032272162786905,0.8809543028428118,2.354728847063383,,0.18779348242001143,-0.377664328033518,,,,,,3.388466919463147,,,-9.472740419483424,-0.026576601673521646,,,-0.3906254967065099,,-0.4074802698337589,-5.038511964548302,0.27323194467922063,-3.693416650634302,4.073126419396596,,0.403260228912938,,0.26223255680581975,-4.109607505006629,-16.916828906371563,-1.1819367135857926,2024-03,-0.1,2024-03-14T01:30:00+00:00,2024-04-11T01:30:00+00:00,83acc8ca5c747ad93885c1d56ad30d3a8be719189bce96b03690283caa0f83ce
,,3.2150719860999524,5.028201852164033,,,,,-1.3224686050335288,-11.751309369226613,,,,3.0779449286068985,,-5.633069998691304,-6.207798887242135,,-5.590049506155816,,-11.745777951430638,-1.870550783290618,,,-12.123386481411634,,-5.102055321814323,,3.1106051399407817,,,,,,4.383937922719625,3.0073406517295265,,1.191894873748191,,,24.789575434799445,4.043114364906124,1.8922675300562033,,2.301758633436458,2.909636278101195,-2.463276730381768,-8.274601033471944,3.618292299504638,,-0.8593496252081408,,,,,,1.5856380674537627,3.407592783006884,,-3.8582818434306727,,,4.025406541068602,-1.652071783654395,6.759329113252825,,,,-9.481030476267382,-1.5806552573050816,-12.498450352780967,,1.1768522424561092,-4.731827495704583,,,,,,3.441916554852139,,,-17.82264211026459,3.3938467846445137,,,1.0012331217439956,,-3.078234750920565,-22.482765027632944,7.43076127289049,-7.682625930472746,5.995540352261513,,-0.15523067453913575,,-0.06610599234455322,-7.365484239041561,-1.3153267730238936,-15.612598911151288,2024-04,-0.2,2024-04-14T01:30:00+00:00,2024-05-11T01:30:00+00:00,9527ee629d9bcadbdc7abdb1f1702dd7a6d2a18907ef8dc9124de42b4bcf525d
,,0.0954478358081943,-1.4929800103867361,,,,,-1.732099464229206,2.817087696669644,,,,-1.0252859211275425,,2.5841362642506778,1.9392478646109557,,2.177503258682114,,2.8018426322297008,-3.3254231097804885,,,4.30860961733222,,-4.0449917380102605,,7.622509766152184,,,,,,3.1590678709117817,-3.00734065172952,,2.3455069100522055,,,-6.180006039883083,3.569149721504692,0.4668629247211591,,1.8693223266099932,6.017767310178277,-5.378853629538956,7.3210570539786355,0.901566676041123,,5.524907069095487,,,,,,1.3496666169343083,-1.870684314993848,,-2.4018262642204387,,,-4.959285110127332,-2.0232095076985352,-1.9802627296179753,,,,11.728316061473238,1.589425725390584,4.316541884238667,,-3.9020237992989197,1.6580399503416783,,,,,,-2.2253565384832887,,,17.82264211026458,-1.1033778077641105,,,2.649508512502304,,-0.9502679741128333,9.078373078829323,7.524102686160794,6.25559548761998,-2.4985615769024467,,7.031598006157061,,-0.24030810220654367,5.7132705246849955,8.919239370833537,-1.9155777724950074,2024-05,0.2,2024-05-14T01:30:00+00:00,2024-06-12T01:30:00+00:00,099b8c78931d2c273348511579ddaccf8b8a7c1fcb81f2e8a7418b6d66416e3f
,,-2.3256862164267234,1.8993346588064879,,,,,2.8832471433435245,4.400181880621255,,,,-1.6421564212745214,,-1.553674977485681,-1.3249665399940458,,,,4.396184834759226,4.5610511252052275,,,3.6956611500214143,,-0.6884445457556642,,4.528565626391036,,,,,,3.056167125043917,0.3818731991276866,,1.6958498019925061,,,-4.2925044717033884,-0.904743149308825,1.7276752506443918,,-1.7839918128330894,7.950837691008861,-4.841538415511535,4.408814686317441,5.818423333635898,,-1.8185921167428323,,,,,,-1.0518339551013878,7.7138669091761365,,10.815381356343902,,,4.74186746197461,1.675702355377814,21.511137961694548,,,,16.7395906577279,5.263159021916663,4.005635632344775,,-1.8365493440525138,7.720874983197007,,,,,,-8.580291762806135,,,-5.095605314837818,-1.6545718892448016,,,-1.789501398570249,,0.22675746677805605,-1.2739025777429713,1.3312210868899232,-1.9267162135036136,7.593099330519223,,-4.404447659264841,,0.10796487283215518,,0.053447976639801456,-1.075660489650943,2024-06,0.1,2024-06-14T01:30:00+00:00,2024-07-10T01:30:00+00:00,5fb00d39e1aae0f8490d0e57e7ca148013d373e1f3b375ea725b56aecd3bfbdf
,,-0.9361327878893433,-0.6315470953858587,,,,,2.4642425643985737,-3.716514325614385,,-3.517361417826715,,0.38650991764514786,,-3.4901896204879637,-3.600922656633131,,,,-3.7107649922870323,2.0489290452471414,,,-4.148995259732461,,0.8712321061689207,,0.7275632495999179,,,,,,-4.290947704983303,0.4940069792822154,,-0.23359791523832368,,,15.38913773494667,-2.310378330776836,0.36997413441334664,,-4.956104946045523,3.685904818880724,0.4169118179820787,-2.293040405535415,-4.185996846340494,,-0.8734381428773481,,,,,,0.16288082488172648,6.063162542679608,,0.6256537614305138,,,1.7737761312778983,0.4358304868706103,-1.081091610421573,,,,-14.038619733212194,-3.7417803070761284,-4.6197938655711335,,-2.1598337261805174,-1.8487702714870702,,,-1.807085421910217,,,-0.12128564252092935,,,0.0,0.4359410642992642,,,-3.1909815726143806,,-1.64108772950588,0.0,-2.462347835687215,-3.971363198370357,-1.6947203768736165,,-3.4069389090984252,,0.0980488361715087,,2.305710006210576,-5.289269127711914,2024-07,-0.2,2024-07-14T01:30:00+00:00,2024-08-09T01:30:00+00:00,5c4498a2e7da41779a0e82e1ccfdaa74ed4742edba3a9d45b953fd26620b1d5f
,,-0.048700817592094284,-1.2582745755425075,,,,,-3.199967083440697,0.6790252616437507,,-6.8640362568893,,-0.7852298404188366,,-4.350154342104906,-6.927344485776726,,,,0.6222503200612541,-4.350369418900417,,,0.8118764232934955,,-0.7829996270584496,,-8.653288133503418,,,,,,-6.801943974604613,-1.808089765048269,,-3.094628508817492,,,22.023476056597797,-2.0382375089997757,-1.5000183343396756,,-8.383589842065435,-4.7762746232901945,-0.3763586725299125,-7.0889034308036365,-4.80060963858109,,2.6115094229591915,,,,,,-1.8960649720422944,-5.272087611532368,,-2.953801243686387,,,-1.4719346705971068,0.5835863005006378,10.807422152942271,,,,1.3918946253280255,-3.0805130187081886,0.7823925774096362,,-4.866362594913802,-3.639684594050426,,,-7.57084975835705,,,4.1180731348437245,,,-4.583567469691687,-0.7213737323691654,,,-0.4472057142592004,,-1.3888322882537008,-7.212965418167499,-9.211981654568344,-8.161182099423728,-0.9621651335392827,,-1.5522699740508774,,-0.23547891571882956,,8.479542922012921,-9.02172941341324,2024-08,-0.7,2024-08-14T01:30:00+00:00,2024-09-09T01:30:00+00:00,bbf9e277c73c6c5ec077503da43289850d53989cdf626921bafaa82571f85c61
,,0.42325972691784525,-0.9280661249535931,,,,,-2.006435347249384,-1.171692252994983,,-2.4673005509019252,,-3.6296637516648738,,-6.453852113757118,-7.991298074853133,,,,-1.1062840848756477,-4.328873074060888,,,-1.2001744274089696,,-0.08823247911046288,,4.214895684293274,,,,,,2.1303447558543955,-2.8756145303023715,,-1.0668073961201092,,,-6.135314347013734,1.4469535739219779,-0.8360954536934455,,3.6724075326730983,-9.338250920766543,-0.9450942107572713,-8.011136620038044,0.45277076398583327,,-1.0110271341500359,,,,,,-0.771770230754468,5.440690617831405,,-1.231163596593535,,,4.881886722200358,-1.519845829348658,-3.474294844387286,,,,-4.717031642191348,-4.9822230505791225,-1.2300278081651677,,-2.744748940080513,-0.875997936829297,,,-10.185315143163235,,,2.8232412020158852,,,-16.079485768901737,-3.7764098778049022,,,-0.028290854074392812,,-4.709894933371871,-11.019190261227958,0.5510127200108241,-2.2936929092410856,5.559259753997639,,-0.7419583687881209,,-0.5022414417716632,,9.360985413155905,-10.068627811020018,2024-09,-0.6,2024-09-14T01:30:00+00:00,2024-10-13T01:30:00+00:00,cb65b6f889a1d682a05e7f8aa9ed3448269609e360b5f04f63c1c7ca935ae598
,,-15.459443924593796,-2.995188979565374,,,,,-7.542721342534082,3.1053934629088973,,15.303142361142585,,-5.939599387123624,,12.964402901439778,16.659996677933627,,,,3.1452796551805857,1.1759508165800903,,,3.506356297961815,,-0.2613174955647717,,8.079945249417522,,,,,,6.0170826265772455,-3.714151996712482,,3.390035064687985,,,-8.829941452078854,0.921650685716445,2.0662326054238247,,0.06153547390262958,-2.141155212770326,-0.9665089940321168,-3.5482790710585617,-8.135238375011273,,-1.962124415197132,,,,,,-6.796566162571915,7.2490210008909,,4.806728501367,,,3.4196188709861275,-1.7311837902773162,-10.088122485378031,,,,5.862325179041579,4.491084857449483,5.697791075156648,,5.196256823298108,6.879121977543681,,,16.924334680381172,,,-2.1721594476334047,,,12.82549306680743,-6.304511520797766,,,1.6093514567386304,,9.47014474215841,8.829260714567821,6.7748055762708415,18.224759503215168,17.23022604292853,,1.8021598179374432,,-0.9647533379793389,,-5.882783810870513,-3.4560675065467326,2024-10,-0.1,2024-10-14T01:30:00+00:00,2024-11-09T01:30:00+00:00,8b4256a9435ac6399acf27d4559421120565bb65913c769aa3f4a2c26809c31a
,,1.861950572512834,-3.4511246756038156,,,,,0.5165276263188558,-1.8339063355232044,,-8.640536069223176,,-2.9423384799394174,,-4.730915777005167,-4.366019328250762,,,,-1.8869576484970483,-5.234672136336276,,,-2.239925987919707,,2.852567865551241,,0.335493963984936,,,,,,3.110968531648442,1.866744966378497,,-1.1313803932962307,,,3.186952233454231,-0.2661324216057731,-3.0338531099450705,,-0.6887616572221076,-0.3034903695154047,0.8272503190590492,-3.503076718597417,-8.211840790835176,,-3.003759395453655,,,,,,-3.6486741413914476,-10.98663986061089,,5.8469373650145195,,,13.162955198630865,-2.07319326317769,-5.158736879049312,,,,-1.0344335075882096,-4.369440586397612,-2.9662563287256565,,-2.1380365106500716,2.884085553818907,,,-3.0397979408848803,,,1.4917545085862254,,,-0.36817850081186443,-3.109328543711423,,,-2.0470850507588785,,-4.041831337922911,-8.82926071456783,-1.0201031000103797,-8.345396813010684,-4.45400734487307,,-3.4611518524822444,,-2.1664952967065427,,-11.080744192375871,9.44535264109886,2024-11,-0.1,2024-11-14T01:30:00+00:00,2024-12-09T01:30:00+00:00,e0133bdbb15e5aa53b9ddc686f0f43fa3cea92c58c687654320e0fee2d639280
,,1.022164596425274,1.3718814370634536,,,,,-2.862337941421593,-4.025416286015563,,-1.5579918491883644,,3.1719110461984923,,-2.0973279999545538,-0.5844001620581282,,,,-4.017945236782928,-4.408067923517496,,,-4.456015125275288,,5.29840855853484,,2.16179546976996,,,,,,-3.723563063520268,0.4849343578286337,,3.9101479069535228,,,6.018389902393316,0.5507186050104204,0.7046511920896795,,-5.223058041250014,4.810676382082536,-1.179151984240632,-1.3877576909964102,3.8300626701010603,,1.4268354180222902,,,,,,-1.4599168165293075,-8.96747080367126,,0.4998621904836515,,,-1.4697501489041065,0.058268069033902206,-6.689423483003024,,,,-9.169446239984062,-6.056266963298036,-5.317277804331211,,-1.9150729241431181,0.5967198213542239,,,-0.7351736350175059,,,1.9327296378181646,,,-6.312462311851933,3.321503045316284,,,-3.451552944307321,,-1.8532640506675775,-4.725288485054549,-3.231027540679891,-3.245200001597314,3.002507557033741,,5.172901561208691,,-1.405403584910501,,0.211316761413489,1.1715139842208004,2024-12,-0.1,2024-12-14T01:30:00+00:00,2025-01-09T01:30:00+00:00,b8b726d20e4597d07799b0f90490391c88c90f900685e4316a9db0ce79f6a6cd
,,0.6205883388186644,-6.278323501938801,,,,,-2.302571469916611,-6.187294882370313,,-0.38835000263975217,,4.420018098037044,,-2.8742611246826777,-3.143333586016692,,,,-6.184952011664162,4.5851105095425835,,,-6.464933060081282,,3.892056034596341,,-3.291155463100073,,,,,,-3.407337652705121,0.009592523320620055,,1.5084391673260389,,,2.1801604727496873,2.45539778001382,-0.8507393400346217,,-0.26139309810268435,-3.40240219430804,-2.28622134781815,-8.486529570263444,-3.344748291693231,,2.7400085633276645,,,,,,-0.35428943478184266,0.7651864320501899,,-3.6100930998792267,,,-14.986611982669181,1.3782056748045173,1.2500162764231468,,,,-8.323946685764858,-0.4321295543909627,-8.633328859574855,,-3.3315235953229805,-1.3225395513839726,,,-3.887943025291613,,,-0.7943376869416522,,,-6.389398357094598,4.776004842972336,,,-1.4006491536289511,,-1.1947183873016518,-10.178269430994236,-0.6510366039984233,-0.7921423196352146,-8.239515025661333,,2.428265991274824,,0.11099496499690216,,-2.632599163975026,-2.8350384652225147,2025-01,-0.2,2025-01-14T01:30:00+00:00,2025-02-09T01:30:00+00:00,e535b17797f676824adc304a41c79c5beb2da948dada54e581e7b05ac92f850d
,,0.2224191318280518,3.111997529080744,,,,,2.0493328033656,-0.9124600915626413,,0.4477450236892385,,5.620912920279085,,2.2051951788234625,0.17756398399051543,,,,-1.066884957042129,2.767468704238197,,,-1.009809590700171,,-0.54044940851424,,-5.892068883381133,,,,,,2.958101923710858,1.3812656241223984,,-8.076780161052943,,,-4.634545165931982,2.8427016086251107,-1.1940963978361994,,18.52903636007871,1.4017210588052793,0.0848284395780308,-0.44737536354060103,5.8724503789546,,-1.7130996720677447,,,,,,1.1020654442681839,8.323804341790343,,-2.23619017445216,,,18.258907442305087,0.0,-7.076907088820739,,,,1.0101095986503918,1.5033707258777607,0.8959398318357557,,0.8856345780059772,-1.8763227945246745,,,1.097808151288755,,,1.7546972777393433,,,-6.199879365099652,5.613401703579406,,,-0.21030501967787876,,0.1053728539972323,-1.4388737452099556,3.0379328551629814,0.7743434468501657,2.9760990701933823,,-3.0236306277385427,,-0.09291761973493752,,-4.8974627726873665,1.9203006563241019,2025-02,-0.1,2025-02-14T01:30:00+00:00,2025-03-09T01:30:00+00:00,da2b931ca28c2a33b3b6e63d2240eff80a37c57ae9e9213f308aa8477d640181
,,0.44203514003880573,-3.571955698111029,,,,,4.560864775506975,-9.709549605625579,,-2.201220887584701,,-5.230142673988703,,0.8956980698364635,-0.6718178637158322,,,,-9.588588505914332,-0.9570774538652845,,,-10.469738566005102,,-5.368620211564379,,0.6635444852572905,,,,,,1.9189090333072225,-1.2224376315360321,,0.06388890780442406,,,23.914317556006065,-2.3857533469465033,-0.2350975786077196,,3.9498009820675812,0.870376682326651,1.7441447407511232,7.974313932205386,-6.264093097208495,,-1.624984463920932,,,,,,3.1544279473080987,-6.385874468735945,,0.8771986072837041,,,-5.447595761713905,5.752447388351449,-1.342302033214066,,,,-7.294899964616755,-0.9858330445785083,-10.022791243130609,,0.7220146154205498,-1.599621311532616,,,-1.4439104501986233,,,1.562214527221022,,,-10.089922527851412,-5.31886775842609,,,-2.127739844728485,,-0.6386197511875269,-9.097177820572675,1.7237035924749227,-2.389858252749725,1.9991543801550142,,2.8807297153938354,,1.132334643697997,,10.420730859721475,-3.937459306456255,2025-03,-0.4,2025-03-14T01:30:00+00:00,2025-04-10T01:30:00+00:00,6145094660dbf2cfe462d52d619c8b4d6a16079da99a8fe4e7d6050e7aa614bd
,,-0.07950179297770174,-7.740294729590211,,,,,1.4797957892881601,-2.8521938932738222,,-3.0998402005558687,,-1.6885191292998654,,-1.7376728616781807,1.739124604241054,,,,-2.862344943744385,-7.0330855681407245,,,-0.8989572774328917,,-6.778640706887567,,-3.9117590190141236,,,,,,-2.795150634688691,-0.4195235108305588,,-4.467910769842369,,,20.364107459345014,-3.16651640863817,-0.8100749866116916,,-14.235634905886213,-1.4263320969653548,-0.5514719858510855,5.81445326352432,-11.791040511576899,,5.518794265332,,,,,,1.503312951636578,-6.769501277135147,,0.0,,,-9.795667272767773,2.0058476885541814,-0.6779686985378803,,,,-0.45508801047523034,-2.0661477578124603,-0.2658061181476357,,-1.6840698535777423,-2.2088723469407943,,,-1.650090021948641,,,-2.201024580226219,,,-3.8653648667100837,-1.6625603313177286,,,0.6430890330290331,,-0.9228432072708296,-2.8170876966696334,-1.645383873775275,-3.0104361380995845,-10.347789357260087,,-1.797467695253088,,0.16072047032747594,,-1.2845039214942002,-2.4451829488477417,2025-04,-0.4,2025-04-14T01:30:00+00:00,2025-05-10T01:30:00+00:00,5d8e8c1f2e12f586f9fe9afb083e32dc7ded1f837d28d3f070ecb6e66105673a
,,0.30044957647313686,-6.527040129761867,,,,,5.566289374046914,-3.60347823886554,,0.02384856174667032,,-4.456419422144623,,-1.7283821198793476,0.42657239422943266,,,,-3.5588798030396718,-2.944325972270081,,,-4.585134292525701,,-2.7245149134227904,,-0.29035974257201663,,,,,,-2.30180641501542,-5.150518231337107,,-5.718880563090574,,,-9.712525998464026,-4.699191963139157,-1.2754676326346648,,2.752582140081695,-1.3836743910444709,1.5422974124859343,-1.4339575331056909,-14.548705249230936,,-3.5484284215290582,,,,,,2.2593906766970764,-11.171877568153292,,-6.1534788439747485,,,-5.218376639652494,0.10939723222090979,0.6779686985378769,,,,4.688524393131317,-3.52317604040445,-3.7184764290725876,,-2.8958957891662336,-0.3462515112023627,,,-1.453247184504334,,,-11.301375900926603,,,3.6907983922632295,-4.525103218913116,,,0.0,,-1.3233182257665776,0.0,2.503498477833194,-0.203745858430739,-5.020163445686813,,-3.651710384362075,,1.1153474304777649,,-1.6668166719066357,0.09866050206432779,2025-05,-0.4,2025-05-14T01:30:00+00:00,2025-06-09T01:30:00+00:00,e6d5df9766452b20ed388288f997ca4815f2d7a0b2af73c9de1890861d2ddf05
,,0.0,4.188320168891336,,,,,0.31644910123550557,-5.107874486410017,,-2.58154818851447,,-0.22668712580273853,,-3.271075347865842,-3.202335787941634,,,,-5.1665032591163795,6.74182479007189,,,-5.988085086359035,,2.519044682767847,,-0.7176995956847065,,,,,,2.7005551517193025,2.529466392117483,,-2.467960330824858,,,1.6332718569736369,0.4252048725918979,-1.6768738992801464,,-11.763263970984916,-0.5668750713811869,-0.3636818489644691,-2.8345189939375084,5.512664724348661,,-9.53243769602291,,,,,,2.5523400271945538,-1.5345524819338134,,-6.656327338401735,,,6.993799577084049,-0.5670352437229996,-4.845238338594686,,,,-5.342263919035985,-0.3512354677732491,-6.902105995505103,,3.2446699069409863,-2.266691756429197,,,-2.8497386654679744,,,-0.5099450112349249,,,-10.820056219605,-0.2960662389874668,,,1.8347740065819877,,-0.7568374839739174,-7.780711323992459,0.5242871526469233,-2.41036740311638,-7.446016119760997,,-8.117233828936616,,1.7442157372463227,,-4.2716919557380395,-6.211913864223098,2025-06,-0.4,2025-06-14T01:30:00+00:00,2025-07-09T01:30:00+00:00,6a708bf8ee0ff83b3c246eb3e6df8f5e2a7a7926396676b5ebcdc0cfd5fa9b66
,,0.0,0.9015381819228218,,,,,2.470844685836686,0.6110620908272127,,-0.16224079475191988,,3.346349314405735,,-0.08567588452640922,-1.8922818842145122,,,,0.6445397756538562,-0.8591786912444097,,,2.804178974227965,,-2.694308619286721,,-1.8456391846205744,,,,,,2.587585313610008,2.7034501849283727,,1.3651115598183785,,,7.117147594753242,-3.084004631826755,0.44260957756692765,,-0.40338059356676825,2.732624427063066,0.7013808767535876,-2.388432484956271,-0.6242631623767463,,0.6582043286572983,,,,,,1.201092212358064,-0.23178466797983988,,-5.125846271162075,,,-8.066227508953249,-1.9446423072429992,6.8519946436756145,,,,-9.752075424985861,1.5408560921518095,3.183458257568159,,3.5826125455852065,1.0587855119591887,,,0.6124403207097784,,,3.9613903108411677,,,-7.4668090444504145,3.4795197036178402,,,6.675512171000698,,0.08734048786576216,-5.281306917713959,1.858487129501283,-0.09325809046610493,2.8965289189791315,,5.48993257794018,,0.3017638145367686,,0.5285943777937517,-2.9156106677576417,2025-07,-0.2,2025-07-14T01:30:00+00:00,2025-08-09T01:30:00+00:00,a86880b389e6c7ca4bb54cbf648472ee3ba923c59192839783f1d8dfeffe5eef
,,0.0,-4.117023692790841,,,,,-1.7162868317359574,7.324819705708972,,4.73872042930156,,-0.9144140952600207,,4.442606131198476,4.38170303110603,,,,7.367191729570225,-2.548450283601395,,,9.097963616525051,,1.9698653341170755,,0.4312902333042786,,,,,,-0.7484688013459138,-1.7894966522541367,,0.06473539633741499,,,4.804354919617088,-0.5528216549440085,-1.005033585350145,,3.5092521342260796,-1.802418830871059,-0.3294488834069057,-1.7400416854683096,3.6703365229435043,,-2.793597027454266,,,,,,-0.35243729565030735,0.6726364007821821,,-6.214964335336275,,,2.607877430013737,1.8503471564559726,-8.280590368423253,,,,3.225321069901225,2.0900389192113322,10.248930777886684,,-1.1663309600949796,-4.50165747857926,,,7.111263363725925,,,0.537119280839751,,,19.921861188231222,-0.9169812474940398,,,4.713549438254089,,1.17888083137605,28.185115214098765,-2.226486872934115,4.995078111089667,3.1778414752230097,,0.5433475543106866,,-0.29680951792202714,,-1.4024355111619873,5.512952341805739,2025-08,0.0,2025-08-14T01:30:00+00:00,2025-09-10T01:30:00+00:00,ea249e0525c25a72462a801412cce1e927374f7c4aa8f794686c872e5a22c6d6
,,0.08190441420642211,-3.3166536440065357,,,,,-1.2230850224052183,2.5710512182249867,,-3.5116364474253645,,-1.857864420783339,,-1.8691599583086478,-0.5980027502701921,,,,2.548565423751623,1.5810081853845839,,,-0.49627893421290137,,7.160587761673584,,-1.0998241854613509,,,,,,0.5234522888963217,-2.159978310456741,,0.15223266241796782,,,0.04187312504480282,-2.3132548183675414,-2.5773621167805865,,2.4196873148743183,0.42421691458371275,-0.3595119473765627,-2.978690137173145,-3.024031803665417,,2.6116900603936304,,,,,,0.1911524339556803,2.8986280068439663,,0.701757265864654,,,4.8883605931921625,-0.1321627682225637,-1.4493007302566865,,,,-0.9378732286432468,-3.6014027002161413,-2.6978031784272454,,2.2791423753840654,-3.9175516434555404,,,-1.6326299339861499,,,-4.370438944585937,,,6.4814060484231355,-2.0179606970841126,,,2.0996153197110985,,-0.6757351158393526,-0.2177808300422074,2.0035692064558805,-2.868692926561623,4.637725815011336,,-2.101310455093557,,-0.14129372850007754,,-7.422626355289233,-6.230219803899613,2025-09,0.0,2025-09-14T01:30:00+00:00,2025-10-15T01:30:00+00:00,cb3514a9053363857db893c36160ab2195a121754918b2ece4ee9dc8b5c070e8
,,-1.4962872676712378,5.0515400462388005,,,,,3.633269318962255,0.6652436032637018,,2.945463790871249,,0.7099471827879097,,0.426004379085767,-0.7088786210884029,,,,0.6265684658927734,-1.2660636304782202,,,-0.5275552265431389,,3.76998755341001,,1.8463552248058654,,,,,,2.052714355405731,1.0409821461872446,,-3.176586998656391,,,25.549374957770514,0.028981307259813283,-2.778131026618046,,0.1956947786960947,-1.1471777311264544,0.6613913276981,5.60602819263265,-0.024464371528818297,,3.2563424814326356,,,,,,-0.45236284760029827,0.7008472476020954,,-1.0952238076006973,,,-9.158794682227224,5.562220944517879,-4.329680575332419,,,,-2.830629574948839,-3.642465179264879,-2.0309457249234106,,1.1326082236646497,-7.45414355328539,,,0.08792808655886333,,,0.3534821637493029,,,1.1222858965502542,0.7571933730988857,,,-2.5434897147821602,,-0.2552775073090695,-7.274889346603118,5.075950820801374,2.3232903998908743,1.716959670790716,,1.7063384487556372,,0.20185766950235315,,-5.507505002470788,-2.941388520629334,2025-12,0.2,2025-12-14T01:30:00+00:00,2026-01-09T01:30:00+00:00,b2696d914b25c46bf7452b313bbb058deff191f56951a40179e44c1504a754fa
,,0.16736405580296937,,,,,,0.457317870196492,,,0.4855384497979142,,-1.8728898660770033,,-0.7012446559162291,-1.3671565516281352,,,,-14.247642900908348,1.7738143839829146,,,,,-12.194080412655133,,5.230863571440983,,,,,,8.801716032812609,-5.433590359550861,,-4.4668035854333805,,,2.9255208484049975,1.0341875501789235,-0.10840800730101789,,2.2998404704364246,1.3641760079587304,-0.42037895957808114,1.8391588895311513,-0.3563520150913958,,0.3052056853994447,,,,,,-2.45097552066445,11.542266895074928,,-0.7130154984591192,,,-5.526703256819185,2.5741294364719587,10.09259185899605,,,,-6.721454341942419,,,,3.7589648585340365,,,,-0.7391781059092674,,,-5.8113662588737265,,,-10.562785959739488,,,,-9.921963848693032,,-0.4310298418464988,-2.30542310768479,11.912125890865552,-0.006266253096026071,5.882439741166181,,0.22721903266933255,,0.9248503342454693,,-13.388753414915078,,2026-01,0.4,2026-01-14T01:30:00+00:00,2026-02-11T01:30:00+00:00,8badb04b76a75d9a6e141d06435d6fcd44c674e4ff5196e176d143dcd268b5b9
,,0.0,,-0.5657112300699636,,,,0.8285863513879284,,2.7807589732246973,-0.8542243846246143,,0.8223761628231527,,-1.0463583788143844,-0.4198284872159186,,,,0.40253073328379685,6.772261004004221,,-3.475253199083972,,,-6.173042257467587,,2.3852608987117683,,,,,-2.657562409991697,-1.9259422257598333,-1.8548224157273565,,4.416179095117122,,,4.256759650699022,-5.40612465017234,5.72523430864837,,-0.9920398808460055,-4.951210100370631,0.7315204607383428,2.1991364595579443,13.917952232541719,,0.5155985259647586,,0.8340393612054379,,,,1.9120043513996134,9.024928702481535,,-1.4414664002184654,,,-10.988476413673705,1.2597446396191707,-4.082199452025517,,1.0467235733386626,,5.566379932680505,,,,-0.5127506604144245,,,,-0.5265264559432307,,,0.34644481086875256,1.0214156080071668,,3.6463132354284764,,0.28122881907130726,,-1.109719356444799,,-0.14079464836169112,0.0,-0.5009984310737304,-0.7106277743205133,2.094509784901804,,-1.8998184764055615,,0.3030305349179063,,6.699053289265665,,2026-02,0.4,2026-02-14T01:30:00+00:00,2026-03-09T01:30:00+00:00,9b4558c90f12188e64f9ab2ed28c78ecf4acf3030ec5addee67461fef06a4b50
,,0.0,,1.4241176356691552,,,,2.0593030847451432,,1.672925387832852,-0.22067164677396608,,13.04082228268271,,1.13428335517047,-0.06914070408154477,,,,7.475338793144222,13.998994597600806,,-3.6003888756002063,,,3.2943295257005296,,-1.4942570493329665,,,,,5.579729070339315,4.3508551843778065,13.957597209512565,,13.530032440011954,,,7.895471434850772,-0.6491680448033178,15.798663637751527,,1.4590409678451919,0.6272687843510416,0.4490460365984024,4.1776802588974284,21.183562956224446,,14.485845135392559,,1.9658176030174404,,,,3.1933718439717715,8.815641732491041,,-0.6920442844573683,,,6.502800662280434,0.579427672229932,-14.310084364067329,,8.076209059736124,,-1.3239381377655755,,,,5.329140256001606,,,,-0.3535908491307062,,,3.092613879400559,0.3159272350375114,,-1.5443765130209361,,0.636928470093665,,4.0129537253829355,,-0.4682688833645381,-4.152845869658223,-0.17435766040452694,-0.1989987548060275,4.459568025016995,,9.867346806012621,,0.4277274101902981,,10.284913464866321,,2026-03,1.0,2026-03-14T01:30:00+00:00,2026-04-10T01:30:00+00:00,f07aace1cfd13ac63ad9782fd049d672e67fa3ec306fb8be9eb467ac0774f9b1
,,0.33389012655146305,,-0.26606399367053457,,,,1.0161151095273564,,1.3520571016036966,-0.14339918210297337,,20.765381363188304,,2.6937266423499184,1.7202481300072652,,,,1.0858157527221848,13.947877703614287,,-29.929026015777993,,,-0.14037110660577232,,-3.170596945938766,,,,,53.00534711125523,0.2927028504452087,21.643920010695492,,16.5964769472035,,,41.36033617743189,-3.6596189480977155,18.300087189047947,,-1.388312786147341,-0.03259845970964151,1.706150357265857,1.1865451875437047,13.408139691712185,,28.876464149845937,,5.9074706921552,,,,1.3203302674515105,25.038098622344297,,-1.5841185930842174,,,12.721206052375935,4.072311064319059,-13.353139262452274,,-0.0010958143544500076,,6.586344268585906,,,,1.2247249301179948,,,,1.2154016962213388,,,21.62488026542406,-1.7840403403387235,,1.5443765130209381,,2.662580244629795,,26.72320931443974,,0.5621540045288006,5.833557701296342,-4.692968670301257,0.5958121750620329,0.2437455354794845,,28.1792167857984,,0.6880617625335084,,18.02173485859675,,2026-04,1.7,2026-04-14T01:30:00+00:00,2026-05-11T01:30:00+00:00,e7df7a1c02d15c8ad8c50037a062e6c695b941c174bd2f97c8d415ef6ebc60ac
,,-0.7803703174529071,,0.2567729901425576,,,,-0.12052861861163987,,-3.5889019120945873,3.412076688610895,,-20.457611024510037,,1.5506380136574236,5.284834962625705,,,,8.05592444578819,-5.855914176409184,,-3.9220713153281266,,,1.4801314153747729,,2.1085597944887238,,,,,-40.54438140694298,-1.0861118603517514,-14.70049610272008,,-3.80742805659197,,,2.8750321650616115,-0.38592893380693133,1.2919471372792999,,-5.367093351734277,0.22615916160566218,-0.7315722239149194,0.3871143638515632,-0.3692985784633159,,-4.90427396950419,,-2.673817715211992,,,,0.19745115013112424,-10.281707767441148,,-3.668401498761822,,,-18.339111551643338,0.47354309072995965,5.348868495098622,,13.818645276846103,,-0.6467788038108435,,,,7.469260378285912,,,,4.948110655103447,,,-5.279446838126059,0.36367038571161436,,3.518021440703106,,4.444200795893468,,5.971923470162228,,-0.014818107754753285,3.4401426717332315,5.8983742732755156,4.255044708149491,5.848410758237283,,-2.687481266301562,,0.062316945993738895,,21.97478283933215,,2026-05,0.5,2026-05-14T01:30:00+00:00,2026-06-10T01:30:00+00:00,d8efae4e0ef6f235f78b269bfc7c725cbbcdbe47bbb940fb4213f7bfbcf5f8ed
,,-0.7594239005567746,,-0.3145446817576689,,,,-1.1653982216806966,,-2.1190400317689955,-1.645947871232294,,-1.4559419671570621,,-1.0840520580780877,-0.5454047818491161,,,,4.513830375066099,-3.6628520234696245,,-1.4388737452099556,,,5.586618567165468,,2.5760891014388454,,,,,-11.413647283124464,-0.5545560419327668,-2.3003412272533126,,-4.972077530541434,,,3.4813133733065245,-3.17295086923274,3.0715584873627155,,-4.1967105657536035,-2.0540851523873918,-2.787026474746223,-1.557530952666737,-11.166993108182185,,-6.75219877314487,,-4.062314370250873,,,,-1.1203020458222384,-11.649282947240138,,0.346087636348665,,,0.5955057050609711,-1.2186679320714622,-1.0471299867295365,,-8.690986978101254,,12.22037400727671,,,,-2.0451797042391058,,,,-2.0155426273072385,,,-9.826021574623645,-0.2094112615486349,,9.4782083829471,,2.027566950859198,,-16.081535157299104,,0.15301466496450541,13.145193736931486,2.279996434248877,-2.3158352355374605,0.05301838282764939,,1.3711274387455337,,-0.17208917965468448,,-2.0031474136689833,,2026-06,-0.3,2026-06-14T01:30:00+00:00,2026-07-09T01:30:00+00:00,064777e12a0d47bcedb90fe3e27da95e2b3093f71fa206a7e0e6abfd82784b65
,,-0.14091761362844604,,-1.572586916629122,,,,-0.12208948930858413,,-1.5312589322701957,-2.7757224412996178,,-5.159811167539557,,-2.349197688229584,-1.8809688798758863,,,,-5.257781607990724,-6.299980124711333,,-4.445176257083381,,,7.6409006239472745,,-1.2273932499672535,,,,,7.714401501910592,-5.855487048250296,-7.7736575916613235,,-12.519352896148567,,,10.256684966039982,-2.176832836204093,-19.14417170815837,,2.4659836423127195,-2.727087580838379,-1.5994480523405792,-1.7570950970265338,-8.929777912494973,,-18.695758507093032,,0.2981657755040901,,,,0.8262271029930702,-18.03305540982453,,-1.742541671385917,,,1.063054452230674,0.8526947376625448,13.747099062860288,,1.774246608765352,,9.752215142073933,,,,-0.4665026115576656,,,,-2.4741371203479314,,,-4.147104284069941,-0.8513851523285373,,12.192486774619983,,4.848190636331135,,-9.094389612229778,,-0.23208167837399982,8.360749554493589,-2.1340678160769286,-3.067629190199894,-4.9744133127500225,,-21.213993011977635,,-0.3600994163541816,,-8.574877460165046,,2026-07,-0.7,2026-07-14T01:30:00+00:00,2026-08-09T01:30:00+00:00,cd8c0e2208488c66e4570b30b5d8312f5c7f51ccfe609a5a700da09fe2216245
,,-0.22669744255550459,,-2.0373926859073266,,,,-2.2234902251887614,,-1.1434919044326264,-2.0379606448802,,10.156480268292798,,-0.7086333840039936,-0.41162390267576515,,,,2.88371312149177,6.188799349896247,,-4.652001563489281,,,-0.12133092159966341,,3.6926840192991506,,,,,-0.929031206240942,4.355849293647725,10.565992253925238,,10.82927141880791,,,-5.935167938241881,0.38625806184160116,9.304654774971986,,4.934204056312988,-2.3173230311633595,-1.9344885921903057,-3.1907548101261347,6.610156030987219,,13.263137024814611,,-0.9100007176309319,,,,0.3747381782133784,7.067770945619473,,-3.6599152448329684,,,0.5711372338611367,0.34399758724434804,-4.695698308777098,,-8.784231006981802,,9.887054387072169,,,,1.2721582040748418,,,,-1.843384257340583,,,3.8935671718543134,-2.56024564632827,,-6.716945619062568,,-0.45514457992031027,,-3.11035383205432,,-0.5676551812067218,-0.8713174369016409,4.405758456299331,-2.680313787452286,-0.4466573515502719,,2.2845082606624385,,-0.09273532250990263,,-2.7315540404848853,,2026-08,0.4,2026-08-14T01:30:00+00:00,2026-09-09T01:30:00+00:00,e9a4d04ab16b9e765729e58581e1775459c51f8bcddb3684856aef3868e39be1
